game_id,date,name,short_name,home_name,home_id,home_score,away_name,away_id,away_score,status,venue_full_name,season,is_postseason,month,day,year
456880,2016-09-09 18:30:00+00:00,Bayern Munich at Schalke 04,MUN @ S04,Schalke 04,133,0,Bayern Munich,132,2,STATUS_FULL_TIME,VELTINS-Arena,2016-2017,0,9,9,2016
456885,2016-09-10 13:30:00+00:00,Hamburg SV at Bayer Leverkusen,HSV @ B04,Bayer Leverkusen,131,3,Hamburg SV,127,1,STATUS_FULL_TIME,BayArena,2016-2017,0,9,10,2016
456886,2016-09-10 13:30:00+00:00,Hertha Berlin at FC Ingolstadt 04,BSC @ ING,FC Ingolstadt 04,6367,0,Hertha Berlin,129,2,STATUS_FULL_TIME,Audi Sportpark,2016-2017,0,9,10,2016
456882,2016-09-10 13:30:00+00:00,Borussia Mönchengladbach at SC Freiburg,BMG @ SCF,SC Freiburg,126,3,Borussia Mönchengladbach,268,1,STATUS_FULL_TIME,Dreisamstadion,2016-2017,0,9,10,2016
456883,2016-09-10 13:30:00+00:00,Eintracht Frankfurt at SV Darmstadt 98,SGE @ SVD,SV Darmstadt 98,3812,1,Eintracht Frankfurt,125,0,STATUS_FULL_TIME,Merck-Stadion am Böllenfalltor,2016-2017,0,9,10,2016
456878,2016-09-10 13:30:00+00:00,FC Cologne at VfL Wolfsburg,KOE @ WOB,VfL Wolfsburg,138,0,FC Cologne,122,0,STATUS_FULL_TIME,Volkswagen Arena,2016-2017,0,9,10,2016
456881,2016-09-10 16:30:00+00:00,Borussia Dortmund at RB Leipzig,DOR @ RBL,RB Leipzig,11420,1,Borussia Dortmund,124,0,STATUS_FULL_TIME,Red Bull Arena,2016-2017,0,9,10,2016
456884,2016-09-11 13:30:00+00:00,FC Augsburg at Werder Bremen,FCA @ SVW,Werder Bremen,137,1,FC Augsburg,3841,2,STATUS_FULL_TIME,Weserstadion,2016-2017,0,9,11,2016
456879,2016-09-11 15:30:00+00:00,TSG Hoffenheim at Mainz,TSG @ M05,Mainz,2950,4,TSG Hoffenheim,7911,4,STATUS_FULL_TIME,MEWA ARENA,2016-2017,0,9,11,2016
456874,2016-09-16 18:30:00+00:00,SC Freiburg at FC Cologne,SCF @ KOE,FC Cologne,122,3,SC Freiburg,126,0,STATUS_FULL_TIME,RheinEnergieStadion,2016-2017,0,9,16,2016
456870,2016-09-17 13:30:00+00:00,Bayer Leverkusen at Eintracht Frankfurt,B04 @ SGE,Eintracht Frankfurt,125,2,Bayer Leverkusen,131,1,STATUS_FULL_TIME,Deutsche Bank Park,2016-2017,0,9,17,2016
456871,2016-09-17 13:30:00+00:00,FC Ingolstadt 04 at Bayern Munich,ING @ MUN,Bayern Munich,132,3,FC Ingolstadt 04,6367,1,STATUS_FULL_TIME,Allianz Arena,2016-2017,0,9,17,2016
456873,2016-09-17 13:30:00+00:00,RB Leipzig at Hamburg SV,RBL @ HSV,Hamburg SV,127,0,RB Leipzig,11420,4,STATUS_FULL_TIME,Volksparkstadion,2016-2017,0,9,17,2016
456876,2016-09-17 13:30:00+00:00,VfL Wolfsburg at TSG Hoffenheim,WOB @ TSG,TSG Hoffenheim,7911,0,VfL Wolfsburg,138,0,STATUS_FULL_TIME,PreZero Arena,2016-2017,0,9,17,2016
456875,2016-09-17 13:30:00+00:00,SV Darmstadt 98 at Borussia Dortmund,SVD @ DOR,Borussia Dortmund,124,6,SV Darmstadt 98,3812,0,STATUS_FULL_TIME,SIGNAL IDUNA PARK,2016-2017,0,9,17,2016
456877,2016-09-17 16:30:00+00:00,Werder Bremen at Borussia Mönchengladbach,SVW @ BMG,Borussia Mönchengladbach,268,4,Werder Bremen,137,1,STATUS_FULL_TIME,BORUSSIA-PARK,2016-2017,0,9,17,2016
456869,2016-09-18 13:30:00+00:00,Mainz at FC Augsburg,M05 @ FCA,FC Augsburg,3841,1,Mainz,2950,3,STATUS_FULL_TIME,WWK Arena,2016-2017,0,9,18,2016
456872,2016-09-18 15:30:00+00:00,Schalke 04 at Hertha Berlin,S04 @ BSC,Hertha Berlin,129,2,Schalke 04,133,0,STATUS_FULL_TIME,Olympiastadion Berlin,2016-2017,0,9,18,2016
456865,2016-09-20 18:00:00+00:00,Eintracht Frankfurt at FC Ingolstadt 04,SGE @ ING,FC Ingolstadt 04,6367,0,Eintracht Frankfurt,125,2,STATUS_FULL_TIME,Audi Sportpark,2016-2017,0,9,20,2016
456867,2016-09-20 18:00:00+00:00,Hamburg SV at SC Freiburg,HSV @ SCF,SC Freiburg,126,1,Hamburg SV,127,0,STATUS_FULL_TIME,Dreisamstadion,2016-2017,0,9,20,2016
456862,2016-09-20 18:00:00+00:00,TSG Hoffenheim at SV Darmstadt 98,TSG @ SVD,SV Darmstadt 98,3812,1,TSG Hoffenheim,7911,1,STATUS_FULL_TIME,Merck-Stadion am Böllenfalltor,2016-2017,0,9,20,2016
456863,2016-09-20 18:00:00+00:00,Borussia Dortmund at VfL Wolfsburg,DOR @ WOB,VfL Wolfsburg,138,1,Borussia Dortmund,124,5,STATUS_FULL_TIME,Volkswagen Arena,2016-2017,0,9,20,2016
456864,2016-09-21 18:00:00+00:00,Borussia Mönchengladbach at RB Leipzig,BMG @ RBL,RB Leipzig,11420,1,Borussia Mönchengladbach,268,1,STATUS_FULL_TIME,Red Bull Arena,2016-2017,0,9,21,2016
456866,2016-09-21 18:00:00+00:00,FC Augsburg at Bayer Leverkusen,FCA @ B04,Bayer Leverkusen,131,0,FC Augsburg,3841,0,STATUS_FULL_TIME,BayArena,2016-2017,0,9,21,2016
456860,2016-09-21 18:00:00+00:00,FC Cologne at Schalke 04,KOE @ S04,Schalke 04,133,1,FC Cologne,122,3,STATUS_FULL_TIME,VELTINS-Arena,2016-2017,0,9,21,2016
456861,2016-09-21 18:00:00+00:00,Mainz at Werder Bremen,M05 @ SVW,Werder Bremen,137,1,Mainz,2950,2,STATUS_FULL_TIME,Weserstadion,2016-2017,0,9,21,2016
456868,2016-09-21 18:00:00+00:00,Hertha Berlin at Bayern Munich,BSC @ MUN,Bayern Munich,132,3,Hertha Berlin,129,0,STATUS_FULL_TIME,Allianz Arena,2016-2017,0,9,21,2016
456857,2016-09-23 18:30:00+00:00,SC Freiburg at Borussia Dortmund,SCF @ DOR,Borussia Dortmund,124,3,SC Freiburg,126,1,STATUS_FULL_TIME,SIGNAL IDUNA PARK,2016-2017,0,9,23,2016
456853,2016-09-24 13:30:00+00:00,FC Ingolstadt 04 at Borussia Mönchengladbach,ING @ BMG,Borussia Mönchengladbach,268,2,FC Ingolstadt 04,6367,0,STATUS_FULL_TIME,BORUSSIA-PARK,2016-2017,0,9,24,2016
456855,2016-09-24 13:30:00+00:00,Hertha Berlin at Eintracht Frankfurt,BSC @ SGE,Eintracht Frankfurt,125,3,Hertha Berlin,129,3,STATUS_FULL_TIME,Deutsche Bank Park,2016-2017,0,9,24,2016
456858,2016-09-24 13:30:00+00:00,SV Darmstadt 98 at FC Augsburg,SVD @ FCA,FC Augsburg,3841,1,SV Darmstadt 98,3812,0,STATUS_FULL_TIME,WWK Arena,2016-2017,0,9,24,2016
456852,2016-09-24 13:30:00+00:00,Bayern Munich at Hamburg SV,MUN @ HSV,Hamburg SV,127,0,Bayern Munich,132,1,STATUS_FULL_TIME,Volksparkstadion,2016-2017,0,9,24,2016
456851,2016-09-24 13:30:00+00:00,Bayer Leverkusen at Mainz,B04 @ M05,Mainz,2950,2,Bayer Leverkusen,131,3,STATUS_FULL_TIME,MEWA ARENA,2016-2017,0,9,24,2016
456859,2016-09-24 16:30:00+00:00,VfL Wolfsburg at Werder Bremen,WOB @ SVW,Werder Bremen,137,2,VfL Wolfsburg,138,1,STATUS_FULL_TIME,Weserstadion,2016-2017,0,9,24,2016
456854,2016-09-25 13:30:00+00:00,Schalke 04 at TSG Hoffenheim,S04 @ TSG,TSG Hoffenheim,7911,2,Schalke 04,133,1,STATUS_FULL_TIME,PreZero Arena,2016-2017,0,9,25,2016
456856,2016-09-25 15:45:00+00:00,RB Leipzig at FC Cologne,RBL @ KOE,FC Cologne,122,1,RB Leipzig,11420,1,STATUS_FULL_TIME,RheinEnergieStadion,2016-2017,0,9,25,2016
456848,2016-09-30 18:30:00+00:00,FC Augsburg at RB Leipzig,FCA @ RBL,RB Leipzig,11420,2,FC Augsburg,3841,1,STATUS_FULL_TIME,Red Bull Arena,2016-2017,0,9,30,2016
456842,2016-10-01 13:30:00+00:00,FC Cologne at Bayern Munich,KOE @ MUN,Bayern Munich,132,1,FC Cologne,122,1,STATUS_FULL_TIME,Allianz Arena,2016-2017,0,10,1,2016
456844,2016-10-01 13:30:00+00:00,TSG Hoffenheim at FC Ingolstadt 04,TSG @ ING,FC Ingolstadt 04,6367,1,TSG Hoffenheim,7911,2,STATUS_FULL_TIME,Audi Sportpark,2016-2017,0,10,1,2016
456849,2016-10-01 13:30:00+00:00,Hamburg SV at Hertha Berlin,HSV @ BSC,Hertha Berlin,129,2,Hamburg SV,127,0,STATUS_FULL_TIME,Olympiastadion Berlin,2016-2017,0,10,1,2016
456847,2016-10-01 13:30:00+00:00,Eintracht Frankfurt at SC Freiburg,SGE @ SCF,SC Freiburg,126,1,Eintracht Frankfurt,125,0,STATUS_FULL_TIME,Dreisamstadion,2016-2017,0,10,1,2016
456850,2016-10-01 13:30:00+00:00,Werder Bremen at SV Darmstadt 98,SVW @ SVD,SV Darmstadt 98,3812,2,Werder Bremen,137,2,STATUS_FULL_TIME,Merck-Stadion am Böllenfalltor,2016-2017,0,10,1,2016
456845,2016-10-01 16:30:00+00:00,Borussia Dortmund at Bayer Leverkusen,DOR @ B04,Bayer Leverkusen,131,2,Borussia Dortmund,124,0,STATUS_FULL_TIME,BayArena,2016-2017,0,10,1,2016
456843,2016-10-02 13:30:00+00:00,Mainz at VfL Wolfsburg,M05 @ WOB,VfL Wolfsburg,138,0,Mainz,2950,0,STATUS_FULL_TIME,Volkswagen Arena,2016-2017,0,10,2,2016
456846,2016-10-02 15:30:00+00:00,Borussia Mönchengladbach at Schalke 04,BMG @ S04,Schalke 04,133,4,Borussia Mönchengladbach,268,0,STATUS_FULL_TIME,VELTINS-Arena,2016-2017,0,10,2,2016
456838,2016-10-14 18:30:00+00:00,Hertha Berlin at Borussia Dortmund,BSC @ DOR,Borussia Dortmund,124,1,Hertha Berlin,129,1,STATUS_FULL_TIME,SIGNAL IDUNA PARK,2016-2017,0,10,14,2016
456836,2016-10-15 13:30:00+00:00,Schalke 04 at FC Augsburg,S04 @ FCA,FC Augsburg,3841,1,Schalke 04,133,1,STATUS_FULL_TIME,WWK Arena,2016-2017,0,10,15,2016
456834,2016-10-15 13:30:00+00:00,Bayern Munich at Eintracht Frankfurt,MUN @ SGE,Eintracht Frankfurt,125,2,Bayern Munich,132,2,STATUS_FULL_TIME,Deutsche Bank Park,2016-2017,0,10,15,2016
456840,2016-10-15 13:30:00+00:00,SC Freiburg at TSG Hoffenheim,SCF @ TSG,TSG Hoffenheim,7911,2,SC Freiburg,126,1,STATUS_FULL_TIME,PreZero Arena,2016-2017,0,10,15,2016
456835,2016-10-15 13:30:00+00:00,FC Ingolstadt 04 at FC Cologne,ING @ KOE,FC Cologne,122,2,FC Ingolstadt 04,6367,1,STATUS_FULL_TIME,RheinEnergieStadion,2016-2017,0,10,15,2016
456837,2016-10-15 13:30:00+00:00,Hamburg SV at Borussia Mönchengladbach,HSV @ BMG,Borussia Mönchengladbach,268,0,Hamburg SV,127,0,STATUS_FULL_TIME,BORUSSIA-PARK,2016-2017,0,10,15,2016
456833,2016-10-15 16:30:00+00:00,Bayer Leverkusen at Werder Bremen,B04 @ SVW,Werder Bremen,137,2,Bayer Leverkusen,131,1,STATUS_FULL_TIME,Weserstadion,2016-2017,0,10,15,2016
456841,2016-10-16 13:30:00+00:00,SV Darmstadt 98 at Mainz,SVD @ M05,Mainz,2950,2,SV Darmstadt 98,3812,1,STATUS_FULL_TIME,MEWA ARENA,2016-2017,0,10,16,2016
456839,2016-10-16 15:30:00+00:00,RB Leipzig at VfL Wolfsburg,RBL @ WOB,VfL Wolfsburg,138,0,RB Leipzig,11420,1,STATUS_FULL_TIME,Volkswagen Arena,2016-2017,0,10,16,2016
456829,2016-10-21 18:30:00+00:00,Eintracht Frankfurt at Hamburg SV,SGE @ HSV,Hamburg SV,127,0,Eintracht Frankfurt,125,3,STATUS_FULL_TIME,Volksparkstadion,2016-2017,0,10,21,2016
456826,2016-10-22 13:30:00+00:00,TSG Hoffenheim at Bayer Leverkusen,TSG @ B04,Bayer Leverkusen,131,0,TSG Hoffenheim,7911,3,STATUS_FULL_TIME,BayArena,2016-2017,0,10,22,2016
456831,2016-10-22 13:30:00+00:00,VfL Wolfsburg at SV Darmstadt 98,WOB @ SVD,SV Darmstadt 98,3812,3,VfL Wolfsburg,138,1,STATUS_FULL_TIME,Merck-Stadion am Böllenfalltor,2016-2017,0,10,22,2016
456827,2016-10-22 13:30:00+00:00,Borussia Dortmund at FC Ingolstadt 04,DOR @ ING,FC Ingolstadt 04,6367,3,Borussia Dortmund,124,3,STATUS_FULL_TIME,Audi Sportpark,2016-2017,0,10,22,2016
456830,2016-10-22 13:30:00+00:00,FC Augsburg at SC Freiburg,FCA @ SCF,SC Freiburg,126,2,FC Augsburg,3841,1,STATUS_FULL_TIME,Dreisamstadion,2016-2017,0,10,22,2016
456824,2016-10-22 13:30:00+00:00,FC Cologne at Hertha Berlin,KOE @ BSC,Hertha Berlin,129,2,FC Cologne,122,1,STATUS_FULL_TIME,Olympiastadion Berlin,2016-2017,0,10,22,2016
456828,2016-10-22 16:30:00+00:00,Borussia Mönchengladbach at Bayern Munich,BMG @ MUN,Bayern Munich,132,2,Borussia Mönchengladbach,268,0,STATUS_FULL_TIME,Allianz Arena,2016-2017,0,10,22,2016
456832,2016-10-23 13:30:00+00:00,Werder Bremen at RB Leipzig,SVW @ RBL,RB Leipzig,11420,3,Werder Bremen,137,1,STATUS_FULL_TIME,Red Bull Arena,2016-2017,0,10,23,2016
456825,2016-10-23 15:30:00+00:00,Mainz at Schalke 04,M05 @ S04,Schalke 04,133,3,Mainz,2950,0,STATUS_FULL_TIME,VELTINS-Arena,2016-2017,0,10,23,2016
456817,2016-10-28 18:30:00+00:00,Eintracht Frankfurt at Borussia Mönchengladbach,SGE @ BMG,Borussia Mönchengladbach,268,0,Eintracht Frankfurt,125,0,STATUS_FULL_TIME,BORUSSIA-PARK,2016-2017,0,10,28,2016
456815,2016-10-29 13:30:00+00:00,Bayer Leverkusen at VfL Wolfsburg,B04 @ WOB,VfL Wolfsburg,138,1,Bayer Leverkusen,131,2,STATUS_FULL_TIME,Volkswagen Arena,2016-2017,0,10,29,2016
456823,2016-10-29 13:30:00+00:00,SC Freiburg at Werder Bremen,SCF @ SVW,Werder Bremen,137,1,SC Freiburg,126,3,STATUS_FULL_TIME,Weserstadion,2016-2017,0,10,29,2016
456816,2016-10-29 13:30:00+00:00,Bayern Munich at FC Augsburg,MUN @ FCA,FC Augsburg,3841,1,Bayern Munich,132,3,STATUS_FULL_TIME,WWK Arena,2016-2017,0,10,29,2016
456818,2016-10-29 13:30:00+00:00,FC Ingolstadt 04 at Mainz,ING @ M05,Mainz,2950,2,FC Ingolstadt 04,6367,0,STATUS_FULL_TIME,MEWA ARENA,2016-2017,0,10,29,2016
456822,2016-10-29 13:30:00+00:00,RB Leipzig at SV Darmstadt 98,RBL @ SVD,SV Darmstadt 98,3812,0,RB Leipzig,11420,2,STATUS_FULL_TIME,Merck-Stadion am Böllenfalltor,2016-2017,0,10,29,2016
456819,2016-10-29 16:30:00+00:00,Schalke 04 at Borussia Dortmund,S04 @ DOR,Borussia Dortmund,124,0,Schalke 04,133,0,STATUS_FULL_TIME,SIGNAL IDUNA PARK,2016-2017,0,10,29,2016
456821,2016-10-30 14:30:00+00:00,Hertha Berlin at TSG Hoffenheim,BSC @ TSG,TSG Hoffenheim,7911,1,Hertha Berlin,129,0,STATUS_FULL_TIME,PreZero Arena,2016-2017,0,10,30,2016
456820,2016-10-30 16:30:00+00:00,Hamburg SV at FC Cologne,HSV @ KOE,FC Cologne,122,3,Hamburg SV,127,0,STATUS_FULL_TIME,RheinEnergieStadion,2016-2017,0,10,30,2016
456810,2016-11-04 19:30:00+00:00,Borussia Mönchengladbach at Hertha Berlin,BMG @ BSC,Hertha Berlin,129,3,Borussia Mönchengladbach,268,0,STATUS_FULL_TIME,Olympiastadion Berlin,2016-2017,0,11,4,2016
456812,2016-11-05 14:30:00+00:00,SV Darmstadt 98 at Bayer Leverkusen,SVD @ B04,Bayer Leverkusen,131,3,SV Darmstadt 98,3812,2,STATUS_FULL_TIME,BayArena,2016-2017,0,11,5,2016
456808,2016-11-05 14:30:00+00:00,TSG Hoffenheim at Bayern Munich,TSG @ MUN,Bayern Munich,132,1,TSG Hoffenheim,7911,1,STATUS_FULL_TIME,Allianz Arena,2016-2017,0,11,5,2016
456811,2016-11-05 14:30:00+00:00,FC Augsburg at FC Ingolstadt 04,FCA @ ING,FC Ingolstadt 04,6367,0,FC Augsburg,3841,2,STATUS_FULL_TIME,Audi Sportpark,2016-2017,0,11,5,2016
456809,2016-11-05 14:30:00+00:00,Borussia Dortmund at Hamburg SV,DOR @ HSV,Hamburg SV,127,2,Borussia Dortmund,124,5,STATUS_FULL_TIME,Volksparkstadion,2016-2017,0,11,5,2016
456813,2016-11-05 14:30:00+00:00,VfL Wolfsburg at SC Freiburg,WOB @ SCF,SC Freiburg,126,0,VfL Wolfsburg,138,3,STATUS_FULL_TIME,Dreisamstadion,2016-2017,0,11,5,2016
456806,2016-11-05 17:30:00+00:00,FC Cologne at Eintracht Frankfurt,KOE @ SGE,Eintracht Frankfurt,125,1,FC Cologne,122,0,STATUS_FULL_TIME,Deutsche Bank Park,2016-2017,0,11,5,2016
456807,2016-11-06 14:30:00+00:00,Mainz at RB Leipzig,M05 @ RBL,RB Leipzig,11420,3,Mainz,2950,1,STATUS_FULL_TIME,Red Bull Arena,2016-2017,0,11,6,2016
456814,2016-11-06 16:30:00+00:00,Werder Bremen at Schalke 04,SVW @ S04,Schalke 04,133,3,Werder Bremen,137,1,STATUS_FULL_TIME,VELTINS-Arena,2016-2017,0,11,6,2016
456804,2016-11-18 19:30:00+00:00,RB Leipzig at Bayer Leverkusen,RBL @ B04,Bayer Leverkusen,131,2,RB Leipzig,11420,3,STATUS_FULL_TIME,BayArena,2016-2017,0,11,18,2016
456797,2016-11-19 14:30:00+00:00,FC Cologne at Borussia Mönchengladbach,KOE @ BMG,Borussia Mönchengladbach,268,1,FC Cologne,122,2,STATUS_FULL_TIME,BORUSSIA-PARK,2016-2017,0,11,19,2016
456803,2016-11-19 14:30:00+00:00,Hertha Berlin at FC Augsburg,BSC @ FCA,FC Augsburg,3841,0,Hertha Berlin,129,0,STATUS_FULL_TIME,WWK Arena,2016-2017,0,11,19,2016
456805,2016-11-19 14:30:00+00:00,SC Freiburg at Mainz,SCF @ M05,Mainz,2950,4,SC Freiburg,126,2,STATUS_FULL_TIME,MEWA ARENA,2016-2017,0,11,19,2016
456800,2016-11-19 14:30:00+00:00,FC Ingolstadt 04 at SV Darmstadt 98,ING @ SVD,SV Darmstadt 98,3812,0,FC Ingolstadt 04,6367,1,STATUS_FULL_TIME,Merck-Stadion am Böllenfalltor,2016-2017,0,11,19,2016
456801,2016-11-19 14:30:00+00:00,Schalke 04 at VfL Wolfsburg,S04 @ WOB,VfL Wolfsburg,138,0,Schalke 04,133,1,STATUS_FULL_TIME,Volkswagen Arena,2016-2017,0,11,19,2016
456798,2016-11-19 17:30:00+00:00,Bayern Munich at Borussia Dortmund,MUN @ DOR,Borussia Dortmund,124,1,Bayern Munich,132,0,STATUS_FULL_TIME,SIGNAL IDUNA PARK,2016-2017,0,11,19,2016
456802,2016-11-20 14:30:00+00:00,Hamburg SV at TSG Hoffenheim,HSV @ TSG,TSG Hoffenheim,7911,2,Hamburg SV,127,2,STATUS_FULL_TIME,PreZero Arena,2016-2017,0,11,20,2016
456799,2016-11-20 16:30:00+00:00,Eintracht Frankfurt at Werder Bremen,SGE @ SVW,Werder Bremen,137,1,Eintracht Frankfurt,125,2,STATUS_FULL_TIME,Weserstadion,2016-2017,0,11,20,2016
456793,2016-11-25 19:30:00+00:00,RB Leipzig at SC Freiburg,RBL @ SCF,SC Freiburg,126,1,RB Leipzig,11420,4,STATUS_FULL_TIME,Dreisamstadion,2016-2017,0,11,25,2016
456789,2016-11-26 14:30:00+00:00,TSG Hoffenheim at Borussia Mönchengladbach,TSG @ BMG,Borussia Mönchengladbach,268,1,TSG Hoffenheim,7911,1,STATUS_FULL_TIME,BORUSSIA-PARK,2016-2017,0,11,26,2016
456796,2016-11-26 14:30:00+00:00,Werder Bremen at Hamburg SV,SVW @ HSV,Hamburg SV,127,2,Werder Bremen,137,2,STATUS_FULL_TIME,Volksparkstadion,2016-2017,0,11,26,2016
456791,2016-11-26 14:30:00+00:00,Borussia Dortmund at Eintracht Frankfurt,DOR @ SGE,Eintracht Frankfurt,125,2,Borussia Dortmund,124,1,STATUS_FULL_TIME,Deutsche Bank Park,2016-2017,0,11,26,2016
456795,2016-11-26 14:30:00+00:00,VfL Wolfsburg at FC Ingolstadt 04,WOB @ ING,FC Ingolstadt 04,6367,1,VfL Wolfsburg,138,1,STATUS_FULL_TIME,Audi Sportpark,2016-2017,0,11,26,2016
456792,2016-11-26 14:30:00+00:00,FC Augsburg at FC Cologne,FCA @ KOE,FC Cologne,122,0,FC Augsburg,3841,0,STATUS_FULL_TIME,RheinEnergieStadion,2016-2017,0,11,26,2016
456790,2016-11-26 17:30:00+00:00,Bayer Leverkusen at Bayern Munich,B04 @ MUN,Bayern Munich,132,2,Bayer Leverkusen,131,1,STATUS_FULL_TIME,Allianz Arena,2016-2017,0,11,26,2016
456794,2016-11-27 14:30:00+00:00,SV Darmstadt 98 at Schalke 04,SVD @ S04,Schalke 04,133,3,SV Darmstadt 98,3812,1,STATUS_FULL_TIME,VELTINS-Arena,2016-2017,0,11,27,2016
456788,2016-11-27 16:30:00+00:00,Mainz at Hertha Berlin,M05 @ BSC,Hertha Berlin,129,2,Mainz,2950,1,STATUS_FULL_TIME,Olympiastadion Berlin,2016-2017,0,11,27,2016
456780,2016-12-02 19:30:00+00:00,Bayern Munich at Mainz,MUN @ M05,Mainz,2950,1,Bayern Munich,132,3,STATUS_FULL_TIME,MEWA ARENA,2016-2017,0,12,2,2016
456787,2016-12-03 14:30:00+00:00,SC Freiburg at Bayer Leverkusen,SCF @ B04,Bayer Leverkusen,131,1,SC Freiburg,126,1,STATUS_FULL_TIME,BayArena,2016-2017,0,12,3,2016
456781,2016-12-03 14:30:00+00:00,Borussia Mönchengladbach at Borussia Dortmund,BMG @ DOR,Borussia Dortmund,124,4,Borussia Mönchengladbach,268,1,STATUS_FULL_TIME,SIGNAL IDUNA PARK,2016-2017,0,12,3,2016
456779,2016-12-03 14:30:00+00:00,FC Cologne at TSG Hoffenheim,KOE @ TSG,TSG Hoffenheim,7911,4,FC Cologne,122,0,STATUS_FULL_TIME,PreZero Arena,2016-2017,0,12,3,2016
456786,2016-12-03 14:30:00+00:00,Hertha Berlin at VfL Wolfsburg,BSC @ WOB,VfL Wolfsburg,138,2,Hertha Berlin,129,3,STATUS_FULL_TIME,Volkswagen Arena,2016-2017,0,12,3,2016
456783,2016-12-03 14:30:00+00:00,FC Ingolstadt 04 at Werder Bremen,ING @ SVW,Werder Bremen,137,2,FC Ingolstadt 04,6367,1,STATUS_FULL_TIME,Weserstadion,2016-2017,0,12,3,2016
456784,2016-12-03 17:30:00+00:00,Schalke 04 at RB Leipzig,S04 @ RBL,RB Leipzig,11420,2,Schalke 04,133,1,STATUS_FULL_TIME,Red Bull Arena,2016-2017,0,12,3,2016
456785,2016-12-04 14:30:00+00:00,Hamburg SV at SV Darmstadt 98,HSV @ SVD,SV Darmstadt 98,3812,0,Hamburg SV,127,2,STATUS_FULL_TIME,Merck-Stadion am Böllenfalltor,2016-2017,0,12,4,2016
456782,2016-12-04 16:30:00+00:00,Eintracht Frankfurt at FC Augsburg,SGE @ FCA,FC Augsburg,3841,1,Eintracht Frankfurt,125,1,STATUS_FULL_TIME,WWK Arena,2016-2017,0,12,4,2016
456771,2016-12-09 19:30:00+00:00,TSG Hoffenheim at Eintracht Frankfurt,TSG @ SGE,Eintracht Frankfurt,125,0,TSG Hoffenheim,7911,0,STATUS_FULL_TIME,Deutsche Bank Park,2016-2017,0,12,9,2016
456777,2016-12-10 14:30:00+00:00,VfL Wolfsburg at Bayern Munich,WOB @ MUN,Bayern Munich,132,5,VfL Wolfsburg,138,0,STATUS_FULL_TIME,Allianz Arena,2016-2017,0,12,10,2016
456773,2016-12-10 14:30:00+00:00,Borussia Dortmund at FC Cologne,DOR @ KOE,FC Cologne,122,1,Borussia Dortmund,124,1,STATUS_FULL_TIME,RheinEnergieStadion,2016-2017,0,12,10,2016
456775,2016-12-10 14:30:00+00:00,RB Leipzig at FC Ingolstadt 04,RBL @ ING,FC Ingolstadt 04,6367,1,RB Leipzig,11420,0,STATUS_FULL_TIME,Audi Sportpark,2016-2017,0,12,10,2016
456774,2016-12-10 14:30:00+00:00,FC Augsburg at Hamburg SV,FCA @ HSV,Hamburg SV,127,1,FC Augsburg,3841,0,STATUS_FULL_TIME,Volksparkstadion,2016-2017,0,12,10,2016
456776,2016-12-10 14:30:00+00:00,SV Darmstadt 98 at SC Freiburg,SVD @ SCF,SC Freiburg,126,1,SV Darmstadt 98,3812,0,STATUS_FULL_TIME,Dreisamstadion,2016-2017,0,12,10,2016
456778,2016-12-10 17:30:00+00:00,Werder Bremen at Hertha Berlin,SVW @ BSC,Hertha Berlin,129,0,Werder Bremen,137,1,STATUS_FULL_TIME,Olympiastadion Berlin,2016-2017,0,12,10,2016
456770,2016-12-11 14:30:00+00:00,Mainz at Borussia Mönchengladbach,M05 @ BMG,Borussia Mönchengladbach,268,1,Mainz,2950,0,STATUS_FULL_TIME,BORUSSIA-PARK,2016-2017,0,12,11,2016
456772,2016-12-11 16:30:00+00:00,Bayer Leverkusen at Schalke 04,B04 @ S04,Schalke 04,133,0,Bayer Leverkusen,131,1,STATUS_FULL_TIME,VELTINS-Arena,2016-2017,0,12,11,2016
456763,2016-12-16 19:30:00+00:00,Borussia Dortmund at TSG Hoffenheim,DOR @ TSG,TSG Hoffenheim,7911,2,Borussia Dortmund,124,2,STATUS_FULL_TIME,PreZero Arena,2016-2017,0,12,16,2016
456764,2016-12-17 14:30:00+00:00,Borussia Mönchengladbach at FC Augsburg,BMG @ FCA,FC Augsburg,3841,1,Borussia Mönchengladbach,268,0,STATUS_FULL_TIME,WWK Arena,2016-2017,0,12,17,2016
456767,2016-12-17 14:30:00+00:00,Hamburg SV at Mainz,HSV @ M05,Mainz,2950,3,Hamburg SV,127,1,STATUS_FULL_TIME,MEWA ARENA,2016-2017,0,12,17,2016
456768,2016-12-17 14:30:00+00:00,Hertha Berlin at RB Leipzig,BSC @ RBL,RB Leipzig,11420,2,Hertha Berlin,129,0,STATUS_FULL_TIME,Red Bull Arena,2016-2017,0,12,17,2016
456769,2016-12-17 14:30:00+00:00,SC Freiburg at Schalke 04,SCF @ S04,Schalke 04,133,1,SC Freiburg,126,1,STATUS_FULL_TIME,VELTINS-Arena,2016-2017,0,12,17,2016
456761,2016-12-17 14:30:00+00:00,FC Cologne at Werder Bremen,KOE @ SVW,Werder Bremen,137,1,FC Cologne,122,1,STATUS_FULL_TIME,Weserstadion,2016-2017,0,12,17,2016
456765,2016-12-17 17:30:00+00:00,Eintracht Frankfurt at VfL Wolfsburg,SGE @ WOB,VfL Wolfsburg,138,1,Eintracht Frankfurt,125,0,STATUS_FULL_TIME,Volkswagen Arena,2016-2017,0,12,17,2016
456762,2016-12-18 14:30:00+00:00,Bayern Munich at SV Darmstadt 98,MUN @ SVD,SV Darmstadt 98,3812,0,Bayern Munich,132,1,STATUS_FULL_TIME,Merck-Stadion am Böllenfalltor,2016-2017,0,12,18,2016
456766,2016-12-18 16:30:00+00:00,FC Ingolstadt 04 at Bayer Leverkusen,ING @ B04,Bayer Leverkusen,131,1,FC Ingolstadt 04,6367,2,STATUS_FULL_TIME,BayArena,2016-2017,0,12,18,2016
456754,2016-12-20 19:00:00+00:00,FC Augsburg at Borussia Dortmund,FCA @ DOR,Borussia Dortmund,124,1,FC Augsburg,3841,1,STATUS_FULL_TIME,SIGNAL IDUNA PARK,2016-2017,0,12,20,2016
456759,2016-12-20 19:00:00+00:00,VfL Wolfsburg at Borussia Mönchengladbach,WOB @ BMG,Borussia Mönchengladbach,268,1,VfL Wolfsburg,138,2,STATUS_FULL_TIME,BORUSSIA-PARK,2016-2017,0,12,20,2016
456752,2016-12-20 19:00:00+00:00,Mainz at Eintracht Frankfurt,M05 @ SGE,Eintracht Frankfurt,125,3,Mainz,2950,0,STATUS_FULL_TIME,Deutsche Bank Park,2016-2017,0,12,20,2016
456755,2016-12-20 19:00:00+00:00,Schalke 04 at Hamburg SV,S04 @ HSV,Hamburg SV,127,2,Schalke 04,133,1,STATUS_FULL_TIME,Volksparkstadion,2016-2017,0,12,20,2016
456756,2016-12-21 19:00:00+00:00,RB Leipzig at Bayern Munich,RBL @ MUN,Bayern Munich,132,3,RB Leipzig,11420,0,STATUS_FULL_TIME,Allianz Arena,2016-2017,0,12,21,2016
456753,2016-12-21 19:00:00+00:00,Bayer Leverkusen at FC Cologne,B04 @ KOE,FC Cologne,122,1,Bayer Leverkusen,131,1,STATUS_FULL_TIME,RheinEnergieStadion,2016-2017,0,12,21,2016
456757,2016-12-21 19:00:00+00:00,SC Freiburg at FC Ingolstadt 04,SCF @ ING,FC Ingolstadt 04,6367,1,SC Freiburg,126,2,STATUS_FULL_TIME,Audi Sportpark,2016-2017,0,12,21,2016
456758,2016-12-21 19:00:00+00:00,SV Darmstadt 98 at Hertha Berlin,SVD @ BSC,Hertha Berlin,129,2,SV Darmstadt 98,3812,0,STATUS_FULL_TIME,Olympiastadion Berlin,2016-2017,0,12,21,2016
456760,2016-12-21 19:00:00+00:00,Werder Bremen at TSG Hoffenheim,SVW @ TSG,TSG Hoffenheim,7911,1,Werder Bremen,137,1,STATUS_FULL_TIME,PreZero Arena,2016-2017,0,12,21,2016
456745,2017-01-20 19:30:00+00:00,Bayern Munich at SC Freiburg,MUN @ SCF,SC Freiburg,126,1,Bayern Munich,132,2,STATUS_FULL_TIME,Dreisamstadion,2016-2017,0,1,20,2017
456750,2017-01-21 14:30:00+00:00,Hamburg SV at VfL Wolfsburg,HSV @ WOB,VfL Wolfsburg,138,1,Hamburg SV,127,0,STATUS_FULL_TIME,Volkswagen Arena,2016-2017,0,1,21,2017
456746,2017-01-21 14:30:00+00:00,Borussia Dortmund at Werder Bremen,DOR @ SVW,Werder Bremen,137,1,Borussia Dortmund,124,2,STATUS_FULL_TIME,Weserstadion,2016-2017,0,1,21,2017
456744,2017-01-21 14:30:00+00:00,TSG Hoffenheim at FC Augsburg,TSG @ FCA,FC Augsburg,3841,0,TSG Hoffenheim,7911,2,STATUS_FULL_TIME,WWK Arena,2016-2017,0,1,21,2017
456749,2017-01-21 14:30:00+00:00,FC Ingolstadt 04 at Schalke 04,ING @ S04,Schalke 04,133,1,FC Ingolstadt 04,6367,0,STATUS_FULL_TIME,VELTINS-Arena,2016-2017,0,1,21,2017
456747,2017-01-21 14:30:00+00:00,Borussia Mönchengladbach at SV Darmstadt 98,BMG @ SVD,SV Darmstadt 98,3812,0,Borussia Mönchengladbach,268,0,STATUS_FULL_TIME,Merck-Stadion am Böllenfalltor,2016-2017,0,1,21,2017
456748,2017-01-21 17:30:00+00:00,Eintracht Frankfurt at RB Leipzig,SGE @ RBL,RB Leipzig,11420,3,Eintracht Frankfurt,125,0,STATUS_FULL_TIME,Red Bull Arena,2016-2017,0,1,21,2017
456751,2017-01-22 14:30:00+00:00,Hertha Berlin at Bayer Leverkusen,BSC @ B04,Bayer Leverkusen,131,3,Hertha Berlin,129,1,STATUS_FULL_TIME,BayArena,2016-2017,0,1,22,2017
456743,2017-01-22 16:30:00+00:00,FC Cologne at Mainz,KOE @ M05,Mainz,2950,0,FC Cologne,122,0,STATUS_FULL_TIME,MEWA ARENA,2016-2017,0,1,22,2017
456739,2017-01-27 19:30:00+00:00,Eintracht Frankfurt at Schalke 04,SGE @ S04,Schalke 04,133,0,Eintracht Frankfurt,125,1,STATUS_FULL_TIME,VELTINS-Arena,2016-2017,0,1,27,2017
456741,2017-01-28 14:30:00+00:00,Hamburg SV at FC Ingolstadt 04,HSV @ ING,FC Ingolstadt 04,6367,3,Hamburg SV,127,1,STATUS_FULL_TIME,Audi Sportpark,2016-2017,0,1,28,2017
456735,2017-01-28 14:30:00+00:00,TSG Hoffenheim at RB Leipzig,TSG @ RBL,RB Leipzig,11420,2,TSG Hoffenheim,7911,1,STATUS_FULL_TIME,Red Bull Arena,2016-2017,0,1,28,2017
456734,2017-01-28 14:30:00+00:00,FC Cologne at SV Darmstadt 98,KOE @ SVD,SV Darmstadt 98,3812,1,FC Cologne,122,6,STATUS_FULL_TIME,Merck-Stadion am Böllenfalltor,2016-2017,0,1,28,2017
456740,2017-01-28 14:30:00+00:00,FC Augsburg at VfL Wolfsburg,FCA @ WOB,VfL Wolfsburg,138,1,FC Augsburg,3841,2,STATUS_FULL_TIME,Volkswagen Arena,2016-2017,0,1,28,2017
456736,2017-01-28 14:30:00+00:00,Bayern Munich at Werder Bremen,MUN @ SVW,Werder Bremen,137,1,Bayern Munich,132,2,STATUS_FULL_TIME,Weserstadion,2016-2017,0,1,28,2017
456738,2017-01-28 17:30:00+00:00,Borussia Mönchengladbach at Bayer Leverkusen,BMG @ B04,Bayer Leverkusen,131,2,Borussia Mönchengladbach,268,3,STATUS_FULL_TIME,BayArena,2016-2017,0,1,28,2017
456742,2017-01-29 14:30:00+00:00,Hertha Berlin at SC Freiburg,BSC @ SCF,SC Freiburg,126,2,Hertha Berlin,129,1,STATUS_FULL_TIME,Dreisamstadion,2016-2017,0,1,29,2017
456737,2017-01-29 16:30:00+00:00,Borussia Dortmund at Mainz,DOR @ M05,Mainz,2950,1,Borussia Dortmund,124,1,STATUS_FULL_TIME,MEWA ARENA,2016-2017,0,1,29,2017
456726,2017-02-03 19:30:00+00:00,Bayer Leverkusen at Hamburg SV,B04 @ HSV,Hamburg SV,127,1,Bayer Leverkusen,131,0,STATUS_FULL_TIME,Volksparkstadion,2016-2017,0,2,3,2017
456728,2017-02-04 14:30:00+00:00,Schalke 04 at Bayern Munich,S04 @ MUN,Bayern Munich,132,1,Schalke 04,133,1,STATUS_FULL_TIME,Allianz Arena,2016-2017,0,2,4,2017
456730,2017-02-04 14:30:00+00:00,SC Freiburg at Borussia Mönchengladbach,SCF @ BMG,Borussia Mönchengladbach,268,3,SC Freiburg,126,0,STATUS_FULL_TIME,BORUSSIA-PARK,2016-2017,0,2,4,2017
456732,2017-02-04 14:30:00+00:00,VfL Wolfsburg at FC Cologne,WOB @ KOE,FC Cologne,122,1,VfL Wolfsburg,138,0,STATUS_FULL_TIME,RheinEnergieStadion,2016-2017,0,2,4,2017
456727,2017-02-04 14:30:00+00:00,FC Ingolstadt 04 at Hertha Berlin,ING @ BSC,Hertha Berlin,129,1,FC Ingolstadt 04,6367,0,STATUS_FULL_TIME,Olympiastadion Berlin,2016-2017,0,2,4,2017
456725,2017-02-04 14:30:00+00:00,Mainz at TSG Hoffenheim,M05 @ TSG,TSG Hoffenheim,7911,4,Mainz,2950,0,STATUS_FULL_TIME,PreZero Arena,2016-2017,0,2,4,2017
456729,2017-02-04 17:30:00+00:00,RB Leipzig at Borussia Dortmund,RBL @ DOR,Borussia Dortmund,124,1,RB Leipzig,11420,0,STATUS_FULL_TIME,SIGNAL IDUNA PARK,2016-2017,0,2,4,2017
456733,2017-02-05 14:30:00+00:00,Werder Bremen at FC Augsburg,SVW @ FCA,FC Augsburg,3841,3,Werder Bremen,137,2,STATUS_FULL_TIME,WWK Arena,2016-2017,0,2,5,2017
456731,2017-02-05 16:30:00+00:00,SV Darmstadt 98 at Eintracht Frankfurt,SVD @ SGE,Eintracht Frankfurt,125,2,SV Darmstadt 98,3812,0,STATUS_FULL_TIME,Deutsche Bank Park,2016-2017,0,2,5,2017
456722,2017-02-10 19:30:00+00:00,FC Augsburg at Mainz,FCA @ M05,Mainz,2950,2,FC Augsburg,3841,0,STATUS_FULL_TIME,MEWA ARENA,2016-2017,0,2,10,2017
456721,2017-02-11 14:30:00+00:00,Eintracht Frankfurt at Bayer Leverkusen,SGE @ B04,Bayer Leverkusen,131,3,Eintracht Frankfurt,125,0,STATUS_FULL_TIME,BayArena,2016-2017,0,2,11,2017
456720,2017-02-11 14:30:00+00:00,Borussia Mönchengladbach at Werder Bremen,BMG @ SVW,Werder Bremen,137,0,Borussia Mönchengladbach,268,1,STATUS_FULL_TIME,Weserstadion,2016-2017,0,2,11,2017
456718,2017-02-11 14:30:00+00:00,Bayern Munich at FC Ingolstadt 04,MUN @ ING,FC Ingolstadt 04,6367,0,Bayern Munich,132,2,STATUS_FULL_TIME,Audi Sportpark,2016-2017,0,2,11,2017
456719,2017-02-11 14:30:00+00:00,Borussia Dortmund at SV Darmstadt 98,DOR @ SVD,SV Darmstadt 98,3812,2,Borussia Dortmund,124,1,STATUS_FULL_TIME,Merck-Stadion am Böllenfalltor,2016-2017,0,2,11,2017
456723,2017-02-11 14:30:00+00:00,Hamburg SV at RB Leipzig,HSV @ RBL,RB Leipzig,11420,0,Hamburg SV,127,3,STATUS_FULL_TIME,Red Bull Arena,2016-2017,0,2,11,2017
456724,2017-02-11 17:30:00+00:00,Hertha Berlin at Schalke 04,BSC @ S04,Schalke 04,133,2,Hertha Berlin,129,0,STATUS_FULL_TIME,VELTINS-Arena,2016-2017,0,2,11,2017
456717,2017-02-12 14:30:00+00:00,TSG Hoffenheim at VfL Wolfsburg,TSG @ WOB,VfL Wolfsburg,138,2,TSG Hoffenheim,7911,1,STATUS_FULL_TIME,Volkswagen Arena,2016-2017,0,2,12,2017
456716,2017-02-12 16:30:00+00:00,FC Cologne at SC Freiburg,KOE @ SCF,SC Freiburg,126,2,FC Cologne,122,1,STATUS_FULL_TIME,Dreisamstadion,2016-2017,0,2,12,2017
456707,2017-02-17 19:30:00+00:00,Bayer Leverkusen at FC Augsburg,B04 @ FCA,FC Augsburg,3841,1,Bayer Leverkusen,131,3,STATUS_FULL_TIME,WWK Arena,2016-2017,0,2,17,2017
456714,2017-02-18 14:30:00+00:00,VfL Wolfsburg at Borussia Dortmund,WOB @ DOR,Borussia Dortmund,124,3,VfL Wolfsburg,138,0,STATUS_FULL_TIME,SIGNAL IDUNA PARK,2016-2017,0,2,18,2017
456709,2017-02-18 14:30:00+00:00,FC Ingolstadt 04 at Eintracht Frankfurt,ING @ SGE,Eintracht Frankfurt,125,0,FC Ingolstadt 04,6367,2,STATUS_FULL_TIME,Deutsche Bank Park,2016-2017,0,2,18,2017
456708,2017-02-18 14:30:00+00:00,Bayern Munich at Hertha Berlin,MUN @ BSC,Hertha Berlin,129,1,Bayern Munich,132,1,STATUS_FULL_TIME,Olympiastadion Berlin,2016-2017,0,2,18,2017
456715,2017-02-18 14:30:00+00:00,Werder Bremen at Mainz,SVW @ M05,Mainz,2950,0,Werder Bremen,137,2,STATUS_FULL_TIME,MEWA ARENA,2016-2017,0,2,18,2017
456713,2017-02-18 14:30:00+00:00,SV Darmstadt 98 at TSG Hoffenheim,SVD @ TSG,TSG Hoffenheim,7911,2,SV Darmstadt 98,3812,0,STATUS_FULL_TIME,PreZero Arena,2016-2017,0,2,18,2017
456712,2017-02-18 17:30:00+00:00,SC Freiburg at Hamburg SV,SCF @ HSV,Hamburg SV,127,2,SC Freiburg,126,2,STATUS_FULL_TIME,Volksparkstadion,2016-2017,0,2,18,2017
456711,2017-02-19 14:30:00+00:00,RB Leipzig at Borussia Mönchengladbach,RBL @ BMG,Borussia Mönchengladbach,268,1,RB Leipzig,11420,2,STATUS_FULL_TIME,BORUSSIA-PARK,2016-2017,0,2,19,2017
456710,2017-02-19 16:30:00+00:00,Schalke 04 at FC Cologne,S04 @ KOE,FC Cologne,122,1,Schalke 04,133,1,STATUS_FULL_TIME,RheinEnergieStadion,2016-2017,0,2,19,2017
456706,2017-02-24 19:30:00+00:00,Werder Bremen at VfL Wolfsburg,SVW @ WOB,VfL Wolfsburg,138,1,Werder Bremen,137,2,STATUS_FULL_TIME,Volkswagen Arena,2016-2017,0,2,24,2017
456699,2017-02-25 14:30:00+00:00,Mainz at Bayer Leverkusen,M05 @ B04,Bayer Leverkusen,131,0,Mainz,2950,2,STATUS_FULL_TIME,BayArena,2016-2017,0,2,25,2017
456705,2017-02-25 14:30:00+00:00,Hamburg SV at Bayern Munich,HSV @ MUN,Bayern Munich,132,8,Hamburg SV,127,0,STATUS_FULL_TIME,Allianz Arena,2016-2017,0,2,25,2017
456698,2017-02-25 14:30:00+00:00,FC Cologne at RB Leipzig,KOE @ RBL,RB Leipzig,11420,3,FC Cologne,122,1,STATUS_FULL_TIME,Red Bull Arena,2016-2017,0,2,25,2017
456701,2017-02-25 14:30:00+00:00,Borussia Dortmund at SC Freiburg,DOR @ SCF,SC Freiburg,126,0,Borussia Dortmund,124,3,STATUS_FULL_TIME,Dreisamstadion,2016-2017,0,2,25,2017
456704,2017-02-25 14:30:00+00:00,FC Augsburg at SV Darmstadt 98,FCA @ SVD,SV Darmstadt 98,3812,1,FC Augsburg,3841,2,STATUS_FULL_TIME,Merck-Stadion am Böllenfalltor,2016-2017,0,2,25,2017
456703,2017-02-25 17:30:00+00:00,Eintracht Frankfurt at Hertha Berlin,SGE @ BSC,Hertha Berlin,129,2,Eintracht Frankfurt,125,0,STATUS_FULL_TIME,Olympiastadion Berlin,2016-2017,0,2,25,2017
456702,2017-02-26 14:30:00+00:00,Borussia Mönchengladbach at FC Ingolstadt 04,BMG @ ING,FC Ingolstadt 04,6367,0,Borussia Mönchengladbach,268,2,STATUS_FULL_TIME,Audi Sportpark,2016-2017,0,2,26,2017
456700,2017-02-26 16:30:00+00:00,TSG Hoffenheim at Schalke 04,TSG @ S04,Schalke 04,133,1,TSG Hoffenheim,7911,1,STATUS_FULL_TIME,VELTINS-Arena,2016-2017,0,2,26,2017
456694,2017-03-03 19:30:00+00:00,RB Leipzig at FC Augsburg,RBL @ FCA,FC Augsburg,3841,2,RB Leipzig,11420,2,STATUS_FULL_TIME,WWK Arena,2016-2017,0,3,3,2017
456697,2017-03-04 14:30:00+00:00,VfL Wolfsburg at Mainz,WOB @ M05,Mainz,2950,1,VfL Wolfsburg,138,1,STATUS_FULL_TIME,MEWA ARENA,2016-2017,0,3,4,2017
456690,2017-03-04 14:30:00+00:00,Bayern Munich at FC Cologne,MUN @ KOE,FC Cologne,122,0,Bayern Munich,132,3,STATUS_FULL_TIME,RheinEnergieStadion,2016-2017,0,3,4,2017
456696,2017-03-04 14:30:00+00:00,SV Darmstadt 98 at Werder Bremen,SVD @ SVW,Werder Bremen,137,2,SV Darmstadt 98,3812,0,STATUS_FULL_TIME,Weserstadion,2016-2017,0,3,4,2017
456691,2017-03-04 14:30:00+00:00,FC Ingolstadt 04 at TSG Hoffenheim,ING @ TSG,TSG Hoffenheim,7911,5,FC Ingolstadt 04,6367,2,STATUS_FULL_TIME,PreZero Arena,2016-2017,0,3,4,2017
456689,2017-03-04 14:30:00+00:00,Bayer Leverkusen at Borussia Dortmund,B04 @ DOR,Borussia Dortmund,124,6,Bayer Leverkusen,131,2,STATUS_FULL_TIME,SIGNAL IDUNA PARK,2016-2017,0,3,4,2017
456692,2017-03-04 17:30:00+00:00,Schalke 04 at Borussia Mönchengladbach,S04 @ BMG,Borussia Mönchengladbach,268,4,Schalke 04,133,2,STATUS_FULL_TIME,BORUSSIA-PARK,2016-2017,0,3,4,2017
456695,2017-03-05 14:30:00+00:00,SC Freiburg at Eintracht Frankfurt,SCF @ SGE,Eintracht Frankfurt,125,1,SC Freiburg,126,2,STATUS_FULL_TIME,Deutsche Bank Park,2016-2017,0,3,5,2017
456693,2017-03-05 16:30:00+00:00,Hertha Berlin at Hamburg SV,BSC @ HSV,Hamburg SV,127,1,Hertha Berlin,129,0,STATUS_FULL_TIME,Volksparkstadion,2016-2017,0,3,5,2017
456688,2017-03-10 19:30:00+00:00,Werder Bremen at Bayer Leverkusen,SVW @ B04,Bayer Leverkusen,131,1,Werder Bremen,137,1,STATUS_FULL_TIME,BayArena,2016-2017,0,3,10,2017
456685,2017-03-11 14:30:00+00:00,Eintracht Frankfurt at Bayern Munich,SGE @ MUN,Bayern Munich,132,3,Eintracht Frankfurt,125,0,STATUS_FULL_TIME,Allianz Arena,2016-2017,0,3,11,2017
456681,2017-03-11 14:30:00+00:00,Mainz at SV Darmstadt 98,M05 @ SVD,SV Darmstadt 98,3812,2,Mainz,2950,1,STATUS_FULL_TIME,Merck-Stadion am Böllenfalltor,2016-2017,0,3,11,2017
456683,2017-03-11 14:30:00+00:00,Borussia Dortmund at Hertha Berlin,DOR @ BSC,Hertha Berlin,129,2,Borussia Dortmund,124,1,STATUS_FULL_TIME,Olympiastadion Berlin,2016-2017,0,3,11,2017
456682,2017-03-11 14:30:00+00:00,TSG Hoffenheim at SC Freiburg,TSG @ SCF,SC Freiburg,126,1,TSG Hoffenheim,7911,1,STATUS_FULL_TIME,Dreisamstadion,2016-2017,0,3,11,2017
456687,2017-03-11 14:30:00+00:00,VfL Wolfsburg at RB Leipzig,WOB @ RBL,RB Leipzig,11420,0,VfL Wolfsburg,138,1,STATUS_FULL_TIME,Red Bull Arena,2016-2017,0,3,11,2017
456680,2017-03-11 17:30:00+00:00,FC Cologne at FC Ingolstadt 04,KOE @ ING,FC Ingolstadt 04,6367,2,FC Cologne,122,2,STATUS_FULL_TIME,Audi Sportpark,2016-2017,0,3,11,2017
456686,2017-03-12 14:30:00+00:00,FC Augsburg at Schalke 04,FCA @ S04,Schalke 04,133,3,FC Augsburg,3841,0,STATUS_FULL_TIME,VELTINS-Arena,2016-2017,0,3,12,2017
456684,2017-03-12 16:30:00+00:00,Borussia Mönchengladbach at Hamburg SV,BMG @ HSV,Hamburg SV,127,2,Borussia Mönchengladbach,268,1,STATUS_FULL_TIME,Volksparkstadion,2016-2017,0,3,12,2017
456673,2017-03-17 19:30:00+00:00,FC Ingolstadt 04 at Borussia Dortmund,ING @ DOR,Borussia Dortmund,124,1,FC Ingolstadt 04,6367,0,STATUS_FULL_TIME,SIGNAL IDUNA PARK,2016-2017,0,3,17,2017
456679,2017-03-18 14:30:00+00:00,SV Darmstadt 98 at VfL Wolfsburg,SVD @ WOB,VfL Wolfsburg,138,1,SV Darmstadt 98,3812,0,STATUS_FULL_TIME,Volkswagen Arena,2016-2017,0,3,18,2017
456677,2017-03-18 14:30:00+00:00,RB Leipzig at Werder Bremen,RBL @ SVW,Werder Bremen,137,3,RB Leipzig,11420,0,STATUS_FULL_TIME,Weserstadion,2016-2017,0,3,18,2017
456678,2017-03-18 14:30:00+00:00,SC Freiburg at FC Augsburg,SCF @ FCA,FC Augsburg,3841,1,SC Freiburg,126,1,STATUS_FULL_TIME,WWK Arena,2016-2017,0,3,18,2017
456676,2017-03-18 14:30:00+00:00,Hertha Berlin at FC Cologne,BSC @ KOE,FC Cologne,122,4,Hertha Berlin,129,2,STATUS_FULL_TIME,RheinEnergieStadion,2016-2017,0,3,18,2017
456671,2017-03-18 14:30:00+00:00,Bayer Leverkusen at TSG Hoffenheim,B04 @ TSG,TSG Hoffenheim,7911,1,Bayer Leverkusen,131,0,STATUS_FULL_TIME,PreZero Arena,2016-2017,0,3,18,2017
456675,2017-03-18 17:30:00+00:00,Hamburg SV at Eintracht Frankfurt,HSV @ SGE,Eintracht Frankfurt,125,0,Hamburg SV,127,0,STATUS_FULL_TIME,Deutsche Bank Park,2016-2017,0,3,18,2017
456674,2017-03-19 14:30:00+00:00,Schalke 04 at Mainz,S04 @ M05,Mainz,2950,0,Schalke 04,133,1,STATUS_FULL_TIME,MEWA ARENA,2016-2017,0,3,19,2017
456672,2017-03-19 16:30:00+00:00,Bayern Munich at Borussia Mönchengladbach,MUN @ BMG,Borussia Mönchengladbach,268,0,Bayern Munich,132,1,STATUS_FULL_TIME,BORUSSIA-PARK,2016-2017,0,3,19,2017
456664,2017-03-31 18:30:00+00:00,TSG Hoffenheim at Hertha Berlin,TSG @ BSC,Hertha Berlin,129,1,TSG Hoffenheim,7911,3,STATUS_FULL_TIME,Olympiastadion Berlin,2016-2017,0,3,31,2017
456667,2017-04-01 13:30:00+00:00,FC Augsburg at Bayern Munich,FCA @ MUN,Bayern Munich,132,6,FC Augsburg,3841,0,STATUS_FULL_TIME,Allianz Arena,2016-2017,0,4,1,2017
456662,2017-04-01 13:30:00+00:00,FC Cologne at Hamburg SV,KOE @ HSV,Hamburg SV,127,2,FC Cologne,122,1,STATUS_FULL_TIME,Volksparkstadion,2016-2017,0,4,1,2017
456668,2017-04-01 13:30:00+00:00,SV Darmstadt 98 at RB Leipzig,SVD @ RBL,RB Leipzig,11420,4,SV Darmstadt 98,3812,0,STATUS_FULL_TIME,Red Bull Arena,2016-2017,0,4,1,2017
456670,2017-04-01 13:30:00+00:00,Werder Bremen at SC Freiburg,SVW @ SCF,SC Freiburg,126,2,Werder Bremen,137,5,STATUS_FULL_TIME,Dreisamstadion,2016-2017,0,4,1,2017
456665,2017-04-01 13:30:00+00:00,Borussia Dortmund at Schalke 04,DOR @ S04,Schalke 04,133,1,Borussia Dortmund,124,1,STATUS_FULL_TIME,VELTINS-Arena,2016-2017,0,4,1,2017
456666,2017-04-01 16:30:00+00:00,Borussia Mönchengladbach at Eintracht Frankfurt,BMG @ SGE,Eintracht Frankfurt,125,0,Borussia Mönchengladbach,268,0,STATUS_FULL_TIME,Deutsche Bank Park,2016-2017,0,4,1,2017
456663,2017-04-02 13:30:00+00:00,Mainz at FC Ingolstadt 04,M05 @ ING,FC Ingolstadt 04,6367,2,Mainz,2950,1,STATUS_FULL_TIME,Audi Sportpark,2016-2017,0,4,2,2017
456669,2017-04-02 15:30:00+00:00,VfL Wolfsburg at Bayer Leverkusen,WOB @ B04,Bayer Leverkusen,131,3,VfL Wolfsburg,138,3,STATUS_FULL_TIME,BayArena,2016-2017,0,4,2,2017
456655,2017-04-04 18:00:00+00:00,Eintracht Frankfurt at FC Cologne,SGE @ KOE,FC Cologne,122,1,Eintracht Frankfurt,125,0,STATUS_FULL_TIME,RheinEnergieStadion,2016-2017,0,4,4,2017
456658,2017-04-04 18:00:00+00:00,Hamburg SV at Borussia Dortmund,HSV @ DOR,Borussia Dortmund,124,3,Hamburg SV,127,0,STATUS_FULL_TIME,SIGNAL IDUNA PARK,2016-2017,0,4,4,2017
456657,2017-04-04 18:00:00+00:00,Schalke 04 at Werder Bremen,S04 @ SVW,Werder Bremen,137,3,Schalke 04,133,0,STATUS_FULL_TIME,Weserstadion,2016-2017,0,4,4,2017
456654,2017-04-04 18:00:00+00:00,Bayern Munich at TSG Hoffenheim,MUN @ TSG,TSG Hoffenheim,7911,1,Bayern Munich,132,0,STATUS_FULL_TIME,PreZero Arena,2016-2017,0,4,4,2017
456659,2017-04-05 18:00:00+00:00,Hertha Berlin at Borussia Mönchengladbach,BSC @ BMG,Borussia Mönchengladbach,268,1,Hertha Berlin,129,0,STATUS_FULL_TIME,BORUSSIA-PARK,2016-2017,0,4,5,2017
456656,2017-04-05 18:00:00+00:00,FC Ingolstadt 04 at FC Augsburg,ING @ FCA,FC Augsburg,3841,2,FC Ingolstadt 04,6367,3,STATUS_FULL_TIME,WWK Arena,2016-2017,0,4,5,2017
456660,2017-04-05 18:00:00+00:00,RB Leipzig at Mainz,RBL @ M05,Mainz,2950,2,RB Leipzig,11420,3,STATUS_FULL_TIME,MEWA ARENA,2016-2017,0,4,5,2017
456653,2017-04-05 18:00:00+00:00,Bayer Leverkusen at SV Darmstadt 98,B04 @ SVD,SV Darmstadt 98,3812,0,Bayer Leverkusen,131,2,STATUS_FULL_TIME,Merck-Stadion am Böllenfalltor,2016-2017,0,4,5,2017
456661,2017-04-05 18:00:00+00:00,SC Freiburg at VfL Wolfsburg,SCF @ WOB,VfL Wolfsburg,138,0,SC Freiburg,126,1,STATUS_FULL_TIME,Volkswagen Arena,2016-2017,0,4,5,2017
456652,2017-04-07 18:30:00+00:00,Werder Bremen at Eintracht Frankfurt,SVW @ SGE,Eintracht Frankfurt,125,2,Werder Bremen,137,2,STATUS_FULL_TIME,Deutsche Bank Park,2016-2017,0,4,7,2017
456648,2017-04-08 13:30:00+00:00,Borussia Mönchengladbach at FC Cologne,BMG @ KOE,FC Cologne,122,2,Borussia Mönchengladbach,268,3,STATUS_FULL_TIME,RheinEnergieStadion,2016-2017,0,4,8,2017
456645,2017-04-08 13:30:00+00:00,TSG Hoffenheim at Hamburg SV,TSG @ HSV,Hamburg SV,127,2,TSG Hoffenheim,7911,1,STATUS_FULL_TIME,Volksparkstadion,2016-2017,0,4,8,2017
456646,2017-04-08 13:30:00+00:00,Bayer Leverkusen at RB Leipzig,B04 @ RBL,RB Leipzig,11420,1,Bayer Leverkusen,131,0,STATUS_FULL_TIME,Red Bull Arena,2016-2017,0,4,8,2017
456644,2017-04-08 13:30:00+00:00,Mainz at SC Freiburg,M05 @ SCF,SC Freiburg,126,1,Mainz,2950,0,STATUS_FULL_TIME,Dreisamstadion,2016-2017,0,4,8,2017
456651,2017-04-08 13:30:00+00:00,VfL Wolfsburg at Schalke 04,WOB @ S04,Schalke 04,133,4,VfL Wolfsburg,138,1,STATUS_FULL_TIME,VELTINS-Arena,2016-2017,0,4,8,2017
456647,2017-04-08 16:30:00+00:00,Borussia Dortmund at Bayern Munich,DOR @ MUN,Bayern Munich,132,4,Borussia Dortmund,124,1,STATUS_FULL_TIME,Allianz Arena,2016-2017,0,4,8,2017
456649,2017-04-09 13:30:00+00:00,FC Augsburg at Hertha Berlin,FCA @ BSC,Hertha Berlin,129,2,FC Augsburg,3841,0,STATUS_FULL_TIME,Olympiastadion Berlin,2016-2017,0,4,9,2017
456650,2017-04-09 15:30:00+00:00,SV Darmstadt 98 at FC Ingolstadt 04,SVD @ ING,FC Ingolstadt 04,6367,3,SV Darmstadt 98,3812,2,STATUS_FULL_TIME,Audi Sportpark,2016-2017,0,4,9,2017
456638,2017-04-15 13:30:00+00:00,Eintracht Frankfurt at Borussia Dortmund,SGE @ DOR,Borussia Dortmund,124,3,Eintracht Frankfurt,125,1,STATUS_FULL_TIME,SIGNAL IDUNA PARK,2016-2017,0,4,15,2017
456635,2017-04-15 13:30:00+00:00,FC Cologne at FC Augsburg,KOE @ FCA,FC Augsburg,3841,2,FC Cologne,122,1,STATUS_FULL_TIME,WWK Arena,2016-2017,0,4,15,2017
456642,2017-04-15 13:30:00+00:00,Hertha Berlin at Mainz,BSC @ M05,Mainz,2950,1,Hertha Berlin,129,0,STATUS_FULL_TIME,MEWA ARENA,2016-2017,0,4,15,2017
456643,2017-04-15 13:30:00+00:00,SC Freiburg at RB Leipzig,SCF @ RBL,RB Leipzig,11420,4,SC Freiburg,126,0,STATUS_FULL_TIME,Red Bull Arena,2016-2017,0,4,15,2017
456637,2017-04-15 13:30:00+00:00,Borussia Mönchengladbach at TSG Hoffenheim,BMG @ TSG,TSG Hoffenheim,7911,5,Borussia Mönchengladbach,268,3,STATUS_FULL_TIME,PreZero Arena,2016-2017,0,4,15,2017
456639,2017-04-15 13:30:00+00:00,FC Ingolstadt 04 at VfL Wolfsburg,ING @ WOB,VfL Wolfsburg,138,3,FC Ingolstadt 04,6367,0,STATUS_FULL_TIME,Volkswagen Arena,2016-2017,0,4,15,2017
456636,2017-04-15 16:30:00+00:00,Bayern Munich at Bayer Leverkusen,MUN @ B04,Bayer Leverkusen,131,0,Bayern Munich,132,0,STATUS_FULL_TIME,BayArena,2016-2017,0,4,15,2017
456641,2017-04-16 13:30:00+00:00,Hamburg SV at Werder Bremen,HSV @ SVW,Werder Bremen,137,2,Hamburg SV,127,1,STATUS_FULL_TIME,Weserstadion,2016-2017,0,4,16,2017
456640,2017-04-16 15:30:00+00:00,Schalke 04 at SV Darmstadt 98,S04 @ SVD,SV Darmstadt 98,3812,2,Schalke 04,133,1,STATUS_FULL_TIME,Merck-Stadion am Böllenfalltor,2016-2017,0,4,16,2017
456627,2017-04-21 18:30:00+00:00,TSG Hoffenheim at FC Cologne,TSG @ KOE,FC Cologne,122,1,TSG Hoffenheim,7911,1,STATUS_FULL_TIME,RheinEnergieStadion,2016-2017,0,4,21,2017
456626,2017-04-22 13:30:00+00:00,Mainz at Bayern Munich,M05 @ MUN,Bayern Munich,132,2,Mainz,2950,2,STATUS_FULL_TIME,Allianz Arena,2016-2017,0,4,22,2017
456630,2017-04-22 13:30:00+00:00,FC Augsburg at Eintracht Frankfurt,FCA @ SGE,Eintracht Frankfurt,125,3,FC Augsburg,3841,1,STATUS_FULL_TIME,Deutsche Bank Park,2016-2017,0,4,22,2017
456634,2017-04-22 13:30:00+00:00,Werder Bremen at FC Ingolstadt 04,SVW @ ING,FC Ingolstadt 04,6367,2,Werder Bremen,137,4,STATUS_FULL_TIME,Audi Sportpark,2016-2017,0,4,22,2017
456632,2017-04-22 13:30:00+00:00,SV Darmstadt 98 at Hamburg SV,SVD @ HSV,Hamburg SV,127,1,SV Darmstadt 98,3812,2,STATUS_FULL_TIME,Volksparkstadion,2016-2017,0,4,22,2017
456633,2017-04-22 13:30:00+00:00,VfL Wolfsburg at Hertha Berlin,WOB @ BSC,Hertha Berlin,129,1,VfL Wolfsburg,138,0,STATUS_FULL_TIME,Olympiastadion Berlin,2016-2017,0,4,22,2017
456629,2017-04-22 16:30:00+00:00,Borussia Dortmund at Borussia Mönchengladbach,DOR @ BMG,Borussia Mönchengladbach,268,2,Borussia Dortmund,124,3,STATUS_FULL_TIME,BORUSSIA-PARK,2016-2017,0,4,22,2017
456628,2017-04-23 13:30:00+00:00,Bayer Leverkusen at SC Freiburg,B04 @ SCF,SC Freiburg,126,2,Bayer Leverkusen,131,1,STATUS_FULL_TIME,Dreisamstadion,2016-2017,0,4,23,2017
456631,2017-04-23 15:30:00+00:00,RB Leipzig at Schalke 04,RBL @ S04,Schalke 04,133,1,RB Leipzig,11420,1,STATUS_FULL_TIME,VELTINS-Arena,2016-2017,0,4,23,2017
456622,2017-04-28 18:30:00+00:00,Schalke 04 at Bayer Leverkusen,S04 @ B04,Bayer Leverkusen,131,1,Schalke 04,133,4,STATUS_FULL_TIME,BayArena,2016-2017,0,4,28,2017
456617,2017-04-29 13:30:00+00:00,FC Cologne at Borussia Dortmund,KOE @ DOR,Borussia Dortmund,124,0,FC Cologne,122,0,STATUS_FULL_TIME,SIGNAL IDUNA PARK,2016-2017,0,4,29,2017
456619,2017-04-29 13:30:00+00:00,Borussia Mönchengladbach at Mainz,BMG @ M05,Mainz,2950,1,Borussia Mönchengladbach,268,2,STATUS_FULL_TIME,MEWA ARENA,2016-2017,0,4,29,2017
456621,2017-04-29 13:30:00+00:00,FC Ingolstadt 04 at RB Leipzig,ING @ RBL,RB Leipzig,11420,0,FC Ingolstadt 04,6367,0,STATUS_FULL_TIME,Red Bull Arena,2016-2017,0,4,29,2017
456625,2017-04-29 13:30:00+00:00,SC Freiburg at SV Darmstadt 98,SCF @ SVD,SV Darmstadt 98,3812,3,SC Freiburg,126,0,STATUS_FULL_TIME,Merck-Stadion am Böllenfalltor,2016-2017,0,4,29,2017
456624,2017-04-29 13:30:00+00:00,Hertha Berlin at Werder Bremen,BSC @ SVW,Werder Bremen,137,2,Hertha Berlin,129,0,STATUS_FULL_TIME,Weserstadion,2016-2017,0,4,29,2017
456618,2017-04-29 16:30:00+00:00,Bayern Munich at VfL Wolfsburg,MUN @ WOB,VfL Wolfsburg,138,0,Bayern Munich,132,6,STATUS_FULL_TIME,Volkswagen Arena,2016-2017,0,4,29,2017
456623,2017-04-30 13:30:00+00:00,Hamburg SV at FC Augsburg,HSV @ FCA,FC Augsburg,3841,4,Hamburg SV,127,0,STATUS_FULL_TIME,WWK Arena,2016-2017,0,4,30,2017
456620,2017-04-30 15:30:00+00:00,Eintracht Frankfurt at TSG Hoffenheim,SGE @ TSG,TSG Hoffenheim,7911,1,Eintracht Frankfurt,125,0,STATUS_FULL_TIME,PreZero Arena,2016-2017,0,4,30,2017
456616,2017-05-05 18:30:00+00:00,Werder Bremen at FC Cologne,SVW @ KOE,FC Cologne,122,4,Werder Bremen,137,3,STATUS_FULL_TIME,RheinEnergieStadion,2016-2017,0,5,5,2017
456611,2017-05-06 13:30:00+00:00,FC Augsburg at Borussia Mönchengladbach,FCA @ BMG,Borussia Mönchengladbach,268,1,FC Augsburg,3841,1,STATUS_FULL_TIME,BORUSSIA-PARK,2016-2017,0,5,6,2017
456609,2017-05-06 13:30:00+00:00,TSG Hoffenheim at Borussia Dortmund,TSG @ DOR,Borussia Dortmund,124,2,TSG Hoffenheim,7911,1,STATUS_FULL_TIME,SIGNAL IDUNA PARK,2016-2017,0,5,6,2017
456610,2017-05-06 13:30:00+00:00,Bayer Leverkusen at FC Ingolstadt 04,B04 @ ING,FC Ingolstadt 04,6367,1,Bayer Leverkusen,131,1,STATUS_FULL_TIME,Audi Sportpark,2016-2017,0,5,6,2017
456615,2017-05-06 13:30:00+00:00,VfL Wolfsburg at Eintracht Frankfurt,WOB @ SGE,Eintracht Frankfurt,125,0,VfL Wolfsburg,138,2,STATUS_FULL_TIME,Deutsche Bank Park,2016-2017,0,5,6,2017
456614,2017-05-06 13:30:00+00:00,SV Darmstadt 98 at Bayern Munich,SVD @ MUN,Bayern Munich,132,1,SV Darmstadt 98,3812,0,STATUS_FULL_TIME,Allianz Arena,2016-2017,0,5,6,2017
456613,2017-05-06 16:30:00+00:00,RB Leipzig at Hertha Berlin,RBL @ BSC,Hertha Berlin,129,1,RB Leipzig,11420,4,STATUS_FULL_TIME,Olympiastadion Berlin,2016-2017,0,5,6,2017
456608,2017-05-07 13:30:00+00:00,Mainz at Hamburg SV,M05 @ HSV,Hamburg SV,127,0,Mainz,2950,0,STATUS_FULL_TIME,Volksparkstadion,2016-2017,0,5,7,2017
456612,2017-05-07 15:30:00+00:00,Schalke 04 at SC Freiburg,S04 @ SCF,SC Freiburg,126,2,Schalke 04,133,0,STATUS_FULL_TIME,Dreisamstadion,2016-2017,0,5,7,2017
456604,2017-05-13 13:30:00+00:00,Eintracht Frankfurt at Mainz,SGE @ M05,Mainz,2950,4,Eintracht Frankfurt,125,2,STATUS_FULL_TIME,MEWA ARENA,2016-2017,0,5,13,2017
456601,2017-05-13 13:30:00+00:00,Bayern Munich at RB Leipzig,MUN @ RBL,RB Leipzig,11420,4,Bayern Munich,132,5,STATUS_FULL_TIME,Red Bull Arena,2016-2017,0,5,13,2017
456602,2017-05-13 13:30:00+00:00,Borussia Dortmund at FC Augsburg,DOR @ FCA,FC Augsburg,3841,1,Borussia Dortmund,124,1,STATUS_FULL_TIME,WWK Arena,2016-2017,0,5,13,2017
456603,2017-05-13 13:30:00+00:00,Borussia Mönchengladbach at VfL Wolfsburg,BMG @ WOB,VfL Wolfsburg,138,1,Borussia Mönchengladbach,268,1,STATUS_FULL_TIME,Volkswagen Arena,2016-2017,0,5,13,2017
456599,2017-05-13 13:30:00+00:00,FC Cologne at Bayer Leverkusen,KOE @ B04,Bayer Leverkusen,131,2,FC Cologne,122,2,STATUS_FULL_TIME,BayArena,2016-2017,0,5,13,2017
456607,2017-05-13 13:30:00+00:00,Hertha Berlin at SV Darmstadt 98,BSC @ SVD,SV Darmstadt 98,3812,0,Hertha Berlin,129,2,STATUS_FULL_TIME,Merck-Stadion am Böllenfalltor,2016-2017,0,5,13,2017
456600,2017-05-13 13:30:00+00:00,TSG Hoffenheim at Werder Bremen,TSG @ SVW,Werder Bremen,137,3,TSG Hoffenheim,7911,5,STATUS_FULL_TIME,Weserstadion,2016-2017,0,5,13,2017
456606,2017-05-13 13:30:00+00:00,Hamburg SV at Schalke 04,HSV @ S04,Schalke 04,133,1,Hamburg SV,127,1,STATUS_FULL_TIME,VELTINS-Arena,2016-2017,0,5,13,2017
456605,2017-05-13 13:30:00+00:00,FC Ingolstadt 04 at SC Freiburg,ING @ SCF,SC Freiburg,126,1,FC Ingolstadt 04,6367,1,STATUS_FULL_TIME,Dreisamstadion,2016-2017,0,5,13,2017
456595,2017-05-20 13:30:00+00:00,SC Freiburg at Bayern Munich,SCF @ MUN,Bayern Munich,132,4,SC Freiburg,126,1,STATUS_FULL_TIME,Allianz Arena,2016-2017,0,5,20,2017
456598,2017-05-20 13:30:00+00:00,Werder Bremen at Borussia Dortmund,SVW @ DOR,Borussia Dortmund,124,4,Werder Bremen,137,3,STATUS_FULL_TIME,SIGNAL IDUNA PARK,2016-2017,0,5,20,2017
456596,2017-05-20 13:30:00+00:00,SV Darmstadt 98 at Borussia Mönchengladbach,SVD @ BMG,Borussia Mönchengladbach,268,2,SV Darmstadt 98,3812,2,STATUS_FULL_TIME,BORUSSIA-PARK,2016-2017,0,5,20,2017
456592,2017-05-20 13:30:00+00:00,FC Augsburg at TSG Hoffenheim,FCA @ TSG,TSG Hoffenheim,7911,0,FC Augsburg,3841,0,STATUS_FULL_TIME,PreZero Arena,2016-2017,0,5,20,2017
456594,2017-05-20 13:30:00+00:00,RB Leipzig at Eintracht Frankfurt,RBL @ SGE,Eintracht Frankfurt,125,2,RB Leipzig,11420,2,STATUS_FULL_TIME,Deutsche Bank Park,2016-2017,0,5,20,2017
456593,2017-05-20 13:30:00+00:00,Schalke 04 at FC Ingolstadt 04,S04 @ ING,FC Ingolstadt 04,6367,1,Schalke 04,133,1,STATUS_FULL_TIME,Audi Sportpark,2016-2017,0,5,20,2017
456597,2017-05-20 13:30:00+00:00,VfL Wolfsburg at Hamburg SV,WOB @ HSV,Hamburg SV,127,2,VfL Wolfsburg,138,1,STATUS_FULL_TIME,Volksparkstadion,2016-2017,0,5,20,2017
456591,2017-05-20 13:30:00+00:00,Bayer Leverkusen at Hertha Berlin,B04 @ BSC,Hertha Berlin,129,2,Bayer Leverkusen,131,6,STATUS_FULL_TIME,Olympiastadion Berlin,2016-2017,0,5,20,2017
456590,2017-05-20 13:30:00+00:00,Mainz at FC Cologne,M05 @ KOE,FC Cologne,122,2,Mainz,2950,0,STATUS_FULL_TIME,RheinEnergieStadion,2016-2017,0,5,20,2017
487258,2017-08-18 18:30:00+00:00,Bayer Leverkusen at Bayern Munich,B04 @ MUN,Bayern Munich,132,3,Bayer Leverkusen,131,1,STATUS_FULL_TIME,Allianz Arena,2017-2018,0,8,18,2017
487253,2017-08-19 13:30:00+00:00,FC Augsburg at Hamburg SV,FCA @ HSV,Hamburg SV,127,1,FC Augsburg,3841,0,STATUS_FULL_TIME,Volksparkstadion,2017-2018,0,8,19,2017
487256,2017-08-19 13:30:00+00:00,VfB Stuttgart at Hertha Berlin,VFB @ BSC,Hertha Berlin,129,2,VfB Stuttgart,134,0,STATUS_FULL_TIME,Olympiastadion Berlin,2017-2018,0,8,19,2017
487254,2017-08-19 13:30:00+00:00,Hannover 96 at Mainz,H96 @ M05,Mainz,2950,0,Hannover 96,2428,1,STATUS_FULL_TIME,MEWA ARENA,2017-2018,0,8,19,2017
487257,2017-08-19 13:30:00+00:00,Werder Bremen at TSG Hoffenheim,SVW @ TSG,TSG Hoffenheim,7911,1,Werder Bremen,137,0,STATUS_FULL_TIME,PreZero Arena,2017-2018,0,8,19,2017
487251,2017-08-19 13:30:00+00:00,Borussia Dortmund at VfL Wolfsburg,DOR @ WOB,VfL Wolfsburg,138,0,Borussia Dortmund,124,3,STATUS_FULL_TIME,Volkswagen Arena,2017-2018,0,8,19,2017
487255,2017-08-19 16:30:00+00:00,RB Leipzig at Schalke 04,RBL @ S04,Schalke 04,133,2,RB Leipzig,11420,0,STATUS_FULL_TIME,VELTINS-Arena,2017-2018,0,8,19,2017
487252,2017-08-20 13:30:00+00:00,Eintracht Frankfurt at SC Freiburg,SGE @ SCF,SC Freiburg,126,0,Eintracht Frankfurt,125,0,STATUS_FULL_TIME,Dreisamstadion,2017-2018,0,8,20,2017
487250,2017-08-20 16:00:00+00:00,FC Cologne at Borussia Mönchengladbach,KOE @ BMG,Borussia Mönchengladbach,268,1,FC Cologne,122,0,STATUS_FULL_TIME,BORUSSIA-PARK,2017-2018,0,8,20,2017
487246,2017-08-25 18:30:00+00:00,Hamburg SV at FC Cologne,HSV @ KOE,FC Cologne,122,1,Hamburg SV,127,3,STATUS_FULL_TIME,RheinEnergieStadion,2017-2018,0,8,25,2017
487244,2017-08-26 13:30:00+00:00,Borussia Mönchengladbach at FC Augsburg,BMG @ FCA,FC Augsburg,3841,2,Borussia Mönchengladbach,268,2,STATUS_FULL_TIME,WWK Arena,2017-2018,0,8,26,2017
487249,2017-08-26 13:30:00+00:00,VfL Wolfsburg at Eintracht Frankfurt,WOB @ SGE,Eintracht Frankfurt,125,0,VfL Wolfsburg,138,1,STATUS_FULL_TIME,Deutsche Bank Park,2017-2018,0,8,26,2017
487243,2017-08-26 13:30:00+00:00,Bayern Munich at Werder Bremen,MUN @ SVW,Werder Bremen,137,0,Bayern Munich,132,2,STATUS_FULL_TIME,Weserstadion,2017-2018,0,8,26,2017
487241,2017-08-26 13:30:00+00:00,Mainz at VfB Stuttgart,M05 @ VFB,VfB Stuttgart,134,1,Mainz,2950,0,STATUS_FULL_TIME,MHPArena,2017-2018,0,8,26,2017
487242,2017-08-26 13:30:00+00:00,TSG Hoffenheim at Bayer Leverkusen,TSG @ B04,Bayer Leverkusen,131,2,TSG Hoffenheim,7911,2,STATUS_FULL_TIME,BayArena,2017-2018,0,8,26,2017
487247,2017-08-26 16:30:00+00:00,Hertha Berlin at Borussia Dortmund,BSC @ DOR,Borussia Dortmund,124,2,Hertha Berlin,129,0,STATUS_FULL_TIME,SIGNAL IDUNA PARK,2017-2018,0,8,26,2017
487248,2017-08-27 13:30:00+00:00,SC Freiburg at RB Leipzig,SCF @ RBL,RB Leipzig,11420,4,SC Freiburg,126,1,STATUS_FULL_TIME,Red Bull Arena,2017-2018,0,8,27,2017
487245,2017-08-27 16:00:00+00:00,Schalke 04 at Hannover 96,S04 @ H96,Hannover 96,2428,1,Schalke 04,133,0,STATUS_FULL_TIME,Heinz von Heiden-Arena,2017-2018,0,8,27,2017
487238,2017-09-08 18:30:00+00:00,RB Leipzig at Hamburg SV,RBL @ HSV,Hamburg SV,127,0,RB Leipzig,11420,2,STATUS_FULL_TIME,Volksparkstadion,2017-2018,0,9,8,2017
487236,2017-09-09 13:30:00+00:00,Eintracht Frankfurt at Borussia Mönchengladbach,SGE @ BMG,Borussia Mönchengladbach,268,0,Eintracht Frankfurt,125,1,STATUS_FULL_TIME,BORUSSIA-PARK,2017-2018,0,9,9,2017
487237,2017-09-09 13:30:00+00:00,Hannover 96 at VfL Wolfsburg,H96 @ WOB,VfL Wolfsburg,138,1,Hannover 96,2428,1,STATUS_FULL_TIME,Volkswagen Arena,2017-2018,0,9,9,2017
487232,2017-09-09 13:30:00+00:00,FC Cologne at FC Augsburg,KOE @ FCA,FC Augsburg,3841,3,FC Cologne,122,0,STATUS_FULL_TIME,WWK Arena,2017-2018,0,9,9,2017
487235,2017-09-09 13:30:00+00:00,Borussia Dortmund at SC Freiburg,DOR @ SCF,SC Freiburg,126,0,Borussia Dortmund,124,0,STATUS_FULL_TIME,Dreisamstadion,2017-2018,0,9,9,2017
487233,2017-09-09 13:30:00+00:00,Bayer Leverkusen at Mainz,B04 @ M05,Mainz,2950,3,Bayer Leverkusen,131,1,STATUS_FULL_TIME,MEWA ARENA,2017-2018,0,9,9,2017
487234,2017-09-09 16:30:00+00:00,Bayern Munich at TSG Hoffenheim,MUN @ TSG,TSG Hoffenheim,7911,2,Bayern Munich,132,0,STATUS_FULL_TIME,PreZero Arena,2017-2018,0,9,9,2017
487240,2017-09-10 13:30:00+00:00,Werder Bremen at Hertha Berlin,SVW @ BSC,Hertha Berlin,129,1,Werder Bremen,137,1,STATUS_FULL_TIME,Olympiastadion Berlin,2017-2018,0,9,10,2017
487239,2017-09-10 16:00:00+00:00,VfB Stuttgart at Schalke 04,VFB @ S04,Schalke 04,133,3,VfB Stuttgart,134,1,STATUS_FULL_TIME,VELTINS-Arena,2017-2018,0,9,10,2017
487228,2017-09-15 18:30:00+00:00,Hamburg SV at Hannover 96,HSV @ H96,Hannover 96,2428,2,Hamburg SV,127,0,STATUS_FULL_TIME,Heinz von Heiden-Arena,2017-2018,0,9,15,2017
487224,2017-09-16 13:30:00+00:00,Mainz at Bayern Munich,M05 @ MUN,Bayern Munich,132,4,Mainz,2950,0,STATUS_FULL_TIME,Allianz Arena,2017-2018,0,9,16,2017
487226,2017-09-16 13:30:00+00:00,FC Augsburg at Eintracht Frankfurt,FCA @ SGE,Eintracht Frankfurt,125,1,FC Augsburg,3841,2,STATUS_FULL_TIME,Deutsche Bank Park,2017-2018,0,9,16,2017
487231,2017-09-16 13:30:00+00:00,VfL Wolfsburg at VfB Stuttgart,WOB @ VFB,VfB Stuttgart,134,1,VfL Wolfsburg,138,0,STATUS_FULL_TIME,MHPArena,2017-2018,0,9,16,2017
487227,2017-09-16 13:30:00+00:00,Schalke 04 at Werder Bremen,S04 @ SVW,Werder Bremen,137,1,Schalke 04,133,2,STATUS_FULL_TIME,Weserstadion,2017-2018,0,9,16,2017
487225,2017-09-16 16:30:00+00:00,Borussia Mönchengladbach at RB Leipzig,BMG @ RBL,RB Leipzig,11420,2,Borussia Mönchengladbach,268,2,STATUS_FULL_TIME,Red Bull Arena,2017-2018,0,9,16,2017
487229,2017-09-17 11:30:00+00:00,Hertha Berlin at TSG Hoffenheim,BSC @ TSG,TSG Hoffenheim,7911,1,Hertha Berlin,129,1,STATUS_FULL_TIME,PreZero Arena,2017-2018,0,9,17,2017
487230,2017-09-17 13:30:00+00:00,SC Freiburg at Bayer Leverkusen,SCF @ B04,Bayer Leverkusen,131,4,SC Freiburg,126,0,STATUS_FULL_TIME,BayArena,2017-2018,0,9,17,2017
487223,2017-09-17 16:00:00+00:00,FC Cologne at Borussia Dortmund,KOE @ DOR,Borussia Dortmund,124,5,FC Cologne,122,0,STATUS_FULL_TIME,SIGNAL IDUNA PARK,2017-2018,0,9,17,2017
487221,2017-09-19 16:30:00+00:00,VfB Stuttgart at Borussia Mönchengladbach,VFB @ BMG,Borussia Mönchengladbach,268,2,VfB Stuttgart,134,0,STATUS_FULL_TIME,BORUSSIA-PARK,2017-2018,0,9,19,2017
487220,2017-09-19 18:30:00+00:00,RB Leipzig at FC Augsburg,RBL @ FCA,FC Augsburg,3841,1,RB Leipzig,11420,0,STATUS_FULL_TIME,WWK Arena,2017-2018,0,9,19,2017
487216,2017-09-19 18:30:00+00:00,Bayern Munich at Schalke 04,MUN @ S04,Schalke 04,133,0,Bayern Munich,132,3,STATUS_FULL_TIME,VELTINS-Arena,2017-2018,0,9,19,2017
487222,2017-09-19 18:30:00+00:00,Werder Bremen at VfL Wolfsburg,SVW @ WOB,VfL Wolfsburg,138,1,Werder Bremen,137,1,STATUS_FULL_TIME,Volkswagen Arena,2017-2018,0,9,19,2017
487218,2017-09-20 16:30:00+00:00,Eintracht Frankfurt at FC Cologne,SGE @ KOE,FC Cologne,122,0,Eintracht Frankfurt,125,1,STATUS_FULL_TIME,RheinEnergieStadion,2017-2018,0,9,20,2017
487217,2017-09-20 18:30:00+00:00,Borussia Dortmund at Hamburg SV,DOR @ HSV,Hamburg SV,127,0,Borussia Dortmund,124,3,STATUS_FULL_TIME,Volksparkstadion,2017-2018,0,9,20,2017
487215,2017-09-20 18:30:00+00:00,Bayer Leverkusen at Hertha Berlin,B04 @ BSC,Hertha Berlin,129,2,Bayer Leverkusen,131,1,STATUS_FULL_TIME,Olympiastadion Berlin,2017-2018,0,9,20,2017
487214,2017-09-20 18:30:00+00:00,TSG Hoffenheim at Mainz,TSG @ M05,Mainz,2950,2,TSG Hoffenheim,7911,3,STATUS_FULL_TIME,MEWA ARENA,2017-2018,0,9,20,2017
487219,2017-09-20 18:30:00+00:00,Hannover 96 at SC Freiburg,H96 @ SCF,SC Freiburg,126,1,Hannover 96,2428,1,STATUS_FULL_TIME,Dreisamstadion,2017-2018,0,9,20,2017
487213,2017-09-22 18:30:00+00:00,VfL Wolfsburg at Bayern Munich,WOB @ MUN,Bayern Munich,132,2,VfL Wolfsburg,138,2,STATUS_FULL_TIME,Allianz Arena,2017-2018,0,9,22,2017
487209,2017-09-23 13:30:00+00:00,Schalke 04 at TSG Hoffenheim,S04 @ TSG,TSG Hoffenheim,7911,2,Schalke 04,133,0,STATUS_FULL_TIME,PreZero Arena,2017-2018,0,9,23,2017
487211,2017-09-23 13:30:00+00:00,Hertha Berlin at Mainz,BSC @ M05,Mainz,2950,1,Hertha Berlin,129,0,STATUS_FULL_TIME,MEWA ARENA,2017-2018,0,9,23,2017
487208,2017-09-23 13:30:00+00:00,FC Augsburg at VfB Stuttgart,FCA @ VFB,VfB Stuttgart,134,0,FC Augsburg,3841,0,STATUS_FULL_TIME,MHPArena,2017-2018,0,9,23,2017
487212,2017-09-23 13:30:00+00:00,SC Freiburg at Werder Bremen,SCF @ SVW,Werder Bremen,137,0,SC Freiburg,126,0,STATUS_FULL_TIME,Weserstadion,2017-2018,0,9,23,2017
487207,2017-09-23 13:30:00+00:00,Eintracht Frankfurt at RB Leipzig,SGE @ RBL,RB Leipzig,11420,2,Eintracht Frankfurt,125,1,STATUS_FULL_TIME,Red Bull Arena,2017-2018,0,9,23,2017
487206,2017-09-23 16:30:00+00:00,Borussia Mönchengladbach at Borussia Dortmund,BMG @ DOR,Borussia Dortmund,124,6,Borussia Mönchengladbach,268,1,STATUS_FULL_TIME,SIGNAL IDUNA PARK,2017-2018,0,9,23,2017
487205,2017-09-24 13:30:00+00:00,FC Cologne at Hannover 96,KOE @ H96,Hannover 96,2428,0,FC Cologne,122,0,STATUS_FULL_TIME,Heinz von Heiden-Arena,2017-2018,0,9,24,2017
487210,2017-09-24 16:00:00+00:00,Hamburg SV at Bayer Leverkusen,HSV @ B04,Bayer Leverkusen,131,3,Hamburg SV,127,0,STATUS_FULL_TIME,BayArena,2017-2018,0,9,24,2017
487198,2017-09-29 18:30:00+00:00,Bayer Leverkusen at Schalke 04,B04 @ S04,Schalke 04,133,1,Bayer Leverkusen,131,1,STATUS_FULL_TIME,VELTINS-Arena,2017-2018,0,9,29,2017
487203,2017-09-30 13:30:00+00:00,VfB Stuttgart at Eintracht Frankfurt,VFB @ SGE,Eintracht Frankfurt,125,2,VfB Stuttgart,134,1,STATUS_FULL_TIME,Deutsche Bank Park,2017-2018,0,9,30,2017
487200,2017-09-30 13:30:00+00:00,Borussia Dortmund at FC Augsburg,DOR @ FCA,FC Augsburg,3841,1,Borussia Dortmund,124,2,STATUS_FULL_TIME,WWK Arena,2017-2018,0,9,30,2017
487201,2017-09-30 13:30:00+00:00,Hannover 96 at Borussia Mönchengladbach,H96 @ BMG,Borussia Mönchengladbach,268,2,Hannover 96,2428,1,STATUS_FULL_TIME,BORUSSIA-PARK,2017-2018,0,9,30,2017
487196,2017-09-30 13:30:00+00:00,Mainz at VfL Wolfsburg,M05 @ WOB,VfL Wolfsburg,138,1,Mainz,2950,1,STATUS_FULL_TIME,Volkswagen Arena,2017-2018,0,9,30,2017
487204,2017-09-30 16:30:00+00:00,Werder Bremen at Hamburg SV,SVW @ HSV,Hamburg SV,127,0,Werder Bremen,137,0,STATUS_FULL_TIME,Volksparkstadion,2017-2018,0,9,30,2017
487197,2017-10-01 11:30:00+00:00,TSG Hoffenheim at SC Freiburg,TSG @ SCF,SC Freiburg,126,3,TSG Hoffenheim,7911,2,STATUS_FULL_TIME,Dreisamstadion,2017-2018,0,10,1,2017
487199,2017-10-01 13:30:00+00:00,Bayern Munich at Hertha Berlin,MUN @ BSC,Hertha Berlin,129,2,Bayern Munich,132,2,STATUS_FULL_TIME,Olympiastadion Berlin,2017-2018,0,10,1,2017
487202,2017-10-01 16:00:00+00:00,RB Leipzig at FC Cologne,RBL @ KOE,FC Cologne,122,1,RB Leipzig,11420,2,STATUS_FULL_TIME,RheinEnergieStadion,2017-2018,0,10,1,2017
487187,2017-10-13 18:30:00+00:00,FC Cologne at VfB Stuttgart,KOE @ VFB,VfB Stuttgart,134,2,FC Cologne,122,1,STATUS_FULL_TIME,MHPArena,2017-2018,0,10,13,2017
487194,2017-10-14 13:30:00+00:00,SC Freiburg at Bayern Munich,SCF @ MUN,Bayern Munich,132,5,SC Freiburg,126,0,STATUS_FULL_TIME,Allianz Arena,2017-2018,0,10,14,2017
487189,2017-10-14 13:30:00+00:00,Eintracht Frankfurt at Hannover 96,SGE @ H96,Hannover 96,2428,1,Eintracht Frankfurt,125,2,STATUS_FULL_TIME,Heinz von Heiden-Arena,2017-2018,0,10,14,2017
487191,2017-10-14 13:30:00+00:00,Schalke 04 at Hertha Berlin,S04 @ BSC,Hertha Berlin,129,0,Schalke 04,133,2,STATUS_FULL_TIME,Olympiastadion Berlin,2017-2018,0,10,14,2017
487192,2017-10-14 13:30:00+00:00,Hamburg SV at Mainz,HSV @ M05,Mainz,2950,3,Hamburg SV,127,2,STATUS_FULL_TIME,MEWA ARENA,2017-2018,0,10,14,2017
487190,2017-10-14 13:30:00+00:00,FC Augsburg at TSG Hoffenheim,FCA @ TSG,TSG Hoffenheim,7911,2,FC Augsburg,3841,2,STATUS_FULL_TIME,PreZero Arena,2017-2018,0,10,14,2017
487193,2017-10-14 16:30:00+00:00,RB Leipzig at Borussia Dortmund,RBL @ DOR,Borussia Dortmund,124,2,RB Leipzig,11420,3,STATUS_FULL_TIME,SIGNAL IDUNA PARK,2017-2018,0,10,14,2017
487195,2017-10-15 13:30:00+00:00,VfL Wolfsburg at Bayer Leverkusen,WOB @ B04,Bayer Leverkusen,131,2,VfL Wolfsburg,138,2,STATUS_FULL_TIME,BayArena,2017-2018,0,10,15,2017
487188,2017-10-15 16:00:00+00:00,Borussia Mönchengladbach at Werder Bremen,BMG @ SVW,Werder Bremen,137,0,Borussia Mönchengladbach,268,2,STATUS_FULL_TIME,Weserstadion,2017-2018,0,10,15,2017
487178,2017-10-20 18:30:00+00:00,Mainz at Schalke 04,M05 @ S04,Schalke 04,133,2,Mainz,2950,0,STATUS_FULL_TIME,VELTINS-Arena,2017-2018,0,10,20,2017
487180,2017-10-21 13:30:00+00:00,Bayer Leverkusen at Borussia Mönchengladbach,B04 @ BMG,Borussia Mönchengladbach,268,1,Bayer Leverkusen,131,5,STATUS_FULL_TIME,BORUSSIA-PARK,2017-2018,0,10,21,2017
487182,2017-10-21 13:30:00+00:00,Borussia Dortmund at Eintracht Frankfurt,DOR @ SGE,Eintracht Frankfurt,125,2,Borussia Dortmund,124,2,STATUS_FULL_TIME,Deutsche Bank Park,2017-2018,0,10,21,2017
487183,2017-10-21 13:30:00+00:00,Hannover 96 at FC Augsburg,H96 @ FCA,FC Augsburg,3841,1,Hannover 96,2428,2,STATUS_FULL_TIME,WWK Arena,2017-2018,0,10,21,2017
487185,2017-10-21 13:30:00+00:00,VfB Stuttgart at RB Leipzig,VFB @ RBL,RB Leipzig,11420,1,VfB Stuttgart,134,0,STATUS_FULL_TIME,Red Bull Arena,2017-2018,0,10,21,2017
487181,2017-10-21 16:30:00+00:00,Bayern Munich at Hamburg SV,MUN @ HSV,Hamburg SV,127,0,Bayern Munich,132,1,STATUS_FULL_TIME,Volksparkstadion,2017-2018,0,10,21,2017
487186,2017-10-22 11:30:00+00:00,Werder Bremen at FC Cologne,SVW @ KOE,FC Cologne,122,0,Werder Bremen,137,0,STATUS_FULL_TIME,RheinEnergieStadion,2017-2018,0,10,22,2017
487184,2017-10-22 13:30:00+00:00,Hertha Berlin at SC Freiburg,BSC @ SCF,SC Freiburg,126,1,Hertha Berlin,129,1,STATUS_FULL_TIME,Dreisamstadion,2017-2018,0,10,22,2017
487179,2017-10-22 16:00:00+00:00,TSG Hoffenheim at VfL Wolfsburg,TSG @ WOB,VfL Wolfsburg,138,1,TSG Hoffenheim,7911,1,STATUS_FULL_TIME,Volkswagen Arena,2017-2018,0,10,22,2017
487172,2017-10-27 18:30:00+00:00,Eintracht Frankfurt at Mainz,SGE @ M05,Mainz,2950,1,Eintracht Frankfurt,125,1,STATUS_FULL_TIME,MEWA ARENA,2017-2018,0,10,27,2017
487169,2017-10-28 13:30:00+00:00,FC Cologne at Bayer Leverkusen,KOE @ B04,Bayer Leverkusen,131,2,FC Cologne,122,1,STATUS_FULL_TIME,BayArena,2017-2018,0,10,28,2017
487171,2017-10-28 13:30:00+00:00,Borussia Mönchengladbach at TSG Hoffenheim,BMG @ TSG,TSG Hoffenheim,7911,1,Borussia Mönchengladbach,268,3,STATUS_FULL_TIME,PreZero Arena,2017-2018,0,10,28,2017
487170,2017-10-28 13:30:00+00:00,Borussia Dortmund at Hannover 96,DOR @ H96,Hannover 96,2428,4,Borussia Dortmund,124,2,STATUS_FULL_TIME,Heinz von Heiden-Arena,2017-2018,0,10,28,2017
487177,2017-10-28 13:30:00+00:00,VfL Wolfsburg at Schalke 04,WOB @ S04,Schalke 04,133,1,VfL Wolfsburg,138,1,STATUS_FULL_TIME,VELTINS-Arena,2017-2018,0,10,28,2017
487174,2017-10-28 13:30:00+00:00,Hamburg SV at Hertha Berlin,HSV @ BSC,Hertha Berlin,129,2,Hamburg SV,127,1,STATUS_FULL_TIME,Olympiastadion Berlin,2017-2018,0,10,28,2017
487175,2017-10-28 16:30:00+00:00,RB Leipzig at Bayern Munich,RBL @ MUN,Bayern Munich,132,2,RB Leipzig,11420,0,STATUS_FULL_TIME,Allianz Arena,2017-2018,0,10,28,2017
487173,2017-10-29 14:30:00+00:00,FC Augsburg at Werder Bremen,FCA @ SVW,Werder Bremen,137,0,FC Augsburg,3841,3,STATUS_FULL_TIME,Weserstadion,2017-2018,0,10,29,2017
487176,2017-10-29 17:00:00+00:00,SC Freiburg at VfB Stuttgart,SCF @ VFB,VfB Stuttgart,134,3,SC Freiburg,126,0,STATUS_FULL_TIME,MHPArena,2017-2018,0,10,29,2017
487168,2017-11-03 19:30:00+00:00,Werder Bremen at Eintracht Frankfurt,SVW @ SGE,Eintracht Frankfurt,125,2,Werder Bremen,137,1,STATUS_FULL_TIME,Deutsche Bank Park,2017-2018,0,11,3,2017
487160,2017-11-04 14:30:00+00:00,Mainz at Borussia Mönchengladbach,M05 @ BMG,Borussia Mönchengladbach,268,1,Mainz,2950,1,STATUS_FULL_TIME,BORUSSIA-PARK,2017-2018,0,11,4,2017
487162,2017-11-04 14:30:00+00:00,Bayer Leverkusen at FC Augsburg,B04 @ FCA,FC Augsburg,3841,1,Bayer Leverkusen,131,1,STATUS_FULL_TIME,WWK Arena,2017-2018,0,11,4,2017
487167,2017-11-04 14:30:00+00:00,VfB Stuttgart at Hamburg SV,VFB @ HSV,Hamburg SV,127,3,VfB Stuttgart,134,1,STATUS_FULL_TIME,Volksparkstadion,2017-2018,0,11,4,2017
487165,2017-11-04 14:30:00+00:00,Hannover 96 at RB Leipzig,H96 @ RBL,RB Leipzig,11420,2,Hannover 96,2428,1,STATUS_FULL_TIME,Red Bull Arena,2017-2018,0,11,4,2017
487164,2017-11-04 14:30:00+00:00,Schalke 04 at SC Freiburg,S04 @ SCF,SC Freiburg,126,0,Schalke 04,133,1,STATUS_FULL_TIME,Dreisamstadion,2017-2018,0,11,4,2017
487163,2017-11-04 17:30:00+00:00,Bayern Munich at Borussia Dortmund,MUN @ DOR,Borussia Dortmund,124,1,Bayern Munich,132,3,STATUS_FULL_TIME,SIGNAL IDUNA PARK,2017-2018,0,11,4,2017
487161,2017-11-05 14:30:00+00:00,TSG Hoffenheim at FC Cologne,TSG @ KOE,FC Cologne,122,0,TSG Hoffenheim,7911,3,STATUS_FULL_TIME,RheinEnergieStadion,2017-2018,0,11,5,2017
487166,2017-11-05 17:00:00+00:00,Hertha Berlin at VfL Wolfsburg,BSC @ WOB,VfL Wolfsburg,138,3,Hertha Berlin,129,3,STATUS_FULL_TIME,Volkswagen Arena,2017-2018,0,11,5,2017
487152,2017-11-17 19:30:00+00:00,Borussia Dortmund at VfB Stuttgart,DOR @ VFB,VfB Stuttgart,134,2,Borussia Dortmund,124,1,STATUS_FULL_TIME,MHPArena,2017-2018,0,11,17,2017
487158,2017-11-18 14:30:00+00:00,RB Leipzig at Bayer Leverkusen,RBL @ B04,Bayer Leverkusen,131,2,RB Leipzig,11420,2,STATUS_FULL_TIME,BayArena,2017-2018,0,11,18,2017
487155,2017-11-18 14:30:00+00:00,FC Augsburg at Bayern Munich,FCA @ MUN,Bayern Munich,132,3,FC Augsburg,3841,0,STATUS_FULL_TIME,Allianz Arena,2017-2018,0,11,18,2017
487151,2017-11-18 14:30:00+00:00,FC Cologne at Mainz,KOE @ M05,Mainz,2950,1,FC Cologne,122,0,STATUS_FULL_TIME,MEWA ARENA,2017-2018,0,11,18,2017
487154,2017-11-18 14:30:00+00:00,Eintracht Frankfurt at TSG Hoffenheim,SGE @ TSG,TSG Hoffenheim,7911,1,Eintracht Frankfurt,125,1,STATUS_FULL_TIME,PreZero Arena,2017-2018,0,11,18,2017
487159,2017-11-18 14:30:00+00:00,SC Freiburg at VfL Wolfsburg,SCF @ WOB,VfL Wolfsburg,138,3,SC Freiburg,126,1,STATUS_FULL_TIME,Volkswagen Arena,2017-2018,0,11,18,2017
487153,2017-11-18 17:30:00+00:00,Borussia Mönchengladbach at Hertha Berlin,BMG @ BSC,Hertha Berlin,129,2,Borussia Mönchengladbach,268,4,STATUS_FULL_TIME,Olympiastadion Berlin,2017-2018,0,11,18,2017
487156,2017-11-19 14:30:00+00:00,Hamburg SV at Schalke 04,HSV @ S04,Schalke 04,133,2,Hamburg SV,127,0,STATUS_FULL_TIME,VELTINS-Arena,2017-2018,0,11,19,2017
487157,2017-11-19 17:00:00+00:00,Hannover 96 at Werder Bremen,H96 @ SVW,Werder Bremen,137,4,Hannover 96,2428,0,STATUS_FULL_TIME,Weserstadion,2017-2018,0,11,19,2017
487148,2017-11-24 19:30:00+00:00,VfB Stuttgart at Hannover 96,VFB @ H96,Hannover 96,2428,1,VfB Stuttgart,134,1,STATUS_FULL_TIME,Heinz von Heiden-Arena,2017-2018,0,11,24,2017
487146,2017-11-25 14:30:00+00:00,Schalke 04 at Borussia Dortmund,S04 @ DOR,Borussia Dortmund,124,4,Schalke 04,133,4,STATUS_FULL_TIME,SIGNAL IDUNA PARK,2017-2018,0,11,25,2017
487144,2017-11-25 14:30:00+00:00,Bayer Leverkusen at Eintracht Frankfurt,B04 @ SGE,Eintracht Frankfurt,125,0,Bayer Leverkusen,131,1,STATUS_FULL_TIME,Deutsche Bank Park,2017-2018,0,11,25,2017
487149,2017-11-25 14:30:00+00:00,VfL Wolfsburg at FC Augsburg,WOB @ FCA,FC Augsburg,3841,2,VfL Wolfsburg,138,1,STATUS_FULL_TIME,WWK Arena,2017-2018,0,11,25,2017
487150,2017-11-25 14:30:00+00:00,Werder Bremen at RB Leipzig,SVW @ RBL,RB Leipzig,11420,2,Werder Bremen,137,0,STATUS_FULL_TIME,Red Bull Arena,2017-2018,0,11,25,2017
487142,2017-11-25 14:30:00+00:00,Mainz at SC Freiburg,M05 @ SCF,SC Freiburg,126,2,Mainz,2950,1,STATUS_FULL_TIME,Dreisamstadion,2017-2018,0,11,25,2017
487145,2017-11-25 17:30:00+00:00,Bayern Munich at Borussia Mönchengladbach,MUN @ BMG,Borussia Mönchengladbach,268,2,Bayern Munich,132,1,STATUS_FULL_TIME,BORUSSIA-PARK,2017-2018,0,11,25,2017
487143,2017-11-26 14:30:00+00:00,TSG Hoffenheim at Hamburg SV,TSG @ HSV,Hamburg SV,127,3,TSG Hoffenheim,7911,0,STATUS_FULL_TIME,Volksparkstadion,2017-2018,0,11,26,2017
487147,2017-11-26 17:00:00+00:00,Hertha Berlin at FC Cologne,BSC @ KOE,FC Cologne,122,0,Hertha Berlin,129,2,STATUS_FULL_TIME,RheinEnergieStadion,2017-2018,0,11,26,2017
487138,2017-12-01 19:30:00+00:00,Hamburg SV at SC Freiburg,HSV @ SCF,SC Freiburg,126,0,Hamburg SV,127,0,STATUS_FULL_TIME,Dreisamstadion,2017-2018,0,12,1,2017
487134,2017-12-02 14:30:00+00:00,Borussia Dortmund at Bayer Leverkusen,DOR @ B04,Bayer Leverkusen,131,1,Borussia Dortmund,124,1,STATUS_FULL_TIME,BayArena,2017-2018,0,12,2,2017
487139,2017-12-02 14:30:00+00:00,Hannover 96 at Bayern Munich,H96 @ MUN,Bayern Munich,132,3,Hannover 96,2428,1,STATUS_FULL_TIME,Allianz Arena,2017-2018,0,12,2,2017
487137,2017-12-02 14:30:00+00:00,FC Augsburg at Mainz,FCA @ M05,Mainz,2950,1,FC Augsburg,3841,3,STATUS_FULL_TIME,MEWA ARENA,2017-2018,0,12,2,2017
487140,2017-12-02 14:30:00+00:00,RB Leipzig at TSG Hoffenheim,RBL @ TSG,TSG Hoffenheim,7911,4,RB Leipzig,11420,0,STATUS_FULL_TIME,PreZero Arena,2017-2018,0,12,2,2017
487141,2017-12-02 14:30:00+00:00,VfB Stuttgart at Werder Bremen,VFB @ SVW,Werder Bremen,137,1,VfB Stuttgart,134,0,STATUS_FULL_TIME,Weserstadion,2017-2018,0,12,2,2017
487133,2017-12-02 17:30:00+00:00,FC Cologne at Schalke 04,KOE @ S04,Schalke 04,133,2,FC Cologne,122,2,STATUS_FULL_TIME,VELTINS-Arena,2017-2018,0,12,2,2017
487136,2017-12-03 14:30:00+00:00,Eintracht Frankfurt at Hertha Berlin,SGE @ BSC,Hertha Berlin,129,1,Eintracht Frankfurt,125,2,STATUS_FULL_TIME,Olympiastadion Berlin,2017-2018,0,12,3,2017
487135,2017-12-03 17:00:00+00:00,Borussia Mönchengladbach at VfL Wolfsburg,BMG @ WOB,VfL Wolfsburg,138,3,Borussia Mönchengladbach,268,0,STATUS_FULL_TIME,Volkswagen Arena,2017-2018,0,12,3,2017
487126,2017-12-08 19:30:00+00:00,Bayer Leverkusen at VfB Stuttgart,B04 @ VFB,VfB Stuttgart,134,0,Bayer Leverkusen,131,2,STATUS_FULL_TIME,MHPArena,2017-2018,0,12,8,2017
487132,2017-12-09 14:30:00+00:00,Werder Bremen at Borussia Dortmund,SVW @ DOR,Borussia Dortmund,124,1,Werder Bremen,137,2,STATUS_FULL_TIME,SIGNAL IDUNA PARK,2017-2018,0,12,9,2017
487127,2017-12-09 14:30:00+00:00,Bayern Munich at Eintracht Frankfurt,MUN @ SGE,Eintracht Frankfurt,125,0,Bayern Munich,132,1,STATUS_FULL_TIME,Deutsche Bank Park,2017-2018,0,12,9,2017
487131,2017-12-09 14:30:00+00:00,VfL Wolfsburg at Hamburg SV,WOB @ HSV,Hamburg SV,127,0,VfL Wolfsburg,138,0,STATUS_FULL_TIME,Volksparkstadion,2017-2018,0,12,9,2017
487124,2017-12-09 14:30:00+00:00,Mainz at RB Leipzig,M05 @ RBL,RB Leipzig,11420,2,Mainz,2950,2,STATUS_FULL_TIME,Red Bull Arena,2017-2018,0,12,9,2017
487128,2017-12-09 17:30:00+00:00,Schalke 04 at Borussia Mönchengladbach,S04 @ BMG,Borussia Mönchengladbach,268,1,Schalke 04,133,1,STATUS_FULL_TIME,BORUSSIA-PARK,2017-2018,0,12,9,2017
487130,2017-12-10 12:30:00+00:00,SC Freiburg at FC Cologne,SCF @ KOE,FC Cologne,122,3,SC Freiburg,126,4,STATUS_FULL_TIME,RheinEnergieStadion,2017-2018,0,12,10,2017
487125,2017-12-10 14:30:00+00:00,TSG Hoffenheim at Hannover 96,TSG @ H96,Hannover 96,2428,2,TSG Hoffenheim,7911,0,STATUS_FULL_TIME,Heinz von Heiden-Arena,2017-2018,0,12,10,2017
487129,2017-12-10 17:00:00+00:00,Hertha Berlin at FC Augsburg,BSC @ FCA,FC Augsburg,3841,1,Hertha Berlin,129,1,STATUS_FULL_TIME,WWK Arena,2017-2018,0,12,10,2017
487121,2017-12-12 17:30:00+00:00,RB Leipzig at VfL Wolfsburg,RBL @ WOB,VfL Wolfsburg,138,1,RB Leipzig,11420,1,STATUS_FULL_TIME,Volkswagen Arena,2017-2018,0,12,12,2017
487118,2017-12-12 19:30:00+00:00,Eintracht Frankfurt at Hamburg SV,SGE @ HSV,Hamburg SV,127,1,Eintracht Frankfurt,125,2,STATUS_FULL_TIME,Volksparkstadion,2017-2018,0,12,12,2017
487116,2017-12-12 19:30:00+00:00,Borussia Dortmund at Mainz,DOR @ M05,Mainz,2950,0,Borussia Dortmund,124,2,STATUS_FULL_TIME,MEWA ARENA,2017-2018,0,12,12,2017
487117,2017-12-12 19:30:00+00:00,Borussia Mönchengladbach at SC Freiburg,BMG @ SCF,SC Freiburg,126,1,Borussia Mönchengladbach,268,0,STATUS_FULL_TIME,Dreisamstadion,2017-2018,0,12,12,2017
487122,2017-12-13 17:30:00+00:00,VfB Stuttgart at TSG Hoffenheim,VFB @ TSG,TSG Hoffenheim,7911,1,VfB Stuttgart,134,0,STATUS_FULL_TIME,PreZero Arena,2017-2018,0,12,13,2017
487123,2017-12-13 19:30:00+00:00,Werder Bremen at Bayer Leverkusen,SVW @ B04,Bayer Leverkusen,131,1,Werder Bremen,137,0,STATUS_FULL_TIME,BayArena,2017-2018,0,12,13,2017
487115,2017-12-13 19:30:00+00:00,FC Cologne at Bayern Munich,KOE @ MUN,Bayern Munich,132,1,FC Cologne,122,0,STATUS_FULL_TIME,Allianz Arena,2017-2018,0,12,13,2017
487120,2017-12-13 19:30:00+00:00,Hannover 96 at Hertha Berlin,H96 @ BSC,Hertha Berlin,129,3,Hannover 96,2428,1,STATUS_FULL_TIME,Olympiastadion Berlin,2017-2018,0,12,13,2017
487119,2017-12-13 19:30:00+00:00,FC Augsburg at Schalke 04,FCA @ S04,Schalke 04,133,3,FC Augsburg,3841,2,STATUS_FULL_TIME,VELTINS-Arena,2017-2018,0,12,13,2017
487111,2017-12-15 19:30:00+00:00,Hamburg SV at Borussia Mönchengladbach,HSV @ BMG,Borussia Mönchengladbach,268,3,Hamburg SV,127,1,STATUS_FULL_TIME,BORUSSIA-PARK,2017-2018,0,12,15,2017
487110,2017-12-16 14:30:00+00:00,Schalke 04 at Eintracht Frankfurt,S04 @ SGE,Eintracht Frankfurt,125,2,Schalke 04,133,2,STATUS_FULL_TIME,Deutsche Bank Park,2017-2018,0,12,16,2017
487113,2017-12-16 14:30:00+00:00,SC Freiburg at FC Augsburg,SCF @ FCA,FC Augsburg,3841,3,SC Freiburg,126,3,STATUS_FULL_TIME,WWK Arena,2017-2018,0,12,16,2017
487114,2017-12-16 14:30:00+00:00,VfL Wolfsburg at FC Cologne,WOB @ KOE,FC Cologne,122,1,VfL Wolfsburg,138,0,STATUS_FULL_TIME,RheinEnergieStadion,2017-2018,0,12,16,2017
487109,2017-12-16 14:30:00+00:00,Bayern Munich at VfB Stuttgart,MUN @ VFB,VfB Stuttgart,134,0,Bayern Munich,132,1,STATUS_FULL_TIME,MHPArena,2017-2018,0,12,16,2017
487106,2017-12-16 14:30:00+00:00,Mainz at Werder Bremen,M05 @ SVW,Werder Bremen,137,2,Mainz,2950,2,STATUS_FULL_TIME,Weserstadion,2017-2018,0,12,16,2017
487107,2017-12-16 17:30:00+00:00,TSG Hoffenheim at Borussia Dortmund,TSG @ DOR,Borussia Dortmund,124,2,TSG Hoffenheim,7911,1,STATUS_FULL_TIME,SIGNAL IDUNA PARK,2017-2018,0,12,16,2017
487108,2017-12-17 14:30:00+00:00,Bayer Leverkusen at Hannover 96,B04 @ H96,Hannover 96,2428,4,Bayer Leverkusen,131,4,STATUS_FULL_TIME,Heinz von Heiden-Arena,2017-2018,0,12,17,2017
487112,2017-12-17 17:00:00+00:00,Hertha Berlin at RB Leipzig,BSC @ RBL,RB Leipzig,11420,2,Hertha Berlin,129,3,STATUS_FULL_TIME,Red Bull Arena,2017-2018,0,12,17,2017
487099,2018-01-12 19:30:00+00:00,Bayern Munich at Bayer Leverkusen,MUN @ B04,Bayer Leverkusen,131,1,Bayern Munich,132,3,STATUS_FULL_TIME,BayArena,2017-2018,0,1,12,2018
487104,2018-01-13 14:30:00+00:00,SC Freiburg at Eintracht Frankfurt,SCF @ SGE,Eintracht Frankfurt,125,1,SC Freiburg,126,1,STATUS_FULL_TIME,Deutsche Bank Park,2017-2018,0,1,13,2018
487102,2018-01-13 14:30:00+00:00,Hamburg SV at FC Augsburg,HSV @ FCA,FC Augsburg,3841,1,Hamburg SV,127,0,STATUS_FULL_TIME,WWK Arena,2017-2018,0,1,13,2018
487097,2018-01-13 14:30:00+00:00,Mainz at Hannover 96,M05 @ H96,Hannover 96,2428,3,Mainz,2950,2,STATUS_FULL_TIME,Heinz von Heiden-Arena,2017-2018,0,1,13,2018
487103,2018-01-13 14:30:00+00:00,Hertha Berlin at VfB Stuttgart,BSC @ VFB,VfB Stuttgart,134,1,Hertha Berlin,129,0,STATUS_FULL_TIME,MHPArena,2017-2018,0,1,13,2018
487098,2018-01-13 14:30:00+00:00,TSG Hoffenheim at Werder Bremen,TSG @ SVW,Werder Bremen,137,1,TSG Hoffenheim,7911,1,STATUS_FULL_TIME,Weserstadion,2017-2018,0,1,13,2018
487101,2018-01-13 17:30:00+00:00,Schalke 04 at RB Leipzig,S04 @ RBL,RB Leipzig,11420,3,Schalke 04,133,1,STATUS_FULL_TIME,Red Bull Arena,2017-2018,0,1,13,2018
487100,2018-01-14 14:30:00+00:00,Borussia Mönchengladbach at FC Cologne,BMG @ KOE,FC Cologne,122,2,Borussia Mönchengladbach,268,1,STATUS_FULL_TIME,RheinEnergieStadion,2017-2018,0,1,14,2018
487105,2018-01-14 17:00:00+00:00,VfL Wolfsburg at Borussia Dortmund,WOB @ DOR,Borussia Dortmund,124,0,VfL Wolfsburg,138,0,STATUS_FULL_TIME,SIGNAL IDUNA PARK,2017-2018,0,1,14,2018
487090,2018-01-19 19:30:00+00:00,Borussia Dortmund at Hertha Berlin,DOR @ BSC,Hertha Berlin,129,1,Borussia Dortmund,124,1,STATUS_FULL_TIME,Olympiastadion Berlin,2017-2018,0,1,19,2018
487092,2018-01-20 14:30:00+00:00,FC Augsburg at Borussia Mönchengladbach,FCA @ BMG,Borussia Mönchengladbach,268,2,FC Augsburg,3841,0,STATUS_FULL_TIME,BORUSSIA-PARK,2017-2018,0,1,20,2018
487095,2018-01-20 14:30:00+00:00,VfB Stuttgart at Mainz,VFB @ M05,Mainz,2950,3,VfB Stuttgart,134,2,STATUS_FULL_TIME,MEWA ARENA,2017-2018,0,1,20,2018
487094,2018-01-20 14:30:00+00:00,RB Leipzig at SC Freiburg,RBL @ SCF,SC Freiburg,126,2,RB Leipzig,11420,1,STATUS_FULL_TIME,Dreisamstadion,2017-2018,0,1,20,2018
487089,2018-01-20 14:30:00+00:00,Bayer Leverkusen at TSG Hoffenheim,B04 @ TSG,TSG Hoffenheim,7911,1,Bayer Leverkusen,131,4,STATUS_FULL_TIME,PreZero Arena,2017-2018,0,1,20,2018
487091,2018-01-20 14:30:00+00:00,Eintracht Frankfurt at VfL Wolfsburg,SGE @ WOB,VfL Wolfsburg,138,1,Eintracht Frankfurt,125,3,STATUS_FULL_TIME,Volkswagen Arena,2017-2018,0,1,20,2018
487088,2018-01-20 17:30:00+00:00,FC Cologne at Hamburg SV,KOE @ HSV,Hamburg SV,127,0,FC Cologne,122,2,STATUS_FULL_TIME,Volksparkstadion,2017-2018,0,1,20,2018
487096,2018-01-21 14:30:00+00:00,Werder Bremen at Bayern Munich,SVW @ MUN,Bayern Munich,132,4,Werder Bremen,137,2,STATUS_FULL_TIME,Allianz Arena,2017-2018,0,1,21,2018
487093,2018-01-21 17:00:00+00:00,Hannover 96 at Schalke 04,H96 @ S04,Schalke 04,133,1,Hannover 96,2428,1,STATUS_FULL_TIME,VELTINS-Arena,2017-2018,0,1,21,2018
487081,2018-01-26 19:30:00+00:00,Borussia Mönchengladbach at Eintracht Frankfurt,BMG @ SGE,Eintracht Frankfurt,125,2,Borussia Mönchengladbach,268,0,STATUS_FULL_TIME,Deutsche Bank Park,2017-2018,0,1,26,2018
487080,2018-01-27 14:30:00+00:00,TSG Hoffenheim at Bayern Munich,TSG @ MUN,Bayern Munich,132,5,TSG Hoffenheim,7911,2,STATUS_FULL_TIME,Allianz Arena,2017-2018,0,1,27,2018
487086,2018-01-27 14:30:00+00:00,SC Freiburg at Borussia Dortmund,SCF @ DOR,Borussia Dortmund,124,2,SC Freiburg,126,2,STATUS_FULL_TIME,SIGNAL IDUNA PARK,2017-2018,0,1,27,2018
487082,2018-01-27 14:30:00+00:00,FC Augsburg at FC Cologne,FCA @ KOE,FC Cologne,122,1,FC Augsburg,3841,1,STATUS_FULL_TIME,RheinEnergieStadion,2017-2018,0,1,27,2018
487084,2018-01-27 14:30:00+00:00,Hamburg SV at RB Leipzig,HSV @ RBL,RB Leipzig,11420,1,Hamburg SV,127,1,STATUS_FULL_TIME,Red Bull Arena,2017-2018,0,1,27,2018
487083,2018-01-27 14:30:00+00:00,Schalke 04 at VfB Stuttgart,S04 @ VFB,VfB Stuttgart,134,0,Schalke 04,133,2,STATUS_FULL_TIME,MHPArena,2017-2018,0,1,27,2018
487085,2018-01-27 17:30:00+00:00,Hertha Berlin at Werder Bremen,BSC @ SVW,Werder Bremen,137,0,Hertha Berlin,129,0,STATUS_FULL_TIME,Weserstadion,2017-2018,0,1,27,2018
487079,2018-01-28 14:30:00+00:00,Mainz at Bayer Leverkusen,M05 @ B04,Bayer Leverkusen,131,2,Mainz,2950,0,STATUS_FULL_TIME,BayArena,2017-2018,0,1,28,2018
487087,2018-01-28 17:00:00+00:00,VfL Wolfsburg at Hannover 96,WOB @ H96,Hannover 96,2428,0,VfL Wolfsburg,138,1,STATUS_FULL_TIME,Heinz von Heiden-Arena,2017-2018,0,1,28,2018
487073,2018-02-02 19:30:00+00:00,Borussia Dortmund at FC Cologne,DOR @ KOE,FC Cologne,122,2,Borussia Dortmund,124,3,STATUS_FULL_TIME,RheinEnergieStadion,2017-2018,0,2,2,2018
487070,2018-02-03 14:30:00+00:00,TSG Hoffenheim at Hertha Berlin,TSG @ BSC,Hertha Berlin,129,1,TSG Hoffenheim,7911,1,STATUS_FULL_TIME,Olympiastadion Berlin,2017-2018,0,2,3,2018
487072,2018-02-03 14:30:00+00:00,Bayern Munich at Mainz,MUN @ M05,Mainz,2950,0,Bayern Munich,132,2,STATUS_FULL_TIME,MEWA ARENA,2017-2018,0,2,3,2018
487071,2018-02-03 14:30:00+00:00,Bayer Leverkusen at SC Freiburg,B04 @ SCF,SC Freiburg,126,0,Bayer Leverkusen,131,0,STATUS_FULL_TIME,Dreisamstadion,2017-2018,0,2,3,2018
487078,2018-02-03 14:30:00+00:00,Werder Bremen at Schalke 04,SVW @ S04,Schalke 04,133,1,Werder Bremen,137,2,STATUS_FULL_TIME,VELTINS-Arena,2017-2018,0,2,3,2018
487077,2018-02-03 14:30:00+00:00,VfB Stuttgart at VfL Wolfsburg,VFB @ WOB,VfL Wolfsburg,138,1,VfB Stuttgart,134,1,STATUS_FULL_TIME,Volkswagen Arena,2017-2018,0,2,3,2018
487076,2018-02-03 17:30:00+00:00,RB Leipzig at Borussia Mönchengladbach,RBL @ BMG,Borussia Mönchengladbach,268,0,RB Leipzig,11420,1,STATUS_FULL_TIME,BORUSSIA-PARK,2017-2018,0,2,3,2018
487074,2018-02-04 14:30:00+00:00,Eintracht Frankfurt at FC Augsburg,SGE @ FCA,FC Augsburg,3841,3,Eintracht Frankfurt,125,0,STATUS_FULL_TIME,WWK Arena,2017-2018,0,2,4,2018
487075,2018-02-04 17:00:00+00:00,Hannover 96 at Hamburg SV,H96 @ HSV,Hamburg SV,127,1,Hannover 96,2428,1,STATUS_FULL_TIME,Volksparkstadion,2017-2018,0,2,4,2018
487064,2018-02-09 19:30:00+00:00,FC Augsburg at RB Leipzig,FCA @ RBL,RB Leipzig,11420,2,FC Augsburg,3841,0,STATUS_FULL_TIME,Red Bull Arena,2017-2018,0,2,9,2018
487061,2018-02-10 14:30:00+00:00,FC Cologne at Eintracht Frankfurt,KOE @ SGE,Eintracht Frankfurt,125,4,FC Cologne,122,2,STATUS_FULL_TIME,Deutsche Bank Park,2017-2018,0,2,10,2018
487067,2018-02-10 14:30:00+00:00,Hertha Berlin at Bayer Leverkusen,BSC @ B04,Bayer Leverkusen,131,0,Hertha Berlin,129,2,STATUS_FULL_TIME,BayArena,2017-2018,0,2,10,2018
487068,2018-02-10 14:30:00+00:00,SC Freiburg at Hannover 96,SCF @ H96,Hannover 96,2428,2,SC Freiburg,126,1,STATUS_FULL_TIME,Heinz von Heiden-Arena,2017-2018,0,2,10,2018
487062,2018-02-10 14:30:00+00:00,Mainz at TSG Hoffenheim,M05 @ TSG,TSG Hoffenheim,7911,4,Mainz,2950,2,STATUS_FULL_TIME,PreZero Arena,2017-2018,0,2,10,2018
487066,2018-02-10 14:30:00+00:00,Hamburg SV at Borussia Dortmund,HSV @ DOR,Borussia Dortmund,124,2,Hamburg SV,127,0,STATUS_FULL_TIME,SIGNAL IDUNA PARK,2017-2018,0,2,10,2018
487065,2018-02-10 17:30:00+00:00,Schalke 04 at Bayern Munich,S04 @ MUN,Bayern Munich,132,2,Schalke 04,133,1,STATUS_FULL_TIME,Allianz Arena,2017-2018,0,2,10,2018
487063,2018-02-11 14:30:00+00:00,Borussia Mönchengladbach at VfB Stuttgart,BMG @ VFB,VfB Stuttgart,134,1,Borussia Mönchengladbach,268,0,STATUS_FULL_TIME,MHPArena,2017-2018,0,2,11,2018
487069,2018-02-11 17:00:00+00:00,VfL Wolfsburg at Werder Bremen,WOB @ SVW,Werder Bremen,137,3,VfL Wolfsburg,138,1,STATUS_FULL_TIME,Weserstadion,2017-2018,0,2,11,2018
487052,2018-02-16 19:30:00+00:00,Mainz at Hertha Berlin,M05 @ BSC,Hertha Berlin,129,0,Mainz,2950,2,STATUS_FULL_TIME,Olympiastadion Berlin,2017-2018,0,2,16,2018
487054,2018-02-17 14:30:00+00:00,Bayer Leverkusen at Hamburg SV,B04 @ HSV,Hamburg SV,127,1,Bayer Leverkusen,131,2,STATUS_FULL_TIME,Volksparkstadion,2017-2018,0,2,17,2018
487060,2018-02-17 14:30:00+00:00,Werder Bremen at SC Freiburg,SVW @ SCF,SC Freiburg,126,1,Werder Bremen,137,0,STATUS_FULL_TIME,Dreisamstadion,2017-2018,0,2,17,2018
487057,2018-02-17 14:30:00+00:00,Hannover 96 at FC Cologne,H96 @ KOE,FC Cologne,122,1,Hannover 96,2428,1,STATUS_FULL_TIME,RheinEnergieStadion,2017-2018,0,2,17,2018
487055,2018-02-17 14:30:00+00:00,Bayern Munich at VfL Wolfsburg,MUN @ WOB,VfL Wolfsburg,138,1,Bayern Munich,132,2,STATUS_FULL_TIME,Volkswagen Arena,2017-2018,0,2,17,2018
487053,2018-02-17 17:30:00+00:00,TSG Hoffenheim at Schalke 04,TSG @ S04,Schalke 04,133,2,TSG Hoffenheim,7911,1,STATUS_FULL_TIME,VELTINS-Arena,2017-2018,0,2,17,2018
487059,2018-02-18 14:30:00+00:00,VfB Stuttgart at FC Augsburg,VFB @ FCA,FC Augsburg,3841,0,VfB Stuttgart,134,1,STATUS_FULL_TIME,WWK Arena,2017-2018,0,2,18,2018
487056,2018-02-18 17:00:00+00:00,Borussia Dortmund at Borussia Mönchengladbach,DOR @ BMG,Borussia Mönchengladbach,268,0,Borussia Dortmund,124,1,STATUS_FULL_TIME,BORUSSIA-PARK,2017-2018,0,2,18,2018
487058,2018-02-19 19:30:00+00:00,RB Leipzig at Eintracht Frankfurt,RBL @ SGE,Eintracht Frankfurt,125,2,RB Leipzig,11420,1,STATUS_FULL_TIME,Deutsche Bank Park,2017-2018,0,2,19,2018
487051,2018-02-23 19:30:00+00:00,VfL Wolfsburg at Mainz,WOB @ M05,Mainz,2950,1,VfL Wolfsburg,138,1,STATUS_FULL_TIME,MEWA ARENA,2017-2018,0,2,23,2018
487049,2018-02-24 14:30:00+00:00,Hertha Berlin at Bayern Munich,BSC @ MUN,Bayern Munich,132,0,Hertha Berlin,129,0,STATUS_FULL_TIME,Allianz Arena,2017-2018,0,2,24,2018
487044,2018-02-24 14:30:00+00:00,Borussia Mönchengladbach at Hannover 96,BMG @ H96,Hannover 96,2428,0,Borussia Mönchengladbach,268,1,STATUS_FULL_TIME,Heinz von Heiden-Arena,2017-2018,0,2,24,2018
487050,2018-02-24 14:30:00+00:00,SC Freiburg at TSG Hoffenheim,SCF @ TSG,TSG Hoffenheim,7911,1,SC Freiburg,126,1,STATUS_FULL_TIME,PreZero Arena,2017-2018,0,2,24,2018
487045,2018-02-24 14:30:00+00:00,Eintracht Frankfurt at VfB Stuttgart,SGE @ VFB,VfB Stuttgart,134,1,Eintracht Frankfurt,125,0,STATUS_FULL_TIME,MHPArena,2017-2018,0,2,24,2018
487048,2018-02-24 17:30:00+00:00,Hamburg SV at Werder Bremen,HSV @ SVW,Werder Bremen,137,1,Hamburg SV,127,0,STATUS_FULL_TIME,Weserstadion,2017-2018,0,2,24,2018
487047,2018-02-25 14:30:00+00:00,Schalke 04 at Bayer Leverkusen,S04 @ B04,Bayer Leverkusen,131,0,Schalke 04,133,2,STATUS_FULL_TIME,BayArena,2017-2018,0,2,25,2018
487043,2018-02-25 17:00:00+00:00,FC Cologne at RB Leipzig,KOE @ RBL,RB Leipzig,11420,1,FC Cologne,122,2,STATUS_FULL_TIME,Red Bull Arena,2017-2018,0,2,25,2018
487046,2018-02-26 19:30:00+00:00,FC Augsburg at Borussia Dortmund,FCA @ DOR,Borussia Dortmund,124,1,FC Augsburg,3841,1,STATUS_FULL_TIME,SIGNAL IDUNA PARK,2017-2018,0,2,26,2018
487042,2018-03-02 19:30:00+00:00,Werder Bremen at Borussia Mönchengladbach,SVW @ BMG,Borussia Mönchengladbach,268,2,Werder Bremen,137,2,STATUS_FULL_TIME,BORUSSIA-PARK,2017-2018,0,3,2,2018
487039,2018-03-03 14:30:00+00:00,Hannover 96 at Eintracht Frankfurt,H96 @ SGE,Eintracht Frankfurt,125,1,Hannover 96,2428,0,STATUS_FULL_TIME,Deutsche Bank Park,2017-2018,0,3,3,2018
487035,2018-03-03 14:30:00+00:00,TSG Hoffenheim at FC Augsburg,TSG @ FCA,FC Augsburg,3841,0,TSG Hoffenheim,7911,2,STATUS_FULL_TIME,WWK Arena,2017-2018,0,3,3,2018
487034,2018-03-03 14:30:00+00:00,Mainz at Hamburg SV,M05 @ HSV,Hamburg SV,127,0,Mainz,2950,0,STATUS_FULL_TIME,Volksparkstadion,2017-2018,0,3,3,2018
487040,2018-03-03 14:30:00+00:00,Hertha Berlin at Schalke 04,BSC @ S04,Schalke 04,133,1,Hertha Berlin,129,0,STATUS_FULL_TIME,VELTINS-Arena,2017-2018,0,3,3,2018
487036,2018-03-03 14:30:00+00:00,Bayer Leverkusen at VfL Wolfsburg,B04 @ WOB,VfL Wolfsburg,138,1,Bayer Leverkusen,131,2,STATUS_FULL_TIME,Volkswagen Arena,2017-2018,0,3,3,2018
487038,2018-03-03 17:30:00+00:00,Borussia Dortmund at RB Leipzig,DOR @ RBL,RB Leipzig,11420,1,Borussia Dortmund,124,1,STATUS_FULL_TIME,Red Bull Arena,2017-2018,0,3,3,2018
487041,2018-03-04 14:30:00+00:00,VfB Stuttgart at FC Cologne,VFB @ KOE,FC Cologne,122,2,VfB Stuttgart,134,3,STATUS_FULL_TIME,RheinEnergieStadion,2017-2018,0,3,4,2018
487037,2018-03-04 17:00:00+00:00,Bayern Munich at SC Freiburg,MUN @ SCF,SC Freiburg,126,0,Bayern Munich,132,4,STATUS_FULL_TIME,Dreisamstadion,2017-2018,0,3,4,2018
487029,2018-03-09 19:30:00+00:00,Schalke 04 at Mainz,S04 @ M05,Mainz,2950,0,Schalke 04,133,1,STATUS_FULL_TIME,MEWA ARENA,2017-2018,0,3,9,2018
487028,2018-03-10 14:30:00+00:00,FC Augsburg at Hannover 96,FCA @ H96,Hannover 96,2428,1,FC Augsburg,3841,3,STATUS_FULL_TIME,Heinz von Heiden-Arena,2017-2018,0,3,10,2018
487030,2018-03-10 14:30:00+00:00,Hamburg SV at Bayern Munich,HSV @ MUN,Bayern Munich,132,6,Hamburg SV,127,0,STATUS_FULL_TIME,Allianz Arena,2017-2018,0,3,10,2018
487033,2018-03-10 14:30:00+00:00,VfL Wolfsburg at TSG Hoffenheim,WOB @ TSG,TSG Hoffenheim,7911,3,VfL Wolfsburg,138,0,STATUS_FULL_TIME,PreZero Arena,2017-2018,0,3,10,2018
487032,2018-03-10 14:30:00+00:00,SC Freiburg at Hertha Berlin,SCF @ BSC,Hertha Berlin,129,0,SC Freiburg,126,0,STATUS_FULL_TIME,Olympiastadion Berlin,2017-2018,0,3,10,2018
487026,2018-03-10 17:30:00+00:00,Borussia Mönchengladbach at Bayer Leverkusen,BMG @ B04,Bayer Leverkusen,131,2,Borussia Mönchengladbach,268,0,STATUS_FULL_TIME,BayArena,2017-2018,0,3,10,2018
487031,2018-03-11 14:30:00+00:00,RB Leipzig at VfB Stuttgart,RBL @ VFB,VfB Stuttgart,134,0,RB Leipzig,11420,0,STATUS_FULL_TIME,MHPArena,2017-2018,0,3,11,2018
487027,2018-03-11 17:00:00+00:00,Eintracht Frankfurt at Borussia Dortmund,SGE @ DOR,Borussia Dortmund,124,3,Eintracht Frankfurt,125,2,STATUS_FULL_TIME,SIGNAL IDUNA PARK,2017-2018,0,3,11,2018
487025,2018-03-12 19:30:00+00:00,FC Cologne at Werder Bremen,KOE @ SVW,Werder Bremen,137,3,FC Cologne,122,1,STATUS_FULL_TIME,Weserstadion,2017-2018,0,3,12,2018
487023,2018-03-16 19:30:00+00:00,VfB Stuttgart at SC Freiburg,VFB @ SCF,SC Freiburg,126,1,VfB Stuttgart,134,2,STATUS_FULL_TIME,Dreisamstadion,2017-2018,0,3,16,2018
487024,2018-03-17 14:30:00+00:00,Werder Bremen at FC Augsburg,SVW @ FCA,FC Augsburg,3841,1,Werder Bremen,137,3,STATUS_FULL_TIME,WWK Arena,2017-2018,0,3,17,2018
487022,2018-03-17 14:30:00+00:00,Hertha Berlin at Hamburg SV,BSC @ HSV,Hamburg SV,127,1,Hertha Berlin,129,2,STATUS_FULL_TIME,Volksparkstadion,2017-2018,0,3,17,2018
487017,2018-03-17 14:30:00+00:00,TSG Hoffenheim at Borussia Mönchengladbach,TSG @ BMG,Borussia Mönchengladbach,268,3,TSG Hoffenheim,7911,3,STATUS_FULL_TIME,BORUSSIA-PARK,2017-2018,0,3,17,2018
487016,2018-03-17 14:30:00+00:00,Mainz at Eintracht Frankfurt,M05 @ SGE,Eintracht Frankfurt,125,3,Mainz,2950,0,STATUS_FULL_TIME,Deutsche Bank Park,2017-2018,0,3,17,2018
487020,2018-03-17 17:30:00+00:00,Schalke 04 at VfL Wolfsburg,S04 @ WOB,VfL Wolfsburg,138,0,Schalke 04,133,1,STATUS_FULL_TIME,Volkswagen Arena,2017-2018,0,3,17,2018
487021,2018-03-18 12:30:00+00:00,Hannover 96 at Borussia Dortmund,H96 @ DOR,Borussia Dortmund,124,1,Hannover 96,2428,0,STATUS_FULL_TIME,SIGNAL IDUNA PARK,2017-2018,0,3,18,2018
487018,2018-03-18 14:30:00+00:00,Bayer Leverkusen at FC Cologne,B04 @ KOE,FC Cologne,122,2,Bayer Leverkusen,131,0,STATUS_FULL_TIME,RheinEnergieStadion,2017-2018,0,3,18,2018
487019,2018-03-18 17:00:00+00:00,Bayern Munich at RB Leipzig,MUN @ RBL,RB Leipzig,11420,2,Bayern Munich,132,1,STATUS_FULL_TIME,Red Bull Arena,2017-2018,0,3,18,2018
487011,2018-03-31 13:30:00+00:00,FC Augsburg at Bayer Leverkusen,FCA @ B04,Bayer Leverkusen,131,0,FC Augsburg,3841,0,STATUS_FULL_TIME,BayArena,2017-2018,0,3,31,2018
487013,2018-03-31 13:30:00+00:00,RB Leipzig at Hannover 96,RBL @ H96,Hannover 96,2428,2,RB Leipzig,11420,3,STATUS_FULL_TIME,Heinz von Heiden-Arena,2017-2018,0,3,31,2018
487014,2018-03-31 13:30:00+00:00,SC Freiburg at Schalke 04,SCF @ S04,Schalke 04,133,2,SC Freiburg,126,0,STATUS_FULL_TIME,VELTINS-Arena,2017-2018,0,3,31,2018
487007,2018-03-31 13:30:00+00:00,FC Cologne at TSG Hoffenheim,KOE @ TSG,TSG Hoffenheim,7911,6,FC Cologne,122,0,STATUS_FULL_TIME,PreZero Arena,2017-2018,0,3,31,2018
487012,2018-03-31 13:30:00+00:00,Hamburg SV at VfB Stuttgart,HSV @ VFB,VfB Stuttgart,134,1,Hamburg SV,127,1,STATUS_FULL_TIME,MHPArena,2017-2018,0,3,31,2018
487008,2018-03-31 16:30:00+00:00,Borussia Dortmund at Bayern Munich,DOR @ MUN,Bayern Munich,132,6,Borussia Dortmund,124,0,STATUS_FULL_TIME,Allianz Arena,2017-2018,0,3,31,2018
487015,2018-03-31 18:30:00+00:00,VfL Wolfsburg at Hertha Berlin,WOB @ BSC,Hertha Berlin,129,0,VfL Wolfsburg,138,0,STATUS_FULL_TIME,Olympiastadion Berlin,2017-2018,0,3,31,2018
487010,2018-04-01 13:30:00+00:00,Eintracht Frankfurt at Werder Bremen,SGE @ SVW,Werder Bremen,137,2,Eintracht Frankfurt,125,1,STATUS_FULL_TIME,Weserstadion,2017-2018,0,4,1,2018
487009,2018-04-01 16:00:00+00:00,Borussia Mönchengladbach at Mainz,BMG @ M05,Mainz,2950,0,Borussia Mönchengladbach,268,0,STATUS_FULL_TIME,MEWA ARENA,2017-2018,0,4,1,2018
487006,2018-04-06 18:30:00+00:00,Werder Bremen at Hannover 96,SVW @ H96,Hannover 96,2428,2,Werder Bremen,137,1,STATUS_FULL_TIME,Heinz von Heiden-Arena,2017-2018,0,4,6,2018
487003,2018-04-07 13:30:00+00:00,Hertha Berlin at Borussia Mönchengladbach,BSC @ BMG,Borussia Mönchengladbach,268,2,Hertha Berlin,129,1,STATUS_FULL_TIME,BORUSSIA-PARK,2017-2018,0,4,7,2018
487001,2018-04-07 13:30:00+00:00,Bayern Munich at FC Augsburg,MUN @ FCA,FC Augsburg,3841,1,Bayern Munich,132,4,STATUS_FULL_TIME,WWK Arena,2017-2018,0,4,7,2018
486998,2018-04-07 13:30:00+00:00,Mainz at FC Cologne,M05 @ KOE,FC Cologne,122,1,Mainz,2950,1,STATUS_FULL_TIME,RheinEnergieStadion,2017-2018,0,4,7,2018
487005,2018-04-07 13:30:00+00:00,VfL Wolfsburg at SC Freiburg,WOB @ SCF,SC Freiburg,126,0,VfL Wolfsburg,138,2,STATUS_FULL_TIME,Dreisamstadion,2017-2018,0,4,7,2018
487002,2018-04-07 16:30:00+00:00,Schalke 04 at Hamburg SV,S04 @ HSV,Hamburg SV,127,3,Schalke 04,133,2,STATUS_FULL_TIME,Volksparkstadion,2017-2018,0,4,7,2018
487004,2018-04-08 13:30:00+00:00,VfB Stuttgart at Borussia Dortmund,VFB @ DOR,Borussia Dortmund,124,3,VfB Stuttgart,134,0,STATUS_FULL_TIME,SIGNAL IDUNA PARK,2017-2018,0,4,8,2018
486999,2018-04-08 16:00:00+00:00,TSG Hoffenheim at Eintracht Frankfurt,TSG @ SGE,Eintracht Frankfurt,125,1,TSG Hoffenheim,7911,1,STATUS_FULL_TIME,Deutsche Bank Park,2017-2018,0,4,8,2018
487000,2018-04-09 18:30:00+00:00,Bayer Leverkusen at RB Leipzig,B04 @ RBL,RB Leipzig,11420,1,Bayer Leverkusen,131,4,STATUS_FULL_TIME,Red Bull Arena,2017-2018,0,4,9,2018
486993,2018-04-13 18:30:00+00:00,FC Augsburg at VfL Wolfsburg,FCA @ WOB,VfL Wolfsburg,138,0,FC Augsburg,3841,0,STATUS_FULL_TIME,Volkswagen Arena,2017-2018,0,4,13,2018
486989,2018-04-14 13:30:00+00:00,FC Cologne at Hertha Berlin,KOE @ BSC,Hertha Berlin,129,2,FC Cologne,122,1,STATUS_FULL_TIME,Olympiastadion Berlin,2017-2018,0,4,14,2018
486992,2018-04-14 13:30:00+00:00,Eintracht Frankfurt at Bayer Leverkusen,SGE @ B04,Bayer Leverkusen,131,4,Eintracht Frankfurt,125,1,STATUS_FULL_TIME,BayArena,2017-2018,0,4,14,2018
486995,2018-04-14 13:30:00+00:00,Hannover 96 at VfB Stuttgart,H96 @ VFB,VfB Stuttgart,134,1,Hannover 96,2428,1,STATUS_FULL_TIME,MHPArena,2017-2018,0,4,14,2018
486994,2018-04-14 13:30:00+00:00,Hamburg SV at TSG Hoffenheim,HSV @ TSG,TSG Hoffenheim,7911,2,Hamburg SV,127,0,STATUS_FULL_TIME,PreZero Arena,2017-2018,0,4,14,2018
486991,2018-04-14 16:30:00+00:00,Borussia Mönchengladbach at Bayern Munich,BMG @ MUN,Bayern Munich,132,5,Borussia Mönchengladbach,268,1,STATUS_FULL_TIME,Allianz Arena,2017-2018,0,4,14,2018
486990,2018-04-15 13:30:00+00:00,Borussia Dortmund at Schalke 04,DOR @ S04,Schalke 04,133,2,Borussia Dortmund,124,0,STATUS_FULL_TIME,VELTINS-Arena,2017-2018,0,4,15,2018
486996,2018-04-15 16:00:00+00:00,RB Leipzig at Werder Bremen,RBL @ SVW,Werder Bremen,137,1,RB Leipzig,11420,1,STATUS_FULL_TIME,Weserstadion,2017-2018,0,4,15,2018
486997,2018-04-16 18:30:00+00:00,SC Freiburg at Mainz,SCF @ M05,Mainz,2950,2,SC Freiburg,126,0,STATUS_FULL_TIME,MEWA ARENA,2017-2018,0,4,16,2018
486987,2018-04-20 18:30:00+00:00,VfL Wolfsburg at Borussia Mönchengladbach,WOB @ BMG,Borussia Mönchengladbach,268,3,VfL Wolfsburg,138,0,STATUS_FULL_TIME,BORUSSIA-PARK,2017-2018,0,4,20,2018
486985,2018-04-21 13:30:00+00:00,Hertha Berlin at Eintracht Frankfurt,BSC @ SGE,Eintracht Frankfurt,125,0,Hertha Berlin,129,3,STATUS_FULL_TIME,Deutsche Bank Park,2017-2018,0,4,21,2018
486988,2018-04-21 13:30:00+00:00,Werder Bremen at VfB Stuttgart,SVW @ VFB,VfB Stuttgart,134,2,Werder Bremen,137,0,STATUS_FULL_TIME,MHPArena,2017-2018,0,4,21,2018
486986,2018-04-21 13:30:00+00:00,SC Freiburg at Hamburg SV,SCF @ HSV,Hamburg SV,127,1,SC Freiburg,126,0,STATUS_FULL_TIME,Volksparkstadion,2017-2018,0,4,21,2018
486981,2018-04-21 13:30:00+00:00,TSG Hoffenheim at RB Leipzig,TSG @ RBL,RB Leipzig,11420,2,TSG Hoffenheim,7911,5,STATUS_FULL_TIME,Red Bull Arena,2017-2018,0,4,21,2018
486983,2018-04-21 13:30:00+00:00,Bayern Munich at Hannover 96,MUN @ H96,Hannover 96,2428,0,Bayern Munich,132,3,STATUS_FULL_TIME,Heinz von Heiden-Arena,2017-2018,0,4,21,2018
486982,2018-04-21 16:30:00+00:00,Bayer Leverkusen at Borussia Dortmund,B04 @ DOR,Borussia Dortmund,124,4,Bayer Leverkusen,131,0,STATUS_FULL_TIME,SIGNAL IDUNA PARK,2017-2018,0,4,21,2018
486980,2018-04-22 13:30:00+00:00,Mainz at FC Augsburg,M05 @ FCA,FC Augsburg,3841,2,Mainz,2950,0,STATUS_FULL_TIME,WWK Arena,2017-2018,0,4,22,2018
486984,2018-04-22 16:00:00+00:00,Schalke 04 at FC Cologne,S04 @ KOE,FC Cologne,122,2,Schalke 04,133,2,STATUS_FULL_TIME,RheinEnergieStadion,2017-2018,0,4,22,2018
486977,2018-04-27 18:30:00+00:00,Hannover 96 at TSG Hoffenheim,H96 @ TSG,TSG Hoffenheim,7911,3,Hannover 96,2428,1,STATUS_FULL_TIME,PreZero Arena,2017-2018,0,4,27,2018
486974,2018-04-28 13:30:00+00:00,Eintracht Frankfurt at Bayern Munich,SGE @ MUN,Bayern Munich,132,4,Eintracht Frankfurt,125,1,STATUS_FULL_TIME,Allianz Arena,2017-2018,0,4,28,2018
486975,2018-04-28 13:30:00+00:00,FC Augsburg at Hertha Berlin,FCA @ BSC,Hertha Berlin,129,2,FC Augsburg,3841,2,STATUS_FULL_TIME,Olympiastadion Berlin,2017-2018,0,4,28,2018
486971,2018-04-28 13:30:00+00:00,FC Cologne at SC Freiburg,KOE @ SCF,SC Freiburg,126,3,FC Cologne,122,2,STATUS_FULL_TIME,Dreisamstadion,2017-2018,0,4,28,2018
486973,2018-04-28 13:30:00+00:00,Borussia Mönchengladbach at Schalke 04,BMG @ S04,Schalke 04,133,1,Borussia Mönchengladbach,268,1,STATUS_FULL_TIME,VELTINS-Arena,2017-2018,0,4,28,2018
486976,2018-04-28 13:30:00+00:00,Hamburg SV at VfL Wolfsburg,HSV @ WOB,VfL Wolfsburg,138,1,Hamburg SV,127,3,STATUS_FULL_TIME,Volkswagen Arena,2017-2018,0,4,28,2018
486979,2018-04-28 16:30:00+00:00,VfB Stuttgart at Bayer Leverkusen,VFB @ B04,Bayer Leverkusen,131,0,VfB Stuttgart,134,1,STATUS_FULL_TIME,BayArena,2017-2018,0,4,28,2018
486978,2018-04-29 13:30:00+00:00,RB Leipzig at Mainz,RBL @ M05,Mainz,2950,3,RB Leipzig,11420,0,STATUS_FULL_TIME,MEWA ARENA,2017-2018,0,4,29,2018
486972,2018-04-29 16:00:00+00:00,Borussia Dortmund at Werder Bremen,DOR @ SVW,Werder Bremen,137,1,Borussia Dortmund,124,1,STATUS_FULL_TIME,Weserstadion,2017-2018,0,4,29,2018
486965,2018-05-05 13:30:00+00:00,Bayern Munich at FC Cologne,MUN @ KOE,FC Cologne,122,1,Bayern Munich,132,3,STATUS_FULL_TIME,RheinEnergieStadion,2017-2018,0,5,5,2018
486962,2018-05-05 13:30:00+00:00,Mainz at Borussia Dortmund,M05 @ DOR,Borussia Dortmund,124,1,Mainz,2950,2,STATUS_FULL_TIME,SIGNAL IDUNA PARK,2017-2018,0,5,5,2018
486967,2018-05-05 13:30:00+00:00,Hamburg SV at Eintracht Frankfurt,HSV @ SGE,Eintracht Frankfurt,125,3,Hamburg SV,127,0,STATUS_FULL_TIME,Deutsche Bank Park,2017-2018,0,5,5,2018
486966,2018-05-05 13:30:00+00:00,Schalke 04 at FC Augsburg,S04 @ FCA,FC Augsburg,3841,1,Schalke 04,133,2,STATUS_FULL_TIME,WWK Arena,2017-2018,0,5,5,2018
486963,2018-05-05 13:30:00+00:00,TSG Hoffenheim at VfB Stuttgart,TSG @ VFB,VfB Stuttgart,134,2,TSG Hoffenheim,7911,0,STATUS_FULL_TIME,MHPArena,2017-2018,0,5,5,2018
486968,2018-05-05 13:30:00+00:00,Hertha Berlin at Hannover 96,BSC @ H96,Hannover 96,2428,3,Hertha Berlin,129,1,STATUS_FULL_TIME,Heinz von Heiden-Arena,2017-2018,0,5,5,2018
486970,2018-05-05 13:30:00+00:00,VfL Wolfsburg at RB Leipzig,WOB @ RBL,RB Leipzig,11420,4,VfL Wolfsburg,138,1,STATUS_FULL_TIME,Red Bull Arena,2017-2018,0,5,5,2018
486964,2018-05-05 13:30:00+00:00,Bayer Leverkusen at Werder Bremen,B04 @ SVW,Werder Bremen,137,0,Bayer Leverkusen,131,0,STATUS_FULL_TIME,Weserstadion,2017-2018,0,5,5,2018
486969,2018-05-05 13:30:00+00:00,SC Freiburg at Borussia Mönchengladbach,SCF @ BMG,Borussia Mönchengladbach,268,3,SC Freiburg,126,1,STATUS_FULL_TIME,BORUSSIA-PARK,2017-2018,0,5,5,2018
486960,2018-05-12 13:30:00+00:00,VfB Stuttgart at Bayern Munich,VFB @ MUN,Bayern Munich,132,1,VfB Stuttgart,134,4,STATUS_FULL_TIME,Allianz Arena,2017-2018,0,5,12,2018
486961,2018-05-12 13:30:00+00:00,Werder Bremen at Mainz,SVW @ M05,Mainz,2950,1,Werder Bremen,137,2,STATUS_FULL_TIME,MEWA ARENA,2017-2018,0,5,12,2018
486958,2018-05-12 13:30:00+00:00,Hannover 96 at Bayer Leverkusen,H96 @ B04,Bayer Leverkusen,131,3,Hannover 96,2428,2,STATUS_FULL_TIME,BayArena,2017-2018,0,5,12,2018
486955,2018-05-12 13:30:00+00:00,Borussia Mönchengladbach at Hamburg SV,BMG @ HSV,Hamburg SV,127,2,Borussia Mönchengladbach,268,1,STATUS_FULL_TIME,Volksparkstadion,2017-2018,0,5,12,2018
486957,2018-05-12 13:30:00+00:00,FC Augsburg at SC Freiburg,FCA @ SCF,SC Freiburg,126,2,FC Augsburg,3841,0,STATUS_FULL_TIME,Dreisamstadion,2017-2018,0,5,12,2018
486954,2018-05-12 13:30:00+00:00,Borussia Dortmund at TSG Hoffenheim,DOR @ TSG,TSG Hoffenheim,7911,3,Borussia Dortmund,124,1,STATUS_FULL_TIME,PreZero Arena,2017-2018,0,5,12,2018
486953,2018-05-12 13:30:00+00:00,FC Cologne at VfL Wolfsburg,KOE @ WOB,VfL Wolfsburg,138,4,FC Cologne,122,1,STATUS_FULL_TIME,Volkswagen Arena,2017-2018,0,5,12,2018
486956,2018-05-12 13:30:00+00:00,Eintracht Frankfurt at Schalke 04,SGE @ S04,Schalke 04,133,1,Eintracht Frankfurt,125,0,STATUS_FULL_TIME,VELTINS-Arena,2017-2018,0,5,12,2018
486959,2018-05-12 13:30:00+00:00,RB Leipzig at Hertha Berlin,RBL @ BSC,Hertha Berlin,129,2,RB Leipzig,11420,6,STATUS_FULL_TIME,Olympiastadion Berlin,2017-2018,0,5,12,2018
517891,2018-08-24 18:30:00+00:00,TSG Hoffenheim at Bayern Munich,TSG @ MUN,Bayern Munich,132,3,TSG Hoffenheim,7911,1,STATUS_FULL_TIME,Allianz Arena,2018-2019,0,8,24,2018
517889,2018-08-25 13:30:00+00:00,Schalke 04 at VfL Wolfsburg,S04 @ WOB,VfL Wolfsburg,138,2,Schalke 04,133,1,STATUS_FULL_TIME,Volkswagen Arena,2018-2019,0,8,25,2018
517887,2018-08-25 13:30:00+00:00,Hannover 96 at Werder Bremen,H96 @ SVW,Werder Bremen,137,1,Hannover 96,2428,1,STATUS_FULL_TIME,Weserstadion,2018-2019,0,8,25,2018
517886,2018-08-25 13:30:00+00:00,FC Augsburg at Fortuna Düsseldorf,FCA @ F95,Fortuna Düsseldorf,9707,1,FC Augsburg,3841,2,STATUS_FULL_TIME,Merkur Spiel-Arena,2018-2019,0,8,25,2018
517883,2018-08-25 13:30:00+00:00,1. FC Nürnberg at Hertha Berlin,FCN @ BSC,Hertha Berlin,129,1,1. FC Nürnberg,269,0,STATUS_FULL_TIME,Olympiastadion Berlin,2018-2019,0,8,25,2018
517885,2018-08-25 13:30:00+00:00,Eintracht Frankfurt at SC Freiburg,SGE @ SCF,SC Freiburg,126,0,Eintracht Frankfurt,125,2,STATUS_FULL_TIME,Dreisamstadion,2018-2019,0,8,25,2018
517884,2018-08-25 16:30:00+00:00,Bayer Leverkusen at Borussia Mönchengladbach,B04 @ BMG,Borussia Mönchengladbach,268,2,Bayer Leverkusen,131,0,STATUS_FULL_TIME,BORUSSIA-PARK,2018-2019,0,8,25,2018
517890,2018-08-26 13:30:00+00:00,VfB Stuttgart at Mainz,VFB @ M05,Mainz,2950,1,VfB Stuttgart,134,0,STATUS_FULL_TIME,MEWA ARENA,2018-2019,0,8,26,2018
517888,2018-08-26 16:00:00+00:00,RB Leipzig at Borussia Dortmund,RBL @ DOR,Borussia Dortmund,124,4,RB Leipzig,11420,1,STATUS_FULL_TIME,SIGNAL IDUNA PARK,2018-2019,0,8,26,2018
517875,2018-08-31 18:30:00+00:00,Borussia Dortmund at Hannover 96,DOR @ H96,Hannover 96,2428,0,Borussia Dortmund,124,0,STATUS_FULL_TIME,Heinz von Heiden-Arena,2018-2019,0,8,31,2018
517880,2018-09-01 13:30:00+00:00,Mainz at 1. FC Nürnberg,M05 @ FCN,1. FC Nürnberg,269,1,Mainz,2950,1,STATUS_FULL_TIME,Max-Morlock-Stadion,2018-2019,0,9,1,2018
517882,2018-09-01 13:30:00+00:00,VfL Wolfsburg at Bayer Leverkusen,WOB @ B04,Bayer Leverkusen,131,1,VfL Wolfsburg,138,3,STATUS_FULL_TIME,BayArena,2018-2019,0,9,1,2018
517881,2018-09-01 13:30:00+00:00,Werder Bremen at Eintracht Frankfurt,SVW @ SGE,Eintracht Frankfurt,125,1,Werder Bremen,137,2,STATUS_FULL_TIME,Deutsche Bank Park,2018-2019,0,9,1,2018
517876,2018-09-01 13:30:00+00:00,Borussia Mönchengladbach at FC Augsburg,BMG @ FCA,FC Augsburg,3841,1,Borussia Mönchengladbach,268,1,STATUS_FULL_TIME,WWK Arena,2018-2019,0,9,1,2018
517878,2018-09-01 13:30:00+00:00,SC Freiburg at TSG Hoffenheim,SCF @ TSG,TSG Hoffenheim,7911,3,SC Freiburg,126,1,STATUS_FULL_TIME,PreZero Arena,2018-2019,0,9,1,2018
517874,2018-09-01 16:30:00+00:00,Bayern Munich at VfB Stuttgart,MUN @ VFB,VfB Stuttgart,134,0,Bayern Munich,132,3,STATUS_FULL_TIME,MHPArena,2018-2019,0,9,1,2018
517877,2018-09-02 13:30:00+00:00,Fortuna Düsseldorf at RB Leipzig,F95 @ RBL,RB Leipzig,11420,1,Fortuna Düsseldorf,9707,1,STATUS_FULL_TIME,Red Bull Arena,2018-2019,0,9,2,2018
517879,2018-09-02 16:00:00+00:00,Hertha Berlin at Schalke 04,BSC @ S04,Schalke 04,133,0,Hertha Berlin,129,2,STATUS_FULL_TIME,VELTINS-Arena,2018-2019,0,9,2,2018
517867,2018-09-14 18:30:00+00:00,Eintracht Frankfurt at Borussia Dortmund,SGE @ DOR,Borussia Dortmund,124,3,Eintracht Frankfurt,125,1,STATUS_FULL_TIME,SIGNAL IDUNA PARK,2018-2019,0,9,14,2018
517866,2018-09-15 13:30:00+00:00,Bayer Leverkusen at Bayern Munich,B04 @ MUN,Bayern Munich,132,3,Bayer Leverkusen,131,1,STATUS_FULL_TIME,Allianz Arena,2018-2019,0,9,15,2018
517871,2018-09-15 13:30:00+00:00,TSG Hoffenheim at Fortuna Düsseldorf,TSG @ F95,Fortuna Düsseldorf,9707,2,TSG Hoffenheim,7911,1,STATUS_FULL_TIME,Merkur Spiel-Arena,2018-2019,0,9,15,2018
517868,2018-09-15 13:30:00+00:00,FC Augsburg at Mainz,FCA @ M05,Mainz,2950,2,FC Augsburg,3841,1,STATUS_FULL_TIME,MEWA ARENA,2018-2019,0,9,15,2018
517869,2018-09-15 13:30:00+00:00,Hannover 96 at RB Leipzig,H96 @ RBL,RB Leipzig,11420,3,Hannover 96,2428,2,STATUS_FULL_TIME,Red Bull Arena,2018-2019,0,9,15,2018
517870,2018-09-15 13:30:00+00:00,Hertha Berlin at VfL Wolfsburg,BSC @ WOB,VfL Wolfsburg,138,2,Hertha Berlin,129,2,STATUS_FULL_TIME,Volkswagen Arena,2018-2019,0,9,15,2018
517872,2018-09-15 16:30:00+00:00,Schalke 04 at Borussia Mönchengladbach,S04 @ BMG,Borussia Mönchengladbach,268,2,Schalke 04,133,1,STATUS_FULL_TIME,BORUSSIA-PARK,2018-2019,0,9,15,2018
517865,2018-09-16 13:30:00+00:00,1. FC Nürnberg at Werder Bremen,FCN @ SVW,Werder Bremen,137,1,1. FC Nürnberg,269,1,STATUS_FULL_TIME,Weserstadion,2018-2019,0,9,16,2018
517873,2018-09-16 16:00:00+00:00,VfB Stuttgart at SC Freiburg,VFB @ SCF,SC Freiburg,126,3,VfB Stuttgart,134,3,STATUS_FULL_TIME,Dreisamstadion,2018-2019,0,9,16,2018
517859,2018-09-21 18:30:00+00:00,Fortuna Düsseldorf at VfB Stuttgart,F95 @ VFB,VfB Stuttgart,134,0,Fortuna Düsseldorf,9707,0,STATUS_FULL_TIME,MHPArena,2018-2019,0,9,21,2018
517861,2018-09-22 13:30:00+00:00,Hannover 96 at 1. FC Nürnberg,H96 @ FCN,1. FC Nürnberg,269,2,Hannover 96,2428,0,STATUS_FULL_TIME,Max-Morlock-Stadion,2018-2019,0,9,22,2018
517864,2018-09-22 13:30:00+00:00,Werder Bremen at FC Augsburg,SVW @ FCA,FC Augsburg,3841,2,Werder Bremen,137,3,STATUS_FULL_TIME,WWK Arena,2018-2019,0,9,22,2018
517858,2018-09-22 13:30:00+00:00,Borussia Mönchengladbach at Hertha Berlin,BMG @ BSC,Hertha Berlin,129,4,Borussia Mönchengladbach,268,2,STATUS_FULL_TIME,Olympiastadion Berlin,2018-2019,0,9,22,2018
517857,2018-09-22 13:30:00+00:00,Borussia Dortmund at TSG Hoffenheim,DOR @ TSG,TSG Hoffenheim,7911,1,Borussia Dortmund,124,1,STATUS_FULL_TIME,PreZero Arena,2018-2019,0,9,22,2018
517860,2018-09-22 13:30:00+00:00,SC Freiburg at VfL Wolfsburg,SCF @ WOB,VfL Wolfsburg,138,1,SC Freiburg,126,3,STATUS_FULL_TIME,Volkswagen Arena,2018-2019,0,9,22,2018
517856,2018-09-22 16:30:00+00:00,Bayern Munich at Schalke 04,MUN @ S04,Schalke 04,133,0,Bayern Munich,132,2,STATUS_FULL_TIME,VELTINS-Arena,2018-2019,0,9,22,2018
517862,2018-09-23 13:30:00+00:00,Mainz at Bayer Leverkusen,M05 @ B04,Bayer Leverkusen,131,1,Mainz,2950,0,STATUS_FULL_TIME,BayArena,2018-2019,0,9,23,2018
517863,2018-09-23 16:00:00+00:00,RB Leipzig at Eintracht Frankfurt,RBL @ SGE,Eintracht Frankfurt,125,1,RB Leipzig,11420,1,STATUS_FULL_TIME,Deutsche Bank Park,2018-2019,0,9,23,2018
517851,2018-09-25 16:30:00+00:00,Hertha Berlin at Werder Bremen,BSC @ SVW,Werder Bremen,137,3,Hertha Berlin,129,1,STATUS_FULL_TIME,Weserstadion,2018-2019,0,9,25,2018
517850,2018-09-25 18:30:00+00:00,FC Augsburg at Bayern Munich,FCA @ MUN,Bayern Munich,132,1,FC Augsburg,3841,1,STATUS_FULL_TIME,Allianz Arena,2018-2019,0,9,25,2018
517852,2018-09-25 18:30:00+00:00,TSG Hoffenheim at Hannover 96,TSG @ H96,Hannover 96,2428,1,TSG Hoffenheim,7911,3,STATUS_FULL_TIME,Heinz von Heiden-Arena,2018-2019,0,9,25,2018
517853,2018-09-25 18:30:00+00:00,Schalke 04 at SC Freiburg,S04 @ SCF,SC Freiburg,126,1,Schalke 04,133,0,STATUS_FULL_TIME,Dreisamstadion,2018-2019,0,9,25,2018
517848,2018-09-26 16:30:00+00:00,Bayer Leverkusen at Fortuna Düsseldorf,B04 @ F95,Fortuna Düsseldorf,9707,1,Bayer Leverkusen,131,2,STATUS_FULL_TIME,Merkur Spiel-Arena,2018-2019,0,9,26,2018
517847,2018-09-26 18:30:00+00:00,1. FC Nürnberg at Borussia Dortmund,FCN @ DOR,Borussia Dortmund,124,7,1. FC Nürnberg,269,0,STATUS_FULL_TIME,SIGNAL IDUNA PARK,2018-2019,0,9,26,2018
517849,2018-09-26 18:30:00+00:00,Eintracht Frankfurt at Borussia Mönchengladbach,SGE @ BMG,Borussia Mönchengladbach,268,3,Eintracht Frankfurt,125,1,STATUS_FULL_TIME,BORUSSIA-PARK,2018-2019,0,9,26,2018
517855,2018-09-26 18:30:00+00:00,VfL Wolfsburg at Mainz,WOB @ M05,Mainz,2950,0,VfL Wolfsburg,138,0,STATUS_FULL_TIME,MEWA ARENA,2018-2019,0,9,26,2018
517854,2018-09-26 18:30:00+00:00,VfB Stuttgart at RB Leipzig,VFB @ RBL,RB Leipzig,11420,2,VfB Stuttgart,134,0,STATUS_FULL_TIME,Red Bull Arena,2018-2019,0,9,26,2018
517838,2018-09-28 18:30:00+00:00,Bayern Munich at Hertha Berlin,MUN @ BSC,Hertha Berlin,129,2,Bayern Munich,132,0,STATUS_FULL_TIME,Olympiastadion Berlin,2018-2019,0,9,28,2018
517841,2018-09-29 13:30:00+00:00,Fortuna Düsseldorf at 1. FC Nürnberg,F95 @ FCN,1. FC Nürnberg,269,3,Fortuna Düsseldorf,9707,0,STATUS_FULL_TIME,Max-Morlock-Stadion,2018-2019,0,9,29,2018
517844,2018-09-29 13:30:00+00:00,Mainz at Schalke 04,M05 @ S04,Schalke 04,133,1,Mainz,2950,0,STATUS_FULL_TIME,VELTINS-Arena,2018-2019,0,9,29,2018
517845,2018-09-29 13:30:00+00:00,RB Leipzig at TSG Hoffenheim,RBL @ TSG,TSG Hoffenheim,7911,1,RB Leipzig,11420,2,STATUS_FULL_TIME,PreZero Arena,2018-2019,0,9,29,2018
517846,2018-09-29 13:30:00+00:00,Werder Bremen at VfB Stuttgart,SVW @ VFB,VfB Stuttgart,134,2,Werder Bremen,137,1,STATUS_FULL_TIME,MHPArena,2018-2019,0,9,29,2018
517840,2018-09-29 13:30:00+00:00,Borussia Mönchengladbach at VfL Wolfsburg,BMG @ WOB,VfL Wolfsburg,138,2,Borussia Mönchengladbach,268,2,STATUS_FULL_TIME,Volkswagen Arena,2018-2019,0,9,29,2018
517839,2018-09-29 16:30:00+00:00,Borussia Dortmund at Bayer Leverkusen,DOR @ B04,Bayer Leverkusen,131,2,Borussia Dortmund,124,4,STATUS_FULL_TIME,BayArena,2018-2019,0,9,29,2018
517843,2018-09-30 13:30:00+00:00,Hannover 96 at Eintracht Frankfurt,H96 @ SGE,Eintracht Frankfurt,125,4,Hannover 96,2428,1,STATUS_FULL_TIME,Deutsche Bank Park,2018-2019,0,9,30,2018
517842,2018-09-30 16:00:00+00:00,SC Freiburg at FC Augsburg,SCF @ FCA,FC Augsburg,3841,4,SC Freiburg,126,1,STATUS_FULL_TIME,WWK Arena,2018-2019,0,9,30,2018
517837,2018-10-05 18:30:00+00:00,VfL Wolfsburg at Werder Bremen,WOB @ SVW,Werder Bremen,137,2,VfL Wolfsburg,138,0,STATUS_FULL_TIME,Weserstadion,2018-2019,0,10,5,2018
517833,2018-10-06 13:30:00+00:00,FC Augsburg at Borussia Dortmund,FCA @ DOR,Borussia Dortmund,124,4,FC Augsburg,3841,3,STATUS_FULL_TIME,SIGNAL IDUNA PARK,2018-2019,0,10,6,2018
517835,2018-10-06 13:30:00+00:00,Schalke 04 at Fortuna Düsseldorf,S04 @ F95,Fortuna Düsseldorf,9707,0,Schalke 04,133,2,STATUS_FULL_TIME,Merkur Spiel-Arena,2018-2019,0,10,6,2018
517836,2018-10-06 13:30:00+00:00,VfB Stuttgart at Hannover 96,VFB @ H96,Hannover 96,2428,3,VfB Stuttgart,134,1,STATUS_FULL_TIME,Heinz von Heiden-Arena,2018-2019,0,10,6,2018
517834,2018-10-06 13:30:00+00:00,Hertha Berlin at Mainz,BSC @ M05,Mainz,2950,0,Hertha Berlin,129,0,STATUS_FULL_TIME,MEWA ARENA,2018-2019,0,10,6,2018
517831,2018-10-06 16:30:00+00:00,Borussia Mönchengladbach at Bayern Munich,BMG @ MUN,Bayern Munich,132,0,Borussia Mönchengladbach,268,3,STATUS_FULL_TIME,Allianz Arena,2018-2019,0,10,6,2018
517830,2018-10-07 11:30:00+00:00,Bayer Leverkusen at SC Freiburg,B04 @ SCF,SC Freiburg,126,0,Bayer Leverkusen,131,0,STATUS_FULL_TIME,Dreisamstadion,2018-2019,0,10,7,2018
517832,2018-10-07 13:30:00+00:00,Eintracht Frankfurt at TSG Hoffenheim,SGE @ TSG,TSG Hoffenheim,7911,1,Eintracht Frankfurt,125,2,STATUS_FULL_TIME,PreZero Arena,2018-2019,0,10,7,2018
517829,2018-10-07 16:00:00+00:00,1. FC Nürnberg at RB Leipzig,FCN @ RBL,RB Leipzig,11420,6,1. FC Nürnberg,269,0,STATUS_FULL_TIME,Red Bull Arena,2018-2019,0,10,7,2018
517822,2018-10-19 18:30:00+00:00,Fortuna Düsseldorf at Eintracht Frankfurt,F95 @ SGE,Eintracht Frankfurt,125,7,Fortuna Düsseldorf,9707,1,STATUS_FULL_TIME,Deutsche Bank Park,2018-2019,0,10,19,2018
517825,2018-10-20 13:30:00+00:00,TSG Hoffenheim at 1. FC Nürnberg,TSG @ FCN,1. FC Nürnberg,269,1,TSG Hoffenheim,7911,3,STATUS_FULL_TIME,Max-Morlock-Stadion,2018-2019,0,10,20,2018
517820,2018-10-20 13:30:00+00:00,Bayern Munich at VfL Wolfsburg,MUN @ WOB,VfL Wolfsburg,138,1,Bayern Munich,132,3,STATUS_FULL_TIME,Volkswagen Arena,2018-2019,0,10,20,2018
517824,2018-10-20 13:30:00+00:00,Hannover 96 at Bayer Leverkusen,H96 @ B04,Bayer Leverkusen,131,2,Hannover 96,2428,2,STATUS_FULL_TIME,BayArena,2018-2019,0,10,20,2018
517821,2018-10-20 13:30:00+00:00,Borussia Dortmund at VfB Stuttgart,DOR @ VFB,VfB Stuttgart,134,0,Borussia Dortmund,124,4,STATUS_FULL_TIME,MHPArena,2018-2019,0,10,20,2018
517827,2018-10-20 13:30:00+00:00,RB Leipzig at FC Augsburg,RBL @ FCA,FC Augsburg,3841,0,RB Leipzig,11420,0,STATUS_FULL_TIME,WWK Arena,2018-2019,0,10,20,2018
517828,2018-10-20 16:30:00+00:00,Werder Bremen at Schalke 04,SVW @ S04,Schalke 04,133,0,Werder Bremen,137,2,STATUS_FULL_TIME,VELTINS-Arena,2018-2019,0,10,20,2018
517823,2018-10-21 13:30:00+00:00,SC Freiburg at Hertha Berlin,SCF @ BSC,Hertha Berlin,129,1,SC Freiburg,126,1,STATUS_FULL_TIME,Olympiastadion Berlin,2018-2019,0,10,21,2018
517826,2018-10-21 16:00:00+00:00,Mainz at Borussia Mönchengladbach,M05 @ BMG,Borussia Mönchengladbach,268,4,Mainz,2950,0,STATUS_FULL_TIME,BORUSSIA-PARK,2018-2019,0,10,21,2018
517813,2018-10-26 18:30:00+00:00,Borussia Mönchengladbach at SC Freiburg,BMG @ SCF,SC Freiburg,126,3,Borussia Mönchengladbach,268,1,STATUS_FULL_TIME,Dreisamstadion,2018-2019,0,10,26,2018
517816,2018-10-27 13:30:00+00:00,Hertha Berlin at Borussia Dortmund,BSC @ DOR,Borussia Dortmund,124,2,Hertha Berlin,129,2,STATUS_FULL_TIME,SIGNAL IDUNA PARK,2018-2019,0,10,27,2018
517819,2018-10-27 13:30:00+00:00,VfL Wolfsburg at Fortuna Düsseldorf,WOB @ F95,Fortuna Düsseldorf,9707,0,VfL Wolfsburg,138,3,STATUS_FULL_TIME,Merkur Spiel-Arena,2018-2019,0,10,27,2018
517815,2018-10-27 13:30:00+00:00,FC Augsburg at Hannover 96,FCA @ H96,Hannover 96,2428,1,FC Augsburg,3841,2,STATUS_FULL_TIME,Heinz von Heiden-Arena,2018-2019,0,10,27,2018
517812,2018-10-27 13:30:00+00:00,Bayern Munich at Mainz,MUN @ M05,Mainz,2950,1,Bayern Munich,132,2,STATUS_FULL_TIME,MEWA ARENA,2018-2019,0,10,27,2018
517818,2018-10-27 16:30:00+00:00,VfB Stuttgart at TSG Hoffenheim,VFB @ TSG,TSG Hoffenheim,7911,4,VfB Stuttgart,134,0,STATUS_FULL_TIME,PreZero Arena,2018-2019,0,10,27,2018
517814,2018-10-28 12:30:00+00:00,Eintracht Frankfurt at 1. FC Nürnberg,SGE @ FCN,1. FC Nürnberg,269,1,Eintracht Frankfurt,125,1,STATUS_FULL_TIME,Max-Morlock-Stadion,2018-2019,0,10,28,2018
517817,2018-10-28 14:30:00+00:00,Schalke 04 at RB Leipzig,S04 @ RBL,RB Leipzig,11420,0,Schalke 04,133,0,STATUS_FULL_TIME,Red Bull Arena,2018-2019,0,10,28,2018
517811,2018-10-28 17:00:00+00:00,Bayer Leverkusen at Werder Bremen,B04 @ SVW,Werder Bremen,137,2,Bayer Leverkusen,131,6,STATUS_FULL_TIME,Weserstadion,2018-2019,0,10,28,2018
517804,2018-11-02 19:30:00+00:00,Eintracht Frankfurt at VfB Stuttgart,SGE @ VFB,VfB Stuttgart,134,0,Eintracht Frankfurt,125,3,STATUS_FULL_TIME,MHPArena,2018-2019,0,11,2,2018
517808,2018-11-03 14:30:00+00:00,TSG Hoffenheim at Bayer Leverkusen,TSG @ B04,Bayer Leverkusen,131,1,TSG Hoffenheim,7911,4,STATUS_FULL_TIME,BayArena,2018-2019,0,11,3,2018
517806,2018-11-03 14:30:00+00:00,SC Freiburg at Bayern Munich,SCF @ MUN,Bayern Munich,132,1,SC Freiburg,126,1,STATUS_FULL_TIME,Allianz Arena,2018-2019,0,11,3,2018
517802,2018-11-03 14:30:00+00:00,1. FC Nürnberg at FC Augsburg,FCN @ FCA,FC Augsburg,3841,2,1. FC Nürnberg,269,2,STATUS_FULL_TIME,WWK Arena,2018-2019,0,11,3,2018
517807,2018-11-03 14:30:00+00:00,Hannover 96 at Schalke 04,H96 @ S04,Schalke 04,133,3,Hannover 96,2428,1,STATUS_FULL_TIME,VELTINS-Arena,2018-2019,0,11,3,2018
517803,2018-11-03 14:30:00+00:00,Borussia Dortmund at VfL Wolfsburg,DOR @ WOB,VfL Wolfsburg,138,0,Borussia Dortmund,124,1,STATUS_FULL_TIME,Volkswagen Arena,2018-2019,0,11,3,2018
517809,2018-11-03 17:30:00+00:00,RB Leipzig at Hertha Berlin,RBL @ BSC,Hertha Berlin,129,0,RB Leipzig,11420,3,STATUS_FULL_TIME,Olympiastadion Berlin,2018-2019,0,11,3,2018
517805,2018-11-04 14:30:00+00:00,Fortuna Düsseldorf at Borussia Mönchengladbach,F95 @ BMG,Borussia Mönchengladbach,268,3,Fortuna Düsseldorf,9707,0,STATUS_FULL_TIME,BORUSSIA-PARK,2018-2019,0,11,4,2018
517810,2018-11-04 17:00:00+00:00,Werder Bremen at Mainz,SVW @ M05,Mainz,2950,2,Werder Bremen,137,1,STATUS_FULL_TIME,MEWA ARENA,2018-2019,0,11,4,2018
517801,2018-11-09 19:30:00+00:00,VfL Wolfsburg at Hannover 96,WOB @ H96,Hannover 96,2428,2,VfL Wolfsburg,138,1,STATUS_FULL_TIME,Heinz von Heiden-Arena,2018-2019,0,11,9,2018
517800,2018-11-10 14:30:00+00:00,VfB Stuttgart at 1. FC Nürnberg,VFB @ FCN,1. FC Nürnberg,269,0,VfB Stuttgart,134,2,STATUS_FULL_TIME,Max-Morlock-Stadion,2018-2019,0,11,10,2018
517797,2018-11-10 14:30:00+00:00,Hertha Berlin at Fortuna Düsseldorf,BSC @ F95,Fortuna Düsseldorf,9707,4,Hertha Berlin,129,1,STATUS_FULL_TIME,Merkur Spiel-Arena,2018-2019,0,11,10,2018
517798,2018-11-10 14:30:00+00:00,Mainz at SC Freiburg,M05 @ SCF,SC Freiburg,126,1,Mainz,2950,3,STATUS_FULL_TIME,Dreisamstadion,2018-2019,0,11,10,2018
517796,2018-11-10 14:30:00+00:00,FC Augsburg at TSG Hoffenheim,FCA @ TSG,TSG Hoffenheim,7911,2,FC Augsburg,3841,1,STATUS_FULL_TIME,PreZero Arena,2018-2019,0,11,10,2018
517795,2018-11-10 14:30:00+00:00,Borussia Mönchengladbach at Werder Bremen,BMG @ SVW,Werder Bremen,137,1,Borussia Mönchengladbach,268,3,STATUS_FULL_TIME,Weserstadion,2018-2019,0,11,10,2018
517794,2018-11-10 17:30:00+00:00,Bayern Munich at Borussia Dortmund,MUN @ DOR,Borussia Dortmund,124,3,Bayern Munich,132,2,STATUS_FULL_TIME,SIGNAL IDUNA PARK,2018-2019,0,11,10,2018
517793,2018-11-11 14:30:00+00:00,Bayer Leverkusen at RB Leipzig,B04 @ RBL,RB Leipzig,11420,3,Bayer Leverkusen,131,0,STATUS_FULL_TIME,Red Bull Arena,2018-2019,0,11,11,2018
517799,2018-11-11 17:00:00+00:00,Schalke 04 at Eintracht Frankfurt,S04 @ SGE,Eintracht Frankfurt,125,3,Schalke 04,133,0,STATUS_FULL_TIME,Deutsche Bank Park,2018-2019,0,11,11,2018
517791,2018-11-23 19:30:00+00:00,VfB Stuttgart at Bayer Leverkusen,VFB @ B04,Bayer Leverkusen,131,2,VfB Stuttgart,134,0,STATUS_FULL_TIME,BayArena,2018-2019,0,11,23,2018
517787,2018-11-24 14:30:00+00:00,Fortuna Düsseldorf at Bayern Munich,F95 @ MUN,Bayern Munich,132,3,Fortuna Düsseldorf,9707,3,STATUS_FULL_TIME,Allianz Arena,2018-2019,0,11,24,2018
517786,2018-11-24 14:30:00+00:00,Eintracht Frankfurt at FC Augsburg,SGE @ FCA,FC Augsburg,3841,1,Eintracht Frankfurt,125,3,STATUS_FULL_TIME,WWK Arena,2018-2019,0,11,24,2018
517789,2018-11-24 14:30:00+00:00,TSG Hoffenheim at Hertha Berlin,TSG @ BSC,Hertha Berlin,129,3,TSG Hoffenheim,7911,3,STATUS_FULL_TIME,Olympiastadion Berlin,2018-2019,0,11,24,2018
517785,2018-11-24 14:30:00+00:00,Borussia Dortmund at Mainz,DOR @ M05,Mainz,2950,1,Borussia Dortmund,124,2,STATUS_FULL_TIME,MEWA ARENA,2018-2019,0,11,24,2018
517790,2018-11-24 14:30:00+00:00,RB Leipzig at VfL Wolfsburg,RBL @ WOB,VfL Wolfsburg,138,1,RB Leipzig,11420,0,STATUS_FULL_TIME,Volkswagen Arena,2018-2019,0,11,24,2018
517784,2018-11-24 17:30:00+00:00,1. FC Nürnberg at Schalke 04,FCN @ S04,Schalke 04,133,5,1. FC Nürnberg,269,2,STATUS_FULL_TIME,VELTINS-Arena,2018-2019,0,11,24,2018
517792,2018-11-25 14:30:00+00:00,Werder Bremen at SC Freiburg,SVW @ SCF,SC Freiburg,126,1,Werder Bremen,137,1,STATUS_FULL_TIME,Dreisamstadion,2018-2019,0,11,25,2018
517788,2018-11-25 17:00:00+00:00,Hannover 96 at Borussia Mönchengladbach,H96 @ BMG,Borussia Mönchengladbach,268,4,Hannover 96,2428,1,STATUS_FULL_TIME,BORUSSIA-PARK,2018-2019,0,11,25,2018
517781,2018-11-30 19:30:00+00:00,Mainz at Fortuna Düsseldorf,M05 @ F95,Fortuna Düsseldorf,9707,0,Mainz,2950,1,STATUS_FULL_TIME,Merkur Spiel-Arena,2018-2019,0,11,30,2018
517779,2018-12-01 14:30:00+00:00,SC Freiburg at Borussia Dortmund,SCF @ DOR,Borussia Dortmund,124,2,SC Freiburg,126,0,STATUS_FULL_TIME,SIGNAL IDUNA PARK,2018-2019,0,12,1,2018
517780,2018-12-01 14:30:00+00:00,Hertha Berlin at Hannover 96,BSC @ H96,Hannover 96,2428,0,Hertha Berlin,129,2,STATUS_FULL_TIME,Heinz von Heiden-Arena,2018-2019,0,12,1,2018
517778,2018-12-01 14:30:00+00:00,FC Augsburg at VfB Stuttgart,FCA @ VFB,VfB Stuttgart,134,1,FC Augsburg,3841,0,STATUS_FULL_TIME,MHPArena,2018-2019,0,12,1,2018
517776,2018-12-01 14:30:00+00:00,Bayern Munich at Werder Bremen,MUN @ SVW,Werder Bremen,137,1,Bayern Munich,132,2,STATUS_FULL_TIME,Weserstadion,2018-2019,0,12,1,2018
517782,2018-12-01 17:30:00+00:00,Schalke 04 at TSG Hoffenheim,S04 @ TSG,TSG Hoffenheim,7911,1,Schalke 04,133,1,STATUS_FULL_TIME,PreZero Arena,2018-2019,0,12,1,2018
517777,2018-12-02 14:30:00+00:00,Borussia Mönchengladbach at RB Leipzig,BMG @ RBL,RB Leipzig,11420,2,Borussia Mönchengladbach,268,0,STATUS_FULL_TIME,Red Bull Arena,2018-2019,0,12,2,2018
517783,2018-12-02 17:00:00+00:00,VfL Wolfsburg at Eintracht Frankfurt,WOB @ SGE,Eintracht Frankfurt,125,1,VfL Wolfsburg,138,2,STATUS_FULL_TIME,Deutsche Bank Park,2018-2019,0,12,2,2018
517775,2018-12-03 19:30:00+00:00,Bayer Leverkusen at 1. FC Nürnberg,B04 @ FCN,1. FC Nürnberg,269,1,Bayer Leverkusen,131,1,STATUS_FULL_TIME,Max-Morlock-Stadion,2018-2019,0,12,3,2018
517770,2018-12-07 19:30:00+00:00,Fortuna Düsseldorf at Werder Bremen,F95 @ SVW,Werder Bremen,137,3,Fortuna Düsseldorf,9707,1,STATUS_FULL_TIME,Weserstadion,2018-2019,0,12,7,2018
517769,2018-12-08 14:30:00+00:00,FC Augsburg at Bayer Leverkusen,FCA @ B04,Bayer Leverkusen,131,1,FC Augsburg,3841,0,STATUS_FULL_TIME,BayArena,2018-2019,0,12,8,2018
517766,2018-12-08 14:30:00+00:00,1. FC Nürnberg at Bayern Munich,FCN @ MUN,Bayern Munich,132,3,1. FC Nürnberg,269,0,STATUS_FULL_TIME,Allianz Arena,2018-2019,0,12,8,2018
517773,2018-12-08 14:30:00+00:00,RB Leipzig at SC Freiburg,RBL @ SCF,SC Freiburg,126,3,RB Leipzig,11420,0,STATUS_FULL_TIME,Dreisamstadion,2018-2019,0,12,8,2018
517767,2018-12-08 14:30:00+00:00,Borussia Dortmund at Schalke 04,DOR @ S04,Schalke 04,133,1,Borussia Dortmund,124,2,STATUS_FULL_TIME,VELTINS-Arena,2018-2019,0,12,8,2018
517772,2018-12-08 14:30:00+00:00,TSG Hoffenheim at VfL Wolfsburg,TSG @ WOB,VfL Wolfsburg,138,2,TSG Hoffenheim,7911,2,STATUS_FULL_TIME,Volkswagen Arena,2018-2019,0,12,8,2018
517768,2018-12-08 17:30:00+00:00,Eintracht Frankfurt at Hertha Berlin,SGE @ BSC,Hertha Berlin,129,1,Eintracht Frankfurt,125,0,STATUS_FULL_TIME,Olympiastadion Berlin,2018-2019,0,12,8,2018
517771,2018-12-09 14:30:00+00:00,Hannover 96 at Mainz,H96 @ M05,Mainz,2950,1,Hannover 96,2428,1,STATUS_FULL_TIME,MEWA ARENA,2018-2019,0,12,9,2018
517774,2018-12-09 17:00:00+00:00,VfB Stuttgart at Borussia Mönchengladbach,VFB @ BMG,Borussia Mönchengladbach,268,3,VfB Stuttgart,134,0,STATUS_FULL_TIME,BORUSSIA-PARK,2018-2019,0,12,9,2018
517765,2018-12-14 19:30:00+00:00,VfL Wolfsburg at 1. FC Nürnberg,WOB @ FCN,1. FC Nürnberg,269,0,VfL Wolfsburg,138,2,STATUS_FULL_TIME,Max-Morlock-Stadion,2018-2019,0,12,14,2018
517758,2018-12-15 14:30:00+00:00,Bayern Munich at Hannover 96,MUN @ H96,Hannover 96,2428,0,Bayern Munich,132,4,STATUS_FULL_TIME,Heinz von Heiden-Arena,2018-2019,0,12,15,2018
517763,2018-12-15 14:30:00+00:00,Schalke 04 at FC Augsburg,S04 @ FCA,FC Augsburg,3841,1,Schalke 04,133,1,STATUS_FULL_TIME,WWK Arena,2018-2019,0,12,15,2018
517759,2018-12-15 14:30:00+00:00,Borussia Mönchengladbach at TSG Hoffenheim,BMG @ TSG,TSG Hoffenheim,7911,0,Borussia Mönchengladbach,268,0,STATUS_FULL_TIME,PreZero Arena,2018-2019,0,12,15,2018
517761,2018-12-15 14:30:00+00:00,Hertha Berlin at VfB Stuttgart,BSC @ VFB,VfB Stuttgart,134,2,Hertha Berlin,129,1,STATUS_FULL_TIME,MHPArena,2018-2019,0,12,15,2018
517760,2018-12-15 14:30:00+00:00,SC Freiburg at Fortuna Düsseldorf,SCF @ F95,Fortuna Düsseldorf,9707,2,SC Freiburg,126,0,STATUS_FULL_TIME,Merkur Spiel-Arena,2018-2019,0,12,15,2018
517764,2018-12-15 17:30:00+00:00,Werder Bremen at Borussia Dortmund,SVW @ DOR,Borussia Dortmund,124,2,Werder Bremen,137,1,STATUS_FULL_TIME,SIGNAL IDUNA PARK,2018-2019,0,12,15,2018
517762,2018-12-16 14:30:00+00:00,Mainz at RB Leipzig,M05 @ RBL,RB Leipzig,11420,4,Mainz,2950,1,STATUS_FULL_TIME,Red Bull Arena,2018-2019,0,12,16,2018
517757,2018-12-16 17:00:00+00:00,Bayer Leverkusen at Eintracht Frankfurt,B04 @ SGE,Eintracht Frankfurt,125,2,Bayer Leverkusen,131,1,STATUS_FULL_TIME,Deutsche Bank Park,2018-2019,0,12,16,2018
517748,2018-12-18 17:30:00+00:00,1. FC Nürnberg at Borussia Mönchengladbach,FCN @ BMG,Borussia Mönchengladbach,268,2,1. FC Nürnberg,269,0,STATUS_FULL_TIME,BORUSSIA-PARK,2018-2019,0,12,18,2018
517750,2018-12-18 19:30:00+00:00,Borussia Dortmund at Fortuna Düsseldorf,DOR @ F95,Fortuna Düsseldorf,9707,2,Borussia Dortmund,124,1,STATUS_FULL_TIME,Merkur Spiel-Arena,2018-2019,0,12,18,2018
517752,2018-12-18 19:30:00+00:00,FC Augsburg at Hertha Berlin,FCA @ BSC,Hertha Berlin,129,2,FC Augsburg,3841,2,STATUS_FULL_TIME,Olympiastadion Berlin,2018-2019,0,12,18,2018
517756,2018-12-18 19:30:00+00:00,VfB Stuttgart at VfL Wolfsburg,VFB @ WOB,VfL Wolfsburg,138,2,VfB Stuttgart,134,0,STATUS_FULL_TIME,Volkswagen Arena,2018-2019,0,12,18,2018
517749,2018-12-19 17:30:00+00:00,Bayer Leverkusen at Schalke 04,B04 @ S04,Schalke 04,133,1,Bayer Leverkusen,131,2,STATUS_FULL_TIME,VELTINS-Arena,2018-2019,0,12,19,2018
517751,2018-12-19 19:30:00+00:00,Eintracht Frankfurt at Mainz,SGE @ M05,Mainz,2950,2,Eintracht Frankfurt,125,2,STATUS_FULL_TIME,MEWA ARENA,2018-2019,0,12,19,2018
517755,2018-12-19 19:30:00+00:00,RB Leipzig at Bayern Munich,RBL @ MUN,Bayern Munich,132,1,RB Leipzig,11420,0,STATUS_FULL_TIME,Allianz Arena,2018-2019,0,12,19,2018
517754,2018-12-19 19:30:00+00:00,TSG Hoffenheim at Werder Bremen,TSG @ SVW,Werder Bremen,137,1,TSG Hoffenheim,7911,1,STATUS_FULL_TIME,Weserstadion,2018-2019,0,12,19,2018
517753,2018-12-19 19:30:00+00:00,Hannover 96 at SC Freiburg,H96 @ SCF,SC Freiburg,126,1,Hannover 96,2428,1,STATUS_FULL_TIME,Dreisamstadion,2018-2019,0,12,19,2018
517740,2018-12-21 19:30:00+00:00,Borussia Mönchengladbach at Borussia Dortmund,BMG @ DOR,Borussia Dortmund,124,2,Borussia Mönchengladbach,268,1,STATUS_FULL_TIME,SIGNAL IDUNA PARK,2018-2019,0,12,21,2018
517742,2018-12-22 14:30:00+00:00,SC Freiburg at 1. FC Nürnberg,SCF @ FCN,1. FC Nürnberg,269,0,SC Freiburg,126,1,STATUS_FULL_TIME,Max-Morlock-Stadion,2018-2019,0,12,22,2018
517743,2018-12-22 14:30:00+00:00,Hertha Berlin at Bayer Leverkusen,BSC @ B04,Bayer Leverkusen,131,3,Hertha Berlin,129,1,STATUS_FULL_TIME,BayArena,2018-2019,0,12,22,2018
517741,2018-12-22 14:30:00+00:00,Fortuna Düsseldorf at Hannover 96,F95 @ H96,Hannover 96,2428,0,Fortuna Düsseldorf,9707,1,STATUS_FULL_TIME,Heinz von Heiden-Arena,2018-2019,0,12,22,2018
517746,2018-12-22 14:30:00+00:00,Werder Bremen at RB Leipzig,SVW @ RBL,RB Leipzig,11420,3,Werder Bremen,137,2,STATUS_FULL_TIME,Red Bull Arena,2018-2019,0,12,22,2018
517745,2018-12-22 14:30:00+00:00,Schalke 04 at VfB Stuttgart,S04 @ VFB,VfB Stuttgart,134,1,Schalke 04,133,3,STATUS_FULL_TIME,MHPArena,2018-2019,0,12,22,2018
517739,2018-12-22 17:30:00+00:00,Bayern Munich at Eintracht Frankfurt,MUN @ SGE,Eintracht Frankfurt,125,0,Bayern Munich,132,3,STATUS_FULL_TIME,Deutsche Bank Park,2018-2019,0,12,22,2018
517747,2018-12-23 14:30:00+00:00,VfL Wolfsburg at FC Augsburg,WOB @ FCA,FC Augsburg,3841,2,VfL Wolfsburg,138,3,STATUS_FULL_TIME,WWK Arena,2018-2019,0,12,23,2018
517744,2018-12-23 17:00:00+00:00,Mainz at TSG Hoffenheim,M05 @ TSG,TSG Hoffenheim,7911,1,Mainz,2950,1,STATUS_FULL_TIME,PreZero Arena,2018-2019,0,12,23,2018
517730,2019-01-18 19:30:00+00:00,Bayern Munich at TSG Hoffenheim,MUN @ TSG,TSG Hoffenheim,7911,1,Bayern Munich,132,3,STATUS_FULL_TIME,PreZero Arena,2018-2019,0,1,18,2019
517732,2019-01-19 14:30:00+00:00,Borussia Mönchengladbach at Bayer Leverkusen,BMG @ B04,Bayer Leverkusen,131,0,Borussia Mönchengladbach,268,1,STATUS_FULL_TIME,BayArena,2018-2019,0,1,19,2019
517734,2019-01-19 14:30:00+00:00,SC Freiburg at Eintracht Frankfurt,SCF @ SGE,Eintracht Frankfurt,125,3,SC Freiburg,126,1,STATUS_FULL_TIME,Deutsche Bank Park,2018-2019,0,1,19,2019
517733,2019-01-19 14:30:00+00:00,Fortuna Düsseldorf at FC Augsburg,F95 @ FCA,FC Augsburg,3841,1,Fortuna Düsseldorf,9707,2,STATUS_FULL_TIME,WWK Arena,2018-2019,0,1,19,2019
517737,2019-01-19 14:30:00+00:00,Werder Bremen at Hannover 96,SVW @ H96,Hannover 96,2428,0,Werder Bremen,137,1,STATUS_FULL_TIME,Heinz von Heiden-Arena,2018-2019,0,1,19,2019
517736,2019-01-19 14:30:00+00:00,Mainz at VfB Stuttgart,M05 @ VFB,VfB Stuttgart,134,2,Mainz,2950,3,STATUS_FULL_TIME,MHPArena,2018-2019,0,1,19,2019
517731,2019-01-19 17:30:00+00:00,Borussia Dortmund at RB Leipzig,DOR @ RBL,RB Leipzig,11420,0,Borussia Dortmund,124,1,STATUS_FULL_TIME,Red Bull Arena,2018-2019,0,1,19,2019
517735,2019-01-20 14:30:00+00:00,Hertha Berlin at 1. FC Nürnberg,BSC @ FCN,1. FC Nürnberg,269,1,Hertha Berlin,129,3,STATUS_FULL_TIME,Max-Morlock-Stadion,2018-2019,0,1,20,2019
517738,2019-01-20 17:00:00+00:00,VfL Wolfsburg at Schalke 04,WOB @ S04,Schalke 04,133,2,VfL Wolfsburg,138,1,STATUS_FULL_TIME,VELTINS-Arena,2018-2019,0,1,20,2019
517728,2019-01-25 19:30:00+00:00,Schalke 04 at Hertha Berlin,S04 @ BSC,Hertha Berlin,129,2,Schalke 04,133,2,STATUS_FULL_TIME,Olympiastadion Berlin,2018-2019,0,1,25,2019
517721,2019-01-26 14:30:00+00:00,1. FC Nürnberg at Mainz,FCN @ M05,Mainz,2950,2,1. FC Nürnberg,269,1,STATUS_FULL_TIME,MEWA ARENA,2018-2019,0,1,26,2019
517724,2019-01-26 14:30:00+00:00,FC Augsburg at Borussia Mönchengladbach,FCA @ BMG,Borussia Mönchengladbach,268,2,FC Augsburg,3841,0,STATUS_FULL_TIME,BORUSSIA-PARK,2018-2019,0,1,26,2019
517722,2019-01-26 14:30:00+00:00,Bayer Leverkusen at VfL Wolfsburg,B04 @ WOB,VfL Wolfsburg,138,0,Bayer Leverkusen,131,3,STATUS_FULL_TIME,Volkswagen Arena,2018-2019,0,1,26,2019
517726,2019-01-26 14:30:00+00:00,TSG Hoffenheim at SC Freiburg,TSG @ SCF,SC Freiburg,126,2,TSG Hoffenheim,7911,4,STATUS_FULL_TIME,Dreisamstadion,2018-2019,0,1,26,2019
517725,2019-01-26 14:30:00+00:00,Hannover 96 at Borussia Dortmund,H96 @ DOR,Borussia Dortmund,124,5,Hannover 96,2428,1,STATUS_FULL_TIME,SIGNAL IDUNA PARK,2018-2019,0,1,26,2019
517723,2019-01-26 17:30:00+00:00,Eintracht Frankfurt at Werder Bremen,SGE @ SVW,Werder Bremen,137,2,Eintracht Frankfurt,125,2,STATUS_FULL_TIME,Weserstadion,2018-2019,0,1,26,2019
517729,2019-01-27 14:30:00+00:00,VfB Stuttgart at Bayern Munich,VFB @ MUN,Bayern Munich,132,4,VfB Stuttgart,134,1,STATUS_FULL_TIME,Allianz Arena,2018-2019,0,1,27,2019
517727,2019-01-27 17:00:00+00:00,RB Leipzig at Fortuna Düsseldorf,RBL @ F95,Fortuna Düsseldorf,9707,0,RB Leipzig,11420,4,STATUS_FULL_TIME,Merkur Spiel-Arena,2018-2019,0,1,27,2019
517718,2019-02-01 19:30:00+00:00,RB Leipzig at Hannover 96,RBL @ H96,Hannover 96,2428,0,RB Leipzig,11420,3,STATUS_FULL_TIME,Heinz von Heiden-Arena,2018-2019,0,2,1,2019
517719,2019-02-02 14:30:00+00:00,Werder Bremen at 1. FC Nürnberg,SVW @ FCN,1. FC Nürnberg,269,1,Werder Bremen,137,1,STATUS_FULL_TIME,Max-Morlock-Stadion,2018-2019,0,2,2,2019
517715,2019-02-02 14:30:00+00:00,Fortuna Düsseldorf at TSG Hoffenheim,F95 @ TSG,TSG Hoffenheim,7911,1,Fortuna Düsseldorf,9707,1,STATUS_FULL_TIME,PreZero Arena,2018-2019,0,2,2,2019
517712,2019-02-02 14:30:00+00:00,Bayern Munich at Bayer Leverkusen,MUN @ B04,Bayer Leverkusen,131,3,Bayern Munich,132,1,STATUS_FULL_TIME,BayArena,2018-2019,0,2,2,2019
517720,2019-02-02 14:30:00+00:00,VfL Wolfsburg at Hertha Berlin,WOB @ BSC,Hertha Berlin,129,0,VfL Wolfsburg,138,1,STATUS_FULL_TIME,Olympiastadion Berlin,2018-2019,0,2,2,2019
517713,2019-02-02 14:30:00+00:00,Borussia Dortmund at Eintracht Frankfurt,DOR @ SGE,Eintracht Frankfurt,125,1,Borussia Dortmund,124,1,STATUS_FULL_TIME,Deutsche Bank Park,2018-2019,0,2,2,2019
517714,2019-02-02 17:30:00+00:00,Borussia Mönchengladbach at Schalke 04,BMG @ S04,Schalke 04,133,0,Borussia Mönchengladbach,268,2,STATUS_FULL_TIME,VELTINS-Arena,2018-2019,0,2,2,2019
517717,2019-02-03 14:30:00+00:00,Mainz at FC Augsburg,M05 @ FCA,FC Augsburg,3841,3,Mainz,2950,0,STATUS_FULL_TIME,WWK Arena,2018-2019,0,2,3,2019
517716,2019-02-03 17:00:00+00:00,SC Freiburg at VfB Stuttgart,SCF @ VFB,VfB Stuttgart,134,2,SC Freiburg,126,2,STATUS_FULL_TIME,MHPArena,2018-2019,0,2,3,2019
517704,2019-02-08 19:30:00+00:00,Bayer Leverkusen at Mainz,B04 @ M05,Mainz,2950,1,Bayer Leverkusen,131,5,STATUS_FULL_TIME,MEWA ARENA,2018-2019,0,2,8,2019
517705,2019-02-09 14:30:00+00:00,Eintracht Frankfurt at RB Leipzig,SGE @ RBL,RB Leipzig,11420,0,Eintracht Frankfurt,125,0,STATUS_FULL_TIME,Red Bull Arena,2018-2019,0,2,9,2019
517711,2019-02-09 14:30:00+00:00,VfL Wolfsburg at SC Freiburg,WOB @ SCF,SC Freiburg,126,3,VfL Wolfsburg,138,3,STATUS_FULL_TIME,Dreisamstadion,2018-2019,0,2,9,2019
517708,2019-02-09 14:30:00+00:00,TSG Hoffenheim at Borussia Dortmund,TSG @ DOR,Borussia Dortmund,124,3,TSG Hoffenheim,7911,3,STATUS_FULL_TIME,SIGNAL IDUNA PARK,2018-2019,0,2,9,2019
517707,2019-02-09 14:30:00+00:00,Hertha Berlin at Borussia Mönchengladbach,BSC @ BMG,Borussia Mönchengladbach,268,0,Hertha Berlin,129,3,STATUS_FULL_TIME,BORUSSIA-PARK,2018-2019,0,2,9,2019
517703,2019-02-09 14:30:00+00:00,1. FC Nürnberg at Hannover 96,FCN @ H96,Hannover 96,2428,2,1. FC Nürnberg,269,0,STATUS_FULL_TIME,Heinz von Heiden-Arena,2018-2019,0,2,9,2019
517709,2019-02-09 17:30:00+00:00,Schalke 04 at Bayern Munich,S04 @ MUN,Bayern Munich,132,3,Schalke 04,133,1,STATUS_FULL_TIME,Allianz Arena,2018-2019,0,2,9,2019
517706,2019-02-10 14:30:00+00:00,FC Augsburg at Werder Bremen,FCA @ SVW,Werder Bremen,137,4,FC Augsburg,3841,0,STATUS_FULL_TIME,Weserstadion,2018-2019,0,2,10,2019
517710,2019-02-10 17:00:00+00:00,VfB Stuttgart at Fortuna Düsseldorf,VFB @ F95,Fortuna Düsseldorf,9707,3,VfB Stuttgart,134,0,STATUS_FULL_TIME,Merkur Spiel-Arena,2018-2019,0,2,10,2019
517694,2019-02-15 19:30:00+00:00,Bayern Munich at FC Augsburg,MUN @ FCA,FC Augsburg,3841,2,Bayern Munich,132,3,STATUS_FULL_TIME,WWK Arena,2018-2019,0,2,15,2019
517698,2019-02-16 14:30:00+00:00,SC Freiburg at Schalke 04,SCF @ S04,Schalke 04,133,0,SC Freiburg,126,0,STATUS_FULL_TIME,VELTINS-Arena,2018-2019,0,2,16,2019
517699,2019-02-16 14:30:00+00:00,Hannover 96 at TSG Hoffenheim,H96 @ TSG,TSG Hoffenheim,7911,3,Hannover 96,2428,0,STATUS_FULL_TIME,PreZero Arena,2018-2019,0,2,16,2019
517701,2019-02-16 14:30:00+00:00,RB Leipzig at VfB Stuttgart,RBL @ VFB,VfB Stuttgart,134,1,RB Leipzig,11420,3,STATUS_FULL_TIME,MHPArena,2018-2019,0,2,16,2019
517700,2019-02-16 14:30:00+00:00,Mainz at VfL Wolfsburg,M05 @ WOB,VfL Wolfsburg,138,3,Mainz,2950,0,STATUS_FULL_TIME,Volkswagen Arena,2018-2019,0,2,16,2019
517702,2019-02-16 17:30:00+00:00,Werder Bremen at Hertha Berlin,SVW @ BSC,Hertha Berlin,129,1,Werder Bremen,137,1,STATUS_FULL_TIME,Olympiastadion Berlin,2018-2019,0,2,16,2019
517696,2019-02-17 14:30:00+00:00,Borussia Mönchengladbach at Eintracht Frankfurt,BMG @ SGE,Eintracht Frankfurt,125,1,Borussia Mönchengladbach,268,1,STATUS_FULL_TIME,Deutsche Bank Park,2018-2019,0,2,17,2019
517697,2019-02-17 17:00:00+00:00,Fortuna Düsseldorf at Bayer Leverkusen,F95 @ B04,Bayer Leverkusen,131,2,Fortuna Düsseldorf,9707,0,STATUS_FULL_TIME,BayArena,2018-2019,0,2,17,2019
517695,2019-02-18 19:30:00+00:00,Borussia Dortmund at 1. FC Nürnberg,DOR @ FCN,1. FC Nürnberg,269,0,Borussia Dortmund,124,0,STATUS_FULL_TIME,Max-Morlock-Stadion,2018-2019,0,2,18,2019
517692,2019-02-22 19:30:00+00:00,VfB Stuttgart at Werder Bremen,VFB @ SVW,Werder Bremen,137,1,VfB Stuttgart,134,1,STATUS_FULL_TIME,Weserstadion,2018-2019,0,2,22,2019
517689,2019-02-23 14:30:00+00:00,Hertha Berlin at Bayern Munich,BSC @ MUN,Bayern Munich,132,1,Hertha Berlin,129,0,STATUS_FULL_TIME,Allianz Arena,2018-2019,0,2,23,2019
517693,2019-02-23 14:30:00+00:00,VfL Wolfsburg at Borussia Mönchengladbach,WOB @ BMG,Borussia Mönchengladbach,268,0,VfL Wolfsburg,138,3,STATUS_FULL_TIME,BORUSSIA-PARK,2018-2019,0,2,23,2019
517691,2019-02-23 14:30:00+00:00,Schalke 04 at Mainz,S04 @ M05,Mainz,2950,3,Schalke 04,133,0,STATUS_FULL_TIME,MEWA ARENA,2018-2019,0,2,23,2019
517688,2019-02-23 14:30:00+00:00,FC Augsburg at SC Freiburg,FCA @ SCF,SC Freiburg,126,5,FC Augsburg,3841,1,STATUS_FULL_TIME,Dreisamstadion,2018-2019,0,2,23,2019
517685,2019-02-23 17:30:00+00:00,1. FC Nürnberg at Fortuna Düsseldorf,FCN @ F95,Fortuna Düsseldorf,9707,2,1. FC Nürnberg,269,1,STATUS_FULL_TIME,Merkur Spiel-Arena,2018-2019,0,2,23,2019
517687,2019-02-24 14:30:00+00:00,Eintracht Frankfurt at Hannover 96,SGE @ H96,Hannover 96,2428,0,Eintracht Frankfurt,125,3,STATUS_FULL_TIME,Heinz von Heiden-Arena,2018-2019,0,2,24,2019
517686,2019-02-24 17:00:00+00:00,Bayer Leverkusen at Borussia Dortmund,B04 @ DOR,Borussia Dortmund,124,3,Bayer Leverkusen,131,2,STATUS_FULL_TIME,SIGNAL IDUNA PARK,2018-2019,0,2,24,2019
517690,2019-02-25 19:30:00+00:00,TSG Hoffenheim at RB Leipzig,TSG @ RBL,RB Leipzig,11420,1,TSG Hoffenheim,7911,1,STATUS_FULL_TIME,Red Bull Arena,2018-2019,0,2,25,2019
517677,2019-03-01 19:30:00+00:00,Borussia Dortmund at FC Augsburg,DOR @ FCA,FC Augsburg,3841,2,Borussia Dortmund,124,1,STATUS_FULL_TIME,WWK Arena,2018-2019,0,3,1,2019
517683,2019-03-02 14:30:00+00:00,RB Leipzig at 1. FC Nürnberg,RBL @ FCN,1. FC Nürnberg,269,0,RB Leipzig,11420,1,STATUS_FULL_TIME,Max-Morlock-Stadion,2018-2019,0,3,2,2019
517678,2019-03-02 14:30:00+00:00,Fortuna Düsseldorf at Schalke 04,F95 @ S04,Schalke 04,133,0,Fortuna Düsseldorf,9707,4,STATUS_FULL_TIME,VELTINS-Arena,2018-2019,0,3,2,2019
517679,2019-03-02 14:30:00+00:00,SC Freiburg at Bayer Leverkusen,SCF @ B04,Bayer Leverkusen,131,2,SC Freiburg,126,0,STATUS_FULL_TIME,BayArena,2018-2019,0,3,2,2019
517682,2019-03-02 14:30:00+00:00,Mainz at Hertha Berlin,M05 @ BSC,Hertha Berlin,129,2,Mainz,2950,1,STATUS_FULL_TIME,Olympiastadion Berlin,2018-2019,0,3,2,2019
517681,2019-03-02 14:30:00+00:00,TSG Hoffenheim at Eintracht Frankfurt,TSG @ SGE,Eintracht Frankfurt,125,3,TSG Hoffenheim,7911,2,STATUS_FULL_TIME,Deutsche Bank Park,2018-2019,0,3,2,2019
517676,2019-03-02 17:30:00+00:00,Bayern Munich at Borussia Mönchengladbach,MUN @ BMG,Borussia Mönchengladbach,268,1,Bayern Munich,132,5,STATUS_FULL_TIME,BORUSSIA-PARK,2018-2019,0,3,2,2019
517680,2019-03-03 14:30:00+00:00,Hannover 96 at VfB Stuttgart,H96 @ VFB,VfB Stuttgart,134,5,Hannover 96,2428,1,STATUS_FULL_TIME,MHPArena,2018-2019,0,3,3,2019
517684,2019-03-03 17:00:00+00:00,Werder Bremen at VfL Wolfsburg,SVW @ WOB,VfL Wolfsburg,138,1,Werder Bremen,137,1,STATUS_FULL_TIME,Volkswagen Arena,2018-2019,0,3,3,2019
517673,2019-03-08 19:30:00+00:00,Schalke 04 at Werder Bremen,S04 @ SVW,Werder Bremen,137,4,Schalke 04,133,2,STATUS_FULL_TIME,Weserstadion,2018-2019,0,3,8,2019
517675,2019-03-09 14:30:00+00:00,VfL Wolfsburg at Bayern Munich,WOB @ MUN,Bayern Munich,132,6,VfL Wolfsburg,138,0,STATUS_FULL_TIME,Allianz Arena,2018-2019,0,3,9,2019
517674,2019-03-09 14:30:00+00:00,VfB Stuttgart at Borussia Dortmund,VFB @ DOR,Borussia Dortmund,124,3,VfB Stuttgart,134,1,STATUS_FULL_TIME,SIGNAL IDUNA PARK,2018-2019,0,3,9,2019
517671,2019-03-09 14:30:00+00:00,FC Augsburg at RB Leipzig,FCA @ RBL,RB Leipzig,11420,0,FC Augsburg,3841,0,STATUS_FULL_TIME,Red Bull Arena,2018-2019,0,3,9,2019
517672,2019-03-09 14:30:00+00:00,Hertha Berlin at SC Freiburg,BSC @ SCF,SC Freiburg,126,2,Hertha Berlin,129,1,STATUS_FULL_TIME,Dreisamstadion,2018-2019,0,3,9,2019
517669,2019-03-09 17:30:00+00:00,Borussia Mönchengladbach at Mainz,BMG @ M05,Mainz,2950,0,Borussia Mönchengladbach,268,1,STATUS_FULL_TIME,MEWA ARENA,2018-2019,0,3,9,2019
517667,2019-03-10 14:30:00+00:00,1. FC Nürnberg at TSG Hoffenheim,FCN @ TSG,TSG Hoffenheim,7911,2,1. FC Nürnberg,269,1,STATUS_FULL_TIME,PreZero Arena,2018-2019,0,3,10,2019
517668,2019-03-10 17:00:00+00:00,Bayer Leverkusen at Hannover 96,B04 @ H96,Hannover 96,2428,2,Bayer Leverkusen,131,3,STATUS_FULL_TIME,Heinz von Heiden-Arena,2018-2019,0,3,10,2019
517670,2019-03-11 19:30:00+00:00,Eintracht Frankfurt at Fortuna Düsseldorf,SGE @ F95,Fortuna Düsseldorf,9707,0,Eintracht Frankfurt,125,3,STATUS_FULL_TIME,Merkur Spiel-Arena,2018-2019,0,3,11,2019
517661,2019-03-15 19:30:00+00:00,SC Freiburg at Borussia Mönchengladbach,SCF @ BMG,Borussia Mönchengladbach,268,1,SC Freiburg,126,1,STATUS_FULL_TIME,BORUSSIA-PARK,2018-2019,0,3,15,2019
517662,2019-03-16 14:30:00+00:00,Hannover 96 at FC Augsburg,H96 @ FCA,FC Augsburg,3841,3,Hannover 96,2428,1,STATUS_FULL_TIME,WWK Arena,2018-2019,0,3,16,2019
517665,2019-03-16 14:30:00+00:00,RB Leipzig at Schalke 04,RBL @ S04,Schalke 04,133,0,RB Leipzig,11420,1,STATUS_FULL_TIME,VELTINS-Arena,2018-2019,0,3,16,2019
517663,2019-03-16 14:30:00+00:00,TSG Hoffenheim at VfB Stuttgart,TSG @ VFB,VfB Stuttgart,134,1,TSG Hoffenheim,7911,1,STATUS_FULL_TIME,MHPArena,2018-2019,0,3,16,2019
517660,2019-03-16 14:30:00+00:00,Fortuna Düsseldorf at VfL Wolfsburg,F95 @ WOB,VfL Wolfsburg,138,5,Fortuna Düsseldorf,9707,2,STATUS_FULL_TIME,Volkswagen Arena,2018-2019,0,3,16,2019
517659,2019-03-16 17:30:00+00:00,Borussia Dortmund at Hertha Berlin,DOR @ BSC,Hertha Berlin,129,2,Borussia Dortmund,124,3,STATUS_FULL_TIME,Olympiastadion Berlin,2018-2019,0,3,16,2019
517666,2019-03-17 12:30:00+00:00,Werder Bremen at Bayer Leverkusen,SVW @ B04,Bayer Leverkusen,131,1,Werder Bremen,137,3,STATUS_FULL_TIME,BayArena,2018-2019,0,3,17,2019
517658,2019-03-17 14:30:00+00:00,1. FC Nürnberg at Eintracht Frankfurt,FCN @ SGE,Eintracht Frankfurt,125,1,1. FC Nürnberg,269,0,STATUS_FULL_TIME,Deutsche Bank Park,2018-2019,0,3,17,2019
517664,2019-03-17 17:00:00+00:00,Mainz at Bayern Munich,M05 @ MUN,Bayern Munich,132,6,Mainz,2950,0,STATUS_FULL_TIME,Allianz Arena,2018-2019,0,3,17,2019
517649,2019-03-29 19:30:00+00:00,Bayer Leverkusen at TSG Hoffenheim,B04 @ TSG,TSG Hoffenheim,7911,4,Bayer Leverkusen,131,1,STATUS_FULL_TIME,PreZero Arena,2018-2019,0,3,29,2019
517652,2019-03-30 14:30:00+00:00,FC Augsburg at 1. FC Nürnberg,FCA @ FCN,1. FC Nürnberg,269,3,FC Augsburg,3841,0,STATUS_FULL_TIME,Max-Morlock-Stadion,2018-2019,0,3,30,2019
517657,2019-03-30 14:30:00+00:00,VfL Wolfsburg at Borussia Dortmund,WOB @ DOR,Borussia Dortmund,124,2,VfL Wolfsburg,138,0,STATUS_FULL_TIME,SIGNAL IDUNA PARK,2018-2019,0,3,30,2019
517651,2019-03-30 14:30:00+00:00,Borussia Mönchengladbach at Fortuna Düsseldorf,BMG @ F95,Fortuna Düsseldorf,9707,3,Borussia Mönchengladbach,268,1,STATUS_FULL_TIME,Merkur Spiel-Arena,2018-2019,0,3,30,2019
517650,2019-03-30 14:30:00+00:00,Bayern Munich at SC Freiburg,MUN @ SCF,SC Freiburg,126,1,Bayern Munich,132,1,STATUS_FULL_TIME,Dreisamstadion,2018-2019,0,3,30,2019
517654,2019-03-30 14:30:00+00:00,Mainz at Werder Bremen,M05 @ SVW,Werder Bremen,137,3,Mainz,2950,1,STATUS_FULL_TIME,Weserstadion,2018-2019,0,3,30,2019
517653,2019-03-30 17:30:00+00:00,Hertha Berlin at RB Leipzig,BSC @ RBL,RB Leipzig,11420,5,Hertha Berlin,129,0,STATUS_FULL_TIME,Red Bull Arena,2018-2019,0,3,30,2019
517655,2019-03-31 13:30:00+00:00,Schalke 04 at Hannover 96,S04 @ H96,Hannover 96,2428,0,Schalke 04,133,1,STATUS_FULL_TIME,Heinz von Heiden-Arena,2018-2019,0,3,31,2019
517656,2019-03-31 16:00:00+00:00,VfB Stuttgart at Eintracht Frankfurt,VFB @ SGE,Eintracht Frankfurt,125,3,VfB Stuttgart,134,0,STATUS_FULL_TIME,Deutsche Bank Park,2018-2019,0,3,31,2019
517644,2019-04-05 18:30:00+00:00,SC Freiburg at Mainz,SCF @ M05,Mainz,2950,5,SC Freiburg,126,0,STATUS_FULL_TIME,MEWA ARENA,2018-2019,0,4,5,2019
517647,2019-04-06 13:30:00+00:00,RB Leipzig at Bayer Leverkusen,RBL @ B04,Bayer Leverkusen,131,2,RB Leipzig,11420,4,STATUS_FULL_TIME,BayArena,2018-2019,0,4,6,2019
517643,2019-04-06 13:30:00+00:00,Fortuna Düsseldorf at Hertha Berlin,F95 @ BSC,Hertha Berlin,129,1,Fortuna Düsseldorf,9707,2,STATUS_FULL_TIME,Olympiastadion Berlin,2018-2019,0,4,6,2019
517642,2019-04-06 13:30:00+00:00,Eintracht Frankfurt at Schalke 04,SGE @ S04,Schalke 04,133,1,Eintracht Frankfurt,125,2,STATUS_FULL_TIME,VELTINS-Arena,2018-2019,0,4,6,2019
517640,2019-04-06 13:30:00+00:00,1. FC Nürnberg at VfB Stuttgart,FCN @ VFB,VfB Stuttgart,134,1,1. FC Nürnberg,269,1,STATUS_FULL_TIME,MHPArena,2018-2019,0,4,6,2019
517645,2019-04-06 13:30:00+00:00,Hannover 96 at VfL Wolfsburg,H96 @ WOB,VfL Wolfsburg,138,3,Hannover 96,2428,1,STATUS_FULL_TIME,Volkswagen Arena,2018-2019,0,4,6,2019
517641,2019-04-06 16:30:00+00:00,Borussia Dortmund at Bayern Munich,DOR @ MUN,Bayern Munich,132,5,Borussia Dortmund,124,0,STATUS_FULL_TIME,Allianz Arena,2018-2019,0,4,6,2019
517646,2019-04-07 13:30:00+00:00,TSG Hoffenheim at FC Augsburg,TSG @ FCA,FC Augsburg,3841,0,TSG Hoffenheim,7911,4,STATUS_FULL_TIME,WWK Arena,2018-2019,0,4,7,2019
517648,2019-04-07 16:00:00+00:00,Werder Bremen at Borussia Mönchengladbach,SVW @ BMG,Borussia Mönchengladbach,268,1,Werder Bremen,137,1,STATUS_FULL_TIME,BORUSSIA-PARK,2018-2019,0,4,7,2019
517638,2019-04-12 18:30:00+00:00,Schalke 04 at 1. FC Nürnberg,S04 @ FCN,1. FC Nürnberg,269,1,Schalke 04,133,1,STATUS_FULL_TIME,Max-Morlock-Stadion,2018-2019,0,4,12,2019
517633,2019-04-13 13:30:00+00:00,Borussia Mönchengladbach at Hannover 96,BMG @ H96,Hannover 96,2428,0,Borussia Mönchengladbach,268,1,STATUS_FULL_TIME,Heinz von Heiden-Arena,2018-2019,0,4,13,2019
517639,2019-04-13 13:30:00+00:00,VfL Wolfsburg at RB Leipzig,WOB @ RBL,RB Leipzig,11420,2,VfL Wolfsburg,138,0,STATUS_FULL_TIME,Red Bull Arena,2018-2019,0,4,13,2019
517631,2019-04-13 13:30:00+00:00,Bayer Leverkusen at VfB Stuttgart,B04 @ VFB,VfB Stuttgart,134,0,Bayer Leverkusen,131,1,STATUS_FULL_TIME,MHPArena,2018-2019,0,4,13,2019
517635,2019-04-13 13:30:00+00:00,SC Freiburg at Werder Bremen,SCF @ SVW,Werder Bremen,137,2,SC Freiburg,126,1,STATUS_FULL_TIME,Weserstadion,2018-2019,0,4,13,2019
517637,2019-04-13 16:30:00+00:00,Mainz at Borussia Dortmund,M05 @ DOR,Borussia Dortmund,124,2,Mainz,2950,1,STATUS_FULL_TIME,SIGNAL IDUNA PARK,2018-2019,0,4,13,2019
517636,2019-04-14 11:30:00+00:00,Hertha Berlin at TSG Hoffenheim,BSC @ TSG,TSG Hoffenheim,7911,2,Hertha Berlin,129,0,STATUS_FULL_TIME,PreZero Arena,2018-2019,0,4,14,2019
517632,2019-04-14 13:30:00+00:00,Bayern Munich at Fortuna Düsseldorf,MUN @ F95,Fortuna Düsseldorf,9707,1,Bayern Munich,132,4,STATUS_FULL_TIME,Merkur Spiel-Arena,2018-2019,0,4,14,2019
517634,2019-04-14 16:00:00+00:00,FC Augsburg at Eintracht Frankfurt,FCA @ SGE,Eintracht Frankfurt,125,1,FC Augsburg,3841,3,STATUS_FULL_TIME,Deutsche Bank Park,2018-2019,0,4,14,2019
517622,2019-04-20 13:30:00+00:00,1. FC Nürnberg at Bayer Leverkusen,FCN @ B04,Bayer Leverkusen,131,2,1. FC Nürnberg,269,0,STATUS_FULL_TIME,BayArena,2018-2019,0,4,20,2019
517630,2019-04-20 13:30:00+00:00,Werder Bremen at Bayern Munich,SVW @ MUN,Bayern Munich,132,1,Werder Bremen,137,0,STATUS_FULL_TIME,Allianz Arena,2018-2019,0,4,20,2019
517629,2019-04-20 13:30:00+00:00,VfB Stuttgart at FC Augsburg,VFB @ FCA,FC Augsburg,3841,6,VfB Stuttgart,134,0,STATUS_FULL_TIME,WWK Arena,2018-2019,0,4,20,2019
517625,2019-04-20 13:30:00+00:00,Fortuna Düsseldorf at Mainz,F95 @ M05,Mainz,2950,3,Fortuna Düsseldorf,9707,1,STATUS_FULL_TIME,MEWA ARENA,2018-2019,0,4,20,2019
517628,2019-04-20 16:30:00+00:00,RB Leipzig at Borussia Mönchengladbach,RBL @ BMG,Borussia Mönchengladbach,268,1,RB Leipzig,11420,2,STATUS_FULL_TIME,BORUSSIA-PARK,2018-2019,0,4,20,2019
517627,2019-04-20 18:30:00+00:00,TSG Hoffenheim at Schalke 04,TSG @ S04,Schalke 04,133,2,TSG Hoffenheim,7911,5,STATUS_FULL_TIME,VELTINS-Arena,2018-2019,0,4,20,2019
517623,2019-04-21 13:30:00+00:00,Borussia Dortmund at SC Freiburg,DOR @ SCF,SC Freiburg,126,0,Borussia Dortmund,124,4,STATUS_FULL_TIME,Dreisamstadion,2018-2019,0,4,21,2019
517626,2019-04-21 16:00:00+00:00,Hannover 96 at Hertha Berlin,H96 @ BSC,Hertha Berlin,129,0,Hannover 96,2428,0,STATUS_FULL_TIME,Olympiastadion Berlin,2018-2019,0,4,21,2019
517624,2019-04-22 18:30:00+00:00,Eintracht Frankfurt at VfL Wolfsburg,SGE @ WOB,VfL Wolfsburg,138,1,Eintracht Frankfurt,125,1,STATUS_FULL_TIME,Volkswagen Arena,2018-2019,0,4,22,2019
517613,2019-04-26 18:30:00+00:00,Bayer Leverkusen at FC Augsburg,B04 @ FCA,FC Augsburg,3841,1,Bayer Leverkusen,131,4,STATUS_FULL_TIME,WWK Arena,2018-2019,0,4,26,2019
517619,2019-04-27 13:30:00+00:00,Schalke 04 at Borussia Dortmund,S04 @ DOR,Borussia Dortmund,124,2,Schalke 04,133,4,STATUS_FULL_TIME,SIGNAL IDUNA PARK,2018-2019,0,4,27,2019
517617,2019-04-27 13:30:00+00:00,Hertha Berlin at Eintracht Frankfurt,BSC @ SGE,Eintracht Frankfurt,125,0,Hertha Berlin,129,0,STATUS_FULL_TIME,Deutsche Bank Park,2018-2019,0,4,27,2019
517620,2019-04-27 13:30:00+00:00,Werder Bremen at Fortuna Düsseldorf,SVW @ F95,Fortuna Düsseldorf,9707,4,Werder Bremen,137,1,STATUS_FULL_TIME,Merkur Spiel-Arena,2018-2019,0,4,27,2019
517618,2019-04-27 13:30:00+00:00,Mainz at Hannover 96,M05 @ H96,Hannover 96,2428,1,Mainz,2950,0,STATUS_FULL_TIME,Heinz von Heiden-Arena,2018-2019,0,4,27,2019
517616,2019-04-27 13:30:00+00:00,SC Freiburg at RB Leipzig,SCF @ RBL,RB Leipzig,11420,2,SC Freiburg,126,1,STATUS_FULL_TIME,Red Bull Arena,2018-2019,0,4,27,2019
517615,2019-04-27 16:30:00+00:00,Borussia Mönchengladbach at VfB Stuttgart,BMG @ VFB,VfB Stuttgart,134,1,Borussia Mönchengladbach,268,0,STATUS_FULL_TIME,MHPArena,2018-2019,0,4,27,2019
517621,2019-04-28 13:30:00+00:00,VfL Wolfsburg at TSG Hoffenheim,WOB @ TSG,TSG Hoffenheim,7911,1,VfL Wolfsburg,138,4,STATUS_FULL_TIME,PreZero Arena,2018-2019,0,4,28,2019
517614,2019-04-28 16:00:00+00:00,Bayern Munich at 1. FC Nürnberg,MUN @ FCN,1. FC Nürnberg,269,1,Bayern Munich,132,1,STATUS_FULL_TIME,Max-Morlock-Stadion,2018-2019,0,4,28,2019
517611,2019-05-03 18:30:00+00:00,RB Leipzig at Mainz,RBL @ M05,Mainz,2950,3,RB Leipzig,11420,3,STATUS_FULL_TIME,MEWA ARENA,2018-2019,0,5,3,2019
517610,2019-05-04 13:30:00+00:00,TSG Hoffenheim at Borussia Mönchengladbach,TSG @ BMG,Borussia Mönchengladbach,268,2,TSG Hoffenheim,7911,2,STATUS_FULL_TIME,BORUSSIA-PARK,2018-2019,0,5,4,2019
517609,2019-05-04 13:30:00+00:00,Hannover 96 at Bayern Munich,H96 @ MUN,Bayern Munich,132,3,Hannover 96,2428,1,STATUS_FULL_TIME,Allianz Arena,2018-2019,0,5,4,2019
517604,2019-05-04 13:30:00+00:00,1. FC Nürnberg at VfL Wolfsburg,FCN @ WOB,VfL Wolfsburg,138,2,1. FC Nürnberg,269,0,STATUS_FULL_TIME,Volkswagen Arena,2018-2019,0,5,4,2019
517612,2019-05-04 13:30:00+00:00,VfB Stuttgart at Hertha Berlin,VFB @ BSC,Hertha Berlin,129,3,VfB Stuttgart,134,1,STATUS_FULL_TIME,Olympiastadion Berlin,2018-2019,0,5,4,2019
517605,2019-05-04 16:30:00+00:00,Borussia Dortmund at Werder Bremen,DOR @ SVW,Werder Bremen,137,2,Borussia Dortmund,124,2,STATUS_FULL_TIME,Weserstadion,2018-2019,0,5,4,2019
517607,2019-05-05 11:30:00+00:00,FC Augsburg at Schalke 04,FCA @ S04,Schalke 04,133,0,FC Augsburg,3841,0,STATUS_FULL_TIME,VELTINS-Arena,2018-2019,0,5,5,2019
517608,2019-05-05 13:30:00+00:00,Fortuna Düsseldorf at SC Freiburg,F95 @ SCF,SC Freiburg,126,1,Fortuna Düsseldorf,9707,1,STATUS_FULL_TIME,Dreisamstadion,2018-2019,0,5,5,2019
517606,2019-05-05 16:00:00+00:00,Eintracht Frankfurt at Bayer Leverkusen,SGE @ B04,Bayer Leverkusen,131,6,Eintracht Frankfurt,125,1,STATUS_FULL_TIME,BayArena,2018-2019,0,5,5,2019
517601,2019-05-11 13:30:00+00:00,Schalke 04 at Bayer Leverkusen,S04 @ B04,Bayer Leverkusen,131,1,Schalke 04,133,1,STATUS_FULL_TIME,BayArena,2018-2019,0,5,11,2019
517599,2019-05-11 13:30:00+00:00,Hertha Berlin at FC Augsburg,BSC @ FCA,FC Augsburg,3841,3,Hertha Berlin,129,4,STATUS_FULL_TIME,WWK Arena,2018-2019,0,5,11,2019
517596,2019-05-11 13:30:00+00:00,Borussia Mönchengladbach at 1. FC Nürnberg,BMG @ FCN,1. FC Nürnberg,269,0,Borussia Mönchengladbach,268,4,STATUS_FULL_TIME,Max-Morlock-Stadion,2018-2019,0,5,11,2019
517597,2019-05-11 13:30:00+00:00,Fortuna Düsseldorf at Borussia Dortmund,F95 @ DOR,Borussia Dortmund,124,3,Fortuna Düsseldorf,9707,2,STATUS_FULL_TIME,SIGNAL IDUNA PARK,2018-2019,0,5,11,2019
517602,2019-05-11 13:30:00+00:00,Werder Bremen at TSG Hoffenheim,SVW @ TSG,TSG Hoffenheim,7911,0,Werder Bremen,137,1,STATUS_FULL_TIME,PreZero Arena,2018-2019,0,5,11,2019
517603,2019-05-11 13:30:00+00:00,VfL Wolfsburg at VfB Stuttgart,WOB @ VFB,VfB Stuttgart,134,3,VfL Wolfsburg,138,0,STATUS_FULL_TIME,MHPArena,2018-2019,0,5,11,2019
517595,2019-05-11 13:30:00+00:00,Bayern Munich at RB Leipzig,MUN @ RBL,RB Leipzig,11420,0,Bayern Munich,132,0,STATUS_FULL_TIME,Red Bull Arena,2018-2019,0,5,11,2019
517598,2019-05-11 13:30:00+00:00,SC Freiburg at Hannover 96,SCF @ H96,Hannover 96,2428,3,SC Freiburg,126,0,STATUS_FULL_TIME,Heinz von Heiden-Arena,2018-2019,0,5,11,2019
517600,2019-05-12 16:00:00+00:00,Mainz at Eintracht Frankfurt,M05 @ SGE,Eintracht Frankfurt,125,0,Mainz,2950,2,STATUS_FULL_TIME,Deutsche Bank Park,2018-2019,0,5,12,2019
517588,2019-05-18 13:30:00+00:00,Borussia Dortmund at Borussia Mönchengladbach,DOR @ BMG,Borussia Mönchengladbach,268,0,Borussia Dortmund,124,2,STATUS_FULL_TIME,BORUSSIA-PARK,2018-2019,0,5,18,2019
517589,2019-05-18 13:30:00+00:00,Eintracht Frankfurt at Bayern Munich,SGE @ MUN,Bayern Munich,132,5,Eintracht Frankfurt,125,1,STATUS_FULL_TIME,Allianz Arena,2018-2019,0,5,18,2019
517591,2019-05-18 13:30:00+00:00,Hannover 96 at Fortuna Düsseldorf,H96 @ F95,Fortuna Düsseldorf,9707,2,Hannover 96,2428,1,STATUS_FULL_TIME,Merkur Spiel-Arena,2018-2019,0,5,18,2019
517587,2019-05-18 13:30:00+00:00,Bayer Leverkusen at Hertha Berlin,B04 @ BSC,Hertha Berlin,129,1,Bayer Leverkusen,131,5,STATUS_FULL_TIME,Olympiastadion Berlin,2018-2019,0,5,18,2019
517592,2019-05-18 13:30:00+00:00,TSG Hoffenheim at Mainz,TSG @ M05,Mainz,2950,4,TSG Hoffenheim,7911,2,STATUS_FULL_TIME,MEWA ARENA,2018-2019,0,5,18,2019
517594,2019-05-18 13:30:00+00:00,VfB Stuttgart at Schalke 04,VFB @ S04,Schalke 04,133,0,VfB Stuttgart,134,0,STATUS_FULL_TIME,VELTINS-Arena,2018-2019,0,5,18,2019
517586,2019-05-18 13:30:00+00:00,1. FC Nürnberg at SC Freiburg,FCN @ SCF,SC Freiburg,126,5,1. FC Nürnberg,269,1,STATUS_FULL_TIME,Dreisamstadion,2018-2019,0,5,18,2019
517590,2019-05-18 13:30:00+00:00,FC Augsburg at VfL Wolfsburg,FCA @ WOB,VfL Wolfsburg,138,8,FC Augsburg,3841,1,STATUS_FULL_TIME,Volkswagen Arena,2018-2019,0,5,18,2019
517593,2019-05-18 13:30:00+00:00,RB Leipzig at Werder Bremen,RBL @ SVW,Werder Bremen,137,2,RB Leipzig,11420,1,STATUS_FULL_TIME,Weserstadion,2018-2019,0,5,18,2019
548363,2019-08-16 18:30:00+00:00,Hertha Berlin at Bayern Munich,BSC @ MUN,Bayern Munich,132,2,Hertha Berlin,129,2,STATUS_FULL_TIME,Allianz Arena,2019-2020,0,8,16,2019
548361,2019-08-17 13:30:00+00:00,SC Paderborn 07 at Bayer Leverkusen,SCP @ B04,Bayer Leverkusen,131,3,SC Paderborn 07,3307,2,STATUS_FULL_TIME,BayArena,2019-2020,0,8,17,2019
548356,2019-08-17 13:30:00+00:00,FC Augsburg at Borussia Dortmund,FCA @ DOR,Borussia Dortmund,124,5,FC Augsburg,3841,1,STATUS_FULL_TIME,SIGNAL IDUNA PARK,2019-2020,0,8,17,2019
548359,2019-08-17 13:30:00+00:00,Mainz at SC Freiburg,M05 @ SCF,SC Freiburg,126,3,Mainz,2950,0,STATUS_FULL_TIME,Dreisamstadion,2019-2020,0,8,17,2019
548355,2019-08-17 13:30:00+00:00,FC Cologne at VfL Wolfsburg,KOE @ WOB,VfL Wolfsburg,138,2,FC Cologne,122,1,STATUS_FULL_TIME,Volkswagen Arena,2019-2020,0,8,17,2019
548357,2019-08-17 13:30:00+00:00,Fortuna Düsseldorf at Werder Bremen,F95 @ SVW,Werder Bremen,137,1,Fortuna Düsseldorf,9707,3,STATUS_FULL_TIME,Weserstadion,2019-2020,0,8,17,2019
548362,2019-08-17 16:30:00+00:00,Schalke 04 at Borussia Mönchengladbach,S04 @ BMG,Borussia Mönchengladbach,268,0,Schalke 04,133,0,STATUS_FULL_TIME,BORUSSIA-PARK,2019-2020,0,8,17,2019
548358,2019-08-18 13:30:00+00:00,TSG Hoffenheim at Eintracht Frankfurt,TSG @ SGE,Eintracht Frankfurt,125,1,TSG Hoffenheim,7911,0,STATUS_FULL_TIME,Deutsche Bank Park,2019-2020,0,8,18,2019
548360,2019-08-18 16:00:00+00:00,RB Leipzig at 1. FC Union Berlin,RBL @ FCU,1. FC Union Berlin,598,0,RB Leipzig,11420,4,STATUS_FULL_TIME,Stadion An der Alten Försterei,2019-2020,0,8,18,2019
548349,2019-08-23 18:30:00+00:00,Borussia Dortmund at FC Cologne,DOR @ KOE,FC Cologne,122,1,Borussia Dortmund,124,3,STATUS_FULL_TIME,RheinEnergieStadion,2019-2020,0,8,23,2019
548346,2019-08-24 13:30:00+00:00,1. FC Union Berlin at FC Augsburg,FCU @ FCA,FC Augsburg,3841,1,1. FC Union Berlin,598,1,STATUS_FULL_TIME,WWK Arena,2019-2020,0,8,24,2019
548347,2019-08-24 13:30:00+00:00,Bayer Leverkusen at Fortuna Düsseldorf,B04 @ F95,Fortuna Düsseldorf,9707,1,Bayer Leverkusen,131,3,STATUS_FULL_TIME,Merkur Spiel-Arena,2019-2020,0,8,24,2019
548350,2019-08-24 13:30:00+00:00,Borussia Mönchengladbach at Mainz,BMG @ M05,Mainz,2950,1,Borussia Mönchengladbach,268,3,STATUS_FULL_TIME,MEWA ARENA,2019-2020,0,8,24,2019
548352,2019-08-24 13:30:00+00:00,SC Freiburg at SC Paderborn 07,SCF @ SCP,SC Paderborn 07,3307,1,SC Freiburg,126,3,STATUS_FULL_TIME,Home Deluxe Arena,2019-2020,0,8,24,2019
548353,2019-08-24 13:30:00+00:00,Werder Bremen at TSG Hoffenheim,SVW @ TSG,TSG Hoffenheim,7911,3,Werder Bremen,137,2,STATUS_FULL_TIME,PreZero Arena,2019-2020,0,8,24,2019
548348,2019-08-24 16:30:00+00:00,Bayern Munich at Schalke 04,MUN @ S04,Schalke 04,133,0,Bayern Munich,132,3,STATUS_FULL_TIME,VELTINS-Arena,2019-2020,0,8,24,2019
548351,2019-08-25 13:30:00+00:00,Eintracht Frankfurt at RB Leipzig,SGE @ RBL,RB Leipzig,11420,2,Eintracht Frankfurt,125,1,STATUS_FULL_TIME,Red Bull Arena,2019-2020,0,8,25,2019
548354,2019-08-25 16:00:00+00:00,VfL Wolfsburg at Hertha Berlin,WOB @ BSC,Hertha Berlin,129,0,VfL Wolfsburg,138,3,STATUS_FULL_TIME,Olympiastadion Berlin,2019-2020,0,8,25,2019
548344,2019-08-30 18:30:00+00:00,RB Leipzig at Borussia Mönchengladbach,RBL @ BMG,Borussia Mönchengladbach,268,1,RB Leipzig,11420,3,STATUS_FULL_TIME,BORUSSIA-PARK,2019-2020,0,8,30,2019
548342,2019-08-31 13:30:00+00:00,TSG Hoffenheim at Bayer Leverkusen,TSG @ B04,Bayer Leverkusen,131,0,TSG Hoffenheim,7911,0,STATUS_FULL_TIME,BayArena,2019-2020,0,8,31,2019
548343,2019-08-31 13:30:00+00:00,Mainz at Bayern Munich,M05 @ MUN,Bayern Munich,132,6,Mainz,2950,1,STATUS_FULL_TIME,Allianz Arena,2019-2020,0,8,31,2019
548337,2019-08-31 13:30:00+00:00,FC Cologne at SC Freiburg,KOE @ SCF,SC Freiburg,126,1,FC Cologne,122,2,STATUS_FULL_TIME,Dreisamstadion,2019-2020,0,8,31,2019
548341,2019-08-31 13:30:00+00:00,Hertha Berlin at Schalke 04,BSC @ S04,Schalke 04,133,3,Hertha Berlin,129,0,STATUS_FULL_TIME,VELTINS-Arena,2019-2020,0,8,31,2019
548345,2019-08-31 13:30:00+00:00,SC Paderborn 07 at VfL Wolfsburg,SCP @ WOB,VfL Wolfsburg,138,1,SC Paderborn 07,3307,1,STATUS_FULL_TIME,Volkswagen Arena,2019-2020,0,8,31,2019
548338,2019-08-31 16:30:00+00:00,Borussia Dortmund at 1. FC Union Berlin,DOR @ FCU,1. FC Union Berlin,598,3,Borussia Dortmund,124,1,STATUS_FULL_TIME,Stadion An der Alten Försterei,2019-2020,0,8,31,2019
548339,2019-09-01 13:30:00+00:00,FC Augsburg at Werder Bremen,FCA @ SVW,Werder Bremen,137,3,FC Augsburg,3841,2,STATUS_FULL_TIME,Weserstadion,2019-2020,0,9,1,2019
548340,2019-09-01 16:00:00+00:00,Fortuna Düsseldorf at Eintracht Frankfurt,F95 @ SGE,Eintracht Frankfurt,125,2,Fortuna Düsseldorf,9707,1,STATUS_FULL_TIME,Deutsche Bank Park,2019-2020,0,9,1,2019
548336,2019-09-13 18:30:00+00:00,VfL Wolfsburg at Fortuna Düsseldorf,WOB @ F95,Fortuna Düsseldorf,9707,1,VfL Wolfsburg,138,1,STATUS_FULL_TIME,Merkur Spiel-Arena,2019-2020,0,9,13,2019
548335,2019-09-14 13:30:00+00:00,Werder Bremen at 1. FC Union Berlin,SVW @ FCU,1. FC Union Berlin,598,1,Werder Bremen,137,2,STATUS_FULL_TIME,Stadion An der Alten Försterei,2019-2020,0,9,14,2019
548328,2019-09-14 13:30:00+00:00,Bayer Leverkusen at Borussia Dortmund,B04 @ DOR,Borussia Dortmund,124,4,Bayer Leverkusen,131,0,STATUS_FULL_TIME,SIGNAL IDUNA PARK,2019-2020,0,9,14,2019
548331,2019-09-14 13:30:00+00:00,Eintracht Frankfurt at FC Augsburg,SGE @ FCA,FC Augsburg,3841,2,Eintracht Frankfurt,125,1,STATUS_FULL_TIME,WWK Arena,2019-2020,0,9,14,2019
548330,2019-09-14 13:30:00+00:00,Borussia Mönchengladbach at FC Cologne,BMG @ KOE,FC Cologne,122,0,Borussia Mönchengladbach,268,1,STATUS_FULL_TIME,RheinEnergieStadion,2019-2020,0,9,14,2019
548333,2019-09-14 13:30:00+00:00,Hertha Berlin at Mainz,BSC @ M05,Mainz,2950,2,Hertha Berlin,129,1,STATUS_FULL_TIME,MEWA ARENA,2019-2020,0,9,14,2019
548329,2019-09-14 16:30:00+00:00,Bayern Munich at RB Leipzig,MUN @ RBL,RB Leipzig,11420,1,Bayern Munich,132,1,STATUS_FULL_TIME,Red Bull Arena,2019-2020,0,9,14,2019
548332,2019-09-15 13:30:00+00:00,SC Freiburg at TSG Hoffenheim,SCF @ TSG,TSG Hoffenheim,7911,0,SC Freiburg,126,3,STATUS_FULL_TIME,PreZero Arena,2019-2020,0,9,15,2019
548334,2019-09-15 16:00:00+00:00,Schalke 04 at SC Paderborn 07,S04 @ SCP,SC Paderborn 07,3307,1,Schalke 04,133,5,STATUS_FULL_TIME,Home Deluxe Arena,2019-2020,0,9,15,2019
548325,2019-09-20 18:30:00+00:00,Mainz at Schalke 04,M05 @ S04,Schalke 04,133,2,Mainz,2950,1,STATUS_FULL_TIME,VELTINS-Arena,2019-2020,0,9,20,2019
548320,2019-09-21 13:30:00+00:00,1. FC Union Berlin at Bayer Leverkusen,FCU @ B04,Bayer Leverkusen,131,2,1. FC Union Berlin,598,0,STATUS_FULL_TIME,BayArena,2019-2020,0,9,21,2019
548319,2019-09-21 13:30:00+00:00,FC Cologne at Bayern Munich,KOE @ MUN,Bayern Munich,132,4,FC Cologne,122,0,STATUS_FULL_TIME,Allianz Arena,2019-2020,0,9,21,2019
548327,2019-09-21 13:30:00+00:00,SC Paderborn 07 at Hertha Berlin,SCP @ BSC,Hertha Berlin,129,2,SC Paderborn 07,3307,1,STATUS_FULL_TIME,Olympiastadion Berlin,2019-2020,0,9,21,2019
548322,2019-09-21 13:30:00+00:00,FC Augsburg at SC Freiburg,FCA @ SCF,SC Freiburg,126,1,FC Augsburg,3841,1,STATUS_FULL_TIME,Dreisamstadion,2019-2020,0,9,21,2019
548326,2019-09-21 16:30:00+00:00,RB Leipzig at Werder Bremen,RBL @ SVW,Werder Bremen,137,0,RB Leipzig,11420,3,STATUS_FULL_TIME,Weserstadion,2019-2020,0,9,21,2019
548323,2019-09-22 13:30:00+00:00,Fortuna Düsseldorf at Borussia Mönchengladbach,F95 @ BMG,Borussia Mönchengladbach,268,2,Fortuna Düsseldorf,9707,1,STATUS_FULL_TIME,BORUSSIA-PARK,2019-2020,0,9,22,2019
548321,2019-09-22 16:00:00+00:00,Borussia Dortmund at Eintracht Frankfurt,DOR @ SGE,Eintracht Frankfurt,125,2,Borussia Dortmund,124,2,STATUS_FULL_TIME,Deutsche Bank Park,2019-2020,0,9,22,2019
548324,2019-09-23 18:30:00+00:00,TSG Hoffenheim at VfL Wolfsburg,TSG @ WOB,VfL Wolfsburg,138,1,TSG Hoffenheim,7911,1,STATUS_FULL_TIME,Volkswagen Arena,2019-2020,0,9,23,2019
548313,2019-09-27 18:30:00+00:00,Eintracht Frankfurt at 1. FC Union Berlin,SGE @ FCU,1. FC Union Berlin,598,1,Eintracht Frankfurt,125,2,STATUS_FULL_TIME,Stadion An der Alten Försterei,2019-2020,0,9,27,2019
548310,2019-09-28 13:30:00+00:00,Bayer Leverkusen at FC Augsburg,B04 @ FCA,FC Augsburg,3841,0,Bayer Leverkusen,131,3,STATUS_FULL_TIME,WWK Arena,2019-2020,0,9,28,2019
548312,2019-09-28 13:30:00+00:00,Borussia Mönchengladbach at TSG Hoffenheim,BMG @ TSG,TSG Hoffenheim,7911,0,Borussia Mönchengladbach,268,3,STATUS_FULL_TIME,PreZero Arena,2019-2020,0,9,28,2019
548318,2019-09-28 13:30:00+00:00,VfL Wolfsburg at Mainz,WOB @ M05,Mainz,2950,0,VfL Wolfsburg,138,1,STATUS_FULL_TIME,MEWA ARENA,2019-2020,0,9,28,2019
548311,2019-09-28 13:30:00+00:00,Bayern Munich at SC Paderborn 07,MUN @ SCP,SC Paderborn 07,3307,2,Bayern Munich,132,3,STATUS_FULL_TIME,Home Deluxe Arena,2019-2020,0,9,28,2019
548316,2019-09-28 13:30:00+00:00,Schalke 04 at RB Leipzig,S04 @ RBL,RB Leipzig,11420,1,Schalke 04,133,3,STATUS_FULL_TIME,Red Bull Arena,2019-2020,0,9,28,2019
548317,2019-09-28 16:30:00+00:00,Werder Bremen at Borussia Dortmund,SVW @ DOR,Borussia Dortmund,124,2,Werder Bremen,137,2,STATUS_FULL_TIME,SIGNAL IDUNA PARK,2019-2020,0,9,28,2019
548314,2019-09-29 13:30:00+00:00,SC Freiburg at Fortuna Düsseldorf,SCF @ F95,Fortuna Düsseldorf,9707,1,SC Freiburg,126,2,STATUS_FULL_TIME,Merkur Spiel-Arena,2019-2020,0,9,29,2019
548315,2019-09-29 16:00:00+00:00,Hertha Berlin at FC Cologne,BSC @ KOE,FC Cologne,122,0,Hertha Berlin,129,4,STATUS_FULL_TIME,RheinEnergieStadion,2019-2020,0,9,29,2019
548305,2019-10-04 18:30:00+00:00,Fortuna Düsseldorf at Hertha Berlin,F95 @ BSC,Hertha Berlin,129,3,Fortuna Düsseldorf,9707,1,STATUS_FULL_TIME,Olympiastadion Berlin,2019-2020,0,10,4,2019
548308,2019-10-05 13:30:00+00:00,RB Leipzig at Bayer Leverkusen,RBL @ B04,Bayer Leverkusen,131,1,RB Leipzig,11420,1,STATUS_FULL_TIME,BayArena,2019-2020,0,10,5,2019
548306,2019-10-05 13:30:00+00:00,TSG Hoffenheim at Bayern Munich,TSG @ MUN,Bayern Munich,132,1,TSG Hoffenheim,7911,2,STATUS_FULL_TIME,Allianz Arena,2019-2020,0,10,5,2019
548303,2019-10-05 13:30:00+00:00,Borussia Dortmund at SC Freiburg,DOR @ SCF,SC Freiburg,126,2,Borussia Dortmund,124,2,STATUS_FULL_TIME,Dreisamstadion,2019-2020,0,10,5,2019
548307,2019-10-05 13:30:00+00:00,Mainz at SC Paderborn 07,M05 @ SCP,SC Paderborn 07,3307,1,Mainz,2950,2,STATUS_FULL_TIME,Home Deluxe Arena,2019-2020,0,10,5,2019
548301,2019-10-05 16:30:00+00:00,FC Cologne at Schalke 04,KOE @ S04,Schalke 04,133,1,FC Cologne,122,1,STATUS_FULL_TIME,VELTINS-Arena,2019-2020,0,10,5,2019
548304,2019-10-06 11:30:00+00:00,FC Augsburg at Borussia Mönchengladbach,FCA @ BMG,Borussia Mönchengladbach,268,5,FC Augsburg,3841,1,STATUS_FULL_TIME,BORUSSIA-PARK,2019-2020,0,10,6,2019
548302,2019-10-06 13:30:00+00:00,1. FC Union Berlin at VfL Wolfsburg,FCU @ WOB,VfL Wolfsburg,138,1,1. FC Union Berlin,598,0,STATUS_FULL_TIME,Volkswagen Arena,2019-2020,0,10,6,2019
548309,2019-10-06 16:00:00+00:00,Werder Bremen at Eintracht Frankfurt,SVW @ SGE,Eintracht Frankfurt,125,2,Werder Bremen,137,2,STATUS_FULL_TIME,Deutsche Bank Park,2019-2020,0,10,6,2019
548292,2019-10-18 18:30:00+00:00,Bayer Leverkusen at Eintracht Frankfurt,B04 @ SGE,Eintracht Frankfurt,125,3,Bayer Leverkusen,131,0,STATUS_FULL_TIME,Deutsche Bank Park,2019-2020,0,10,18,2019
548295,2019-10-19 13:30:00+00:00,SC Freiburg at 1. FC Union Berlin,SCF @ FCU,1. FC Union Berlin,598,2,SC Freiburg,126,0,STATUS_FULL_TIME,Stadion An der Alten Försterei,2019-2020,0,10,19,2019
548293,2019-10-19 13:30:00+00:00,Bayern Munich at FC Augsburg,MUN @ FCA,FC Augsburg,3841,2,Bayern Munich,132,2,STATUS_FULL_TIME,WWK Arena,2019-2020,0,10,19,2019
548297,2019-10-19 13:30:00+00:00,Mainz at Fortuna Düsseldorf,M05 @ F95,Fortuna Düsseldorf,9707,1,Mainz,2950,0,STATUS_FULL_TIME,Merkur Spiel-Arena,2019-2020,0,10,19,2019
548300,2019-10-19 13:30:00+00:00,VfL Wolfsburg at RB Leipzig,WOB @ RBL,RB Leipzig,11420,1,VfL Wolfsburg,138,1,STATUS_FULL_TIME,Red Bull Arena,2019-2020,0,10,19,2019
548296,2019-10-19 13:30:00+00:00,Hertha Berlin at Werder Bremen,BSC @ SVW,Werder Bremen,137,1,Hertha Berlin,129,1,STATUS_FULL_TIME,Weserstadion,2019-2020,0,10,19,2019
548294,2019-10-19 16:30:00+00:00,Borussia Mönchengladbach at Borussia Dortmund,BMG @ DOR,Borussia Dortmund,124,1,Borussia Mönchengladbach,268,0,STATUS_FULL_TIME,SIGNAL IDUNA PARK,2019-2020,0,10,19,2019
548298,2019-10-20 13:30:00+00:00,SC Paderborn 07 at FC Cologne,SCP @ KOE,FC Cologne,122,3,SC Paderborn 07,3307,0,STATUS_FULL_TIME,RheinEnergieStadion,2019-2020,0,10,20,2019
548299,2019-10-20 16:00:00+00:00,Schalke 04 at TSG Hoffenheim,S04 @ TSG,TSG Hoffenheim,7911,2,Schalke 04,133,0,STATUS_FULL_TIME,PreZero Arena,2019-2020,0,10,20,2019
548283,2019-10-25 18:30:00+00:00,FC Cologne at Mainz,KOE @ M05,Mainz,2950,3,FC Cologne,122,1,STATUS_FULL_TIME,MEWA ARENA,2019-2020,0,10,25,2019
548284,2019-10-26 13:30:00+00:00,1. FC Union Berlin at Bayern Munich,FCU @ MUN,Bayern Munich,132,2,1. FC Union Berlin,598,1,STATUS_FULL_TIME,Allianz Arena,2019-2020,0,10,26,2019
548289,2019-10-26 13:30:00+00:00,TSG Hoffenheim at Hertha Berlin,TSG @ BSC,Hertha Berlin,129,2,TSG Hoffenheim,7911,3,STATUS_FULL_TIME,Olympiastadion Berlin,2019-2020,0,10,26,2019
548290,2019-10-26 13:30:00+00:00,RB Leipzig at SC Freiburg,RBL @ SCF,SC Freiburg,126,2,RB Leipzig,11420,1,STATUS_FULL_TIME,Dreisamstadion,2019-2020,0,10,26,2019
548288,2019-10-26 13:30:00+00:00,Fortuna Düsseldorf at SC Paderborn 07,F95 @ SCP,SC Paderborn 07,3307,2,Fortuna Düsseldorf,9707,0,STATUS_FULL_TIME,Home Deluxe Arena,2019-2020,0,10,26,2019
548285,2019-10-26 13:30:00+00:00,Borussia Dortmund at Schalke 04,DOR @ S04,Schalke 04,133,0,Borussia Dortmund,124,0,STATUS_FULL_TIME,VELTINS-Arena,2019-2020,0,10,26,2019
548291,2019-10-26 16:30:00+00:00,Werder Bremen at Bayer Leverkusen,SVW @ B04,Bayer Leverkusen,131,2,Werder Bremen,137,2,STATUS_FULL_TIME,BayArena,2019-2020,0,10,26,2019
548287,2019-10-27 14:30:00+00:00,FC Augsburg at VfL Wolfsburg,FCA @ WOB,VfL Wolfsburg,138,0,FC Augsburg,3841,0,STATUS_FULL_TIME,Volkswagen Arena,2019-2020,0,10,27,2019
548286,2019-10-27 17:00:00+00:00,Eintracht Frankfurt at Borussia Mönchengladbach,SGE @ BMG,Borussia Mönchengladbach,268,4,Eintracht Frankfurt,125,2,STATUS_FULL_TIME,BORUSSIA-PARK,2019-2020,0,10,27,2019
548280,2019-11-01 19:30:00+00:00,SC Paderborn 07 at TSG Hoffenheim,SCP @ TSG,TSG Hoffenheim,7911,3,SC Paderborn 07,3307,0,STATUS_FULL_TIME,PreZero Arena,2019-2020,0,11,1,2019
548276,2019-11-02 14:30:00+00:00,Borussia Mönchengladbach at Bayer Leverkusen,BMG @ B04,Bayer Leverkusen,131,1,Borussia Mönchengladbach,268,2,STATUS_FULL_TIME,BayArena,2019-2020,0,11,2,2019
548282,2019-11-02 14:30:00+00:00,VfL Wolfsburg at Borussia Dortmund,WOB @ DOR,Borussia Dortmund,124,3,VfL Wolfsburg,138,0,STATUS_FULL_TIME,SIGNAL IDUNA PARK,2019-2020,0,11,2,2019
548275,2019-11-02 14:30:00+00:00,Bayern Munich at Eintracht Frankfurt,MUN @ SGE,Eintracht Frankfurt,125,5,Bayern Munich,132,1,STATUS_FULL_TIME,Deutsche Bank Park,2019-2020,0,11,2,2019
548279,2019-11-02 14:30:00+00:00,Mainz at RB Leipzig,M05 @ RBL,RB Leipzig,11420,8,Mainz,2950,0,STATUS_FULL_TIME,Red Bull Arena,2019-2020,0,11,2,2019
548277,2019-11-02 14:30:00+00:00,SC Freiburg at Werder Bremen,SCF @ SVW,Werder Bremen,137,2,SC Freiburg,126,2,STATUS_FULL_TIME,Weserstadion,2019-2020,0,11,2,2019
548278,2019-11-02 17:30:00+00:00,Hertha Berlin at 1. FC Union Berlin,BSC @ FCU,1. FC Union Berlin,598,1,Hertha Berlin,129,0,STATUS_FULL_TIME,Stadion An der Alten Försterei,2019-2020,0,11,2,2019
548274,2019-11-03 14:30:00+00:00,FC Cologne at Fortuna Düsseldorf,KOE @ F95,Fortuna Düsseldorf,9707,2,FC Cologne,122,0,STATUS_FULL_TIME,Merkur Spiel-Arena,2019-2020,0,11,3,2019
548281,2019-11-03 17:00:00+00:00,Schalke 04 at FC Augsburg,S04 @ FCA,FC Augsburg,3841,2,Schalke 04,133,3,STATUS_FULL_TIME,WWK Arena,2019-2020,0,11,3,2019
548271,2019-11-08 19:30:00+00:00,TSG Hoffenheim at FC Cologne,TSG @ KOE,FC Cologne,122,1,TSG Hoffenheim,7911,2,STATUS_FULL_TIME,RheinEnergieStadion,2019-2020,0,11,8,2019
548272,2019-11-09 14:30:00+00:00,RB Leipzig at Hertha Berlin,RBL @ BSC,Hertha Berlin,129,2,RB Leipzig,11420,4,STATUS_FULL_TIME,Olympiastadion Berlin,2019-2020,0,11,9,2019
548265,2019-11-09 14:30:00+00:00,1. FC Union Berlin at Mainz,FCU @ M05,Mainz,2950,2,1. FC Union Berlin,598,3,STATUS_FULL_TIME,MEWA ARENA,2019-2020,0,11,9,2019
548269,2019-11-09 14:30:00+00:00,FC Augsburg at SC Paderborn 07,FCA @ SCP,SC Paderborn 07,3307,0,FC Augsburg,3841,1,STATUS_FULL_TIME,Home Deluxe Arena,2019-2020,0,11,9,2019
548270,2019-11-09 14:30:00+00:00,Fortuna Düsseldorf at Schalke 04,F95 @ S04,Schalke 04,133,3,Fortuna Düsseldorf,9707,3,STATUS_FULL_TIME,VELTINS-Arena,2019-2020,0,11,9,2019
548267,2019-11-09 17:30:00+00:00,Borussia Dortmund at Bayern Munich,DOR @ MUN,Bayern Munich,132,4,Borussia Dortmund,124,0,STATUS_FULL_TIME,Allianz Arena,2019-2020,0,11,9,2019
548273,2019-11-10 12:30:00+00:00,Werder Bremen at Borussia Mönchengladbach,SVW @ BMG,Borussia Mönchengladbach,268,3,Werder Bremen,137,1,STATUS_FULL_TIME,BORUSSIA-PARK,2019-2020,0,11,10,2019
548266,2019-11-10 14:30:00+00:00,Bayer Leverkusen at VfL Wolfsburg,B04 @ WOB,VfL Wolfsburg,138,0,Bayer Leverkusen,131,2,STATUS_FULL_TIME,Volkswagen Arena,2019-2020,0,11,10,2019
548268,2019-11-10 17:00:00+00:00,Eintracht Frankfurt at SC Freiburg,SGE @ SCF,SC Freiburg,126,1,Eintracht Frankfurt,125,0,STATUS_FULL_TIME,Dreisamstadion,2019-2020,0,11,10,2019
548262,2019-11-22 19:30:00+00:00,SC Paderborn 07 at Borussia Dortmund,SCP @ DOR,Borussia Dortmund,124,3,SC Paderborn 07,3307,3,STATUS_FULL_TIME,SIGNAL IDUNA PARK,2019-2020,0,11,22,2019
548258,2019-11-23 14:30:00+00:00,Borussia Mönchengladbach at 1. FC Union Berlin,BMG @ FCU,1. FC Union Berlin,598,2,Borussia Mönchengladbach,268,0,STATUS_FULL_TIME,Stadion An der Alten Försterei,2019-2020,0,11,23,2019
548259,2019-11-23 14:30:00+00:00,SC Freiburg at Bayer Leverkusen,SCF @ B04,Bayer Leverkusen,131,1,SC Freiburg,126,1,STATUS_FULL_TIME,BayArena,2019-2020,0,11,23,2019
548264,2019-11-23 14:30:00+00:00,VfL Wolfsburg at Eintracht Frankfurt,WOB @ SGE,Eintracht Frankfurt,125,0,VfL Wolfsburg,138,2,STATUS_FULL_TIME,Deutsche Bank Park,2019-2020,0,11,23,2019
548257,2019-11-23 14:30:00+00:00,Bayern Munich at Fortuna Düsseldorf,MUN @ F95,Fortuna Düsseldorf,9707,0,Bayern Munich,132,4,STATUS_FULL_TIME,Merkur Spiel-Arena,2019-2020,0,11,23,2019
548263,2019-11-23 14:30:00+00:00,Schalke 04 at Werder Bremen,S04 @ SVW,Werder Bremen,137,1,Schalke 04,133,2,STATUS_FULL_TIME,Weserstadion,2019-2020,0,11,23,2019
548256,2019-11-23 17:30:00+00:00,FC Cologne at RB Leipzig,KOE @ RBL,RB Leipzig,11420,4,FC Cologne,122,1,STATUS_FULL_TIME,Red Bull Arena,2019-2020,0,11,23,2019
548260,2019-11-24 14:30:00+00:00,Hertha Berlin at FC Augsburg,BSC @ FCA,FC Augsburg,3841,4,Hertha Berlin,129,0,STATUS_FULL_TIME,WWK Arena,2019-2020,0,11,24,2019
548261,2019-11-24 17:00:00+00:00,Mainz at TSG Hoffenheim,M05 @ TSG,TSG Hoffenheim,7911,1,Mainz,2950,5,STATUS_FULL_TIME,PreZero Arena,2019-2020,0,11,24,2019
548247,2019-11-29 19:30:00+00:00,1. FC Union Berlin at Schalke 04,FCU @ S04,Schalke 04,133,2,1. FC Union Berlin,598,1,STATUS_FULL_TIME,VELTINS-Arena,2019-2020,0,11,29,2019
548251,2019-11-30 14:30:00+00:00,FC Augsburg at FC Cologne,FCA @ KOE,FC Cologne,122,1,FC Augsburg,3841,1,STATUS_FULL_TIME,RheinEnergieStadion,2019-2020,0,11,30,2019
548249,2019-11-30 14:30:00+00:00,Borussia Dortmund at Hertha Berlin,DOR @ BSC,Hertha Berlin,129,1,Borussia Dortmund,124,2,STATUS_FULL_TIME,Olympiastadion Berlin,2019-2020,0,11,30,2019
548254,2019-11-30 14:30:00+00:00,RB Leipzig at SC Paderborn 07,RBL @ SCP,SC Paderborn 07,3307,2,RB Leipzig,11420,3,STATUS_FULL_TIME,Home Deluxe Arena,2019-2020,0,11,30,2019
548252,2019-11-30 14:30:00+00:00,Fortuna Düsseldorf at TSG Hoffenheim,F95 @ TSG,TSG Hoffenheim,7911,1,Fortuna Düsseldorf,9707,1,STATUS_FULL_TIME,PreZero Arena,2019-2020,0,11,30,2019
548248,2019-11-30 17:30:00+00:00,Bayer Leverkusen at Bayern Munich,B04 @ MUN,Bayern Munich,132,1,Bayer Leverkusen,131,2,STATUS_FULL_TIME,Allianz Arena,2019-2020,0,11,30,2019
548253,2019-12-01 14:30:00+00:00,SC Freiburg at Borussia Mönchengladbach,SCF @ BMG,Borussia Mönchengladbach,268,4,SC Freiburg,126,2,STATUS_FULL_TIME,BORUSSIA-PARK,2019-2020,0,12,1,2019
548255,2019-12-01 17:00:00+00:00,Werder Bremen at VfL Wolfsburg,SVW @ WOB,VfL Wolfsburg,138,2,Werder Bremen,137,3,STATUS_FULL_TIME,Volkswagen Arena,2019-2020,0,12,1,2019
548250,2019-12-02 19:30:00+00:00,Eintracht Frankfurt at Mainz,SGE @ M05,Mainz,2950,2,Eintracht Frankfurt,125,1,STATUS_FULL_TIME,MEWA ARENA,2019-2020,0,12,2,2019
548241,2019-12-06 19:30:00+00:00,Hertha Berlin at Eintracht Frankfurt,BSC @ SGE,Eintracht Frankfurt,125,2,Hertha Berlin,129,2,STATUS_FULL_TIME,Deutsche Bank Park,2019-2020,0,12,6,2019
548240,2019-12-07 14:30:00+00:00,Fortuna Düsseldorf at Borussia Dortmund,F95 @ DOR,Borussia Dortmund,124,5,Fortuna Düsseldorf,9707,0,STATUS_FULL_TIME,SIGNAL IDUNA PARK,2019-2020,0,12,7,2019
548239,2019-12-07 14:30:00+00:00,Bayern Munich at Borussia Mönchengladbach,MUN @ BMG,Borussia Mönchengladbach,268,2,Bayern Munich,132,1,STATUS_FULL_TIME,BORUSSIA-PARK,2019-2020,0,12,7,2019
548243,2019-12-07 14:30:00+00:00,Mainz at FC Augsburg,M05 @ FCA,FC Augsburg,3841,2,Mainz,2950,1,STATUS_FULL_TIME,WWK Arena,2019-2020,0,12,7,2019
548242,2019-12-07 14:30:00+00:00,TSG Hoffenheim at RB Leipzig,TSG @ RBL,RB Leipzig,11420,3,TSG Hoffenheim,7911,1,STATUS_FULL_TIME,Red Bull Arena,2019-2020,0,12,7,2019
548246,2019-12-07 14:30:00+00:00,VfL Wolfsburg at SC Freiburg,WOB @ SCF,SC Freiburg,126,1,VfL Wolfsburg,138,0,STATUS_FULL_TIME,Dreisamstadion,2019-2020,0,12,7,2019
548245,2019-12-07 17:30:00+00:00,Schalke 04 at Bayer Leverkusen,S04 @ B04,Bayer Leverkusen,131,2,Schalke 04,133,1,STATUS_FULL_TIME,BayArena,2019-2020,0,12,7,2019
548238,2019-12-08 14:30:00+00:00,FC Cologne at 1. FC Union Berlin,KOE @ FCU,1. FC Union Berlin,598,2,FC Cologne,122,0,STATUS_FULL_TIME,Stadion An der Alten Försterei,2019-2020,0,12,8,2019
548244,2019-12-08 17:00:00+00:00,SC Paderborn 07 at Werder Bremen,SCP @ SVW,Werder Bremen,137,0,SC Paderborn 07,3307,1,STATUS_FULL_TIME,Weserstadion,2019-2020,0,12,8,2019
548234,2019-12-13 19:30:00+00:00,FC Augsburg at TSG Hoffenheim,FCA @ TSG,TSG Hoffenheim,7911,2,FC Augsburg,3841,4,STATUS_FULL_TIME,PreZero Arena,2019-2020,0,12,13,2019
548237,2019-12-14 14:30:00+00:00,Werder Bremen at Bayern Munich,SVW @ MUN,Bayern Munich,132,6,Werder Bremen,137,1,STATUS_FULL_TIME,Allianz Arena,2019-2020,0,12,14,2019
548230,2019-12-14 14:30:00+00:00,Bayer Leverkusen at FC Cologne,B04 @ KOE,FC Cologne,122,2,Bayer Leverkusen,131,0,STATUS_FULL_TIME,RheinEnergieStadion,2019-2020,0,12,14,2019
548235,2019-12-14 14:30:00+00:00,SC Freiburg at Hertha Berlin,SCF @ BSC,Hertha Berlin,129,1,SC Freiburg,126,0,STATUS_FULL_TIME,Olympiastadion Berlin,2019-2020,0,12,14,2019
548231,2019-12-14 14:30:00+00:00,Borussia Dortmund at Mainz,DOR @ M05,Mainz,2950,0,Borussia Dortmund,124,4,STATUS_FULL_TIME,MEWA ARENA,2019-2020,0,12,14,2019
548229,2019-12-14 14:30:00+00:00,1. FC Union Berlin at SC Paderborn 07,FCU @ SCP,SC Paderborn 07,3307,1,1. FC Union Berlin,598,1,STATUS_FULL_TIME,Home Deluxe Arena,2019-2020,0,12,14,2019
548236,2019-12-14 17:30:00+00:00,RB Leipzig at Fortuna Düsseldorf,RBL @ F95,Fortuna Düsseldorf,9707,0,RB Leipzig,11420,3,STATUS_FULL_TIME,Merkur Spiel-Arena,2019-2020,0,12,14,2019
548232,2019-12-15 14:30:00+00:00,Borussia Mönchengladbach at VfL Wolfsburg,BMG @ WOB,VfL Wolfsburg,138,2,Borussia Mönchengladbach,268,1,STATUS_FULL_TIME,Volkswagen Arena,2019-2020,0,12,15,2019
548233,2019-12-15 17:00:00+00:00,Eintracht Frankfurt at Schalke 04,SGE @ S04,Schalke 04,133,1,Eintracht Frankfurt,125,0,STATUS_FULL_TIME,VELTINS-Arena,2019-2020,0,12,15,2019
548225,2019-12-17 17:30:00+00:00,Mainz at Werder Bremen,M05 @ SVW,Werder Bremen,137,0,Mainz,2950,5,STATUS_FULL_TIME,Weserstadion,2019-2020,0,12,17,2019
548224,2019-12-17 19:30:00+00:00,TSG Hoffenheim at 1. FC Union Berlin,TSG @ FCU,1. FC Union Berlin,598,0,TSG Hoffenheim,7911,2,STATUS_FULL_TIME,Stadion An der Alten Försterei,2019-2020,0,12,17,2019
548226,2019-12-17 19:30:00+00:00,RB Leipzig at Borussia Dortmund,RBL @ DOR,Borussia Dortmund,124,3,RB Leipzig,11420,3,STATUS_FULL_TIME,SIGNAL IDUNA PARK,2019-2020,0,12,17,2019
548222,2019-12-17 19:30:00+00:00,Fortuna Düsseldorf at FC Augsburg,F95 @ FCA,FC Augsburg,3841,3,Fortuna Düsseldorf,9707,0,STATUS_FULL_TIME,WWK Arena,2019-2020,0,12,17,2019
548223,2019-12-18 17:30:00+00:00,Hertha Berlin at Bayer Leverkusen,BSC @ B04,Bayer Leverkusen,131,0,Hertha Berlin,129,1,STATUS_FULL_TIME,BayArena,2019-2020,0,12,18,2019
548227,2019-12-18 19:30:00+00:00,SC Paderborn 07 at Borussia Mönchengladbach,SCP @ BMG,Borussia Mönchengladbach,268,2,SC Paderborn 07,3307,0,STATUS_FULL_TIME,BORUSSIA-PARK,2019-2020,0,12,18,2019
548220,2019-12-18 19:30:00+00:00,FC Cologne at Eintracht Frankfurt,KOE @ SGE,Eintracht Frankfurt,125,2,FC Cologne,122,4,STATUS_FULL_TIME,Deutsche Bank Park,2019-2020,0,12,18,2019
548221,2019-12-18 19:30:00+00:00,Bayern Munich at SC Freiburg,MUN @ SCF,SC Freiburg,126,1,Bayern Munich,132,3,STATUS_FULL_TIME,Dreisamstadion,2019-2020,0,12,18,2019
548228,2019-12-18 19:30:00+00:00,Schalke 04 at VfL Wolfsburg,S04 @ WOB,VfL Wolfsburg,138,1,Schalke 04,133,1,STATUS_FULL_TIME,Volkswagen Arena,2019-2020,0,12,18,2019
548213,2019-12-20 19:30:00+00:00,Borussia Dortmund at TSG Hoffenheim,DOR @ TSG,TSG Hoffenheim,7911,2,Borussia Dortmund,124,1,STATUS_FULL_TIME,PreZero Arena,2019-2020,0,12,20,2019
548219,2019-12-21 14:30:00+00:00,VfL Wolfsburg at Bayern Munich,WOB @ MUN,Bayern Munich,132,2,VfL Wolfsburg,138,0,STATUS_FULL_TIME,Allianz Arena,2019-2020,0,12,21,2019
548218,2019-12-21 14:30:00+00:00,Werder Bremen at FC Cologne,SVW @ KOE,FC Cologne,122,1,Werder Bremen,137,0,STATUS_FULL_TIME,RheinEnergieStadion,2019-2020,0,12,21,2019
548212,2019-12-21 14:30:00+00:00,Bayer Leverkusen at Mainz,B04 @ M05,Mainz,2950,0,Bayer Leverkusen,131,1,STATUS_FULL_TIME,MEWA ARENA,2019-2020,0,12,21,2019
548216,2019-12-21 14:30:00+00:00,FC Augsburg at RB Leipzig,FCA @ RBL,RB Leipzig,11420,3,FC Augsburg,3841,1,STATUS_FULL_TIME,Red Bull Arena,2019-2020,0,12,21,2019
548217,2019-12-21 14:30:00+00:00,SC Freiburg at Schalke 04,SCF @ S04,Schalke 04,133,2,SC Freiburg,126,2,STATUS_FULL_TIME,VELTINS-Arena,2019-2020,0,12,21,2019
548214,2019-12-21 17:30:00+00:00,Borussia Mönchengladbach at Hertha Berlin,BMG @ BSC,Hertha Berlin,129,0,Borussia Mönchengladbach,268,0,STATUS_FULL_TIME,Olympiastadion Berlin,2019-2020,0,12,21,2019
548211,2019-12-22 14:30:00+00:00,1. FC Union Berlin at Fortuna Düsseldorf,FCU @ F95,Fortuna Düsseldorf,9707,2,1. FC Union Berlin,598,1,STATUS_FULL_TIME,Merkur Spiel-Arena,2019-2020,0,12,22,2019
548215,2019-12-22 17:00:00+00:00,Eintracht Frankfurt at SC Paderborn 07,SGE @ SCP,SC Paderborn 07,3307,2,Eintracht Frankfurt,125,1,STATUS_FULL_TIME,Home Deluxe Arena,2019-2020,0,12,22,2019
548206,2020-01-17 19:30:00+00:00,Borussia Mönchengladbach at Schalke 04,BMG @ S04,Schalke 04,133,2,Borussia Mönchengladbach,268,0,STATUS_FULL_TIME,VELTINS-Arena,2019-2020,0,1,17,2020
548209,2020-01-18 14:30:00+00:00,Werder Bremen at Fortuna Düsseldorf,SVW @ F95,Fortuna Düsseldorf,9707,0,Werder Bremen,137,1,STATUS_FULL_TIME,Merkur Spiel-Arena,2019-2020,0,1,18,2020
548210,2020-01-18 14:30:00+00:00,VfL Wolfsburg at FC Cologne,WOB @ KOE,FC Cologne,122,3,VfL Wolfsburg,138,1,STATUS_FULL_TIME,RheinEnergieStadion,2019-2020,0,1,18,2020
548207,2020-01-18 14:30:00+00:00,Eintracht Frankfurt at TSG Hoffenheim,SGE @ TSG,TSG Hoffenheim,7911,1,Eintracht Frankfurt,125,2,STATUS_FULL_TIME,PreZero Arena,2019-2020,0,1,18,2020
548208,2020-01-18 14:30:00+00:00,SC Freiburg at Mainz,SCF @ M05,Mainz,2950,1,SC Freiburg,126,2,STATUS_FULL_TIME,MEWA ARENA,2019-2020,0,1,18,2020
548205,2020-01-18 14:30:00+00:00,Borussia Dortmund at FC Augsburg,DOR @ FCA,FC Augsburg,3841,3,Borussia Dortmund,124,5,STATUS_FULL_TIME,WWK Arena,2019-2020,0,1,18,2020
548202,2020-01-18 17:30:00+00:00,1. FC Union Berlin at RB Leipzig,FCU @ RBL,RB Leipzig,11420,3,1. FC Union Berlin,598,1,STATUS_FULL_TIME,Red Bull Arena,2019-2020,0,1,18,2020
548204,2020-01-19 14:30:00+00:00,Bayern Munich at Hertha Berlin,MUN @ BSC,Hertha Berlin,129,0,Bayern Munich,132,4,STATUS_FULL_TIME,Olympiastadion Berlin,2019-2020,0,1,19,2020
548203,2020-01-19 17:00:00+00:00,Bayer Leverkusen at SC Paderborn 07,B04 @ SCP,SC Paderborn 07,3307,1,Bayer Leverkusen,131,4,STATUS_FULL_TIME,Home Deluxe Arena,2019-2020,0,1,19,2020
548193,2020-01-24 19:30:00+00:00,FC Cologne at Borussia Dortmund,KOE @ DOR,Borussia Dortmund,124,5,FC Cologne,122,1,STATUS_FULL_TIME,SIGNAL IDUNA PARK,2019-2020,0,1,24,2020
548194,2020-01-25 14:30:00+00:00,FC Augsburg at 1. FC Union Berlin,FCA @ FCU,1. FC Union Berlin,598,2,FC Augsburg,3841,0,STATUS_FULL_TIME,Stadion An der Alten Försterei,2019-2020,0,1,25,2020
548196,2020-01-25 14:30:00+00:00,Hertha Berlin at VfL Wolfsburg,BSC @ WOB,VfL Wolfsburg,138,1,Hertha Berlin,129,2,STATUS_FULL_TIME,Volkswagen Arena,2019-2020,0,1,25,2020
548198,2020-01-25 14:30:00+00:00,Mainz at Borussia Mönchengladbach,M05 @ BMG,Borussia Mönchengladbach,268,3,Mainz,2950,1,STATUS_FULL_TIME,BORUSSIA-PARK,2019-2020,0,1,25,2020
548200,2020-01-25 14:30:00+00:00,SC Paderborn 07 at SC Freiburg,SCP @ SCF,SC Freiburg,126,0,SC Paderborn 07,3307,2,STATUS_FULL_TIME,Dreisamstadion,2019-2020,0,1,25,2020
548199,2020-01-25 14:30:00+00:00,RB Leipzig at Eintracht Frankfurt,RBL @ SGE,Eintracht Frankfurt,125,2,RB Leipzig,11420,0,STATUS_FULL_TIME,Deutsche Bank Park,2019-2020,0,1,25,2020
548201,2020-01-25 17:30:00+00:00,Schalke 04 at Bayern Munich,S04 @ MUN,Bayern Munich,132,5,Schalke 04,133,0,STATUS_FULL_TIME,Allianz Arena,2019-2020,0,1,25,2020
548197,2020-01-26 14:30:00+00:00,TSG Hoffenheim at Werder Bremen,TSG @ SVW,Werder Bremen,137,0,TSG Hoffenheim,7911,3,STATUS_FULL_TIME,Weserstadion,2019-2020,0,1,26,2020
548195,2020-01-26 17:00:00+00:00,Fortuna Düsseldorf at Bayer Leverkusen,F95 @ B04,Bayer Leverkusen,131,3,Fortuna Düsseldorf,9707,0,STATUS_FULL_TIME,BayArena,2019-2020,0,1,26,2020
548190,2020-01-31 19:30:00+00:00,Schalke 04 at Hertha Berlin,S04 @ BSC,Hertha Berlin,129,0,Schalke 04,133,0,STATUS_FULL_TIME,Olympiastadion Berlin,2019-2020,0,1,31,2020
548184,2020-02-01 14:30:00+00:00,1. FC Union Berlin at Borussia Dortmund,FCU @ DOR,Borussia Dortmund,124,5,1. FC Union Berlin,598,0,STATUS_FULL_TIME,SIGNAL IDUNA PARK,2019-2020,0,2,1,2020
548191,2020-02-01 14:30:00+00:00,Werder Bremen at FC Augsburg,SVW @ FCA,FC Augsburg,3841,2,Werder Bremen,137,1,STATUS_FULL_TIME,WWK Arena,2019-2020,0,2,1,2020
548188,2020-02-01 14:30:00+00:00,Eintracht Frankfurt at Fortuna Düsseldorf,SGE @ F95,Fortuna Düsseldorf,9707,1,Eintracht Frankfurt,125,1,STATUS_FULL_TIME,Merkur Spiel-Arena,2019-2020,0,2,1,2020
548186,2020-02-01 14:30:00+00:00,Bayern Munich at Mainz,MUN @ M05,Mainz,2950,1,Bayern Munich,132,3,STATUS_FULL_TIME,MEWA ARENA,2019-2020,0,2,1,2020
548185,2020-02-01 14:30:00+00:00,Bayer Leverkusen at TSG Hoffenheim,B04 @ TSG,TSG Hoffenheim,7911,2,Bayer Leverkusen,131,1,STATUS_FULL_TIME,PreZero Arena,2019-2020,0,2,1,2020
548187,2020-02-01 17:30:00+00:00,Borussia Mönchengladbach at RB Leipzig,BMG @ RBL,RB Leipzig,11420,2,Borussia Mönchengladbach,268,2,STATUS_FULL_TIME,Red Bull Arena,2019-2020,0,2,1,2020
548189,2020-02-02 14:30:00+00:00,SC Freiburg at FC Cologne,SCF @ KOE,FC Cologne,122,4,SC Freiburg,126,0,STATUS_FULL_TIME,RheinEnergieStadion,2019-2020,0,2,2,2020
548192,2020-02-02 17:00:00+00:00,VfL Wolfsburg at SC Paderborn 07,WOB @ SCP,SC Paderborn 07,3307,2,VfL Wolfsburg,138,4,STATUS_FULL_TIME,Home Deluxe Arena,2019-2020,0,2,2,2020
548178,2020-02-07 19:30:00+00:00,FC Augsburg at Eintracht Frankfurt,FCA @ SGE,Eintracht Frankfurt,125,5,FC Augsburg,3841,0,STATUS_FULL_TIME,Deutsche Bank Park,2019-2020,0,2,7,2020
548181,2020-02-08 14:30:00+00:00,Mainz at Hertha Berlin,M05 @ BSC,Hertha Berlin,129,1,Mainz,2950,3,STATUS_FULL_TIME,Olympiastadion Berlin,2019-2020,0,2,8,2020
548180,2020-02-08 14:30:00+00:00,TSG Hoffenheim at SC Freiburg,TSG @ SCF,SC Freiburg,126,1,TSG Hoffenheim,7911,0,STATUS_FULL_TIME,Dreisamstadion,2019-2020,0,2,8,2020
548183,2020-02-08 14:30:00+00:00,SC Paderborn 07 at Schalke 04,SCP @ S04,Schalke 04,133,1,SC Paderborn 07,3307,1,STATUS_FULL_TIME,VELTINS-Arena,2019-2020,0,2,8,2020
548179,2020-02-08 14:30:00+00:00,Fortuna Düsseldorf at VfL Wolfsburg,F95 @ WOB,VfL Wolfsburg,138,1,Fortuna Düsseldorf,9707,1,STATUS_FULL_TIME,Volkswagen Arena,2019-2020,0,2,8,2020
548176,2020-02-08 14:30:00+00:00,1. FC Union Berlin at Werder Bremen,FCU @ SVW,Werder Bremen,137,0,1. FC Union Berlin,598,2,STATUS_FULL_TIME,Weserstadion,2019-2020,0,2,8,2020
548177,2020-02-08 17:30:00+00:00,Borussia Dortmund at Bayer Leverkusen,DOR @ B04,Bayer Leverkusen,131,4,Borussia Dortmund,124,3,STATUS_FULL_TIME,BayArena,2019-2020,0,2,8,2020
548182,2020-02-09 17:00:00+00:00,RB Leipzig at Bayern Munich,RBL @ MUN,Bayern Munich,132,0,RB Leipzig,11420,0,STATUS_FULL_TIME,Allianz Arena,2019-2020,0,2,9,2020
548169,2020-02-14 19:30:00+00:00,Eintracht Frankfurt at Borussia Dortmund,SGE @ DOR,Borussia Dortmund,124,4,Eintracht Frankfurt,125,0,STATUS_FULL_TIME,SIGNAL IDUNA PARK,2019-2020,0,2,14,2020
548170,2020-02-15 14:30:00+00:00,SC Freiburg at FC Augsburg,SCF @ FCA,FC Augsburg,3841,1,SC Freiburg,126,1,STATUS_FULL_TIME,WWK Arena,2019-2020,0,2,15,2020
548171,2020-02-15 14:30:00+00:00,Hertha Berlin at SC Paderborn 07,BSC @ SCP,SC Paderborn 07,3307,1,Hertha Berlin,129,2,STATUS_FULL_TIME,Home Deluxe Arena,2019-2020,0,2,15,2020
548166,2020-02-15 14:30:00+00:00,Bayer Leverkusen at 1. FC Union Berlin,B04 @ FCU,1. FC Union Berlin,598,2,Bayer Leverkusen,131,3,STATUS_FULL_TIME,Stadion An der Alten Försterei,2019-2020,0,2,15,2020
548174,2020-02-15 14:30:00+00:00,VfL Wolfsburg at TSG Hoffenheim,WOB @ TSG,TSG Hoffenheim,7911,2,VfL Wolfsburg,138,3,STATUS_FULL_TIME,PreZero Arena,2019-2020,0,2,15,2020
548173,2020-02-15 14:30:00+00:00,Werder Bremen at RB Leipzig,SVW @ RBL,RB Leipzig,11420,3,Werder Bremen,137,0,STATUS_FULL_TIME,Red Bull Arena,2019-2020,0,2,15,2020
548168,2020-02-15 17:30:00+00:00,Borussia Mönchengladbach at Fortuna Düsseldorf,BMG @ F95,Fortuna Düsseldorf,9707,1,Borussia Mönchengladbach,268,4,STATUS_FULL_TIME,Merkur Spiel-Arena,2019-2020,0,2,15,2020
548167,2020-02-16 14:30:00+00:00,Bayern Munich at FC Cologne,MUN @ KOE,FC Cologne,122,1,Bayern Munich,132,4,STATUS_FULL_TIME,RheinEnergieStadion,2019-2020,0,2,16,2020
548172,2020-02-16 17:00:00+00:00,Schalke 04 at Mainz,S04 @ M05,Mainz,2950,0,Schalke 04,133,0,STATUS_FULL_TIME,MEWA ARENA,2019-2020,0,2,16,2020
548165,2020-02-21 19:30:00+00:00,SC Paderborn 07 at Bayern Munich,SCP @ MUN,Bayern Munich,132,3,SC Paderborn 07,3307,2,STATUS_FULL_TIME,Allianz Arena,2019-2020,0,2,21,2020
548162,2020-02-22 14:30:00+00:00,TSG Hoffenheim at Borussia Mönchengladbach,TSG @ BMG,Borussia Mönchengladbach,268,1,TSG Hoffenheim,7911,1,STATUS_FULL_TIME,BORUSSIA-PARK,2019-2020,0,2,22,2020
548157,2020-02-22 14:30:00+00:00,FC Cologne at Hertha Berlin,KOE @ BSC,Hertha Berlin,129,0,FC Cologne,122,5,STATUS_FULL_TIME,Olympiastadion Berlin,2019-2020,0,2,22,2020
548161,2020-02-22 14:30:00+00:00,Fortuna Düsseldorf at SC Freiburg,F95 @ SCF,SC Freiburg,126,0,Fortuna Düsseldorf,9707,2,STATUS_FULL_TIME,Dreisamstadion,2019-2020,0,2,22,2020
548159,2020-02-22 14:30:00+00:00,Borussia Dortmund at Werder Bremen,DOR @ SVW,Werder Bremen,137,0,Borussia Dortmund,124,2,STATUS_FULL_TIME,Weserstadion,2019-2020,0,2,22,2020
548164,2020-02-22 17:30:00+00:00,RB Leipzig at Schalke 04,RBL @ S04,Schalke 04,133,0,RB Leipzig,11420,5,STATUS_FULL_TIME,VELTINS-Arena,2019-2020,0,2,22,2020
548160,2020-02-23 14:30:00+00:00,FC Augsburg at Bayer Leverkusen,FCA @ B04,Bayer Leverkusen,131,2,FC Augsburg,3841,0,STATUS_FULL_TIME,BayArena,2019-2020,0,2,23,2020
548163,2020-02-23 17:00:00+00:00,Mainz at VfL Wolfsburg,M05 @ WOB,VfL Wolfsburg,138,4,Mainz,2950,0,STATUS_FULL_TIME,Volkswagen Arena,2019-2020,0,2,23,2020
548158,2020-02-24 19:30:00+00:00,1. FC Union Berlin at Eintracht Frankfurt,FCU @ SGE,Eintracht Frankfurt,125,1,1. FC Union Berlin,598,2,STATUS_FULL_TIME,Deutsche Bank Park,2019-2020,0,2,24,2020
548153,2020-02-28 19:30:00+00:00,Hertha Berlin at Fortuna Düsseldorf,BSC @ F95,Fortuna Düsseldorf,9707,3,Hertha Berlin,129,3,STATUS_FULL_TIME,Merkur Spiel-Arena,2019-2020,0,2,28,2020
548152,2020-02-29 14:30:00+00:00,SC Freiburg at Borussia Dortmund,SCF @ DOR,Borussia Dortmund,124,1,SC Freiburg,126,0,STATUS_FULL_TIME,SIGNAL IDUNA PARK,2019-2020,0,2,29,2020
548150,2020-02-29 14:30:00+00:00,Borussia Mönchengladbach at FC Augsburg,BMG @ FCA,FC Augsburg,3841,2,Borussia Mönchengladbach,268,3,STATUS_FULL_TIME,WWK Arena,2019-2020,0,2,29,2020
548154,2020-02-29 14:30:00+00:00,SC Paderborn 07 at Mainz,SCP @ M05,Mainz,2950,2,SC Paderborn 07,3307,0,STATUS_FULL_TIME,MEWA ARENA,2019-2020,0,2,29,2020
548149,2020-02-29 14:30:00+00:00,Bayern Munich at TSG Hoffenheim,MUN @ TSG,TSG Hoffenheim,7911,0,Bayern Munich,132,6,STATUS_FULL_TIME,PreZero Arena,2019-2020,0,2,29,2020
548155,2020-02-29 17:30:00+00:00,Schalke 04 at FC Cologne,S04 @ KOE,FC Cologne,122,3,Schalke 04,133,0,STATUS_FULL_TIME,RheinEnergieStadion,2019-2020,0,2,29,2020
548156,2020-03-01 12:30:00+00:00,VfL Wolfsburg at 1. FC Union Berlin,WOB @ FCU,1. FC Union Berlin,598,2,VfL Wolfsburg,138,2,STATUS_FULL_TIME,Stadion An der Alten Försterei,2019-2020,0,3,1,2020
548148,2020-03-01 14:30:00+00:00,Bayer Leverkusen at RB Leipzig,B04 @ RBL,RB Leipzig,11420,1,Bayer Leverkusen,131,1,STATUS_FULL_TIME,Red Bull Arena,2019-2020,0,3,1,2020
548139,2020-03-06 19:00:00+00:00,FC Cologne at SC Paderborn 07,KOE @ SCP,SC Paderborn 07,3307,1,FC Cologne,122,2,STATUS_FULL_TIME,Home Deluxe Arena,2019-2020,0,3,6,2020
548146,2020-03-07 14:30:00+00:00,RB Leipzig at VfL Wolfsburg,RBL @ WOB,VfL Wolfsburg,138,0,RB Leipzig,11420,0,STATUS_FULL_TIME,Volkswagen Arena,2019-2020,0,3,7,2020
548140,2020-03-07 14:30:00+00:00,1. FC Union Berlin at SC Freiburg,FCU @ SCF,SC Freiburg,126,3,1. FC Union Berlin,598,1,STATUS_FULL_TIME,Dreisamstadion,2019-2020,0,3,7,2020
548142,2020-03-07 14:30:00+00:00,Eintracht Frankfurt at Bayer Leverkusen,SGE @ B04,Bayer Leverkusen,131,4,Eintracht Frankfurt,125,0,STATUS_FULL_TIME,BayArena,2019-2020,0,3,7,2020
548147,2020-03-07 14:30:00+00:00,Werder Bremen at Hertha Berlin,SVW @ BSC,Hertha Berlin,129,2,Werder Bremen,137,2,STATUS_FULL_TIME,Olympiastadion Berlin,2019-2020,0,3,7,2020
548145,2020-03-07 14:30:00+00:00,TSG Hoffenheim at Schalke 04,TSG @ S04,Schalke 04,133,1,TSG Hoffenheim,7911,1,STATUS_FULL_TIME,VELTINS-Arena,2019-2020,0,3,7,2020
548141,2020-03-07 17:30:00+00:00,Borussia Dortmund at Borussia Mönchengladbach,DOR @ BMG,Borussia Mönchengladbach,268,1,Borussia Dortmund,124,2,STATUS_FULL_TIME,BORUSSIA-PARK,2019-2020,0,3,7,2020
548143,2020-03-08 14:30:00+00:00,FC Augsburg at Bayern Munich,FCA @ MUN,Bayern Munich,132,2,FC Augsburg,3841,0,STATUS_FULL_TIME,Allianz Arena,2019-2020,0,3,8,2020
548144,2020-03-08 17:00:00+00:00,Fortuna Düsseldorf at Mainz,F95 @ M05,Mainz,2950,1,Fortuna Düsseldorf,9707,1,STATUS_FULL_TIME,MEWA ARENA,2019-2020,0,3,8,2020
548175,2020-03-11 17:30:00+00:00,FC Cologne at Borussia Mönchengladbach,KOE @ BMG,Borussia Mönchengladbach,268,2,FC Cologne,122,1,STATUS_FULL_TIME,BORUSSIA-PARK,2019-2020,0,3,11,2020
548133,2020-05-16 13:30:00+00:00,SC Freiburg at RB Leipzig,SCF @ RBL,RB Leipzig,11420,1,SC Freiburg,126,1,STATUS_FULL_TIME,Red Bull Arena,2019-2020,0,5,16,2020
548134,2020-05-16 13:30:00+00:00,Hertha Berlin at TSG Hoffenheim,BSC @ TSG,TSG Hoffenheim,7911,0,Hertha Berlin,129,3,STATUS_FULL_TIME,PreZero Arena,2019-2020,0,5,16,2020
548137,2020-05-16 13:30:00+00:00,Schalke 04 at Borussia Dortmund,S04 @ DOR,Borussia Dortmund,124,4,Schalke 04,133,0,STATUS_FULL_TIME,SIGNAL IDUNA PARK,2019-2020,0,5,16,2020
548138,2020-05-16 13:30:00+00:00,VfL Wolfsburg at FC Augsburg,WOB @ FCA,FC Augsburg,3841,1,VfL Wolfsburg,138,2,STATUS_FULL_TIME,WWK Arena,2019-2020,0,5,16,2020
548136,2020-05-16 13:30:00+00:00,SC Paderborn 07 at Fortuna Düsseldorf,SCP @ F95,Fortuna Düsseldorf,9707,0,SC Paderborn 07,3307,0,STATUS_FULL_TIME,Merkur Spiel-Arena,2019-2020,0,5,16,2020
548132,2020-05-16 16:30:00+00:00,Borussia Mönchengladbach at Eintracht Frankfurt,BMG @ SGE,Eintracht Frankfurt,125,1,Borussia Mönchengladbach,268,3,STATUS_FULL_TIME,Deutsche Bank Park,2019-2020,0,5,16,2020
548135,2020-05-17 13:30:00+00:00,Mainz at FC Cologne,M05 @ KOE,FC Cologne,122,2,Mainz,2950,2,STATUS_FULL_TIME,RheinEnergieStadion,2019-2020,0,5,17,2020
548131,2020-05-17 16:00:00+00:00,Bayern Munich at 1. FC Union Berlin,MUN @ FCU,1. FC Union Berlin,598,0,Bayern Munich,132,2,STATUS_FULL_TIME,Stadion An der Alten Försterei,2019-2020,0,5,17,2020
548130,2020-05-18 18:30:00+00:00,Bayer Leverkusen at Werder Bremen,B04 @ SVW,Werder Bremen,137,1,Bayer Leverkusen,131,4,STATUS_FULL_TIME,Weserstadion,2019-2020,0,5,18,2020
548121,2020-05-22 18:30:00+00:00,1. FC Union Berlin at Hertha Berlin,FCU @ BSC,Hertha Berlin,129,4,1. FC Union Berlin,598,0,STATUS_FULL_TIME,Olympiastadion Berlin,2019-2020,0,5,22,2020
548122,2020-05-23 13:30:00+00:00,Bayer Leverkusen at Borussia Mönchengladbach,B04 @ BMG,Borussia Mönchengladbach,268,1,Bayer Leverkusen,131,3,STATUS_FULL_TIME,BORUSSIA-PARK,2019-2020,0,5,23,2020
548129,2020-05-23 13:30:00+00:00,Werder Bremen at SC Freiburg,SVW @ SCF,SC Freiburg,126,0,Werder Bremen,137,1,STATUS_FULL_TIME,Dreisamstadion,2019-2020,0,5,23,2020
548127,2020-05-23 13:30:00+00:00,TSG Hoffenheim at SC Paderborn 07,TSG @ SCP,SC Paderborn 07,3307,1,TSG Hoffenheim,7911,1,STATUS_FULL_TIME,Home Deluxe Arena,2019-2020,0,5,23,2020
548123,2020-05-23 13:30:00+00:00,Borussia Dortmund at VfL Wolfsburg,DOR @ WOB,VfL Wolfsburg,138,0,Borussia Dortmund,124,2,STATUS_FULL_TIME,Volkswagen Arena,2019-2020,0,5,23,2020
548124,2020-05-23 16:30:00+00:00,Eintracht Frankfurt at Bayern Munich,SGE @ MUN,Bayern Munich,132,5,Eintracht Frankfurt,125,2,STATUS_FULL_TIME,Allianz Arena,2019-2020,0,5,23,2020
548125,2020-05-24 11:30:00+00:00,FC Augsburg at Schalke 04,FCA @ S04,Schalke 04,133,0,FC Augsburg,3841,3,STATUS_FULL_TIME,VELTINS-Arena,2019-2020,0,5,24,2020
548128,2020-05-24 13:30:00+00:00,RB Leipzig at Mainz,RBL @ M05,Mainz,2950,0,RB Leipzig,11420,5,STATUS_FULL_TIME,MEWA ARENA,2019-2020,0,5,24,2020
548126,2020-05-24 16:00:00+00:00,Fortuna Düsseldorf at FC Cologne,F95 @ KOE,FC Cologne,122,2,Fortuna Düsseldorf,9707,2,STATUS_FULL_TIME,RheinEnergieStadion,2019-2020,0,5,24,2020
548113,2020-05-26 16:30:00+00:00,Bayern Munich at Borussia Dortmund,MUN @ DOR,Borussia Dortmund,124,0,Bayern Munich,132,1,STATUS_FULL_TIME,SIGNAL IDUNA PARK,2019-2020,0,5,26,2020
548120,2020-05-26 18:30:00+00:00,VfL Wolfsburg at Bayer Leverkusen,WOB @ B04,Bayer Leverkusen,131,1,VfL Wolfsburg,138,4,STATUS_FULL_TIME,BayArena,2019-2020,0,5,26,2020
548115,2020-05-26 18:30:00+00:00,SC Freiburg at Eintracht Frankfurt,SCF @ SGE,Eintracht Frankfurt,125,3,SC Freiburg,126,3,STATUS_FULL_TIME,Deutsche Bank Park,2019-2020,0,5,26,2020
548114,2020-05-26 18:30:00+00:00,Borussia Mönchengladbach at Werder Bremen,BMG @ SVW,Werder Bremen,137,0,Borussia Mönchengladbach,268,0,STATUS_FULL_TIME,Weserstadion,2019-2020,0,5,26,2020
548116,2020-05-27 16:30:00+00:00,Hertha Berlin at RB Leipzig,BSC @ RBL,RB Leipzig,11420,2,Hertha Berlin,129,2,STATUS_FULL_TIME,Red Bull Arena,2019-2020,0,5,27,2020
548117,2020-05-27 18:30:00+00:00,Mainz at 1. FC Union Berlin,M05 @ FCU,1. FC Union Berlin,598,1,Mainz,2950,1,STATUS_FULL_TIME,Stadion An der Alten Försterei,2019-2020,0,5,27,2020
548118,2020-05-27 18:30:00+00:00,SC Paderborn 07 at FC Augsburg,SCP @ FCA,FC Augsburg,3841,0,SC Paderborn 07,3307,0,STATUS_FULL_TIME,WWK Arena,2019-2020,0,5,27,2020
548119,2020-05-27 18:30:00+00:00,Schalke 04 at Fortuna Düsseldorf,S04 @ F95,Fortuna Düsseldorf,9707,2,Schalke 04,133,1,STATUS_FULL_TIME,Merkur Spiel-Arena,2019-2020,0,5,27,2020
548112,2020-05-27 18:30:00+00:00,FC Cologne at TSG Hoffenheim,KOE @ TSG,TSG Hoffenheim,7911,3,FC Cologne,122,1,STATUS_FULL_TIME,PreZero Arena,2019-2020,0,5,27,2020
548104,2020-05-29 18:30:00+00:00,Bayer Leverkusen at SC Freiburg,B04 @ SCF,SC Freiburg,126,0,Bayer Leverkusen,131,1,STATUS_FULL_TIME,Dreisamstadion,2019-2020,0,5,29,2020
548107,2020-05-30 13:30:00+00:00,FC Augsburg at Hertha Berlin,FCA @ BSC,Hertha Berlin,129,2,FC Augsburg,3841,0,STATUS_FULL_TIME,Olympiastadion Berlin,2019-2020,0,5,30,2020
548109,2020-05-30 13:30:00+00:00,TSG Hoffenheim at Mainz,TSG @ M05,Mainz,2950,0,TSG Hoffenheim,7911,1,STATUS_FULL_TIME,MEWA ARENA,2019-2020,0,5,30,2020
548111,2020-05-30 13:30:00+00:00,Werder Bremen at Schalke 04,SVW @ S04,Schalke 04,133,0,Werder Bremen,137,1,STATUS_FULL_TIME,VELTINS-Arena,2019-2020,0,5,30,2020
548106,2020-05-30 13:30:00+00:00,Eintracht Frankfurt at VfL Wolfsburg,SGE @ WOB,VfL Wolfsburg,138,1,Eintracht Frankfurt,125,2,STATUS_FULL_TIME,Volkswagen Arena,2019-2020,0,5,30,2020
548108,2020-05-30 16:30:00+00:00,Fortuna Düsseldorf at Bayern Munich,F95 @ MUN,Bayern Munich,132,5,Fortuna Düsseldorf,9707,0,STATUS_FULL_TIME,Allianz Arena,2019-2020,0,5,30,2020
548103,2020-05-31 13:30:00+00:00,1. FC Union Berlin at Borussia Mönchengladbach,FCU @ BMG,Borussia Mönchengladbach,268,4,1. FC Union Berlin,598,1,STATUS_FULL_TIME,BORUSSIA-PARK,2019-2020,0,5,31,2020
548105,2020-05-31 16:00:00+00:00,Borussia Dortmund at SC Paderborn 07,DOR @ SCP,SC Paderborn 07,3307,1,Borussia Dortmund,124,6,STATUS_FULL_TIME,Home Deluxe Arena,2019-2020,0,5,31,2020
548110,2020-06-01 18:30:00+00:00,RB Leipzig at FC Cologne,RBL @ KOE,FC Cologne,122,2,RB Leipzig,11420,4,STATUS_FULL_TIME,RheinEnergieStadion,2019-2020,0,6,1,2020
548151,2020-06-03 18:30:00+00:00,Eintracht Frankfurt at Werder Bremen,SGE @ SVW,Werder Bremen,137,0,Eintracht Frankfurt,125,3,STATUS_FULL_TIME,Weserstadion,2019-2020,0,6,3,2020
548096,2020-06-05 18:30:00+00:00,Borussia Mönchengladbach at SC Freiburg,BMG @ SCF,SC Freiburg,126,1,Borussia Mönchengladbach,268,0,STATUS_FULL_TIME,Dreisamstadion,2019-2020,0,6,5,2020
548095,2020-06-06 13:30:00+00:00,Bayern Munich at Bayer Leverkusen,MUN @ B04,Bayer Leverkusen,131,2,Bayern Munich,132,4,STATUS_FULL_TIME,BayArena,2019-2020,0,6,6,2020
548099,2020-06-06 13:30:00+00:00,Mainz at Eintracht Frankfurt,M05 @ SGE,Eintracht Frankfurt,125,0,Mainz,2950,2,STATUS_FULL_TIME,Deutsche Bank Park,2019-2020,0,6,6,2020
548098,2020-06-06 13:30:00+00:00,TSG Hoffenheim at Fortuna Düsseldorf,TSG @ F95,Fortuna Düsseldorf,9707,2,TSG Hoffenheim,7911,2,STATUS_FULL_TIME,Merkur Spiel-Arena,2019-2020,0,6,6,2020
548100,2020-06-06 13:30:00+00:00,SC Paderborn 07 at RB Leipzig,SCP @ RBL,RB Leipzig,11420,1,SC Paderborn 07,3307,1,STATUS_FULL_TIME,Red Bull Arena,2019-2020,0,6,6,2020
548097,2020-06-06 16:30:00+00:00,Hertha Berlin at Borussia Dortmund,BSC @ DOR,Borussia Dortmund,124,1,Hertha Berlin,129,0,STATUS_FULL_TIME,SIGNAL IDUNA PARK,2019-2020,0,6,6,2020
548102,2020-06-07 11:30:00+00:00,VfL Wolfsburg at Werder Bremen,WOB @ SVW,Werder Bremen,137,0,VfL Wolfsburg,138,1,STATUS_FULL_TIME,Weserstadion,2019-2020,0,6,7,2020
548101,2020-06-07 13:30:00+00:00,Schalke 04 at 1. FC Union Berlin,S04 @ FCU,1. FC Union Berlin,598,1,Schalke 04,133,1,STATUS_FULL_TIME,Stadion An der Alten Försterei,2019-2020,0,6,7,2020
548094,2020-06-07 16:00:00+00:00,FC Cologne at FC Augsburg,KOE @ FCA,FC Augsburg,3841,1,FC Cologne,122,1,STATUS_FULL_TIME,WWK Arena,2019-2020,0,6,7,2020
548092,2020-06-12 18:30:00+00:00,RB Leipzig at TSG Hoffenheim,RBL @ TSG,TSG Hoffenheim,7911,0,RB Leipzig,11420,2,STATUS_FULL_TIME,PreZero Arena,2019-2020,0,6,12,2020
548085,2020-06-13 13:30:00+00:00,1. FC Union Berlin at FC Cologne,FCU @ KOE,FC Cologne,122,1,1. FC Union Berlin,598,2,STATUS_FULL_TIME,RheinEnergieStadion,2019-2020,0,6,13,2020
548087,2020-06-13 13:30:00+00:00,Borussia Dortmund at Fortuna Düsseldorf,DOR @ F95,Fortuna Düsseldorf,9707,0,Borussia Dortmund,124,1,STATUS_FULL_TIME,Merkur Spiel-Arena,2019-2020,0,6,13,2020
548089,2020-06-13 13:30:00+00:00,Eintracht Frankfurt at Hertha Berlin,SGE @ BSC,Hertha Berlin,129,1,Eintracht Frankfurt,125,4,STATUS_FULL_TIME,Olympiastadion Berlin,2019-2020,0,6,13,2020
548093,2020-06-13 13:30:00+00:00,Werder Bremen at SC Paderborn 07,SVW @ SCP,SC Paderborn 07,3307,1,Werder Bremen,137,5,STATUS_FULL_TIME,Home Deluxe Arena,2019-2020,0,6,13,2020
548091,2020-06-13 13:30:00+00:00,SC Freiburg at VfL Wolfsburg,SCF @ WOB,VfL Wolfsburg,138,2,SC Freiburg,126,2,STATUS_FULL_TIME,Volkswagen Arena,2019-2020,0,6,13,2020
548088,2020-06-13 16:30:00+00:00,Borussia Mönchengladbach at Bayern Munich,BMG @ MUN,Bayern Munich,132,2,Borussia Mönchengladbach,268,1,STATUS_FULL_TIME,Allianz Arena,2019-2020,0,6,13,2020
548090,2020-06-14 13:30:00+00:00,FC Augsburg at Mainz,FCA @ M05,Mainz,2950,0,FC Augsburg,3841,1,STATUS_FULL_TIME,MEWA ARENA,2019-2020,0,6,14,2020
548086,2020-06-14 16:00:00+00:00,Bayer Leverkusen at Schalke 04,B04 @ S04,Schalke 04,133,1,Bayer Leverkusen,131,1,STATUS_FULL_TIME,VELTINS-Arena,2019-2020,0,6,14,2020
548084,2020-06-16 16:30:00+00:00,VfL Wolfsburg at Borussia Mönchengladbach,WOB @ BMG,Borussia Mönchengladbach,268,3,VfL Wolfsburg,138,0,STATUS_FULL_TIME,BORUSSIA-PARK,2019-2020,0,6,16,2020
548082,2020-06-16 18:30:00+00:00,SC Paderborn 07 at 1. FC Union Berlin,SCP @ FCU,1. FC Union Berlin,598,1,SC Paderborn 07,3307,0,STATUS_FULL_TIME,Stadion An der Alten Försterei,2019-2020,0,6,16,2020
548079,2020-06-16 18:30:00+00:00,Hertha Berlin at SC Freiburg,BSC @ SCF,SC Freiburg,126,2,Hertha Berlin,129,1,STATUS_FULL_TIME,Dreisamstadion,2019-2020,0,6,16,2020
548077,2020-06-16 18:30:00+00:00,Bayern Munich at Werder Bremen,MUN @ SVW,Werder Bremen,137,0,Bayern Munich,132,1,STATUS_FULL_TIME,Weserstadion,2019-2020,0,6,16,2020
548083,2020-06-17 16:30:00+00:00,Schalke 04 at Eintracht Frankfurt,S04 @ SGE,Eintracht Frankfurt,125,2,Schalke 04,133,1,STATUS_FULL_TIME,Deutsche Bank Park,2019-2020,0,6,17,2020
548076,2020-06-17 18:30:00+00:00,FC Cologne at Bayer Leverkusen,KOE @ B04,Bayer Leverkusen,131,3,FC Cologne,122,1,STATUS_FULL_TIME,BayArena,2019-2020,0,6,17,2020
548081,2020-06-17 18:30:00+00:00,Mainz at Borussia Dortmund,M05 @ DOR,Borussia Dortmund,124,0,Mainz,2950,2,STATUS_FULL_TIME,SIGNAL IDUNA PARK,2019-2020,0,6,17,2020
548080,2020-06-17 18:30:00+00:00,TSG Hoffenheim at FC Augsburg,TSG @ FCA,FC Augsburg,3841,1,TSG Hoffenheim,7911,3,STATUS_FULL_TIME,WWK Arena,2019-2020,0,6,17,2020
548078,2020-06-17 18:30:00+00:00,Fortuna Düsseldorf at RB Leipzig,F95 @ RBL,RB Leipzig,11420,2,Fortuna Düsseldorf,9707,2,STATUS_FULL_TIME,Red Bull Arena,2019-2020,0,6,17,2020
548074,2020-06-20 13:30:00+00:00,Werder Bremen at Mainz,SVW @ M05,Mainz,2950,3,Werder Bremen,137,1,STATUS_FULL_TIME,MEWA ARENA,2019-2020,0,6,20,2020
548071,2020-06-20 13:30:00+00:00,Eintracht Frankfurt at FC Cologne,SGE @ KOE,FC Cologne,122,1,Eintracht Frankfurt,125,1,STATUS_FULL_TIME,RheinEnergieStadion,2019-2020,0,6,20,2020
548072,2020-06-20 13:30:00+00:00,FC Augsburg at Fortuna Düsseldorf,FCA @ F95,Fortuna Düsseldorf,9707,1,FC Augsburg,3841,1,STATUS_FULL_TIME,Merkur Spiel-Arena,2019-2020,0,6,20,2020
548069,2020-06-20 13:30:00+00:00,Bayer Leverkusen at Hertha Berlin,B04 @ BSC,Hertha Berlin,129,2,Bayer Leverkusen,131,0,STATUS_FULL_TIME,Olympiastadion Berlin,2019-2020,0,6,20,2020
548068,2020-06-20 13:30:00+00:00,1. FC Union Berlin at TSG Hoffenheim,FCU @ TSG,TSG Hoffenheim,7911,4,1. FC Union Berlin,598,0,STATUS_FULL_TIME,PreZero Arena,2019-2020,0,6,20,2020
548070,2020-06-20 13:30:00+00:00,Borussia Dortmund at RB Leipzig,DOR @ RBL,RB Leipzig,11420,0,Borussia Dortmund,124,2,STATUS_FULL_TIME,Red Bull Arena,2019-2020,0,6,20,2020
548067,2020-06-20 13:30:00+00:00,Borussia Mönchengladbach at SC Paderborn 07,BMG @ SCP,SC Paderborn 07,3307,1,Borussia Mönchengladbach,268,3,STATUS_FULL_TIME,Home Deluxe Arena,2019-2020,0,6,20,2020
548075,2020-06-20 13:30:00+00:00,VfL Wolfsburg at Schalke 04,WOB @ S04,Schalke 04,133,1,VfL Wolfsburg,138,4,STATUS_FULL_TIME,VELTINS-Arena,2019-2020,0,6,20,2020
548073,2020-06-20 13:30:00+00:00,SC Freiburg at Bayern Munich,SCF @ MUN,Bayern Munich,132,3,SC Freiburg,126,1,STATUS_FULL_TIME,Allianz Arena,2019-2020,0,6,20,2020
548061,2020-06-27 13:30:00+00:00,Hertha Berlin at Borussia Mönchengladbach,BSC @ BMG,Borussia Mönchengladbach,268,2,Hertha Berlin,129,1,STATUS_FULL_TIME,BORUSSIA-PARK,2019-2020,0,6,27,2020
548060,2020-06-27 13:30:00+00:00,Fortuna Düsseldorf at 1. FC Union Berlin,F95 @ FCU,1. FC Union Berlin,598,3,Fortuna Düsseldorf,9707,0,STATUS_FULL_TIME,Stadion An der Alten Försterei,2019-2020,0,6,27,2020
548063,2020-06-27 13:30:00+00:00,Mainz at Bayer Leverkusen,M05 @ B04,Bayer Leverkusen,131,1,Mainz,2950,0,STATUS_FULL_TIME,BayArena,2019-2020,0,6,27,2020
548064,2020-06-27 13:30:00+00:00,RB Leipzig at FC Augsburg,RBL @ FCA,FC Augsburg,3841,1,RB Leipzig,11420,2,STATUS_FULL_TIME,WWK Arena,2019-2020,0,6,27,2020
548062,2020-06-27 13:30:00+00:00,TSG Hoffenheim at Borussia Dortmund,TSG @ DOR,Borussia Dortmund,124,0,TSG Hoffenheim,7911,4,STATUS_FULL_TIME,SIGNAL IDUNA PARK,2019-2020,0,6,27,2020
548066,2020-06-27 13:30:00+00:00,Schalke 04 at SC Freiburg,S04 @ SCF,SC Freiburg,126,4,Schalke 04,133,0,STATUS_FULL_TIME,Dreisamstadion,2019-2020,0,6,27,2020
548059,2020-06-27 13:30:00+00:00,Bayern Munich at VfL Wolfsburg,MUN @ WOB,VfL Wolfsburg,138,0,Bayern Munich,132,4,STATUS_FULL_TIME,Volkswagen Arena,2019-2020,0,6,27,2020
548058,2020-06-27 13:30:00+00:00,FC Cologne at Werder Bremen,KOE @ SVW,Werder Bremen,137,6,FC Cologne,122,1,STATUS_FULL_TIME,Weserstadion,2019-2020,0,6,27,2020
548065,2020-06-27 13:30:00+00:00,SC Paderborn 07 at Eintracht Frankfurt,SCP @ SGE,Eintracht Frankfurt,125,3,SC Paderborn 07,3307,2,STATUS_FULL_TIME,Deutsche Bank Park,2019-2020,0,6,27,2020
576554,2020-09-18 18:30:00+00:00,Schalke 04 at Bayern Munich,S04 @ MUN,Bayern Munich,132,8,Schalke 04,133,0,STATUS_FULL_TIME,Allianz Arena,2020-2021,0,9,18,2020
576551,2020-09-19 13:30:00+00:00,SC Freiburg at VfB Stuttgart,SCF @ VFB,VfB Stuttgart,134,2,SC Freiburg,126,3,STATUS_FULL_TIME,MHPArena,2020-2021,0,9,19,2020
576552,2020-09-19 13:30:00+00:00,Hertha Berlin at Werder Bremen,BSC @ SVW,Werder Bremen,137,1,Hertha Berlin,129,4,STATUS_FULL_TIME,Weserstadion,2020-2021,0,9,19,2020
576549,2020-09-19 13:30:00+00:00,FC Augsburg at 1. FC Union Berlin,FCA @ FCU,1. FC Union Berlin,598,1,FC Augsburg,3841,3,STATUS_FULL_TIME,Stadion An der Alten Försterei,2020-2021,0,9,19,2020
576555,2020-09-19 13:30:00+00:00,Arminia Bielefeld at Eintracht Frankfurt,DSC @ SGE,Eintracht Frankfurt,125,1,Arminia Bielefeld,2506,1,STATUS_FULL_TIME,Deutsche Bank Park,2020-2021,0,9,19,2020
576548,2020-09-19 13:30:00+00:00,TSG Hoffenheim at FC Cologne,TSG @ KOE,FC Cologne,122,2,TSG Hoffenheim,7911,3,STATUS_FULL_TIME,RheinEnergieStadion,2020-2021,0,9,19,2020
576556,2020-09-19 16:30:00+00:00,Borussia Mönchengladbach at Borussia Dortmund,BMG @ DOR,Borussia Dortmund,124,3,Borussia Mönchengladbach,268,0,STATUS_FULL_TIME,SIGNAL IDUNA PARK,2020-2021,0,9,19,2020
576553,2020-09-20 13:30:00+00:00,Mainz at RB Leipzig,M05 @ RBL,RB Leipzig,11420,3,Mainz,2950,1,STATUS_FULL_TIME,Red Bull Arena,2020-2021,0,9,20,2020
576550,2020-09-20 16:00:00+00:00,Bayer Leverkusen at VfL Wolfsburg,B04 @ WOB,VfL Wolfsburg,138,0,Bayer Leverkusen,131,0,STATUS_FULL_TIME,Volkswagen Arena,2020-2021,0,9,20,2020
576559,2020-09-25 18:30:00+00:00,Eintracht Frankfurt at Hertha Berlin,SGE @ BSC,Hertha Berlin,129,1,Eintracht Frankfurt,125,3,STATUS_FULL_TIME,Olympiastadion Berlin,2020-2021,0,9,25,2020
576562,2020-09-26 13:30:00+00:00,FC Cologne at Arminia Bielefeld,KOE @ DSC,Arminia Bielefeld,2506,1,FC Cologne,122,0,STATUS_FULL_TIME,SchücoArena,2020-2021,0,9,26,2020
576564,2020-09-26 13:30:00+00:00,RB Leipzig at Bayer Leverkusen,RBL @ B04,Bayer Leverkusen,131,1,RB Leipzig,11420,1,STATUS_FULL_TIME,BayArena,2020-2021,0,9,26,2020
576563,2020-09-26 13:30:00+00:00,1. FC Union Berlin at Borussia Mönchengladbach,FCU @ BMG,Borussia Mönchengladbach,268,1,1. FC Union Berlin,598,1,STATUS_FULL_TIME,BORUSSIA-PARK,2020-2021,0,9,26,2020
576565,2020-09-26 13:30:00+00:00,Borussia Dortmund at FC Augsburg,DOR @ FCA,FC Augsburg,3841,2,Borussia Dortmund,124,0,STATUS_FULL_TIME,WWK Arena,2020-2021,0,9,26,2020
576557,2020-09-26 13:30:00+00:00,VfB Stuttgart at Mainz,VFB @ M05,Mainz,2950,1,VfB Stuttgart,134,4,STATUS_FULL_TIME,MEWA ARENA,2020-2021,0,9,26,2020
576560,2020-09-26 16:30:00+00:00,Werder Bremen at Schalke 04,SVW @ S04,Schalke 04,133,1,Werder Bremen,137,3,STATUS_FULL_TIME,VELTINS-Arena,2020-2021,0,9,26,2020
576561,2020-09-27 13:30:00+00:00,Bayern Munich at TSG Hoffenheim,MUN @ TSG,TSG Hoffenheim,7911,4,Bayern Munich,132,1,STATUS_FULL_TIME,PreZero Arena,2020-2021,0,9,27,2020
576558,2020-09-27 16:00:00+00:00,VfL Wolfsburg at SC Freiburg,WOB @ SCF,SC Freiburg,126,1,VfL Wolfsburg,138,1,STATUS_FULL_TIME,Dreisamstadion,2020-2021,0,9,27,2020
576570,2020-10-02 18:30:00+00:00,Mainz at 1. FC Union Berlin,M05 @ FCU,1. FC Union Berlin,598,4,Mainz,2950,0,STATUS_FULL_TIME,Stadion An der Alten Försterei,2020-2021,0,10,2,2020
576571,2020-10-03 13:30:00+00:00,SC Freiburg at Borussia Dortmund,SCF @ DOR,Borussia Dortmund,124,4,SC Freiburg,126,0,STATUS_FULL_TIME,SIGNAL IDUNA PARK,2020-2021,0,10,3,2020
576572,2020-10-03 13:30:00+00:00,TSG Hoffenheim at Eintracht Frankfurt,TSG @ SGE,Eintracht Frankfurt,125,2,TSG Hoffenheim,7911,1,STATUS_FULL_TIME,Deutsche Bank Park,2020-2021,0,10,3,2020
576569,2020-10-03 13:30:00+00:00,Borussia Mönchengladbach at FC Cologne,BMG @ KOE,FC Cologne,122,1,Borussia Mönchengladbach,268,3,STATUS_FULL_TIME,RheinEnergieStadion,2020-2021,0,10,3,2020
576567,2020-10-03 13:30:00+00:00,Bayer Leverkusen at VfB Stuttgart,B04 @ VFB,VfB Stuttgart,134,1,Bayer Leverkusen,131,1,STATUS_FULL_TIME,MHPArena,2020-2021,0,10,3,2020
576566,2020-10-03 13:30:00+00:00,Arminia Bielefeld at Werder Bremen,DSC @ SVW,Werder Bremen,137,1,Arminia Bielefeld,2506,0,STATUS_FULL_TIME,Weserstadion,2020-2021,0,10,3,2020
576574,2020-10-03 16:30:00+00:00,Schalke 04 at RB Leipzig,S04 @ RBL,RB Leipzig,11420,4,Schalke 04,133,0,STATUS_FULL_TIME,Red Bull Arena,2020-2021,0,10,3,2020
576568,2020-10-04 13:30:00+00:00,FC Augsburg at VfL Wolfsburg,FCA @ WOB,VfL Wolfsburg,138,0,FC Augsburg,3841,0,STATUS_FULL_TIME,Volkswagen Arena,2020-2021,0,10,4,2020
576573,2020-10-04 16:00:00+00:00,Hertha Berlin at Bayern Munich,BSC @ MUN,Bayern Munich,132,4,Hertha Berlin,129,3,STATUS_FULL_TIME,Allianz Arena,2020-2021,0,10,4,2020
576583,2020-10-17 13:30:00+00:00,RB Leipzig at FC Augsburg,RBL @ FCA,FC Augsburg,3841,0,RB Leipzig,11420,2,STATUS_FULL_TIME,WWK Arena,2020-2021,0,10,17,2020
576582,2020-10-17 13:30:00+00:00,Werder Bremen at SC Freiburg,SVW @ SCF,SC Freiburg,126,1,Werder Bremen,137,1,STATUS_FULL_TIME,Dreisamstadion,2020-2021,0,10,17,2020
576581,2020-10-17 13:30:00+00:00,VfB Stuttgart at Hertha Berlin,VFB @ BSC,Hertha Berlin,129,0,VfB Stuttgart,134,2,STATUS_FULL_TIME,Olympiastadion Berlin,2020-2021,0,10,17,2020
576577,2020-10-17 13:30:00+00:00,Bayer Leverkusen at Mainz,B04 @ M05,Mainz,2950,0,Bayer Leverkusen,131,1,STATUS_FULL_TIME,MEWA ARENA,2020-2021,0,10,17,2020
576579,2020-10-17 13:30:00+00:00,Borussia Dortmund at TSG Hoffenheim,DOR @ TSG,TSG Hoffenheim,7911,0,Borussia Dortmund,124,1,STATUS_FULL_TIME,PreZero Arena,2020-2021,0,10,17,2020
576575,2020-10-17 16:30:00+00:00,Bayern Munich at Arminia Bielefeld,MUN @ DSC,Arminia Bielefeld,2506,1,Bayern Munich,132,4,STATUS_FULL_TIME,SchücoArena,2020-2021,0,10,17,2020
576576,2020-10-17 18:30:00+00:00,VfL Wolfsburg at Borussia Mönchengladbach,WOB @ BMG,Borussia Mönchengladbach,268,1,VfL Wolfsburg,138,1,STATUS_FULL_TIME,BORUSSIA-PARK,2020-2021,0,10,17,2020
576578,2020-10-18 13:30:00+00:00,Eintracht Frankfurt at FC Cologne,SGE @ KOE,FC Cologne,122,1,Eintracht Frankfurt,125,1,STATUS_FULL_TIME,RheinEnergieStadion,2020-2021,0,10,18,2020
576580,2020-10-18 16:00:00+00:00,1. FC Union Berlin at Schalke 04,FCU @ S04,Schalke 04,133,1,1. FC Union Berlin,598,1,STATUS_FULL_TIME,VELTINS-Arena,2020-2021,0,10,18,2020
576590,2020-10-23 18:30:00+00:00,FC Cologne at VfB Stuttgart,KOE @ VFB,VfB Stuttgart,134,1,FC Cologne,122,1,STATUS_FULL_TIME,MHPArena,2020-2021,0,10,23,2020
576587,2020-10-24 13:30:00+00:00,SC Freiburg at 1. FC Union Berlin,SCF @ FCU,1. FC Union Berlin,598,1,SC Freiburg,126,1,STATUS_FULL_TIME,Stadion An der Alten Försterei,2020-2021,0,10,24,2020
576588,2020-10-24 13:30:00+00:00,Eintracht Frankfurt at Bayern Munich,SGE @ MUN,Bayern Munich,132,5,Eintracht Frankfurt,125,0,STATUS_FULL_TIME,Allianz Arena,2020-2021,0,10,24,2020
576586,2020-10-24 13:30:00+00:00,Borussia Mönchengladbach at Mainz,BMG @ M05,Mainz,2950,2,Borussia Mönchengladbach,268,3,STATUS_FULL_TIME,MEWA ARENA,2020-2021,0,10,24,2020
576592,2020-10-24 13:30:00+00:00,Hertha Berlin at RB Leipzig,BSC @ RBL,RB Leipzig,11420,2,Hertha Berlin,129,1,STATUS_FULL_TIME,Red Bull Arena,2020-2021,0,10,24,2020
576584,2020-10-24 16:30:00+00:00,Schalke 04 at Borussia Dortmund,S04 @ DOR,Borussia Dortmund,124,3,Schalke 04,133,0,STATUS_FULL_TIME,SIGNAL IDUNA PARK,2020-2021,0,10,24,2020
576589,2020-10-25 14:30:00+00:00,Arminia Bielefeld at VfL Wolfsburg,DSC @ WOB,VfL Wolfsburg,138,2,Arminia Bielefeld,2506,1,STATUS_FULL_TIME,Volkswagen Arena,2020-2021,0,10,25,2020
576591,2020-10-25 17:00:00+00:00,TSG Hoffenheim at Werder Bremen,TSG @ SVW,Werder Bremen,137,1,TSG Hoffenheim,7911,1,STATUS_FULL_TIME,Weserstadion,2020-2021,0,10,25,2020
576585,2020-10-26 19:30:00+00:00,FC Augsburg at Bayer Leverkusen,FCA @ B04,Bayer Leverkusen,131,3,FC Augsburg,3841,1,STATUS_FULL_TIME,BayArena,2020-2021,0,10,26,2020
576599,2020-10-30 19:30:00+00:00,VfB Stuttgart at Schalke 04,VFB @ S04,Schalke 04,133,1,VfB Stuttgart,134,1,STATUS_FULL_TIME,VELTINS-Arena,2020-2021,0,10,30,2020
576595,2020-10-31 14:30:00+00:00,Borussia Dortmund at Arminia Bielefeld,DOR @ DSC,Arminia Bielefeld,2506,0,Borussia Dortmund,124,2,STATUS_FULL_TIME,SchücoArena,2020-2021,0,10,31,2020
576596,2020-10-31 14:30:00+00:00,Werder Bremen at Eintracht Frankfurt,SVW @ SGE,Eintracht Frankfurt,125,1,Werder Bremen,137,1,STATUS_FULL_TIME,Deutsche Bank Park,2020-2021,0,10,31,2020
576600,2020-10-31 14:30:00+00:00,Mainz at FC Augsburg,M05 @ FCA,FC Augsburg,3841,3,Mainz,2950,1,STATUS_FULL_TIME,WWK Arena,2020-2021,0,10,31,2020
576593,2020-10-31 14:30:00+00:00,Bayern Munich at FC Cologne,MUN @ KOE,FC Cologne,122,1,Bayern Munich,132,2,STATUS_FULL_TIME,RheinEnergieStadion,2020-2021,0,10,31,2020
576594,2020-10-31 17:30:00+00:00,RB Leipzig at Borussia Mönchengladbach,RBL @ BMG,Borussia Mönchengladbach,268,1,RB Leipzig,11420,0,STATUS_FULL_TIME,BORUSSIA-PARK,2020-2021,0,10,31,2020
576601,2020-11-01 14:30:00+00:00,Bayer Leverkusen at SC Freiburg,B04 @ SCF,SC Freiburg,126,2,Bayer Leverkusen,131,4,STATUS_FULL_TIME,Dreisamstadion,2020-2021,0,11,1,2020
576598,2020-11-01 17:00:00+00:00,VfL Wolfsburg at Hertha Berlin,WOB @ BSC,Hertha Berlin,129,1,VfL Wolfsburg,138,1,STATUS_FULL_TIME,Olympiastadion Berlin,2020-2021,0,11,1,2020
576597,2020-11-02 19:30:00+00:00,1. FC Union Berlin at TSG Hoffenheim,FCU @ TSG,TSG Hoffenheim,7911,1,1. FC Union Berlin,598,3,STATUS_FULL_TIME,PreZero Arena,2020-2021,0,11,2,2020
576608,2020-11-06 19:30:00+00:00,FC Cologne at Werder Bremen,KOE @ SVW,Werder Bremen,137,1,FC Cologne,122,1,STATUS_FULL_TIME,Weserstadion,2020-2021,0,11,6,2020
576605,2020-11-07 14:30:00+00:00,Arminia Bielefeld at 1. FC Union Berlin,DSC @ FCU,1. FC Union Berlin,598,5,Arminia Bielefeld,2506,0,STATUS_FULL_TIME,Stadion An der Alten Försterei,2020-2021,0,11,7,2020
576610,2020-11-07 14:30:00+00:00,Hertha Berlin at FC Augsburg,BSC @ FCA,FC Augsburg,3841,0,Hertha Berlin,129,3,STATUS_FULL_TIME,WWK Arena,2020-2021,0,11,7,2020
576604,2020-11-07 14:30:00+00:00,Schalke 04 at Mainz,S04 @ M05,Mainz,2950,2,Schalke 04,133,2,STATUS_FULL_TIME,MEWA ARENA,2020-2021,0,11,7,2020
576607,2020-11-07 14:30:00+00:00,SC Freiburg at RB Leipzig,SCF @ RBL,RB Leipzig,11420,3,SC Freiburg,126,0,STATUS_FULL_TIME,Red Bull Arena,2020-2021,0,11,7,2020
576609,2020-11-07 14:30:00+00:00,Eintracht Frankfurt at VfB Stuttgart,SGE @ VFB,VfB Stuttgart,134,2,Eintracht Frankfurt,125,2,STATUS_FULL_TIME,MHPArena,2020-2021,0,11,7,2020
576602,2020-11-07 17:30:00+00:00,Bayern Munich at Borussia Dortmund,MUN @ DOR,Borussia Dortmund,124,2,Bayern Munich,132,3,STATUS_FULL_TIME,SIGNAL IDUNA PARK,2020-2021,0,11,7,2020
576606,2020-11-08 14:30:00+00:00,TSG Hoffenheim at VfL Wolfsburg,TSG @ WOB,VfL Wolfsburg,138,2,TSG Hoffenheim,7911,1,STATUS_FULL_TIME,Volkswagen Arena,2020-2021,0,11,8,2020
576603,2020-11-08 17:00:00+00:00,Borussia Mönchengladbach at Bayer Leverkusen,BMG @ B04,Bayer Leverkusen,131,4,Borussia Mönchengladbach,268,3,STATUS_FULL_TIME,BayArena,2020-2021,0,11,8,2020
576612,2020-11-21 14:30:00+00:00,Bayer Leverkusen at Arminia Bielefeld,B04 @ DSC,Arminia Bielefeld,2506,1,Bayer Leverkusen,131,2,STATUS_FULL_TIME,SchücoArena,2020-2021,0,11,21,2020
576615,2020-11-21 14:30:00+00:00,Werder Bremen at Bayern Munich,SVW @ MUN,Bayern Munich,132,1,Werder Bremen,137,1,STATUS_FULL_TIME,Allianz Arena,2020-2021,0,11,21,2020
576613,2020-11-21 14:30:00+00:00,FC Augsburg at Borussia Mönchengladbach,FCA @ BMG,Borussia Mönchengladbach,268,1,FC Augsburg,3841,1,STATUS_FULL_TIME,BORUSSIA-PARK,2020-2021,0,11,21,2020
576619,2020-11-21 14:30:00+00:00,VfL Wolfsburg at Schalke 04,WOB @ S04,Schalke 04,133,0,VfL Wolfsburg,138,2,STATUS_FULL_TIME,VELTINS-Arena,2020-2021,0,11,21,2020
576616,2020-11-21 14:30:00+00:00,VfB Stuttgart at TSG Hoffenheim,VFB @ TSG,TSG Hoffenheim,7911,3,VfB Stuttgart,134,3,STATUS_FULL_TIME,PreZero Arena,2020-2021,0,11,21,2020
576611,2020-11-21 17:30:00+00:00,RB Leipzig at Eintracht Frankfurt,RBL @ SGE,Eintracht Frankfurt,125,1,RB Leipzig,11420,1,STATUS_FULL_TIME,Deutsche Bank Park,2020-2021,0,11,21,2020
576618,2020-11-21 19:30:00+00:00,Borussia Dortmund at Hertha Berlin,DOR @ BSC,Hertha Berlin,129,2,Borussia Dortmund,124,5,STATUS_FULL_TIME,Olympiastadion Berlin,2020-2021,0,11,21,2020
576617,2020-11-22 14:30:00+00:00,Mainz at SC Freiburg,M05 @ SCF,SC Freiburg,126,1,Mainz,2950,3,STATUS_FULL_TIME,Dreisamstadion,2020-2021,0,11,22,2020
576614,2020-11-22 17:00:00+00:00,1. FC Union Berlin at FC Cologne,FCU @ KOE,FC Cologne,122,1,1. FC Union Berlin,598,2,STATUS_FULL_TIME,RheinEnergieStadion,2020-2021,0,11,22,2020
576624,2020-11-27 19:30:00+00:00,Werder Bremen at VfL Wolfsburg,SVW @ WOB,VfL Wolfsburg,138,5,Werder Bremen,137,3,STATUS_FULL_TIME,Volkswagen Arena,2020-2021,0,11,27,2020
576620,2020-11-28 14:30:00+00:00,Eintracht Frankfurt at 1. FC Union Berlin,SGE @ FCU,1. FC Union Berlin,598,3,Eintracht Frankfurt,125,3,STATUS_FULL_TIME,Stadion An der Alten Försterei,2020-2021,0,11,28,2020
576625,2020-11-28 14:30:00+00:00,Arminia Bielefeld at RB Leipzig,DSC @ RBL,RB Leipzig,11420,2,Arminia Bielefeld,2506,1,STATUS_FULL_TIME,Red Bull Arena,2020-2021,0,11,28,2020
576623,2020-11-28 14:30:00+00:00,FC Cologne at Borussia Dortmund,KOE @ DOR,Borussia Dortmund,124,1,FC Cologne,122,2,STATUS_FULL_TIME,SIGNAL IDUNA PARK,2020-2021,0,11,28,2020
576626,2020-11-28 14:30:00+00:00,SC Freiburg at FC Augsburg,SCF @ FCA,FC Augsburg,3841,1,SC Freiburg,126,1,STATUS_FULL_TIME,WWK Arena,2020-2021,0,11,28,2020
576628,2020-11-28 14:30:00+00:00,Bayern Munich at VfB Stuttgart,MUN @ VFB,VfB Stuttgart,134,1,Bayern Munich,132,3,STATUS_FULL_TIME,MHPArena,2020-2021,0,11,28,2020
576627,2020-11-28 17:30:00+00:00,Schalke 04 at Borussia Mönchengladbach,S04 @ BMG,Borussia Mönchengladbach,268,4,Schalke 04,133,1,STATUS_FULL_TIME,BORUSSIA-PARK,2020-2021,0,11,28,2020
576622,2020-11-29 14:30:00+00:00,Hertha Berlin at Bayer Leverkusen,BSC @ B04,Bayer Leverkusen,131,0,Hertha Berlin,129,0,STATUS_FULL_TIME,BayArena,2020-2021,0,11,29,2020
576621,2020-11-29 17:00:00+00:00,TSG Hoffenheim at Mainz,TSG @ M05,Mainz,2950,1,TSG Hoffenheim,7911,1,STATUS_FULL_TIME,MEWA ARENA,2020-2021,0,11,29,2020
576631,2020-12-04 19:30:00+00:00,1. FC Union Berlin at Hertha Berlin,FCU @ BSC,Hertha Berlin,129,3,1. FC Union Berlin,598,1,STATUS_FULL_TIME,Olympiastadion Berlin,2020-2021,0,12,4,2020
576635,2020-12-05 14:30:00+00:00,Mainz at Arminia Bielefeld,M05 @ DSC,Arminia Bielefeld,2506,2,Mainz,2950,1,STATUS_FULL_TIME,SchücoArena,2020-2021,0,12,5,2020
576634,2020-12-05 14:30:00+00:00,Borussia Dortmund at Eintracht Frankfurt,DOR @ SGE,Eintracht Frankfurt,125,1,Borussia Dortmund,124,1,STATUS_FULL_TIME,Deutsche Bank Park,2020-2021,0,12,5,2020
576636,2020-12-05 14:30:00+00:00,VfL Wolfsburg at FC Cologne,WOB @ KOE,FC Cologne,122,2,VfL Wolfsburg,138,2,STATUS_FULL_TIME,RheinEnergieStadion,2020-2021,0,12,5,2020
576629,2020-12-05 14:30:00+00:00,Borussia Mönchengladbach at SC Freiburg,BMG @ SCF,SC Freiburg,126,2,Borussia Mönchengladbach,268,2,STATUS_FULL_TIME,Dreisamstadion,2020-2021,0,12,5,2020
576637,2020-12-05 17:30:00+00:00,RB Leipzig at Bayern Munich,RBL @ MUN,Bayern Munich,132,3,RB Leipzig,11420,3,STATUS_FULL_TIME,Allianz Arena,2020-2021,0,12,5,2020
576630,2020-12-06 14:30:00+00:00,VfB Stuttgart at Werder Bremen,VFB @ SVW,Werder Bremen,137,1,VfB Stuttgart,134,2,STATUS_FULL_TIME,Weserstadion,2020-2021,0,12,6,2020
576632,2020-12-06 17:00:00+00:00,Bayer Leverkusen at Schalke 04,B04 @ S04,Schalke 04,133,0,Bayer Leverkusen,131,3,STATUS_FULL_TIME,VELTINS-Arena,2020-2021,0,12,6,2020
576633,2020-12-07 19:30:00+00:00,FC Augsburg at TSG Hoffenheim,FCA @ TSG,TSG Hoffenheim,7911,3,FC Augsburg,3841,1,STATUS_FULL_TIME,PreZero Arena,2020-2021,0,12,7,2020
576646,2020-12-11 19:30:00+00:00,Eintracht Frankfurt at VfL Wolfsburg,SGE @ WOB,VfL Wolfsburg,138,2,Eintracht Frankfurt,125,1,STATUS_FULL_TIME,Volkswagen Arena,2020-2021,0,12,11,2020
576642,2020-12-12 14:30:00+00:00,VfB Stuttgart at Borussia Dortmund,VFB @ DOR,Borussia Dortmund,124,1,VfB Stuttgart,134,5,STATUS_FULL_TIME,SIGNAL IDUNA PARK,2020-2021,0,12,12,2020
576641,2020-12-12 14:30:00+00:00,Hertha Berlin at Borussia Mönchengladbach,BSC @ BMG,Borussia Mönchengladbach,268,1,Hertha Berlin,129,1,STATUS_FULL_TIME,BORUSSIA-PARK,2020-2021,0,12,12,2020
576644,2020-12-12 14:30:00+00:00,FC Cologne at Mainz,KOE @ M05,Mainz,2950,0,FC Cologne,122,1,STATUS_FULL_TIME,MEWA ARENA,2020-2021,0,12,12,2020
576639,2020-12-12 14:30:00+00:00,Werder Bremen at RB Leipzig,SVW @ RBL,RB Leipzig,11420,2,Werder Bremen,137,0,STATUS_FULL_TIME,Red Bull Arena,2020-2021,0,12,12,2020
576638,2020-12-12 14:30:00+00:00,Arminia Bielefeld at SC Freiburg,DSC @ SCF,SC Freiburg,126,2,Arminia Bielefeld,2506,0,STATUS_FULL_TIME,Dreisamstadion,2020-2021,0,12,12,2020
576645,2020-12-12 17:30:00+00:00,Bayern Munich at 1. FC Union Berlin,MUN @ FCU,1. FC Union Berlin,598,1,Bayern Munich,132,1,STATUS_FULL_TIME,Stadion An der Alten Försterei,2020-2021,0,12,12,2020
576640,2020-12-13 14:30:00+00:00,Schalke 04 at FC Augsburg,S04 @ FCA,FC Augsburg,3841,2,Schalke 04,133,2,STATUS_FULL_TIME,WWK Arena,2020-2021,0,12,13,2020
576643,2020-12-13 17:00:00+00:00,TSG Hoffenheim at Bayer Leverkusen,TSG @ B04,Bayer Leverkusen,131,4,TSG Hoffenheim,7911,1,STATUS_FULL_TIME,BayArena,2020-2021,0,12,13,2020
576655,2020-12-15 17:30:00+00:00,Borussia Mönchengladbach at Eintracht Frankfurt,BMG @ SGE,Eintracht Frankfurt,125,3,Borussia Mönchengladbach,268,3,STATUS_FULL_TIME,Deutsche Bank Park,2020-2021,0,12,15,2020
576652,2020-12-15 19:30:00+00:00,Mainz at Hertha Berlin,M05 @ BSC,Hertha Berlin,129,0,Mainz,2950,0,STATUS_FULL_TIME,Olympiastadion Berlin,2020-2021,0,12,15,2020
576649,2020-12-15 19:30:00+00:00,1. FC Union Berlin at VfB Stuttgart,FCU @ VFB,VfB Stuttgart,134,2,1. FC Union Berlin,598,2,STATUS_FULL_TIME,MHPArena,2020-2021,0,12,15,2020
576651,2020-12-15 19:30:00+00:00,Borussia Dortmund at Werder Bremen,DOR @ SVW,Werder Bremen,137,1,Borussia Dortmund,124,2,STATUS_FULL_TIME,Weserstadion,2020-2021,0,12,15,2020
576653,2020-12-16 17:30:00+00:00,SC Freiburg at Schalke 04,SCF @ S04,Schalke 04,133,0,SC Freiburg,126,2,STATUS_FULL_TIME,VELTINS-Arena,2020-2021,0,12,16,2020
576648,2020-12-16 19:30:00+00:00,FC Augsburg at Arminia Bielefeld,FCA @ DSC,Arminia Bielefeld,2506,0,FC Augsburg,3841,1,STATUS_FULL_TIME,SchücoArena,2020-2021,0,12,16,2020
576654,2020-12-16 19:30:00+00:00,VfL Wolfsburg at Bayern Munich,WOB @ MUN,Bayern Munich,132,2,VfL Wolfsburg,138,1,STATUS_FULL_TIME,Allianz Arena,2020-2021,0,12,16,2020
576647,2020-12-16 19:30:00+00:00,Bayer Leverkusen at FC Cologne,B04 @ KOE,FC Cologne,122,0,Bayer Leverkusen,131,4,STATUS_FULL_TIME,RheinEnergieStadion,2020-2021,0,12,16,2020
576650,2020-12-16 19:30:00+00:00,RB Leipzig at TSG Hoffenheim,RBL @ TSG,TSG Hoffenheim,7911,0,RB Leipzig,11420,1,STATUS_FULL_TIME,PreZero Arena,2020-2021,0,12,16,2020
576656,2020-12-18 19:30:00+00:00,Borussia Dortmund at 1. FC Union Berlin,DOR @ FCU,1. FC Union Berlin,598,2,Borussia Dortmund,124,1,STATUS_FULL_TIME,Stadion An der Alten Försterei,2020-2021,0,12,18,2020
576663,2020-12-19 14:30:00+00:00,Werder Bremen at Mainz,SVW @ M05,Mainz,2950,0,Werder Bremen,137,1,STATUS_FULL_TIME,MEWA ARENA,2020-2021,0,12,19,2020
576661,2020-12-19 14:30:00+00:00,TSG Hoffenheim at Borussia Mönchengladbach,TSG @ BMG,Borussia Mönchengladbach,268,1,TSG Hoffenheim,7911,2,STATUS_FULL_TIME,BORUSSIA-PARK,2020-2021,0,12,19,2020
576658,2020-12-19 14:30:00+00:00,FC Cologne at RB Leipzig,KOE @ RBL,RB Leipzig,11420,0,FC Cologne,122,0,STATUS_FULL_TIME,Red Bull Arena,2020-2021,0,12,19,2020
576659,2020-12-19 14:30:00+00:00,Arminia Bielefeld at Schalke 04,DSC @ S04,Schalke 04,133,0,Arminia Bielefeld,2506,1,STATUS_FULL_TIME,VELTINS-Arena,2020-2021,0,12,19,2020
576664,2020-12-19 14:30:00+00:00,Eintracht Frankfurt at FC Augsburg,SGE @ FCA,FC Augsburg,3841,0,Eintracht Frankfurt,125,2,STATUS_FULL_TIME,WWK Arena,2020-2021,0,12,19,2020
576662,2020-12-19 17:30:00+00:00,Bayern Munich at Bayer Leverkusen,MUN @ B04,Bayer Leverkusen,131,1,Bayern Munich,132,2,STATUS_FULL_TIME,BayArena,2020-2021,0,12,19,2020
576657,2020-12-20 14:30:00+00:00,Hertha Berlin at SC Freiburg,BSC @ SCF,SC Freiburg,126,4,Hertha Berlin,129,1,STATUS_FULL_TIME,Dreisamstadion,2020-2021,0,12,20,2020
576660,2020-12-20 17:00:00+00:00,VfB Stuttgart at VfL Wolfsburg,VFB @ WOB,VfL Wolfsburg,138,1,VfB Stuttgart,134,0,STATUS_FULL_TIME,Volkswagen Arena,2020-2021,0,12,20,2020
576672,2021-01-02 14:30:00+00:00,FC Augsburg at FC Cologne,FCA @ KOE,FC Cologne,122,0,FC Augsburg,3841,1,STATUS_FULL_TIME,RheinEnergieStadion,2020-2021,0,1,2,2021
576665,2021-01-02 14:30:00+00:00,SC Freiburg at TSG Hoffenheim,SCF @ TSG,TSG Hoffenheim,7911,1,SC Freiburg,126,3,STATUS_FULL_TIME,PreZero Arena,2020-2021,0,1,2,2021
576670,2021-01-02 14:30:00+00:00,Borussia Mönchengladbach at Arminia Bielefeld,BMG @ DSC,Arminia Bielefeld,2506,0,Borussia Mönchengladbach,268,1,STATUS_FULL_TIME,SchücoArena,2020-2021,0,1,2,2021
576673,2021-01-02 14:30:00+00:00,Bayer Leverkusen at Eintracht Frankfurt,B04 @ SGE,Eintracht Frankfurt,125,2,Bayer Leverkusen,131,1,STATUS_FULL_TIME,Deutsche Bank Park,2020-2021,0,1,2,2021
576666,2021-01-02 14:30:00+00:00,1. FC Union Berlin at Werder Bremen,FCU @ SVW,Werder Bremen,137,0,1. FC Union Berlin,598,2,STATUS_FULL_TIME,Weserstadion,2020-2021,0,1,2,2021
576667,2021-01-02 17:30:00+00:00,Schalke 04 at Hertha Berlin,S04 @ BSC,Hertha Berlin,129,3,Schalke 04,133,0,STATUS_FULL_TIME,Olympiastadion Berlin,2020-2021,0,1,2,2021
576669,2021-01-02 19:30:00+00:00,RB Leipzig at VfB Stuttgart,RBL @ VFB,VfB Stuttgart,134,0,RB Leipzig,11420,1,STATUS_FULL_TIME,MHPArena,2020-2021,0,1,2,2021
576671,2021-01-03 14:30:00+00:00,VfL Wolfsburg at Borussia Dortmund,WOB @ DOR,Borussia Dortmund,124,2,VfL Wolfsburg,138,0,STATUS_FULL_TIME,SIGNAL IDUNA PARK,2020-2021,0,1,3,2021
576668,2021-01-03 17:00:00+00:00,Mainz at Bayern Munich,M05 @ MUN,Bayern Munich,132,5,Mainz,2950,2,STATUS_FULL_TIME,Allianz Arena,2020-2021,0,1,3,2021
576678,2021-01-08 19:30:00+00:00,Bayern Munich at Borussia Mönchengladbach,MUN @ BMG,Borussia Mönchengladbach,268,3,Bayern Munich,132,2,STATUS_FULL_TIME,BORUSSIA-PARK,2020-2021,0,1,8,2021
576681,2021-01-09 14:30:00+00:00,VfL Wolfsburg at 1. FC Union Berlin,WOB @ FCU,1. FC Union Berlin,598,2,VfL Wolfsburg,138,2,STATUS_FULL_TIME,Stadion An der Alten Försterei,2020-2021,0,1,9,2021
576679,2021-01-09 14:30:00+00:00,Werder Bremen at Bayer Leverkusen,SVW @ B04,Bayer Leverkusen,131,1,Werder Bremen,137,1,STATUS_FULL_TIME,BayArena,2020-2021,0,1,9,2021
576680,2021-01-09 14:30:00+00:00,Eintracht Frankfurt at Mainz,SGE @ M05,Mainz,2950,0,Eintracht Frankfurt,125,2,STATUS_FULL_TIME,MEWA ARENA,2020-2021,0,1,9,2021
576682,2021-01-09 14:30:00+00:00,FC Cologne at SC Freiburg,KOE @ SCF,SC Freiburg,126,5,FC Cologne,122,0,STATUS_FULL_TIME,Dreisamstadion,2020-2021,0,1,9,2021
576675,2021-01-09 14:30:00+00:00,TSG Hoffenheim at Schalke 04,TSG @ S04,Schalke 04,133,4,TSG Hoffenheim,7911,0,STATUS_FULL_TIME,VELTINS-Arena,2020-2021,0,1,9,2021
576674,2021-01-09 17:30:00+00:00,Borussia Dortmund at RB Leipzig,DOR @ RBL,RB Leipzig,11420,1,Borussia Dortmund,124,3,STATUS_FULL_TIME,Red Bull Arena,2020-2021,0,1,9,2021
576676,2021-01-10 14:30:00+00:00,VfB Stuttgart at FC Augsburg,VFB @ FCA,FC Augsburg,3841,1,VfB Stuttgart,134,4,STATUS_FULL_TIME,WWK Arena,2020-2021,0,1,10,2021
576677,2021-01-10 17:00:00+00:00,Hertha Berlin at Arminia Bielefeld,BSC @ DSC,Arminia Bielefeld,2506,1,Hertha Berlin,129,0,STATUS_FULL_TIME,SchücoArena,2020-2021,0,1,10,2021
576684,2021-01-15 19:30:00+00:00,Bayer Leverkusen at 1. FC Union Berlin,B04 @ FCU,1. FC Union Berlin,598,1,Bayer Leverkusen,131,0,STATUS_FULL_TIME,Stadion An der Alten Försterei,2020-2021,0,1,15,2021
576691,2021-01-16 14:30:00+00:00,Mainz at Borussia Dortmund,M05 @ DOR,Borussia Dortmund,124,1,Mainz,2950,1,STATUS_FULL_TIME,SIGNAL IDUNA PARK,2020-2021,0,1,16,2021
576683,2021-01-16 14:30:00+00:00,Hertha Berlin at FC Cologne,BSC @ KOE,FC Cologne,122,0,Hertha Berlin,129,0,STATUS_FULL_TIME,RheinEnergieStadion,2020-2021,0,1,16,2021
576687,2021-01-16 14:30:00+00:00,Arminia Bielefeld at TSG Hoffenheim,DSC @ TSG,TSG Hoffenheim,7911,0,Arminia Bielefeld,2506,0,STATUS_FULL_TIME,PreZero Arena,2020-2021,0,1,16,2021
576685,2021-01-16 14:30:00+00:00,RB Leipzig at VfL Wolfsburg,RBL @ WOB,VfL Wolfsburg,138,2,RB Leipzig,11420,2,STATUS_FULL_TIME,Volkswagen Arena,2020-2021,0,1,16,2021
576688,2021-01-16 14:30:00+00:00,FC Augsburg at Werder Bremen,FCA @ SVW,Werder Bremen,137,2,FC Augsburg,3841,0,STATUS_FULL_TIME,Weserstadion,2020-2021,0,1,16,2021
576686,2021-01-16 17:30:00+00:00,Borussia Mönchengladbach at VfB Stuttgart,BMG @ VFB,VfB Stuttgart,134,2,Borussia Mönchengladbach,268,2,STATUS_FULL_TIME,MHPArena,2020-2021,0,1,16,2021
576689,2021-01-17 14:30:00+00:00,SC Freiburg at Bayern Munich,SCF @ MUN,Bayern Munich,132,2,SC Freiburg,126,1,STATUS_FULL_TIME,Allianz Arena,2020-2021,0,1,17,2021
576690,2021-01-17 17:00:00+00:00,Schalke 04 at Eintracht Frankfurt,S04 @ SGE,Eintracht Frankfurt,125,3,Schalke 04,133,1,STATUS_FULL_TIME,Deutsche Bank Park,2020-2021,0,1,17,2021
576698,2021-01-19 17:30:00+00:00,Werder Bremen at Borussia Mönchengladbach,SVW @ BMG,Borussia Mönchengladbach,268,1,Werder Bremen,137,0,STATUS_FULL_TIME,BORUSSIA-PARK,2020-2021,0,1,19,2021
576699,2021-01-19 19:30:00+00:00,Borussia Dortmund at Bayer Leverkusen,DOR @ B04,Bayer Leverkusen,131,2,Borussia Dortmund,124,1,STATUS_FULL_TIME,BayArena,2020-2021,0,1,19,2021
576694,2021-01-19 19:30:00+00:00,TSG Hoffenheim at Hertha Berlin,TSG @ BSC,Hertha Berlin,129,0,TSG Hoffenheim,7911,3,STATUS_FULL_TIME,Olympiastadion Berlin,2020-2021,0,1,19,2021
576692,2021-01-19 19:30:00+00:00,VfL Wolfsburg at Mainz,WOB @ M05,Mainz,2950,0,VfL Wolfsburg,138,2,STATUS_FULL_TIME,MEWA ARENA,2020-2021,0,1,19,2021
576695,2021-01-20 17:30:00+00:00,FC Cologne at Schalke 04,KOE @ S04,Schalke 04,133,1,FC Cologne,122,2,STATUS_FULL_TIME,VELTINS-Arena,2020-2021,0,1,20,2021
576697,2021-01-20 19:30:00+00:00,VfB Stuttgart at Arminia Bielefeld,VFB @ DSC,Arminia Bielefeld,2506,3,VfB Stuttgart,134,0,STATUS_FULL_TIME,SchücoArena,2020-2021,0,1,20,2021
576700,2021-01-20 19:30:00+00:00,Bayern Munich at FC Augsburg,MUN @ FCA,FC Augsburg,3841,0,Bayern Munich,132,1,STATUS_FULL_TIME,WWK Arena,2020-2021,0,1,20,2021
576693,2021-01-20 19:30:00+00:00,1. FC Union Berlin at RB Leipzig,FCU @ RBL,RB Leipzig,11420,1,1. FC Union Berlin,598,0,STATUS_FULL_TIME,Red Bull Arena,2020-2021,0,1,20,2021
576696,2021-01-20 19:30:00+00:00,Eintracht Frankfurt at SC Freiburg,SGE @ SCF,SC Freiburg,126,2,Eintracht Frankfurt,125,2,STATUS_FULL_TIME,Dreisamstadion,2020-2021,0,1,20,2021
576703,2021-01-22 19:30:00+00:00,Borussia Dortmund at Borussia Mönchengladbach,DOR @ BMG,Borussia Mönchengladbach,268,4,Borussia Dortmund,124,2,STATUS_FULL_TIME,BORUSSIA-PARK,2020-2021,0,1,22,2021
576704,2021-01-23 14:30:00+00:00,Eintracht Frankfurt at Arminia Bielefeld,SGE @ DSC,Arminia Bielefeld,2506,1,Eintracht Frankfurt,125,5,STATUS_FULL_TIME,SchücoArena,2020-2021,0,1,23,2021
576702,2021-01-23 14:30:00+00:00,VfL Wolfsburg at Bayer Leverkusen,WOB @ B04,Bayer Leverkusen,131,0,VfL Wolfsburg,138,1,STATUS_FULL_TIME,BayArena,2020-2021,0,1,23,2021
576705,2021-01-23 14:30:00+00:00,1. FC Union Berlin at FC Augsburg,FCU @ FCA,FC Augsburg,3841,2,1. FC Union Berlin,598,1,STATUS_FULL_TIME,WWK Arena,2020-2021,0,1,23,2021
576701,2021-01-23 14:30:00+00:00,RB Leipzig at Mainz,RBL @ M05,Mainz,2950,3,RB Leipzig,11420,2,STATUS_FULL_TIME,MEWA ARENA,2020-2021,0,1,23,2021
576708,2021-01-23 14:30:00+00:00,VfB Stuttgart at SC Freiburg,VFB @ SCF,SC Freiburg,126,2,VfB Stuttgart,134,1,STATUS_FULL_TIME,Dreisamstadion,2020-2021,0,1,23,2021
576707,2021-01-23 17:30:00+00:00,Werder Bremen at Hertha Berlin,SVW @ BSC,Hertha Berlin,129,1,Werder Bremen,137,4,STATUS_FULL_TIME,Olympiastadion Berlin,2020-2021,0,1,23,2021
576706,2021-01-24 14:30:00+00:00,Bayern Munich at Schalke 04,MUN @ S04,Schalke 04,133,0,Bayern Munich,132,4,STATUS_FULL_TIME,VELTINS-Arena,2020-2021,0,1,24,2021
576709,2021-01-24 17:00:00+00:00,FC Cologne at TSG Hoffenheim,KOE @ TSG,TSG Hoffenheim,7911,3,FC Cologne,122,0,STATUS_FULL_TIME,PreZero Arena,2020-2021,0,1,24,2021
576717,2021-01-29 19:30:00+00:00,Mainz at VfB Stuttgart,M05 @ VFB,VfB Stuttgart,134,2,Mainz,2950,0,STATUS_FULL_TIME,MHPArena,2020-2021,0,1,29,2021
576711,2021-01-30 14:30:00+00:00,Borussia Mönchengladbach at 1. FC Union Berlin,BMG @ FCU,1. FC Union Berlin,598,1,Borussia Mönchengladbach,268,1,STATUS_FULL_TIME,Stadion An der Alten Försterei,2020-2021,0,1,30,2021
576718,2021-01-30 14:30:00+00:00,TSG Hoffenheim at Bayern Munich,TSG @ MUN,Bayern Munich,132,4,TSG Hoffenheim,7911,1,STATUS_FULL_TIME,Allianz Arena,2020-2021,0,1,30,2021
576712,2021-01-30 14:30:00+00:00,FC Augsburg at Borussia Dortmund,FCA @ DOR,Borussia Dortmund,124,3,FC Augsburg,3841,1,STATUS_FULL_TIME,SIGNAL IDUNA PARK,2020-2021,0,1,30,2021
576713,2021-01-30 14:30:00+00:00,Hertha Berlin at Eintracht Frankfurt,BSC @ SGE,Eintracht Frankfurt,125,3,Hertha Berlin,129,1,STATUS_FULL_TIME,Deutsche Bank Park,2020-2021,0,1,30,2021
576716,2021-01-30 14:30:00+00:00,Schalke 04 at Werder Bremen,S04 @ SVW,Werder Bremen,137,1,Schalke 04,133,1,STATUS_FULL_TIME,Weserstadion,2020-2021,0,1,30,2021
576715,2021-01-30 17:30:00+00:00,Bayer Leverkusen at RB Leipzig,B04 @ RBL,RB Leipzig,11420,1,Bayer Leverkusen,131,0,STATUS_FULL_TIME,Red Bull Arena,2020-2021,0,1,30,2021
576710,2021-01-31 14:30:00+00:00,Arminia Bielefeld at FC Cologne,DSC @ KOE,FC Cologne,122,3,Arminia Bielefeld,2506,1,STATUS_FULL_TIME,RheinEnergieStadion,2020-2021,0,1,31,2021
576714,2021-01-31 17:00:00+00:00,SC Freiburg at VfL Wolfsburg,SCF @ WOB,VfL Wolfsburg,138,3,SC Freiburg,126,0,STATUS_FULL_TIME,Volkswagen Arena,2020-2021,0,1,31,2021
576720,2021-02-05 19:00:00+00:00,Bayern Munich at Hertha Berlin,MUN @ BSC,Hertha Berlin,129,0,Bayern Munich,132,1,STATUS_FULL_TIME,Olympiastadion Berlin,2020-2021,0,2,5,2021
576725,2021-02-06 14:30:00+00:00,VfB Stuttgart at Bayer Leverkusen,VFB @ B04,Bayer Leverkusen,131,5,VfB Stuttgart,134,2,STATUS_FULL_TIME,BayArena,2020-2021,0,2,6,2021
576722,2021-02-06 14:30:00+00:00,VfL Wolfsburg at FC Augsburg,WOB @ FCA,FC Augsburg,3841,0,VfL Wolfsburg,138,2,STATUS_FULL_TIME,WWK Arena,2020-2021,0,2,6,2021
576726,2021-02-06 14:30:00+00:00,1. FC Union Berlin at Mainz,FCU @ M05,Mainz,2950,1,1. FC Union Berlin,598,0,STATUS_FULL_TIME,MEWA ARENA,2020-2021,0,2,6,2021
576719,2021-02-06 14:30:00+00:00,Borussia Dortmund at SC Freiburg,DOR @ SCF,SC Freiburg,126,2,Borussia Dortmund,124,1,STATUS_FULL_TIME,Dreisamstadion,2020-2021,0,2,6,2021
576721,2021-02-06 14:30:00+00:00,RB Leipzig at Schalke 04,RBL @ S04,Schalke 04,133,0,RB Leipzig,11420,3,STATUS_FULL_TIME,VELTINS-Arena,2020-2021,0,2,6,2021
576724,2021-02-06 17:30:00+00:00,FC Cologne at Borussia Mönchengladbach,KOE @ BMG,Borussia Mönchengladbach,268,1,FC Cologne,122,2,STATUS_FULL_TIME,BORUSSIA-PARK,2020-2021,0,2,6,2021
576723,2021-02-07 14:30:00+00:00,Eintracht Frankfurt at TSG Hoffenheim,SGE @ TSG,TSG Hoffenheim,7911,1,Eintracht Frankfurt,125,3,STATUS_FULL_TIME,PreZero Arena,2020-2021,0,2,7,2021
576730,2021-02-12 19:30:00+00:00,FC Augsburg at RB Leipzig,FCA @ RBL,RB Leipzig,11420,2,FC Augsburg,3841,1,STATUS_FULL_TIME,Red Bull Arena,2020-2021,0,2,12,2021
576734,2021-02-13 14:30:00+00:00,Mainz at Bayer Leverkusen,M05 @ B04,Bayer Leverkusen,131,2,Mainz,2950,2,STATUS_FULL_TIME,BayArena,2020-2021,0,2,13,2021
576733,2021-02-13 14:30:00+00:00,TSG Hoffenheim at Borussia Dortmund,TSG @ DOR,Borussia Dortmund,124,2,TSG Hoffenheim,7911,2,STATUS_FULL_TIME,SIGNAL IDUNA PARK,2020-2021,0,2,13,2021
576728,2021-02-13 14:30:00+00:00,Hertha Berlin at VfB Stuttgart,BSC @ VFB,VfB Stuttgart,134,1,Hertha Berlin,129,1,STATUS_FULL_TIME,MHPArena,2020-2021,0,2,13,2021
576729,2021-02-13 14:30:00+00:00,SC Freiburg at Werder Bremen,SCF @ SVW,Werder Bremen,137,0,SC Freiburg,126,0,STATUS_FULL_TIME,Weserstadion,2020-2021,0,2,13,2021
576735,2021-02-13 17:30:00+00:00,Schalke 04 at 1. FC Union Berlin,S04 @ FCU,1. FC Union Berlin,598,0,Schalke 04,133,0,STATUS_FULL_TIME,Stadion An der Alten Försterei,2020-2021,0,2,13,2021
576732,2021-02-14 14:30:00+00:00,FC Cologne at Eintracht Frankfurt,KOE @ SGE,Eintracht Frankfurt,125,2,FC Cologne,122,0,STATUS_FULL_TIME,Deutsche Bank Park,2020-2021,0,2,14,2021
576736,2021-02-14 17:00:00+00:00,Borussia Mönchengladbach at VfL Wolfsburg,BMG @ WOB,VfL Wolfsburg,138,0,Borussia Mönchengladbach,268,0,STATUS_FULL_TIME,Volkswagen Arena,2020-2021,0,2,14,2021
576731,2021-02-15 19:30:00+00:00,Arminia Bielefeld at Bayern Munich,DSC @ MUN,Bayern Munich,132,3,Arminia Bielefeld,2506,3,STATUS_FULL_TIME,Allianz Arena,2020-2021,0,2,15,2021
576745,2021-02-19 19:30:00+00:00,VfL Wolfsburg at Arminia Bielefeld,WOB @ DSC,Arminia Bielefeld,2506,0,VfL Wolfsburg,138,3,STATUS_FULL_TIME,SchücoArena,2020-2021,0,2,19,2021
576738,2021-02-20 14:30:00+00:00,Mainz at Borussia Mönchengladbach,M05 @ BMG,Borussia Mönchengladbach,268,1,Mainz,2950,2,STATUS_FULL_TIME,BORUSSIA-PARK,2020-2021,0,2,20,2021
576744,2021-02-20 14:30:00+00:00,Bayern Munich at Eintracht Frankfurt,MUN @ SGE,Eintracht Frankfurt,125,2,Bayern Munich,132,1,STATUS_FULL_TIME,Deutsche Bank Park,2020-2021,0,2,20,2021
576737,2021-02-20 14:30:00+00:00,VfB Stuttgart at FC Cologne,VFB @ KOE,FC Cologne,122,0,VfB Stuttgart,134,1,STATUS_FULL_TIME,RheinEnergieStadion,2020-2021,0,2,20,2021
576740,2021-02-20 14:30:00+00:00,1. FC Union Berlin at SC Freiburg,FCU @ SCF,SC Freiburg,126,0,1. FC Union Berlin,598,1,STATUS_FULL_TIME,Dreisamstadion,2020-2021,0,2,20,2021
576742,2021-02-20 17:30:00+00:00,Borussia Dortmund at Schalke 04,DOR @ S04,Schalke 04,133,0,Borussia Dortmund,124,4,STATUS_FULL_TIME,VELTINS-Arena,2020-2021,0,2,20,2021
576743,2021-02-21 12:30:00+00:00,Bayer Leverkusen at FC Augsburg,B04 @ FCA,FC Augsburg,3841,1,Bayer Leverkusen,131,1,STATUS_FULL_TIME,WWK Arena,2020-2021,0,2,21,2021
576741,2021-02-21 14:30:00+00:00,RB Leipzig at Hertha Berlin,RBL @ BSC,Hertha Berlin,129,0,RB Leipzig,11420,3,STATUS_FULL_TIME,Olympiastadion Berlin,2020-2021,0,2,21,2021
576739,2021-02-21 17:00:00+00:00,Werder Bremen at TSG Hoffenheim,SVW @ TSG,TSG Hoffenheim,7911,4,Werder Bremen,137,0,STATUS_FULL_TIME,PreZero Arena,2020-2021,0,2,21,2021
576748,2021-02-26 19:30:00+00:00,Eintracht Frankfurt at Werder Bremen,SGE @ SVW,Werder Bremen,137,2,Eintracht Frankfurt,125,1,STATUS_FULL_TIME,Weserstadion,2020-2021,0,2,26,2021
576751,2021-02-27 14:30:00+00:00,Arminia Bielefeld at Borussia Dortmund,DSC @ DOR,Borussia Dortmund,124,3,Arminia Bielefeld,2506,0,STATUS_FULL_TIME,SIGNAL IDUNA PARK,2020-2021,0,2,27,2021
576754,2021-02-27 14:30:00+00:00,FC Cologne at Bayern Munich,KOE @ MUN,Bayern Munich,132,5,FC Cologne,122,1,STATUS_FULL_TIME,Allianz Arena,2020-2021,0,2,27,2021
576750,2021-02-27 14:30:00+00:00,Hertha Berlin at VfL Wolfsburg,BSC @ WOB,VfL Wolfsburg,138,2,Hertha Berlin,129,0,STATUS_FULL_TIME,Volkswagen Arena,2020-2021,0,2,27,2021
576747,2021-02-27 14:30:00+00:00,Schalke 04 at VfB Stuttgart,S04 @ VFB,VfB Stuttgart,134,5,Schalke 04,133,1,STATUS_FULL_TIME,MHPArena,2020-2021,0,2,27,2021
576749,2021-02-27 17:30:00+00:00,Borussia Mönchengladbach at RB Leipzig,BMG @ RBL,RB Leipzig,11420,3,Borussia Mönchengladbach,268,2,STATUS_FULL_TIME,Red Bull Arena,2020-2021,0,2,27,2021
576746,2021-02-28 12:30:00+00:00,TSG Hoffenheim at 1. FC Union Berlin,TSG @ FCU,1. FC Union Berlin,598,1,TSG Hoffenheim,7911,1,STATUS_FULL_TIME,Stadion An der Alten Försterei,2020-2021,0,2,28,2021
576753,2021-02-28 14:30:00+00:00,FC Augsburg at Mainz,FCA @ M05,Mainz,2950,0,FC Augsburg,3841,1,STATUS_FULL_TIME,MEWA ARENA,2020-2021,0,2,28,2021
576752,2021-02-28 17:00:00+00:00,SC Freiburg at Bayer Leverkusen,SCF @ B04,Bayer Leverkusen,131,1,SC Freiburg,126,2,STATUS_FULL_TIME,BayArena,2020-2021,0,2,28,2021
576760,2021-03-05 19:30:00+00:00,Mainz at Schalke 04,M05 @ S04,Schalke 04,133,0,Mainz,2950,0,STATUS_FULL_TIME,VELTINS-Arena,2020-2021,0,3,5,2021
576756,2021-03-06 14:30:00+00:00,Bayer Leverkusen at Borussia Mönchengladbach,B04 @ BMG,Borussia Mönchengladbach,268,0,Bayer Leverkusen,131,1,STATUS_FULL_TIME,BORUSSIA-PARK,2020-2021,0,3,6,2021
576762,2021-03-06 14:30:00+00:00,VfB Stuttgart at Eintracht Frankfurt,VFB @ SGE,Eintracht Frankfurt,125,1,VfB Stuttgart,134,1,STATUS_FULL_TIME,Deutsche Bank Park,2020-2021,0,3,6,2021
576759,2021-03-06 14:30:00+00:00,FC Augsburg at Hertha Berlin,FCA @ BSC,Hertha Berlin,129,2,FC Augsburg,3841,1,STATUS_FULL_TIME,Olympiastadion Berlin,2020-2021,0,3,6,2021
576758,2021-03-06 14:30:00+00:00,RB Leipzig at SC Freiburg,RBL @ SCF,SC Freiburg,126,0,RB Leipzig,11420,3,STATUS_FULL_TIME,Dreisamstadion,2020-2021,0,3,6,2021
576757,2021-03-06 14:30:00+00:00,VfL Wolfsburg at TSG Hoffenheim,WOB @ TSG,TSG Hoffenheim,7911,2,VfL Wolfsburg,138,1,STATUS_FULL_TIME,PreZero Arena,2020-2021,0,3,6,2021
576761,2021-03-06 17:30:00+00:00,Borussia Dortmund at Bayern Munich,DOR @ MUN,Bayern Munich,132,4,Borussia Dortmund,124,2,STATUS_FULL_TIME,Allianz Arena,2020-2021,0,3,6,2021
576763,2021-03-07 14:30:00+00:00,Werder Bremen at FC Cologne,SVW @ KOE,FC Cologne,122,1,Werder Bremen,137,1,STATUS_FULL_TIME,RheinEnergieStadion,2020-2021,0,3,7,2021
576755,2021-03-07 17:00:00+00:00,1. FC Union Berlin at Arminia Bielefeld,FCU @ DSC,Arminia Bielefeld,2506,0,1. FC Union Berlin,598,0,STATUS_FULL_TIME,SchücoArena,2020-2021,0,3,7,2021
576727,2021-03-10 17:30:00+00:00,Werder Bremen at Arminia Bielefeld,SVW @ DSC,Arminia Bielefeld,2506,0,Werder Bremen,137,2,STATUS_FULL_TIME,SchücoArena,2020-2021,0,3,10,2021
576766,2021-03-12 19:30:00+00:00,Borussia Mönchengladbach at FC Augsburg,BMG @ FCA,FC Augsburg,3841,3,Borussia Mönchengladbach,268,1,STATUS_FULL_TIME,WWK Arena,2020-2021,0,3,12,2021
576765,2021-03-13 14:30:00+00:00,FC Cologne at 1. FC Union Berlin,KOE @ FCU,1. FC Union Berlin,598,2,FC Cologne,122,1,STATUS_FULL_TIME,Stadion An der Alten Försterei,2020-2021,0,3,13,2021
576764,2021-03-13 14:30:00+00:00,SC Freiburg at Mainz,SCF @ M05,Mainz,2950,1,SC Freiburg,126,0,STATUS_FULL_TIME,MEWA ARENA,2020-2021,0,3,13,2021
576770,2021-03-13 14:30:00+00:00,Schalke 04 at VfL Wolfsburg,S04 @ WOB,VfL Wolfsburg,138,5,Schalke 04,133,0,STATUS_FULL_TIME,Volkswagen Arena,2020-2021,0,3,13,2021
576772,2021-03-13 14:30:00+00:00,Bayern Munich at Werder Bremen,MUN @ SVW,Werder Bremen,137,1,Bayern Munich,132,3,STATUS_FULL_TIME,Weserstadion,2020-2021,0,3,13,2021
576768,2021-03-13 17:30:00+00:00,Hertha Berlin at Borussia Dortmund,BSC @ DOR,Borussia Dortmund,124,2,Hertha Berlin,129,0,STATUS_FULL_TIME,SIGNAL IDUNA PARK,2020-2021,0,3,13,2021
576771,2021-03-14 12:30:00+00:00,Arminia Bielefeld at Bayer Leverkusen,DSC @ B04,Bayer Leverkusen,131,1,Arminia Bielefeld,2506,2,STATUS_FULL_TIME,BayArena,2020-2021,0,3,14,2021
576767,2021-03-14 14:30:00+00:00,Eintracht Frankfurt at RB Leipzig,SGE @ RBL,RB Leipzig,11420,1,Eintracht Frankfurt,125,1,STATUS_FULL_TIME,Red Bull Arena,2020-2021,0,3,14,2021
576769,2021-03-14 17:00:00+00:00,TSG Hoffenheim at VfB Stuttgart,TSG @ VFB,VfB Stuttgart,134,2,TSG Hoffenheim,7911,0,STATUS_FULL_TIME,MHPArena,2020-2021,0,3,14,2021
576774,2021-03-19 19:30:00+00:00,RB Leipzig at Arminia Bielefeld,RBL @ DSC,Arminia Bielefeld,2506,0,RB Leipzig,11420,1,STATUS_FULL_TIME,SchücoArena,2020-2021,0,3,19,2021
576779,2021-03-20 14:30:00+00:00,VfB Stuttgart at Bayern Munich,VFB @ MUN,Bayern Munich,132,4,VfB Stuttgart,134,0,STATUS_FULL_TIME,Allianz Arena,2020-2021,0,3,20,2021
576773,2021-03-20 14:30:00+00:00,1. FC Union Berlin at Eintracht Frankfurt,FCU @ SGE,Eintracht Frankfurt,125,5,1. FC Union Berlin,598,2,STATUS_FULL_TIME,Deutsche Bank Park,2020-2021,0,3,20,2021
576775,2021-03-20 14:30:00+00:00,Borussia Dortmund at FC Cologne,DOR @ KOE,FC Cologne,122,2,Borussia Dortmund,124,2,STATUS_FULL_TIME,RheinEnergieStadion,2020-2021,0,3,20,2021
576778,2021-03-20 14:30:00+00:00,VfL Wolfsburg at Werder Bremen,WOB @ SVW,Werder Bremen,137,1,VfL Wolfsburg,138,2,STATUS_FULL_TIME,Weserstadion,2020-2021,0,3,20,2021
576780,2021-03-20 17:30:00+00:00,Borussia Mönchengladbach at Schalke 04,BMG @ S04,Schalke 04,133,0,Borussia Mönchengladbach,268,3,STATUS_FULL_TIME,VELTINS-Arena,2020-2021,0,3,20,2021
576776,2021-03-21 12:30:00+00:00,Mainz at TSG Hoffenheim,M05 @ TSG,TSG Hoffenheim,7911,1,Mainz,2950,2,STATUS_FULL_TIME,PreZero Arena,2020-2021,0,3,21,2021
576781,2021-03-21 14:30:00+00:00,Bayer Leverkusen at Hertha Berlin,B04 @ BSC,Hertha Berlin,129,3,Bayer Leverkusen,131,0,STATUS_FULL_TIME,Olympiastadion Berlin,2020-2021,0,3,21,2021
576777,2021-03-21 17:00:00+00:00,FC Augsburg at SC Freiburg,FCA @ SCF,SC Freiburg,126,2,FC Augsburg,3841,0,STATUS_FULL_TIME,Dreisamstadion,2020-2021,0,3,21,2021
576783,2021-04-03 13:30:00+00:00,Schalke 04 at Bayer Leverkusen,S04 @ B04,Bayer Leverkusen,131,2,Schalke 04,133,1,STATUS_FULL_TIME,BayArena,2020-2021,0,4,3,2021
576782,2021-04-03 13:30:00+00:00,Eintracht Frankfurt at Borussia Dortmund,SGE @ DOR,Borussia Dortmund,124,1,Eintracht Frankfurt,125,2,STATUS_FULL_TIME,SIGNAL IDUNA PARK,2020-2021,0,4,3,2021
576787,2021-04-03 13:30:00+00:00,TSG Hoffenheim at FC Augsburg,TSG @ FCA,FC Augsburg,3841,2,TSG Hoffenheim,7911,1,STATUS_FULL_TIME,WWK Arena,2020-2021,0,4,3,2021
576790,2021-04-03 13:30:00+00:00,Arminia Bielefeld at Mainz,DSC @ M05,Mainz,2950,1,Arminia Bielefeld,2506,1,STATUS_FULL_TIME,MEWA ARENA,2020-2021,0,4,3,2021
576784,2021-04-03 13:30:00+00:00,FC Cologne at VfL Wolfsburg,KOE @ WOB,VfL Wolfsburg,138,1,FC Cologne,122,0,STATUS_FULL_TIME,Volkswagen Arena,2020-2021,0,4,3,2021
576786,2021-04-03 16:30:00+00:00,Bayern Munich at RB Leipzig,MUN @ RBL,RB Leipzig,11420,0,Bayern Munich,132,1,STATUS_FULL_TIME,Red Bull Arena,2020-2021,0,4,3,2021
576788,2021-04-03 18:30:00+00:00,SC Freiburg at Borussia Mönchengladbach,SCF @ BMG,Borussia Mönchengladbach,268,2,SC Freiburg,126,1,STATUS_FULL_TIME,BORUSSIA-PARK,2020-2021,0,4,3,2021
576785,2021-04-04 13:30:00+00:00,Werder Bremen at VfB Stuttgart,SVW @ VFB,VfB Stuttgart,134,1,Werder Bremen,137,0,STATUS_FULL_TIME,MHPArena,2020-2021,0,4,4,2021
576789,2021-04-04 16:00:00+00:00,Hertha Berlin at 1. FC Union Berlin,BSC @ FCU,1. FC Union Berlin,598,1,Hertha Berlin,129,1,STATUS_FULL_TIME,Stadion An der Alten Försterei,2020-2021,0,4,4,2021
576798,2021-04-09 18:30:00+00:00,SC Freiburg at Arminia Bielefeld,SCF @ DSC,Arminia Bielefeld,2506,1,SC Freiburg,126,0,STATUS_FULL_TIME,SchücoArena,2020-2021,0,4,9,2021
576797,2021-04-10 13:30:00+00:00,VfL Wolfsburg at Eintracht Frankfurt,WOB @ SGE,Eintracht Frankfurt,125,4,VfL Wolfsburg,138,3,STATUS_FULL_TIME,Deutsche Bank Park,2020-2021,0,4,10,2021
576796,2021-04-10 13:30:00+00:00,1. FC Union Berlin at Bayern Munich,FCU @ MUN,Bayern Munich,132,1,1. FC Union Berlin,598,1,STATUS_FULL_TIME,Allianz Arena,2020-2021,0,4,10,2021
576793,2021-04-10 13:30:00+00:00,RB Leipzig at Werder Bremen,RBL @ SVW,Werder Bremen,137,1,RB Leipzig,11420,4,STATUS_FULL_TIME,Weserstadion,2020-2021,0,4,10,2021
576794,2021-04-10 13:30:00+00:00,Borussia Mönchengladbach at Hertha Berlin,BMG @ BSC,Hertha Berlin,129,2,Borussia Mönchengladbach,268,2,STATUS_FULL_TIME,Olympiastadion Berlin,2020-2021,0,4,10,2021
576795,2021-04-10 16:30:00+00:00,Borussia Dortmund at VfB Stuttgart,DOR @ VFB,VfB Stuttgart,134,2,Borussia Dortmund,124,3,STATUS_FULL_TIME,MHPArena,2020-2021,0,4,10,2021
576799,2021-04-11 13:30:00+00:00,FC Augsburg at Schalke 04,FCA @ S04,Schalke 04,133,1,FC Augsburg,3841,0,STATUS_FULL_TIME,VELTINS-Arena,2020-2021,0,4,11,2021
576791,2021-04-11 16:00:00+00:00,Mainz at FC Cologne,M05 @ KOE,FC Cologne,122,2,Mainz,2950,3,STATUS_FULL_TIME,RheinEnergieStadion,2020-2021,0,4,11,2021
576792,2021-04-12 18:30:00+00:00,Bayer Leverkusen at TSG Hoffenheim,B04 @ TSG,TSG Hoffenheim,7911,0,Bayer Leverkusen,131,0,STATUS_FULL_TIME,PreZero Arena,2020-2021,0,4,12,2021
576807,2021-04-16 18:30:00+00:00,TSG Hoffenheim at RB Leipzig,TSG @ RBL,RB Leipzig,11420,0,TSG Hoffenheim,7911,0,STATUS_FULL_TIME,Red Bull Arena,2020-2021,0,4,16,2021
576806,2021-04-17 13:30:00+00:00,Schalke 04 at SC Freiburg,S04 @ SCF,SC Freiburg,126,4,Schalke 04,133,0,STATUS_FULL_TIME,Dreisamstadion,2020-2021,0,4,17,2021
576805,2021-04-17 13:30:00+00:00,Bayern Munich at VfL Wolfsburg,MUN @ WOB,VfL Wolfsburg,138,2,Bayern Munich,132,3,STATUS_FULL_TIME,Volkswagen Arena,2020-2021,0,4,17,2021
576803,2021-04-17 13:30:00+00:00,VfB Stuttgart at 1. FC Union Berlin,VFB @ FCU,1. FC Union Berlin,598,2,VfB Stuttgart,134,1,STATUS_FULL_TIME,Stadion An der Alten Försterei,2020-2021,0,4,17,2021
576804,2021-04-17 13:30:00+00:00,Eintracht Frankfurt at Borussia Mönchengladbach,SGE @ BMG,Borussia Mönchengladbach,268,4,Eintracht Frankfurt,125,0,STATUS_FULL_TIME,BORUSSIA-PARK,2020-2021,0,4,17,2021
576808,2021-04-17 13:30:00+00:00,Arminia Bielefeld at FC Augsburg,DSC @ FCA,FC Augsburg,3841,0,Arminia Bielefeld,2506,0,STATUS_FULL_TIME,WWK Arena,2020-2021,0,4,17,2021
576801,2021-04-17 16:30:00+00:00,FC Cologne at Bayer Leverkusen,KOE @ B04,Bayer Leverkusen,131,3,FC Cologne,122,0,STATUS_FULL_TIME,BayArena,2020-2021,0,4,17,2021
576800,2021-04-18 13:30:00+00:00,Werder Bremen at Borussia Dortmund,SVW @ DOR,Borussia Dortmund,124,4,Werder Bremen,137,1,STATUS_FULL_TIME,SIGNAL IDUNA PARK,2020-2021,0,4,18,2021
576809,2021-04-20 16:30:00+00:00,RB Leipzig at FC Cologne,RBL @ KOE,FC Cologne,122,2,RB Leipzig,11420,1,STATUS_FULL_TIME,RheinEnergieStadion,2020-2021,0,4,20,2021
576817,2021-04-20 18:30:00+00:00,Schalke 04 at Arminia Bielefeld,S04 @ DSC,Arminia Bielefeld,2506,1,Schalke 04,133,0,STATUS_FULL_TIME,SchücoArena,2020-2021,0,4,20,2021
576815,2021-04-20 18:30:00+00:00,Bayer Leverkusen at Bayern Munich,B04 @ MUN,Bayern Munich,132,2,Bayer Leverkusen,131,0,STATUS_FULL_TIME,Allianz Arena,2020-2021,0,4,20,2021
576816,2021-04-20 18:30:00+00:00,FC Augsburg at Eintracht Frankfurt,FCA @ SGE,Eintracht Frankfurt,125,2,FC Augsburg,3841,0,STATUS_FULL_TIME,Deutsche Bank Park,2020-2021,0,4,20,2021
576810,2021-04-21 18:30:00+00:00,1. FC Union Berlin at Borussia Dortmund,FCU @ DOR,Borussia Dortmund,124,2,1. FC Union Berlin,598,0,STATUS_FULL_TIME,SIGNAL IDUNA PARK,2020-2021,0,4,21,2021
576812,2021-04-21 18:30:00+00:00,Borussia Mönchengladbach at TSG Hoffenheim,BMG @ TSG,TSG Hoffenheim,7911,3,Borussia Mönchengladbach,268,2,STATUS_FULL_TIME,PreZero Arena,2020-2021,0,4,21,2021
576811,2021-04-21 18:30:00+00:00,VfL Wolfsburg at VfB Stuttgart,WOB @ VFB,VfB Stuttgart,134,1,VfL Wolfsburg,138,3,STATUS_FULL_TIME,MHPArena,2020-2021,0,4,21,2021
576813,2021-04-21 18:30:00+00:00,Mainz at Werder Bremen,M05 @ SVW,Werder Bremen,137,0,Mainz,2950,1,STATUS_FULL_TIME,Weserstadion,2020-2021,0,4,21,2021
576819,2021-04-23 18:30:00+00:00,FC Cologne at FC Augsburg,KOE @ FCA,FC Augsburg,3841,2,FC Cologne,122,3,STATUS_FULL_TIME,WWK Arena,2020-2021,0,4,23,2021
576818,2021-04-24 13:30:00+00:00,Werder Bremen at 1. FC Union Berlin,SVW @ FCU,1. FC Union Berlin,598,3,Werder Bremen,137,1,STATUS_FULL_TIME,Stadion An der Alten Försterei,2020-2021,0,4,24,2021
576825,2021-04-24 13:30:00+00:00,Bayern Munich at Mainz,MUN @ M05,Mainz,2950,2,Bayern Munich,132,1,STATUS_FULL_TIME,MEWA ARENA,2020-2021,0,4,24,2021
576826,2021-04-24 13:30:00+00:00,TSG Hoffenheim at SC Freiburg,TSG @ SCF,SC Freiburg,126,1,TSG Hoffenheim,7911,1,STATUS_FULL_TIME,Dreisamstadion,2020-2021,0,4,24,2021
576822,2021-04-24 13:30:00+00:00,Borussia Dortmund at VfL Wolfsburg,DOR @ WOB,VfL Wolfsburg,138,0,Borussia Dortmund,124,2,STATUS_FULL_TIME,Volkswagen Arena,2020-2021,0,4,24,2021
576824,2021-04-24 16:30:00+00:00,Eintracht Frankfurt at Bayer Leverkusen,SGE @ B04,Bayer Leverkusen,131,3,Eintracht Frankfurt,125,1,STATUS_FULL_TIME,BayArena,2020-2021,0,4,24,2021
576821,2021-04-25 13:30:00+00:00,VfB Stuttgart at RB Leipzig,VFB @ RBL,RB Leipzig,11420,2,VfB Stuttgart,134,0,STATUS_FULL_TIME,Red Bull Arena,2020-2021,0,4,25,2021
576823,2021-04-25 16:00:00+00:00,Arminia Bielefeld at Borussia Mönchengladbach,DSC @ BMG,Borussia Mönchengladbach,268,5,Arminia Bielefeld,2506,0,STATUS_FULL_TIME,BORUSSIA-PARK,2020-2021,0,4,25,2021
576802,2021-05-03 16:00:00+00:00,Hertha Berlin at Mainz,BSC @ M05,Mainz,2950,1,Hertha Berlin,129,1,STATUS_FULL_TIME,MEWA ARENA,2020-2021,0,5,3,2021
576814,2021-05-06 16:30:00+00:00,SC Freiburg at Hertha Berlin,SCF @ BSC,Hertha Berlin,129,3,SC Freiburg,126,0,STATUS_FULL_TIME,Olympiastadion Berlin,2020-2021,0,5,6,2021
576834,2021-05-07 18:30:00+00:00,FC Augsburg at VfB Stuttgart,FCA @ VFB,VfB Stuttgart,134,2,FC Augsburg,3841,1,STATUS_FULL_TIME,MHPArena,2020-2021,0,5,7,2021
576833,2021-05-08 13:30:00+00:00,Schalke 04 at TSG Hoffenheim,S04 @ TSG,TSG Hoffenheim,7911,4,Schalke 04,133,2,STATUS_FULL_TIME,PreZero Arena,2020-2021,0,5,8,2021
576829,2021-05-08 13:30:00+00:00,RB Leipzig at Borussia Dortmund,RBL @ DOR,Borussia Dortmund,124,3,RB Leipzig,11420,2,STATUS_FULL_TIME,SIGNAL IDUNA PARK,2020-2021,0,5,8,2021
576832,2021-05-08 13:30:00+00:00,Bayer Leverkusen at Werder Bremen,B04 @ SVW,Werder Bremen,137,0,Bayer Leverkusen,131,0,STATUS_FULL_TIME,Weserstadion,2020-2021,0,5,8,2021
576831,2021-05-08 13:30:00+00:00,1. FC Union Berlin at VfL Wolfsburg,FCU @ WOB,VfL Wolfsburg,138,3,1. FC Union Berlin,598,0,STATUS_FULL_TIME,Volkswagen Arena,2020-2021,0,5,8,2021
576827,2021-05-08 16:30:00+00:00,Borussia Mönchengladbach at Bayern Munich,BMG @ MUN,Bayern Munich,132,6,Borussia Mönchengladbach,268,0,STATUS_FULL_TIME,Allianz Arena,2020-2021,0,5,8,2021
576830,2021-05-09 11:30:00+00:00,SC Freiburg at FC Cologne,SCF @ KOE,FC Cologne,122,1,SC Freiburg,126,4,STATUS_FULL_TIME,RheinEnergieStadion,2020-2021,0,5,9,2021
576828,2021-05-09 13:30:00+00:00,Mainz at Eintracht Frankfurt,M05 @ SGE,Eintracht Frankfurt,125,1,Mainz,2950,1,STATUS_FULL_TIME,Deutsche Bank Park,2020-2021,0,5,9,2021
576835,2021-05-09 16:00:00+00:00,Arminia Bielefeld at Hertha Berlin,DSC @ BSC,Hertha Berlin,129,0,Arminia Bielefeld,2506,0,STATUS_FULL_TIME,Olympiastadion Berlin,2020-2021,0,5,9,2021
576820,2021-05-12 16:00:00+00:00,Hertha Berlin at Schalke 04,BSC @ S04,Schalke 04,133,1,Hertha Berlin,129,2,STATUS_FULL_TIME,VELTINS-Arena,2020-2021,0,5,12,2021
576838,2021-05-15 13:30:00+00:00,1. FC Union Berlin at Bayer Leverkusen,FCU @ B04,Bayer Leverkusen,131,1,1. FC Union Berlin,598,1,STATUS_FULL_TIME,BayArena,2020-2021,0,5,15,2021
576836,2021-05-15 13:30:00+00:00,TSG Hoffenheim at Arminia Bielefeld,TSG @ DSC,Arminia Bielefeld,2506,1,TSG Hoffenheim,7911,1,STATUS_FULL_TIME,SchücoArena,2020-2021,0,5,15,2021
576844,2021-05-15 13:30:00+00:00,Eintracht Frankfurt at Schalke 04,SGE @ S04,Schalke 04,133,4,Eintracht Frankfurt,125,3,STATUS_FULL_TIME,VELTINS-Arena,2020-2021,0,5,15,2021
576837,2021-05-15 13:30:00+00:00,VfB Stuttgart at Borussia Mönchengladbach,VFB @ BMG,Borussia Mönchengladbach,268,1,VfB Stuttgart,134,2,STATUS_FULL_TIME,BORUSSIA-PARK,2020-2021,0,5,15,2021
576841,2021-05-15 13:30:00+00:00,Bayern Munich at SC Freiburg,MUN @ SCF,SC Freiburg,126,2,Bayern Munich,132,2,STATUS_FULL_TIME,Dreisamstadion,2020-2021,0,5,15,2021
576843,2021-05-15 13:30:00+00:00,FC Cologne at Hertha Berlin,KOE @ BSC,Hertha Berlin,129,0,FC Cologne,122,0,STATUS_FULL_TIME,Olympiastadion Berlin,2020-2021,0,5,15,2021
576840,2021-05-15 13:30:00+00:00,Werder Bremen at FC Augsburg,SVW @ FCA,FC Augsburg,3841,2,Werder Bremen,137,0,STATUS_FULL_TIME,WWK Arena,2020-2021,0,5,15,2021
576839,2021-05-16 16:00:00+00:00,Borussia Dortmund at Mainz,DOR @ M05,Mainz,2950,1,Borussia Dortmund,124,3,STATUS_FULL_TIME,MEWA ARENA,2020-2021,0,5,16,2021
576842,2021-05-16 18:30:00+00:00,VfL Wolfsburg at RB Leipzig,WOB @ RBL,RB Leipzig,11420,2,VfL Wolfsburg,138,2,STATUS_FULL_TIME,Red Bull Arena,2020-2021,0,5,16,2021
576848,2021-05-22 13:30:00+00:00,SC Freiburg at Eintracht Frankfurt,SCF @ SGE,Eintracht Frankfurt,125,3,SC Freiburg,126,1,STATUS_FULL_TIME,Deutsche Bank Park,2020-2021,0,5,22,2021
576852,2021-05-22 13:30:00+00:00,FC Augsburg at Bayern Munich,FCA @ MUN,Bayern Munich,132,5,FC Augsburg,3841,2,STATUS_FULL_TIME,Allianz Arena,2020-2021,0,5,22,2021
576847,2021-05-22 13:30:00+00:00,Bayer Leverkusen at Borussia Dortmund,B04 @ DOR,Borussia Dortmund,124,3,Bayer Leverkusen,131,1,STATUS_FULL_TIME,SIGNAL IDUNA PARK,2020-2021,0,5,22,2021
576849,2021-05-22 13:30:00+00:00,Mainz at VfL Wolfsburg,M05 @ WOB,VfL Wolfsburg,138,2,Mainz,2950,3,STATUS_FULL_TIME,Volkswagen Arena,2020-2021,0,5,22,2021
576846,2021-05-22 13:30:00+00:00,RB Leipzig at 1. FC Union Berlin,RBL @ FCU,1. FC Union Berlin,598,2,RB Leipzig,11420,1,STATUS_FULL_TIME,Stadion An der Alten Försterei,2020-2021,0,5,22,2021
576850,2021-05-22 13:30:00+00:00,Hertha Berlin at TSG Hoffenheim,BSC @ TSG,TSG Hoffenheim,7911,2,Hertha Berlin,129,1,STATUS_FULL_TIME,PreZero Arena,2020-2021,0,5,22,2021
576853,2021-05-22 13:30:00+00:00,Arminia Bielefeld at VfB Stuttgart,DSC @ VFB,VfB Stuttgart,134,0,Arminia Bielefeld,2506,2,STATUS_FULL_TIME,MHPArena,2020-2021,0,5,22,2021
576851,2021-05-22 13:30:00+00:00,Borussia Mönchengladbach at Werder Bremen,BMG @ SVW,Werder Bremen,137,2,Borussia Mönchengladbach,268,4,STATUS_FULL_TIME,Weserstadion,2020-2021,0,5,22,2021
576845,2021-05-22 13:30:00+00:00,Schalke 04 at FC Cologne,S04 @ KOE,FC Cologne,122,1,Schalke 04,133,0,STATUS_FULL_TIME,RheinEnergieStadion,2020-2021,0,5,22,2021
608539,2021-08-13 18:30:00+00:00,Bayern Munich at Borussia Mönchengladbach,MUN @ BMG,Borussia Mönchengladbach,268,1,Bayern Munich,132,1,STATUS_FULL_TIME,BORUSSIA-PARK,2021-2022,0,8,13,2021
608540,2021-08-14 13:30:00+00:00,Bayer Leverkusen at 1. FC Union Berlin,B04 @ FCU,1. FC Union Berlin,598,1,Bayer Leverkusen,131,1,STATUS_FULL_TIME,Stadion An der Alten Försterei,2021-2022,0,8,14,2021
608543,2021-08-14 13:30:00+00:00,SC Freiburg at Arminia Bielefeld,SCF @ DSC,Arminia Bielefeld,2506,0,SC Freiburg,126,0,STATUS_FULL_TIME,SchücoArena,2021-2022,0,8,14,2021
608544,2021-08-14 13:30:00+00:00,TSG Hoffenheim at FC Augsburg,TSG @ FCA,FC Augsburg,3841,0,TSG Hoffenheim,7911,4,STATUS_FULL_TIME,WWK Arena,2021-2022,0,8,14,2021
608545,2021-08-14 13:30:00+00:00,SpVgg Greuther Fürth at VfB Stuttgart,SGF @ VFB,VfB Stuttgart,134,5,SpVgg Greuther Fürth,3070,1,STATUS_FULL_TIME,MHPArena,2021-2022,0,8,14,2021
608542,2021-08-14 13:30:00+00:00,VfL Bochum at VfL Wolfsburg,BOC @ WOB,VfL Wolfsburg,138,1,VfL Bochum,121,0,STATUS_FULL_TIME,Volkswagen Arena,2021-2022,0,8,14,2021
608547,2021-08-14 16:30:00+00:00,Eintracht Frankfurt at Borussia Dortmund,SGE @ DOR,Borussia Dortmund,124,5,Eintracht Frankfurt,125,2,STATUS_FULL_TIME,SIGNAL IDUNA PARK,2021-2022,0,8,14,2021
608546,2021-08-15 13:30:00+00:00,RB Leipzig at Mainz,RBL @ M05,Mainz,2950,1,RB Leipzig,11420,0,STATUS_FULL_TIME,MEWA ARENA,2021-2022,0,8,15,2021
608541,2021-08-15 15:30:00+00:00,Hertha Berlin at FC Cologne,BSC @ KOE,FC Cologne,122,3,Hertha Berlin,129,1,STATUS_FULL_TIME,RheinEnergieStadion,2021-2022,0,8,15,2021
608552,2021-08-20 18:30:00+00:00,VfB Stuttgart at RB Leipzig,VFB @ RBL,RB Leipzig,11420,4,VfB Stuttgart,134,0,STATUS_FULL_TIME,Red Bull Arena,2021-2022,0,8,20,2021
608550,2021-08-21 13:30:00+00:00,FC Augsburg at Eintracht Frankfurt,FCA @ SGE,Eintracht Frankfurt,125,0,FC Augsburg,3841,0,STATUS_FULL_TIME,Deutsche Bank Park,2021-2022,0,8,21,2021
608548,2021-08-21 13:30:00+00:00,VfL Wolfsburg at Hertha Berlin,WOB @ BSC,Hertha Berlin,129,1,VfL Wolfsburg,138,2,STATUS_FULL_TIME,Olympiastadion Berlin,2021-2022,0,8,21,2021
608555,2021-08-21 13:30:00+00:00,Borussia Dortmund at SC Freiburg,DOR @ SCF,SC Freiburg,126,2,Borussia Dortmund,124,1,STATUS_FULL_TIME,Dreisamstadion,2021-2022,0,8,21,2021
608556,2021-08-21 13:30:00+00:00,Arminia Bielefeld at SpVgg Greuther Fürth,DSC @ SGF,SpVgg Greuther Fürth,3070,1,Arminia Bielefeld,2506,1,STATUS_FULL_TIME,Sportpark Ronhof | Thomas Sommer,2021-2022,0,8,21,2021
608553,2021-08-21 13:30:00+00:00,Mainz at VfL Bochum,M05 @ BOC,VfL Bochum,121,2,Mainz,2950,0,STATUS_FULL_TIME,Vonovia Ruhrstadion,2021-2022,0,8,21,2021
608551,2021-08-21 16:30:00+00:00,Borussia Mönchengladbach at Bayer Leverkusen,BMG @ B04,Bayer Leverkusen,131,4,Borussia Mönchengladbach,268,0,STATUS_FULL_TIME,BayArena,2021-2022,0,8,21,2021
608554,2021-08-22 13:30:00+00:00,1. FC Union Berlin at TSG Hoffenheim,FCU @ TSG,TSG Hoffenheim,7911,2,1. FC Union Berlin,598,2,STATUS_FULL_TIME,PreZero Arena,2021-2022,0,8,22,2021
608549,2021-08-22 15:30:00+00:00,FC Cologne at Bayern Munich,KOE @ MUN,Bayern Munich,132,3,FC Cologne,122,2,STATUS_FULL_TIME,Allianz Arena,2021-2022,0,8,22,2021
608560,2021-08-27 18:30:00+00:00,TSG Hoffenheim at Borussia Dortmund,TSG @ DOR,Borussia Dortmund,124,3,TSG Hoffenheim,7911,2,STATUS_FULL_TIME,SIGNAL IDUNA PARK,2021-2022,0,8,27,2021
608564,2021-08-28 13:30:00+00:00,Eintracht Frankfurt at Arminia Bielefeld,SGE @ DSC,Arminia Bielefeld,2506,1,Eintracht Frankfurt,125,1,STATUS_FULL_TIME,SchücoArena,2021-2022,0,8,28,2021
608565,2021-08-28 13:30:00+00:00,SC Freiburg at VfB Stuttgart,SCF @ VFB,VfB Stuttgart,134,2,SC Freiburg,126,3,STATUS_FULL_TIME,MHPArena,2021-2022,0,8,28,2021
608563,2021-08-28 13:30:00+00:00,Bayer Leverkusen at FC Augsburg,B04 @ FCA,FC Augsburg,3841,1,Bayer Leverkusen,131,4,STATUS_FULL_TIME,WWK Arena,2021-2022,0,8,28,2021
608559,2021-08-28 13:30:00+00:00,SpVgg Greuther Fürth at Mainz,SGF @ M05,Mainz,2950,3,SpVgg Greuther Fürth,3070,0,STATUS_FULL_TIME,MEWA ARENA,2021-2022,0,8,28,2021
608557,2021-08-28 13:30:00+00:00,VfL Bochum at FC Cologne,BOC @ KOE,FC Cologne,122,2,VfL Bochum,121,1,STATUS_FULL_TIME,RheinEnergieStadion,2021-2022,0,8,28,2021
608562,2021-08-28 16:30:00+00:00,Hertha Berlin at Bayern Munich,BSC @ MUN,Bayern Munich,132,5,Hertha Berlin,129,0,STATUS_FULL_TIME,Allianz Arena,2021-2022,0,8,28,2021
608558,2021-08-29 13:30:00+00:00,Borussia Mönchengladbach at 1. FC Union Berlin,BMG @ FCU,1. FC Union Berlin,598,2,Borussia Mönchengladbach,268,1,STATUS_FULL_TIME,Stadion An der Alten Försterei,2021-2022,0,8,29,2021
608561,2021-08-29 15:30:00+00:00,RB Leipzig at VfL Wolfsburg,RBL @ WOB,VfL Wolfsburg,138,1,RB Leipzig,11420,0,STATUS_FULL_TIME,Volkswagen Arena,2021-2022,0,8,29,2021
608571,2021-09-11 13:30:00+00:00,FC Augsburg at 1. FC Union Berlin,FCA @ FCU,1. FC Union Berlin,598,0,FC Augsburg,3841,0,STATUS_FULL_TIME,Stadion An der Alten Försterei,2021-2022,0,9,11,2021
608572,2021-09-11 13:30:00+00:00,Borussia Dortmund at Bayer Leverkusen,DOR @ B04,Bayer Leverkusen,131,3,Borussia Dortmund,124,4,STATUS_FULL_TIME,BayArena,2021-2022,0,9,11,2021
608570,2021-09-11 13:30:00+00:00,FC Cologne at SC Freiburg,KOE @ SCF,SC Freiburg,126,1,FC Cologne,122,1,STATUS_FULL_TIME,Dreisamstadion,2021-2022,0,9,11,2021
608566,2021-09-11 13:30:00+00:00,VfL Wolfsburg at SpVgg Greuther Fürth,WOB @ SGF,SpVgg Greuther Fürth,3070,0,VfL Wolfsburg,138,2,STATUS_FULL_TIME,Sportpark Ronhof | Thomas Sommer,2021-2022,0,9,11,2021
608569,2021-09-11 13:30:00+00:00,Mainz at TSG Hoffenheim,M05 @ TSG,TSG Hoffenheim,7911,0,Mainz,2950,2,STATUS_FULL_TIME,PreZero Arena,2021-2022,0,9,11,2021
608567,2021-09-11 16:30:00+00:00,Bayern Munich at RB Leipzig,MUN @ RBL,RB Leipzig,11420,1,Bayern Munich,132,4,STATUS_FULL_TIME,Red Bull Arena,2021-2022,0,9,11,2021
608574,2021-09-12 13:30:00+00:00,VfB Stuttgart at Eintracht Frankfurt,VFB @ SGE,Eintracht Frankfurt,125,1,VfB Stuttgart,134,1,STATUS_FULL_TIME,Deutsche Bank Park,2021-2022,0,9,12,2021
608568,2021-09-12 15:30:00+00:00,Hertha Berlin at VfL Bochum,BSC @ BOC,VfL Bochum,121,1,Hertha Berlin,129,3,STATUS_FULL_TIME,Vonovia Ruhrstadion,2021-2022,0,9,12,2021
608573,2021-09-12 17:30:00+00:00,Arminia Bielefeld at Borussia Mönchengladbach,DSC @ BMG,Borussia Mönchengladbach,268,3,Arminia Bielefeld,2506,1,STATUS_FULL_TIME,BORUSSIA-PARK,2021-2022,0,9,12,2021
608579,2021-09-17 18:30:00+00:00,SpVgg Greuther Fürth at Hertha Berlin,SGF @ BSC,Hertha Berlin,129,2,SpVgg Greuther Fürth,3070,1,STATUS_FULL_TIME,Olympiastadion Berlin,2021-2022,0,9,17,2021
608576,2021-09-18 13:30:00+00:00,TSG Hoffenheim at Arminia Bielefeld,TSG @ DSC,Arminia Bielefeld,2506,0,TSG Hoffenheim,7911,0,STATUS_FULL_TIME,SchücoArena,2021-2022,0,9,18,2021
608582,2021-09-18 13:30:00+00:00,VfL Bochum at Bayern Munich,BOC @ MUN,Bayern Munich,132,7,VfL Bochum,121,0,STATUS_FULL_TIME,Allianz Arena,2021-2022,0,9,18,2021
608575,2021-09-18 13:30:00+00:00,Borussia Mönchengladbach at FC Augsburg,BMG @ FCA,FC Augsburg,3841,1,Borussia Mönchengladbach,268,0,STATUS_FULL_TIME,WWK Arena,2021-2022,0,9,18,2021
608580,2021-09-18 13:30:00+00:00,SC Freiburg at Mainz,SCF @ M05,Mainz,2950,0,SC Freiburg,126,0,STATUS_FULL_TIME,MEWA ARENA,2021-2022,0,9,18,2021
608581,2021-09-18 16:30:00+00:00,RB Leipzig at FC Cologne,RBL @ KOE,FC Cologne,122,1,RB Leipzig,11420,1,STATUS_FULL_TIME,RheinEnergieStadion,2021-2022,0,9,18,2021
608577,2021-09-19 13:30:00+00:00,Bayer Leverkusen at VfB Stuttgart,B04 @ VFB,VfB Stuttgart,134,1,Bayer Leverkusen,131,3,STATUS_FULL_TIME,MHPArena,2021-2022,0,9,19,2021
608583,2021-09-19 15:30:00+00:00,1. FC Union Berlin at Borussia Dortmund,FCU @ DOR,Borussia Dortmund,124,4,1. FC Union Berlin,598,2,STATUS_FULL_TIME,SIGNAL IDUNA PARK,2021-2022,0,9,19,2021
608578,2021-09-19 17:30:00+00:00,Eintracht Frankfurt at VfL Wolfsburg,SGE @ WOB,VfL Wolfsburg,138,1,Eintracht Frankfurt,125,1,STATUS_FULL_TIME,Volkswagen Arena,2021-2022,0,9,19,2021
608584,2021-09-24 18:30:00+00:00,Bayern Munich at SpVgg Greuther Fürth,MUN @ SGF,SpVgg Greuther Fürth,3070,1,Bayern Munich,132,3,STATUS_FULL_TIME,Sportpark Ronhof | Thomas Sommer,2021-2022,0,9,24,2021
608586,2021-09-25 13:30:00+00:00,FC Cologne at Eintracht Frankfurt,KOE @ SGE,Eintracht Frankfurt,125,1,FC Cologne,122,1,STATUS_FULL_TIME,Deutsche Bank Park,2021-2022,0,9,25,2021
608589,2021-09-25 13:30:00+00:00,Arminia Bielefeld at 1. FC Union Berlin,DSC @ FCU,1. FC Union Berlin,598,1,Arminia Bielefeld,2506,0,STATUS_FULL_TIME,Stadion An der Alten Försterei,2021-2022,0,9,25,2021
608585,2021-09-25 13:30:00+00:00,Hertha Berlin at RB Leipzig,BSC @ RBL,RB Leipzig,11420,6,Hertha Berlin,129,0,STATUS_FULL_TIME,Red Bull Arena,2021-2022,0,9,25,2021
608591,2021-09-25 13:30:00+00:00,VfL Wolfsburg at TSG Hoffenheim,WOB @ TSG,TSG Hoffenheim,7911,3,VfL Wolfsburg,138,1,STATUS_FULL_TIME,PreZero Arena,2021-2022,0,9,25,2021
608588,2021-09-25 13:30:00+00:00,Mainz at Bayer Leverkusen,M05 @ B04,Bayer Leverkusen,131,1,Mainz,2950,0,STATUS_FULL_TIME,BayArena,2021-2022,0,9,25,2021
608587,2021-09-25 16:30:00+00:00,Borussia Dortmund at Borussia Mönchengladbach,DOR @ BMG,Borussia Mönchengladbach,268,1,Borussia Dortmund,124,0,STATUS_FULL_TIME,BORUSSIA-PARK,2021-2022,0,9,25,2021
608592,2021-09-26 13:30:00+00:00,VfB Stuttgart at VfL Bochum,VFB @ BOC,VfL Bochum,121,0,VfB Stuttgart,134,0,STATUS_FULL_TIME,Vonovia Ruhrstadion,2021-2022,0,9,26,2021
608590,2021-09-26 15:30:00+00:00,FC Augsburg at SC Freiburg,FCA @ SCF,SC Freiburg,126,3,FC Augsburg,3841,0,STATUS_FULL_TIME,Dreisamstadion,2021-2022,0,9,26,2021
608600,2021-10-01 18:30:00+00:00,SpVgg Greuther Fürth at FC Cologne,SGF @ KOE,FC Cologne,122,3,SpVgg Greuther Fürth,3070,1,STATUS_FULL_TIME,RheinEnergieStadion,2021-2022,0,10,1,2021
608595,2021-10-02 13:30:00+00:00,SC Freiburg at Hertha Berlin,SCF @ BSC,Hertha Berlin,129,1,SC Freiburg,126,2,STATUS_FULL_TIME,Olympiastadion Berlin,2021-2022,0,10,2,2021
608593,2021-10-02 13:30:00+00:00,TSG Hoffenheim at VfB Stuttgart,TSG @ VFB,VfB Stuttgart,134,3,TSG Hoffenheim,7911,1,STATUS_FULL_TIME,MHPArena,2021-2022,0,10,2,2021
608598,2021-10-02 13:30:00+00:00,FC Augsburg at Borussia Dortmund,FCA @ DOR,Borussia Dortmund,124,2,FC Augsburg,3841,1,STATUS_FULL_TIME,SIGNAL IDUNA PARK,2021-2022,0,10,2,2021
608597,2021-10-02 13:30:00+00:00,Borussia Mönchengladbach at VfL Wolfsburg,BMG @ WOB,VfL Wolfsburg,138,1,Borussia Mönchengladbach,268,3,STATUS_FULL_TIME,Volkswagen Arena,2021-2022,0,10,2,2021
608594,2021-10-02 16:30:00+00:00,VfL Bochum at RB Leipzig,BOC @ RBL,RB Leipzig,11420,3,VfL Bochum,121,0,STATUS_FULL_TIME,Red Bull Arena,2021-2022,0,10,2,2021
608599,2021-10-03 13:30:00+00:00,1. FC Union Berlin at Mainz,FCU @ M05,Mainz,2950,1,1. FC Union Berlin,598,2,STATUS_FULL_TIME,MEWA ARENA,2021-2022,0,10,3,2021
608596,2021-10-03 15:30:00+00:00,Eintracht Frankfurt at Bayern Munich,SGE @ MUN,Bayern Munich,132,1,Eintracht Frankfurt,125,2,STATUS_FULL_TIME,Allianz Arena,2021-2022,0,10,3,2021
608601,2021-10-03 17:30:00+00:00,Bayer Leverkusen at Arminia Bielefeld,B04 @ DSC,Arminia Bielefeld,2506,0,Bayer Leverkusen,131,4,STATUS_FULL_TIME,SchücoArena,2021-2022,0,10,3,2021
608610,2021-10-15 18:30:00+00:00,FC Cologne at TSG Hoffenheim,KOE @ TSG,TSG Hoffenheim,7911,5,FC Cologne,122,0,STATUS_FULL_TIME,PreZero Arena,2021-2022,0,10,15,2021
608609,2021-10-16 13:30:00+00:00,VfL Wolfsburg at 1. FC Union Berlin,WOB @ FCU,1. FC Union Berlin,598,2,VfL Wolfsburg,138,0,STATUS_FULL_TIME,Stadion An der Alten Försterei,2021-2022,0,10,16,2021
608607,2021-10-16 13:30:00+00:00,Mainz at Borussia Dortmund,M05 @ DOR,Borussia Dortmund,124,3,Mainz,2950,1,STATUS_FULL_TIME,SIGNAL IDUNA PARK,2021-2022,0,10,16,2021
608605,2021-10-16 13:30:00+00:00,Hertha Berlin at Eintracht Frankfurt,BSC @ SGE,Eintracht Frankfurt,125,1,Hertha Berlin,129,2,STATUS_FULL_TIME,Deutsche Bank Park,2021-2022,0,10,16,2021
608602,2021-10-16 13:30:00+00:00,RB Leipzig at SC Freiburg,RBL @ SCF,SC Freiburg,126,1,RB Leipzig,11420,1,STATUS_FULL_TIME,Europa-Park Stadion,2021-2022,0,10,16,2021
608603,2021-10-16 13:30:00+00:00,VfL Bochum at SpVgg Greuther Fürth,BOC @ SGF,SpVgg Greuther Fürth,3070,0,VfL Bochum,121,1,STATUS_FULL_TIME,Sportpark Ronhof | Thomas Sommer,2021-2022,0,10,16,2021
608606,2021-10-16 16:30:00+00:00,VfB Stuttgart at Borussia Mönchengladbach,VFB @ BMG,Borussia Mönchengladbach,268,1,VfB Stuttgart,134,1,STATUS_FULL_TIME,BORUSSIA-PARK,2021-2022,0,10,16,2021
608608,2021-10-17 13:30:00+00:00,Bayern Munich at Bayer Leverkusen,MUN @ B04,Bayer Leverkusen,131,1,Bayern Munich,132,5,STATUS_FULL_TIME,BayArena,2021-2022,0,10,17,2021
608604,2021-10-17 15:30:00+00:00,Arminia Bielefeld at FC Augsburg,DSC @ FCA,FC Augsburg,3841,1,Arminia Bielefeld,2506,1,STATUS_FULL_TIME,WWK Arena,2021-2022,0,10,17,2021
608612,2021-10-22 18:30:00+00:00,FC Augsburg at Mainz,FCA @ M05,Mainz,2950,4,FC Augsburg,3841,1,STATUS_FULL_TIME,MEWA ARENA,2021-2022,0,10,22,2021
608619,2021-10-23 13:30:00+00:00,Borussia Dortmund at Arminia Bielefeld,DOR @ DSC,Arminia Bielefeld,2506,1,Borussia Dortmund,124,3,STATUS_FULL_TIME,SchücoArena,2021-2022,0,10,23,2021
608618,2021-10-23 13:30:00+00:00,TSG Hoffenheim at Bayern Munich,TSG @ MUN,Bayern Munich,132,4,TSG Hoffenheim,7911,0,STATUS_FULL_TIME,Allianz Arena,2021-2022,0,10,23,2021
608616,2021-10-23 13:30:00+00:00,SpVgg Greuther Fürth at RB Leipzig,SGF @ RBL,RB Leipzig,11420,4,SpVgg Greuther Fürth,3070,1,STATUS_FULL_TIME,Red Bull Arena,2021-2022,0,10,23,2021
608613,2021-10-23 13:30:00+00:00,SC Freiburg at VfL Wolfsburg,SCF @ WOB,VfL Wolfsburg,138,0,SC Freiburg,126,2,STATUS_FULL_TIME,Volkswagen Arena,2021-2022,0,10,23,2021
608617,2021-10-23 16:30:00+00:00,Borussia Mönchengladbach at Hertha Berlin,BMG @ BSC,Hertha Berlin,129,1,Borussia Mönchengladbach,268,0,STATUS_FULL_TIME,Olympiastadion Berlin,2021-2022,0,10,23,2021
608611,2021-10-24 13:30:00+00:00,Bayer Leverkusen at FC Cologne,B04 @ KOE,FC Cologne,122,2,Bayer Leverkusen,131,2,STATUS_FULL_TIME,RheinEnergieStadion,2021-2022,0,10,24,2021
608615,2021-10-24 15:30:00+00:00,1. FC Union Berlin at VfB Stuttgart,FCU @ VFB,VfB Stuttgart,134,1,1. FC Union Berlin,598,1,STATUS_FULL_TIME,MHPArena,2021-2022,0,10,24,2021
608614,2021-10-24 17:30:00+00:00,Eintracht Frankfurt at VfL Bochum,SGE @ BOC,VfL Bochum,121,2,Eintracht Frankfurt,125,0,STATUS_FULL_TIME,Vonovia Ruhrstadion,2021-2022,0,10,24,2021
608624,2021-10-29 18:30:00+00:00,Hertha Berlin at TSG Hoffenheim,BSC @ TSG,TSG Hoffenheim,7911,2,Hertha Berlin,129,0,STATUS_FULL_TIME,PreZero Arena,2021-2022,0,10,29,2021
608627,2021-10-30 13:30:00+00:00,VfL Wolfsburg at Bayer Leverkusen,WOB @ B04,Bayer Leverkusen,131,0,VfL Wolfsburg,138,2,STATUS_FULL_TIME,BayArena,2021-2022,0,10,30,2021
608620,2021-10-30 13:30:00+00:00,Bayern Munich at 1. FC Union Berlin,MUN @ FCU,1. FC Union Berlin,598,2,Bayern Munich,132,5,STATUS_FULL_TIME,Stadion An der Alten Försterei,2021-2022,0,10,30,2021
608626,2021-10-30 13:30:00+00:00,FC Cologne at Borussia Dortmund,KOE @ DOR,Borussia Dortmund,124,2,FC Cologne,122,0,STATUS_FULL_TIME,SIGNAL IDUNA PARK,2021-2022,0,10,30,2021
608621,2021-10-30 13:30:00+00:00,SpVgg Greuther Fürth at SC Freiburg,SGF @ SCF,SC Freiburg,126,3,SpVgg Greuther Fürth,3070,1,STATUS_FULL_TIME,Europa-Park Stadion,2021-2022,0,10,30,2021
608628,2021-10-30 13:30:00+00:00,Mainz at Arminia Bielefeld,M05 @ DSC,Arminia Bielefeld,2506,1,Mainz,2950,2,STATUS_FULL_TIME,SchücoArena,2021-2022,0,10,30,2021
608623,2021-10-30 16:30:00+00:00,RB Leipzig at Eintracht Frankfurt,RBL @ SGE,Eintracht Frankfurt,125,1,RB Leipzig,11420,1,STATUS_FULL_TIME,Deutsche Bank Park,2021-2022,0,10,30,2021
608622,2021-10-31 14:30:00+00:00,VfB Stuttgart at FC Augsburg,VFB @ FCA,FC Augsburg,3841,4,VfB Stuttgart,134,1,STATUS_FULL_TIME,WWK Arena,2021-2022,0,10,31,2021
608625,2021-10-31 16:30:00+00:00,VfL Bochum at Borussia Mönchengladbach,BOC @ BMG,Borussia Mönchengladbach,268,2,VfL Bochum,121,1,STATUS_FULL_TIME,BORUSSIA-PARK,2021-2022,0,10,31,2021
608631,2021-11-05 19:30:00+00:00,Borussia Mönchengladbach at Mainz,BMG @ M05,Mainz,2950,1,Borussia Mönchengladbach,268,1,STATUS_FULL_TIME,MEWA ARENA,2021-2022,0,11,5,2021
608636,2021-11-06 14:30:00+00:00,TSG Hoffenheim at VfL Bochum,TSG @ BOC,VfL Bochum,121,2,TSG Hoffenheim,7911,0,STATUS_FULL_TIME,Vonovia Ruhrstadion,2021-2022,0,11,6,2021
608633,2021-11-06 14:30:00+00:00,FC Augsburg at VfL Wolfsburg,FCA @ WOB,VfL Wolfsburg,138,1,FC Augsburg,3841,0,STATUS_FULL_TIME,Volkswagen Arena,2021-2022,0,11,6,2021
608630,2021-11-06 14:30:00+00:00,SC Freiburg at Bayern Munich,SCF @ MUN,Bayern Munich,132,2,SC Freiburg,126,1,STATUS_FULL_TIME,Allianz Arena,2021-2022,0,11,6,2021
608635,2021-11-06 14:30:00+00:00,Arminia Bielefeld at VfB Stuttgart,DSC @ VFB,VfB Stuttgart,134,0,Arminia Bielefeld,2506,1,STATUS_FULL_TIME,MHPArena,2021-2022,0,11,6,2021
608637,2021-11-06 17:30:00+00:00,Borussia Dortmund at RB Leipzig,DOR @ RBL,RB Leipzig,11420,2,Borussia Dortmund,124,1,STATUS_FULL_TIME,Red Bull Arena,2021-2022,0,11,6,2021
608629,2021-11-07 14:30:00+00:00,Bayer Leverkusen at Hertha Berlin,B04 @ BSC,Hertha Berlin,129,1,Bayer Leverkusen,131,1,STATUS_FULL_TIME,Olympiastadion Berlin,2021-2022,0,11,7,2021
608632,2021-11-07 16:30:00+00:00,1. FC Union Berlin at FC Cologne,FCU @ KOE,FC Cologne,122,2,1. FC Union Berlin,598,2,STATUS_FULL_TIME,RheinEnergieStadion,2021-2022,0,11,7,2021
608634,2021-11-07 18:30:00+00:00,Eintracht Frankfurt at SpVgg Greuther Fürth,SGE @ SGF,SpVgg Greuther Fürth,3070,1,Eintracht Frankfurt,125,2,STATUS_FULL_TIME,Sportpark Ronhof | Thomas Sommer,2021-2022,0,11,7,2021
608645,2021-11-19 19:30:00+00:00,Bayern Munich at FC Augsburg,MUN @ FCA,FC Augsburg,3841,2,Bayern Munich,132,1,STATUS_FULL_TIME,WWK Arena,2021-2022,0,11,19,2021
608646,2021-11-20 14:30:00+00:00,VfL Wolfsburg at Arminia Bielefeld,WOB @ DSC,Arminia Bielefeld,2506,2,VfL Wolfsburg,138,2,STATUS_FULL_TIME,SchücoArena,2021-2022,0,11,20,2021
608639,2021-11-20 14:30:00+00:00,VfL Bochum at Bayer Leverkusen,BOC @ B04,Bayer Leverkusen,131,1,VfL Bochum,121,0,STATUS_FULL_TIME,BayArena,2021-2022,0,11,20,2021
608638,2021-11-20 14:30:00+00:00,VfB Stuttgart at Borussia Dortmund,VFB @ DOR,Borussia Dortmund,124,2,VfB Stuttgart,134,1,STATUS_FULL_TIME,SIGNAL IDUNA PARK,2021-2022,0,11,20,2021
608642,2021-11-20 14:30:00+00:00,SpVgg Greuther Fürth at Borussia Mönchengladbach,SGF @ BMG,Borussia Mönchengladbach,268,4,SpVgg Greuther Fürth,3070,0,STATUS_FULL_TIME,BORUSSIA-PARK,2021-2022,0,11,20,2021
608643,2021-11-20 14:30:00+00:00,RB Leipzig at TSG Hoffenheim,RBL @ TSG,TSG Hoffenheim,7911,2,RB Leipzig,11420,0,STATUS_FULL_TIME,PreZero Arena,2021-2022,0,11,20,2021
608641,2021-11-20 17:30:00+00:00,Hertha Berlin at 1. FC Union Berlin,BSC @ FCU,1. FC Union Berlin,598,2,Hertha Berlin,129,0,STATUS_FULL_TIME,Stadion An der Alten Försterei,2021-2022,0,11,20,2021
608644,2021-11-21 14:30:00+00:00,Eintracht Frankfurt at SC Freiburg,SGE @ SCF,SC Freiburg,126,0,Eintracht Frankfurt,125,2,STATUS_FULL_TIME,Europa-Park Stadion,2021-2022,0,11,21,2021
608640,2021-11-21 16:30:00+00:00,FC Cologne at Mainz,KOE @ M05,Mainz,2950,1,FC Cologne,122,1,STATUS_FULL_TIME,MEWA ARENA,2021-2022,0,11,21,2021
608652,2021-11-26 19:30:00+00:00,Mainz at VfB Stuttgart,M05 @ VFB,VfB Stuttgart,134,2,Mainz,2950,1,STATUS_FULL_TIME,MHPArena,2021-2022,0,11,26,2021
608647,2021-11-27 14:30:00+00:00,Borussia Mönchengladbach at FC Cologne,BMG @ KOE,FC Cologne,122,4,Borussia Mönchengladbach,268,1,STATUS_FULL_TIME,RheinEnergieStadion,2021-2022,0,11,27,2021
608650,2021-11-27 14:30:00+00:00,FC Augsburg at Hertha Berlin,FCA @ BSC,Hertha Berlin,129,1,FC Augsburg,3841,1,STATUS_FULL_TIME,Olympiastadion Berlin,2021-2022,0,11,27,2021
608653,2021-11-27 14:30:00+00:00,TSG Hoffenheim at SpVgg Greuther Fürth,TSG @ SGF,SpVgg Greuther Fürth,3070,3,TSG Hoffenheim,7911,6,STATUS_FULL_TIME,Sportpark Ronhof | Thomas Sommer,2021-2022,0,11,27,2021
608655,2021-11-27 14:30:00+00:00,SC Freiburg at VfL Bochum,SCF @ BOC,VfL Bochum,121,2,SC Freiburg,126,1,STATUS_FULL_TIME,Vonovia Ruhrstadion,2021-2022,0,11,27,2021
608651,2021-11-27 14:30:00+00:00,Borussia Dortmund at VfL Wolfsburg,DOR @ WOB,VfL Wolfsburg,138,1,Borussia Dortmund,124,3,STATUS_FULL_TIME,Volkswagen Arena,2021-2022,0,11,27,2021
608649,2021-11-27 17:30:00+00:00,Arminia Bielefeld at Bayern Munich,DSC @ MUN,Bayern Munich,132,1,Arminia Bielefeld,2506,0,STATUS_FULL_TIME,Allianz Arena,2021-2022,0,11,27,2021
608648,2021-11-28 14:30:00+00:00,1. FC Union Berlin at Eintracht Frankfurt,FCU @ SGE,Eintracht Frankfurt,125,2,1. FC Union Berlin,598,1,STATUS_FULL_TIME,Deutsche Bank Park,2021-2022,0,11,28,2021
608654,2021-11-28 16:30:00+00:00,Bayer Leverkusen at RB Leipzig,B04 @ RBL,RB Leipzig,11420,1,Bayer Leverkusen,131,3,STATUS_FULL_TIME,Red Bull Arena,2021-2022,0,11,28,2021
608656,2021-12-03 19:30:00+00:00,RB Leipzig at 1. FC Union Berlin,RBL @ FCU,1. FC Union Berlin,598,2,RB Leipzig,11420,1,STATUS_FULL_TIME,Stadion An der Alten Försterei,2021-2022,0,12,3,2021
608660,2021-12-04 14:30:00+00:00,VfL Bochum at FC Augsburg,BOC @ FCA,FC Augsburg,3841,2,VfL Bochum,121,3,STATUS_FULL_TIME,WWK Arena,2021-2022,0,12,4,2021
608664,2021-12-04 14:30:00+00:00,SpVgg Greuther Fürth at Bayer Leverkusen,SGF @ B04,Bayer Leverkusen,131,7,SpVgg Greuther Fürth,3070,1,STATUS_FULL_TIME,BayArena,2021-2022,0,12,4,2021
608659,2021-12-04 14:30:00+00:00,Eintracht Frankfurt at TSG Hoffenheim,SGE @ TSG,TSG Hoffenheim,7911,3,Eintracht Frankfurt,125,2,STATUS_FULL_TIME,PreZero Arena,2021-2022,0,12,4,2021
608657,2021-12-04 14:30:00+00:00,VfL Wolfsburg at Mainz,WOB @ M05,Mainz,2950,3,VfL Wolfsburg,138,0,STATUS_FULL_TIME,MEWA ARENA,2021-2022,0,12,4,2021
608661,2021-12-04 14:30:00+00:00,FC Cologne at Arminia Bielefeld,KOE @ DSC,Arminia Bielefeld,2506,1,FC Cologne,122,1,STATUS_FULL_TIME,SchücoArena,2021-2022,0,12,4,2021
608663,2021-12-04 17:30:00+00:00,Bayern Munich at Borussia Dortmund,MUN @ DOR,Borussia Dortmund,124,2,Bayern Munich,132,3,STATUS_FULL_TIME,SIGNAL IDUNA PARK,2021-2022,0,12,4,2021
608658,2021-12-05 14:30:00+00:00,Hertha Berlin at VfB Stuttgart,BSC @ VFB,VfB Stuttgart,134,2,Hertha Berlin,129,2,STATUS_FULL_TIME,MHPArena,2021-2022,0,12,5,2021
608662,2021-12-05 16:30:00+00:00,SC Freiburg at Borussia Mönchengladbach,SCF @ BMG,Borussia Mönchengladbach,268,0,SC Freiburg,126,6,STATUS_FULL_TIME,BORUSSIA-PARK,2021-2022,0,12,5,2021
608665,2021-12-10 19:30:00+00:00,FC Augsburg at FC Cologne,FCA @ KOE,FC Cologne,122,0,FC Augsburg,3841,2,STATUS_FULL_TIME,RheinEnergieStadion,2021-2022,0,12,10,2021
608671,2021-12-11 14:30:00+00:00,Mainz at Bayern Munich,M05 @ MUN,Bayern Munich,132,2,Mainz,2950,1,STATUS_FULL_TIME,Allianz Arena,2021-2022,0,12,11,2021
608666,2021-12-11 14:30:00+00:00,Borussia Dortmund at VfL Bochum,DOR @ BOC,VfL Bochum,121,1,Borussia Dortmund,124,1,STATUS_FULL_TIME,Vonovia Ruhrstadion,2021-2022,0,12,11,2021
608670,2021-12-11 14:30:00+00:00,Arminia Bielefeld at Hertha Berlin,DSC @ BSC,Hertha Berlin,129,2,Arminia Bielefeld,2506,0,STATUS_FULL_TIME,Olympiastadion Berlin,2021-2022,0,12,11,2021
608667,2021-12-11 14:30:00+00:00,TSG Hoffenheim at SC Freiburg,TSG @ SCF,SC Freiburg,126,1,TSG Hoffenheim,7911,2,STATUS_FULL_TIME,Europa-Park Stadion,2021-2022,0,12,11,2021
608673,2021-12-11 14:30:00+00:00,Borussia Mönchengladbach at RB Leipzig,BMG @ RBL,RB Leipzig,11420,4,Borussia Mönchengladbach,268,1,STATUS_FULL_TIME,Red Bull Arena,2021-2022,0,12,11,2021
608669,2021-12-11 17:30:00+00:00,VfB Stuttgart at VfL Wolfsburg,VFB @ WOB,VfL Wolfsburg,138,0,VfB Stuttgart,134,2,STATUS_FULL_TIME,Volkswagen Arena,2021-2022,0,12,11,2021
608668,2021-12-12 14:30:00+00:00,1. FC Union Berlin at SpVgg Greuther Fürth,FCU @ SGF,SpVgg Greuther Fürth,3070,1,1. FC Union Berlin,598,0,STATUS_FULL_TIME,Sportpark Ronhof | Thomas Sommer,2021-2022,0,12,12,2021
608672,2021-12-12 16:30:00+00:00,Bayer Leverkusen at Eintracht Frankfurt,B04 @ SGE,Eintracht Frankfurt,125,5,Bayer Leverkusen,131,2,STATUS_FULL_TIME,Deutsche Bank Park,2021-2022,0,12,12,2021
608679,2021-12-14 17:30:00+00:00,Bayern Munich at VfB Stuttgart,MUN @ VFB,VfB Stuttgart,134,0,Bayern Munich,132,5,STATUS_FULL_TIME,MHPArena,2021-2022,0,12,14,2021
608677,2021-12-14 19:30:00+00:00,VfL Bochum at Arminia Bielefeld,BOC @ DSC,Arminia Bielefeld,2506,2,VfL Bochum,121,0,STATUS_FULL_TIME,SchücoArena,2021-2022,0,12,14,2021
608682,2021-12-14 19:30:00+00:00,Hertha Berlin at Mainz,BSC @ M05,Mainz,2950,4,Hertha Berlin,129,0,STATUS_FULL_TIME,MEWA ARENA,2021-2022,0,12,14,2021
608680,2021-12-14 19:30:00+00:00,FC Cologne at VfL Wolfsburg,KOE @ WOB,VfL Wolfsburg,138,2,FC Cologne,122,3,STATUS_FULL_TIME,Volkswagen Arena,2021-2022,0,12,14,2021
608676,2021-12-15 17:30:00+00:00,Eintracht Frankfurt at Borussia Mönchengladbach,SGE @ BMG,Borussia Mönchengladbach,268,2,Eintracht Frankfurt,125,3,STATUS_FULL_TIME,BORUSSIA-PARK,2021-2022,0,12,15,2021
608674,2021-12-15 19:30:00+00:00,TSG Hoffenheim at Bayer Leverkusen,TSG @ B04,Bayer Leverkusen,131,2,TSG Hoffenheim,7911,2,STATUS_FULL_TIME,BayArena,2021-2022,0,12,15,2021
608681,2021-12-15 19:30:00+00:00,SC Freiburg at 1. FC Union Berlin,SCF @ FCU,1. FC Union Berlin,598,0,SC Freiburg,126,0,STATUS_FULL_TIME,Stadion An der Alten Försterei,2021-2022,0,12,15,2021
608678,2021-12-15 19:30:00+00:00,RB Leipzig at FC Augsburg,RBL @ FCA,FC Augsburg,3841,1,RB Leipzig,11420,1,STATUS_FULL_TIME,WWK Arena,2021-2022,0,12,15,2021
608675,2021-12-15 19:30:00+00:00,SpVgg Greuther Fürth at Borussia Dortmund,SGF @ DOR,Borussia Dortmund,124,3,SpVgg Greuther Fürth,3070,0,STATUS_FULL_TIME,SIGNAL IDUNA PARK,2021-2022,0,12,15,2021
608685,2021-12-17 19:30:00+00:00,VfL Wolfsburg at Bayern Munich,WOB @ MUN,Bayern Munich,132,4,VfL Wolfsburg,138,0,STATUS_FULL_TIME,Allianz Arena,2021-2022,0,12,17,2021
608684,2021-12-18 14:30:00+00:00,Mainz at Eintracht Frankfurt,M05 @ SGE,Eintracht Frankfurt,125,1,Mainz,2950,0,STATUS_FULL_TIME,Deutsche Bank Park,2021-2022,0,12,18,2021
608691,2021-12-18 14:30:00+00:00,Arminia Bielefeld at RB Leipzig,DSC @ RBL,RB Leipzig,11420,0,Arminia Bielefeld,2506,2,STATUS_FULL_TIME,Red Bull Arena,2021-2022,0,12,18,2021
608688,2021-12-18 14:30:00+00:00,FC Augsburg at SpVgg Greuther Fürth,FCA @ SGF,SpVgg Greuther Fürth,3070,0,FC Augsburg,3841,0,STATUS_FULL_TIME,Sportpark Ronhof | Thomas Sommer,2021-2022,0,12,18,2021
608690,2021-12-18 14:30:00+00:00,Borussia Mönchengladbach at TSG Hoffenheim,BMG @ TSG,TSG Hoffenheim,7911,1,Borussia Mönchengladbach,268,1,STATUS_FULL_TIME,PreZero Arena,2021-2022,0,12,18,2021
608687,2021-12-18 14:30:00+00:00,1. FC Union Berlin at VfL Bochum,FCU @ BOC,VfL Bochum,121,0,1. FC Union Berlin,598,1,STATUS_FULL_TIME,Vonovia Ruhrstadion,2021-2022,0,12,18,2021
608686,2021-12-18 17:30:00+00:00,Borussia Dortmund at Hertha Berlin,DOR @ BSC,Hertha Berlin,129,3,Borussia Dortmund,124,2,STATUS_FULL_TIME,Olympiastadion Berlin,2021-2022,0,12,18,2021
608689,2021-12-19 14:30:00+00:00,Bayer Leverkusen at SC Freiburg,B04 @ SCF,SC Freiburg,126,2,Bayer Leverkusen,131,1,STATUS_FULL_TIME,Europa-Park Stadion,2021-2022,0,12,19,2021
608683,2021-12-19 16:30:00+00:00,VfB Stuttgart at FC Cologne,VFB @ KOE,FC Cologne,122,1,VfB Stuttgart,134,0,STATUS_FULL_TIME,RheinEnergieStadion,2021-2022,0,12,19,2021
608693,2022-01-07 19:30:00+00:00,Borussia Mönchengladbach at Bayern Munich,BMG @ MUN,Bayern Munich,132,1,Borussia Mönchengladbach,268,2,STATUS_FULL_TIME,Allianz Arena,2021-2022,0,1,7,2022
608695,2022-01-08 14:30:00+00:00,1. FC Union Berlin at Bayer Leverkusen,FCU @ B04,Bayer Leverkusen,131,2,1. FC Union Berlin,598,2,STATUS_FULL_TIME,BayArena,2021-2022,0,1,8,2022
608698,2022-01-08 14:30:00+00:00,Arminia Bielefeld at SC Freiburg,DSC @ SCF,SC Freiburg,126,2,Arminia Bielefeld,2506,2,STATUS_FULL_TIME,Europa-Park Stadion,2021-2022,0,1,8,2022
608697,2022-01-08 14:30:00+00:00,VfB Stuttgart at SpVgg Greuther Fürth,VFB @ SGF,SpVgg Greuther Fürth,3070,0,VfB Stuttgart,134,0,STATUS_FULL_TIME,Sportpark Ronhof | Thomas Sommer,2021-2022,0,1,8,2022
608700,2022-01-08 14:30:00+00:00,Mainz at RB Leipzig,M05 @ RBL,RB Leipzig,11420,4,Mainz,2950,1,STATUS_FULL_TIME,Red Bull Arena,2021-2022,0,1,8,2022
608699,2022-01-08 14:30:00+00:00,FC Augsburg at TSG Hoffenheim,FCA @ TSG,TSG Hoffenheim,7911,3,FC Augsburg,3841,1,STATUS_FULL_TIME,PreZero Arena,2021-2022,0,1,8,2022
608694,2022-01-08 17:30:00+00:00,Borussia Dortmund at Eintracht Frankfurt,DOR @ SGE,Eintracht Frankfurt,125,2,Borussia Dortmund,124,3,STATUS_FULL_TIME,Deutsche Bank Park,2021-2022,0,1,8,2022
608692,2022-01-09 14:30:00+00:00,FC Cologne at Hertha Berlin,KOE @ BSC,Hertha Berlin,129,1,FC Cologne,122,3,STATUS_FULL_TIME,Olympiastadion Berlin,2021-2022,0,1,9,2022
608696,2022-01-09 16:30:00+00:00,VfL Wolfsburg at VfL Bochum,WOB @ BOC,VfL Bochum,121,1,VfL Wolfsburg,138,0,STATUS_FULL_TIME,Vonovia Ruhrstadion,2021-2022,0,1,9,2022
608701,2022-01-14 19:30:00+00:00,SC Freiburg at Borussia Dortmund,SCF @ DOR,Borussia Dortmund,124,5,SC Freiburg,126,1,STATUS_FULL_TIME,SIGNAL IDUNA PARK,2021-2022,0,1,14,2022
608703,2022-01-15 14:30:00+00:00,TSG Hoffenheim at 1. FC Union Berlin,TSG @ FCU,1. FC Union Berlin,598,2,TSG Hoffenheim,7911,1,STATUS_FULL_TIME,Stadion An der Alten Försterei,2021-2022,0,1,15,2022
608706,2022-01-15 14:30:00+00:00,Hertha Berlin at VfL Wolfsburg,BSC @ WOB,VfL Wolfsburg,138,0,Hertha Berlin,129,0,STATUS_FULL_TIME,Volkswagen Arena,2021-2022,0,1,15,2022
608704,2022-01-15 14:30:00+00:00,Bayern Munich at FC Cologne,MUN @ KOE,FC Cologne,122,0,Bayern Munich,132,4,STATUS_FULL_TIME,RheinEnergieStadion,2021-2022,0,1,15,2022
608707,2022-01-15 14:30:00+00:00,RB Leipzig at VfB Stuttgart,RBL @ VFB,VfB Stuttgart,134,0,RB Leipzig,11420,2,STATUS_FULL_TIME,MHPArena,2021-2022,0,1,15,2022
608702,2022-01-15 14:30:00+00:00,VfL Bochum at Mainz,BOC @ M05,Mainz,2950,1,VfL Bochum,121,0,STATUS_FULL_TIME,MEWA ARENA,2021-2022,0,1,15,2022
608705,2022-01-15 17:30:00+00:00,Bayer Leverkusen at Borussia Mönchengladbach,B04 @ BMG,Borussia Mönchengladbach,268,1,Bayer Leverkusen,131,2,STATUS_FULL_TIME,BORUSSIA-PARK,2021-2022,0,1,15,2022
608708,2022-01-16 14:30:00+00:00,Eintracht Frankfurt at FC Augsburg,SGE @ FCA,FC Augsburg,3841,1,Eintracht Frankfurt,125,1,STATUS_FULL_TIME,WWK Arena,2021-2022,0,1,16,2022
608709,2022-01-16 16:30:00+00:00,SpVgg Greuther Fürth at Arminia Bielefeld,SGF @ DSC,Arminia Bielefeld,2506,2,SpVgg Greuther Fürth,3070,2,STATUS_FULL_TIME,SchücoArena,2021-2022,0,1,16,2022
608712,2022-01-21 19:30:00+00:00,Arminia Bielefeld at Eintracht Frankfurt,DSC @ SGE,Eintracht Frankfurt,125,0,Arminia Bielefeld,2506,2,STATUS_FULL_TIME,Deutsche Bank Park,2021-2022,0,1,21,2022
608710,2022-01-22 14:30:00+00:00,FC Augsburg at Bayer Leverkusen,FCA @ B04,Bayer Leverkusen,131,5,FC Augsburg,3841,1,STATUS_FULL_TIME,BayArena,2021-2022,0,1,22,2022
608711,2022-01-22 14:30:00+00:00,1. FC Union Berlin at Borussia Mönchengladbach,FCU @ BMG,Borussia Mönchengladbach,268,1,1. FC Union Berlin,598,2,STATUS_FULL_TIME,BORUSSIA-PARK,2021-2022,0,1,22,2022
608715,2022-01-22 14:30:00+00:00,VfB Stuttgart at SC Freiburg,VFB @ SCF,SC Freiburg,126,2,VfB Stuttgart,134,0,STATUS_FULL_TIME,Europa-Park Stadion,2021-2022,0,1,22,2022
608716,2022-01-22 14:30:00+00:00,Mainz at SpVgg Greuther Fürth,M05 @ SGF,SpVgg Greuther Fürth,3070,2,Mainz,2950,1,STATUS_FULL_TIME,Sportpark Ronhof | Thomas Sommer,2021-2022,0,1,22,2022
608718,2022-01-22 14:30:00+00:00,Borussia Dortmund at TSG Hoffenheim,DOR @ TSG,TSG Hoffenheim,7911,2,Borussia Dortmund,124,3,STATUS_FULL_TIME,PreZero Arena,2021-2022,0,1,22,2022
608714,2022-01-22 17:30:00+00:00,FC Cologne at VfL Bochum,KOE @ BOC,VfL Bochum,121,2,FC Cologne,122,2,STATUS_FULL_TIME,Vonovia Ruhrstadion,2021-2022,0,1,22,2022
608717,2022-01-23 14:30:00+00:00,VfL Wolfsburg at RB Leipzig,WOB @ RBL,RB Leipzig,11420,2,VfL Wolfsburg,138,0,STATUS_FULL_TIME,Red Bull Arena,2021-2022,0,1,23,2022
608713,2022-01-23 16:30:00+00:00,Bayern Munich at Hertha Berlin,MUN @ BSC,Hertha Berlin,129,1,Bayern Munich,132,4,STATUS_FULL_TIME,Olympiastadion Berlin,2021-2022,0,1,23,2022
608720,2022-02-04 19:30:00+00:00,VfL Bochum at Hertha Berlin,BOC @ BSC,Hertha Berlin,129,1,VfL Bochum,121,1,STATUS_FULL_TIME,Olympiastadion Berlin,2021-2022,0,2,4,2022
608727,2022-02-05 14:30:00+00:00,Borussia Mönchengladbach at Arminia Bielefeld,BMG @ DSC,Arminia Bielefeld,2506,1,Borussia Mönchengladbach,268,1,STATUS_FULL_TIME,SchücoArena,2021-2022,0,2,5,2022
608722,2022-02-05 14:30:00+00:00,1. FC Union Berlin at FC Augsburg,FCU @ FCA,FC Augsburg,3841,2,1. FC Union Berlin,598,0,STATUS_FULL_TIME,WWK Arena,2021-2022,0,2,5,2022
608726,2022-02-05 14:30:00+00:00,SC Freiburg at FC Cologne,SCF @ KOE,FC Cologne,122,1,SC Freiburg,126,0,STATUS_FULL_TIME,RheinEnergieStadion,2021-2022,0,2,5,2022
608725,2022-02-05 14:30:00+00:00,TSG Hoffenheim at Mainz,TSG @ M05,Mainz,2950,2,TSG Hoffenheim,7911,0,STATUS_FULL_TIME,MEWA ARENA,2021-2022,0,2,5,2022
608719,2022-02-05 14:30:00+00:00,Eintracht Frankfurt at VfB Stuttgart,SGE @ VFB,VfB Stuttgart,134,2,Eintracht Frankfurt,125,3,STATUS_FULL_TIME,MHPArena,2021-2022,0,2,5,2022
608721,2022-02-05 17:30:00+00:00,RB Leipzig at Bayern Munich,RBL @ MUN,Bayern Munich,132,3,RB Leipzig,11420,2,STATUS_FULL_TIME,Allianz Arena,2021-2022,0,2,5,2022
608724,2022-02-06 14:30:00+00:00,Bayer Leverkusen at Borussia Dortmund,B04 @ DOR,Borussia Dortmund,124,2,Bayer Leverkusen,131,5,STATUS_FULL_TIME,SIGNAL IDUNA PARK,2021-2022,0,2,6,2022
608723,2022-02-06 16:30:00+00:00,SpVgg Greuther Fürth at VfL Wolfsburg,SGF @ WOB,VfL Wolfsburg,138,4,SpVgg Greuther Fürth,3070,1,STATUS_FULL_TIME,Volkswagen Arena,2021-2022,0,2,6,2022
608731,2022-02-11 19:30:00+00:00,FC Cologne at RB Leipzig,KOE @ RBL,RB Leipzig,11420,3,FC Cologne,122,1,STATUS_FULL_TIME,Red Bull Arena,2021-2022,0,2,11,2022
608733,2022-02-12 14:30:00+00:00,FC Augsburg at Borussia Mönchengladbach,FCA @ BMG,Borussia Mönchengladbach,268,3,FC Augsburg,3841,2,STATUS_FULL_TIME,BORUSSIA-PARK,2021-2022,0,2,12,2022
608732,2022-02-12 14:30:00+00:00,VfL Wolfsburg at Eintracht Frankfurt,WOB @ SGE,Eintracht Frankfurt,125,0,VfL Wolfsburg,138,2,STATUS_FULL_TIME,Deutsche Bank Park,2021-2022,0,2,12,2022
608729,2022-02-12 14:30:00+00:00,Mainz at SC Freiburg,M05 @ SCF,SC Freiburg,126,1,Mainz,2950,1,STATUS_FULL_TIME,Europa-Park Stadion,2021-2022,0,2,12,2022
608730,2022-02-12 14:30:00+00:00,Hertha Berlin at SpVgg Greuther Fürth,BSC @ SGF,SpVgg Greuther Fürth,3070,2,Hertha Berlin,129,1,STATUS_FULL_TIME,Sportpark Ronhof | Thomas Sommer,2021-2022,0,2,12,2022
608736,2022-02-12 14:30:00+00:00,Bayern Munich at VfL Bochum,MUN @ BOC,VfL Bochum,121,4,Bayern Munich,132,2,STATUS_FULL_TIME,Vonovia Ruhrstadion,2021-2022,0,2,12,2022
608734,2022-02-12 17:30:00+00:00,VfB Stuttgart at Bayer Leverkusen,VFB @ B04,Bayer Leverkusen,131,4,VfB Stuttgart,134,2,STATUS_FULL_TIME,BayArena,2021-2022,0,2,12,2022
608735,2022-02-13 14:30:00+00:00,Borussia Dortmund at 1. FC Union Berlin,DOR @ FCU,1. FC Union Berlin,598,0,Borussia Dortmund,124,3,STATUS_FULL_TIME,Stadion An der Alten Försterei,2021-2022,0,2,13,2022
608728,2022-02-13 16:30:00+00:00,Arminia Bielefeld at TSG Hoffenheim,DSC @ TSG,TSG Hoffenheim,7911,2,Arminia Bielefeld,2506,0,STATUS_FULL_TIME,PreZero Arena,2021-2022,0,2,13,2022
608738,2022-02-18 19:30:00+00:00,Bayer Leverkusen at Mainz,B04 @ M05,Mainz,2950,3,Bayer Leverkusen,131,2,STATUS_FULL_TIME,MEWA ARENA,2021-2022,0,2,18,2022
608740,2022-02-19 14:30:00+00:00,VfL Bochum at VfB Stuttgart,BOC @ VFB,VfB Stuttgart,134,1,VfL Bochum,121,1,STATUS_FULL_TIME,MHPArena,2021-2022,0,2,19,2022
608744,2022-02-19 14:30:00+00:00,1. FC Union Berlin at Arminia Bielefeld,FCU @ DSC,Arminia Bielefeld,2506,1,1. FC Union Berlin,598,0,STATUS_FULL_TIME,SchücoArena,2021-2022,0,2,19,2022
608743,2022-02-19 14:30:00+00:00,SC Freiburg at FC Augsburg,SCF @ FCA,FC Augsburg,3841,1,SC Freiburg,126,2,STATUS_FULL_TIME,WWK Arena,2021-2022,0,2,19,2022
608739,2022-02-19 14:30:00+00:00,TSG Hoffenheim at VfL Wolfsburg,TSG @ WOB,VfL Wolfsburg,138,1,TSG Hoffenheim,7911,2,STATUS_FULL_TIME,Volkswagen Arena,2021-2022,0,2,19,2022
608737,2022-02-19 17:30:00+00:00,Eintracht Frankfurt at FC Cologne,SGE @ KOE,FC Cologne,122,1,Eintracht Frankfurt,125,0,STATUS_FULL_TIME,RheinEnergieStadion,2021-2022,0,2,19,2022
608742,2022-02-20 14:30:00+00:00,SpVgg Greuther Fürth at Bayern Munich,SGF @ MUN,Bayern Munich,132,4,SpVgg Greuther Fürth,3070,1,STATUS_FULL_TIME,Allianz Arena,2021-2022,0,2,20,2022
608745,2022-02-20 16:30:00+00:00,Borussia Mönchengladbach at Borussia Dortmund,BMG @ DOR,Borussia Dortmund,124,6,Borussia Mönchengladbach,268,0,STATUS_FULL_TIME,SIGNAL IDUNA PARK,2021-2022,0,2,20,2022
608741,2022-02-20 18:30:00+00:00,RB Leipzig at Hertha Berlin,RBL @ BSC,Hertha Berlin,129,1,RB Leipzig,11420,6,STATUS_FULL_TIME,Olympiastadion Berlin,2021-2022,0,2,20,2022
608747,2022-02-25 19:30:00+00:00,VfB Stuttgart at TSG Hoffenheim,VFB @ TSG,TSG Hoffenheim,7911,2,VfB Stuttgart,134,1,STATUS_FULL_TIME,PreZero Arena,2021-2022,0,2,25,2022
608746,2022-02-26 14:30:00+00:00,Mainz at 1. FC Union Berlin,M05 @ FCU,1. FC Union Berlin,598,3,Mainz,2950,1,STATUS_FULL_TIME,Stadion An der Alten Försterei,2021-2022,0,2,26,2022
608753,2022-02-26 14:30:00+00:00,Arminia Bielefeld at Bayer Leverkusen,DSC @ B04,Bayer Leverkusen,131,3,Arminia Bielefeld,2506,0,STATUS_FULL_TIME,BayArena,2021-2022,0,2,26,2022
608752,2022-02-26 14:30:00+00:00,VfL Wolfsburg at Borussia Mönchengladbach,WOB @ BMG,Borussia Mönchengladbach,268,2,VfL Wolfsburg,138,2,STATUS_FULL_TIME,BORUSSIA-PARK,2021-2022,0,2,26,2022
608748,2022-02-26 14:30:00+00:00,Hertha Berlin at SC Freiburg,BSC @ SCF,SC Freiburg,126,3,Hertha Berlin,129,0,STATUS_FULL_TIME,Europa-Park Stadion,2021-2022,0,2,26,2022
608749,2022-02-26 14:30:00+00:00,FC Cologne at SpVgg Greuther Fürth,KOE @ SGF,SpVgg Greuther Fürth,3070,1,FC Cologne,122,1,STATUS_FULL_TIME,Sportpark Ronhof | Thomas Sommer,2021-2022,0,2,26,2022
608751,2022-02-26 17:30:00+00:00,Bayern Munich at Eintracht Frankfurt,MUN @ SGE,Eintracht Frankfurt,125,0,Bayern Munich,132,1,STATUS_FULL_TIME,Deutsche Bank Park,2021-2022,0,2,26,2022
608750,2022-02-27 14:30:00+00:00,RB Leipzig at VfL Bochum,RBL @ BOC,VfL Bochum,121,0,RB Leipzig,11420,1,STATUS_FULL_TIME,Vonovia Ruhrstadion,2021-2022,0,2,27,2022
608754,2022-02-27 16:30:00+00:00,Borussia Dortmund at FC Augsburg,DOR @ FCA,FC Augsburg,3841,1,Borussia Dortmund,124,1,STATUS_FULL_TIME,WWK Arena,2021-2022,0,2,27,2022
608756,2022-03-04 19:30:00+00:00,FC Augsburg at Arminia Bielefeld,FCA @ DSC,Arminia Bielefeld,2506,0,FC Augsburg,3841,1,STATUS_FULL_TIME,SchücoArena,2021-2022,0,3,4,2022
608757,2022-03-05 14:30:00+00:00,Bayer Leverkusen at Bayern Munich,B04 @ MUN,Bayern Munich,132,1,Bayer Leverkusen,131,1,STATUS_FULL_TIME,Allianz Arena,2021-2022,0,3,5,2022
608758,2022-03-05 14:30:00+00:00,Eintracht Frankfurt at Hertha Berlin,SGE @ BSC,Hertha Berlin,129,1,Eintracht Frankfurt,125,4,STATUS_FULL_TIME,Olympiastadion Berlin,2021-2022,0,3,5,2022
608763,2022-03-05 14:30:00+00:00,SC Freiburg at RB Leipzig,SCF @ RBL,RB Leipzig,11420,1,SC Freiburg,126,1,STATUS_FULL_TIME,Red Bull Arena,2021-2022,0,3,5,2022
608761,2022-03-05 14:30:00+00:00,SpVgg Greuther Fürth at VfL Bochum,SGF @ BOC,VfL Bochum,121,2,SpVgg Greuther Fürth,3070,1,STATUS_FULL_TIME,Vonovia Ruhrstadion,2021-2022,0,3,5,2022
608762,2022-03-05 14:30:00+00:00,1. FC Union Berlin at VfL Wolfsburg,FCU @ WOB,VfL Wolfsburg,138,1,1. FC Union Berlin,598,0,STATUS_FULL_TIME,Volkswagen Arena,2021-2022,0,3,5,2022
608760,2022-03-05 17:30:00+00:00,Borussia Mönchengladbach at VfB Stuttgart,BMG @ VFB,VfB Stuttgart,134,3,Borussia Mönchengladbach,268,2,STATUS_FULL_TIME,MHPArena,2021-2022,0,3,5,2022
608759,2022-03-06 16:30:00+00:00,TSG Hoffenheim at FC Cologne,TSG @ KOE,FC Cologne,122,0,TSG Hoffenheim,7911,1,STATUS_FULL_TIME,RheinEnergieStadion,2021-2022,0,3,6,2022
608764,2022-03-12 14:30:00+00:00,VfB Stuttgart at 1. FC Union Berlin,VFB @ FCU,1. FC Union Berlin,598,1,VfB Stuttgart,134,1,STATUS_FULL_TIME,Stadion An der Alten Försterei,2021-2022,0,3,12,2022
608771,2022-03-12 14:30:00+00:00,VfL Wolfsburg at SC Freiburg,WOB @ SCF,SC Freiburg,126,3,VfL Wolfsburg,138,2,STATUS_FULL_TIME,Europa-Park Stadion,2021-2022,0,3,12,2022
608772,2022-03-12 14:30:00+00:00,Bayern Munich at TSG Hoffenheim,MUN @ TSG,TSG Hoffenheim,7911,1,Bayern Munich,132,1,STATUS_FULL_TIME,PreZero Arena,2021-2022,0,3,12,2022
608767,2022-03-12 17:30:00+00:00,Hertha Berlin at Borussia Mönchengladbach,BSC @ BMG,Borussia Mönchengladbach,268,2,Hertha Berlin,129,0,STATUS_FULL_TIME,BORUSSIA-PARK,2021-2022,0,3,12,2022
608765,2022-03-13 14:30:00+00:00,FC Cologne at Bayer Leverkusen,KOE @ B04,Bayer Leverkusen,131,0,FC Cologne,122,1,STATUS_FULL_TIME,BayArena,2021-2022,0,3,13,2022
608766,2022-03-13 16:30:00+00:00,Arminia Bielefeld at Borussia Dortmund,DSC @ DOR,Borussia Dortmund,124,1,Arminia Bielefeld,2506,0,STATUS_FULL_TIME,SIGNAL IDUNA PARK,2021-2022,0,3,13,2022
608768,2022-03-13 16:30:00+00:00,VfL Bochum at Eintracht Frankfurt,BOC @ SGE,Eintracht Frankfurt,125,2,VfL Bochum,121,1,STATUS_FULL_TIME,Deutsche Bank Park,2021-2022,0,3,13,2022
608770,2022-03-13 18:30:00+00:00,RB Leipzig at SpVgg Greuther Fürth,RBL @ SGF,SpVgg Greuther Fürth,3070,1,RB Leipzig,11420,6,STATUS_FULL_TIME,Sportpark Ronhof | Thomas Sommer,2021-2022,0,3,13,2022
608755,2022-03-16 17:30:00+00:00,Borussia Dortmund at Mainz,DOR @ M05,Mainz,2950,0,Borussia Dortmund,124,1,STATUS_FULL_TIME,MEWA ARENA,2021-2022,0,3,16,2022
608780,2022-03-18 19:30:00+00:00,Borussia Mönchengladbach at VfL Bochum,BMG @ BOC,VfL Bochum,121,0,Borussia Mönchengladbach,268,2,STATUS_FULL_TIME,Vonovia Ruhrstadion,2021-2022,0,3,18,2022
608776,2022-03-19 14:30:00+00:00,TSG Hoffenheim at Hertha Berlin,TSG @ BSC,Hertha Berlin,129,3,TSG Hoffenheim,7911,0,STATUS_FULL_TIME,Olympiastadion Berlin,2021-2022,0,3,19,2022
608774,2022-03-19 14:30:00+00:00,Arminia Bielefeld at Mainz,DSC @ M05,Mainz,2950,4,Arminia Bielefeld,2506,0,STATUS_FULL_TIME,MEWA ARENA,2021-2022,0,3,19,2022
608778,2022-03-19 14:30:00+00:00,SC Freiburg at SpVgg Greuther Fürth,SCF @ SGF,SpVgg Greuther Fürth,3070,0,SC Freiburg,126,0,STATUS_FULL_TIME,Sportpark Ronhof | Thomas Sommer,2021-2022,0,3,19,2022
608779,2022-03-19 14:30:00+00:00,FC Augsburg at VfB Stuttgart,FCA @ VFB,VfB Stuttgart,134,3,FC Augsburg,3841,2,STATUS_FULL_TIME,MHPArena,2021-2022,0,3,19,2022
608775,2022-03-19 17:30:00+00:00,1. FC Union Berlin at Bayern Munich,FCU @ MUN,Bayern Munich,132,4,1. FC Union Berlin,598,0,STATUS_FULL_TIME,Allianz Arena,2021-2022,0,3,19,2022
608781,2022-03-20 14:30:00+00:00,Eintracht Frankfurt at RB Leipzig,SGE @ RBL,RB Leipzig,11420,0,Eintracht Frankfurt,125,0,STATUS_FULL_TIME,Red Bull Arena,2021-2022,0,3,20,2022
608777,2022-03-20 16:30:00+00:00,Bayer Leverkusen at VfL Wolfsburg,B04 @ WOB,VfL Wolfsburg,138,0,Bayer Leverkusen,131,2,STATUS_FULL_TIME,Volkswagen Arena,2021-2022,0,3,20,2022
608773,2022-03-20 18:30:00+00:00,Borussia Dortmund at FC Cologne,DOR @ KOE,FC Cologne,122,1,Borussia Dortmund,124,1,STATUS_FULL_TIME,RheinEnergieStadion,2021-2022,0,3,20,2022
608782,2022-04-01 18:30:00+00:00,FC Cologne at 1. FC Union Berlin,KOE @ FCU,1. FC Union Berlin,598,1,FC Cologne,122,0,STATUS_FULL_TIME,Stadion An der Alten Försterei,2021-2022,0,4,1,2022
608787,2022-04-02 13:30:00+00:00,VfB Stuttgart at Arminia Bielefeld,VFB @ DSC,Arminia Bielefeld,2506,1,VfB Stuttgart,134,1,STATUS_FULL_TIME,SchücoArena,2021-2022,0,4,2,2022
608786,2022-04-02 13:30:00+00:00,Hertha Berlin at Bayer Leverkusen,BSC @ B04,Bayer Leverkusen,131,2,Hertha Berlin,129,1,STATUS_FULL_TIME,BayArena,2021-2022,0,4,2,2022
608790,2022-04-02 13:30:00+00:00,SpVgg Greuther Fürth at Eintracht Frankfurt,SGF @ SGE,Eintracht Frankfurt,125,0,SpVgg Greuther Fürth,3070,0,STATUS_FULL_TIME,Deutsche Bank Park,2021-2022,0,4,2,2022
608784,2022-04-02 13:30:00+00:00,Bayern Munich at SC Freiburg,MUN @ SCF,SC Freiburg,126,1,Bayern Munich,132,4,STATUS_FULL_TIME,Europa-Park Stadion,2021-2022,0,4,2,2022
608783,2022-04-02 13:30:00+00:00,VfL Bochum at TSG Hoffenheim,BOC @ TSG,TSG Hoffenheim,7911,1,VfL Bochum,121,2,STATUS_FULL_TIME,PreZero Arena,2021-2022,0,4,2,2022
608789,2022-04-02 16:30:00+00:00,RB Leipzig at Borussia Dortmund,RBL @ DOR,Borussia Dortmund,124,1,RB Leipzig,11420,4,STATUS_FULL_TIME,SIGNAL IDUNA PARK,2021-2022,0,4,2,2022
608785,2022-04-03 13:30:00+00:00,VfL Wolfsburg at FC Augsburg,WOB @ FCA,FC Augsburg,3841,3,VfL Wolfsburg,138,0,STATUS_FULL_TIME,WWK Arena,2021-2022,0,4,3,2022
608788,2022-04-03 15:30:00+00:00,Mainz at Borussia Mönchengladbach,M05 @ BMG,Borussia Mönchengladbach,268,1,Mainz,2950,1,STATUS_FULL_TIME,BORUSSIA-PARK,2021-2022,0,4,3,2022
608769,2022-04-06 16:30:00+00:00,Mainz at FC Augsburg,M05 @ FCA,FC Augsburg,3841,2,Mainz,2950,1,STATUS_FULL_TIME,WWK Arena,2021-2022,0,4,6,2022
608796,2022-04-08 18:30:00+00:00,Borussia Dortmund at VfB Stuttgart,DOR @ VFB,VfB Stuttgart,134,0,Borussia Dortmund,124,2,STATUS_FULL_TIME,MHPArena,2021-2022,0,4,8,2022
608792,2022-04-09 13:30:00+00:00,FC Augsburg at Bayern Munich,FCA @ MUN,Bayern Munich,132,1,FC Augsburg,3841,0,STATUS_FULL_TIME,Allianz Arena,2021-2022,0,4,9,2022
608791,2022-04-09 13:30:00+00:00,Mainz at FC Cologne,M05 @ KOE,FC Cologne,122,3,Mainz,2950,2,STATUS_FULL_TIME,RheinEnergieStadion,2021-2022,0,4,9,2022
608795,2022-04-09 13:30:00+00:00,Borussia Mönchengladbach at SpVgg Greuther Fürth,BMG @ SGF,SpVgg Greuther Fürth,3070,0,Borussia Mönchengladbach,268,2,STATUS_FULL_TIME,Sportpark Ronhof | Thomas Sommer,2021-2022,0,4,9,2022
608799,2022-04-09 13:30:00+00:00,Arminia Bielefeld at VfL Wolfsburg,DSC @ WOB,VfL Wolfsburg,138,4,Arminia Bielefeld,2506,0,STATUS_FULL_TIME,Volkswagen Arena,2021-2022,0,4,9,2022
608793,2022-04-09 16:30:00+00:00,1. FC Union Berlin at Hertha Berlin,FCU @ BSC,Hertha Berlin,129,1,1. FC Union Berlin,598,4,STATUS_FULL_TIME,Olympiastadion Berlin,2021-2022,0,4,9,2022
608797,2022-04-10 13:30:00+00:00,Bayer Leverkusen at VfL Bochum,B04 @ BOC,VfL Bochum,121,0,Bayer Leverkusen,131,0,STATUS_FULL_TIME,Vonovia Ruhrstadion,2021-2022,0,4,10,2022
608798,2022-04-10 15:30:00+00:00,SC Freiburg at Eintracht Frankfurt,SCF @ SGE,Eintracht Frankfurt,125,1,SC Freiburg,126,2,STATUS_FULL_TIME,Deutsche Bank Park,2021-2022,0,4,10,2022
608794,2022-04-10 17:30:00+00:00,TSG Hoffenheim at RB Leipzig,TSG @ RBL,RB Leipzig,11420,3,TSG Hoffenheim,7911,0,STATUS_FULL_TIME,Red Bull Arena,2021-2022,0,4,10,2022
608802,2022-04-16 13:30:00+00:00,VfL Wolfsburg at Borussia Dortmund,WOB @ DOR,Borussia Dortmund,124,6,VfL Wolfsburg,138,1,STATUS_FULL_TIME,SIGNAL IDUNA PARK,2021-2022,0,4,16,2022
608805,2022-04-16 13:30:00+00:00,Hertha Berlin at FC Augsburg,BSC @ FCA,FC Augsburg,3841,0,Hertha Berlin,129,1,STATUS_FULL_TIME,WWK Arena,2021-2022,0,4,16,2022
608807,2022-04-16 13:30:00+00:00,VfB Stuttgart at Mainz,VFB @ M05,Mainz,2950,0,VfB Stuttgart,134,0,STATUS_FULL_TIME,MEWA ARENA,2021-2022,0,4,16,2022
608806,2022-04-16 13:30:00+00:00,VfL Bochum at SC Freiburg,BOC @ SCF,SC Freiburg,126,3,VfL Bochum,121,0,STATUS_FULL_TIME,Europa-Park Stadion,2021-2022,0,4,16,2022
608803,2022-04-16 16:30:00+00:00,FC Cologne at Borussia Mönchengladbach,KOE @ BMG,Borussia Mönchengladbach,268,1,FC Cologne,122,3,STATUS_FULL_TIME,BORUSSIA-PARK,2021-2022,0,4,16,2022
608804,2022-04-17 13:30:00+00:00,Bayern Munich at Arminia Bielefeld,MUN @ DSC,Arminia Bielefeld,2506,0,Bayern Munich,132,3,STATUS_FULL_TIME,SchücoArena,2021-2022,0,4,17,2022
608800,2022-04-17 15:30:00+00:00,Eintracht Frankfurt at 1. FC Union Berlin,SGE @ FCU,1. FC Union Berlin,598,2,Eintracht Frankfurt,125,0,STATUS_FULL_TIME,Stadion An der Alten Försterei,2021-2022,0,4,17,2022
608808,2022-04-17 15:30:00+00:00,SpVgg Greuther Fürth at TSG Hoffenheim,SGF @ TSG,TSG Hoffenheim,7911,0,SpVgg Greuther Fürth,3070,0,STATUS_FULL_TIME,PreZero Arena,2021-2022,0,4,17,2022
608801,2022-04-17 17:30:00+00:00,RB Leipzig at Bayer Leverkusen,RBL @ B04,Bayer Leverkusen,131,0,RB Leipzig,11420,1,STATUS_FULL_TIME,BayArena,2021-2022,0,4,17,2022
608817,2022-04-22 18:30:00+00:00,Mainz at VfL Wolfsburg,M05 @ WOB,VfL Wolfsburg,138,5,Mainz,2950,0,STATUS_FULL_TIME,Volkswagen Arena,2021-2022,0,4,22,2022
608812,2022-04-23 13:30:00+00:00,1. FC Union Berlin at RB Leipzig,FCU @ RBL,RB Leipzig,11420,1,1. FC Union Berlin,598,2,STATUS_FULL_TIME,Red Bull Arena,2021-2022,0,4,23,2022
608814,2022-04-23 13:30:00+00:00,Borussia Mönchengladbach at SC Freiburg,BMG @ SCF,SC Freiburg,126,3,Borussia Mönchengladbach,268,3,STATUS_FULL_TIME,Europa-Park Stadion,2021-2022,0,4,23,2022
608816,2022-04-23 13:30:00+00:00,TSG Hoffenheim at Eintracht Frankfurt,TSG @ SGE,Eintracht Frankfurt,125,2,TSG Hoffenheim,7911,2,STATUS_FULL_TIME,Deutsche Bank Park,2021-2022,0,4,23,2022
608809,2022-04-23 13:30:00+00:00,Arminia Bielefeld at FC Cologne,DSC @ KOE,FC Cologne,122,3,Arminia Bielefeld,2506,1,STATUS_FULL_TIME,RheinEnergieStadion,2021-2022,0,4,23,2022
608813,2022-04-23 13:30:00+00:00,Bayer Leverkusen at SpVgg Greuther Fürth,B04 @ SGF,SpVgg Greuther Fürth,3070,1,Bayer Leverkusen,131,4,STATUS_FULL_TIME,Sportpark Ronhof | Thomas Sommer,2021-2022,0,4,23,2022
608810,2022-04-23 16:30:00+00:00,Borussia Dortmund at Bayern Munich,DOR @ MUN,Bayern Munich,132,3,Borussia Dortmund,124,1,STATUS_FULL_TIME,Allianz Arena,2021-2022,0,4,23,2022
608815,2022-04-24 13:30:00+00:00,FC Augsburg at VfL Bochum,FCA @ BOC,VfL Bochum,121,0,FC Augsburg,3841,2,STATUS_FULL_TIME,Vonovia Ruhrstadion,2021-2022,0,4,24,2022
608811,2022-04-24 15:30:00+00:00,VfB Stuttgart at Hertha Berlin,VFB @ BSC,Hertha Berlin,129,2,VfB Stuttgart,134,0,STATUS_FULL_TIME,Olympiastadion Berlin,2021-2022,0,4,24,2022
608818,2022-04-29 18:30:00+00:00,SpVgg Greuther Fürth at 1. FC Union Berlin,SGF @ FCU,1. FC Union Berlin,598,1,SpVgg Greuther Fürth,3070,1,STATUS_FULL_TIME,Stadion An der Alten Försterei,2021-2022,0,4,29,2022
608822,2022-04-30 13:30:00+00:00,Hertha Berlin at Arminia Bielefeld,BSC @ DSC,Arminia Bielefeld,2506,1,Hertha Berlin,129,1,STATUS_FULL_TIME,SchücoArena,2021-2022,0,4,30,2022
608826,2022-04-30 13:30:00+00:00,VfL Bochum at Borussia Dortmund,BOC @ DOR,Borussia Dortmund,124,3,VfL Bochum,121,4,STATUS_FULL_TIME,SIGNAL IDUNA PARK,2021-2022,0,4,30,2022
608821,2022-04-30 13:30:00+00:00,FC Cologne at FC Augsburg,KOE @ FCA,FC Augsburg,3841,1,FC Cologne,122,4,STATUS_FULL_TIME,WWK Arena,2021-2022,0,4,30,2022
608824,2022-04-30 13:30:00+00:00,Bayern Munich at Mainz,MUN @ M05,Mainz,2950,3,Bayern Munich,132,1,STATUS_FULL_TIME,MEWA ARENA,2021-2022,0,4,30,2022
608819,2022-04-30 13:30:00+00:00,VfL Wolfsburg at VfB Stuttgart,WOB @ VFB,VfB Stuttgart,134,1,VfL Wolfsburg,138,1,STATUS_FULL_TIME,MHPArena,2021-2022,0,4,30,2022
608820,2022-04-30 16:30:00+00:00,SC Freiburg at TSG Hoffenheim,SCF @ TSG,TSG Hoffenheim,7911,3,SC Freiburg,126,4,STATUS_FULL_TIME,PreZero Arena,2021-2022,0,4,30,2022
608825,2022-05-02 18:30:00+00:00,Eintracht Frankfurt at Bayer Leverkusen,SGE @ B04,Bayer Leverkusen,131,2,Eintracht Frankfurt,125,0,STATUS_FULL_TIME,BayArena,2021-2022,0,5,2,2022
608823,2022-05-02 18:30:00+00:00,RB Leipzig at Borussia Mönchengladbach,RBL @ BMG,Borussia Mönchengladbach,268,3,RB Leipzig,11420,1,STATUS_FULL_TIME,BORUSSIA-PARK,2021-2022,0,5,2,2022
608829,2022-05-06 18:30:00+00:00,Arminia Bielefeld at VfL Bochum,DSC @ BOC,VfL Bochum,121,2,Arminia Bielefeld,2506,1,STATUS_FULL_TIME,Vonovia Ruhrstadion,2021-2022,0,5,6,2022
608827,2022-05-07 13:30:00+00:00,VfL Wolfsburg at FC Cologne,WOB @ KOE,FC Cologne,122,0,VfL Wolfsburg,138,1,STATUS_FULL_TIME,RheinEnergieStadion,2021-2022,0,5,7,2022
608831,2022-05-07 13:30:00+00:00,1. FC Union Berlin at SC Freiburg,FCU @ SCF,SC Freiburg,126,1,1. FC Union Berlin,598,4,STATUS_FULL_TIME,Europa-Park Stadion,2021-2022,0,5,7,2022
608832,2022-05-07 13:30:00+00:00,Borussia Dortmund at SpVgg Greuther Fürth,DOR @ SGF,SpVgg Greuther Fürth,3070,1,Borussia Dortmund,124,3,STATUS_FULL_TIME,Sportpark Ronhof | Thomas Sommer,2021-2022,0,5,7,2022
608830,2022-05-07 13:30:00+00:00,Bayer Leverkusen at TSG Hoffenheim,B04 @ TSG,TSG Hoffenheim,7911,2,Bayer Leverkusen,131,4,STATUS_FULL_TIME,PreZero Arena,2021-2022,0,5,7,2022
608834,2022-05-07 16:30:00+00:00,Mainz at Hertha Berlin,M05 @ BSC,Hertha Berlin,129,1,Mainz,2950,2,STATUS_FULL_TIME,Olympiastadion Berlin,2021-2022,0,5,7,2022
608828,2022-05-08 13:30:00+00:00,Borussia Mönchengladbach at Eintracht Frankfurt,BMG @ SGE,Eintracht Frankfurt,125,1,Borussia Mönchengladbach,268,1,STATUS_FULL_TIME,Deutsche Bank Park,2021-2022,0,5,8,2022
608835,2022-05-08 15:30:00+00:00,VfB Stuttgart at Bayern Munich,VFB @ MUN,Bayern Munich,132,2,VfB Stuttgart,134,2,STATUS_FULL_TIME,Allianz Arena,2021-2022,0,5,8,2022
608833,2022-05-08 17:30:00+00:00,FC Augsburg at RB Leipzig,FCA @ RBL,RB Leipzig,11420,4,FC Augsburg,3841,0,STATUS_FULL_TIME,Red Bull Arena,2021-2022,0,5,8,2022
608836,2022-05-14 13:30:00+00:00,VfL Bochum at 1. FC Union Berlin,BOC @ FCU,1. FC Union Berlin,598,3,VfL Bochum,121,2,STATUS_FULL_TIME,Stadion An der Alten Försterei,2021-2022,0,5,14,2022
608839,2022-05-14 13:30:00+00:00,RB Leipzig at Arminia Bielefeld,RBL @ DSC,Arminia Bielefeld,2506,1,RB Leipzig,11420,1,STATUS_FULL_TIME,SchücoArena,2021-2022,0,5,14,2022
608844,2022-05-14 13:30:00+00:00,TSG Hoffenheim at Borussia Mönchengladbach,TSG @ BMG,Borussia Mönchengladbach,268,5,TSG Hoffenheim,7911,1,STATUS_FULL_TIME,BORUSSIA-PARK,2021-2022,0,5,14,2022
608841,2022-05-14 13:30:00+00:00,Hertha Berlin at Borussia Dortmund,BSC @ DOR,Borussia Dortmund,124,2,Hertha Berlin,129,1,STATUS_FULL_TIME,SIGNAL IDUNA PARK,2021-2022,0,5,14,2022
608843,2022-05-14 13:30:00+00:00,Eintracht Frankfurt at Mainz,SGE @ M05,Mainz,2950,2,Eintracht Frankfurt,125,2,STATUS_FULL_TIME,MEWA ARENA,2021-2022,0,5,14,2022
608838,2022-05-14 13:30:00+00:00,SpVgg Greuther Fürth at FC Augsburg,SGF @ FCA,FC Augsburg,3841,2,SpVgg Greuther Fürth,3070,1,STATUS_FULL_TIME,WWK Arena,2021-2022,0,5,14,2022
608842,2022-05-14 13:30:00+00:00,SC Freiburg at Bayer Leverkusen,SCF @ B04,Bayer Leverkusen,131,2,SC Freiburg,126,1,STATUS_FULL_TIME,BayArena,2021-2022,0,5,14,2022
608837,2022-05-14 13:30:00+00:00,FC Cologne at VfB Stuttgart,KOE @ VFB,VfB Stuttgart,134,2,FC Cologne,122,1,STATUS_FULL_TIME,MHPArena,2021-2022,0,5,14,2022
608840,2022-05-14 13:30:00+00:00,Bayern Munich at VfL Wolfsburg,MUN @ WOB,VfL Wolfsburg,138,2,Bayern Munich,132,2,STATUS_FULL_TIME,Volkswagen Arena,2021-2022,0,5,14,2022
638734,2022-08-05 18:30:00+00:00,Bayern Munich at Eintracht Frankfurt,MUN @ SGE,Eintracht Frankfurt,125,1,Bayern Munich,132,6,STATUS_FULL_TIME,Deutsche Bank Park,2022-2023,0,8,5,2022
638442,2022-08-06 13:30:00+00:00,Hertha Berlin at 1. FC Union Berlin,BSC @ FCU,1. FC Union Berlin,598,3,Hertha Berlin,129,1,STATUS_FULL_TIME,Stadion An der Alten Försterei,2022-2023,0,8,6,2022
638440,2022-08-06 13:30:00+00:00,TSG Hoffenheim at Borussia Mönchengladbach,TSG @ BMG,Borussia Mönchengladbach,268,3,TSG Hoffenheim,7911,1,STATUS_FULL_TIME,BORUSSIA-PARK,2022-2023,0,8,6,2022
638439,2022-08-06 13:30:00+00:00,SC Freiburg at FC Augsburg,SCF @ FCA,FC Augsburg,3841,0,SC Freiburg,126,4,STATUS_FULL_TIME,WWK Arena,2022-2023,0,8,6,2022
638444,2022-08-06 13:30:00+00:00,Mainz at VfL Bochum,M05 @ BOC,VfL Bochum,121,1,Mainz,2950,2,STATUS_FULL_TIME,Vonovia Ruhrstadion,2022-2023,0,8,6,2022
638441,2022-08-06 13:30:00+00:00,Werder Bremen at VfL Wolfsburg,SVW @ WOB,VfL Wolfsburg,138,2,Werder Bremen,137,2,STATUS_FULL_TIME,Volkswagen Arena,2022-2023,0,8,6,2022
638445,2022-08-06 16:30:00+00:00,Bayer Leverkusen at Borussia Dortmund,B04 @ DOR,Borussia Dortmund,124,1,Bayer Leverkusen,131,0,STATUS_FULL_TIME,SIGNAL IDUNA PARK,2022-2023,0,8,6,2022
638438,2022-08-07 13:30:00+00:00,RB Leipzig at VfB Stuttgart,RBL @ VFB,VfB Stuttgart,134,1,RB Leipzig,11420,1,STATUS_FULL_TIME,MHPArena,2022-2023,0,8,7,2022
638443,2022-08-07 15:30:00+00:00,Schalke 04 at FC Cologne,S04 @ KOE,FC Cologne,122,3,Schalke 04,133,1,STATUS_FULL_TIME,RheinEnergieStadion,2022-2023,0,8,7,2022
638447,2022-08-12 18:30:00+00:00,Borussia Dortmund at SC Freiburg,DOR @ SCF,SC Freiburg,126,1,Borussia Dortmund,124,3,STATUS_FULL_TIME,Europa-Park Stadion,2022-2023,0,8,12,2022
638452,2022-08-13 13:30:00+00:00,FC Augsburg at Bayer Leverkusen,FCA @ B04,Bayer Leverkusen,131,1,FC Augsburg,3841,2,STATUS_FULL_TIME,BayArena,2022-2023,0,8,13,2022
638449,2022-08-13 13:30:00+00:00,Eintracht Frankfurt at Hertha Berlin,SGE @ BSC,Hertha Berlin,129,1,Eintracht Frankfurt,125,1,STATUS_FULL_TIME,Olympiastadion Berlin,2022-2023,0,8,13,2022
638448,2022-08-13 13:30:00+00:00,FC Cologne at RB Leipzig,KOE @ RBL,RB Leipzig,11420,2,FC Cologne,122,2,STATUS_FULL_TIME,Red Bull Arena,2022-2023,0,8,13,2022
638454,2022-08-13 13:30:00+00:00,VfL Bochum at TSG Hoffenheim,BOC @ TSG,TSG Hoffenheim,7911,3,VfL Bochum,121,2,STATUS_FULL_TIME,PreZero Arena,2022-2023,0,8,13,2022
638446,2022-08-13 13:30:00+00:00,VfB Stuttgart at Werder Bremen,VFB @ SVW,Werder Bremen,137,2,VfB Stuttgart,134,2,STATUS_FULL_TIME,Weserstadion,2022-2023,0,8,13,2022
638450,2022-08-13 16:30:00+00:00,Borussia Mönchengladbach at Schalke 04,BMG @ S04,Schalke 04,133,2,Borussia Mönchengladbach,268,2,STATUS_FULL_TIME,VELTINS-Arena,2022-2023,0,8,13,2022
638453,2022-08-14 13:30:00+00:00,1. FC Union Berlin at Mainz,FCU @ M05,Mainz,2950,0,1. FC Union Berlin,598,0,STATUS_FULL_TIME,MEWA ARENA,2022-2023,0,8,14,2022
638451,2022-08-14 15:30:00+00:00,VfL Wolfsburg at Bayern Munich,WOB @ MUN,Bayern Munich,132,2,VfL Wolfsburg,138,0,STATUS_FULL_TIME,Allianz Arena,2022-2023,0,8,14,2022
638462,2022-08-19 18:30:00+00:00,Hertha Berlin at Borussia Mönchengladbach,BSC @ BMG,Borussia Mönchengladbach,268,1,Hertha Berlin,129,0,STATUS_FULL_TIME,BORUSSIA-PARK,2022-2023,0,8,19,2022
638456,2022-08-20 13:30:00+00:00,TSG Hoffenheim at Bayer Leverkusen,TSG @ B04,Bayer Leverkusen,131,0,TSG Hoffenheim,7911,3,STATUS_FULL_TIME,BayArena,2022-2023,0,8,20,2022
638463,2022-08-20 13:30:00+00:00,Werder Bremen at Borussia Dortmund,SVW @ DOR,Borussia Dortmund,124,2,Werder Bremen,137,3,STATUS_FULL_TIME,SIGNAL IDUNA PARK,2022-2023,0,8,20,2022
638460,2022-08-20 13:30:00+00:00,Mainz at FC Augsburg,M05 @ FCA,FC Augsburg,3841,1,Mainz,2950,2,STATUS_FULL_TIME,WWK Arena,2022-2023,0,8,20,2022
638459,2022-08-20 13:30:00+00:00,SC Freiburg at VfB Stuttgart,SCF @ VFB,VfB Stuttgart,134,0,SC Freiburg,126,1,STATUS_FULL_TIME,MHPArena,2022-2023,0,8,20,2022
638457,2022-08-20 13:30:00+00:00,Schalke 04 at VfL Wolfsburg,S04 @ WOB,VfL Wolfsburg,138,0,Schalke 04,133,0,STATUS_FULL_TIME,Volkswagen Arena,2022-2023,0,8,20,2022
638455,2022-08-20 16:30:00+00:00,RB Leipzig at 1. FC Union Berlin,RBL @ FCU,1. FC Union Berlin,598,2,RB Leipzig,11420,1,STATUS_FULL_TIME,Stadion An der Alten Försterei,2022-2023,0,8,20,2022
638461,2022-08-21 13:30:00+00:00,FC Cologne at Eintracht Frankfurt,KOE @ SGE,Eintracht Frankfurt,125,1,FC Cologne,122,1,STATUS_FULL_TIME,Deutsche Bank Park,2022-2023,0,8,21,2022
638458,2022-08-21 15:30:00+00:00,Bayern Munich at VfL Bochum,MUN @ BOC,VfL Bochum,121,0,Bayern Munich,132,7,STATUS_FULL_TIME,Vonovia Ruhrstadion,2022-2023,0,8,21,2022
638466,2022-08-26 18:30:00+00:00,VfL Bochum at SC Freiburg,BOC @ SCF,SC Freiburg,126,1,VfL Bochum,121,0,STATUS_FULL_TIME,Europa-Park Stadion,2022-2023,0,8,26,2022
638472,2022-08-27 13:30:00+00:00,Borussia Dortmund at Hertha Berlin,DOR @ BSC,Hertha Berlin,129,0,Borussia Dortmund,124,1,STATUS_FULL_TIME,Olympiastadion Berlin,2022-2023,0,8,27,2022
638471,2022-08-27 13:30:00+00:00,Bayer Leverkusen at Mainz,B04 @ M05,Mainz,2950,0,Bayer Leverkusen,131,3,STATUS_FULL_TIME,MEWA ARENA,2022-2023,0,8,27,2022
638467,2022-08-27 13:30:00+00:00,VfL Wolfsburg at RB Leipzig,WOB @ RBL,RB Leipzig,11420,2,VfL Wolfsburg,138,0,STATUS_FULL_TIME,Red Bull Arena,2022-2023,0,8,27,2022
638469,2022-08-27 13:30:00+00:00,1. FC Union Berlin at Schalke 04,FCU @ S04,Schalke 04,133,1,1. FC Union Berlin,598,6,STATUS_FULL_TIME,VELTINS-Arena,2022-2023,0,8,27,2022
638468,2022-08-27 13:30:00+00:00,FC Augsburg at TSG Hoffenheim,FCA @ TSG,TSG Hoffenheim,7911,1,FC Augsburg,3841,0,STATUS_FULL_TIME,PreZero Arena,2022-2023,0,8,27,2022
638470,2022-08-27 16:30:00+00:00,Borussia Mönchengladbach at Bayern Munich,BMG @ MUN,Bayern Munich,132,1,Borussia Mönchengladbach,268,1,STATUS_FULL_TIME,Allianz Arena,2022-2023,0,8,27,2022
638464,2022-08-28 13:30:00+00:00,VfB Stuttgart at FC Cologne,VFB @ KOE,FC Cologne,122,0,VfB Stuttgart,134,0,STATUS_FULL_TIME,RheinEnergieStadion,2022-2023,0,8,28,2022
638465,2022-08-28 15:30:00+00:00,Eintracht Frankfurt at Werder Bremen,SGE @ SVW,Werder Bremen,137,3,Eintracht Frankfurt,125,4,STATUS_FULL_TIME,Weserstadion,2022-2023,0,8,28,2022
638474,2022-09-02 18:30:00+00:00,TSG Hoffenheim at Borussia Dortmund,TSG @ DOR,Borussia Dortmund,124,1,TSG Hoffenheim,7911,0,STATUS_FULL_TIME,SIGNAL IDUNA PARK,2022-2023,0,9,2,2022
638476,2022-09-03 13:30:00+00:00,Bayern Munich at 1. FC Union Berlin,MUN @ FCU,1. FC Union Berlin,598,1,Bayern Munich,132,1,STATUS_FULL_TIME,Stadion An der Alten Försterei,2022-2023,0,9,3,2022
638475,2022-09-03 13:30:00+00:00,SC Freiburg at Bayer Leverkusen,SCF @ B04,Bayer Leverkusen,131,2,SC Freiburg,126,3,STATUS_FULL_TIME,BayArena,2022-2023,0,9,3,2022
638479,2022-09-03 13:30:00+00:00,Schalke 04 at VfB Stuttgart,S04 @ VFB,VfB Stuttgart,134,1,Schalke 04,133,1,STATUS_FULL_TIME,MHPArena,2022-2023,0,9,3,2022
638480,2022-09-03 13:30:00+00:00,Werder Bremen at VfL Bochum,SVW @ BOC,VfL Bochum,121,0,Werder Bremen,137,2,STATUS_FULL_TIME,Vonovia Ruhrstadion,2022-2023,0,9,3,2022
638477,2022-09-03 13:30:00+00:00,FC Cologne at VfL Wolfsburg,KOE @ WOB,VfL Wolfsburg,138,2,FC Cologne,122,4,STATUS_FULL_TIME,Volkswagen Arena,2022-2023,0,9,3,2022
638481,2022-09-03 16:30:00+00:00,RB Leipzig at Eintracht Frankfurt,RBL @ SGE,Eintracht Frankfurt,125,4,RB Leipzig,11420,0,STATUS_FULL_TIME,Deutsche Bank Park,2022-2023,0,9,3,2022
638478,2022-09-04 13:30:00+00:00,Hertha Berlin at FC Augsburg,BSC @ FCA,FC Augsburg,3841,0,Hertha Berlin,129,2,STATUS_FULL_TIME,WWK Arena,2022-2023,0,9,4,2022
638473,2022-09-04 15:30:00+00:00,Mainz at Borussia Mönchengladbach,M05 @ BMG,Borussia Mönchengladbach,268,0,Mainz,2950,1,STATUS_FULL_TIME,BORUSSIA-PARK,2022-2023,0,9,4,2022
638488,2022-09-09 18:30:00+00:00,FC Augsburg at Werder Bremen,FCA @ SVW,Werder Bremen,137,0,FC Augsburg,3841,1,STATUS_FULL_TIME,Weserstadion,2022-2023,0,9,9,2022
638483,2022-09-10 13:30:00+00:00,VfB Stuttgart at Bayern Munich,VFB @ MUN,Bayern Munich,132,2,VfB Stuttgart,134,2,STATUS_FULL_TIME,Allianz Arena,2022-2023,0,9,10,2022
638484,2022-09-10 13:30:00+00:00,VfL Wolfsburg at Eintracht Frankfurt,WOB @ SGE,Eintracht Frankfurt,125,0,VfL Wolfsburg,138,1,STATUS_FULL_TIME,Deutsche Bank Park,2022-2023,0,9,10,2022
638486,2022-09-10 13:30:00+00:00,Bayer Leverkusen at Hertha Berlin,B04 @ BSC,Hertha Berlin,129,2,Bayer Leverkusen,131,2,STATUS_FULL_TIME,Olympiastadion Berlin,2022-2023,0,9,10,2022
638490,2022-09-10 13:30:00+00:00,Borussia Dortmund at RB Leipzig,DOR @ RBL,RB Leipzig,11420,3,Borussia Dortmund,124,0,STATUS_FULL_TIME,Red Bull Arena,2022-2023,0,9,10,2022
638487,2022-09-10 13:30:00+00:00,Mainz at TSG Hoffenheim,M05 @ TSG,TSG Hoffenheim,7911,4,Mainz,2950,1,STATUS_FULL_TIME,PreZero Arena,2022-2023,0,9,10,2022
638482,2022-09-10 16:30:00+00:00,VfL Bochum at Schalke 04,BOC @ S04,Schalke 04,133,3,VfL Bochum,121,1,STATUS_FULL_TIME,VELTINS-Arena,2022-2023,0,9,10,2022
638485,2022-09-11 13:30:00+00:00,1. FC Union Berlin at FC Cologne,FCU @ KOE,FC Cologne,122,0,1. FC Union Berlin,598,1,STATUS_FULL_TIME,RheinEnergieStadion,2022-2023,0,9,11,2022
638489,2022-09-11 15:30:00+00:00,Borussia Mönchengladbach at SC Freiburg,BMG @ SCF,SC Freiburg,126,0,Borussia Mönchengladbach,268,0,STATUS_FULL_TIME,Europa-Park Stadion,2022-2023,0,9,11,2022
638492,2022-09-16 18:30:00+00:00,Hertha Berlin at Mainz,BSC @ M05,Mainz,2950,1,Hertha Berlin,129,1,STATUS_FULL_TIME,MEWA ARENA,2022-2023,0,9,16,2022
638493,2022-09-17 13:30:00+00:00,Werder Bremen at Bayer Leverkusen,SVW @ B04,Bayer Leverkusen,131,1,Werder Bremen,137,1,STATUS_FULL_TIME,BayArena,2022-2023,0,9,17,2022
638494,2022-09-17 13:30:00+00:00,Schalke 04 at Borussia Dortmund,S04 @ DOR,Borussia Dortmund,124,1,Schalke 04,133,0,STATUS_FULL_TIME,SIGNAL IDUNA PARK,2022-2023,0,9,17,2022
638497,2022-09-17 13:30:00+00:00,Bayern Munich at FC Augsburg,MUN @ FCA,FC Augsburg,3841,1,Bayern Munich,132,0,STATUS_FULL_TIME,WWK Arena,2022-2023,0,9,17,2022
638499,2022-09-17 13:30:00+00:00,Eintracht Frankfurt at VfB Stuttgart,SGE @ VFB,VfB Stuttgart,134,1,Eintracht Frankfurt,125,3,STATUS_FULL_TIME,MHPArena,2022-2023,0,9,17,2022
638498,2022-09-17 16:30:00+00:00,RB Leipzig at Borussia Mönchengladbach,RBL @ BMG,Borussia Mönchengladbach,268,3,RB Leipzig,11420,0,STATUS_FULL_TIME,BORUSSIA-PARK,2022-2023,0,9,17,2022
638491,2022-09-18 13:30:00+00:00,VfL Wolfsburg at 1. FC Union Berlin,WOB @ FCU,1. FC Union Berlin,598,2,VfL Wolfsburg,138,0,STATUS_FULL_TIME,Stadion An der Alten Försterei,2022-2023,0,9,18,2022
638495,2022-09-18 15:30:00+00:00,FC Cologne at VfL Bochum,KOE @ BOC,VfL Bochum,121,1,FC Cologne,122,1,STATUS_FULL_TIME,Vonovia Ruhrstadion,2022-2023,0,9,18,2022
638496,2022-09-18 17:30:00+00:00,SC Freiburg at TSG Hoffenheim,SCF @ TSG,TSG Hoffenheim,7911,0,SC Freiburg,126,0,STATUS_FULL_TIME,PreZero Arena,2022-2023,0,9,18,2022
638507,2022-09-30 18:30:00+00:00,Bayer Leverkusen at Bayern Munich,B04 @ MUN,Bayern Munich,132,4,Bayer Leverkusen,131,0,STATUS_FULL_TIME,Allianz Arena,2022-2023,0,9,30,2022
638508,2022-10-01 13:30:00+00:00,VfL Bochum at RB Leipzig,BOC @ RBL,RB Leipzig,11420,4,VfL Bochum,121,0,STATUS_FULL_TIME,Red Bull Arena,2022-2023,0,10,1,2022
638504,2022-10-01 13:30:00+00:00,1. FC Union Berlin at Eintracht Frankfurt,FCU @ SGE,Eintracht Frankfurt,125,2,1. FC Union Berlin,598,0,STATUS_FULL_TIME,Deutsche Bank Park,2022-2023,0,10,1,2022
638502,2022-10-01 13:30:00+00:00,Mainz at SC Freiburg,M05 @ SCF,SC Freiburg,126,2,Mainz,2950,1,STATUS_FULL_TIME,Europa-Park Stadion,2022-2023,0,10,1,2022
638500,2022-10-01 13:30:00+00:00,VfB Stuttgart at VfL Wolfsburg,VFB @ WOB,VfL Wolfsburg,138,3,VfB Stuttgart,134,2,STATUS_FULL_TIME,Volkswagen Arena,2022-2023,0,10,1,2022
638503,2022-10-01 13:30:00+00:00,Borussia Dortmund at FC Cologne,DOR @ KOE,FC Cologne,122,3,Borussia Dortmund,124,2,STATUS_FULL_TIME,RheinEnergieStadion,2022-2023,0,10,1,2022
638501,2022-10-01 16:30:00+00:00,Borussia Mönchengladbach at Werder Bremen,BMG @ SVW,Werder Bremen,137,5,Borussia Mönchengladbach,268,1,STATUS_FULL_TIME,Weserstadion,2022-2023,0,10,1,2022
638505,2022-10-02 13:30:00+00:00,TSG Hoffenheim at Hertha Berlin,TSG @ BSC,Hertha Berlin,129,1,TSG Hoffenheim,7911,1,STATUS_FULL_TIME,Olympiastadion Berlin,2022-2023,0,10,2,2022
638506,2022-10-02 15:30:00+00:00,FC Augsburg at Schalke 04,FCA @ S04,Schalke 04,133,2,FC Augsburg,3841,3,STATUS_FULL_TIME,VELTINS-Arena,2022-2023,0,10,2,2022
638511,2022-10-07 18:30:00+00:00,Werder Bremen at TSG Hoffenheim,SVW @ TSG,TSG Hoffenheim,7911,1,Werder Bremen,137,2,STATUS_FULL_TIME,PreZero Arena,2022-2023,0,10,7,2022
638516,2022-10-08 13:30:00+00:00,RB Leipzig at Mainz,RBL @ M05,Mainz,2950,1,RB Leipzig,11420,1,STATUS_FULL_TIME,MEWA ARENA,2022-2023,0,10,8,2022
638509,2022-10-08 13:30:00+00:00,Eintracht Frankfurt at VfL Bochum,SGE @ BOC,VfL Bochum,121,3,Eintracht Frankfurt,125,0,STATUS_FULL_TIME,Vonovia Ruhrstadion,2022-2023,0,10,8,2022
638515,2022-10-08 13:30:00+00:00,Schalke 04 at Bayer Leverkusen,S04 @ B04,Bayer Leverkusen,131,4,Schalke 04,133,0,STATUS_FULL_TIME,BayArena,2022-2023,0,10,8,2022
638512,2022-10-08 13:30:00+00:00,VfL Wolfsburg at FC Augsburg,WOB @ FCA,FC Augsburg,3841,1,VfL Wolfsburg,138,1,STATUS_FULL_TIME,WWK Arena,2022-2023,0,10,8,2022
638514,2022-10-08 16:30:00+00:00,Bayern Munich at Borussia Dortmund,MUN @ DOR,Borussia Dortmund,124,2,Bayern Munich,132,2,STATUS_FULL_TIME,SIGNAL IDUNA PARK,2022-2023,0,10,8,2022
638513,2022-10-09 13:30:00+00:00,FC Cologne at Borussia Mönchengladbach,KOE @ BMG,Borussia Mönchengladbach,268,5,FC Cologne,122,2,STATUS_FULL_TIME,BORUSSIA-PARK,2022-2023,0,10,9,2022
638517,2022-10-09 15:30:00+00:00,SC Freiburg at Hertha Berlin,SCF @ BSC,Hertha Berlin,129,2,SC Freiburg,126,2,STATUS_FULL_TIME,Olympiastadion Berlin,2022-2023,0,10,9,2022
638510,2022-10-09 17:30:00+00:00,1. FC Union Berlin at VfB Stuttgart,FCU @ VFB,VfB Stuttgart,134,0,1. FC Union Berlin,598,1,STATUS_FULL_TIME,MHPArena,2022-2023,0,10,9,2022
638521,2022-10-14 18:30:00+00:00,TSG Hoffenheim at Schalke 04,TSG @ S04,Schalke 04,133,0,TSG Hoffenheim,7911,3,STATUS_FULL_TIME,VELTINS-Arena,2022-2023,0,10,14,2022
638519,2022-10-15 13:30:00+00:00,Bayer Leverkusen at Eintracht Frankfurt,B04 @ SGE,Eintracht Frankfurt,125,5,Bayer Leverkusen,131,1,STATUS_FULL_TIME,Deutsche Bank Park,2022-2023,0,10,15,2022
638524,2022-10-15 13:30:00+00:00,VfL Bochum at VfB Stuttgart,BOC @ VFB,VfB Stuttgart,134,4,VfL Bochum,121,1,STATUS_FULL_TIME,MHPArena,2022-2023,0,10,15,2022
638525,2022-10-15 13:30:00+00:00,Borussia Mönchengladbach at VfL Wolfsburg,BMG @ WOB,VfL Wolfsburg,138,2,Borussia Mönchengladbach,268,2,STATUS_FULL_TIME,Volkswagen Arena,2022-2023,0,10,15,2022
638523,2022-10-15 13:30:00+00:00,Mainz at Werder Bremen,M05 @ SVW,Werder Bremen,137,0,Mainz,2950,2,STATUS_FULL_TIME,Weserstadion,2022-2023,0,10,15,2022
638526,2022-10-15 16:30:00+00:00,Hertha Berlin at RB Leipzig,BSC @ RBL,RB Leipzig,11420,3,Hertha Berlin,129,2,STATUS_FULL_TIME,Red Bull Arena,2022-2023,0,10,15,2022
638522,2022-10-16 13:30:00+00:00,FC Augsburg at FC Cologne,FCA @ KOE,FC Cologne,122,3,FC Augsburg,3841,2,STATUS_FULL_TIME,RheinEnergieStadion,2022-2023,0,10,16,2022
638518,2022-10-16 15:30:00+00:00,Borussia Dortmund at 1. FC Union Berlin,DOR @ FCU,1. FC Union Berlin,598,2,Borussia Dortmund,124,0,STATUS_FULL_TIME,Stadion An der Alten Försterei,2022-2023,0,10,16,2022
638520,2022-10-16 17:30:00+00:00,SC Freiburg at Bayern Munich,SCF @ MUN,Bayern Munich,132,5,SC Freiburg,126,0,STATUS_FULL_TIME,Allianz Arena,2022-2023,0,10,16,2022
638527,2022-10-21 18:30:00+00:00,FC Cologne at Mainz,KOE @ M05,Mainz,2950,5,FC Cologne,122,0,STATUS_FULL_TIME,MEWA ARENA,2022-2023,0,10,21,2022
638528,2022-10-22 13:30:00+00:00,VfL Wolfsburg at Bayer Leverkusen,WOB @ B04,Bayer Leverkusen,131,2,VfL Wolfsburg,138,2,STATUS_FULL_TIME,BayArena,2022-2023,0,10,22,2022
638529,2022-10-22 13:30:00+00:00,VfB Stuttgart at Borussia Dortmund,VFB @ DOR,Borussia Dortmund,124,5,VfB Stuttgart,134,0,STATUS_FULL_TIME,SIGNAL IDUNA PARK,2022-2023,0,10,22,2022
638531,2022-10-22 13:30:00+00:00,RB Leipzig at FC Augsburg,RBL @ FCA,FC Augsburg,3841,3,RB Leipzig,11420,3,STATUS_FULL_TIME,WWK Arena,2022-2023,0,10,22,2022
638533,2022-10-22 13:30:00+00:00,Werder Bremen at SC Freiburg,SVW @ SCF,SC Freiburg,126,2,Werder Bremen,137,0,STATUS_FULL_TIME,Europa-Park Stadion,2022-2023,0,10,22,2022
638534,2022-10-22 13:30:00+00:00,Bayern Munich at TSG Hoffenheim,MUN @ TSG,TSG Hoffenheim,7911,0,Bayern Munich,132,2,STATUS_FULL_TIME,PreZero Arena,2022-2023,0,10,22,2022
638530,2022-10-22 16:30:00+00:00,Eintracht Frankfurt at Borussia Mönchengladbach,SGE @ BMG,Borussia Mönchengladbach,268,1,Eintracht Frankfurt,125,3,STATUS_FULL_TIME,BORUSSIA-PARK,2022-2023,0,10,22,2022
638535,2022-10-23 13:30:00+00:00,1. FC Union Berlin at VfL Bochum,FCU @ BOC,VfL Bochum,121,2,1. FC Union Berlin,598,1,STATUS_FULL_TIME,Vonovia Ruhrstadion,2022-2023,0,10,23,2022
638532,2022-10-23 15:30:00+00:00,Schalke 04 at Hertha Berlin,S04 @ BSC,Hertha Berlin,129,2,Schalke 04,133,1,STATUS_FULL_TIME,Olympiastadion Berlin,2022-2023,0,10,23,2022
638539,2022-10-28 18:30:00+00:00,Hertha Berlin at Werder Bremen,BSC @ SVW,Werder Bremen,137,1,Hertha Berlin,129,0,STATUS_FULL_TIME,Weserstadion,2022-2023,0,10,28,2022
638544,2022-10-29 13:30:00+00:00,Bayer Leverkusen at RB Leipzig,B04 @ RBL,RB Leipzig,11420,2,Bayer Leverkusen,131,0,STATUS_FULL_TIME,Red Bull Arena,2022-2023,0,10,29,2022
638542,2022-10-29 13:30:00+00:00,Mainz at Bayern Munich,M05 @ MUN,Bayern Munich,132,6,Mainz,2950,2,STATUS_FULL_TIME,Allianz Arena,2022-2023,0,10,29,2022
638537,2022-10-29 13:30:00+00:00,VfL Bochum at VfL Wolfsburg,BOC @ WOB,VfL Wolfsburg,138,4,VfL Bochum,121,0,STATUS_FULL_TIME,Volkswagen Arena,2022-2023,0,10,29,2022
638538,2022-10-29 13:30:00+00:00,FC Augsburg at VfB Stuttgart,FCA @ VFB,VfB Stuttgart,134,2,FC Augsburg,3841,1,STATUS_FULL_TIME,MHPArena,2022-2023,0,10,29,2022
638543,2022-10-29 16:30:00+00:00,Borussia Dortmund at Eintracht Frankfurt,DOR @ SGE,Eintracht Frankfurt,125,1,Borussia Dortmund,124,2,STATUS_FULL_TIME,Deutsche Bank Park,2022-2023,0,10,29,2022
638540,2022-10-30 14:30:00+00:00,Borussia Mönchengladbach at 1. FC Union Berlin,BMG @ FCU,1. FC Union Berlin,598,2,Borussia Mönchengladbach,268,1,STATUS_FULL_TIME,Stadion An der Alten Försterei,2022-2023,0,10,30,2022
638541,2022-10-30 16:30:00+00:00,SC Freiburg at Schalke 04,SCF @ S04,Schalke 04,133,0,SC Freiburg,126,2,STATUS_FULL_TIME,VELTINS-Arena,2022-2023,0,10,30,2022
638536,2022-10-30 18:30:00+00:00,TSG Hoffenheim at FC Cologne,TSG @ KOE,FC Cologne,122,1,TSG Hoffenheim,7911,1,STATUS_FULL_TIME,RheinEnergieStadion,2022-2023,0,10,30,2022
638547,2022-11-04 19:30:00+00:00,VfB Stuttgart at Borussia Mönchengladbach,VFB @ BMG,Borussia Mönchengladbach,268,3,VfB Stuttgart,134,1,STATUS_FULL_TIME,BORUSSIA-PARK,2022-2023,0,11,4,2022
638546,2022-11-05 14:30:00+00:00,VfL Bochum at Borussia Dortmund,BOC @ DOR,Borussia Dortmund,124,3,VfL Bochum,121,0,STATUS_FULL_TIME,SIGNAL IDUNA PARK,2022-2023,0,11,5,2022
638553,2022-11-05 14:30:00+00:00,RB Leipzig at TSG Hoffenheim,RBL @ TSG,TSG Hoffenheim,7911,1,RB Leipzig,11420,3,STATUS_FULL_TIME,PreZero Arena,2022-2023,0,11,5,2022
638548,2022-11-05 14:30:00+00:00,Eintracht Frankfurt at FC Augsburg,SGE @ FCA,FC Augsburg,3841,1,Eintracht Frankfurt,125,2,STATUS_FULL_TIME,WWK Arena,2022-2023,0,11,5,2022
638545,2022-11-05 14:30:00+00:00,VfL Wolfsburg at Mainz,WOB @ M05,Mainz,2950,0,VfL Wolfsburg,138,3,STATUS_FULL_TIME,MEWA ARENA,2022-2023,0,11,5,2022
638549,2022-11-05 14:30:00+00:00,Bayern Munich at Hertha Berlin,MUN @ BSC,Hertha Berlin,129,2,Bayern Munich,132,3,STATUS_FULL_TIME,Olympiastadion Berlin,2022-2023,0,11,5,2022
638551,2022-11-05 17:30:00+00:00,Schalke 04 at Werder Bremen,S04 @ SVW,Werder Bremen,137,2,Schalke 04,133,1,STATUS_FULL_TIME,Weserstadion,2022-2023,0,11,5,2022
638552,2022-11-06 14:30:00+00:00,1. FC Union Berlin at Bayer Leverkusen,FCU @ B04,Bayer Leverkusen,131,5,1. FC Union Berlin,598,0,STATUS_FULL_TIME,BayArena,2022-2023,0,11,6,2022
638550,2022-11-06 16:30:00+00:00,FC Cologne at SC Freiburg,KOE @ SCF,SC Freiburg,126,2,FC Cologne,122,0,STATUS_FULL_TIME,Europa-Park Stadion,2022-2023,0,11,6,2022
638562,2022-11-08 17:30:00+00:00,Borussia Dortmund at VfL Wolfsburg,DOR @ WOB,VfL Wolfsburg,138,2,Borussia Dortmund,124,0,STATUS_FULL_TIME,Volkswagen Arena,2022-2023,0,11,8,2022
638556,2022-11-08 19:30:00+00:00,Werder Bremen at Bayern Munich,SVW @ MUN,Bayern Munich,132,6,Werder Bremen,137,1,STATUS_FULL_TIME,Allianz Arena,2022-2023,0,11,8,2022
638559,2022-11-08 19:30:00+00:00,Hertha Berlin at VfB Stuttgart,BSC @ VFB,VfB Stuttgart,134,2,Hertha Berlin,129,1,STATUS_FULL_TIME,MHPArena,2022-2023,0,11,8,2022
638560,2022-11-08 19:30:00+00:00,Borussia Mönchengladbach at VfL Bochum,BMG @ BOC,VfL Bochum,121,2,Borussia Mönchengladbach,268,1,STATUS_FULL_TIME,Vonovia Ruhrstadion,2022-2023,0,11,8,2022
638554,2022-11-09 17:30:00+00:00,Bayer Leverkusen at FC Cologne,B04 @ KOE,FC Cologne,122,1,Bayer Leverkusen,131,2,STATUS_FULL_TIME,RheinEnergieStadion,2022-2023,0,11,9,2022
638555,2022-11-09 19:30:00+00:00,TSG Hoffenheim at Eintracht Frankfurt,TSG @ SGE,Eintracht Frankfurt,125,4,TSG Hoffenheim,7911,2,STATUS_FULL_TIME,Deutsche Bank Park,2022-2023,0,11,9,2022
638561,2022-11-09 19:30:00+00:00,FC Augsburg at 1. FC Union Berlin,FCA @ FCU,1. FC Union Berlin,598,2,FC Augsburg,3841,2,STATUS_FULL_TIME,Stadion An der Alten Försterei,2022-2023,0,11,9,2022
638557,2022-11-09 19:30:00+00:00,Mainz at Schalke 04,M05 @ S04,Schalke 04,133,1,Mainz,2950,0,STATUS_FULL_TIME,VELTINS-Arena,2022-2023,0,11,9,2022
638558,2022-11-09 19:30:00+00:00,SC Freiburg at RB Leipzig,SCF @ RBL,RB Leipzig,11420,3,SC Freiburg,126,1,STATUS_FULL_TIME,Red Bull Arena,2022-2023,0,11,9,2022
638570,2022-11-11 19:30:00+00:00,Borussia Dortmund at Borussia Mönchengladbach,DOR @ BMG,Borussia Mönchengladbach,268,4,Borussia Dortmund,124,2,STATUS_FULL_TIME,BORUSSIA-PARK,2022-2023,0,11,11,2022
638569,2022-11-12 14:30:00+00:00,VfB Stuttgart at Bayer Leverkusen,VFB @ B04,Bayer Leverkusen,131,2,VfB Stuttgart,134,0,STATUS_FULL_TIME,BayArena,2022-2023,0,11,12,2022
638571,2022-11-12 14:30:00+00:00,VfL Bochum at FC Augsburg,BOC @ FCA,FC Augsburg,3841,0,VfL Bochum,121,1,STATUS_FULL_TIME,WWK Arena,2022-2023,0,11,12,2022
638567,2022-11-12 14:30:00+00:00,FC Cologne at Hertha Berlin,KOE @ BSC,Hertha Berlin,129,2,FC Cologne,122,0,STATUS_FULL_TIME,Olympiastadion Berlin,2022-2023,0,11,12,2022
638564,2022-11-12 14:30:00+00:00,VfL Wolfsburg at TSG Hoffenheim,WOB @ TSG,TSG Hoffenheim,7911,1,VfL Wolfsburg,138,2,STATUS_FULL_TIME,PreZero Arena,2022-2023,0,11,12,2022
638565,2022-11-12 14:30:00+00:00,RB Leipzig at Werder Bremen,RBL @ SVW,Werder Bremen,137,1,RB Leipzig,11420,2,STATUS_FULL_TIME,Weserstadion,2022-2023,0,11,12,2022
638568,2022-11-12 17:30:00+00:00,Bayern Munich at Schalke 04,MUN @ S04,Schalke 04,133,0,Bayern Munich,132,2,STATUS_FULL_TIME,VELTINS-Arena,2022-2023,0,11,12,2022
638563,2022-11-13 14:30:00+00:00,Eintracht Frankfurt at Mainz,SGE @ M05,Mainz,2950,1,Eintracht Frankfurt,125,1,STATUS_FULL_TIME,MEWA ARENA,2022-2023,0,11,13,2022
638566,2022-11-13 16:30:00+00:00,1. FC Union Berlin at SC Freiburg,FCU @ SCF,SC Freiburg,126,4,1. FC Union Berlin,598,1,STATUS_FULL_TIME,Europa-Park Stadion,2022-2023,0,11,13,2022
638577,2023-01-20 19:30:00+00:00,Bayern Munich at RB Leipzig,MUN @ RBL,RB Leipzig,11420,1,Bayern Munich,132,1,STATUS_FULL_TIME,Red Bull Arena,2022-2023,0,1,20,2023
638573,2023-01-21 14:30:00+00:00,TSG Hoffenheim at 1. FC Union Berlin,TSG @ FCU,1. FC Union Berlin,598,3,TSG Hoffenheim,7911,1,STATUS_FULL_TIME,Stadion An der Alten Försterei,2022-2023,0,1,21,2023
638576,2023-01-21 14:30:00+00:00,Mainz at VfB Stuttgart,M05 @ VFB,VfB Stuttgart,134,1,Mainz,2950,1,STATUS_FULL_TIME,MHPArena,2022-2023,0,1,21,2023
638575,2023-01-21 14:30:00+00:00,Hertha Berlin at VfL Bochum,BSC @ BOC,VfL Bochum,121,3,Hertha Berlin,129,1,STATUS_FULL_TIME,Vonovia Ruhrstadion,2022-2023,0,1,21,2023
638578,2023-01-21 14:30:00+00:00,Schalke 04 at Eintracht Frankfurt,S04 @ SGE,Eintracht Frankfurt,125,3,Schalke 04,133,0,STATUS_FULL_TIME,Deutsche Bank Park,2022-2023,0,1,21,2023
638574,2023-01-21 14:30:00+00:00,SC Freiburg at VfL Wolfsburg,SCF @ WOB,VfL Wolfsburg,138,6,SC Freiburg,126,0,STATUS_FULL_TIME,Volkswagen Arena,2022-2023,0,1,21,2023
638572,2023-01-21 17:30:00+00:00,Werder Bremen at FC Cologne,SVW @ KOE,FC Cologne,122,7,Werder Bremen,137,1,STATUS_FULL_TIME,RheinEnergieStadion,2022-2023,0,1,21,2023
638580,2023-01-22 14:30:00+00:00,FC Augsburg at Borussia Dortmund,FCA @ DOR,Borussia Dortmund,124,4,FC Augsburg,3841,3,STATUS_FULL_TIME,SIGNAL IDUNA PARK,2022-2023,0,1,22,2023
638579,2023-01-22 16:30:00+00:00,Bayer Leverkusen at Borussia Mönchengladbach,B04 @ BMG,Borussia Mönchengladbach,268,2,Bayer Leverkusen,131,3,STATUS_FULL_TIME,BORUSSIA-PARK,2022-2023,0,1,22,2023
638589,2023-01-24 17:30:00+00:00,RB Leipzig at Schalke 04,RBL @ S04,Schalke 04,133,1,RB Leipzig,11420,6,STATUS_FULL_TIME,VELTINS-Arena,2022-2023,0,1,24,2023
638586,2023-01-24 19:30:00+00:00,FC Cologne at Bayern Munich,KOE @ MUN,Bayern Munich,132,1,FC Cologne,122,1,STATUS_FULL_TIME,Allianz Arena,2022-2023,0,1,24,2023
638584,2023-01-24 19:30:00+00:00,VfL Wolfsburg at Hertha Berlin,WOB @ BSC,Hertha Berlin,129,0,VfL Wolfsburg,138,5,STATUS_FULL_TIME,Olympiastadion Berlin,2022-2023,0,1,24,2023
638585,2023-01-24 19:30:00+00:00,VfB Stuttgart at TSG Hoffenheim,VFB @ TSG,TSG Hoffenheim,7911,2,VfB Stuttgart,134,2,STATUS_FULL_TIME,PreZero Arena,2022-2023,0,1,24,2023
638581,2023-01-25 17:30:00+00:00,Borussia Dortmund at Mainz,DOR @ M05,Mainz,2950,1,Borussia Dortmund,124,2,STATUS_FULL_TIME,MEWA ARENA,2022-2023,0,1,25,2023
638587,2023-01-25 19:30:00+00:00,Borussia Mönchengladbach at FC Augsburg,BMG @ FCA,FC Augsburg,3841,1,Borussia Mönchengladbach,268,0,STATUS_FULL_TIME,WWK Arena,2022-2023,0,1,25,2023
638588,2023-01-25 19:30:00+00:00,VfL Bochum at Bayer Leverkusen,BOC @ B04,Bayer Leverkusen,131,2,VfL Bochum,121,0,STATUS_FULL_TIME,BayArena,2022-2023,0,1,25,2023
638582,2023-01-25 19:30:00+00:00,1. FC Union Berlin at Werder Bremen,FCU @ SVW,Werder Bremen,137,1,1. FC Union Berlin,598,2,STATUS_FULL_TIME,Weserstadion,2022-2023,0,1,25,2023
638583,2023-01-25 19:30:00+00:00,Eintracht Frankfurt at SC Freiburg,SGE @ SCF,SC Freiburg,126,1,Eintracht Frankfurt,125,1,STATUS_FULL_TIME,Europa-Park Stadion,2022-2023,0,1,25,2023
638595,2023-01-27 19:30:00+00:00,VfB Stuttgart at RB Leipzig,VFB @ RBL,RB Leipzig,11420,2,VfB Stuttgart,134,1,STATUS_FULL_TIME,Red Bull Arena,2022-2023,0,1,27,2023
638594,2023-01-28 14:30:00+00:00,1. FC Union Berlin at Hertha Berlin,FCU @ BSC,Hertha Berlin,129,0,1. FC Union Berlin,598,2,STATUS_FULL_TIME,Olympiastadion Berlin,2022-2023,0,1,28,2023
638590,2023-01-28 14:30:00+00:00,VfL Bochum at Mainz,BOC @ M05,Mainz,2950,5,VfL Bochum,121,2,STATUS_FULL_TIME,MEWA ARENA,2022-2023,0,1,28,2023
638596,2023-01-28 14:30:00+00:00,FC Augsburg at SC Freiburg,FCA @ SCF,SC Freiburg,126,3,FC Augsburg,3841,1,STATUS_FULL_TIME,Europa-Park Stadion,2022-2023,0,1,28,2023
638598,2023-01-28 14:30:00+00:00,Borussia Mönchengladbach at TSG Hoffenheim,BMG @ TSG,TSG Hoffenheim,7911,1,Borussia Mönchengladbach,268,4,STATUS_FULL_TIME,PreZero Arena,2022-2023,0,1,28,2023
638597,2023-01-28 14:30:00+00:00,VfL Wolfsburg at Werder Bremen,WOB @ SVW,Werder Bremen,137,2,VfL Wolfsburg,138,1,STATUS_FULL_TIME,Weserstadion,2022-2023,0,1,28,2023
638592,2023-01-28 17:30:00+00:00,Eintracht Frankfurt at Bayern Munich,SGE @ MUN,Bayern Munich,132,1,Eintracht Frankfurt,125,1,STATUS_FULL_TIME,Allianz Arena,2022-2023,0,1,28,2023
638593,2023-01-29 14:30:00+00:00,FC Cologne at Schalke 04,KOE @ S04,Schalke 04,133,0,FC Cologne,122,0,STATUS_FULL_TIME,VELTINS-Arena,2022-2023,0,1,29,2023
638591,2023-01-29 16:30:00+00:00,Borussia Dortmund at Bayer Leverkusen,DOR @ B04,Bayer Leverkusen,131,0,Borussia Dortmund,124,2,STATUS_FULL_TIME,BayArena,2022-2023,0,1,29,2023
638601,2023-02-03 19:30:00+00:00,Bayer Leverkusen at FC Augsburg,B04 @ FCA,FC Augsburg,3841,1,Bayer Leverkusen,131,0,STATUS_FULL_TIME,WWK Arena,2022-2023,0,2,3,2023
638605,2023-02-04 14:30:00+00:00,Mainz at 1. FC Union Berlin,M05 @ FCU,1. FC Union Berlin,598,2,Mainz,2950,1,STATUS_FULL_TIME,Stadion An der Alten Försterei,2022-2023,0,2,4,2023
638604,2023-02-04 14:30:00+00:00,SC Freiburg at Borussia Dortmund,SCF @ DOR,Borussia Dortmund,124,5,SC Freiburg,126,1,STATUS_FULL_TIME,SIGNAL IDUNA PARK,2022-2023,0,2,4,2023
638602,2023-02-04 14:30:00+00:00,Hertha Berlin at Eintracht Frankfurt,BSC @ SGE,Eintracht Frankfurt,125,3,Hertha Berlin,129,0,STATUS_FULL_TIME,Deutsche Bank Park,2022-2023,0,2,4,2023
638606,2023-02-04 14:30:00+00:00,RB Leipzig at FC Cologne,RBL @ KOE,FC Cologne,122,0,RB Leipzig,11420,0,STATUS_FULL_TIME,RheinEnergieStadion,2022-2023,0,2,4,2023
638599,2023-02-04 14:30:00+00:00,TSG Hoffenheim at VfL Bochum,TSG @ BOC,VfL Bochum,121,5,TSG Hoffenheim,7911,2,STATUS_FULL_TIME,Vonovia Ruhrstadion,2022-2023,0,2,4,2023
638607,2023-02-04 17:30:00+00:00,Schalke 04 at Borussia Mönchengladbach,S04 @ BMG,Borussia Mönchengladbach,268,0,Schalke 04,133,0,STATUS_FULL_TIME,BORUSSIA-PARK,2022-2023,0,2,4,2023
638600,2023-02-05 14:30:00+00:00,Werder Bremen at VfB Stuttgart,SVW @ VFB,VfB Stuttgart,134,0,Werder Bremen,137,2,STATUS_FULL_TIME,MHPArena,2022-2023,0,2,5,2023
638603,2023-02-05 16:30:00+00:00,Bayern Munich at VfL Wolfsburg,MUN @ WOB,VfL Wolfsburg,138,2,Bayern Munich,132,4,STATUS_FULL_TIME,Volkswagen Arena,2022-2023,0,2,5,2023
638612,2023-02-10 19:30:00+00:00,VfL Wolfsburg at Schalke 04,WOB @ S04,Schalke 04,133,0,VfL Wolfsburg,138,0,STATUS_FULL_TIME,VELTINS-Arena,2022-2023,0,2,10,2023
638613,2023-02-11 14:30:00+00:00,VfL Bochum at Bayern Munich,BOC @ MUN,Bayern Munich,132,3,VfL Bochum,121,0,STATUS_FULL_TIME,Allianz Arena,2022-2023,0,2,11,2023
638614,2023-02-11 14:30:00+00:00,FC Augsburg at Mainz,FCA @ M05,Mainz,2950,3,FC Augsburg,3841,1,STATUS_FULL_TIME,MEWA ARENA,2022-2023,0,2,11,2023
638609,2023-02-11 14:30:00+00:00,VfB Stuttgart at SC Freiburg,VFB @ SCF,SC Freiburg,126,2,VfB Stuttgart,134,1,STATUS_FULL_TIME,Europa-Park Stadion,2022-2023,0,2,11,2023
638616,2023-02-11 14:30:00+00:00,Bayer Leverkusen at TSG Hoffenheim,B04 @ TSG,TSG Hoffenheim,7911,1,Bayer Leverkusen,131,3,STATUS_FULL_TIME,PreZero Arena,2022-2023,0,2,11,2023
638608,2023-02-11 14:30:00+00:00,Borussia Dortmund at Werder Bremen,DOR @ SVW,Werder Bremen,137,0,Borussia Dortmund,124,2,STATUS_FULL_TIME,Weserstadion,2022-2023,0,2,11,2023
638610,2023-02-11 17:30:00+00:00,1. FC Union Berlin at RB Leipzig,FCU @ RBL,RB Leipzig,11420,1,1. FC Union Berlin,598,2,STATUS_FULL_TIME,Red Bull Arena,2022-2023,0,2,11,2023
638611,2023-02-12 14:30:00+00:00,Borussia Mönchengladbach at Hertha Berlin,BMG @ BSC,Hertha Berlin,129,4,Borussia Mönchengladbach,268,1,STATUS_FULL_TIME,Olympiastadion Berlin,2022-2023,0,2,12,2023
638615,2023-02-12 16:30:00+00:00,Eintracht Frankfurt at FC Cologne,SGE @ KOE,FC Cologne,122,3,Eintracht Frankfurt,125,0,STATUS_FULL_TIME,RheinEnergieStadion,2022-2023,0,2,12,2023
638622,2023-02-17 19:30:00+00:00,TSG Hoffenheim at FC Augsburg,TSG @ FCA,FC Augsburg,3841,1,TSG Hoffenheim,7911,0,STATUS_FULL_TIME,WWK Arena,2022-2023,0,2,17,2023
638620,2023-02-18 14:30:00+00:00,SC Freiburg at VfL Bochum,SCF @ BOC,VfL Bochum,121,0,SC Freiburg,126,2,STATUS_FULL_TIME,Vonovia Ruhrstadion,2022-2023,0,2,18,2023
638624,2023-02-18 14:30:00+00:00,Bayern Munich at Borussia Mönchengladbach,MUN @ BMG,Borussia Mönchengladbach,268,3,Bayern Munich,132,2,STATUS_FULL_TIME,BORUSSIA-PARK,2022-2023,0,2,18,2023
638621,2023-02-18 14:30:00+00:00,FC Cologne at VfB Stuttgart,KOE @ VFB,VfB Stuttgart,134,3,FC Cologne,122,0,STATUS_FULL_TIME,MHPArena,2022-2023,0,2,18,2023
638619,2023-02-18 14:30:00+00:00,RB Leipzig at VfL Wolfsburg,RBL @ WOB,VfL Wolfsburg,138,0,RB Leipzig,11420,3,STATUS_FULL_TIME,Volkswagen Arena,2022-2023,0,2,18,2023
638623,2023-02-18 17:30:00+00:00,Werder Bremen at Eintracht Frankfurt,SVW @ SGE,Eintracht Frankfurt,125,2,Werder Bremen,137,0,STATUS_FULL_TIME,Deutsche Bank Park,2022-2023,0,2,18,2023
638617,2023-02-19 14:30:00+00:00,Schalke 04 at 1. FC Union Berlin,S04 @ FCU,1. FC Union Berlin,598,0,Schalke 04,133,0,STATUS_FULL_TIME,Stadion An der Alten Försterei,2022-2023,0,2,19,2023
638625,2023-02-19 16:30:00+00:00,Hertha Berlin at Borussia Dortmund,BSC @ DOR,Borussia Dortmund,124,4,Hertha Berlin,129,1,STATUS_FULL_TIME,SIGNAL IDUNA PARK,2022-2023,0,2,19,2023
638618,2023-02-19 18:30:00+00:00,Mainz at Bayer Leverkusen,M05 @ B04,Bayer Leverkusen,131,2,Mainz,2950,3,STATUS_FULL_TIME,BayArena,2022-2023,0,2,19,2023
638633,2023-02-24 19:30:00+00:00,Borussia Mönchengladbach at Mainz,BMG @ M05,Mainz,2950,4,Borussia Mönchengladbach,268,0,STATUS_FULL_TIME,MEWA ARENA,2022-2023,0,2,24,2023
638626,2023-02-25 14:30:00+00:00,VfL Wolfsburg at FC Cologne,WOB @ KOE,FC Cologne,122,0,VfL Wolfsburg,138,2,STATUS_FULL_TIME,RheinEnergieStadion,2022-2023,0,2,25,2023
638634,2023-02-25 14:30:00+00:00,FC Augsburg at Hertha Berlin,FCA @ BSC,Hertha Berlin,129,2,FC Augsburg,3841,0,STATUS_FULL_TIME,Olympiastadion Berlin,2022-2023,0,2,25,2023
638629,2023-02-25 14:30:00+00:00,Eintracht Frankfurt at RB Leipzig,SGE @ RBL,RB Leipzig,11420,2,Eintracht Frankfurt,125,1,STATUS_FULL_TIME,Red Bull Arena,2022-2023,0,2,25,2023
638630,2023-02-25 14:30:00+00:00,Borussia Dortmund at TSG Hoffenheim,DOR @ TSG,TSG Hoffenheim,7911,0,Borussia Dortmund,124,1,STATUS_FULL_TIME,PreZero Arena,2022-2023,0,2,25,2023
638627,2023-02-25 14:30:00+00:00,VfL Bochum at Werder Bremen,BOC @ SVW,Werder Bremen,137,3,VfL Bochum,121,0,STATUS_FULL_TIME,Weserstadion,2022-2023,0,2,25,2023
638631,2023-02-25 17:30:00+00:00,VfB Stuttgart at Schalke 04,VFB @ S04,Schalke 04,133,2,VfB Stuttgart,134,1,STATUS_FULL_TIME,VELTINS-Arena,2022-2023,0,2,25,2023
638628,2023-02-26 14:30:00+00:00,Bayer Leverkusen at SC Freiburg,B04 @ SCF,SC Freiburg,126,1,Bayer Leverkusen,131,1,STATUS_FULL_TIME,Europa-Park Stadion,2022-2023,0,2,26,2023
638632,2023-02-26 16:30:00+00:00,1. FC Union Berlin at Bayern Munich,FCU @ MUN,Bayern Munich,132,3,1. FC Union Berlin,598,0,STATUS_FULL_TIME,Allianz Arena,2022-2023,0,2,26,2023
638635,2023-03-03 19:30:00+00:00,RB Leipzig at Borussia Dortmund,RBL @ DOR,Borussia Dortmund,124,2,RB Leipzig,11420,1,STATUS_FULL_TIME,SIGNAL IDUNA PARK,2022-2023,0,3,3,2023
638638,2023-03-04 14:30:00+00:00,FC Cologne at 1. FC Union Berlin,KOE @ FCU,1. FC Union Berlin,598,0,FC Cologne,122,0,STATUS_FULL_TIME,Stadion An der Alten Försterei,2022-2023,0,3,4,2023
638643,2023-03-04 14:30:00+00:00,SC Freiburg at Borussia Mönchengladbach,SCF @ BMG,Borussia Mönchengladbach,268,0,SC Freiburg,126,0,STATUS_FULL_TIME,BORUSSIA-PARK,2022-2023,0,3,4,2023
638640,2023-03-04 14:30:00+00:00,Werder Bremen at FC Augsburg,SVW @ FCA,FC Augsburg,3841,2,Werder Bremen,137,1,STATUS_FULL_TIME,WWK Arena,2022-2023,0,3,4,2023
638637,2023-03-04 14:30:00+00:00,TSG Hoffenheim at Mainz,TSG @ M05,Mainz,2950,1,TSG Hoffenheim,7911,0,STATUS_FULL_TIME,MEWA ARENA,2022-2023,0,3,4,2023
638642,2023-03-04 14:30:00+00:00,Schalke 04 at VfL Bochum,S04 @ BOC,VfL Bochum,121,0,Schalke 04,133,2,STATUS_FULL_TIME,Vonovia Ruhrstadion,2022-2023,0,3,4,2023
638641,2023-03-04 17:30:00+00:00,Bayern Munich at VfB Stuttgart,MUN @ VFB,VfB Stuttgart,134,1,Bayern Munich,132,2,STATUS_FULL_TIME,MHPArena,2022-2023,0,3,4,2023
638636,2023-03-05 14:30:00+00:00,Hertha Berlin at Bayer Leverkusen,BSC @ B04,Bayer Leverkusen,131,4,Hertha Berlin,129,1,STATUS_FULL_TIME,BayArena,2022-2023,0,3,5,2023
638639,2023-03-05 16:30:00+00:00,Eintracht Frankfurt at VfL Wolfsburg,SGE @ WOB,VfL Wolfsburg,138,2,Eintracht Frankfurt,125,2,STATUS_FULL_TIME,Volkswagen Arena,2022-2023,0,3,5,2023
638647,2023-03-10 19:30:00+00:00,VfL Bochum at FC Cologne,BOC @ KOE,FC Cologne,122,0,VfL Bochum,121,2,STATUS_FULL_TIME,RheinEnergieStadion,2022-2023,0,3,10,2023
638645,2023-03-11 14:30:00+00:00,FC Augsburg at Bayern Munich,FCA @ MUN,Bayern Munich,132,5,FC Augsburg,3841,3,STATUS_FULL_TIME,Allianz Arena,2022-2023,0,3,11,2023
638646,2023-03-11 14:30:00+00:00,VfB Stuttgart at Eintracht Frankfurt,VFB @ SGE,Eintracht Frankfurt,125,1,VfB Stuttgart,134,1,STATUS_FULL_TIME,Deutsche Bank Park,2022-2023,0,3,11,2023
638648,2023-03-11 14:30:00+00:00,Mainz at Hertha Berlin,M05 @ BSC,Hertha Berlin,129,1,Mainz,2950,1,STATUS_FULL_TIME,Olympiastadion Berlin,2022-2023,0,3,11,2023
638652,2023-03-11 14:30:00+00:00,Borussia Mönchengladbach at RB Leipzig,BMG @ RBL,RB Leipzig,11420,3,Borussia Mönchengladbach,268,0,STATUS_FULL_TIME,Red Bull Arena,2022-2023,0,3,11,2023
638644,2023-03-11 17:30:00+00:00,Borussia Dortmund at Schalke 04,DOR @ S04,Schalke 04,133,2,Borussia Dortmund,124,2,STATUS_FULL_TIME,VELTINS-Arena,2022-2023,0,3,11,2023
638651,2023-03-12 14:30:00+00:00,TSG Hoffenheim at SC Freiburg,TSG @ SCF,SC Freiburg,126,2,TSG Hoffenheim,7911,1,STATUS_FULL_TIME,Europa-Park Stadion,2022-2023,0,3,12,2023
638650,2023-03-12 16:30:00+00:00,Bayer Leverkusen at Werder Bremen,B04 @ SVW,Werder Bremen,137,2,Bayer Leverkusen,131,3,STATUS_FULL_TIME,Weserstadion,2022-2023,0,3,12,2023
638649,2023-03-12 18:30:00+00:00,1. FC Union Berlin at VfL Wolfsburg,FCU @ WOB,VfL Wolfsburg,138,1,1. FC Union Berlin,598,1,STATUS_FULL_TIME,Volkswagen Arena,2022-2023,0,3,12,2023
638660,2023-03-17 19:30:00+00:00,Werder Bremen at Borussia Mönchengladbach,SVW @ BMG,Borussia Mönchengladbach,268,2,Werder Bremen,137,2,STATUS_FULL_TIME,BORUSSIA-PARK,2022-2023,0,3,17,2023
638659,2023-03-18 14:30:00+00:00,Schalke 04 at FC Augsburg,S04 @ FCA,FC Augsburg,3841,1,Schalke 04,133,1,STATUS_FULL_TIME,WWK Arena,2022-2023,0,3,18,2023
638658,2023-03-18 14:30:00+00:00,Hertha Berlin at TSG Hoffenheim,BSC @ TSG,TSG Hoffenheim,7911,3,Hertha Berlin,129,1,STATUS_FULL_TIME,PreZero Arena,2022-2023,0,3,18,2023
638661,2023-03-18 14:30:00+00:00,VfL Wolfsburg at VfB Stuttgart,WOB @ VFB,VfB Stuttgart,134,0,VfL Wolfsburg,138,1,STATUS_FULL_TIME,MHPArena,2022-2023,0,3,18,2023
638657,2023-03-18 14:30:00+00:00,RB Leipzig at VfL Bochum,RBL @ BOC,VfL Bochum,121,1,RB Leipzig,11420,0,STATUS_FULL_TIME,Vonovia Ruhrstadion,2022-2023,0,3,18,2023
638656,2023-03-18 17:30:00+00:00,FC Cologne at Borussia Dortmund,KOE @ DOR,Borussia Dortmund,124,6,FC Cologne,122,1,STATUS_FULL_TIME,SIGNAL IDUNA PARK,2022-2023,0,3,18,2023
638653,2023-03-19 14:30:00+00:00,Eintracht Frankfurt at 1. FC Union Berlin,SGE @ FCU,1. FC Union Berlin,598,2,Eintracht Frankfurt,125,0,STATUS_FULL_TIME,Stadion An der Alten Försterei,2022-2023,0,3,19,2023
638655,2023-03-19 16:30:00+00:00,Bayern Munich at Bayer Leverkusen,MUN @ B04,Bayer Leverkusen,131,2,Bayern Munich,132,1,STATUS_FULL_TIME,BayArena,2022-2023,0,3,19,2023
638654,2023-03-19 18:30:00+00:00,SC Freiburg at Mainz,SCF @ M05,Mainz,2950,1,SC Freiburg,126,1,STATUS_FULL_TIME,MEWA ARENA,2022-2023,0,3,19,2023
638663,2023-03-31 18:30:00+00:00,VfL Bochum at Eintracht Frankfurt,BOC @ SGE,Eintracht Frankfurt,125,1,VfL Bochum,121,1,STATUS_FULL_TIME,Deutsche Bank Park,2022-2023,0,3,31,2023
638670,2023-04-01 13:30:00+00:00,VfB Stuttgart at 1. FC Union Berlin,VFB @ FCU,1. FC Union Berlin,598,3,VfB Stuttgart,134,0,STATUS_FULL_TIME,Stadion An der Alten Försterei,2022-2023,0,4,1,2023
638667,2023-04-01 13:30:00+00:00,Mainz at RB Leipzig,M05 @ RBL,RB Leipzig,11420,0,Mainz,2950,3,STATUS_FULL_TIME,Red Bull Arena,2022-2023,0,4,1,2023
638666,2023-04-01 13:30:00+00:00,Hertha Berlin at SC Freiburg,BSC @ SCF,SC Freiburg,126,1,Hertha Berlin,129,1,STATUS_FULL_TIME,Europa-Park Stadion,2022-2023,0,4,1,2023
638668,2023-04-01 13:30:00+00:00,Bayer Leverkusen at Schalke 04,B04 @ S04,Schalke 04,133,0,Bayer Leverkusen,131,3,STATUS_FULL_TIME,VELTINS-Arena,2022-2023,0,4,1,2023
638664,2023-04-01 13:30:00+00:00,FC Augsburg at VfL Wolfsburg,FCA @ WOB,VfL Wolfsburg,138,2,FC Augsburg,3841,2,STATUS_FULL_TIME,Volkswagen Arena,2022-2023,0,4,1,2023
638662,2023-04-01 16:30:00+00:00,Borussia Dortmund at Bayern Munich,DOR @ MUN,Bayern Munich,132,4,Borussia Dortmund,124,2,STATUS_FULL_TIME,Allianz Arena,2022-2023,0,4,1,2023
638669,2023-04-02 13:30:00+00:00,Borussia Mönchengladbach at FC Cologne,BMG @ KOE,FC Cologne,122,0,Borussia Mönchengladbach,268,0,STATUS_FULL_TIME,RheinEnergieStadion,2022-2023,0,4,2,2023
638665,2023-04-02 15:30:00+00:00,TSG Hoffenheim at Werder Bremen,TSG @ SVW,Werder Bremen,137,1,TSG Hoffenheim,7911,2,STATUS_FULL_TIME,Weserstadion,2022-2023,0,4,2,2023
638678,2023-04-08 13:30:00+00:00,Eintracht Frankfurt at Bayer Leverkusen,SGE @ B04,Bayer Leverkusen,131,3,Eintracht Frankfurt,125,1,STATUS_FULL_TIME,BayArena,2022-2023,0,4,8,2023
638677,2023-04-08 13:30:00+00:00,1. FC Union Berlin at Borussia Dortmund,FCU @ DOR,Borussia Dortmund,124,2,1. FC Union Berlin,598,1,STATUS_FULL_TIME,SIGNAL IDUNA PARK,2022-2023,0,4,8,2023
638679,2023-04-08 13:30:00+00:00,FC Cologne at FC Augsburg,KOE @ FCA,FC Augsburg,3841,1,FC Cologne,122,3,STATUS_FULL_TIME,WWK Arena,2022-2023,0,4,8,2023
638671,2023-04-08 13:30:00+00:00,Werder Bremen at Mainz,SVW @ M05,Mainz,2950,2,Werder Bremen,137,2,STATUS_FULL_TIME,MEWA ARENA,2022-2023,0,4,8,2023
638673,2023-04-08 13:30:00+00:00,Bayern Munich at SC Freiburg,MUN @ SCF,SC Freiburg,126,0,Bayern Munich,132,1,STATUS_FULL_TIME,Europa-Park Stadion,2022-2023,0,4,8,2023
638674,2023-04-08 16:30:00+00:00,RB Leipzig at Hertha Berlin,RBL @ BSC,Hertha Berlin,129,0,RB Leipzig,11420,1,STATUS_FULL_TIME,Olympiastadion Berlin,2022-2023,0,4,8,2023
638676,2023-04-09 13:30:00+00:00,VfL Wolfsburg at Borussia Mönchengladbach,WOB @ BMG,Borussia Mönchengladbach,268,2,VfL Wolfsburg,138,0,STATUS_FULL_TIME,BORUSSIA-PARK,2022-2023,0,4,9,2023
638675,2023-04-09 15:30:00+00:00,VfB Stuttgart at VfL Bochum,VFB @ BOC,VfL Bochum,121,2,VfB Stuttgart,134,3,STATUS_FULL_TIME,Vonovia Ruhrstadion,2022-2023,0,4,9,2023
638672,2023-04-09 17:30:00+00:00,Schalke 04 at TSG Hoffenheim,S04 @ TSG,TSG Hoffenheim,7911,2,Schalke 04,133,0,STATUS_FULL_TIME,PreZero Arena,2022-2023,0,4,9,2023
638684,2023-04-14 18:30:00+00:00,Hertha Berlin at Schalke 04,BSC @ S04,Schalke 04,133,5,Hertha Berlin,129,2,STATUS_FULL_TIME,VELTINS-Arena,2022-2023,0,4,14,2023
638680,2023-04-15 13:30:00+00:00,TSG Hoffenheim at Bayern Munich,TSG @ MUN,Bayern Munich,132,1,TSG Hoffenheim,7911,1,STATUS_FULL_TIME,Allianz Arena,2022-2023,0,4,15,2023
638683,2023-04-15 13:30:00+00:00,Mainz at FC Cologne,M05 @ KOE,FC Cologne,122,1,Mainz,2950,1,STATUS_FULL_TIME,RheinEnergieStadion,2022-2023,0,4,15,2023
638688,2023-04-15 13:30:00+00:00,FC Augsburg at RB Leipzig,FCA @ RBL,RB Leipzig,11420,3,FC Augsburg,3841,2,STATUS_FULL_TIME,Red Bull Arena,2022-2023,0,4,15,2023
638686,2023-04-15 13:30:00+00:00,Borussia Dortmund at VfB Stuttgart,DOR @ VFB,VfB Stuttgart,134,3,Borussia Dortmund,124,3,STATUS_FULL_TIME,MHPArena,2022-2023,0,4,15,2023
638681,2023-04-15 16:30:00+00:00,Borussia Mönchengladbach at Eintracht Frankfurt,BMG @ SGE,Eintracht Frankfurt,125,1,Borussia Mönchengladbach,268,1,STATUS_FULL_TIME,Deutsche Bank Park,2022-2023,0,4,15,2023
638687,2023-04-16 13:30:00+00:00,SC Freiburg at Werder Bremen,SCF @ SVW,Werder Bremen,137,1,SC Freiburg,126,2,STATUS_FULL_TIME,Weserstadion,2022-2023,0,4,16,2023
638682,2023-04-16 15:30:00+00:00,VfL Bochum at 1. FC Union Berlin,BOC @ FCU,1. FC Union Berlin,598,1,VfL Bochum,121,1,STATUS_FULL_TIME,Stadion An der Alten Försterei,2022-2023,0,4,16,2023
638685,2023-04-16 17:30:00+00:00,Bayer Leverkusen at VfL Wolfsburg,B04 @ WOB,VfL Wolfsburg,138,0,Bayer Leverkusen,131,0,STATUS_FULL_TIME,Volkswagen Arena,2022-2023,0,4,16,2023
638695,2023-04-21 18:30:00+00:00,VfB Stuttgart at FC Augsburg,VFB @ FCA,FC Augsburg,3841,1,VfB Stuttgart,134,1,STATUS_FULL_TIME,WWK Arena,2022-2023,0,4,21,2023
638694,2023-04-22 13:30:00+00:00,Werder Bremen at Hertha Berlin,SVW @ BSC,Hertha Berlin,129,2,Werder Bremen,137,4,STATUS_FULL_TIME,Olympiastadion Berlin,2022-2023,0,4,22,2023
638689,2023-04-22 13:30:00+00:00,Bayern Munich at Mainz,MUN @ M05,Mainz,2950,3,Bayern Munich,132,1,STATUS_FULL_TIME,MEWA ARENA,2022-2023,0,4,22,2023
638692,2023-04-22 13:30:00+00:00,FC Cologne at TSG Hoffenheim,KOE @ TSG,TSG Hoffenheim,7911,1,FC Cologne,122,3,STATUS_FULL_TIME,PreZero Arena,2022-2023,0,4,22,2023
638691,2023-04-22 13:30:00+00:00,VfL Wolfsburg at VfL Bochum,WOB @ BOC,VfL Bochum,121,1,VfL Wolfsburg,138,5,STATUS_FULL_TIME,Vonovia Ruhrstadion,2022-2023,0,4,22,2023
638697,2023-04-22 16:30:00+00:00,Eintracht Frankfurt at Borussia Dortmund,SGE @ DOR,Borussia Dortmund,124,4,Eintracht Frankfurt,125,0,STATUS_FULL_TIME,SIGNAL IDUNA PARK,2022-2023,0,4,22,2023
638693,2023-04-23 13:30:00+00:00,Schalke 04 at SC Freiburg,S04 @ SCF,SC Freiburg,126,4,Schalke 04,133,0,STATUS_FULL_TIME,Europa-Park Stadion,2022-2023,0,4,23,2023
638690,2023-04-23 15:30:00+00:00,RB Leipzig at Bayer Leverkusen,RBL @ B04,Bayer Leverkusen,131,2,RB Leipzig,11420,0,STATUS_FULL_TIME,BayArena,2022-2023,0,4,23,2023
638696,2023-04-23 17:30:00+00:00,1. FC Union Berlin at Borussia Mönchengladbach,FCU @ BMG,Borussia Mönchengladbach,268,0,1. FC Union Berlin,598,1,STATUS_FULL_TIME,BORUSSIA-PARK,2022-2023,0,4,23,2023
638706,2023-04-28 18:30:00+00:00,Borussia Dortmund at VfL Bochum,DOR @ BOC,VfL Bochum,121,1,Borussia Dortmund,124,1,STATUS_FULL_TIME,Vonovia Ruhrstadion,2022-2023,0,4,28,2023
638705,2023-04-29 13:30:00+00:00,Bayer Leverkusen at 1. FC Union Berlin,B04 @ FCU,1. FC Union Berlin,598,0,Bayer Leverkusen,131,0,STATUS_FULL_TIME,Stadion An der Alten Försterei,2022-2023,0,4,29,2023
638704,2023-04-29 13:30:00+00:00,FC Augsburg at Eintracht Frankfurt,FCA @ SGE,Eintracht Frankfurt,125,1,FC Augsburg,3841,1,STATUS_FULL_TIME,Deutsche Bank Park,2022-2023,0,4,29,2023
638698,2023-04-29 13:30:00+00:00,SC Freiburg at FC Cologne,SCF @ KOE,FC Cologne,122,0,SC Freiburg,126,1,STATUS_FULL_TIME,RheinEnergieStadion,2022-2023,0,4,29,2023
638700,2023-04-29 13:30:00+00:00,TSG Hoffenheim at RB Leipzig,TSG @ RBL,RB Leipzig,11420,1,TSG Hoffenheim,7911,0,STATUS_FULL_TIME,Red Bull Arena,2022-2023,0,4,29,2023
638701,2023-04-29 13:30:00+00:00,Borussia Mönchengladbach at VfB Stuttgart,BMG @ VFB,VfB Stuttgart,134,2,Borussia Mönchengladbach,268,1,STATUS_FULL_TIME,MHPArena,2022-2023,0,4,29,2023
638699,2023-04-29 16:30:00+00:00,Werder Bremen at Schalke 04,SVW @ S04,Schalke 04,133,2,Werder Bremen,137,1,STATUS_FULL_TIME,VELTINS-Arena,2022-2023,0,4,29,2023
638703,2023-04-30 13:30:00+00:00,Hertha Berlin at Bayern Munich,BSC @ MUN,Bayern Munich,132,2,Hertha Berlin,129,0,STATUS_FULL_TIME,Allianz Arena,2022-2023,0,4,30,2023
638702,2023-04-30 15:30:00+00:00,Mainz at VfL Wolfsburg,M05 @ WOB,VfL Wolfsburg,138,3,Mainz,2950,0,STATUS_FULL_TIME,Volkswagen Arena,2022-2023,0,4,30,2023
638713,2023-05-05 18:30:00+00:00,FC Cologne at Bayer Leverkusen,KOE @ B04,Bayer Leverkusen,131,1,FC Cologne,122,2,STATUS_FULL_TIME,BayArena,2022-2023,0,5,5,2023
638714,2023-05-05 18:30:00+00:00,Schalke 04 at Mainz,S04 @ M05,Mainz,2950,2,Schalke 04,133,3,STATUS_FULL_TIME,MEWA ARENA,2022-2023,0,5,5,2023
638715,2023-05-06 13:30:00+00:00,VfL Bochum at Borussia Mönchengladbach,BOC @ BMG,Borussia Mönchengladbach,268,2,VfL Bochum,121,0,STATUS_FULL_TIME,BORUSSIA-PARK,2022-2023,0,5,6,2023
638710,2023-05-06 13:30:00+00:00,1. FC Union Berlin at FC Augsburg,FCU @ FCA,FC Augsburg,3841,1,1. FC Union Berlin,598,0,STATUS_FULL_TIME,WWK Arena,2022-2023,0,5,6,2023
638709,2023-05-06 13:30:00+00:00,VfB Stuttgart at Hertha Berlin,VFB @ BSC,Hertha Berlin,129,2,VfB Stuttgart,134,1,STATUS_FULL_TIME,Olympiastadion Berlin,2022-2023,0,5,6,2023
638708,2023-05-06 13:30:00+00:00,RB Leipzig at SC Freiburg,RBL @ SCF,SC Freiburg,126,0,RB Leipzig,11420,1,STATUS_FULL_TIME,Europa-Park Stadion,2022-2023,0,5,6,2023
638711,2023-05-06 13:30:00+00:00,Eintracht Frankfurt at TSG Hoffenheim,SGE @ TSG,TSG Hoffenheim,7911,3,Eintracht Frankfurt,125,1,STATUS_FULL_TIME,PreZero Arena,2022-2023,0,5,6,2023
638707,2023-05-06 16:30:00+00:00,Bayern Munich at Werder Bremen,MUN @ SVW,Werder Bremen,137,1,Bayern Munich,132,2,STATUS_FULL_TIME,Weserstadion,2022-2023,0,5,6,2023
638712,2023-05-07 15:30:00+00:00,VfL Wolfsburg at Borussia Dortmund,WOB @ DOR,Borussia Dortmund,124,6,VfL Wolfsburg,138,0,STATUS_FULL_TIME,SIGNAL IDUNA PARK,2022-2023,0,5,7,2023
638723,2023-05-12 18:30:00+00:00,Hertha Berlin at FC Cologne,BSC @ KOE,FC Cologne,122,5,Hertha Berlin,129,2,STATUS_FULL_TIME,RheinEnergieStadion,2022-2023,0,5,12,2023
638720,2023-05-13 13:30:00+00:00,Mainz at Eintracht Frankfurt,M05 @ SGE,Eintracht Frankfurt,125,3,Mainz,2950,0,STATUS_FULL_TIME,Deutsche Bank Park,2022-2023,0,5,13,2023
638722,2023-05-13 13:30:00+00:00,SC Freiburg at 1. FC Union Berlin,SCF @ FCU,1. FC Union Berlin,598,4,SC Freiburg,126,2,STATUS_FULL_TIME,Stadion An der Alten Försterei,2022-2023,0,5,13,2023
638716,2023-05-13 13:30:00+00:00,FC Augsburg at VfL Bochum,FCA @ BOC,VfL Bochum,121,3,FC Augsburg,3841,2,STATUS_FULL_TIME,Vonovia Ruhrstadion,2022-2023,0,5,13,2023
638724,2023-05-13 13:30:00+00:00,TSG Hoffenheim at VfL Wolfsburg,TSG @ WOB,VfL Wolfsburg,138,2,TSG Hoffenheim,7911,1,STATUS_FULL_TIME,Volkswagen Arena,2022-2023,0,5,13,2023
638719,2023-05-13 13:30:00+00:00,Schalke 04 at Bayern Munich,S04 @ MUN,Bayern Munich,132,6,Schalke 04,133,0,STATUS_FULL_TIME,Allianz Arena,2022-2023,0,5,13,2023
638721,2023-05-13 16:30:00+00:00,Borussia Mönchengladbach at Borussia Dortmund,BMG @ DOR,Borussia Dortmund,124,5,Borussia Mönchengladbach,268,2,STATUS_FULL_TIME,SIGNAL IDUNA PARK,2022-2023,0,5,13,2023
638717,2023-05-14 13:30:00+00:00,Bayer Leverkusen at VfB Stuttgart,B04 @ VFB,VfB Stuttgart,134,1,Bayer Leverkusen,131,1,STATUS_FULL_TIME,MHPArena,2022-2023,0,5,14,2023
638718,2023-05-14 15:30:00+00:00,Werder Bremen at RB Leipzig,SVW @ RBL,RB Leipzig,11420,2,Werder Bremen,137,1,STATUS_FULL_TIME,Red Bull Arena,2022-2023,0,5,14,2023
638729,2023-05-19 18:30:00+00:00,VfL Wolfsburg at SC Freiburg,WOB @ SCF,SC Freiburg,126,2,VfL Wolfsburg,138,0,STATUS_FULL_TIME,Europa-Park Stadion,2022-2023,0,5,19,2023
638731,2023-05-20 13:30:00+00:00,Eintracht Frankfurt at Schalke 04,SGE @ S04,Schalke 04,133,2,Eintracht Frankfurt,125,2,STATUS_FULL_TIME,VELTINS-Arena,2022-2023,0,5,20,2023
638727,2023-05-20 13:30:00+00:00,1. FC Union Berlin at TSG Hoffenheim,FCU @ TSG,TSG Hoffenheim,7911,4,1. FC Union Berlin,598,2,STATUS_FULL_TIME,PreZero Arena,2022-2023,0,5,20,2023
638730,2023-05-20 13:30:00+00:00,VfL Bochum at Hertha Berlin,BOC @ BSC,Hertha Berlin,129,1,VfL Bochum,121,1,STATUS_FULL_TIME,Olympiastadion Berlin,2022-2023,0,5,20,2023
638728,2023-05-20 13:30:00+00:00,FC Cologne at Werder Bremen,KOE @ SVW,Werder Bremen,137,1,FC Cologne,122,1,STATUS_FULL_TIME,Weserstadion,2022-2023,0,5,20,2023
638732,2023-05-20 16:30:00+00:00,RB Leipzig at Bayern Munich,RBL @ MUN,Bayern Munich,132,1,RB Leipzig,11420,3,STATUS_FULL_TIME,Allianz Arena,2022-2023,0,5,20,2023
638725,2023-05-21 13:30:00+00:00,VfB Stuttgart at Mainz,VFB @ M05,Mainz,2950,1,VfB Stuttgart,134,4,STATUS_FULL_TIME,MEWA ARENA,2022-2023,0,5,21,2023
638733,2023-05-21 15:30:00+00:00,Borussia Dortmund at FC Augsburg,DOR @ FCA,FC Augsburg,3841,0,Borussia Dortmund,124,3,STATUS_FULL_TIME,WWK Arena,2022-2023,0,5,21,2023
638726,2023-05-21 17:30:00+00:00,Borussia Mönchengladbach at Bayer Leverkusen,BMG @ B04,Bayer Leverkusen,131,2,Borussia Mönchengladbach,268,2,STATUS_FULL_TIME,BayArena,2022-2023,0,5,21,2023
638737,2023-05-27 13:30:00+00:00,Mainz at Borussia Dortmund,M05 @ DOR,Borussia Dortmund,124,2,Mainz,2950,2,STATUS_FULL_TIME,SIGNAL IDUNA PARK,2022-2023,0,5,27,2023
638738,2023-05-27 13:30:00+00:00,FC Augsburg at Borussia Mönchengladbach,FCA @ BMG,Borussia Mönchengladbach,268,2,FC Augsburg,3841,0,STATUS_FULL_TIME,BORUSSIA-PARK,2022-2023,0,5,27,2023
638736,2023-05-27 13:30:00+00:00,Werder Bremen at 1. FC Union Berlin,SVW @ FCU,1. FC Union Berlin,598,1,Werder Bremen,137,0,STATUS_FULL_TIME,Stadion An der Alten Försterei,2022-2023,0,5,27,2023
638741,2023-05-27 13:30:00+00:00,TSG Hoffenheim at VfB Stuttgart,TSG @ VFB,VfB Stuttgart,134,1,TSG Hoffenheim,7911,1,STATUS_FULL_TIME,MHPArena,2022-2023,0,5,27,2023
638739,2023-05-27 13:30:00+00:00,SC Freiburg at Eintracht Frankfurt,SCF @ SGE,Eintracht Frankfurt,125,2,SC Freiburg,126,1,STATUS_FULL_TIME,Deutsche Bank Park,2022-2023,0,5,27,2023
638743,2023-05-27 13:30:00+00:00,Hertha Berlin at VfL Wolfsburg,BSC @ WOB,VfL Wolfsburg,138,1,Hertha Berlin,129,2,STATUS_FULL_TIME,Volkswagen Arena,2022-2023,0,5,27,2023
638735,2023-05-27 13:30:00+00:00,Bayern Munich at FC Cologne,MUN @ KOE,FC Cologne,122,1,Bayern Munich,132,2,STATUS_FULL_TIME,RheinEnergieStadion,2022-2023,0,5,27,2023
638740,2023-05-27 13:30:00+00:00,Schalke 04 at RB Leipzig,S04 @ RBL,RB Leipzig,11420,4,Schalke 04,133,2,STATUS_FULL_TIME,Red Bull Arena,2022-2023,0,5,27,2023
638742,2023-05-27 13:30:00+00:00,Bayer Leverkusen at VfL Bochum,B04 @ BOC,VfL Bochum,121,3,Bayer Leverkusen,131,0,STATUS_FULL_TIME,Vonovia Ruhrstadion,2022-2023,0,5,27,2023
677584,2023-08-18 18:30:00+00:00,Bayern Munich at Werder Bremen,MUN @ SVW,Werder Bremen,137,0,Bayern Munich,132,4,STATUS_FULL_TIME,Weserstadion,2023-2024,0,8,18,2023
677586,2023-08-19 13:30:00+00:00,RB Leipzig at Bayer Leverkusen,RBL @ B04,Bayer Leverkusen,131,3,RB Leipzig,11420,2,STATUS_FULL_TIME,BayArena,2023-2024,0,8,19,2023
677589,2023-08-19 13:30:00+00:00,Borussia Mönchengladbach at FC Augsburg,BMG @ FCA,FC Augsburg,3841,4,Borussia Mönchengladbach,268,4,STATUS_FULL_TIME,WWK Arena,2023-2024,0,8,19,2023
677590,2023-08-19 13:30:00+00:00,SC Freiburg at TSG Hoffenheim,SCF @ TSG,TSG Hoffenheim,7911,1,SC Freiburg,126,2,STATUS_FULL_TIME,PreZero Arena,2023-2024,0,8,19,2023
677591,2023-08-19 13:30:00+00:00,VfL Bochum at VfB Stuttgart,BOC @ VFB,VfB Stuttgart,134,5,VfL Bochum,121,0,STATUS_FULL_TIME,MHPArena,2023-2024,0,8,19,2023
677592,2023-08-19 13:30:00+00:00,1. FC Heidenheim 1846 at VfL Wolfsburg,HDH @ WOB,VfL Wolfsburg,138,2,1. FC Heidenheim 1846,6418,0,STATUS_FULL_TIME,Volkswagen Arena,2023-2024,0,8,19,2023
677587,2023-08-19 16:30:00+00:00,FC Cologne at Borussia Dortmund,KOE @ DOR,Borussia Dortmund,124,1,FC Cologne,122,0,STATUS_FULL_TIME,SIGNAL IDUNA PARK,2023-2024,0,8,19,2023
677585,2023-08-20 13:30:00+00:00,Mainz at 1. FC Union Berlin,M05 @ FCU,1. FC Union Berlin,598,4,Mainz,2950,1,STATUS_FULL_TIME,Stadion An der Alten Försterei,2023-2024,0,8,20,2023
677588,2023-08-20 15:30:00+00:00,SV Darmstadt 98 at Eintracht Frankfurt,SVD @ SGE,Eintracht Frankfurt,125,1,SV Darmstadt 98,3812,0,STATUS_FULL_TIME,Deutsche Bank Park,2023-2024,0,8,20,2023
677598,2023-08-25 18:30:00+00:00,VfB Stuttgart at RB Leipzig,VFB @ RBL,RB Leipzig,11420,5,VfB Stuttgart,134,1,STATUS_FULL_TIME,Red Bull Arena,2023-2024,0,8,25,2023
677593,2023-08-26 13:30:00+00:00,TSG Hoffenheim at 1. FC Heidenheim 1846,TSG @ HDH,1. FC Heidenheim 1846,6418,2,TSG Hoffenheim,7911,3,STATUS_FULL_TIME,Voith-Arena,2023-2024,0,8,26,2023
677594,2023-08-26 13:30:00+00:00,VfL Wolfsburg at FC Cologne,WOB @ KOE,FC Cologne,122,1,VfL Wolfsburg,138,2,STATUS_FULL_TIME,RheinEnergieStadion,2023-2024,0,8,26,2023
677599,2023-08-26 13:30:00+00:00,Werder Bremen at SC Freiburg,SVW @ SCF,SC Freiburg,126,1,Werder Bremen,137,0,STATUS_FULL_TIME,Europa-Park Stadion,2023-2024,0,8,26,2023
677600,2023-08-26 13:30:00+00:00,1. FC Union Berlin at SV Darmstadt 98,FCU @ SVD,SV Darmstadt 98,3812,1,1. FC Union Berlin,598,4,STATUS_FULL_TIME,Merck-Stadion am Böllenfalltor,2023-2024,0,8,26,2023
677601,2023-08-26 13:30:00+00:00,Borussia Dortmund at VfL Bochum,DOR @ BOC,VfL Bochum,121,1,Borussia Dortmund,124,1,STATUS_FULL_TIME,Vonovia Ruhrstadion,2023-2024,0,8,26,2023
677596,2023-08-26 16:30:00+00:00,Bayer Leverkusen at Borussia Mönchengladbach,B04 @ BMG,Borussia Mönchengladbach,268,0,Bayer Leverkusen,131,3,STATUS_FULL_TIME,BORUSSIA-PARK,2023-2024,0,8,26,2023
677595,2023-08-27 13:30:00+00:00,Eintracht Frankfurt at Mainz,SGE @ M05,Mainz,2950,1,Eintracht Frankfurt,125,1,STATUS_FULL_TIME,MEWA ARENA,2023-2024,0,8,27,2023
677597,2023-08-27 15:30:00+00:00,FC Augsburg at Bayern Munich,FCA @ MUN,Bayern Munich,132,3,FC Augsburg,3841,1,STATUS_FULL_TIME,Allianz Arena,2023-2024,0,8,27,2023
677604,2023-09-01 18:30:00+00:00,1. FC Heidenheim 1846 at Borussia Dortmund,HDH @ DOR,Borussia Dortmund,124,2,1. FC Heidenheim 1846,6418,2,STATUS_FULL_TIME,SIGNAL IDUNA PARK,2023-2024,0,9,1,2023
677607,2023-09-02 13:30:00+00:00,VfL Bochum at FC Augsburg,BOC @ FCA,FC Augsburg,3841,2,VfL Bochum,121,2,STATUS_FULL_TIME,WWK Arena,2023-2024,0,9,2,2023
677605,2023-09-02 13:30:00+00:00,SC Freiburg at VfB Stuttgart,SCF @ VFB,VfB Stuttgart,134,5,SC Freiburg,126,0,STATUS_FULL_TIME,MHPArena,2023-2024,0,9,2,2023
677603,2023-09-02 13:30:00+00:00,SV Darmstadt 98 at Bayer Leverkusen,SVD @ B04,Bayer Leverkusen,131,5,SV Darmstadt 98,3812,1,STATUS_FULL_TIME,BayArena,2023-2024,0,9,2,2023
677608,2023-09-02 13:30:00+00:00,Mainz at Werder Bremen,M05 @ SVW,Werder Bremen,137,4,Mainz,2950,0,STATUS_FULL_TIME,Weserstadion,2023-2024,0,9,2,2023
677609,2023-09-02 13:30:00+00:00,VfL Wolfsburg at TSG Hoffenheim,WOB @ TSG,TSG Hoffenheim,7911,3,VfL Wolfsburg,138,1,STATUS_FULL_TIME,PreZero Arena,2023-2024,0,9,2,2023
677606,2023-09-02 16:30:00+00:00,Bayern Munich at Borussia Mönchengladbach,MUN @ BMG,Borussia Mönchengladbach,268,1,Bayern Munich,132,2,STATUS_FULL_TIME,BORUSSIA-PARK,2023-2024,0,9,2,2023
677610,2023-09-03 13:30:00+00:00,FC Cologne at Eintracht Frankfurt,KOE @ SGE,Eintracht Frankfurt,125,1,FC Cologne,122,1,STATUS_FULL_TIME,Deutsche Bank Park,2023-2024,0,9,3,2023
677602,2023-09-03 15:30:00+00:00,RB Leipzig at 1. FC Union Berlin,RBL @ FCU,1. FC Union Berlin,598,0,RB Leipzig,11420,3,STATUS_FULL_TIME,Stadion An der Alten Försterei,2023-2024,0,9,3,2023
677614,2023-09-15 18:30:00+00:00,Bayer Leverkusen at Bayern Munich,B04 @ MUN,Bayern Munich,132,2,Bayer Leverkusen,131,2,STATUS_FULL_TIME,Allianz Arena,2023-2024,0,9,15,2023
677616,2023-09-16 13:30:00+00:00,Borussia Dortmund at SC Freiburg,DOR @ SCF,SC Freiburg,126,2,Borussia Dortmund,124,4,STATUS_FULL_TIME,Europa-Park Stadion,2023-2024,0,9,16,2023
677619,2023-09-16 13:30:00+00:00,1. FC Union Berlin at VfL Wolfsburg,FCU @ WOB,VfL Wolfsburg,138,2,1. FC Union Berlin,598,1,STATUS_FULL_TIME,Volkswagen Arena,2023-2024,0,9,16,2023
677612,2023-09-16 13:30:00+00:00,TSG Hoffenheim at FC Cologne,TSG @ KOE,FC Cologne,122,1,TSG Hoffenheim,7911,3,STATUS_FULL_TIME,RheinEnergieStadion,2023-2024,0,9,16,2023
677613,2023-09-16 13:30:00+00:00,VfB Stuttgart at Mainz,VFB @ M05,Mainz,2950,1,VfB Stuttgart,134,3,STATUS_FULL_TIME,MEWA ARENA,2023-2024,0,9,16,2023
677615,2023-09-16 13:30:00+00:00,FC Augsburg at RB Leipzig,FCA @ RBL,RB Leipzig,11420,3,FC Augsburg,3841,0,STATUS_FULL_TIME,Red Bull Arena,2023-2024,0,9,16,2023
677618,2023-09-16 16:30:00+00:00,Eintracht Frankfurt at VfL Bochum,SGE @ BOC,VfL Bochum,121,1,Eintracht Frankfurt,125,1,STATUS_FULL_TIME,Vonovia Ruhrstadion,2023-2024,0,9,16,2023
677611,2023-09-17 13:30:00+00:00,Werder Bremen at 1. FC Heidenheim 1846,SVW @ HDH,1. FC Heidenheim 1846,6418,4,Werder Bremen,137,2,STATUS_FULL_TIME,Voith-Arena,2023-2024,0,9,17,2023
677617,2023-09-17 15:30:00+00:00,Borussia Mönchengladbach at SV Darmstadt 98,BMG @ SVD,SV Darmstadt 98,3812,3,Borussia Mönchengladbach,268,3,STATUS_FULL_TIME,Merck-Stadion am Böllenfalltor,2023-2024,0,9,17,2023
677628,2023-09-22 18:30:00+00:00,SV Darmstadt 98 at VfB Stuttgart,SVD @ VFB,VfB Stuttgart,134,3,SV Darmstadt 98,3812,1,STATUS_FULL_TIME,MHPArena,2023-2024,0,9,22,2023
677620,2023-09-23 13:30:00+00:00,TSG Hoffenheim at 1. FC Union Berlin,TSG @ FCU,1. FC Union Berlin,598,0,TSG Hoffenheim,7911,2,STATUS_FULL_TIME,Stadion An der Alten Försterei,2023-2024,0,9,23,2023
677626,2023-09-23 13:30:00+00:00,VfL Bochum at Bayern Munich,BOC @ MUN,Bayern Munich,132,7,VfL Bochum,121,0,STATUS_FULL_TIME,Allianz Arena,2023-2024,0,9,23,2023
677622,2023-09-23 13:30:00+00:00,VfL Wolfsburg at Borussia Dortmund,WOB @ DOR,Borussia Dortmund,124,1,VfL Wolfsburg,138,0,STATUS_FULL_TIME,SIGNAL IDUNA PARK,2023-2024,0,9,23,2023
677623,2023-09-23 13:30:00+00:00,RB Leipzig at Borussia Mönchengladbach,RBL @ BMG,Borussia Mönchengladbach,268,0,RB Leipzig,11420,1,STATUS_FULL_TIME,BORUSSIA-PARK,2023-2024,0,9,23,2023
677625,2023-09-23 13:30:00+00:00,Mainz at FC Augsburg,M05 @ FCA,FC Augsburg,3841,2,Mainz,2950,1,STATUS_FULL_TIME,WWK Arena,2023-2024,0,9,23,2023
677627,2023-09-23 16:30:00+00:00,FC Cologne at Werder Bremen,KOE @ SVW,Werder Bremen,137,2,FC Cologne,122,1,STATUS_FULL_TIME,Weserstadion,2023-2024,0,9,23,2023
677621,2023-09-24 13:30:00+00:00,1. FC Heidenheim 1846 at Bayer Leverkusen,HDH @ B04,Bayer Leverkusen,131,4,1. FC Heidenheim 1846,6418,1,STATUS_FULL_TIME,BayArena,2023-2024,0,9,24,2023
677624,2023-09-24 15:30:00+00:00,SC Freiburg at Eintracht Frankfurt,SCF @ SGE,Eintracht Frankfurt,125,0,SC Freiburg,126,0,STATUS_FULL_TIME,Deutsche Bank Park,2023-2024,0,9,24,2023
677635,2023-09-29 18:30:00+00:00,Borussia Dortmund at TSG Hoffenheim,DOR @ TSG,TSG Hoffenheim,7911,1,Borussia Dortmund,124,3,STATUS_FULL_TIME,PreZero Arena,2023-2024,0,9,29,2023
677629,2023-09-30 13:30:00+00:00,1. FC Union Berlin at 1. FC Heidenheim 1846,FCU @ HDH,1. FC Heidenheim 1846,6418,1,1. FC Union Berlin,598,0,STATUS_FULL_TIME,Voith-Arena,2023-2024,0,9,30,2023
677630,2023-09-30 13:30:00+00:00,VfB Stuttgart at FC Cologne,VFB @ KOE,FC Cologne,122,0,VfB Stuttgart,134,2,STATUS_FULL_TIME,RheinEnergieStadion,2023-2024,0,9,30,2023
677631,2023-09-30 13:30:00+00:00,Bayer Leverkusen at Mainz,B04 @ M05,Mainz,2950,0,Bayer Leverkusen,131,3,STATUS_FULL_TIME,MEWA ARENA,2023-2024,0,9,30,2023
677636,2023-09-30 13:30:00+00:00,Borussia Mönchengladbach at VfL Bochum,BMG @ BOC,VfL Bochum,121,1,Borussia Mönchengladbach,268,3,STATUS_FULL_TIME,Vonovia Ruhrstadion,2023-2024,0,9,30,2023
677637,2023-09-30 13:30:00+00:00,Eintracht Frankfurt at VfL Wolfsburg,SGE @ WOB,VfL Wolfsburg,138,2,Eintracht Frankfurt,125,0,STATUS_FULL_TIME,Volkswagen Arena,2023-2024,0,9,30,2023
677632,2023-09-30 16:30:00+00:00,Bayern Munich at RB Leipzig,MUN @ RBL,RB Leipzig,11420,2,Bayern Munich,132,2,STATUS_FULL_TIME,Red Bull Arena,2023-2024,0,9,30,2023
677634,2023-10-01 13:30:00+00:00,Werder Bremen at SV Darmstadt 98,SVW @ SVD,SV Darmstadt 98,3812,4,Werder Bremen,137,2,STATUS_FULL_TIME,Merck-Stadion am Böllenfalltor,2023-2024,0,10,1,2023
677633,2023-10-01 15:30:00+00:00,FC Augsburg at SC Freiburg,FCA @ SCF,SC Freiburg,126,2,FC Augsburg,3841,0,STATUS_FULL_TIME,Europa-Park Stadion,2023-2024,0,10,1,2023
677640,2023-10-06 18:30:00+00:00,Mainz at Borussia Mönchengladbach,M05 @ BMG,Borussia Mönchengladbach,268,2,Mainz,2950,2,STATUS_FULL_TIME,BORUSSIA-PARK,2023-2024,0,10,6,2023
677642,2023-10-07 13:30:00+00:00,SV Darmstadt 98 at FC Augsburg,SVD @ FCA,FC Augsburg,3841,1,SV Darmstadt 98,3812,2,STATUS_FULL_TIME,WWK Arena,2023-2024,0,10,7,2023
677639,2023-10-07 13:30:00+00:00,1. FC Union Berlin at Borussia Dortmund,FCU @ DOR,Borussia Dortmund,124,4,1. FC Union Berlin,598,2,STATUS_FULL_TIME,SIGNAL IDUNA PARK,2023-2024,0,10,7,2023
677646,2023-10-07 13:30:00+00:00,VfL Wolfsburg at VfB Stuttgart,WOB @ VFB,VfB Stuttgart,134,3,VfL Wolfsburg,138,1,STATUS_FULL_TIME,MHPArena,2023-2024,0,10,7,2023
677644,2023-10-07 13:30:00+00:00,VfL Bochum at RB Leipzig,BOC @ RBL,RB Leipzig,11420,0,VfL Bochum,121,0,STATUS_FULL_TIME,Red Bull Arena,2023-2024,0,10,7,2023
677645,2023-10-07 16:30:00+00:00,TSG Hoffenheim at Werder Bremen,TSG @ SVW,Werder Bremen,137,2,TSG Hoffenheim,7911,3,STATUS_FULL_TIME,Weserstadion,2023-2024,0,10,7,2023
677638,2023-10-08 13:30:00+00:00,FC Cologne at Bayer Leverkusen,KOE @ B04,Bayer Leverkusen,131,3,FC Cologne,122,0,STATUS_FULL_TIME,BayArena,2023-2024,0,10,8,2023
677643,2023-10-08 15:30:00+00:00,SC Freiburg at Bayern Munich,SCF @ MUN,Bayern Munich,132,3,SC Freiburg,126,0,STATUS_FULL_TIME,Allianz Arena,2023-2024,0,10,8,2023
677641,2023-10-08 17:30:00+00:00,1. FC Heidenheim 1846 at Eintracht Frankfurt,HDH @ SGE,Eintracht Frankfurt,125,2,1. FC Heidenheim 1846,6418,0,STATUS_FULL_TIME,Deutsche Bank Park,2023-2024,0,10,8,2023
677651,2023-10-20 18:30:00+00:00,Werder Bremen at Borussia Dortmund,SVW @ DOR,Borussia Dortmund,124,1,Werder Bremen,137,0,STATUS_FULL_TIME,SIGNAL IDUNA PARK,2023-2024,0,10,20,2023
677647,2023-10-21 13:30:00+00:00,VfB Stuttgart at 1. FC Union Berlin,VFB @ FCU,1. FC Union Berlin,598,0,VfB Stuttgart,134,3,STATUS_FULL_TIME,Stadion An der Alten Försterei,2023-2024,0,10,21,2023
677652,2023-10-21 13:30:00+00:00,VfL Bochum at SC Freiburg,BOC @ SCF,SC Freiburg,126,2,VfL Bochum,121,1,STATUS_FULL_TIME,Europa-Park Stadion,2023-2024,0,10,21,2023
677655,2023-10-21 13:30:00+00:00,RB Leipzig at SV Darmstadt 98,RBL @ SVD,SV Darmstadt 98,3812,1,RB Leipzig,11420,3,STATUS_FULL_TIME,Merck-Stadion am Böllenfalltor,2023-2024,0,10,21,2023
677654,2023-10-21 13:30:00+00:00,Eintracht Frankfurt at TSG Hoffenheim,SGE @ TSG,TSG Hoffenheim,7911,1,Eintracht Frankfurt,125,3,STATUS_FULL_TIME,PreZero Arena,2023-2024,0,10,21,2023
677653,2023-10-21 13:30:00+00:00,Bayer Leverkusen at VfL Wolfsburg,B04 @ WOB,VfL Wolfsburg,138,1,Bayer Leverkusen,131,2,STATUS_FULL_TIME,Volkswagen Arena,2023-2024,0,10,21,2023
677650,2023-10-21 16:30:00+00:00,Bayern Munich at Mainz,MUN @ M05,Mainz,2950,1,Bayern Munich,132,3,STATUS_FULL_TIME,MEWA ARENA,2023-2024,0,10,21,2023
677648,2023-10-22 13:30:00+00:00,Borussia Mönchengladbach at FC Cologne,BMG @ KOE,FC Cologne,122,3,Borussia Mönchengladbach,268,1,STATUS_FULL_TIME,RheinEnergieStadion,2023-2024,0,10,22,2023
677649,2023-10-22 15:30:00+00:00,FC Augsburg at 1. FC Heidenheim 1846,FCA @ HDH,1. FC Heidenheim 1846,6418,2,FC Augsburg,3841,5,STATUS_FULL_TIME,Voith-Arena,2023-2024,0,10,22,2023
677659,2023-10-27 18:30:00+00:00,Mainz at VfL Bochum,M05 @ BOC,VfL Bochum,121,2,Mainz,2950,2,STATUS_FULL_TIME,Vonovia Ruhrstadion,2023-2024,0,10,27,2023
677664,2023-10-28 13:30:00+00:00,SV Darmstadt 98 at Bayern Munich,SVD @ MUN,Bayern Munich,132,8,SV Darmstadt 98,3812,0,STATUS_FULL_TIME,Allianz Arena,2023-2024,0,10,28,2023
677657,2023-10-28 13:30:00+00:00,1. FC Heidenheim 1846 at Borussia Mönchengladbach,HDH @ BMG,Borussia Mönchengladbach,268,2,1. FC Heidenheim 1846,6418,1,STATUS_FULL_TIME,BORUSSIA-PARK,2023-2024,0,10,28,2023
677660,2023-10-28 13:30:00+00:00,VfL Wolfsburg at FC Augsburg,WOB @ FCA,FC Augsburg,3841,3,VfL Wolfsburg,138,2,STATUS_FULL_TIME,WWK Arena,2023-2024,0,10,28,2023
677663,2023-10-28 13:30:00+00:00,TSG Hoffenheim at VfB Stuttgart,TSG @ VFB,VfB Stuttgart,134,2,TSG Hoffenheim,7911,3,STATUS_FULL_TIME,MHPArena,2023-2024,0,10,28,2023
677662,2023-10-28 13:30:00+00:00,1. FC Union Berlin at Werder Bremen,FCU @ SVW,Werder Bremen,137,2,1. FC Union Berlin,598,0,STATUS_FULL_TIME,Weserstadion,2023-2024,0,10,28,2023
677661,2023-10-28 16:30:00+00:00,FC Cologne at RB Leipzig,KOE @ RBL,RB Leipzig,11420,6,FC Cologne,122,0,STATUS_FULL_TIME,Red Bull Arena,2023-2024,0,10,28,2023
677658,2023-10-29 14:30:00+00:00,Borussia Dortmund at Eintracht Frankfurt,DOR @ SGE,Eintracht Frankfurt,125,3,Borussia Dortmund,124,3,STATUS_FULL_TIME,Deutsche Bank Park,2023-2024,0,10,29,2023
677656,2023-10-29 16:30:00+00:00,SC Freiburg at Bayer Leverkusen,SCF @ B04,Bayer Leverkusen,131,2,SC Freiburg,126,1,STATUS_FULL_TIME,BayArena,2023-2024,0,10,29,2023
677671,2023-11-03 19:30:00+00:00,VfL Bochum at SV Darmstadt 98,BOC @ SVD,SV Darmstadt 98,3812,1,VfL Bochum,121,2,STATUS_FULL_TIME,Merck-Stadion am Böllenfalltor,2023-2024,0,11,3,2023
677668,2023-11-04 14:30:00+00:00,RB Leipzig at Mainz,RBL @ M05,Mainz,2950,2,RB Leipzig,11420,0,STATUS_FULL_TIME,MEWA ARENA,2023-2024,0,11,4,2023
677667,2023-11-04 14:30:00+00:00,Eintracht Frankfurt at 1. FC Union Berlin,SGE @ FCU,1. FC Union Berlin,598,0,Eintracht Frankfurt,125,3,STATUS_FULL_TIME,Stadion An der Alten Försterei,2023-2024,0,11,4,2023
677670,2023-11-04 14:30:00+00:00,Borussia Mönchengladbach at SC Freiburg,BMG @ SCF,SC Freiburg,126,3,Borussia Mönchengladbach,268,3,STATUS_FULL_TIME,Europa-Park Stadion,2023-2024,0,11,4,2023
677672,2023-11-04 14:30:00+00:00,Bayer Leverkusen at TSG Hoffenheim,B04 @ TSG,TSG Hoffenheim,7911,2,Bayer Leverkusen,131,3,STATUS_FULL_TIME,PreZero Arena,2023-2024,0,11,4,2023
677666,2023-11-04 14:30:00+00:00,FC Augsburg at FC Cologne,FCA @ KOE,FC Cologne,122,1,FC Augsburg,3841,1,STATUS_FULL_TIME,RheinEnergieStadion,2023-2024,0,11,4,2023
677669,2023-11-04 17:30:00+00:00,Bayern Munich at Borussia Dortmund,MUN @ DOR,Borussia Dortmund,124,0,Bayern Munich,132,4,STATUS_FULL_TIME,SIGNAL IDUNA PARK,2023-2024,0,11,4,2023
677673,2023-11-05 14:30:00+00:00,Werder Bremen at VfL Wolfsburg,SVW @ WOB,VfL Wolfsburg,138,2,Werder Bremen,137,2,STATUS_FULL_TIME,Volkswagen Arena,2023-2024,0,11,5,2023
677665,2023-11-05 16:30:00+00:00,VfB Stuttgart at 1. FC Heidenheim 1846,VFB @ HDH,1. FC Heidenheim 1846,6418,2,VfB Stuttgart,134,0,STATUS_FULL_TIME,Voith-Arena,2023-2024,0,11,5,2023
677675,2023-11-10 19:30:00+00:00,VfL Wolfsburg at Borussia Mönchengladbach,WOB @ BMG,Borussia Mönchengladbach,268,4,VfL Wolfsburg,138,0,STATUS_FULL_TIME,BORUSSIA-PARK,2023-2024,0,11,10,2023
677676,2023-11-11 14:30:00+00:00,TSG Hoffenheim at FC Augsburg,TSG @ FCA,FC Augsburg,3841,1,TSG Hoffenheim,7911,1,STATUS_FULL_TIME,WWK Arena,2023-2024,0,11,11,2023
677679,2023-11-11 14:30:00+00:00,Mainz at SV Darmstadt 98,M05 @ SVD,SV Darmstadt 98,3812,0,Mainz,2950,0,STATUS_FULL_TIME,Merck-Stadion am Böllenfalltor,2023-2024,0,11,11,2023
677677,2023-11-11 14:30:00+00:00,1. FC Heidenheim 1846 at Bayern Munich,HDH @ MUN,Bayern Munich,132,4,1. FC Heidenheim 1846,6418,2,STATUS_FULL_TIME,Allianz Arena,2023-2024,0,11,11,2023
677681,2023-11-11 14:30:00+00:00,Borussia Dortmund at VfB Stuttgart,DOR @ VFB,VfB Stuttgart,134,2,Borussia Dortmund,124,1,STATUS_FULL_TIME,MHPArena,2023-2024,0,11,11,2023
677682,2023-11-11 17:30:00+00:00,FC Cologne at VfL Bochum,KOE @ BOC,VfL Bochum,121,1,FC Cologne,122,1,STATUS_FULL_TIME,Vonovia Ruhrstadion,2023-2024,0,11,11,2023
677674,2023-11-12 14:30:00+00:00,1. FC Union Berlin at Bayer Leverkusen,FCU @ B04,Bayer Leverkusen,131,4,1. FC Union Berlin,598,0,STATUS_FULL_TIME,BayArena,2023-2024,0,11,12,2023
677680,2023-11-12 16:30:00+00:00,Eintracht Frankfurt at Werder Bremen,SGE @ SVW,Werder Bremen,137,2,Eintracht Frankfurt,125,2,STATUS_FULL_TIME,Weserstadion,2023-2024,0,11,12,2023
677678,2023-11-12 18:30:00+00:00,SC Freiburg at RB Leipzig,SCF @ RBL,RB Leipzig,11420,3,SC Freiburg,126,1,STATUS_FULL_TIME,Red Bull Arena,2023-2024,0,11,12,2023
677684,2023-11-24 19:30:00+00:00,Bayern Munich at FC Cologne,MUN @ KOE,FC Cologne,122,0,Bayern Munich,132,1,STATUS_FULL_TIME,RheinEnergieStadion,2023-2024,0,11,24,2023
677687,2023-11-25 14:30:00+00:00,FC Augsburg at 1. FC Union Berlin,FCA @ FCU,1. FC Union Berlin,598,1,FC Augsburg,3841,1,STATUS_FULL_TIME,Stadion An der Alten Försterei,2023-2024,0,11,25,2023
677686,2023-11-25 14:30:00+00:00,Borussia Mönchengladbach at Borussia Dortmund,BMG @ DOR,Borussia Dortmund,124,4,Borussia Mönchengladbach,268,2,STATUS_FULL_TIME,SIGNAL IDUNA PARK,2023-2024,0,11,25,2023
677688,2023-11-25 14:30:00+00:00,SV Darmstadt 98 at SC Freiburg,SVD @ SCF,SC Freiburg,126,1,SV Darmstadt 98,3812,1,STATUS_FULL_TIME,Europa-Park Stadion,2023-2024,0,11,25,2023
677685,2023-11-25 14:30:00+00:00,RB Leipzig at VfL Wolfsburg,RBL @ WOB,VfL Wolfsburg,138,2,RB Leipzig,11420,1,STATUS_FULL_TIME,Volkswagen Arena,2023-2024,0,11,25,2023
677689,2023-11-25 14:30:00+00:00,Bayer Leverkusen at Werder Bremen,B04 @ SVW,Werder Bremen,137,0,Bayer Leverkusen,131,3,STATUS_FULL_TIME,Weserstadion,2023-2024,0,11,25,2023
677691,2023-11-25 17:30:00+00:00,VfB Stuttgart at Eintracht Frankfurt,VFB @ SGE,Eintracht Frankfurt,125,1,VfB Stuttgart,134,2,STATUS_FULL_TIME,Deutsche Bank Park,2023-2024,0,11,25,2023
677683,2023-11-26 14:30:00+00:00,VfL Bochum at 1. FC Heidenheim 1846,BOC @ HDH,1. FC Heidenheim 1846,6418,0,VfL Bochum,121,0,STATUS_FULL_TIME,Voith-Arena,2023-2024,0,11,26,2023
677690,2023-11-26 16:30:00+00:00,Mainz at TSG Hoffenheim,M05 @ TSG,TSG Hoffenheim,7911,1,Mainz,2950,1,STATUS_FULL_TIME,PreZero Arena,2023-2024,0,11,26,2023
677694,2023-12-01 19:30:00+00:00,FC Cologne at SV Darmstadt 98,KOE @ SVD,SV Darmstadt 98,3812,0,FC Cologne,122,1,STATUS_FULL_TIME,Merck-Stadion am Böllenfalltor,2023-2024,0,12,1,2023
677700,2023-12-02 14:30:00+00:00,TSG Hoffenheim at Borussia Mönchengladbach,TSG @ BMG,Borussia Mönchengladbach,268,2,TSG Hoffenheim,7911,1,STATUS_FULL_TIME,BORUSSIA-PARK,2023-2024,0,12,2,2023
677693,2023-12-02 14:30:00+00:00,1. FC Heidenheim 1846 at RB Leipzig,HDH @ RBL,RB Leipzig,11420,2,1. FC Heidenheim 1846,6418,1,STATUS_FULL_TIME,Red Bull Arena,2023-2024,0,12,2,2023
677696,2023-12-02 14:30:00+00:00,VfL Wolfsburg at VfL Bochum,WOB @ BOC,VfL Bochum,121,3,VfL Wolfsburg,138,1,STATUS_FULL_TIME,Vonovia Ruhrstadion,2023-2024,0,12,2,2023
677699,2023-12-02 17:30:00+00:00,Werder Bremen at VfB Stuttgart,SVW @ VFB,VfB Stuttgart,134,2,Werder Bremen,137,0,STATUS_FULL_TIME,MHPArena,2023-2024,0,12,2,2023
677698,2023-12-03 14:30:00+00:00,SC Freiburg at Mainz,SCF @ M05,Mainz,2950,0,SC Freiburg,126,1,STATUS_FULL_TIME,MEWA ARENA,2023-2024,0,12,3,2023
677695,2023-12-03 16:30:00+00:00,Borussia Dortmund at Bayer Leverkusen,DOR @ B04,Bayer Leverkusen,131,1,Borussia Dortmund,124,1,STATUS_FULL_TIME,BayArena,2023-2024,0,12,3,2023
677697,2023-12-03 18:30:00+00:00,Eintracht Frankfurt at FC Augsburg,SGE @ FCA,FC Augsburg,3841,2,Eintracht Frankfurt,125,1,STATUS_FULL_TIME,WWK Arena,2023-2024,0,12,3,2023
677707,2023-12-08 19:30:00+00:00,VfL Bochum at TSG Hoffenheim,BOC @ TSG,TSG Hoffenheim,7911,3,VfL Bochum,121,1,STATUS_FULL_TIME,PreZero Arena,2023-2024,0,12,8,2023
677701,2023-12-09 14:30:00+00:00,Bayern Munich at Eintracht Frankfurt,MUN @ SGE,Eintracht Frankfurt,125,5,Bayern Munich,132,1,STATUS_FULL_TIME,Deutsche Bank Park,2023-2024,0,12,9,2023
677705,2023-12-09 14:30:00+00:00,Borussia Mönchengladbach at 1. FC Union Berlin,BMG @ FCU,1. FC Union Berlin,598,3,Borussia Mönchengladbach,268,1,STATUS_FULL_TIME,Stadion An der Alten Försterei,2023-2024,0,12,9,2023
677702,2023-12-09 14:30:00+00:00,FC Augsburg at Werder Bremen,FCA @ SVW,Werder Bremen,137,2,FC Augsburg,3841,0,STATUS_FULL_TIME,Weserstadion,2023-2024,0,12,9,2023
677709,2023-12-09 14:30:00+00:00,SC Freiburg at VfL Wolfsburg,SCF @ WOB,VfL Wolfsburg,138,0,SC Freiburg,126,1,STATUS_FULL_TIME,Volkswagen Arena,2023-2024,0,12,9,2023
677703,2023-12-09 14:30:00+00:00,SV Darmstadt 98 at 1. FC Heidenheim 1846,SVD @ HDH,1. FC Heidenheim 1846,6418,3,SV Darmstadt 98,3812,2,STATUS_FULL_TIME,Voith-Arena,2023-2024,0,12,9,2023
677708,2023-12-09 17:30:00+00:00,RB Leipzig at Borussia Dortmund,RBL @ DOR,Borussia Dortmund,124,2,RB Leipzig,11420,3,STATUS_FULL_TIME,SIGNAL IDUNA PARK,2023-2024,0,12,9,2023
677704,2023-12-10 14:30:00+00:00,Bayer Leverkusen at VfB Stuttgart,B04 @ VFB,VfB Stuttgart,134,1,Bayer Leverkusen,131,1,STATUS_FULL_TIME,MHPArena,2023-2024,0,12,10,2023
677706,2023-12-10 16:30:00+00:00,Mainz at FC Cologne,M05 @ KOE,FC Cologne,122,0,Mainz,2950,0,STATUS_FULL_TIME,RheinEnergieStadion,2023-2024,0,12,10,2023
677712,2023-12-15 19:30:00+00:00,Werder Bremen at Borussia Mönchengladbach,SVW @ BMG,Borussia Mönchengladbach,268,2,Werder Bremen,137,2,STATUS_FULL_TIME,BORUSSIA-PARK,2023-2024,0,12,15,2023
677711,2023-12-16 14:30:00+00:00,Borussia Dortmund at FC Augsburg,DOR @ FCA,FC Augsburg,3841,1,Borussia Dortmund,124,1,STATUS_FULL_TIME,WWK Arena,2023-2024,0,12,16,2023
677710,2023-12-16 14:30:00+00:00,1. FC Heidenheim 1846 at Mainz,HDH @ M05,Mainz,2950,0,1. FC Heidenheim 1846,6418,1,STATUS_FULL_TIME,MEWA ARENA,2023-2024,0,12,16,2023
677715,2023-12-16 14:30:00+00:00,VfL Wolfsburg at SV Darmstadt 98,WOB @ SVD,SV Darmstadt 98,3812,0,VfL Wolfsburg,138,1,STATUS_FULL_TIME,Merck-Stadion am Böllenfalltor,2023-2024,0,12,16,2023
677718,2023-12-16 14:30:00+00:00,1. FC Union Berlin at VfL Bochum,FCU @ BOC,VfL Bochum,121,3,1. FC Union Berlin,598,0,STATUS_FULL_TIME,Vonovia Ruhrstadion,2023-2024,0,12,16,2023
677717,2023-12-16 17:30:00+00:00,TSG Hoffenheim at RB Leipzig,TSG @ RBL,RB Leipzig,11420,3,TSG Hoffenheim,7911,1,STATUS_FULL_TIME,Red Bull Arena,2023-2024,0,12,16,2023
677716,2023-12-17 14:30:00+00:00,FC Cologne at SC Freiburg,KOE @ SCF,SC Freiburg,126,2,FC Cologne,122,0,STATUS_FULL_TIME,Europa-Park Stadion,2023-2024,0,12,17,2023
677713,2023-12-17 16:30:00+00:00,Eintracht Frankfurt at Bayer Leverkusen,SGE @ B04,Bayer Leverkusen,131,3,Eintracht Frankfurt,125,0,STATUS_FULL_TIME,BayArena,2023-2024,0,12,17,2023
677714,2023-12-17 18:30:00+00:00,VfB Stuttgart at Bayern Munich,VFB @ MUN,Bayern Munich,132,3,VfB Stuttgart,134,0,STATUS_FULL_TIME,Allianz Arena,2023-2024,0,12,17,2023
677724,2023-12-19 17:30:00+00:00,RB Leipzig at Werder Bremen,RBL @ SVW,Werder Bremen,137,1,RB Leipzig,11420,1,STATUS_FULL_TIME,Weserstadion,2023-2024,0,12,19,2023
677722,2023-12-19 19:30:00+00:00,Mainz at Borussia Dortmund,M05 @ DOR,Borussia Dortmund,124,1,Mainz,2950,1,STATUS_FULL_TIME,SIGNAL IDUNA PARK,2023-2024,0,12,19,2023
677725,2023-12-19 19:30:00+00:00,SV Darmstadt 98 at TSG Hoffenheim,SVD @ TSG,TSG Hoffenheim,7911,3,SV Darmstadt 98,3812,3,STATUS_FULL_TIME,PreZero Arena,2023-2024,0,12,19,2023
677720,2023-12-20 17:30:00+00:00,FC Cologne at 1. FC Union Berlin,KOE @ FCU,1. FC Union Berlin,598,2,FC Cologne,122,0,STATUS_FULL_TIME,Stadion An der Alten Försterei,2023-2024,0,12,20,2023
677723,2023-12-20 19:30:00+00:00,VfL Bochum at Bayer Leverkusen,BOC @ B04,Bayer Leverkusen,131,4,VfL Bochum,121,0,STATUS_FULL_TIME,BayArena,2023-2024,0,12,20,2023
677726,2023-12-20 19:30:00+00:00,FC Augsburg at VfB Stuttgart,FCA @ VFB,VfB Stuttgart,134,3,FC Augsburg,3841,0,STATUS_FULL_TIME,MHPArena,2023-2024,0,12,20,2023
677719,2023-12-20 19:30:00+00:00,SC Freiburg at 1. FC Heidenheim 1846,SCF @ HDH,1. FC Heidenheim 1846,6418,3,SC Freiburg,126,2,STATUS_FULL_TIME,Voith-Arena,2023-2024,0,12,20,2023
677721,2023-12-20 19:30:00+00:00,Bayern Munich at VfL Wolfsburg,MUN @ WOB,VfL Wolfsburg,138,1,Bayern Munich,132,2,STATUS_FULL_TIME,Volkswagen Arena,2023-2024,0,12,20,2023
677727,2023-12-20 19:30:00+00:00,Borussia Mönchengladbach at Eintracht Frankfurt,BMG @ SGE,Eintracht Frankfurt,125,2,Borussia Mönchengladbach,268,1,STATUS_FULL_TIME,Deutsche Bank Park,2023-2024,0,12,20,2023
677732,2024-01-12 19:30:00+00:00,TSG Hoffenheim at Bayern Munich,TSG @ MUN,Bayern Munich,132,3,TSG Hoffenheim,7911,0,STATUS_FULL_TIME,Allianz Arena,2023-2024,0,1,12,2024
677736,2024-01-13 14:30:00+00:00,Bayer Leverkusen at FC Augsburg,B04 @ FCA,FC Augsburg,3841,0,Bayer Leverkusen,131,1,STATUS_FULL_TIME,WWK Arena,2023-2024,0,1,13,2024
677735,2024-01-13 14:30:00+00:00,1. FC Heidenheim 1846 at FC Cologne,HDH @ KOE,FC Cologne,122,1,1. FC Heidenheim 1846,6418,1,STATUS_FULL_TIME,RheinEnergieStadion,2023-2024,0,1,13,2024
677734,2024-01-13 14:30:00+00:00,VfL Wolfsburg at Mainz,WOB @ M05,Mainz,2950,1,VfL Wolfsburg,138,1,STATUS_FULL_TIME,MEWA ARENA,2023-2024,0,1,13,2024
677730,2024-01-13 14:30:00+00:00,Eintracht Frankfurt at RB Leipzig,SGE @ RBL,RB Leipzig,11420,0,Eintracht Frankfurt,125,1,STATUS_FULL_TIME,Red Bull Arena,2023-2024,0,1,13,2024
677729,2024-01-13 14:30:00+00:00,1. FC Union Berlin at SC Freiburg,FCU @ SCF,SC Freiburg,126,0,1. FC Union Berlin,598,0,STATUS_FULL_TIME,Europa-Park Stadion,2023-2024,0,1,13,2024
677728,2024-01-13 17:30:00+00:00,Borussia Dortmund at SV Darmstadt 98,DOR @ SVD,SV Darmstadt 98,3812,0,Borussia Dortmund,124,3,STATUS_FULL_TIME,Merck-Stadion am Böllenfalltor,2023-2024,0,1,13,2024
677731,2024-01-14 14:30:00+00:00,Werder Bremen at VfL Bochum,SVW @ BOC,VfL Bochum,121,1,Werder Bremen,137,1,STATUS_FULL_TIME,Vonovia Ruhrstadion,2023-2024,0,1,14,2024
677733,2024-01-14 16:30:00+00:00,VfB Stuttgart at Borussia Mönchengladbach,VFB @ BMG,Borussia Mönchengladbach,268,3,VfB Stuttgart,134,1,STATUS_FULL_TIME,BORUSSIA-PARK,2023-2024,0,1,14,2024
677743,2024-01-20 14:30:00+00:00,VfL Wolfsburg at 1. FC Heidenheim 1846,WOB @ HDH,1. FC Heidenheim 1846,6418,1,VfL Wolfsburg,138,1,STATUS_FULL_TIME,Voith-Arena,2023-2024,0,1,20,2024
677742,2024-01-20 14:30:00+00:00,Borussia Dortmund at FC Cologne,DOR @ KOE,FC Cologne,122,0,Borussia Dortmund,124,4,STATUS_FULL_TIME,RheinEnergieStadion,2023-2024,0,1,20,2024
677737,2024-01-20 14:30:00+00:00,TSG Hoffenheim at SC Freiburg,TSG @ SCF,SC Freiburg,126,3,TSG Hoffenheim,7911,2,STATUS_FULL_TIME,Europa-Park Stadion,2023-2024,0,1,20,2024
677745,2024-01-20 14:30:00+00:00,Eintracht Frankfurt at SV Darmstadt 98,SGE @ SVD,SV Darmstadt 98,3812,2,Eintracht Frankfurt,125,2,STATUS_FULL_TIME,Merck-Stadion am Böllenfalltor,2023-2024,0,1,20,2024
677744,2024-01-20 14:30:00+00:00,VfB Stuttgart at VfL Bochum,VFB @ BOC,VfL Bochum,121,1,VfB Stuttgart,134,0,STATUS_FULL_TIME,Vonovia Ruhrstadion,2023-2024,0,1,20,2024
677738,2024-01-20 17:30:00+00:00,Bayer Leverkusen at RB Leipzig,B04 @ RBL,RB Leipzig,11420,2,Bayer Leverkusen,131,3,STATUS_FULL_TIME,Red Bull Arena,2023-2024,0,1,20,2024
677739,2024-01-21 14:30:00+00:00,Werder Bremen at Bayern Munich,SVW @ MUN,Bayern Munich,132,0,Werder Bremen,137,1,STATUS_FULL_TIME,Allianz Arena,2023-2024,0,1,21,2024
677740,2024-01-21 16:30:00+00:00,FC Augsburg at Borussia Mönchengladbach,FCA @ BMG,Borussia Mönchengladbach,268,1,FC Augsburg,3841,2,STATUS_FULL_TIME,BORUSSIA-PARK,2023-2024,0,1,21,2024
677692,2024-01-24 19:30:00+00:00,1. FC Union Berlin at Bayern Munich,FCU @ MUN,Bayern Munich,132,1,1. FC Union Berlin,598,0,STATUS_FULL_TIME,Allianz Arena,2023-2024,0,1,24,2024
677753,2024-01-26 19:30:00+00:00,Mainz at Eintracht Frankfurt,M05 @ SGE,Eintracht Frankfurt,125,1,Mainz,2950,0,STATUS_FULL_TIME,Deutsche Bank Park,2023-2024,0,1,26,2024
677748,2024-01-27 14:30:00+00:00,Bayern Munich at FC Augsburg,MUN @ FCA,FC Augsburg,3841,2,Bayern Munich,132,3,STATUS_FULL_TIME,WWK Arena,2023-2024,0,1,27,2024
677750,2024-01-27 14:30:00+00:00,1. FC Heidenheim 1846 at TSG Hoffenheim,HDH @ TSG,TSG Hoffenheim,7911,1,1. FC Heidenheim 1846,6418,1,STATUS_FULL_TIME,PreZero Arena,2023-2024,0,1,27,2024
677749,2024-01-27 14:30:00+00:00,RB Leipzig at VfB Stuttgart,RBL @ VFB,VfB Stuttgart,134,5,RB Leipzig,11420,2,STATUS_FULL_TIME,MHPArena,2023-2024,0,1,27,2024
677752,2024-01-27 14:30:00+00:00,FC Cologne at VfL Wolfsburg,KOE @ WOB,VfL Wolfsburg,138,1,FC Cologne,122,1,STATUS_FULL_TIME,Volkswagen Arena,2023-2024,0,1,27,2024
677751,2024-01-27 14:30:00+00:00,SC Freiburg at Werder Bremen,SCF @ SVW,Werder Bremen,137,3,SC Freiburg,126,1,STATUS_FULL_TIME,Weserstadion,2023-2024,0,1,27,2024
677747,2024-01-27 17:30:00+00:00,Borussia Mönchengladbach at Bayer Leverkusen,BMG @ B04,Bayer Leverkusen,131,0,Borussia Mönchengladbach,268,0,STATUS_FULL_TIME,BayArena,2023-2024,0,1,27,2024
677746,2024-01-28 14:30:00+00:00,SV Darmstadt 98 at 1. FC Union Berlin,SVD @ FCU,1. FC Union Berlin,598,1,SV Darmstadt 98,3812,0,STATUS_FULL_TIME,Stadion An der Alten Försterei,2023-2024,0,1,28,2024
677754,2024-01-28 16:30:00+00:00,VfL Bochum at Borussia Dortmund,BOC @ DOR,Borussia Dortmund,124,3,VfL Bochum,121,1,STATUS_FULL_TIME,SIGNAL IDUNA PARK,2023-2024,0,1,28,2024
677756,2024-02-02 19:30:00+00:00,Borussia Dortmund at 1. FC Heidenheim 1846,DOR @ HDH,1. FC Heidenheim 1846,6418,0,Borussia Dortmund,124,0,STATUS_FULL_TIME,Voith-Arena,2023-2024,0,2,2,2024
677759,2024-02-03 14:30:00+00:00,Borussia Mönchengladbach at Bayern Munich,BMG @ MUN,Bayern Munich,132,3,Borussia Mönchengladbach,268,1,STATUS_FULL_TIME,Allianz Arena,2023-2024,0,2,3,2024
677758,2024-02-03 14:30:00+00:00,Werder Bremen at Mainz,SVW @ M05,Mainz,2950,0,Werder Bremen,137,1,STATUS_FULL_TIME,MEWA ARENA,2023-2024,0,2,3,2024
677761,2024-02-03 14:30:00+00:00,VfB Stuttgart at SC Freiburg,VFB @ SCF,SC Freiburg,126,1,VfB Stuttgart,134,3,STATUS_FULL_TIME,Europa-Park Stadion,2023-2024,0,2,3,2024
677762,2024-02-03 14:30:00+00:00,Bayer Leverkusen at SV Darmstadt 98,B04 @ SVD,SV Darmstadt 98,3812,0,Bayer Leverkusen,131,2,STATUS_FULL_TIME,Merck-Stadion am Böllenfalltor,2023-2024,0,2,3,2024
677755,2024-02-03 14:30:00+00:00,FC Augsburg at VfL Bochum,FCA @ BOC,VfL Bochum,121,1,FC Augsburg,3841,1,STATUS_FULL_TIME,Vonovia Ruhrstadion,2023-2024,0,2,3,2024
677757,2024-02-03 17:30:00+00:00,Eintracht Frankfurt at FC Cologne,SGE @ KOE,FC Cologne,122,2,Eintracht Frankfurt,125,0,STATUS_FULL_TIME,RheinEnergieStadion,2023-2024,0,2,3,2024
677763,2024-02-04 14:30:00+00:00,TSG Hoffenheim at VfL Wolfsburg,TSG @ WOB,VfL Wolfsburg,138,2,TSG Hoffenheim,7911,2,STATUS_FULL_TIME,Volkswagen Arena,2023-2024,0,2,4,2024
677760,2024-02-04 16:30:00+00:00,1. FC Union Berlin at RB Leipzig,FCU @ RBL,RB Leipzig,11420,2,1. FC Union Berlin,598,0,STATUS_FULL_TIME,Red Bull Arena,2023-2024,0,2,4,2024
677741,2024-02-07 17:30:00+00:00,1. FC Union Berlin at Mainz,FCU @ M05,Mainz,2950,1,1. FC Union Berlin,598,1,STATUS_FULL_TIME,MEWA ARENA,2023-2024,0,2,7,2024
677769,2024-02-09 19:30:00+00:00,SC Freiburg at Borussia Dortmund,SCF @ DOR,Borussia Dortmund,124,3,SC Freiburg,126,0,STATUS_FULL_TIME,SIGNAL IDUNA PARK,2023-2024,0,2,9,2024
677771,2024-02-10 14:30:00+00:00,VfL Wolfsburg at 1. FC Union Berlin,WOB @ FCU,1. FC Union Berlin,598,1,VfL Wolfsburg,138,0,STATUS_FULL_TIME,Stadion An der Alten Försterei,2023-2024,0,2,10,2024
677768,2024-02-10 14:30:00+00:00,SV Darmstadt 98 at Borussia Mönchengladbach,SVD @ BMG,Borussia Mönchengladbach,268,0,SV Darmstadt 98,3812,0,STATUS_FULL_TIME,BORUSSIA-PARK,2023-2024,0,2,10,2024
677767,2024-02-10 14:30:00+00:00,VfL Bochum at Eintracht Frankfurt,BOC @ SGE,Eintracht Frankfurt,125,1,VfL Bochum,121,1,STATUS_FULL_TIME,Deutsche Bank Park,2023-2024,0,2,10,2024
677766,2024-02-10 14:30:00+00:00,RB Leipzig at FC Augsburg,RBL @ FCA,FC Augsburg,3841,2,RB Leipzig,11420,2,STATUS_FULL_TIME,WWK Arena,2023-2024,0,2,10,2024
677765,2024-02-10 14:30:00+00:00,1. FC Heidenheim 1846 at Werder Bremen,HDH @ SVW,Werder Bremen,137,1,1. FC Heidenheim 1846,6418,2,STATUS_FULL_TIME,Weserstadion,2023-2024,0,2,10,2024
677770,2024-02-10 17:30:00+00:00,Bayern Munich at Bayer Leverkusen,MUN @ B04,Bayer Leverkusen,131,3,Bayern Munich,132,0,STATUS_FULL_TIME,BayArena,2023-2024,0,2,10,2024
677772,2024-02-11 14:30:00+00:00,Mainz at VfB Stuttgart,M05 @ VFB,VfB Stuttgart,134,3,Mainz,2950,1,STATUS_FULL_TIME,MHPArena,2023-2024,0,2,11,2024
677764,2024-02-11 16:30:00+00:00,FC Cologne at TSG Hoffenheim,KOE @ TSG,TSG Hoffenheim,7911,1,FC Cologne,122,1,STATUS_FULL_TIME,PreZero Arena,2023-2024,0,2,11,2024
677774,2024-02-16 19:30:00+00:00,Werder Bremen at FC Cologne,SVW @ KOE,FC Cologne,122,0,Werder Bremen,137,1,STATUS_FULL_TIME,RheinEnergieStadion,2023-2024,0,2,16,2024
677778,2024-02-17 14:30:00+00:00,VfB Stuttgart at SV Darmstadt 98,VFB @ SVD,SV Darmstadt 98,3812,1,VfB Stuttgart,134,2,STATUS_FULL_TIME,Merck-Stadion am Böllenfalltor,2023-2024,0,2,17,2024
677773,2024-02-17 14:30:00+00:00,Bayer Leverkusen at 1. FC Heidenheim 1846,B04 @ HDH,1. FC Heidenheim 1846,6418,1,Bayer Leverkusen,131,2,STATUS_FULL_TIME,Voith-Arena,2023-2024,0,2,17,2024
677779,2024-02-17 14:30:00+00:00,1. FC Union Berlin at TSG Hoffenheim,FCU @ TSG,TSG Hoffenheim,7911,0,1. FC Union Berlin,598,1,STATUS_FULL_TIME,PreZero Arena,2023-2024,0,2,17,2024
677781,2024-02-17 14:30:00+00:00,Borussia Dortmund at VfL Wolfsburg,DOR @ WOB,VfL Wolfsburg,138,1,Borussia Dortmund,124,1,STATUS_FULL_TIME,Volkswagen Arena,2023-2024,0,2,17,2024
677775,2024-02-17 14:30:00+00:00,FC Augsburg at Mainz,FCA @ M05,Mainz,2950,1,FC Augsburg,3841,0,STATUS_FULL_TIME,MEWA ARENA,2023-2024,0,2,17,2024
677776,2024-02-17 17:30:00+00:00,Borussia Mönchengladbach at RB Leipzig,BMG @ RBL,RB Leipzig,11420,2,Borussia Mönchengladbach,268,0,STATUS_FULL_TIME,Red Bull Arena,2023-2024,0,2,17,2024
677777,2024-02-18 14:30:00+00:00,Eintracht Frankfurt at SC Freiburg,SGE @ SCF,SC Freiburg,126,3,Eintracht Frankfurt,125,3,STATUS_FULL_TIME,Europa-Park Stadion,2023-2024,0,2,18,2024
677780,2024-02-18 16:30:00+00:00,Bayern Munich at VfL Bochum,MUN @ BOC,VfL Bochum,121,3,Bayern Munich,132,2,STATUS_FULL_TIME,Vonovia Ruhrstadion,2023-2024,0,2,18,2024
677783,2024-02-23 19:30:00+00:00,Mainz at Bayer Leverkusen,M05 @ B04,Bayer Leverkusen,131,2,Mainz,2950,1,STATUS_FULL_TIME,BayArena,2023-2024,0,2,23,2024
677790,2024-02-24 14:30:00+00:00,FC Cologne at VfB Stuttgart,KOE @ VFB,VfB Stuttgart,134,1,FC Cologne,122,1,STATUS_FULL_TIME,MHPArena,2023-2024,0,2,24,2024
677789,2024-02-24 14:30:00+00:00,SV Darmstadt 98 at Werder Bremen,SVD @ SVW,Werder Bremen,137,1,SV Darmstadt 98,3812,1,STATUS_FULL_TIME,Weserstadion,2023-2024,0,2,24,2024
677782,2024-02-24 14:30:00+00:00,1. FC Heidenheim 1846 at 1. FC Union Berlin,HDH @ FCU,1. FC Union Berlin,598,2,1. FC Heidenheim 1846,6418,2,STATUS_FULL_TIME,Stadion An der Alten Försterei,2023-2024,0,2,24,2024
677785,2024-02-24 14:30:00+00:00,VfL Bochum at Borussia Mönchengladbach,BOC @ BMG,Borussia Mönchengladbach,268,5,VfL Bochum,121,2,STATUS_FULL_TIME,BORUSSIA-PARK,2023-2024,0,2,24,2024
677788,2024-02-24 17:30:00+00:00,RB Leipzig at Bayern Munich,RBL @ MUN,Bayern Munich,132,2,RB Leipzig,11420,1,STATUS_FULL_TIME,Allianz Arena,2023-2024,0,2,24,2024
677786,2024-02-25 14:30:00+00:00,VfL Wolfsburg at Eintracht Frankfurt,WOB @ SGE,Eintracht Frankfurt,125,2,VfL Wolfsburg,138,2,STATUS_FULL_TIME,Deutsche Bank Park,2023-2024,0,2,25,2024
677784,2024-02-25 16:30:00+00:00,TSG Hoffenheim at Borussia Dortmund,TSG @ DOR,Borussia Dortmund,124,2,TSG Hoffenheim,7911,3,STATUS_FULL_TIME,SIGNAL IDUNA PARK,2023-2024,0,2,25,2024
677787,2024-02-25 18:30:00+00:00,SC Freiburg at FC Augsburg,SCF @ FCA,FC Augsburg,3841,2,SC Freiburg,126,1,STATUS_FULL_TIME,WWK Arena,2023-2024,0,2,25,2024
677792,2024-03-01 19:30:00+00:00,Bayern Munich at SC Freiburg,MUN @ SCF,SC Freiburg,126,2,Bayern Munich,132,2,STATUS_FULL_TIME,Europa-Park Stadion,2023-2024,0,3,1,2024
677795,2024-03-02 14:30:00+00:00,Eintracht Frankfurt at 1. FC Heidenheim 1846,SGE @ HDH,1. FC Heidenheim 1846,6418,1,Eintracht Frankfurt,125,2,STATUS_FULL_TIME,Voith-Arena,2023-2024,0,3,2,2024
677798,2024-03-02 14:30:00+00:00,Borussia Dortmund at 1. FC Union Berlin,DOR @ FCU,1. FC Union Berlin,598,0,Borussia Dortmund,124,2,STATUS_FULL_TIME,Stadion An der Alten Försterei,2023-2024,0,3,2,2024
677791,2024-03-02 14:30:00+00:00,Borussia Mönchengladbach at Mainz,BMG @ M05,Mainz,2950,1,Borussia Mönchengladbach,268,1,STATUS_FULL_TIME,MEWA ARENA,2023-2024,0,3,2,2024
677793,2024-03-02 14:30:00+00:00,FC Augsburg at SV Darmstadt 98,FCA @ SVD,SV Darmstadt 98,3812,0,FC Augsburg,3841,6,STATUS_FULL_TIME,Merck-Stadion am Böllenfalltor,2023-2024,0,3,2,2024
677799,2024-03-02 14:30:00+00:00,RB Leipzig at VfL Bochum,RBL @ BOC,VfL Bochum,121,1,RB Leipzig,11420,4,STATUS_FULL_TIME,Vonovia Ruhrstadion,2023-2024,0,3,2,2024
677796,2024-03-02 17:30:00+00:00,VfB Stuttgart at VfL Wolfsburg,VFB @ WOB,VfL Wolfsburg,138,2,VfB Stuttgart,134,3,STATUS_FULL_TIME,Volkswagen Arena,2023-2024,0,3,2,2024
677797,2024-03-03 14:30:00+00:00,Bayer Leverkusen at FC Cologne,B04 @ KOE,FC Cologne,122,0,Bayer Leverkusen,131,2,STATUS_FULL_TIME,RheinEnergieStadion,2023-2024,0,3,3,2024
677794,2024-03-03 16:30:00+00:00,Werder Bremen at TSG Hoffenheim,SVW @ TSG,TSG Hoffenheim,7911,2,Werder Bremen,137,1,STATUS_FULL_TIME,PreZero Arena,2023-2024,0,3,3,2024
677800,2024-03-08 19:30:00+00:00,1. FC Union Berlin at VfB Stuttgart,FCU @ VFB,VfB Stuttgart,134,2,1. FC Union Berlin,598,0,STATUS_FULL_TIME,MHPArena,2023-2024,0,3,8,2024
677804,2024-03-09 14:30:00+00:00,Mainz at Bayern Munich,M05 @ MUN,Bayern Munich,132,8,Mainz,2950,1,STATUS_FULL_TIME,Allianz Arena,2023-2024,0,3,9,2024
677808,2024-03-09 14:30:00+00:00,FC Cologne at Borussia Mönchengladbach,KOE @ BMG,Borussia Mönchengladbach,268,3,FC Cologne,122,3,STATUS_FULL_TIME,BORUSSIA-PARK,2023-2024,0,3,9,2024
677805,2024-03-09 14:30:00+00:00,1. FC Heidenheim 1846 at FC Augsburg,HDH @ FCA,FC Augsburg,3841,1,1. FC Heidenheim 1846,6418,0,STATUS_FULL_TIME,WWK Arena,2023-2024,0,3,9,2024
677802,2024-03-09 14:30:00+00:00,SV Darmstadt 98 at RB Leipzig,SVD @ RBL,RB Leipzig,11420,2,SV Darmstadt 98,3812,0,STATUS_FULL_TIME,Red Bull Arena,2023-2024,0,3,9,2024
677803,2024-03-09 17:30:00+00:00,Borussia Dortmund at Werder Bremen,DOR @ SVW,Werder Bremen,137,1,Borussia Dortmund,124,2,STATUS_FULL_TIME,Weserstadion,2023-2024,0,3,9,2024
677801,2024-03-10 14:30:00+00:00,SC Freiburg at VfL Bochum,SCF @ BOC,VfL Bochum,121,1,SC Freiburg,126,2,STATUS_FULL_TIME,Vonovia Ruhrstadion,2023-2024,0,3,10,2024
677806,2024-03-10 16:30:00+00:00,TSG Hoffenheim at Eintracht Frankfurt,TSG @ SGE,Eintracht Frankfurt,125,3,TSG Hoffenheim,7911,1,STATUS_FULL_TIME,Deutsche Bank Park,2023-2024,0,3,10,2024
677807,2024-03-10 18:30:00+00:00,VfL Wolfsburg at Bayer Leverkusen,WOB @ B04,Bayer Leverkusen,131,2,VfL Wolfsburg,138,0,STATUS_FULL_TIME,BayArena,2023-2024,0,3,10,2024
677811,2024-03-15 19:30:00+00:00,RB Leipzig at FC Cologne,RBL @ KOE,FC Cologne,122,1,RB Leipzig,11420,5,STATUS_FULL_TIME,RheinEnergieStadion,2023-2024,0,3,15,2024
677813,2024-03-16 14:30:00+00:00,VfL Bochum at Mainz,BOC @ M05,Mainz,2950,2,VfL Bochum,121,0,STATUS_FULL_TIME,MEWA ARENA,2023-2024,0,3,16,2024
677809,2024-03-16 14:30:00+00:00,Borussia Mönchengladbach at 1. FC Heidenheim 1846,BMG @ HDH,1. FC Heidenheim 1846,6418,1,Borussia Mönchengladbach,268,1,STATUS_FULL_TIME,Voith-Arena,2023-2024,0,3,16,2024
677816,2024-03-16 14:30:00+00:00,Bayern Munich at SV Darmstadt 98,MUN @ SVD,SV Darmstadt 98,3812,2,Bayern Munich,132,5,STATUS_FULL_TIME,Merck-Stadion am Böllenfalltor,2023-2024,0,3,16,2024
677810,2024-03-16 14:30:00+00:00,FC Augsburg at VfL Wolfsburg,FCA @ WOB,VfL Wolfsburg,138,1,FC Augsburg,3841,3,STATUS_FULL_TIME,Volkswagen Arena,2023-2024,0,3,16,2024
677812,2024-03-16 14:30:00+00:00,Werder Bremen at 1. FC Union Berlin,SVW @ FCU,1. FC Union Berlin,598,2,Werder Bremen,137,1,STATUS_FULL_TIME,Stadion An der Alten Försterei,2023-2024,0,3,16,2024
677817,2024-03-16 17:30:00+00:00,VfB Stuttgart at TSG Hoffenheim,VFB @ TSG,TSG Hoffenheim,7911,0,VfB Stuttgart,134,3,STATUS_FULL_TIME,PreZero Arena,2023-2024,0,3,16,2024
677815,2024-03-17 14:30:00+00:00,Bayer Leverkusen at SC Freiburg,B04 @ SCF,SC Freiburg,126,2,Bayer Leverkusen,131,3,STATUS_FULL_TIME,Europa-Park Stadion,2023-2024,0,3,17,2024
677814,2024-03-17 16:30:00+00:00,Eintracht Frankfurt at Borussia Dortmund,SGE @ DOR,Borussia Dortmund,124,3,Eintracht Frankfurt,125,1,STATUS_FULL_TIME,SIGNAL IDUNA PARK,2023-2024,0,3,17,2024
677818,2024-03-30 14:30:00+00:00,1. FC Union Berlin at Eintracht Frankfurt,FCU @ SGE,Eintracht Frankfurt,125,0,1. FC Union Berlin,598,0,STATUS_FULL_TIME,Deutsche Bank Park,2023-2024,0,3,30,2024
677822,2024-03-30 14:30:00+00:00,Mainz at RB Leipzig,M05 @ RBL,RB Leipzig,11420,0,Mainz,2950,0,STATUS_FULL_TIME,Red Bull Arena,2023-2024,0,3,30,2024
677820,2024-03-30 14:30:00+00:00,TSG Hoffenheim at Bayer Leverkusen,TSG @ B04,Bayer Leverkusen,131,2,TSG Hoffenheim,7911,1,STATUS_FULL_TIME,BayArena,2023-2024,0,3,30,2024
677819,2024-03-30 14:30:00+00:00,SC Freiburg at Borussia Mönchengladbach,SCF @ BMG,Borussia Mönchengladbach,268,0,SC Freiburg,126,3,STATUS_FULL_TIME,BORUSSIA-PARK,2023-2024,0,3,30,2024
677823,2024-03-30 14:30:00+00:00,VfL Wolfsburg at Werder Bremen,WOB @ SVW,Werder Bremen,137,0,VfL Wolfsburg,138,2,STATUS_FULL_TIME,Weserstadion,2023-2024,0,3,30,2024
677825,2024-03-30 17:30:00+00:00,Borussia Dortmund at Bayern Munich,DOR @ MUN,Bayern Munich,132,0,Borussia Dortmund,124,2,STATUS_FULL_TIME,Allianz Arena,2023-2024,0,3,30,2024
677824,2024-03-31 13:30:00+00:00,FC Cologne at FC Augsburg,KOE @ FCA,FC Augsburg,3841,1,FC Cologne,122,1,STATUS_FULL_TIME,WWK Arena,2023-2024,0,3,31,2024
677826,2024-03-31 15:30:00+00:00,1. FC Heidenheim 1846 at VfB Stuttgart,HDH @ VFB,VfB Stuttgart,134,3,1. FC Heidenheim 1846,6418,3,STATUS_FULL_TIME,MHPArena,2023-2024,0,3,31,2024
677821,2024-03-31 17:30:00+00:00,SV Darmstadt 98 at VfL Bochum,SVD @ BOC,VfL Bochum,121,2,SV Darmstadt 98,3812,2,STATUS_FULL_TIME,Vonovia Ruhrstadion,2023-2024,0,3,31,2024
677832,2024-04-05 18:30:00+00:00,Werder Bremen at Eintracht Frankfurt,SVW @ SGE,Eintracht Frankfurt,125,1,Werder Bremen,137,1,STATUS_FULL_TIME,Deutsche Bank Park,2023-2024,0,4,5,2024
677827,2024-04-06 13:30:00+00:00,Bayern Munich at 1. FC Heidenheim 1846,MUN @ HDH,1. FC Heidenheim 1846,6418,3,Bayern Munich,132,2,STATUS_FULL_TIME,Voith-Arena,2023-2024,0,4,6,2024
677829,2024-04-06 13:30:00+00:00,Bayer Leverkusen at 1. FC Union Berlin,B04 @ FCU,1. FC Union Berlin,598,0,Bayer Leverkusen,131,1,STATUS_FULL_TIME,Stadion An der Alten Försterei,2023-2024,0,4,6,2024
677828,2024-04-06 13:30:00+00:00,VfL Bochum at FC Cologne,BOC @ KOE,FC Cologne,122,2,VfL Bochum,121,1,STATUS_FULL_TIME,RheinEnergieStadion,2023-2024,0,4,6,2024
677831,2024-04-06 13:30:00+00:00,SV Darmstadt 98 at Mainz,SVD @ M05,Mainz,2950,4,SV Darmstadt 98,3812,0,STATUS_FULL_TIME,MEWA ARENA,2023-2024,0,4,6,2024
677833,2024-04-06 13:30:00+00:00,RB Leipzig at SC Freiburg,RBL @ SCF,SC Freiburg,126,1,RB Leipzig,11420,4,STATUS_FULL_TIME,Europa-Park Stadion,2023-2024,0,4,6,2024
677835,2024-04-06 16:30:00+00:00,VfB Stuttgart at Borussia Dortmund,VFB @ DOR,Borussia Dortmund,124,0,VfB Stuttgart,134,1,STATUS_FULL_TIME,SIGNAL IDUNA PARK,2023-2024,0,4,6,2024
677834,2024-04-07 13:30:00+00:00,FC Augsburg at TSG Hoffenheim,FCA @ TSG,TSG Hoffenheim,7911,3,FC Augsburg,3841,1,STATUS_FULL_TIME,PreZero Arena,2023-2024,0,4,7,2024
677830,2024-04-07 15:30:00+00:00,Borussia Mönchengladbach at VfL Wolfsburg,BMG @ WOB,VfL Wolfsburg,138,1,Borussia Mönchengladbach,268,3,STATUS_FULL_TIME,Volkswagen Arena,2023-2024,0,4,7,2024
677839,2024-04-12 18:30:00+00:00,1. FC Union Berlin at FC Augsburg,FCU @ FCA,FC Augsburg,3841,2,1. FC Union Berlin,598,0,STATUS_FULL_TIME,WWK Arena,2023-2024,0,4,12,2024
677840,2024-04-13 13:30:00+00:00,FC Cologne at Bayern Munich,KOE @ MUN,Bayern Munich,132,2,FC Cologne,122,0,STATUS_FULL_TIME,Allianz Arena,2023-2024,0,4,13,2024
677838,2024-04-13 13:30:00+00:00,Borussia Dortmund at Borussia Mönchengladbach,DOR @ BMG,Borussia Mönchengladbach,268,1,Borussia Dortmund,124,2,STATUS_FULL_TIME,BORUSSIA-PARK,2023-2024,0,4,13,2024
677836,2024-04-13 13:30:00+00:00,TSG Hoffenheim at Mainz,TSG @ M05,Mainz,2950,4,TSG Hoffenheim,7911,1,STATUS_FULL_TIME,MEWA ARENA,2023-2024,0,4,13,2024
677841,2024-04-13 13:30:00+00:00,VfL Wolfsburg at RB Leipzig,WOB @ RBL,RB Leipzig,11420,3,VfL Wolfsburg,138,0,STATUS_FULL_TIME,Red Bull Arena,2023-2024,0,4,13,2024
677844,2024-04-13 13:30:00+00:00,1. FC Heidenheim 1846 at VfL Bochum,HDH @ BOC,VfL Bochum,121,1,1. FC Heidenheim 1846,6418,1,STATUS_FULL_TIME,Vonovia Ruhrstadion,2023-2024,0,4,13,2024
677843,2024-04-13 16:30:00+00:00,Eintracht Frankfurt at VfB Stuttgart,SGE @ VFB,VfB Stuttgart,134,3,Eintracht Frankfurt,125,0,STATUS_FULL_TIME,MHPArena,2023-2024,0,4,13,2024
677842,2024-04-14 13:30:00+00:00,SC Freiburg at SV Darmstadt 98,SCF @ SVD,SV Darmstadt 98,3812,0,SC Freiburg,126,1,STATUS_FULL_TIME,Merck-Stadion am Böllenfalltor,2023-2024,0,4,14,2024
677837,2024-04-14 15:30:00+00:00,Werder Bremen at Bayer Leverkusen,SVW @ B04,Bayer Leverkusen,131,5,Werder Bremen,137,0,STATUS_FULL_TIME,BayArena,2023-2024,0,4,14,2024
677849,2024-04-19 18:30:00+00:00,FC Augsburg at Eintracht Frankfurt,FCA @ SGE,Eintracht Frankfurt,125,3,FC Augsburg,3841,1,STATUS_FULL_TIME,Deutsche Bank Park,2023-2024,0,4,19,2024
677845,2024-04-20 13:30:00+00:00,RB Leipzig at 1. FC Heidenheim 1846,RBL @ HDH,1. FC Heidenheim 1846,6418,1,RB Leipzig,11420,2,STATUS_FULL_TIME,Voith-Arena,2023-2024,0,4,20,2024
677846,2024-04-20 13:30:00+00:00,SV Darmstadt 98 at FC Cologne,SVD @ KOE,FC Cologne,122,0,SV Darmstadt 98,3812,2,STATUS_FULL_TIME,RheinEnergieStadion,2023-2024,0,4,20,2024
677852,2024-04-20 13:30:00+00:00,Borussia Mönchengladbach at TSG Hoffenheim,BMG @ TSG,TSG Hoffenheim,7911,4,Borussia Mönchengladbach,268,3,STATUS_FULL_TIME,PreZero Arena,2023-2024,0,4,20,2024
677853,2024-04-20 13:30:00+00:00,VfL Bochum at VfL Wolfsburg,BOC @ WOB,VfL Wolfsburg,138,1,VfL Bochum,121,0,STATUS_FULL_TIME,Volkswagen Arena,2023-2024,0,4,20,2024
677847,2024-04-20 16:30:00+00:00,Bayern Munich at 1. FC Union Berlin,MUN @ FCU,1. FC Union Berlin,598,1,Bayern Munich,132,5,STATUS_FULL_TIME,Stadion An der Alten Försterei,2023-2024,0,4,20,2024
677851,2024-04-21 13:30:00+00:00,VfB Stuttgart at Werder Bremen,VFB @ SVW,Werder Bremen,137,2,VfB Stuttgart,134,1,STATUS_FULL_TIME,Weserstadion,2023-2024,0,4,21,2024
677848,2024-04-21 15:30:00+00:00,Bayer Leverkusen at Borussia Dortmund,B04 @ DOR,Borussia Dortmund,124,1,Bayer Leverkusen,131,1,STATUS_FULL_TIME,SIGNAL IDUNA PARK,2023-2024,0,4,21,2024
677850,2024-04-21 17:30:00+00:00,Mainz at SC Freiburg,M05 @ SCF,SC Freiburg,126,1,Mainz,2950,1,STATUS_FULL_TIME,Europa-Park Stadion,2023-2024,0,4,21,2024
677862,2024-04-26 18:30:00+00:00,TSG Hoffenheim at VfL Bochum,TSG @ BOC,VfL Bochum,121,3,TSG Hoffenheim,7911,2,STATUS_FULL_TIME,Vonovia Ruhrstadion,2023-2024,0,4,26,2024
677858,2024-04-27 13:30:00+00:00,Eintracht Frankfurt at Bayern Munich,SGE @ MUN,Bayern Munich,132,2,Eintracht Frankfurt,125,1,STATUS_FULL_TIME,Allianz Arena,2023-2024,0,4,27,2024
677857,2024-04-27 13:30:00+00:00,Werder Bremen at FC Augsburg,SVW @ FCA,FC Augsburg,3841,0,Werder Bremen,137,3,STATUS_FULL_TIME,WWK Arena,2023-2024,0,4,27,2024
677859,2024-04-27 13:30:00+00:00,Borussia Dortmund at RB Leipzig,DOR @ RBL,RB Leipzig,11420,4,Borussia Dortmund,124,1,STATUS_FULL_TIME,Red Bull Arena,2023-2024,0,4,27,2024
677860,2024-04-27 13:30:00+00:00,VfL Wolfsburg at SC Freiburg,WOB @ SCF,SC Freiburg,126,1,VfL Wolfsburg,138,2,STATUS_FULL_TIME,Europa-Park Stadion,2023-2024,0,4,27,2024
677855,2024-04-27 16:30:00+00:00,VfB Stuttgart at Bayer Leverkusen,VFB @ B04,Bayer Leverkusen,131,2,VfB Stuttgart,134,2,STATUS_FULL_TIME,BayArena,2023-2024,0,4,27,2024
677856,2024-04-28 13:30:00+00:00,1. FC Union Berlin at Borussia Mönchengladbach,FCU @ BMG,Borussia Mönchengladbach,268,0,1. FC Union Berlin,598,0,STATUS_FULL_TIME,BORUSSIA-PARK,2023-2024,0,4,28,2024
677854,2024-04-28 15:30:00+00:00,FC Cologne at Mainz,KOE @ M05,Mainz,2950,1,FC Cologne,122,1,STATUS_FULL_TIME,MEWA ARENA,2023-2024,0,4,28,2024
677861,2024-04-28 17:30:00+00:00,1. FC Heidenheim 1846 at SV Darmstadt 98,HDH @ SVD,SV Darmstadt 98,3812,0,1. FC Heidenheim 1846,6418,1,STATUS_FULL_TIME,Merck-Stadion am Böllenfalltor,2023-2024,0,4,28,2024
677869,2024-05-03 18:30:00+00:00,RB Leipzig at TSG Hoffenheim,RBL @ TSG,TSG Hoffenheim,7911,1,RB Leipzig,11420,1,STATUS_FULL_TIME,PreZero Arena,2023-2024,0,5,3,2024
677866,2024-05-04 13:30:00+00:00,FC Augsburg at Borussia Dortmund,FCA @ DOR,Borussia Dortmund,124,5,FC Augsburg,3841,1,STATUS_FULL_TIME,SIGNAL IDUNA PARK,2023-2024,0,5,4,2024
677870,2024-05-04 13:30:00+00:00,Bayern Munich at VfB Stuttgart,MUN @ VFB,VfB Stuttgart,134,3,Bayern Munich,132,1,STATUS_FULL_TIME,MHPArena,2023-2024,0,5,4,2024
677871,2024-05-04 13:30:00+00:00,SV Darmstadt 98 at VfL Wolfsburg,SVD @ WOB,VfL Wolfsburg,138,3,SV Darmstadt 98,3812,0,STATUS_FULL_TIME,Volkswagen Arena,2023-2024,0,5,4,2024
677868,2024-05-04 13:30:00+00:00,Borussia Mönchengladbach at Werder Bremen,BMG @ SVW,Werder Bremen,137,2,Borussia Mönchengladbach,268,2,STATUS_FULL_TIME,Weserstadion,2023-2024,0,5,4,2024
677864,2024-05-04 16:30:00+00:00,SC Freiburg at FC Cologne,SCF @ KOE,FC Cologne,122,0,SC Freiburg,126,0,STATUS_FULL_TIME,RheinEnergieStadion,2023-2024,0,5,4,2024
677865,2024-05-05 13:30:00+00:00,VfL Bochum at 1. FC Union Berlin,BOC @ FCU,1. FC Union Berlin,598,3,VfL Bochum,121,4,STATUS_FULL_TIME,Stadion An der Alten Försterei,2023-2024,0,5,5,2024
677867,2024-05-05 15:30:00+00:00,Bayer Leverkusen at Eintracht Frankfurt,B04 @ SGE,Eintracht Frankfurt,125,1,Bayer Leverkusen,131,5,STATUS_FULL_TIME,Deutsche Bank Park,2023-2024,0,5,5,2024
677863,2024-05-05 17:30:00+00:00,Mainz at 1. FC Heidenheim 1846,M05 @ HDH,1. FC Heidenheim 1846,6418,1,Mainz,2950,1,STATUS_FULL_TIME,Voith-Arena,2023-2024,0,5,5,2024
677875,2024-05-10 18:30:00+00:00,VfB Stuttgart at FC Augsburg,VFB @ FCA,FC Augsburg,3841,0,VfB Stuttgart,134,1,STATUS_FULL_TIME,WWK Arena,2023-2024,0,5,10,2024
677874,2024-05-11 13:30:00+00:00,Eintracht Frankfurt at Borussia Mönchengladbach,SGE @ BMG,Borussia Mönchengladbach,268,1,Eintracht Frankfurt,125,1,STATUS_FULL_TIME,BORUSSIA-PARK,2023-2024,0,5,11,2024
677872,2024-05-11 13:30:00+00:00,1. FC Union Berlin at FC Cologne,FCU @ KOE,FC Cologne,122,3,1. FC Union Berlin,598,2,STATUS_FULL_TIME,RheinEnergieStadion,2023-2024,0,5,11,2024
677574,2024-05-11 13:30:00+00:00,Werder Bremen at RB Leipzig,SVW @ RBL,RB Leipzig,11420,1,Werder Bremen,137,1,STATUS_FULL_TIME,Red Bull Arena,2023-2024,0,5,11,2024
677877,2024-05-11 13:30:00+00:00,1. FC Heidenheim 1846 at SC Freiburg,HDH @ SCF,SC Freiburg,126,1,1. FC Heidenheim 1846,6418,1,STATUS_FULL_TIME,Europa-Park Stadion,2023-2024,0,5,11,2024
677873,2024-05-11 16:30:00+00:00,Borussia Dortmund at Mainz,DOR @ M05,Mainz,2950,3,Borussia Dortmund,124,0,STATUS_FULL_TIME,MEWA ARENA,2023-2024,0,5,11,2024
677878,2024-05-12 13:30:00+00:00,TSG Hoffenheim at SV Darmstadt 98,TSG @ SVD,SV Darmstadt 98,3812,0,TSG Hoffenheim,7911,6,STATUS_FULL_TIME,Merck-Stadion am Böllenfalltor,2023-2024,0,5,12,2024
677876,2024-05-12 15:30:00+00:00,VfL Wolfsburg at Bayern Munich,WOB @ MUN,Bayern Munich,132,2,VfL Wolfsburg,138,0,STATUS_FULL_TIME,Allianz Arena,2023-2024,0,5,12,2024
677879,2024-05-12 17:30:00+00:00,Bayer Leverkusen at VfL Bochum,B04 @ BOC,VfL Bochum,121,0,Bayer Leverkusen,131,5,STATUS_FULL_TIME,Vonovia Ruhrstadion,2023-2024,0,5,12,2024
677582,2024-05-18 13:30:00+00:00,RB Leipzig at Eintracht Frankfurt,RBL @ SGE,Eintracht Frankfurt,125,2,RB Leipzig,11420,2,STATUS_FULL_TIME,Deutsche Bank Park,2023-2024,0,5,18,2024
677576,2024-05-18 13:30:00+00:00,SC Freiburg at 1. FC Union Berlin,SCF @ FCU,1. FC Union Berlin,598,2,SC Freiburg,126,1,STATUS_FULL_TIME,Stadion An der Alten Försterei,2023-2024,0,5,18,2024
677577,2024-05-18 13:30:00+00:00,FC Augsburg at Bayer Leverkusen,FCA @ B04,Bayer Leverkusen,131,2,FC Augsburg,3841,1,STATUS_FULL_TIME,BayArena,2023-2024,0,5,18,2024
677578,2024-05-18 13:30:00+00:00,SV Darmstadt 98 at Borussia Dortmund,SVD @ DOR,Borussia Dortmund,124,4,SV Darmstadt 98,3812,0,STATUS_FULL_TIME,SIGNAL IDUNA PARK,2023-2024,0,5,18,2024
677581,2024-05-18 13:30:00+00:00,VfL Bochum at Werder Bremen,BOC @ SVW,Werder Bremen,137,4,VfL Bochum,121,1,STATUS_FULL_TIME,Weserstadion,2023-2024,0,5,18,2024
677580,2024-05-18 13:30:00+00:00,Bayern Munich at TSG Hoffenheim,MUN @ TSG,TSG Hoffenheim,7911,4,Bayern Munich,132,2,STATUS_FULL_TIME,PreZero Arena,2023-2024,0,5,18,2024
677583,2024-05-18 13:30:00+00:00,Borussia Mönchengladbach at VfB Stuttgart,BMG @ VFB,VfB Stuttgart,134,4,Borussia Mönchengladbach,268,0,STATUS_FULL_TIME,MHPArena,2023-2024,0,5,18,2024
677579,2024-05-18 13:30:00+00:00,Mainz at VfL Wolfsburg,M05 @ WOB,VfL Wolfsburg,138,1,Mainz,2950,3,STATUS_FULL_TIME,Volkswagen Arena,2023-2024,0,5,18,2024
677575,2024-05-18 13:30:00+00:00,FC Cologne at 1. FC Heidenheim 1846,KOE @ HDH,1. FC Heidenheim 1846,6418,4,FC Cologne,122,1,STATUS_FULL_TIME,Voith-Arena,2023-2024,0,5,18,2024
711729,2024-08-23 18:30:00+00:00,Bayer Leverkusen at Borussia Mönchengladbach,B04 @ BMG,Borussia Mönchengladbach,268,2,Bayer Leverkusen,131,3,STATUS_FULL_TIME,BORUSSIA-PARK,2024-2025,0,8,23,2024
711439,2024-08-24 13:30:00+00:00,Werder Bremen at FC Augsburg,SVW @ FCA,FC Augsburg,3841,2,Werder Bremen,137,2,STATUS_FULL_TIME,WWK Arena,2024-2025,0,8,24,2024
711435,2024-08-24 13:30:00+00:00,Holstein Kiel at TSG Hoffenheim,KSV @ TSG,TSG Hoffenheim,7911,3,Holstein Kiel,7884,2,STATUS_FULL_TIME,PreZero Arena,2024-2025,0,8,24,2024
711433,2024-08-24 13:30:00+00:00,1. FC Union Berlin at Mainz,FCU @ M05,Mainz,2950,1,1. FC Union Berlin,598,1,STATUS_FULL_TIME,MEWA ARENA,2024-2025,0,8,24,2024
711436,2024-08-24 13:30:00+00:00,VfB Stuttgart at SC Freiburg,VFB @ SCF,SC Freiburg,126,3,VfB Stuttgart,134,1,STATUS_FULL_TIME,Europa-Park Stadion,2024-2025,0,8,24,2024
711437,2024-08-24 13:30:00+00:00,VfL Bochum at RB Leipzig,BOC @ RBL,RB Leipzig,11420,1,VfL Bochum,121,0,STATUS_FULL_TIME,Red Bull Arena,2024-2025,0,8,24,2024
711440,2024-08-24 16:30:00+00:00,Eintracht Frankfurt at Borussia Dortmund,SGE @ DOR,Borussia Dortmund,124,2,Eintracht Frankfurt,125,0,STATUS_FULL_TIME,SIGNAL IDUNA PARK,2024-2025,0,8,24,2024
711434,2024-08-25 13:30:00+00:00,Bayern Munich at VfL Wolfsburg,MUN @ WOB,VfL Wolfsburg,138,2,Bayern Munich,132,3,STATUS_FULL_TIME,Volkswagen Arena,2024-2025,0,8,25,2024
711438,2024-08-25 15:30:00+00:00,1. FC Heidenheim 1846 at St. Pauli,HDH @ STP,St. Pauli,270,0,1. FC Heidenheim 1846,6418,2,STATUS_FULL_TIME,Millerntor-Stadion,2024-2025,0,8,25,2024
711448,2024-08-30 18:30:00+00:00,St. Pauli at 1. FC Union Berlin,STP @ FCU,1. FC Union Berlin,598,1,St. Pauli,270,0,STATUS_FULL_TIME,Stadion An der Alten Försterei,2024-2025,0,8,30,2024
711446,2024-08-31 13:30:00+00:00,TSG Hoffenheim at Eintracht Frankfurt,TSG @ SGE,Eintracht Frankfurt,125,3,TSG Hoffenheim,7911,1,STATUS_FULL_TIME,Deutsche Bank Park,2024-2025,0,8,31,2024
711444,2024-08-31 13:30:00+00:00,VfL Wolfsburg at Holstein Kiel,WOB @ KSV,Holstein Kiel,7884,0,VfL Wolfsburg,138,2,STATUS_FULL_TIME,Holstein-Stadion,2024-2025,0,8,31,2024
711442,2024-08-31 13:30:00+00:00,Mainz at VfB Stuttgart,M05 @ VFB,VfB Stuttgart,134,3,Mainz,2950,3,STATUS_FULL_TIME,MHPArena,2024-2025,0,8,31,2024
711445,2024-08-31 13:30:00+00:00,Borussia Mönchengladbach at VfL Bochum,BMG @ BOC,VfL Bochum,121,0,Borussia Mönchengladbach,268,2,STATUS_FULL_TIME,Vonovia Ruhrstadion,2024-2025,0,8,31,2024
711443,2024-08-31 13:30:00+00:00,Borussia Dortmund at Werder Bremen,DOR @ SVW,Werder Bremen,137,0,Borussia Dortmund,124,0,STATUS_FULL_TIME,Weserstadion,2024-2025,0,8,31,2024
711447,2024-08-31 16:30:00+00:00,RB Leipzig at Bayer Leverkusen,RBL @ B04,Bayer Leverkusen,131,2,RB Leipzig,11420,3,STATUS_FULL_TIME,BayArena,2024-2025,0,8,31,2024
711441,2024-09-01 13:30:00+00:00,FC Augsburg at 1. FC Heidenheim 1846,FCA @ HDH,1. FC Heidenheim 1846,6418,4,FC Augsburg,3841,0,STATUS_FULL_TIME,Voith-Arena,2024-2025,0,9,1,2024
711449,2024-09-01 15:30:00+00:00,SC Freiburg at Bayern Munich,SCF @ MUN,Bayern Munich,132,2,SC Freiburg,126,0,STATUS_FULL_TIME,Allianz Arena,2024-2025,0,9,1,2024
711452,2024-09-13 18:30:00+00:00,1. FC Heidenheim 1846 at Borussia Dortmund,HDH @ DOR,Borussia Dortmund,124,4,1. FC Heidenheim 1846,6418,2,STATUS_FULL_TIME,SIGNAL IDUNA PARK,2024-2025,0,9,13,2024
711451,2024-09-14 13:30:00+00:00,VfB Stuttgart at Borussia Mönchengladbach,VFB @ BMG,Borussia Mönchengladbach,268,1,VfB Stuttgart,134,3,STATUS_FULL_TIME,BORUSSIA-PARK,2024-2025,0,9,14,2024
711455,2024-09-14 13:30:00+00:00,1. FC Union Berlin at RB Leipzig,FCU @ RBL,RB Leipzig,11420,0,1. FC Union Berlin,598,0,STATUS_FULL_TIME,Red Bull Arena,2024-2025,0,9,14,2024
711456,2024-09-14 13:30:00+00:00,VfL Bochum at SC Freiburg,BOC @ SCF,SC Freiburg,126,2,VfL Bochum,121,1,STATUS_FULL_TIME,Europa-Park Stadion,2024-2025,0,9,14,2024
711457,2024-09-14 13:30:00+00:00,Bayer Leverkusen at TSG Hoffenheim,B04 @ TSG,TSG Hoffenheim,7911,1,Bayer Leverkusen,131,4,STATUS_FULL_TIME,PreZero Arena,2024-2025,0,9,14,2024
711454,2024-09-14 13:30:00+00:00,Eintracht Frankfurt at VfL Wolfsburg,SGE @ WOB,VfL Wolfsburg,138,1,Eintracht Frankfurt,125,2,STATUS_FULL_TIME,Volkswagen Arena,2024-2025,0,9,14,2024
711458,2024-09-14 16:30:00+00:00,Bayern Munich at Holstein Kiel,MUN @ KSV,Holstein Kiel,7884,1,Bayern Munich,132,6,STATUS_FULL_TIME,Holstein-Stadion,2024-2025,0,9,14,2024
711450,2024-09-15 13:30:00+00:00,St. Pauli at FC Augsburg,STP @ FCA,FC Augsburg,3841,3,St. Pauli,270,1,STATUS_FULL_TIME,WWK Arena,2024-2025,0,9,15,2024
711453,2024-09-15 15:30:00+00:00,Werder Bremen at Mainz,SVW @ M05,Mainz,2950,1,Werder Bremen,137,2,STATUS_FULL_TIME,MEWA ARENA,2024-2025,0,9,15,2024
711463,2024-09-20 18:30:00+00:00,Mainz at FC Augsburg,M05 @ FCA,FC Augsburg,3841,2,Mainz,2950,3,STATUS_FULL_TIME,WWK Arena,2024-2025,0,9,20,2024
711461,2024-09-21 13:30:00+00:00,TSG Hoffenheim at 1. FC Union Berlin,TSG @ FCU,1. FC Union Berlin,598,2,TSG Hoffenheim,7911,1,STATUS_FULL_TIME,Stadion An der Alten Försterei,2024-2025,0,9,21,2024
711462,2024-09-21 13:30:00+00:00,SC Freiburg at 1. FC Heidenheim 1846,SCF @ HDH,1. FC Heidenheim 1846,6418,0,SC Freiburg,126,3,STATUS_FULL_TIME,Voith-Arena,2024-2025,0,9,21,2024
711466,2024-09-21 13:30:00+00:00,Bayern Munich at Werder Bremen,MUN @ SVW,Werder Bremen,137,0,Bayern Munich,132,5,STATUS_FULL_TIME,Weserstadion,2024-2025,0,9,21,2024
711464,2024-09-21 13:30:00+00:00,Holstein Kiel at VfL Bochum,KSV @ BOC,VfL Bochum,121,2,Holstein Kiel,7884,2,STATUS_FULL_TIME,Vonovia Ruhrstadion,2024-2025,0,9,21,2024
711459,2024-09-21 16:30:00+00:00,Borussia Mönchengladbach at Eintracht Frankfurt,BMG @ SGE,Eintracht Frankfurt,125,2,Borussia Mönchengladbach,268,0,STATUS_FULL_TIME,Deutsche Bank Park,2024-2025,0,9,21,2024
711460,2024-09-22 13:30:00+00:00,VfL Wolfsburg at Bayer Leverkusen,WOB @ B04,Bayer Leverkusen,131,4,VfL Wolfsburg,138,3,STATUS_FULL_TIME,BayArena,2024-2025,0,9,22,2024
711465,2024-09-22 15:30:00+00:00,Borussia Dortmund at VfB Stuttgart,DOR @ VFB,VfB Stuttgart,134,5,Borussia Dortmund,124,1,STATUS_FULL_TIME,MHPArena,2024-2025,0,9,22,2024
711467,2024-09-22 17:30:00+00:00,RB Leipzig at St. Pauli,RBL @ STP,St. Pauli,270,0,RB Leipzig,11420,0,STATUS_FULL_TIME,Millerntor-Stadion,2024-2025,0,9,22,2024
711469,2024-09-27 18:30:00+00:00,VfL Bochum at Borussia Dortmund,BOC @ DOR,Borussia Dortmund,124,4,VfL Bochum,121,2,STATUS_FULL_TIME,SIGNAL IDUNA PARK,2024-2025,0,9,27,2024
711468,2024-09-28 13:30:00+00:00,1. FC Heidenheim 1846 at Mainz,HDH @ M05,Mainz,2950,0,1. FC Heidenheim 1846,6418,2,STATUS_FULL_TIME,MEWA ARENA,2024-2025,0,9,28,2024
711473,2024-09-28 13:30:00+00:00,St. Pauli at SC Freiburg,STP @ SCF,SC Freiburg,126,0,St. Pauli,270,3,STATUS_FULL_TIME,Europa-Park Stadion,2024-2025,0,9,28,2024
711470,2024-09-28 13:30:00+00:00,1. FC Union Berlin at Borussia Mönchengladbach,FCU @ BMG,Borussia Mönchengladbach,268,1,1. FC Union Berlin,598,0,STATUS_FULL_TIME,BORUSSIA-PARK,2024-2025,0,9,28,2024
711472,2024-09-28 13:30:00+00:00,VfB Stuttgart at VfL Wolfsburg,VFB @ WOB,VfL Wolfsburg,138,2,VfB Stuttgart,134,2,STATUS_FULL_TIME,Volkswagen Arena,2024-2025,0,9,28,2024
711474,2024-09-28 13:30:00+00:00,FC Augsburg at RB Leipzig,FCA @ RBL,RB Leipzig,11420,4,FC Augsburg,3841,0,STATUS_FULL_TIME,Red Bull Arena,2024-2025,0,9,28,2024
711471,2024-09-28 16:30:00+00:00,Bayer Leverkusen at Bayern Munich,B04 @ MUN,Bayern Munich,132,1,Bayer Leverkusen,131,1,STATUS_FULL_TIME,Allianz Arena,2024-2025,0,9,28,2024
711475,2024-09-29 13:30:00+00:00,Eintracht Frankfurt at Holstein Kiel,SGE @ KSV,Holstein Kiel,7884,2,Eintracht Frankfurt,125,4,STATUS_FULL_TIME,Holstein-Stadion,2024-2025,0,9,29,2024
711476,2024-09-29 15:30:00+00:00,Werder Bremen at TSG Hoffenheim,SVW @ TSG,TSG Hoffenheim,7911,3,Werder Bremen,137,4,STATUS_FULL_TIME,PreZero Arena,2024-2025,0,9,29,2024
711485,2024-10-04 18:30:00+00:00,Borussia Mönchengladbach at FC Augsburg,BMG @ FCA,FC Augsburg,3841,2,Borussia Mönchengladbach,268,1,STATUS_FULL_TIME,WWK Arena,2024-2025,0,10,4,2024
711477,2024-10-05 13:30:00+00:00,VfL Wolfsburg at VfL Bochum,WOB @ BOC,VfL Bochum,121,1,VfL Wolfsburg,138,3,STATUS_FULL_TIME,Vonovia Ruhrstadion,2024-2025,0,10,5,2024
711479,2024-10-05 13:30:00+00:00,SC Freiburg at Werder Bremen,SCF @ SVW,Werder Bremen,137,0,SC Freiburg,126,1,STATUS_FULL_TIME,Weserstadion,2024-2025,0,10,5,2024
711484,2024-10-05 13:30:00+00:00,Borussia Dortmund at 1. FC Union Berlin,DOR @ FCU,1. FC Union Berlin,598,2,Borussia Dortmund,124,1,STATUS_FULL_TIME,Stadion An der Alten Försterei,2024-2025,0,10,5,2024
711483,2024-10-05 13:30:00+00:00,Holstein Kiel at Bayer Leverkusen,KSV @ B04,Bayer Leverkusen,131,2,Holstein Kiel,7884,2,STATUS_FULL_TIME,BayArena,2024-2025,0,10,5,2024
711480,2024-10-05 16:30:00+00:00,Mainz at St. Pauli,M05 @ STP,St. Pauli,270,0,Mainz,2950,3,STATUS_FULL_TIME,Millerntor-Stadion,2024-2025,0,10,5,2024
711481,2024-10-06 13:30:00+00:00,RB Leipzig at 1. FC Heidenheim 1846,RBL @ HDH,1. FC Heidenheim 1846,6418,0,RB Leipzig,11420,1,STATUS_FULL_TIME,Voith-Arena,2024-2025,0,10,6,2024
711482,2024-10-06 15:30:00+00:00,Bayern Munich at Eintracht Frankfurt,MUN @ SGE,Eintracht Frankfurt,125,3,Bayern Munich,132,3,STATUS_FULL_TIME,Deutsche Bank Park,2024-2025,0,10,6,2024
711478,2024-10-06 17:30:00+00:00,TSG Hoffenheim at VfB Stuttgart,TSG @ VFB,VfB Stuttgart,134,1,TSG Hoffenheim,7911,1,STATUS_FULL_TIME,MHPArena,2024-2025,0,10,6,2024
711492,2024-10-18 18:30:00+00:00,St. Pauli at Borussia Dortmund,STP @ DOR,Borussia Dortmund,124,2,St. Pauli,270,1,STATUS_FULL_TIME,SIGNAL IDUNA PARK,2024-2025,0,10,18,2024
711493,2024-10-19 13:30:00+00:00,Eintracht Frankfurt at Bayer Leverkusen,SGE @ B04,Bayer Leverkusen,131,2,Eintracht Frankfurt,125,1,STATUS_FULL_TIME,BayArena,2024-2025,0,10,19,2024
711491,2024-10-19 13:30:00+00:00,1. FC Heidenheim 1846 at Borussia Mönchengladbach,HDH @ BMG,Borussia Mönchengladbach,268,3,1. FC Heidenheim 1846,6418,2,STATUS_FULL_TIME,BORUSSIA-PARK,2024-2025,0,10,19,2024
711494,2024-10-19 13:30:00+00:00,RB Leipzig at Mainz,RBL @ M05,Mainz,2950,0,RB Leipzig,11420,2,STATUS_FULL_TIME,MEWA ARENA,2024-2025,0,10,19,2024
711488,2024-10-19 13:30:00+00:00,FC Augsburg at SC Freiburg,FCA @ SCF,SC Freiburg,126,3,FC Augsburg,3841,1,STATUS_FULL_TIME,Europa-Park Stadion,2024-2025,0,10,19,2024
711487,2024-10-19 13:30:00+00:00,VfL Bochum at TSG Hoffenheim,BOC @ TSG,TSG Hoffenheim,7911,3,VfL Bochum,121,1,STATUS_FULL_TIME,PreZero Arena,2024-2025,0,10,19,2024
711490,2024-10-19 16:30:00+00:00,VfB Stuttgart at Bayern Munich,VFB @ MUN,Bayern Munich,132,4,VfB Stuttgart,134,0,STATUS_FULL_TIME,Allianz Arena,2024-2025,0,10,19,2024
711489,2024-10-20 13:30:00+00:00,1. FC Union Berlin at Holstein Kiel,FCU @ KSV,Holstein Kiel,7884,0,1. FC Union Berlin,598,2,STATUS_FULL_TIME,Holstein-Stadion,2024-2025,0,10,20,2024
711486,2024-10-20 15:30:00+00:00,Werder Bremen at VfL Wolfsburg,SVW @ WOB,VfL Wolfsburg,138,2,Werder Bremen,137,4,STATUS_FULL_TIME,Volkswagen Arena,2024-2025,0,10,20,2024
711497,2024-10-25 18:30:00+00:00,Borussia Mönchengladbach at Mainz,BMG @ M05,Mainz,2950,1,Borussia Mönchengladbach,268,1,STATUS_FULL_TIME,MEWA ARENA,2024-2025,0,10,25,2024
711500,2024-10-26 13:30:00+00:00,SC Freiburg at RB Leipzig,SCF @ RBL,RB Leipzig,11420,3,SC Freiburg,126,1,STATUS_FULL_TIME,Red Bull Arena,2024-2025,0,10,26,2024
711498,2024-10-26 13:30:00+00:00,Borussia Dortmund at FC Augsburg,DOR @ FCA,FC Augsburg,3841,2,Borussia Dortmund,124,1,STATUS_FULL_TIME,WWK Arena,2024-2025,0,10,26,2024
711502,2024-10-26 13:30:00+00:00,Holstein Kiel at VfB Stuttgart,KSV @ VFB,VfB Stuttgart,134,2,Holstein Kiel,7884,1,STATUS_FULL_TIME,MHPArena,2024-2025,0,10,26,2024
711503,2024-10-26 13:30:00+00:00,VfL Wolfsburg at St. Pauli,WOB @ STP,St. Pauli,270,0,VfL Wolfsburg,138,0,STATUS_FULL_TIME,Millerntor-Stadion,2024-2025,0,10,26,2024
711501,2024-10-26 16:30:00+00:00,Bayer Leverkusen at Werder Bremen,B04 @ SVW,Werder Bremen,137,2,Bayer Leverkusen,131,2,STATUS_FULL_TIME,Weserstadion,2024-2025,0,10,26,2024
711499,2024-10-27 14:30:00+00:00,Bayern Munich at VfL Bochum,MUN @ BOC,VfL Bochum,121,0,Bayern Munich,132,5,STATUS_FULL_TIME,Vonovia Ruhrstadion,2024-2025,0,10,27,2024
711496,2024-10-27 16:30:00+00:00,Eintracht Frankfurt at 1. FC Union Berlin,SGE @ FCU,1. FC Union Berlin,598,1,Eintracht Frankfurt,125,1,STATUS_FULL_TIME,Stadion An der Alten Försterei,2024-2025,0,10,27,2024
711495,2024-10-27 18:30:00+00:00,TSG Hoffenheim at 1. FC Heidenheim 1846,TSG @ HDH,1. FC Heidenheim 1846,6418,0,TSG Hoffenheim,7911,0,STATUS_FULL_TIME,Voith-Arena,2024-2025,0,10,27,2024
711504,2024-11-01 19:30:00+00:00,VfB Stuttgart at Bayer Leverkusen,VFB @ B04,Bayer Leverkusen,131,0,VfB Stuttgart,134,0,STATUS_FULL_TIME,BayArena,2024-2025,0,11,1,2024
711510,2024-11-02 14:30:00+00:00,1. FC Union Berlin at Bayern Munich,FCU @ MUN,Bayern Munich,132,3,1. FC Union Berlin,598,0,STATUS_FULL_TIME,Allianz Arena,2024-2025,0,11,2,2024
711506,2024-11-02 14:30:00+00:00,FC Augsburg at VfL Wolfsburg,FCA @ WOB,VfL Wolfsburg,138,1,FC Augsburg,3841,1,STATUS_FULL_TIME,Volkswagen Arena,2024-2025,0,11,2,2024
711511,2024-11-02 14:30:00+00:00,VfL Bochum at Eintracht Frankfurt,BOC @ SGE,Eintracht Frankfurt,125,7,VfL Bochum,121,2,STATUS_FULL_TIME,Deutsche Bank Park,2024-2025,0,11,2,2024
711507,2024-11-02 14:30:00+00:00,St. Pauli at TSG Hoffenheim,STP @ TSG,TSG Hoffenheim,7911,0,St. Pauli,270,2,STATUS_FULL_TIME,PreZero Arena,2024-2025,0,11,2,2024
711509,2024-11-02 14:30:00+00:00,1. FC Heidenheim 1846 at Holstein Kiel,HDH @ KSV,Holstein Kiel,7884,1,1. FC Heidenheim 1846,6418,0,STATUS_FULL_TIME,Holstein-Stadion,2024-2025,0,11,2,2024
711505,2024-11-02 17:30:00+00:00,RB Leipzig at Borussia Dortmund,RBL @ DOR,Borussia Dortmund,124,2,RB Leipzig,11420,1,STATUS_FULL_TIME,SIGNAL IDUNA PARK,2024-2025,0,11,2,2024
711508,2024-11-03 14:30:00+00:00,Mainz at SC Freiburg,M05 @ SCF,SC Freiburg,126,0,Mainz,2950,0,STATUS_FULL_TIME,Europa-Park Stadion,2024-2025,0,11,3,2024
711512,2024-11-03 16:30:00+00:00,Werder Bremen at Borussia Mönchengladbach,SVW @ BMG,Borussia Mönchengladbach,268,4,Werder Bremen,137,1,STATUS_FULL_TIME,BORUSSIA-PARK,2024-2025,0,11,3,2024
711520,2024-11-08 19:30:00+00:00,SC Freiburg at 1. FC Union Berlin,SCF @ FCU,1. FC Union Berlin,598,0,SC Freiburg,126,0,STATUS_FULL_TIME,Stadion An der Alten Försterei,2024-2025,0,11,8,2024
711519,2024-11-09 14:30:00+00:00,Borussia Dortmund at Mainz,DOR @ M05,Mainz,2950,3,Borussia Dortmund,124,1,STATUS_FULL_TIME,MEWA ARENA,2024-2025,0,11,9,2024
711521,2024-11-09 14:30:00+00:00,Bayern Munich at St. Pauli,MUN @ STP,St. Pauli,270,0,Bayern Munich,132,1,STATUS_FULL_TIME,Millerntor-Stadion,2024-2025,0,11,9,2024
711517,2024-11-09 14:30:00+00:00,Bayer Leverkusen at VfL Bochum,B04 @ BOC,VfL Bochum,121,1,Bayer Leverkusen,131,1,STATUS_FULL_TIME,Vonovia Ruhrstadion,2024-2025,0,11,9,2024
711515,2024-11-09 14:30:00+00:00,Holstein Kiel at Werder Bremen,KSV @ SVW,Werder Bremen,137,2,Holstein Kiel,7884,1,STATUS_FULL_TIME,Weserstadion,2024-2025,0,11,9,2024
711516,2024-11-09 17:30:00+00:00,Borussia Mönchengladbach at RB Leipzig,BMG @ RBL,RB Leipzig,11420,0,Borussia Mönchengladbach,268,0,STATUS_FULL_TIME,Red Bull Arena,2024-2025,0,11,9,2024
711518,2024-11-10 14:30:00+00:00,TSG Hoffenheim at FC Augsburg,TSG @ FCA,FC Augsburg,3841,0,TSG Hoffenheim,7911,0,STATUS_FULL_TIME,WWK Arena,2024-2025,0,11,10,2024
711514,2024-11-10 16:30:00+00:00,Eintracht Frankfurt at VfB Stuttgart,SGE @ VFB,VfB Stuttgart,134,2,Eintracht Frankfurt,125,3,STATUS_FULL_TIME,MHPArena,2024-2025,0,11,10,2024
711513,2024-11-10 18:30:00+00:00,VfL Wolfsburg at 1. FC Heidenheim 1846,WOB @ HDH,1. FC Heidenheim 1846,6418,1,VfL Wolfsburg,138,3,STATUS_FULL_TIME,Voith-Arena,2024-2025,0,11,10,2024
711526,2024-11-22 19:30:00+00:00,FC Augsburg at Bayern Munich,FCA @ MUN,Bayern Munich,132,3,FC Augsburg,3841,0,STATUS_FULL_TIME,Allianz Arena,2024-2025,0,11,22,2024
711522,2024-11-23 14:30:00+00:00,1. FC Heidenheim 1846 at Bayer Leverkusen,HDH @ B04,Bayer Leverkusen,131,5,1. FC Heidenheim 1846,6418,2,STATUS_FULL_TIME,BayArena,2024-2025,0,11,23,2024
711523,2024-11-23 14:30:00+00:00,SC Freiburg at Borussia Dortmund,SCF @ DOR,Borussia Dortmund,124,4,SC Freiburg,126,0,STATUS_FULL_TIME,SIGNAL IDUNA PARK,2024-2025,0,11,23,2024
711528,2024-11-23 14:30:00+00:00,RB Leipzig at TSG Hoffenheim,RBL @ TSG,TSG Hoffenheim,7911,4,RB Leipzig,11420,3,STATUS_FULL_TIME,PreZero Arena,2024-2025,0,11,23,2024
711529,2024-11-23 14:30:00+00:00,VfL Bochum at VfB Stuttgart,BOC @ VFB,VfB Stuttgart,134,2,VfL Bochum,121,0,STATUS_FULL_TIME,MHPArena,2024-2025,0,11,23,2024
711530,2024-11-23 14:30:00+00:00,1. FC Union Berlin at VfL Wolfsburg,FCU @ WOB,VfL Wolfsburg,138,1,1. FC Union Berlin,598,0,STATUS_FULL_TIME,Volkswagen Arena,2024-2025,0,11,23,2024
711525,2024-11-23 17:30:00+00:00,Werder Bremen at Eintracht Frankfurt,SVW @ SGE,Eintracht Frankfurt,125,1,Werder Bremen,137,0,STATUS_FULL_TIME,Deutsche Bank Park,2024-2025,0,11,23,2024
711527,2024-11-24 14:30:00+00:00,Mainz at Holstein Kiel,M05 @ KSV,Holstein Kiel,7884,0,Mainz,2950,3,STATUS_FULL_TIME,Holstein-Stadion,2024-2025,0,11,24,2024
711524,2024-11-24 16:30:00+00:00,St. Pauli at Borussia Mönchengladbach,STP @ BMG,Borussia Mönchengladbach,268,2,St. Pauli,270,0,STATUS_FULL_TIME,BORUSSIA-PARK,2024-2025,0,11,24,2024
711539,2024-11-29 19:30:00+00:00,Holstein Kiel at St. Pauli,KSV @ STP,St. Pauli,270,3,Holstein Kiel,7884,1,STATUS_FULL_TIME,Millerntor-Stadion,2024-2025,0,11,29,2024
711535,2024-11-30 14:30:00+00:00,Bayer Leverkusen at 1. FC Union Berlin,B04 @ FCU,1. FC Union Berlin,598,1,Bayer Leverkusen,131,2,STATUS_FULL_TIME,Stadion An der Alten Försterei,2024-2025,0,11,30,2024
711536,2024-11-30 14:30:00+00:00,VfL Bochum at FC Augsburg,BOC @ FCA,FC Augsburg,3841,1,VfL Bochum,121,0,STATUS_FULL_TIME,WWK Arena,2024-2025,0,11,30,2024
711534,2024-11-30 14:30:00+00:00,VfL Wolfsburg at RB Leipzig,WOB @ RBL,RB Leipzig,11420,1,VfL Wolfsburg,138,5,STATUS_FULL_TIME,Red Bull Arena,2024-2025,0,11,30,2024
711533,2024-11-30 14:30:00+00:00,Borussia Mönchengladbach at SC Freiburg,BMG @ SCF,SC Freiburg,126,3,Borussia Mönchengladbach,268,1,STATUS_FULL_TIME,Europa-Park Stadion,2024-2025,0,11,30,2024
711532,2024-11-30 14:30:00+00:00,VfB Stuttgart at Werder Bremen,VFB @ SVW,Werder Bremen,137,2,VfB Stuttgart,134,2,STATUS_FULL_TIME,Weserstadion,2024-2025,0,11,30,2024
711537,2024-11-30 17:30:00+00:00,Bayern Munich at Borussia Dortmund,MUN @ DOR,Borussia Dortmund,124,1,Bayern Munich,132,1,STATUS_FULL_TIME,SIGNAL IDUNA PARK,2024-2025,0,11,30,2024
711538,2024-12-01 14:30:00+00:00,TSG Hoffenheim at Mainz,TSG @ M05,Mainz,2950,2,TSG Hoffenheim,7911,0,STATUS_FULL_TIME,MEWA ARENA,2024-2025,0,12,1,2024
711531,2024-12-01 16:30:00+00:00,Eintracht Frankfurt at 1. FC Heidenheim 1846,SGE @ HDH,1. FC Heidenheim 1846,6418,0,Eintracht Frankfurt,125,4,STATUS_FULL_TIME,Voith-Arena,2024-2025,0,12,1,2024
711545,2024-12-06 19:30:00+00:00,1. FC Union Berlin at VfB Stuttgart,FCU @ VFB,VfB Stuttgart,134,3,1. FC Union Berlin,598,2,STATUS_FULL_TIME,MHPArena,2024-2025,0,12,6,2024
711540,2024-12-07 14:30:00+00:00,St. Pauli at Bayer Leverkusen,STP @ B04,Bayer Leverkusen,131,2,St. Pauli,270,1,STATUS_FULL_TIME,BayArena,2024-2025,0,12,7,2024
711542,2024-12-07 14:30:00+00:00,1. FC Heidenheim 1846 at Bayern Munich,HDH @ MUN,Bayern Munich,132,4,1. FC Heidenheim 1846,6418,2,STATUS_FULL_TIME,Allianz Arena,2024-2025,0,12,7,2024
711541,2024-12-07 14:30:00+00:00,FC Augsburg at Eintracht Frankfurt,FCA @ SGE,Eintracht Frankfurt,125,2,FC Augsburg,3841,2,STATUS_FULL_TIME,Deutsche Bank Park,2024-2025,0,12,7,2024
711543,2024-12-07 14:30:00+00:00,RB Leipzig at Holstein Kiel,RBL @ KSV,Holstein Kiel,7884,0,RB Leipzig,11420,2,STATUS_FULL_TIME,Holstein-Stadion,2024-2025,0,12,7,2024
711546,2024-12-07 14:30:00+00:00,Werder Bremen at VfL Bochum,SVW @ BOC,VfL Bochum,121,0,Werder Bremen,137,1,STATUS_FULL_TIME,Vonovia Ruhrstadion,2024-2025,0,12,7,2024
711547,2024-12-07 17:30:00+00:00,Borussia Dortmund at Borussia Mönchengladbach,DOR @ BMG,Borussia Mönchengladbach,268,1,Borussia Dortmund,124,1,STATUS_FULL_TIME,BORUSSIA-PARK,2024-2025,0,12,7,2024
711548,2024-12-08 14:30:00+00:00,Mainz at VfL Wolfsburg,M05 @ WOB,VfL Wolfsburg,138,4,Mainz,2950,3,STATUS_FULL_TIME,Volkswagen Arena,2024-2025,0,12,8,2024
711544,2024-12-08 16:30:00+00:00,SC Freiburg at TSG Hoffenheim,SCF @ TSG,TSG Hoffenheim,7911,1,SC Freiburg,126,1,STATUS_FULL_TIME,PreZero Arena,2024-2025,0,12,8,2024
711557,2024-12-13 19:30:00+00:00,VfL Wolfsburg at SC Freiburg,WOB @ SCF,SC Freiburg,126,3,VfL Wolfsburg,138,2,STATUS_FULL_TIME,Europa-Park Stadion,2024-2025,0,12,13,2024
711556,2024-12-14 14:30:00+00:00,VfL Bochum at 1. FC Union Berlin,BOC @ FCU,1. FC Union Berlin,598,0,VfL Bochum,121,2,STATUS_FULL_TIME,Stadion An der Alten Försterei,2024-2025,0,12,14,2024
711552,2024-12-14 14:30:00+00:00,Holstein Kiel at Borussia Mönchengladbach,KSV @ BMG,Borussia Mönchengladbach,268,4,Holstein Kiel,7884,1,STATUS_FULL_TIME,BORUSSIA-PARK,2024-2025,0,12,14,2024
711553,2024-12-14 14:30:00+00:00,Bayer Leverkusen at FC Augsburg,B04 @ FCA,FC Augsburg,3841,0,Bayer Leverkusen,131,2,STATUS_FULL_TIME,WWK Arena,2024-2025,0,12,14,2024
711550,2024-12-14 14:30:00+00:00,Bayern Munich at Mainz,MUN @ M05,Mainz,2950,2,Bayern Munich,132,1,STATUS_FULL_TIME,MEWA ARENA,2024-2025,0,12,14,2024
711554,2024-12-14 17:30:00+00:00,Werder Bremen at St. Pauli,SVW @ STP,St. Pauli,270,0,Werder Bremen,137,2,STATUS_FULL_TIME,Millerntor-Stadion,2024-2025,0,12,14,2024
711549,2024-12-15 14:30:00+00:00,VfB Stuttgart at 1. FC Heidenheim 1846,VFB @ HDH,1. FC Heidenheim 1846,6418,1,VfB Stuttgart,134,3,STATUS_FULL_TIME,Voith-Arena,2024-2025,0,12,15,2024
711551,2024-12-15 16:30:00+00:00,TSG Hoffenheim at Borussia Dortmund,TSG @ DOR,Borussia Dortmund,124,1,TSG Hoffenheim,7911,1,STATUS_FULL_TIME,SIGNAL IDUNA PARK,2024-2025,0,12,15,2024
711555,2024-12-15 18:30:00+00:00,Eintracht Frankfurt at RB Leipzig,SGE @ RBL,RB Leipzig,11420,2,Eintracht Frankfurt,125,1,STATUS_FULL_TIME,Red Bull Arena,2024-2025,0,12,15,2024
711565,2024-12-20 19:30:00+00:00,RB Leipzig at Bayern Munich,RBL @ MUN,Bayern Munich,132,5,RB Leipzig,11420,1,STATUS_FULL_TIME,Allianz Arena,2024-2025,0,12,20,2024
711564,2024-12-21 14:30:00+00:00,Mainz at Eintracht Frankfurt,M05 @ SGE,Eintracht Frankfurt,125,1,Mainz,2950,3,STATUS_FULL_TIME,Deutsche Bank Park,2024-2025,0,12,21,2024
711566,2024-12-21 14:30:00+00:00,FC Augsburg at Holstein Kiel,FCA @ KSV,Holstein Kiel,7884,5,FC Augsburg,3841,1,STATUS_FULL_TIME,Holstein-Stadion,2024-2025,0,12,21,2024
711562,2024-12-21 14:30:00+00:00,Borussia Mönchengladbach at TSG Hoffenheim,BMG @ TSG,TSG Hoffenheim,7911,1,Borussia Mönchengladbach,268,2,STATUS_FULL_TIME,PreZero Arena,2024-2025,0,12,21,2024
711561,2024-12-21 14:30:00+00:00,St. Pauli at VfB Stuttgart,STP @ VFB,VfB Stuttgart,134,0,St. Pauli,270,1,STATUS_FULL_TIME,MHPArena,2024-2025,0,12,21,2024
711563,2024-12-21 14:30:00+00:00,1. FC Union Berlin at Werder Bremen,FCU @ SVW,Werder Bremen,137,4,1. FC Union Berlin,598,1,STATUS_FULL_TIME,Weserstadion,2024-2025,0,12,21,2024
711558,2024-12-21 17:30:00+00:00,SC Freiburg at Bayer Leverkusen,SCF @ B04,Bayer Leverkusen,131,5,SC Freiburg,126,1,STATUS_FULL_TIME,BayArena,2024-2025,0,12,21,2024
711560,2024-12-22 14:30:00+00:00,1. FC Heidenheim 1846 at VfL Bochum,HDH @ BOC,VfL Bochum,121,2,1. FC Heidenheim 1846,6418,0,STATUS_FULL_TIME,Vonovia Ruhrstadion,2024-2025,0,12,22,2024
711559,2024-12-22 16:30:00+00:00,Borussia Dortmund at VfL Wolfsburg,DOR @ WOB,VfL Wolfsburg,138,1,Borussia Dortmund,124,3,STATUS_FULL_TIME,Volkswagen Arena,2024-2025,0,12,22,2024
711572,2025-01-10 19:45:00+00:00,Bayer Leverkusen at Borussia Dortmund,B04 @ DOR,Borussia Dortmund,124,2,Bayer Leverkusen,131,3,STATUS_FULL_TIME,SIGNAL IDUNA PARK,2024-2025,0,1,10,2025
711570,2025-01-11 14:30:00+00:00,1. FC Union Berlin at 1. FC Heidenheim 1846,FCU @ HDH,1. FC Heidenheim 1846,6418,2,1. FC Union Berlin,598,0,STATUS_FULL_TIME,Voith-Arena,2024-2025,0,1,11,2025
711571,2025-01-11 14:30:00+00:00,VfL Bochum at Mainz,BOC @ M05,Mainz,2950,2,VfL Bochum,121,0,STATUS_FULL_TIME,MEWA ARENA,2024-2025,0,1,11,2025
711567,2025-01-11 14:30:00+00:00,Holstein Kiel at SC Freiburg,KSV @ SCF,SC Freiburg,126,3,Holstein Kiel,7884,2,STATUS_FULL_TIME,Europa-Park Stadion,2024-2025,0,1,11,2025
711575,2025-01-11 14:30:00+00:00,Eintracht Frankfurt at St. Pauli,SGE @ STP,St. Pauli,270,0,Eintracht Frankfurt,125,1,STATUS_FULL_TIME,Millerntor-Stadion,2024-2025,0,1,11,2025
711569,2025-01-11 14:30:00+00:00,VfL Wolfsburg at TSG Hoffenheim,WOB @ TSG,TSG Hoffenheim,7911,0,VfL Wolfsburg,138,1,STATUS_FULL_TIME,PreZero Arena,2024-2025,0,1,11,2025
711573,2025-01-11 17:30:00+00:00,Bayern Munich at Borussia Mönchengladbach,MUN @ BMG,Borussia Mönchengladbach,268,0,Bayern Munich,132,1,STATUS_FULL_TIME,BORUSSIA-PARK,2024-2025,0,1,11,2025
711568,2025-01-12 14:30:00+00:00,Werder Bremen at RB Leipzig,SVW @ RBL,RB Leipzig,11420,4,Werder Bremen,137,2,STATUS_FULL_TIME,Red Bull Arena,2024-2025,0,1,12,2025
711574,2025-01-12 16:30:00+00:00,VfB Stuttgart at FC Augsburg,VFB @ FCA,FC Augsburg,3841,0,VfB Stuttgart,134,1,STATUS_FULL_TIME,WWK Arena,2024-2025,0,1,12,2025
711584,2025-01-14 17:30:00+00:00,Borussia Dortmund at Holstein Kiel,DOR @ KSV,Holstein Kiel,7884,4,Borussia Dortmund,124,2,STATUS_FULL_TIME,Holstein-Stadion,2024-2025,0,1,14,2025
711583,2025-01-14 19:30:00+00:00,Mainz at Bayer Leverkusen,M05 @ B04,Bayer Leverkusen,131,1,Mainz,2950,0,STATUS_FULL_TIME,BayArena,2024-2025,0,1,14,2025
711582,2025-01-14 19:30:00+00:00,SC Freiburg at Eintracht Frankfurt,SCF @ SGE,Eintracht Frankfurt,125,4,SC Freiburg,126,1,STATUS_FULL_TIME,Deutsche Bank Park,2024-2025,0,1,14,2025
711580,2025-01-14 19:30:00+00:00,Borussia Mönchengladbach at VfL Wolfsburg,BMG @ WOB,VfL Wolfsburg,138,5,Borussia Mönchengladbach,268,1,STATUS_FULL_TIME,Volkswagen Arena,2024-2025,0,1,14,2025
711577,2025-01-15 17:30:00+00:00,St. Pauli at VfL Bochum,STP @ BOC,VfL Bochum,121,1,St. Pauli,270,0,STATUS_FULL_TIME,Vonovia Ruhrstadion,2024-2025,0,1,15,2025
711581,2025-01-15 19:30:00+00:00,TSG Hoffenheim at Bayern Munich,TSG @ MUN,Bayern Munich,132,5,TSG Hoffenheim,7911,0,STATUS_FULL_TIME,Allianz Arena,2024-2025,0,1,15,2025
711576,2025-01-15 19:30:00+00:00,FC Augsburg at 1. FC Union Berlin,FCA @ FCU,1. FC Union Berlin,598,0,FC Augsburg,3841,2,STATUS_FULL_TIME,Stadion An der Alten Försterei,2024-2025,0,1,15,2025
711579,2025-01-15 19:30:00+00:00,1. FC Heidenheim 1846 at Werder Bremen,HDH @ SVW,Werder Bremen,137,3,1. FC Heidenheim 1846,6418,3,STATUS_FULL_TIME,Weserstadion,2024-2025,0,1,15,2025
711578,2025-01-15 19:30:00+00:00,RB Leipzig at VfB Stuttgart,RBL @ VFB,VfB Stuttgart,134,2,RB Leipzig,11420,1,STATUS_FULL_TIME,MHPArena,2024-2025,0,1,15,2025
711589,2025-01-17 19:30:00+00:00,Borussia Dortmund at Eintracht Frankfurt,DOR @ SGE,Eintracht Frankfurt,125,2,Borussia Dortmund,124,0,STATUS_FULL_TIME,Deutsche Bank Park,2024-2025,0,1,17,2025
711592,2025-01-18 14:30:00+00:00,St. Pauli at 1. FC Heidenheim 1846,STP @ HDH,1. FC Heidenheim 1846,6418,0,St. Pauli,270,2,STATUS_FULL_TIME,Voith-Arena,2024-2025,0,1,18,2025
711588,2025-01-18 14:30:00+00:00,VfL Wolfsburg at Bayern Munich,WOB @ MUN,Bayern Munich,132,3,VfL Wolfsburg,138,2,STATUS_FULL_TIME,Allianz Arena,2024-2025,0,1,18,2025
711587,2025-01-18 14:30:00+00:00,TSG Hoffenheim at Holstein Kiel,TSG @ KSV,Holstein Kiel,7884,1,TSG Hoffenheim,7911,3,STATUS_FULL_TIME,Holstein-Stadion,2024-2025,0,1,18,2025
711585,2025-01-18 14:30:00+00:00,SC Freiburg at VfB Stuttgart,SCF @ VFB,VfB Stuttgart,134,4,SC Freiburg,126,0,STATUS_FULL_TIME,MHPArena,2024-2025,0,1,18,2025
711593,2025-01-18 14:30:00+00:00,RB Leipzig at VfL Bochum,RBL @ BOC,VfL Bochum,121,3,RB Leipzig,11420,3,STATUS_FULL_TIME,Vonovia Ruhrstadion,2024-2025,0,1,18,2025
711590,2025-01-18 17:30:00+00:00,Borussia Mönchengladbach at Bayer Leverkusen,BMG @ B04,Bayer Leverkusen,131,3,Borussia Mönchengladbach,268,1,STATUS_FULL_TIME,BayArena,2024-2025,0,1,18,2025
711591,2025-01-19 14:30:00+00:00,Mainz at 1. FC Union Berlin,M05 @ FCU,1. FC Union Berlin,598,2,Mainz,2950,1,STATUS_FULL_TIME,Stadion An der Alten Försterei,2024-2025,0,1,19,2025
711586,2025-01-19 16:30:00+00:00,FC Augsburg at Werder Bremen,FCA @ SVW,Werder Bremen,137,0,FC Augsburg,3841,2,STATUS_FULL_TIME,Weserstadion,2024-2025,0,1,19,2025
711598,2025-01-24 19:30:00+00:00,Holstein Kiel at VfL Wolfsburg,KSV @ WOB,VfL Wolfsburg,138,2,Holstein Kiel,7884,2,STATUS_FULL_TIME,Volkswagen Arena,2024-2025,0,1,24,2025
711596,2025-01-25 14:30:00+00:00,Werder Bremen at Borussia Dortmund,SVW @ DOR,Borussia Dortmund,124,2,Werder Bremen,137,2,STATUS_FULL_TIME,SIGNAL IDUNA PARK,2024-2025,0,1,25,2025
711594,2025-01-25 14:30:00+00:00,1. FC Heidenheim 1846 at FC Augsburg,HDH @ FCA,FC Augsburg,3841,2,1. FC Heidenheim 1846,6418,1,STATUS_FULL_TIME,WWK Arena,2024-2025,0,1,25,2025
711597,2025-01-25 14:30:00+00:00,VfB Stuttgart at Mainz,VFB @ M05,Mainz,2950,2,VfB Stuttgart,134,0,STATUS_FULL_TIME,MEWA ARENA,2024-2025,0,1,25,2025
711599,2025-01-25 14:30:00+00:00,Bayer Leverkusen at RB Leipzig,B04 @ RBL,RB Leipzig,11420,2,Bayer Leverkusen,131,2,STATUS_FULL_TIME,Red Bull Arena,2024-2025,0,1,25,2025
711600,2025-01-25 14:30:00+00:00,Bayern Munich at SC Freiburg,MUN @ SCF,SC Freiburg,126,1,Bayern Munich,132,2,STATUS_FULL_TIME,Europa-Park Stadion,2024-2025,0,1,25,2025
711595,2025-01-25 17:30:00+00:00,VfL Bochum at Borussia Mönchengladbach,BOC @ BMG,Borussia Mönchengladbach,268,3,VfL Bochum,121,0,STATUS_FULL_TIME,BORUSSIA-PARK,2024-2025,0,1,25,2025
711601,2025-01-26 14:30:00+00:00,Eintracht Frankfurt at TSG Hoffenheim,SGE @ TSG,TSG Hoffenheim,7911,2,Eintracht Frankfurt,125,2,STATUS_FULL_TIME,PreZero Arena,2024-2025,0,1,26,2025
711602,2025-01-26 16:30:00+00:00,1. FC Union Berlin at St. Pauli,FCU @ STP,St. Pauli,270,3,1. FC Union Berlin,598,0,STATUS_FULL_TIME,Millerntor-Stadion,2024-2025,0,1,26,2025
711610,2025-01-31 19:30:00+00:00,Mainz at Werder Bremen,M05 @ SVW,Werder Bremen,137,1,Mainz,2950,0,STATUS_FULL_TIME,Weserstadion,2024-2025,0,1,31,2025
711606,2025-02-01 14:30:00+00:00,Borussia Dortmund at 1. FC Heidenheim 1846,DOR @ HDH,1. FC Heidenheim 1846,6418,1,Borussia Dortmund,124,2,STATUS_FULL_TIME,Voith-Arena,2024-2025,0,2,1,2025
711607,2025-02-01 14:30:00+00:00,Holstein Kiel at Bayern Munich,KSV @ MUN,Bayern Munich,132,4,Holstein Kiel,7884,3,STATUS_FULL_TIME,Allianz Arena,2024-2025,0,2,1,2025
711611,2025-02-01 14:30:00+00:00,FC Augsburg at St. Pauli,FCA @ STP,St. Pauli,270,1,FC Augsburg,3841,1,STATUS_FULL_TIME,Millerntor-Stadion,2024-2025,0,2,1,2025
711609,2025-02-01 14:30:00+00:00,Borussia Mönchengladbach at VfB Stuttgart,BMG @ VFB,VfB Stuttgart,134,1,Borussia Mönchengladbach,268,2,STATUS_FULL_TIME,MHPArena,2024-2025,0,2,1,2025
711608,2025-02-01 14:30:00+00:00,SC Freiburg at VfL Bochum,SCF @ BOC,VfL Bochum,121,0,SC Freiburg,126,1,STATUS_FULL_TIME,Vonovia Ruhrstadion,2024-2025,0,2,1,2025
711605,2025-02-01 17:30:00+00:00,RB Leipzig at 1. FC Union Berlin,RBL @ FCU,1. FC Union Berlin,598,0,RB Leipzig,11420,0,STATUS_FULL_TIME,Stadion An der Alten Försterei,2024-2025,0,2,1,2025
711603,2025-02-02 14:30:00+00:00,VfL Wolfsburg at Eintracht Frankfurt,WOB @ SGE,Eintracht Frankfurt,125,1,VfL Wolfsburg,138,1,STATUS_FULL_TIME,Deutsche Bank Park,2024-2025,0,2,2,2025
711604,2025-02-02 16:30:00+00:00,TSG Hoffenheim at Bayer Leverkusen,TSG @ B04,Bayer Leverkusen,131,3,TSG Hoffenheim,7911,1,STATUS_FULL_TIME,BayArena,2024-2025,0,2,2,2025
711615,2025-02-07 19:30:00+00:00,Werder Bremen at Bayern Munich,SVW @ MUN,Bayern Munich,132,3,Werder Bremen,137,0,STATUS_FULL_TIME,Allianz Arena,2024-2025,0,2,7,2025
711613,2025-02-08 14:30:00+00:00,VfB Stuttgart at Borussia Dortmund,VFB @ DOR,Borussia Dortmund,124,1,VfB Stuttgart,134,2,STATUS_FULL_TIME,SIGNAL IDUNA PARK,2024-2025,0,2,8,2025
711612,2025-02-08 14:30:00+00:00,FC Augsburg at Mainz,FCA @ M05,Mainz,2950,0,FC Augsburg,3841,0,STATUS_FULL_TIME,MEWA ARENA,2024-2025,0,2,8,2025
711617,2025-02-08 14:30:00+00:00,1. FC Heidenheim 1846 at SC Freiburg,HDH @ SCF,SC Freiburg,126,1,1. FC Heidenheim 1846,6418,0,STATUS_FULL_TIME,Europa-Park Stadion,2024-2025,0,2,8,2025
711620,2025-02-08 14:30:00+00:00,1. FC Union Berlin at TSG Hoffenheim,FCU @ TSG,TSG Hoffenheim,7911,0,1. FC Union Berlin,598,4,STATUS_FULL_TIME,PreZero Arena,2024-2025,0,2,8,2025
711616,2025-02-08 14:30:00+00:00,Bayer Leverkusen at VfL Wolfsburg,B04 @ WOB,VfL Wolfsburg,138,0,Bayer Leverkusen,131,0,STATUS_FULL_TIME,Volkswagen Arena,2024-2025,0,2,8,2025
711614,2025-02-08 17:30:00+00:00,Eintracht Frankfurt at Borussia Mönchengladbach,SGE @ BMG,Borussia Mönchengladbach,268,1,Eintracht Frankfurt,125,1,STATUS_FULL_TIME,BORUSSIA-PARK,2024-2025,0,2,8,2025
711619,2025-02-09 14:30:00+00:00,VfL Bochum at Holstein Kiel,BOC @ KSV,Holstein Kiel,7884,2,VfL Bochum,121,2,STATUS_FULL_TIME,Holstein-Stadion,2024-2025,0,2,9,2025
711618,2025-02-09 16:30:00+00:00,St. Pauli at RB Leipzig,STP @ RBL,RB Leipzig,11420,2,St. Pauli,270,0,STATUS_FULL_TIME,Red Bull Arena,2024-2025,0,2,9,2025
711626,2025-02-14 19:30:00+00:00,RB Leipzig at FC Augsburg,RBL @ FCA,FC Augsburg,3841,0,RB Leipzig,11420,0,STATUS_FULL_TIME,WWK Arena,2024-2025,0,2,14,2025
711623,2025-02-15 14:30:00+00:00,Borussia Mönchengladbach at 1. FC Union Berlin,BMG @ FCU,1. FC Union Berlin,598,1,Borussia Mönchengladbach,268,2,STATUS_FULL_TIME,Stadion An der Alten Försterei,2024-2025,0,2,15,2025
711627,2025-02-15 14:30:00+00:00,SC Freiburg at St. Pauli,SCF @ STP,St. Pauli,270,0,SC Freiburg,126,1,STATUS_FULL_TIME,Millerntor-Stadion,2024-2025,0,2,15,2025
711629,2025-02-15 14:30:00+00:00,VfL Wolfsburg at VfB Stuttgart,WOB @ VFB,VfB Stuttgart,134,1,VfL Wolfsburg,138,2,STATUS_FULL_TIME,MHPArena,2024-2025,0,2,15,2025
711621,2025-02-15 14:30:00+00:00,Borussia Dortmund at VfL Bochum,DOR @ BOC,VfL Bochum,121,2,Borussia Dortmund,124,0,STATUS_FULL_TIME,Vonovia Ruhrstadion,2024-2025,0,2,15,2025
711624,2025-02-15 17:30:00+00:00,Bayern Munich at Bayer Leverkusen,MUN @ B04,Bayer Leverkusen,131,0,Bayern Munich,132,0,STATUS_FULL_TIME,BayArena,2024-2025,0,2,15,2025
711628,2025-02-16 14:30:00+00:00,TSG Hoffenheim at Werder Bremen,TSG @ SVW,Werder Bremen,137,1,TSG Hoffenheim,7911,3,STATUS_FULL_TIME,Weserstadion,2024-2025,0,2,16,2025
711625,2025-02-16 16:30:00+00:00,Holstein Kiel at Eintracht Frankfurt,KSV @ SGE,Eintracht Frankfurt,125,3,Holstein Kiel,7884,1,STATUS_FULL_TIME,Deutsche Bank Park,2024-2025,0,2,16,2025
711622,2025-02-16 18:30:00+00:00,Mainz at 1. FC Heidenheim 1846,M05 @ HDH,1. FC Heidenheim 1846,6418,0,Mainz,2950,2,STATUS_FULL_TIME,Voith-Arena,2024-2025,0,2,16,2025
711636,2025-02-21 19:30:00+00:00,Werder Bremen at SC Freiburg,SVW @ SCF,SC Freiburg,126,5,Werder Bremen,137,0,STATUS_FULL_TIME,Europa-Park Stadion,2024-2025,0,2,21,2025
711632,2025-02-22 14:30:00+00:00,FC Augsburg at Borussia Mönchengladbach,FCA @ BMG,Borussia Mönchengladbach,268,0,FC Augsburg,3841,3,STATUS_FULL_TIME,BORUSSIA-PARK,2024-2025,0,2,22,2025
711638,2025-02-22 14:30:00+00:00,Bayer Leverkusen at Holstein Kiel,B04 @ KSV,Holstein Kiel,7884,0,Bayer Leverkusen,131,2,STATUS_FULL_TIME,Holstein-Stadion,2024-2025,0,2,22,2025
711630,2025-02-22 14:30:00+00:00,St. Pauli at Mainz,STP @ M05,Mainz,2950,2,St. Pauli,270,0,STATUS_FULL_TIME,MEWA ARENA,2024-2025,0,2,22,2025
711634,2025-02-22 14:30:00+00:00,VfL Bochum at VfL Wolfsburg,BOC @ WOB,VfL Wolfsburg,138,1,VfL Bochum,121,1,STATUS_FULL_TIME,Volkswagen Arena,2024-2025,0,2,22,2025
711631,2025-02-22 17:30:00+00:00,1. FC Union Berlin at Borussia Dortmund,FCU @ DOR,Borussia Dortmund,124,6,1. FC Union Berlin,598,0,STATUS_FULL_TIME,SIGNAL IDUNA PARK,2024-2025,0,2,22,2025
711635,2025-02-23 14:30:00+00:00,1. FC Heidenheim 1846 at RB Leipzig,HDH @ RBL,RB Leipzig,11420,2,1. FC Heidenheim 1846,6418,2,STATUS_FULL_TIME,Red Bull Arena,2024-2025,0,2,23,2025
711633,2025-02-23 16:30:00+00:00,Eintracht Frankfurt at Bayern Munich,SGE @ MUN,Bayern Munich,132,4,Eintracht Frankfurt,125,0,STATUS_FULL_TIME,Allianz Arena,2024-2025,0,2,23,2025
711637,2025-02-23 18:30:00+00:00,VfB Stuttgart at TSG Hoffenheim,VFB @ TSG,TSG Hoffenheim,7911,1,VfB Stuttgart,134,1,STATUS_FULL_TIME,PreZero Arena,2024-2025,0,2,23,2025
711639,2025-02-28 19:30:00+00:00,Bayern Munich at VfB Stuttgart,MUN @ VFB,VfB Stuttgart,134,1,Bayern Munich,132,3,STATUS_FULL_TIME,MHPArena,2024-2025,0,2,28,2025
711642,2025-03-01 14:30:00+00:00,Borussia Dortmund at St. Pauli,DOR @ STP,St. Pauli,270,0,Borussia Dortmund,124,2,STATUS_FULL_TIME,Millerntor-Stadion,2024-2025,0,3,1,2025
711641,2025-03-01 14:30:00+00:00,Mainz at RB Leipzig,M05 @ RBL,RB Leipzig,11420,1,Mainz,2950,2,STATUS_FULL_TIME,Red Bull Arena,2024-2025,0,3,1,2025
711640,2025-03-01 14:30:00+00:00,VfL Wolfsburg at Werder Bremen,WOB @ SVW,Werder Bremen,137,1,VfL Wolfsburg,138,2,STATUS_FULL_TIME,Weserstadion,2024-2025,0,3,1,2025
711643,2025-03-01 14:30:00+00:00,TSG Hoffenheim at VfL Bochum,TSG @ BOC,VfL Bochum,121,0,TSG Hoffenheim,7911,1,STATUS_FULL_TIME,Vonovia Ruhrstadion,2024-2025,0,3,1,2025
711646,2025-03-01 14:30:00+00:00,Borussia Mönchengladbach at 1. FC Heidenheim 1846,BMG @ HDH,1. FC Heidenheim 1846,6418,0,Borussia Mönchengladbach,268,3,STATUS_FULL_TIME,Voith-Arena,2024-2025,0,3,1,2025
711644,2025-03-01 17:30:00+00:00,Bayer Leverkusen at Eintracht Frankfurt,B04 @ SGE,Eintracht Frankfurt,125,1,Bayer Leverkusen,131,4,STATUS_FULL_TIME,Deutsche Bank Park,2024-2025,0,3,1,2025
711645,2025-03-02 14:30:00+00:00,Holstein Kiel at 1. FC Union Berlin,KSV @ FCU,1. FC Union Berlin,598,0,Holstein Kiel,7884,1,STATUS_FULL_TIME,Stadion An der Alten Försterei,2024-2025,0,3,2,2025
711647,2025-03-02 16:30:00+00:00,SC Freiburg at FC Augsburg,SCF @ FCA,FC Augsburg,3841,0,SC Freiburg,126,0,STATUS_FULL_TIME,WWK Arena,2024-2025,0,3,2,2025
711653,2025-03-07 19:30:00+00:00,Mainz at Borussia Mönchengladbach,M05 @ BMG,Borussia Mönchengladbach,268,1,Mainz,2950,3,STATUS_FULL_TIME,BORUSSIA-PARK,2024-2025,0,3,7,2025
711655,2025-03-08 14:30:00+00:00,Werder Bremen at Bayer Leverkusen,SVW @ B04,Bayer Leverkusen,131,0,Werder Bremen,137,2,STATUS_FULL_TIME,BayArena,2024-2025,0,3,8,2025
711656,2025-03-08 14:30:00+00:00,St. Pauli at VfL Wolfsburg,STP @ WOB,VfL Wolfsburg,138,1,St. Pauli,270,1,STATUS_FULL_TIME,Volkswagen Arena,2024-2025,0,3,8,2025
711651,2025-03-08 14:30:00+00:00,VfL Bochum at Bayern Munich,BOC @ MUN,Bayern Munich,132,2,VfL Bochum,121,3,STATUS_FULL_TIME,Allianz Arena,2024-2025,0,3,8,2025
711650,2025-03-08 14:30:00+00:00,VfB Stuttgart at Holstein Kiel,VFB @ KSV,Holstein Kiel,7884,2,VfB Stuttgart,134,2,STATUS_FULL_TIME,Holstein-Stadion,2024-2025,0,3,8,2025
711654,2025-03-08 14:30:00+00:00,FC Augsburg at Borussia Dortmund,FCA @ DOR,Borussia Dortmund,124,0,FC Augsburg,3841,1,STATUS_FULL_TIME,SIGNAL IDUNA PARK,2024-2025,0,3,8,2025
711649,2025-03-08 17:30:00+00:00,RB Leipzig at SC Freiburg,RBL @ SCF,SC Freiburg,126,0,RB Leipzig,11420,0,STATUS_FULL_TIME,Europa-Park Stadion,2024-2025,0,3,8,2025
711652,2025-03-09 14:30:00+00:00,1. FC Union Berlin at Eintracht Frankfurt,FCU @ SGE,Eintracht Frankfurt,125,1,1. FC Union Berlin,598,2,STATUS_FULL_TIME,Deutsche Bank Park,2024-2025,0,3,9,2025
711648,2025-03-09 16:30:00+00:00,1. FC Heidenheim 1846 at TSG Hoffenheim,HDH @ TSG,TSG Hoffenheim,7911,1,1. FC Heidenheim 1846,6418,1,STATUS_FULL_TIME,PreZero Arena,2024-2025,0,3,9,2025
711663,2025-03-14 19:30:00+00:00,TSG Hoffenheim at St. Pauli,TSG @ STP,St. Pauli,270,1,TSG Hoffenheim,7911,0,STATUS_FULL_TIME,Millerntor-Stadion,2024-2025,0,3,14,2025
711658,2025-03-15 14:30:00+00:00,Bayern Munich at 1. FC Union Berlin,MUN @ FCU,1. FC Union Berlin,598,1,Bayern Munich,132,1,STATUS_FULL_TIME,Stadion An der Alten Försterei,2024-2025,0,3,15,2025
711664,2025-03-15 14:30:00+00:00,VfL Wolfsburg at FC Augsburg,WOB @ FCA,FC Augsburg,3841,1,VfL Wolfsburg,138,0,STATUS_FULL_TIME,WWK Arena,2024-2025,0,3,15,2025
711665,2025-03-15 14:30:00+00:00,SC Freiburg at Mainz,SCF @ M05,Mainz,2950,2,SC Freiburg,126,2,STATUS_FULL_TIME,MEWA ARENA,2024-2025,0,3,15,2025
711661,2025-03-15 14:30:00+00:00,Borussia Mönchengladbach at Werder Bremen,BMG @ SVW,Werder Bremen,137,2,Borussia Mönchengladbach,268,4,STATUS_FULL_TIME,Weserstadion,2024-2025,0,3,15,2025
711662,2025-03-15 17:30:00+00:00,Borussia Dortmund at RB Leipzig,DOR @ RBL,RB Leipzig,11420,2,Borussia Dortmund,124,0,STATUS_FULL_TIME,Red Bull Arena,2024-2025,0,3,15,2025
711659,2025-03-16 14:30:00+00:00,Eintracht Frankfurt at VfL Bochum,SGE @ BOC,VfL Bochum,121,1,Eintracht Frankfurt,125,3,STATUS_FULL_TIME,Vonovia Ruhrstadion,2024-2025,0,3,16,2025
711657,2025-03-16 16:30:00+00:00,Holstein Kiel at 1. FC Heidenheim 1846,KSV @ HDH,1. FC Heidenheim 1846,6418,3,Holstein Kiel,7884,1,STATUS_FULL_TIME,Voith-Arena,2024-2025,0,3,16,2025
711660,2025-03-16 18:30:00+00:00,Bayer Leverkusen at VfB Stuttgart,B04 @ VFB,VfB Stuttgart,134,3,Bayer Leverkusen,131,4,STATUS_FULL_TIME,MHPArena,2024-2025,0,3,16,2025
711666,2025-03-28 19:30:00+00:00,VfL Bochum at Bayer Leverkusen,BOC @ B04,Bayer Leverkusen,131,3,VfL Bochum,121,1,STATUS_FULL_TIME,BayArena,2024-2025,0,3,28,2025
711674,2025-03-29 14:30:00+00:00,St. Pauli at Bayern Munich,STP @ MUN,Bayern Munich,132,3,St. Pauli,270,2,STATUS_FULL_TIME,Allianz Arena,2024-2025,0,3,29,2025
711672,2025-03-29 14:30:00+00:00,RB Leipzig at Borussia Mönchengladbach,RBL @ BMG,Borussia Mönchengladbach,268,1,RB Leipzig,11420,0,STATUS_FULL_TIME,BORUSSIA-PARK,2024-2025,0,3,29,2025
711669,2025-03-29 14:30:00+00:00,Werder Bremen at Holstein Kiel,SVW @ KSV,Holstein Kiel,7884,0,Werder Bremen,137,3,STATUS_FULL_TIME,Holstein-Stadion,2024-2025,0,3,29,2025
711667,2025-03-29 14:30:00+00:00,FC Augsburg at TSG Hoffenheim,FCA @ TSG,TSG Hoffenheim,7911,1,FC Augsburg,3841,1,STATUS_FULL_TIME,PreZero Arena,2024-2025,0,3,29,2025
711670,2025-03-29 14:30:00+00:00,1. FC Heidenheim 1846 at VfL Wolfsburg,HDH @ WOB,VfL Wolfsburg,138,0,1. FC Heidenheim 1846,6418,1,STATUS_FULL_TIME,Volkswagen Arena,2024-2025,0,3,29,2025
711671,2025-03-29 17:30:00+00:00,VfB Stuttgart at Eintracht Frankfurt,VFB @ SGE,Eintracht Frankfurt,125,1,VfB Stuttgart,134,0,STATUS_FULL_TIME,Deutsche Bank Park,2024-2025,0,3,29,2025
711668,2025-03-30 13:30:00+00:00,1. FC Union Berlin at SC Freiburg,FCU @ SCF,SC Freiburg,126,1,1. FC Union Berlin,598,2,STATUS_FULL_TIME,Europa-Park Stadion,2024-2025,0,3,30,2025
711673,2025-03-30 15:30:00+00:00,Mainz at Borussia Dortmund,M05 @ DOR,Borussia Dortmund,124,3,Mainz,2950,1,STATUS_FULL_TIME,SIGNAL IDUNA PARK,2024-2025,0,3,30,2025
711683,2025-04-04 18:30:00+00:00,Bayern Munich at FC Augsburg,MUN @ FCA,FC Augsburg,3841,1,Bayern Munich,132,3,STATUS_FULL_TIME,WWK Arena,2024-2025,0,4,4,2025
711677,2025-04-05 13:30:00+00:00,TSG Hoffenheim at RB Leipzig,TSG @ RBL,RB Leipzig,11420,3,TSG Hoffenheim,7911,1,STATUS_FULL_TIME,Red Bull Arena,2024-2025,0,4,5,2025
711680,2025-04-05 13:30:00+00:00,Holstein Kiel at Mainz,KSV @ M05,Mainz,2950,1,Holstein Kiel,7884,1,STATUS_FULL_TIME,MEWA ARENA,2024-2025,0,4,5,2025
711679,2025-04-05 13:30:00+00:00,VfB Stuttgart at VfL Bochum,VFB @ BOC,VfL Bochum,121,0,VfB Stuttgart,134,4,STATUS_FULL_TIME,Vonovia Ruhrstadion,2024-2025,0,4,5,2025
711676,2025-04-05 13:30:00+00:00,Borussia Dortmund at SC Freiburg,DOR @ SCF,SC Freiburg,126,1,Borussia Dortmund,124,4,STATUS_FULL_TIME,Europa-Park Stadion,2024-2025,0,4,5,2025
711682,2025-04-05 13:30:00+00:00,Bayer Leverkusen at 1. FC Heidenheim 1846,B04 @ HDH,1. FC Heidenheim 1846,6418,0,Bayer Leverkusen,131,1,STATUS_FULL_TIME,Voith-Arena,2024-2025,0,4,5,2025
711675,2025-04-05 16:30:00+00:00,Eintracht Frankfurt at Werder Bremen,SGE @ SVW,Werder Bremen,137,2,Eintracht Frankfurt,125,0,STATUS_FULL_TIME,Weserstadion,2024-2025,0,4,5,2025
711678,2025-04-06 13:30:00+00:00,Borussia Mönchengladbach at St. Pauli,BMG @ STP,St. Pauli,270,1,Borussia Mönchengladbach,268,1,STATUS_FULL_TIME,Millerntor-Stadion,2024-2025,0,4,6,2025
711681,2025-04-06 15:30:00+00:00,VfL Wolfsburg at 1. FC Union Berlin,WOB @ FCU,1. FC Union Berlin,598,1,VfL Wolfsburg,138,0,STATUS_FULL_TIME,Stadion An der Alten Försterei,2024-2025,0,4,6,2025
711692,2025-04-11 18:30:00+00:00,RB Leipzig at VfL Wolfsburg,RBL @ WOB,VfL Wolfsburg,138,2,RB Leipzig,11420,3,STATUS_FULL_TIME,Volkswagen Arena,2024-2025,0,4,11,2025
711691,2025-04-12 13:30:00+00:00,1. FC Union Berlin at Bayer Leverkusen,FCU @ B04,Bayer Leverkusen,131,0,1. FC Union Berlin,598,0,STATUS_FULL_TIME,BayArena,2024-2025,0,4,12,2025
711684,2025-04-12 13:30:00+00:00,FC Augsburg at VfL Bochum,FCA @ BOC,VfL Bochum,121,1,FC Augsburg,3841,2,STATUS_FULL_TIME,Vonovia Ruhrstadion,2024-2025,0,4,12,2025
711690,2025-04-12 13:30:00+00:00,SC Freiburg at Borussia Mönchengladbach,SCF @ BMG,Borussia Mönchengladbach,268,1,SC Freiburg,126,2,STATUS_FULL_TIME,BORUSSIA-PARK,2024-2025,0,4,12,2025
711686,2025-04-12 13:30:00+00:00,Mainz at TSG Hoffenheim,M05 @ TSG,TSG Hoffenheim,7911,2,Mainz,2950,0,STATUS_FULL_TIME,PreZero Arena,2024-2025,0,4,12,2025
711687,2025-04-12 13:30:00+00:00,St. Pauli at Holstein Kiel,STP @ KSV,Holstein Kiel,7884,1,St. Pauli,270,2,STATUS_FULL_TIME,Holstein-Stadion,2024-2025,0,4,12,2025
711688,2025-04-12 16:30:00+00:00,Borussia Dortmund at Bayern Munich,DOR @ MUN,Bayern Munich,132,2,Borussia Dortmund,124,2,STATUS_FULL_TIME,Allianz Arena,2024-2025,0,4,12,2025
711685,2025-04-13 13:30:00+00:00,Werder Bremen at VfB Stuttgart,SVW @ VFB,VfB Stuttgart,134,1,Werder Bremen,137,2,STATUS_FULL_TIME,MHPArena,2024-2025,0,4,13,2025
711689,2025-04-13 15:30:00+00:00,1. FC Heidenheim 1846 at Eintracht Frankfurt,HDH @ SGE,Eintracht Frankfurt,125,3,1. FC Heidenheim 1846,6418,0,STATUS_FULL_TIME,Deutsche Bank Park,2024-2025,0,4,13,2025
711693,2025-04-19 13:30:00+00:00,Bayern Munich at 1. FC Heidenheim 1846,MUN @ HDH,1. FC Heidenheim 1846,6418,0,Bayern Munich,132,4,STATUS_FULL_TIME,Voith-Arena,2024-2025,0,4,19,2025
711701,2025-04-19 13:30:00+00:00,VfL Wolfsburg at Mainz,WOB @ M05,Mainz,2950,2,VfL Wolfsburg,138,2,STATUS_FULL_TIME,MEWA ARENA,2024-2025,0,4,19,2025
711697,2025-04-19 13:30:00+00:00,Holstein Kiel at RB Leipzig,KSV @ RBL,RB Leipzig,11420,1,Holstein Kiel,7884,1,STATUS_FULL_TIME,Red Bull Arena,2024-2025,0,4,19,2025
711696,2025-04-19 13:30:00+00:00,TSG Hoffenheim at SC Freiburg,TSG @ SCF,SC Freiburg,126,3,TSG Hoffenheim,7911,2,STATUS_FULL_TIME,Europa-Park Stadion,2024-2025,0,4,19,2025
711695,2025-04-19 13:30:00+00:00,VfL Bochum at Werder Bremen,BOC @ SVW,Werder Bremen,137,1,VfL Bochum,121,0,STATUS_FULL_TIME,Weserstadion,2024-2025,0,4,19,2025
711694,2025-04-19 16:30:00+00:00,VfB Stuttgart at 1. FC Union Berlin,VFB @ FCU,1. FC Union Berlin,598,4,VfB Stuttgart,134,4,STATUS_FULL_TIME,Stadion An der Alten Försterei,2024-2025,0,4,19,2025
711699,2025-04-20 13:30:00+00:00,Eintracht Frankfurt at FC Augsburg,SGE @ FCA,FC Augsburg,3841,0,Eintracht Frankfurt,125,0,STATUS_FULL_TIME,WWK Arena,2024-2025,0,4,20,2025
711700,2025-04-20 15:30:00+00:00,Borussia Mönchengladbach at Borussia Dortmund,BMG @ DOR,Borussia Dortmund,124,3,Borussia Mönchengladbach,268,2,STATUS_FULL_TIME,SIGNAL IDUNA PARK,2024-2025,0,4,20,2025
711698,2025-04-20 17:30:00+00:00,Bayer Leverkusen at St. Pauli,B04 @ STP,St. Pauli,270,1,Bayer Leverkusen,131,1,STATUS_FULL_TIME,Millerntor-Stadion,2024-2025,0,4,20,2025
711704,2025-04-25 18:30:00+00:00,1. FC Heidenheim 1846 at VfB Stuttgart,HDH @ VFB,VfB Stuttgart,134,0,1. FC Heidenheim 1846,6418,1,STATUS_FULL_TIME,MHPArena,2024-2025,0,4,25,2025
711702,2025-04-26 13:30:00+00:00,FC Augsburg at Bayer Leverkusen,FCA @ B04,Bayer Leverkusen,131,2,FC Augsburg,3841,0,STATUS_FULL_TIME,BayArena,2024-2025,0,4,26,2025
711708,2025-04-26 13:30:00+00:00,Mainz at Bayern Munich,M05 @ MUN,Bayern Munich,132,3,Mainz,2950,0,STATUS_FULL_TIME,Allianz Arena,2024-2025,0,4,26,2025
711707,2025-04-26 13:30:00+00:00,Borussia Mönchengladbach at Holstein Kiel,BMG @ KSV,Holstein Kiel,7884,4,Borussia Mönchengladbach,268,3,STATUS_FULL_TIME,Holstein-Stadion,2024-2025,0,4,26,2025
711705,2025-04-26 13:30:00+00:00,Borussia Dortmund at TSG Hoffenheim,DOR @ TSG,TSG Hoffenheim,7911,2,Borussia Dortmund,124,3,STATUS_FULL_TIME,PreZero Arena,2024-2025,0,4,26,2025
711706,2025-04-26 13:30:00+00:00,SC Freiburg at VfL Wolfsburg,SCF @ WOB,VfL Wolfsburg,138,0,SC Freiburg,126,1,STATUS_FULL_TIME,Volkswagen Arena,2024-2025,0,4,26,2025
711709,2025-04-26 16:30:00+00:00,RB Leipzig at Eintracht Frankfurt,RBL @ SGE,Eintracht Frankfurt,125,4,RB Leipzig,11420,0,STATUS_FULL_TIME,Deutsche Bank Park,2024-2025,0,4,26,2025
711703,2025-04-27 13:30:00+00:00,1. FC Union Berlin at VfL Bochum,FCU @ BOC,VfL Bochum,121,1,1. FC Union Berlin,598,1,STATUS_FULL_TIME,Vonovia Ruhrstadion,2024-2025,0,4,27,2025
711710,2025-04-27 15:30:00+00:00,St. Pauli at Werder Bremen,STP @ SVW,Werder Bremen,137,0,St. Pauli,270,0,STATUS_FULL_TIME,Weserstadion,2024-2025,0,4,27,2025
711714,2025-05-02 18:30:00+00:00,VfL Bochum at 1. FC Heidenheim 1846,BOC @ HDH,1. FC Heidenheim 1846,6418,0,VfL Bochum,121,0,STATUS_FULL_TIME,Voith-Arena,2024-2025,0,5,2,2025
711713,2025-05-03 13:30:00+00:00,Werder Bremen at 1. FC Union Berlin,SVW @ FCU,1. FC Union Berlin,598,2,Werder Bremen,137,2,STATUS_FULL_TIME,Stadion An der Alten Försterei,2024-2025,0,5,3,2025
711719,2025-05-03 13:30:00+00:00,TSG Hoffenheim at Borussia Mönchengladbach,TSG @ BMG,Borussia Mönchengladbach,268,4,TSG Hoffenheim,7911,4,STATUS_FULL_TIME,BORUSSIA-PARK,2024-2025,0,5,3,2025
711718,2025-05-03 13:30:00+00:00,Bayern Munich at RB Leipzig,MUN @ RBL,RB Leipzig,11420,3,Bayern Munich,132,3,STATUS_FULL_TIME,Red Bull Arena,2024-2025,0,5,3,2025
711717,2025-05-03 13:30:00+00:00,VfB Stuttgart at St. Pauli,VFB @ STP,St. Pauli,270,0,VfB Stuttgart,134,1,STATUS_FULL_TIME,Millerntor-Stadion,2024-2025,0,5,3,2025
711711,2025-05-03 16:30:00+00:00,VfL Wolfsburg at Borussia Dortmund,WOB @ DOR,Borussia Dortmund,124,4,VfL Wolfsburg,138,0,STATUS_FULL_TIME,SIGNAL IDUNA PARK,2024-2025,0,5,3,2025
711716,2025-05-04 13:30:00+00:00,Holstein Kiel at FC Augsburg,KSV @ FCA,FC Augsburg,3841,1,Holstein Kiel,7884,3,STATUS_FULL_TIME,WWK Arena,2024-2025,0,5,4,2025
711715,2025-05-04 15:30:00+00:00,Bayer Leverkusen at SC Freiburg,B04 @ SCF,SC Freiburg,126,2,Bayer Leverkusen,131,2,STATUS_FULL_TIME,Europa-Park Stadion,2024-2025,0,5,4,2025
711712,2025-05-04 17:30:00+00:00,Eintracht Frankfurt at Mainz,SGE @ M05,Mainz,2950,1,Eintracht Frankfurt,125,1,STATUS_FULL_TIME,MEWA ARENA,2024-2025,0,5,4,2025
711725,2025-05-09 18:30:00+00:00,TSG Hoffenheim at VfL Wolfsburg,TSG @ WOB,VfL Wolfsburg,138,2,TSG Hoffenheim,7911,2,STATUS_FULL_TIME,Volkswagen Arena,2024-2025,0,5,9,2025
711723,2025-05-10 13:30:00+00:00,1. FC Heidenheim 1846 at 1. FC Union Berlin,HDH @ FCU,1. FC Union Berlin,598,0,1. FC Heidenheim 1846,6418,3,STATUS_FULL_TIME,Stadion An der Alten Försterei,2024-2025,0,5,10,2025
711724,2025-05-10 13:30:00+00:00,SC Freiburg at Holstein Kiel,SCF @ KSV,Holstein Kiel,7884,1,SC Freiburg,126,2,STATUS_FULL_TIME,Holstein-Stadion,2024-2025,0,5,10,2025
711726,2025-05-10 13:30:00+00:00,Mainz at VfL Bochum,M05 @ BOC,VfL Bochum,121,1,Mainz,2950,4,STATUS_FULL_TIME,Vonovia Ruhrstadion,2024-2025,0,5,10,2025
711728,2025-05-10 13:30:00+00:00,RB Leipzig at Werder Bremen,RBL @ SVW,Werder Bremen,137,0,RB Leipzig,11420,0,STATUS_FULL_TIME,Weserstadion,2024-2025,0,5,10,2025
711720,2025-05-10 16:30:00+00:00,Borussia Mönchengladbach at Bayern Munich,BMG @ MUN,Bayern Munich,132,2,Borussia Mönchengladbach,268,0,STATUS_FULL_TIME,Allianz Arena,2024-2025,0,5,10,2025
711722,2025-05-11 13:30:00+00:00,Borussia Dortmund at Bayer Leverkusen,DOR @ B04,Bayer Leverkusen,131,2,Borussia Dortmund,124,4,STATUS_FULL_TIME,BayArena,2024-2025,0,5,11,2025
711721,2025-05-11 15:30:00+00:00,St. Pauli at Eintracht Frankfurt,STP @ SGE,Eintracht Frankfurt,125,2,St. Pauli,270,2,STATUS_FULL_TIME,Deutsche Bank Park,2024-2025,0,5,11,2025
711727,2025-05-11 17:30:00+00:00,FC Augsburg at VfB Stuttgart,FCA @ VFB,VfB Stuttgart,134,4,FC Augsburg,3841,0,STATUS_FULL_TIME,MHPArena,2024-2025,0,5,11,2025
711730,2025-05-17 13:30:00+00:00,Werder Bremen at 1. FC Heidenheim 1846,SVW @ HDH,1. FC Heidenheim 1846,6418,1,Werder Bremen,137,4,STATUS_FULL_TIME,Voith-Arena,2024-2025,0,5,17,2025
711732,2025-05-17 13:30:00+00:00,Holstein Kiel at Borussia Dortmund,KSV @ DOR,Borussia Dortmund,124,3,Holstein Kiel,7884,0,STATUS_FULL_TIME,SIGNAL IDUNA PARK,2024-2025,0,5,17,2025
711733,2025-05-17 13:30:00+00:00,VfL Wolfsburg at Borussia Mönchengladbach,WOB @ BMG,Borussia Mönchengladbach,268,0,VfL Wolfsburg,138,1,STATUS_FULL_TIME,BORUSSIA-PARK,2024-2025,0,5,17,2025
711737,2025-05-17 13:30:00+00:00,Bayern Munich at TSG Hoffenheim,MUN @ TSG,TSG Hoffenheim,7911,0,Bayern Munich,132,4,STATUS_FULL_TIME,PreZero Arena,2024-2025,0,5,17,2025
711738,2025-05-17 13:30:00+00:00,1. FC Union Berlin at FC Augsburg,FCU @ FCA,FC Augsburg,3841,1,1. FC Union Berlin,598,2,STATUS_FULL_TIME,WWK Arena,2024-2025,0,5,17,2025
711736,2025-05-17 13:30:00+00:00,VfB Stuttgart at RB Leipzig,VFB @ RBL,RB Leipzig,11420,2,VfB Stuttgart,134,3,STATUS_FULL_TIME,Red Bull Arena,2024-2025,0,5,17,2025
711734,2025-05-17 13:30:00+00:00,Eintracht Frankfurt at SC Freiburg,SGE @ SCF,SC Freiburg,126,1,Eintracht Frankfurt,125,3,STATUS_FULL_TIME,Europa-Park Stadion,2024-2025,0,5,17,2025
711735,2025-05-17 13:30:00+00:00,VfL Bochum at St. Pauli,BOC @ STP,St. Pauli,270,0,VfL Bochum,121,2,STATUS_FULL_TIME,Millerntor-Stadion,2024-2025,0,5,17,2025
711731,2025-05-17 13:30:00+00:00,Bayer Leverkusen at Mainz,B04 @ M05,Mainz,2950,2,Bayer Leverkusen,131,2,STATUS_FULL_TIME,MEWA ARENA,2024-2025,0,5,17,2025
746718,2025-08-22 18:30:00+00:00,RB Leipzig at Bayern Munich,RBL @ MUN,Bayern Munich,132,6,RB Leipzig,11420,0,STATUS_FULL_TIME,Allianz Arena,2025-2026,0,8,22,2025
746719,2025-08-23 13:30:00+00:00,VfL Wolfsburg at 1. FC Heidenheim 1846,WOB @ HDH,1. FC Heidenheim 1846,6418,1,VfL Wolfsburg,138,3,STATUS_FULL_TIME,Voith-Arena,2025-2026,0,8,23,2025
746720,2025-08-23 13:30:00+00:00,VfB Stuttgart at 1. FC Union Berlin,VFB @ FCU,1. FC Union Berlin,598,2,VfB Stuttgart,134,1,STATUS_FULL_TIME,Stadion An der Alten Försterei,2025-2026,0,8,23,2025
746722,2025-08-23 13:30:00+00:00,TSG Hoffenheim at Bayer Leverkusen,TSG @ B04,Bayer Leverkusen,131,1,TSG Hoffenheim,7911,2,STATUS_FULL_TIME,BayArena,2025-2026,0,8,23,2025
746724,2025-08-23 13:30:00+00:00,Werder Bremen at Eintracht Frankfurt,SVW @ SGE,Eintracht Frankfurt,125,4,Werder Bremen,137,1,STATUS_FULL_TIME,Deutsche Bank Park,2025-2026,0,8,23,2025
746726,2025-08-23 13:30:00+00:00,FC Augsburg at SC Freiburg,FCA @ SCF,SC Freiburg,126,1,FC Augsburg,3841,3,STATUS_FULL_TIME,Europa-Park Stadion,2025-2026,0,8,23,2025
746725,2025-08-23 16:30:00+00:00,Borussia Dortmund at St. Pauli,DOR @ STP,St. Pauli,270,3,Borussia Dortmund,124,3,STATUS_FULL_TIME,Millerntor-Stadion,2025-2026,0,8,23,2025
746721,2025-08-24 13:30:00+00:00,FC Cologne at Mainz,KOE @ M05,Mainz,2950,0,FC Cologne,122,1,STATUS_FULL_TIME,MEWA ARENA,2025-2026,0,8,24,2025
746723,2025-08-24 15:30:00+00:00,Hamburg SV at Borussia Mönchengladbach,HSV @ BMG,Borussia Mönchengladbach,268,0,Hamburg SV,127,0,STATUS_FULL_TIME,BORUSSIA-PARK,2025-2026,0,8,24,2025
746730,2025-08-29 18:30:00+00:00,St. Pauli at Hamburg SV,STP @ HSV,Hamburg SV,127,0,St. Pauli,270,2,STATUS_FULL_TIME,Volksparkstadion,2025-2026,0,8,29,2025
746733,2025-08-30 13:30:00+00:00,Eintracht Frankfurt at TSG Hoffenheim,SGE @ TSG,TSG Hoffenheim,7911,1,Eintracht Frankfurt,125,3,STATUS_FULL_TIME,PreZero Arena,2025-2026,0,8,30,2025
746731,2025-08-30 13:30:00+00:00,1. FC Heidenheim 1846 at RB Leipzig,HDH @ RBL,RB Leipzig,11420,2,1. FC Heidenheim 1846,6418,0,STATUS_FULL_TIME,Red Bull Arena,2025-2026,0,8,30,2025
746732,2025-08-30 13:30:00+00:00,Bayer Leverkusen at Werder Bremen,B04 @ SVW,Werder Bremen,137,3,Bayer Leverkusen,131,3,STATUS_FULL_TIME,Weserstadion,2025-2026,0,8,30,2025
746734,2025-08-30 13:30:00+00:00,Borussia Mönchengladbach at VfB Stuttgart,BMG @ VFB,VfB Stuttgart,134,1,Borussia Mönchengladbach,268,0,STATUS_FULL_TIME,MHPArena,2025-2026,0,8,30,2025
746729,2025-08-30 16:30:00+00:00,Bayern Munich at FC Augsburg,MUN @ FCA,FC Augsburg,3841,2,Bayern Munich,132,3,STATUS_FULL_TIME,WWK Arena,2025-2026,0,8,30,2025
746735,2025-08-31 13:30:00+00:00,Mainz at VfL Wolfsburg,M05 @ WOB,VfL Wolfsburg,138,1,Mainz,2950,1,STATUS_FULL_TIME,Volkswagen Arena,2025-2026,0,8,31,2025
746728,2025-08-31 15:30:00+00:00,1. FC Union Berlin at Borussia Dortmund,FCU @ DOR,Borussia Dortmund,124,3,1. FC Union Berlin,598,0,STATUS_FULL_TIME,SIGNAL IDUNA PARK,2025-2026,0,8,31,2025
746727,2025-08-31 17:30:00+00:00,SC Freiburg at FC Cologne,SCF @ KOE,FC Cologne,122,4,SC Freiburg,126,1,STATUS_FULL_TIME,RheinEnergieStadion,2025-2026,0,8,31,2025
746739,2025-09-12 18:30:00+00:00,Eintracht Frankfurt at Bayer Leverkusen,SGE @ B04,Bayer Leverkusen,131,3,Eintracht Frankfurt,125,1,STATUS_FULL_TIME,BayArena,2025-2026,0,9,12,2025
746737,2025-09-13 13:30:00+00:00,TSG Hoffenheim at 1. FC Union Berlin,TSG @ FCU,1. FC Union Berlin,598,2,TSG Hoffenheim,7911,4,STATUS_FULL_TIME,Stadion An der Alten Försterei,2025-2026,0,9,13,2025
746743,2025-09-13 13:30:00+00:00,VfB Stuttgart at SC Freiburg,VFB @ SCF,SC Freiburg,126,3,VfB Stuttgart,134,1,STATUS_FULL_TIME,Europa-Park Stadion,2025-2026,0,9,13,2025
746736,2025-09-13 13:30:00+00:00,Borussia Dortmund at 1. FC Heidenheim 1846,DOR @ HDH,1. FC Heidenheim 1846,6418,0,Borussia Dortmund,124,2,STATUS_FULL_TIME,Voith-Arena,2025-2026,0,9,13,2025
746744,2025-09-13 13:30:00+00:00,FC Cologne at VfL Wolfsburg,KOE @ WOB,VfL Wolfsburg,138,3,FC Cologne,122,3,STATUS_FULL_TIME,Volkswagen Arena,2025-2026,0,9,13,2025
746738,2025-09-13 13:30:00+00:00,RB Leipzig at Mainz,RBL @ M05,Mainz,2950,0,RB Leipzig,11420,1,STATUS_FULL_TIME,MEWA ARENA,2025-2026,0,9,13,2025
746741,2025-09-13 16:30:00+00:00,Hamburg SV at Bayern Munich,HSV @ MUN,Bayern Munich,132,5,Hamburg SV,127,0,STATUS_FULL_TIME,Allianz Arena,2025-2026,0,9,13,2025
746742,2025-09-14 13:30:00+00:00,FC Augsburg at St. Pauli,FCA @ STP,St. Pauli,270,2,FC Augsburg,3841,1,STATUS_FULL_TIME,Millerntor-Stadion,2025-2026,0,9,14,2025
746740,2025-09-14 15:30:00+00:00,Werder Bremen at Borussia Mönchengladbach,SVW @ BMG,Borussia Mönchengladbach,268,0,Werder Bremen,137,4,STATUS_FULL_TIME,BORUSSIA-PARK,2025-2026,0,9,14,2025
746753,2025-09-19 18:30:00+00:00,St. Pauli at VfB Stuttgart,STP @ VFB,VfB Stuttgart,134,2,St. Pauli,270,0,STATUS_FULL_TIME,MHPArena,2025-2026,0,9,19,2025
746749,2025-09-20 13:30:00+00:00,1. FC Heidenheim 1846 at Hamburg SV,HDH @ HSV,Hamburg SV,127,2,1. FC Heidenheim 1846,6418,1,STATUS_FULL_TIME,Volksparkstadion,2025-2026,0,9,20,2025
746752,2025-09-20 13:30:00+00:00,Bayern Munich at TSG Hoffenheim,MUN @ TSG,TSG Hoffenheim,7911,1,Bayern Munich,132,4,STATUS_FULL_TIME,PreZero Arena,2025-2026,0,9,20,2025
746748,2025-09-20 13:30:00+00:00,Mainz at FC Augsburg,M05 @ FCA,FC Augsburg,3841,1,Mainz,2950,4,STATUS_FULL_TIME,WWK Arena,2025-2026,0,9,20,2025
746751,2025-09-20 13:30:00+00:00,SC Freiburg at Werder Bremen,SCF @ SVW,Werder Bremen,137,0,SC Freiburg,126,3,STATUS_FULL_TIME,Weserstadion,2025-2026,0,9,20,2025
746750,2025-09-20 16:30:00+00:00,FC Cologne at RB Leipzig,KOE @ RBL,RB Leipzig,11420,3,FC Cologne,122,1,STATUS_FULL_TIME,Red Bull Arena,2025-2026,0,9,20,2025
746747,2025-09-21 13:30:00+00:00,1. FC Union Berlin at Eintracht Frankfurt,FCU @ SGE,Eintracht Frankfurt,125,3,1. FC Union Berlin,598,4,STATUS_FULL_TIME,Deutsche Bank Park,2025-2026,0,9,21,2025
746745,2025-09-21 15:30:00+00:00,Borussia Mönchengladbach at Bayer Leverkusen,BMG @ B04,Bayer Leverkusen,131,1,Borussia Mönchengladbach,268,1,STATUS_FULL_TIME,BayArena,2025-2026,0,9,21,2025
746746,2025-09-21 17:30:00+00:00,VfL Wolfsburg at Borussia Dortmund,WOB @ DOR,Borussia Dortmund,124,1,VfL Wolfsburg,138,0,STATUS_FULL_TIME,SIGNAL IDUNA PARK,2025-2026,0,9,21,2025
746759,2025-09-26 18:30:00+00:00,Werder Bremen at Bayern Munich,SVW @ MUN,Bayern Munich,132,4,Werder Bremen,137,0,STATUS_FULL_TIME,Allianz Arena,2025-2026,0,9,26,2025
746754,2025-09-27 13:30:00+00:00,FC Augsburg at 1. FC Heidenheim 1846,FCA @ HDH,1. FC Heidenheim 1846,6418,2,FC Augsburg,3841,1,STATUS_FULL_TIME,Voith-Arena,2025-2026,0,9,27,2025
746757,2025-09-27 13:30:00+00:00,Borussia Dortmund at Mainz,DOR @ M05,Mainz,2950,0,Borussia Dortmund,124,2,STATUS_FULL_TIME,MEWA ARENA,2025-2026,0,9,27,2025
746760,2025-09-27 13:30:00+00:00,Bayer Leverkusen at St. Pauli,B04 @ STP,St. Pauli,270,1,Bayer Leverkusen,131,2,STATUS_FULL_TIME,Millerntor-Stadion,2025-2026,0,9,27,2025
746761,2025-09-27 13:30:00+00:00,RB Leipzig at VfL Wolfsburg,RBL @ WOB,VfL Wolfsburg,138,0,RB Leipzig,11420,1,STATUS_FULL_TIME,Volkswagen Arena,2025-2026,0,9,27,2025
746762,2025-09-27 16:30:00+00:00,Eintracht Frankfurt at Borussia Mönchengladbach,SGE @ BMG,Borussia Mönchengladbach,268,4,Eintracht Frankfurt,125,6,STATUS_FULL_TIME,BORUSSIA-PARK,2025-2026,0,9,27,2025
746758,2025-09-28 13:30:00+00:00,TSG Hoffenheim at SC Freiburg,TSG @ SCF,SC Freiburg,126,1,TSG Hoffenheim,7911,1,STATUS_FULL_TIME,Europa-Park Stadion,2025-2026,0,9,28,2025
746755,2025-09-28 15:30:00+00:00,VfB Stuttgart at FC Cologne,VFB @ KOE,FC Cologne,122,1,VfB Stuttgart,134,2,STATUS_FULL_TIME,RheinEnergieStadion,2025-2026,0,9,28,2025
746756,2025-09-28 17:30:00+00:00,Hamburg SV at 1. FC Union Berlin,HSV @ FCU,1. FC Union Berlin,598,0,Hamburg SV,127,0,STATUS_FULL_TIME,Stadion An der Alten Försterei,2025-2026,0,9,28,2025
746771,2025-10-03 18:30:00+00:00,FC Cologne at TSG Hoffenheim,KOE @ TSG,TSG Hoffenheim,7911,0,FC Cologne,122,1,STATUS_FULL_TIME,PreZero Arena,2025-2026,0,10,3,2025
746766,2025-10-04 13:30:00+00:00,1. FC Union Berlin at Bayer Leverkusen,FCU @ B04,Bayer Leverkusen,131,2,1. FC Union Berlin,598,0,STATUS_FULL_TIME,BayArena,2025-2026,0,10,4,2025
746765,2025-10-04 13:30:00+00:00,RB Leipzig at Borussia Dortmund,RBL @ DOR,Borussia Dortmund,124,1,RB Leipzig,11420,1,STATUS_FULL_TIME,SIGNAL IDUNA PARK,2025-2026,0,10,4,2025
746767,2025-10-04 13:30:00+00:00,VfL Wolfsburg at FC Augsburg,WOB @ FCA,FC Augsburg,3841,3,VfL Wolfsburg,138,1,STATUS_FULL_TIME,WWK Arena,2025-2026,0,10,4,2025
746769,2025-10-04 13:30:00+00:00,St. Pauli at Werder Bremen,STP @ SVW,Werder Bremen,137,1,St. Pauli,270,0,STATUS_FULL_TIME,Weserstadion,2025-2026,0,10,4,2025
746763,2025-10-04 16:30:00+00:00,Bayern Munich at Eintracht Frankfurt,MUN @ SGE,Eintracht Frankfurt,125,0,Bayern Munich,132,3,STATUS_FULL_TIME,Deutsche Bank Park,2025-2026,0,10,4,2025
746770,2025-10-05 13:30:00+00:00,1. FC Heidenheim 1846 at VfB Stuttgart,HDH @ VFB,VfB Stuttgart,134,1,1. FC Heidenheim 1846,6418,0,STATUS_FULL_TIME,MHPArena,2025-2026,0,10,5,2025
746768,2025-10-05 15:30:00+00:00,Mainz at Hamburg SV,M05 @ HSV,Hamburg SV,127,4,Mainz,2950,0,STATUS_FULL_TIME,Volksparkstadion,2025-2026,0,10,5,2025
746764,2025-10-05 17:30:00+00:00,SC Freiburg at Borussia Mönchengladbach,SCF @ BMG,Borussia Mönchengladbach,268,0,SC Freiburg,126,0,STATUS_FULL_TIME,BORUSSIA-PARK,2025-2026,0,10,5,2025
746779,2025-10-17 18:30:00+00:00,Borussia Mönchengladbach at 1. FC Union Berlin,BMG @ FCU,1. FC Union Berlin,598,3,Borussia Mönchengladbach,268,1,STATUS_FULL_TIME,Stadion An der Alten Försterei,2025-2026,0,10,17,2025
746777,2025-10-18 13:30:00+00:00,Werder Bremen at 1. FC Heidenheim 1846,SVW @ HDH,1. FC Heidenheim 1846,6418,2,Werder Bremen,137,2,STATUS_FULL_TIME,Voith-Arena,2025-2026,0,10,18,2025
746780,2025-10-18 13:30:00+00:00,FC Augsburg at FC Cologne,FCA @ KOE,FC Cologne,122,1,FC Augsburg,3841,1,STATUS_FULL_TIME,RheinEnergieStadion,2025-2026,0,10,18,2025
746778,2025-10-18 13:30:00+00:00,Bayer Leverkusen at Mainz,B04 @ M05,Mainz,2950,3,Bayer Leverkusen,131,4,STATUS_FULL_TIME,MEWA ARENA,2025-2026,0,10,18,2025
746773,2025-10-18 13:30:00+00:00,Hamburg SV at RB Leipzig,HSV @ RBL,RB Leipzig,11420,2,Hamburg SV,127,1,STATUS_FULL_TIME,Red Bull Arena,2025-2026,0,10,18,2025
746775,2025-10-18 13:30:00+00:00,VfB Stuttgart at VfL Wolfsburg,VFB @ WOB,VfL Wolfsburg,138,0,VfB Stuttgart,134,3,STATUS_FULL_TIME,Volkswagen Arena,2025-2026,0,10,18,2025
746776,2025-10-18 16:30:00+00:00,Borussia Dortmund at Bayern Munich,DOR @ MUN,Bayern Munich,132,2,Borussia Dortmund,124,1,STATUS_FULL_TIME,Allianz Arena,2025-2026,0,10,18,2025
746774,2025-10-19 13:30:00+00:00,Eintracht Frankfurt at SC Freiburg,SGE @ SCF,SC Freiburg,126,2,Eintracht Frankfurt,125,2,STATUS_FULL_TIME,Europa-Park Stadion,2025-2026,0,10,19,2025
746772,2025-10-19 15:30:00+00:00,TSG Hoffenheim at St. Pauli,TSG @ STP,St. Pauli,270,0,TSG Hoffenheim,7911,3,STATUS_FULL_TIME,Millerntor-Stadion,2025-2026,0,10,19,2025
746781,2025-10-24 18:30:00+00:00,1. FC Union Berlin at Werder Bremen,FCU @ SVW,Werder Bremen,137,1,1. FC Union Berlin,598,0,STATUS_FULL_TIME,Weserstadion,2025-2026,0,10,24,2025
746784,2025-10-25 13:30:00+00:00,St. Pauli at Eintracht Frankfurt,STP @ SGE,Eintracht Frankfurt,125,2,St. Pauli,270,0,STATUS_FULL_TIME,Deutsche Bank Park,2025-2026,0,10,25,2025
746783,2025-10-25 13:30:00+00:00,RB Leipzig at FC Augsburg,RBL @ FCA,FC Augsburg,3841,0,RB Leipzig,11420,6,STATUS_FULL_TIME,WWK Arena,2025-2026,0,10,25,2025
746782,2025-10-25 13:30:00+00:00,VfL Wolfsburg at Hamburg SV,WOB @ HSV,Hamburg SV,127,0,VfL Wolfsburg,138,1,STATUS_FULL_TIME,Volksparkstadion,2025-2026,0,10,25,2025
746789,2025-10-25 13:30:00+00:00,1. FC Heidenheim 1846 at TSG Hoffenheim,HDH @ TSG,TSG Hoffenheim,7911,3,1. FC Heidenheim 1846,6418,1,STATUS_FULL_TIME,PreZero Arena,2025-2026,0,10,25,2025
746785,2025-10-25 13:45:00+00:00,Bayern Munich at Borussia Mönchengladbach,MUN @ BMG,Borussia Mönchengladbach,268,0,Bayern Munich,132,3,STATUS_FULL_TIME,BORUSSIA-PARK,2025-2026,0,10,25,2025
746787,2025-10-25 16:30:00+00:00,FC Cologne at Borussia Dortmund,KOE @ DOR,Borussia Dortmund,124,1,FC Cologne,122,0,STATUS_FULL_TIME,SIGNAL IDUNA PARK,2025-2026,0,10,25,2025
746786,2025-10-26 14:30:00+00:00,SC Freiburg at Bayer Leverkusen,SCF @ B04,Bayer Leverkusen,131,2,SC Freiburg,126,0,STATUS_FULL_TIME,BayArena,2025-2026,0,10,26,2025
746788,2025-10-26 16:30:00+00:00,Mainz at VfB Stuttgart,M05 @ VFB,VfB Stuttgart,134,2,Mainz,2950,1,STATUS_FULL_TIME,MHPArena,2025-2026,0,10,26,2025
746791,2025-10-31 19:30:00+00:00,Borussia Dortmund at FC Augsburg,DOR @ FCA,FC Augsburg,3841,0,Borussia Dortmund,124,1,STATUS_FULL_TIME,WWK Arena,2025-2026,0,10,31,2025
746797,2025-11-01 14:30:00+00:00,Eintracht Frankfurt at 1. FC Heidenheim 1846,SGE @ HDH,1. FC Heidenheim 1846,6418,1,Eintracht Frankfurt,125,1,STATUS_FULL_TIME,Voith-Arena,2025-2026,0,11,1,2025
746794,2025-11-01 14:30:00+00:00,SC Freiburg at 1. FC Union Berlin,SCF @ FCU,1. FC Union Berlin,598,0,SC Freiburg,126,0,STATUS_FULL_TIME,Stadion An der Alten Försterei,2025-2026,0,11,1,2025
746790,2025-11-01 14:30:00+00:00,Werder Bremen at Mainz,SVW @ M05,Mainz,2950,1,Werder Bremen,137,1,STATUS_FULL_TIME,MEWA ARENA,2025-2026,0,11,1,2025
746798,2025-11-01 14:30:00+00:00,VfB Stuttgart at RB Leipzig,VFB @ RBL,RB Leipzig,11420,3,VfB Stuttgart,134,1,STATUS_FULL_TIME,Red Bull Arena,2025-2026,0,11,1,2025
746793,2025-11-01 14:30:00+00:00,Borussia Mönchengladbach at St. Pauli,BMG @ STP,St. Pauli,270,0,Borussia Mönchengladbach,268,4,STATUS_FULL_TIME,Millerntor-Stadion,2025-2026,0,11,1,2025
746792,2025-11-01 17:30:00+00:00,Bayer Leverkusen at Bayern Munich,B04 @ MUN,Bayern Munich,132,3,Bayer Leverkusen,131,0,STATUS_FULL_TIME,Allianz Arena,2025-2026,0,11,1,2025
746796,2025-11-02 14:30:00+00:00,Hamburg SV at FC Cologne,HSV @ KOE,FC Cologne,122,4,Hamburg SV,127,1,STATUS_FULL_TIME,RheinEnergieStadion,2025-2026,0,11,2,2025
746795,2025-11-02 16:30:00+00:00,TSG Hoffenheim at VfL Wolfsburg,TSG @ WOB,VfL Wolfsburg,138,2,TSG Hoffenheim,7911,3,STATUS_FULL_TIME,Volkswagen Arena,2025-2026,0,11,2,2025
746804,2025-11-07 19:30:00+00:00,VfL Wolfsburg at Werder Bremen,WOB @ SVW,Werder Bremen,137,2,VfL Wolfsburg,138,1,STATUS_FULL_TIME,Weserstadion,2025-2026,0,11,7,2025
746806,2025-11-08 14:30:00+00:00,Bayern Munich at 1. FC Union Berlin,MUN @ FCU,1. FC Union Berlin,598,2,Bayern Munich,132,2,STATUS_FULL_TIME,Stadion An der Alten Försterei,2025-2026,0,11,8,2025
746799,2025-11-08 14:30:00+00:00,1. FC Heidenheim 1846 at Bayer Leverkusen,HDH @ B04,Bayer Leverkusen,131,6,1. FC Heidenheim 1846,6418,0,STATUS_FULL_TIME,BayArena,2025-2026,0,11,8,2025
746807,2025-11-08 14:30:00+00:00,Borussia Dortmund at Hamburg SV,DOR @ HSV,Hamburg SV,127,1,Borussia Dortmund,124,1,STATUS_FULL_TIME,Volksparkstadion,2025-2026,0,11,8,2025
746805,2025-11-08 14:30:00+00:00,RB Leipzig at TSG Hoffenheim,RBL @ TSG,TSG Hoffenheim,7911,3,RB Leipzig,11420,1,STATUS_FULL_TIME,PreZero Arena,2025-2026,0,11,8,2025
746800,2025-11-08 17:30:00+00:00,FC Cologne at Borussia Mönchengladbach,KOE @ BMG,Borussia Mönchengladbach,268,3,FC Cologne,122,1,STATUS_FULL_TIME,BORUSSIA-PARK,2025-2026,0,11,8,2025
746803,2025-11-09 14:30:00+00:00,St. Pauli at SC Freiburg,STP @ SCF,SC Freiburg,126,2,St. Pauli,270,1,STATUS_FULL_TIME,Europa-Park Stadion,2025-2026,0,11,9,2025
746802,2025-11-09 16:30:00+00:00,FC Augsburg at VfB Stuttgart,FCA @ VFB,VfB Stuttgart,134,3,FC Augsburg,3841,2,STATUS_FULL_TIME,MHPArena,2025-2026,0,11,9,2025
746801,2025-11-09 18:30:00+00:00,Mainz at Eintracht Frankfurt,M05 @ SGE,Eintracht Frankfurt,125,1,Mainz,2950,0,STATUS_FULL_TIME,Deutsche Bank Park,2025-2026,0,11,9,2025
746816,2025-11-21 19:30:00+00:00,TSG Hoffenheim at Mainz,TSG @ M05,Mainz,2950,1,TSG Hoffenheim,7911,1,STATUS_FULL_TIME,MEWA ARENA,2025-2026,0,11,21,2025
746808,2025-11-22 14:30:00+00:00,Borussia Mönchengladbach at 1. FC Heidenheim 1846,BMG @ HDH,1. FC Heidenheim 1846,6418,0,Borussia Mönchengladbach,268,3,STATUS_FULL_TIME,Voith-Arena,2025-2026,0,11,22,2025
746813,2025-11-22 14:30:00+00:00,SC Freiburg at Bayern Munich,SCF @ MUN,Bayern Munich,132,6,SC Freiburg,126,2,STATUS_FULL_TIME,Allianz Arena,2025-2026,0,11,22,2025
746815,2025-11-22 14:30:00+00:00,VfB Stuttgart at Borussia Dortmund,VFB @ DOR,Borussia Dortmund,124,3,VfB Stuttgart,134,3,STATUS_FULL_TIME,Signal Iduna Park,2025-2026,0,11,22,2025
746814,2025-11-22 14:30:00+00:00,Hamburg SV at FC Augsburg,HSV @ FCA,FC Augsburg,3841,1,Hamburg SV,127,0,STATUS_FULL_TIME,WWK Arena,2025-2026,0,11,22,2025
746810,2025-11-22 14:30:00+00:00,Bayer Leverkusen at VfL Wolfsburg,B04 @ WOB,VfL Wolfsburg,138,1,Bayer Leverkusen,131,3,STATUS_FULL_TIME,Volkswagen Arena,2025-2026,0,11,22,2025
746809,2025-11-22 17:30:00+00:00,Eintracht Frankfurt at FC Cologne,SGE @ KOE,FC Cologne,122,3,Eintracht Frankfurt,125,4,STATUS_FULL_TIME,RheinEnergieStadion,2025-2026,0,11,22,2025
746811,2025-11-23 14:30:00+00:00,Werder Bremen at RB Leipzig,SVW @ RBL,RB Leipzig,11420,2,Werder Bremen,137,0,STATUS_FULL_TIME,Red Bull Arena,2025-2026,0,11,23,2025
746812,2025-11-23 16:30:00+00:00,1. FC Union Berlin at St. Pauli,FCU @ STP,St. Pauli,270,0,1. FC Union Berlin,598,1,STATUS_FULL_TIME,Millerntor-Stadion,2025-2026,0,11,23,2025
746817,2025-11-28 19:30:00+00:00,RB Leipzig at Borussia Mönchengladbach,RBL @ BMG,Borussia Mönchengladbach,268,0,RB Leipzig,11420,0,STATUS_FULL_TIME,BORUSSIA-PARK,2025-2026,0,11,28,2025
746823,2025-11-29 14:30:00+00:00,1. FC Heidenheim 1846 at 1. FC Union Berlin,HDH @ FCU,1. FC Union Berlin,598,1,1. FC Heidenheim 1846,6418,2,STATUS_FULL_TIME,Stadion An der Alten Försterei,2025-2026,0,11,29,2025
746818,2025-11-29 14:30:00+00:00,St. Pauli at Bayern Munich,STP @ MUN,Bayern Munich,132,3,St. Pauli,270,1,STATUS_FULL_TIME,Allianz Arena,2025-2026,0,11,29,2025
746821,2025-11-29 14:30:00+00:00,FC Augsburg at TSG Hoffenheim,FCA @ TSG,TSG Hoffenheim,7911,3,FC Augsburg,3841,0,STATUS_FULL_TIME,PreZero Arena,2025-2026,0,11,29,2025
746820,2025-11-29 14:30:00+00:00,FC Cologne at Werder Bremen,KOE @ SVW,Werder Bremen,137,1,FC Cologne,122,1,STATUS_FULL_TIME,Weserstadion,2025-2026,0,11,29,2025
746824,2025-11-29 17:30:00+00:00,Borussia Dortmund at Bayer Leverkusen,DOR @ B04,Bayer Leverkusen,131,1,Borussia Dortmund,124,2,STATUS_FULL_TIME,BayArena,2025-2026,0,11,29,2025
746825,2025-11-30 14:30:00+00:00,VfB Stuttgart at Hamburg SV,VFB @ HSV,Hamburg SV,127,2,VfB Stuttgart,134,1,STATUS_FULL_TIME,Volksparkstadion,2025-2026,0,11,30,2025
746822,2025-11-30 16:30:00+00:00,VfL Wolfsburg at Eintracht Frankfurt,WOB @ SGE,Eintracht Frankfurt,125,1,VfL Wolfsburg,138,1,STATUS_FULL_TIME,Deutsche Bank Park,2025-2026,0,11,30,2025
746819,2025-11-30 18:30:00+00:00,Mainz at SC Freiburg,M05 @ SCF,SC Freiburg,126,4,Mainz,2950,0,STATUS_FULL_TIME,Europa-Park Stadion,2025-2026,0,11,30,2025
746832,2025-12-05 19:30:00+00:00,Borussia Mönchengladbach at Mainz,BMG @ M05,Mainz,2950,0,Borussia Mönchengladbach,268,1,STATUS_FULL_TIME,MEWA ARENA,2025-2026,0,12,5,2025
746830,2025-12-06 14:30:00+00:00,SC Freiburg at 1. FC Heidenheim 1846,SCF @ HDH,1. FC Heidenheim 1846,6418,2,SC Freiburg,126,1,STATUS_FULL_TIME,Voith-Arena,2025-2026,0,12,6,2025
746834,2025-12-06 14:30:00+00:00,Bayer Leverkusen at FC Augsburg,B04 @ FCA,FC Augsburg,3841,2,Bayer Leverkusen,131,0,STATUS_FULL_TIME,WWK Arena,2025-2026,0,12,6,2025
746833,2025-12-06 14:30:00+00:00,St. Pauli at FC Cologne,STP @ KOE,FC Cologne,122,1,St. Pauli,270,1,STATUS_FULL_TIME,RheinEnergieStadion,2025-2026,0,12,6,2025
746828,2025-12-06 14:30:00+00:00,Bayern Munich at VfB Stuttgart,MUN @ VFB,VfB Stuttgart,134,0,Bayern Munich,132,5,STATUS_FULL_TIME,MHPArena,2025-2026,0,12,6,2025
746827,2025-12-06 14:30:00+00:00,1. FC Union Berlin at VfL Wolfsburg,FCU @ WOB,VfL Wolfsburg,138,3,1. FC Union Berlin,598,1,STATUS_FULL_TIME,Volkswagen Arena,2025-2026,0,12,6,2025
746829,2025-12-06 17:30:00+00:00,Eintracht Frankfurt at RB Leipzig,SGE @ RBL,RB Leipzig,11420,6,Eintracht Frankfurt,125,0,STATUS_FULL_TIME,Red Bull Arena,2025-2026,0,12,6,2025
746826,2025-12-07 14:30:00+00:00,Werder Bremen at Hamburg SV,SVW @ HSV,Hamburg SV,127,3,Werder Bremen,137,2,STATUS_FULL_TIME,Volksparkstadion,2025-2026,0,12,7,2025
746831,2025-12-07 16:30:00+00:00,TSG Hoffenheim at Borussia Dortmund,TSG @ DOR,Borussia Dortmund,124,2,TSG Hoffenheim,7911,0,STATUS_FULL_TIME,Signal Iduna Park,2025-2026,0,12,7,2025
746838,2025-12-12 19:30:00+00:00,RB Leipzig at 1. FC Union Berlin,RBL @ FCU,1. FC Union Berlin,598,3,RB Leipzig,11420,1,STATUS_FULL_TIME,Stadion An der Alten Försterei,2025-2026,0,12,12,2025
746836,2025-12-13 14:30:00+00:00,VfL Wolfsburg at Borussia Mönchengladbach,WOB @ BMG,Borussia Mönchengladbach,268,1,VfL Wolfsburg,138,3,STATUS_FULL_TIME,BORUSSIA-PARK,2025-2026,0,12,13,2025
746841,2025-12-13 14:30:00+00:00,FC Augsburg at Eintracht Frankfurt,FCA @ SGE,Eintracht Frankfurt,125,1,FC Augsburg,3841,0,STATUS_FULL_TIME,Deutsche Bank Park,2025-2026,0,12,13,2025
746835,2025-12-13 14:30:00+00:00,1. FC Heidenheim 1846 at St. Pauli,HDH @ STP,St. Pauli,270,2,1. FC Heidenheim 1846,6418,1,STATUS_FULL_TIME,Millerntor-Stadion,2025-2026,0,12,13,2025
746839,2025-12-13 14:30:00+00:00,Hamburg SV at TSG Hoffenheim,HSV @ TSG,TSG Hoffenheim,7911,4,Hamburg SV,127,1,STATUS_FULL_TIME,PreZero Arena,2025-2026,0,12,13,2025
746837,2025-12-13 17:30:00+00:00,FC Cologne at Bayer Leverkusen,KOE @ B04,Bayer Leverkusen,131,2,FC Cologne,122,0,STATUS_FULL_TIME,BayArena,2025-2026,0,12,13,2025
746842,2025-12-14 14:30:00+00:00,Borussia Dortmund at SC Freiburg,DOR @ SCF,SC Freiburg,126,1,Borussia Dortmund,124,1,STATUS_FULL_TIME,Europa-Park Stadion,2025-2026,0,12,14,2025
746840,2025-12-14 16:30:00+00:00,Mainz at Bayern Munich,M05 @ MUN,Bayern Munich,132,2,Mainz,2950,2,STATUS_FULL_TIME,Allianz Arena,2025-2026,0,12,14,2025
746843,2025-12-14 18:30:00+00:00,VfB Stuttgart at Werder Bremen,VFB @ SVW,Werder Bremen,137,0,VfB Stuttgart,134,4,STATUS_FULL_TIME,Weserstadion,2025-2026,0,12,14,2025
746848,2025-12-19 19:30:00+00:00,Borussia Mönchengladbach at Borussia Dortmund,BMG @ DOR,Borussia Dortmund,124,2,Borussia Mönchengladbach,268,0,STATUS_FULL_TIME,Signal Iduna Park,2025-2026,0,12,19,2025
746851,2025-12-20 14:30:00+00:00,Werder Bremen at FC Augsburg,SVW @ FCA,FC Augsburg,3841,0,Werder Bremen,137,0,STATUS_FULL_TIME,WWK Arena,2025-2026,0,12,20,2025
746850,2025-12-20 14:30:00+00:00,SC Freiburg at VfL Wolfsburg,SCF @ WOB,VfL Wolfsburg,138,3,SC Freiburg,126,4,STATUS_FULL_TIME,Volkswagen Arena,2025-2026,0,12,20,2025
746847,2025-12-20 14:30:00+00:00,1. FC Union Berlin at FC Cologne,FCU @ KOE,FC Cologne,122,0,1. FC Union Berlin,598,1,STATUS_FULL_TIME,RheinEnergieStadion,2025-2026,0,12,20,2025
746844,2025-12-20 14:30:00+00:00,TSG Hoffenheim at VfB Stuttgart,TSG @ VFB,VfB Stuttgart,134,0,TSG Hoffenheim,7911,0,STATUS_FULL_TIME,MHPArena,2025-2026,0,12,20,2025
746852,2025-12-20 14:30:00+00:00,Eintracht Frankfurt at Hamburg SV,SGE @ HSV,Hamburg SV,127,1,Eintracht Frankfurt,125,1,STATUS_FULL_TIME,Volksparkstadion,2025-2026,0,12,20,2025
746845,2025-12-20 17:30:00+00:00,Bayer Leverkusen at RB Leipzig,B04 @ RBL,RB Leipzig,11420,1,Bayer Leverkusen,131,3,STATUS_FULL_TIME,Red Bull Arena,2025-2026,0,12,20,2025
746849,2025-12-21 14:30:00+00:00,St. Pauli at Mainz,STP @ M05,Mainz,2950,0,St. Pauli,270,0,STATUS_FULL_TIME,MEWA ARENA,2025-2026,0,12,21,2025
746846,2025-12-21 16:30:00+00:00,Bayern Munich at 1. FC Heidenheim 1846,MUN @ HDH,1. FC Heidenheim 1846,6418,0,Bayern Munich,132,4,STATUS_FULL_TIME,Voith-Arena,2025-2026,0,12,21,2025
746859,2026-01-09 19:30:00+00:00,Borussia Dortmund at Eintracht Frankfurt,DOR @ SGE,Eintracht Frankfurt,125,3,Borussia Dortmund,124,3,STATUS_FULL_TIME,Deutsche Bank Park,2025-2026,0,1,9,2026
746853,2026-01-10 14:30:00+00:00,FC Cologne at 1. FC Heidenheim 1846,KOE @ HDH,1. FC Heidenheim 1846,6418,2,FC Cologne,122,2,STATUS_FULL_TIME,Voith-Arena,2025-2026,0,1,10,2026
746856,2026-01-10 14:30:00+00:00,Mainz at 1. FC Union Berlin,M05 @ FCU,1. FC Union Berlin,598,2,Mainz,2950,2,STATUS_FULL_TIME,Stadion An der Alten Försterei,2025-2026,0,1,10,2026
746854,2026-01-10 14:30:00+00:00,Hamburg SV at SC Freiburg,HSV @ SCF,SC Freiburg,126,2,Hamburg SV,127,1,STATUS_FULL_TIME,Europa-Park Stadion,2025-2026,0,1,10,2026
746861,2026-01-10 17:30:00+00:00,VfB Stuttgart at Bayer Leverkusen,VFB @ B04,Bayer Leverkusen,131,1,VfB Stuttgart,134,4,STATUS_FULL_TIME,BayArena,2025-2026,0,1,10,2026
746860,2026-01-11 14:30:00+00:00,FC Augsburg at Borussia Mönchengladbach,FCA @ BMG,Borussia Mönchengladbach,268,4,FC Augsburg,3841,0,STATUS_FULL_TIME,BORUSSIA-PARK,2025-2026,0,1,11,2026
746858,2026-01-11 16:30:00+00:00,VfL Wolfsburg at Bayern Munich,WOB @ MUN,Bayern Munich,132,8,VfL Wolfsburg,138,1,STATUS_FULL_TIME,Allianz Arena,2025-2026,0,1,11,2026
746863,2026-01-13 17:30:00+00:00,Eintracht Frankfurt at VfB Stuttgart,SGE @ VFB,VfB Stuttgart,134,3,Eintracht Frankfurt,125,2,STATUS_FULL_TIME,MHPArena,2025-2026,0,1,13,2026
746868,2026-01-13 19:30:00+00:00,Werder Bremen at Borussia Dortmund,SVW @ DOR,Borussia Dortmund,124,3,Werder Bremen,137,0,STATUS_FULL_TIME,Signal Iduna Park,2025-2026,0,1,13,2026
746869,2026-01-13 19:30:00+00:00,1. FC Heidenheim 1846 at Mainz,HDH @ M05,Mainz,2950,2,1. FC Heidenheim 1846,6418,1,STATUS_FULL_TIME,MEWA ARENA,2025-2026,0,1,13,2026
746870,2026-01-14 17:30:00+00:00,St. Pauli at VfL Wolfsburg,STP @ WOB,VfL Wolfsburg,138,2,St. Pauli,270,1,STATUS_FULL_TIME,Volkswagen Arena,2025-2026,0,1,14,2026
746864,2026-01-14 19:30:00+00:00,Bayern Munich at FC Cologne,MUN @ KOE,FC Cologne,122,1,Bayern Munich,132,3,STATUS_FULL_TIME,RheinEnergieStadion,2025-2026,0,1,14,2026
746865,2026-01-14 19:30:00+00:00,SC Freiburg at RB Leipzig,SCF @ RBL,RB Leipzig,11420,2,SC Freiburg,126,0,STATUS_FULL_TIME,Red Bull Arena,2025-2026,0,1,14,2026
746862,2026-01-14 19:30:00+00:00,Borussia Mönchengladbach at TSG Hoffenheim,BMG @ TSG,TSG Hoffenheim,7911,5,Borussia Mönchengladbach,268,1,STATUS_FULL_TIME,PreZero Arena,2025-2026,0,1,14,2026
746867,2026-01-15 19:30:00+00:00,1. FC Union Berlin at FC Augsburg,FCU @ FCA,FC Augsburg,3841,1,1. FC Union Berlin,598,1,STATUS_FULL_TIME,WWK Arena,2025-2026,0,1,15,2026
746872,2026-01-16 19:30:00+00:00,Eintracht Frankfurt at Werder Bremen,SGE @ SVW,Werder Bremen,137,3,Eintracht Frankfurt,125,3,STATUS_FULL_TIME,Weserstadion,2025-2026,0,1,16,2026
746878,2026-01-17 14:30:00+00:00,St. Pauli at Borussia Dortmund,STP @ DOR,Borussia Dortmund,124,3,St. Pauli,270,2,STATUS_FULL_TIME,Signal Iduna Park,2025-2026,0,1,17,2026
746879,2026-01-17 14:30:00+00:00,Mainz at FC Cologne,M05 @ KOE,FC Cologne,122,2,Mainz,2950,1,STATUS_FULL_TIME,RheinEnergieStadion,2025-2026,0,1,17,2026
746876,2026-01-17 14:30:00+00:00,Borussia Mönchengladbach at Hamburg SV,BMG @ HSV,Hamburg SV,127,0,Borussia Mönchengladbach,268,0,STATUS_FULL_TIME,Volksparkstadion,2025-2026,0,1,17,2026
746873,2026-01-17 14:30:00+00:00,Bayer Leverkusen at TSG Hoffenheim,B04 @ TSG,TSG Hoffenheim,7911,1,Bayer Leverkusen,131,0,STATUS_FULL_TIME,PreZero Arena,2025-2026,0,1,17,2026
746871,2026-01-17 14:30:00+00:00,1. FC Heidenheim 1846 at VfL Wolfsburg,HDH @ WOB,VfL Wolfsburg,138,1,1. FC Heidenheim 1846,6418,1,STATUS_FULL_TIME,Volkswagen Arena,2025-2026,0,1,17,2026
746875,2026-01-17 17:30:00+00:00,Bayern Munich at RB Leipzig,MUN @ RBL,RB Leipzig,11420,1,Bayern Munich,132,5,STATUS_FULL_TIME,Red Bull Arena,2025-2026,0,1,17,2026
746874,2026-01-18 14:30:00+00:00,1. FC Union Berlin at VfB Stuttgart,FCU @ VFB,VfB Stuttgart,134,1,1. FC Union Berlin,598,1,STATUS_FULL_TIME,MHPArena,2025-2026,0,1,18,2026
746877,2026-01-18 16:30:00+00:00,SC Freiburg at FC Augsburg,SCF @ FCA,FC Augsburg,3841,2,SC Freiburg,126,2,STATUS_FULL_TIME,WWK Arena,2025-2026,0,1,18,2026
746884,2026-01-23 19:30:00+00:00,Hamburg SV at St. Pauli,HSV @ STP,St. Pauli,270,0,Hamburg SV,127,0,STATUS_FULL_TIME,Millerntor-Stadion,2025-2026,0,1,23,2026
746885,2026-01-24 14:30:00+00:00,RB Leipzig at 1. FC Heidenheim 1846,RBL @ HDH,1. FC Heidenheim 1846,6418,0,RB Leipzig,11420,3,STATUS_FULL_TIME,Voith-Arena,2025-2026,0,1,24,2026
746883,2026-01-24 14:30:00+00:00,Werder Bremen at Bayer Leverkusen,SVW @ B04,Bayer Leverkusen,131,1,Werder Bremen,137,0,STATUS_FULL_TIME,BayArena,2025-2026,0,1,24,2026
746880,2026-01-24 14:30:00+00:00,FC Augsburg at Bayern Munich,FCA @ MUN,Bayern Munich,132,1,FC Augsburg,3841,2,STATUS_FULL_TIME,Allianz Arena,2025-2026,0,1,24,2026
746881,2026-01-24 14:30:00+00:00,TSG Hoffenheim at Eintracht Frankfurt,TSG @ SGE,Eintracht Frankfurt,125,1,TSG Hoffenheim,7911,3,STATUS_FULL_TIME,Deutsche Bank Park,2025-2026,0,1,24,2026
746888,2026-01-24 14:30:00+00:00,VfL Wolfsburg at Mainz,WOB @ M05,Mainz,2950,3,VfL Wolfsburg,138,1,STATUS_FULL_TIME,MEWA ARENA,2025-2026,0,1,24,2026
746886,2026-01-24 17:30:00+00:00,Borussia Dortmund at 1. FC Union Berlin,DOR @ FCU,1. FC Union Berlin,598,0,Borussia Dortmund,124,3,STATUS_FULL_TIME,Stadion An der Alten Försterei,2025-2026,0,1,24,2026
746882,2026-01-25 14:30:00+00:00,VfB Stuttgart at Borussia Mönchengladbach,VFB @ BMG,Borussia Mönchengladbach,268,0,VfB Stuttgart,134,3,STATUS_FULL_TIME,BORUSSIA-PARK,2025-2026,0,1,25,2026
746887,2026-01-25 16:30:00+00:00,FC Cologne at SC Freiburg,KOE @ SCF,SC Freiburg,126,2,FC Cologne,122,1,STATUS_FULL_TIME,Europa-Park Stadion,2025-2026,0,1,25,2026
746857,2026-01-27 19:30:00+00:00,RB Leipzig at St. Pauli,RBL @ STP,St. Pauli,270,1,RB Leipzig,11420,1,STATUS_FULL_TIME,Millerntor-Stadion,2025-2026,0,1,27,2026
746855,2026-01-27 19:30:00+00:00,TSG Hoffenheim at Werder Bremen,TSG @ SVW,Werder Bremen,137,0,TSG Hoffenheim,7911,2,STATUS_FULL_TIME,Weserstadion,2025-2026,0,1,27,2026
746894,2026-01-30 19:30:00+00:00,VfL Wolfsburg at FC Cologne,WOB @ KOE,FC Cologne,122,1,VfL Wolfsburg,138,0,STATUS_FULL_TIME,RheinEnergieStadion,2025-2026,0,1,30,2026
746890,2026-01-31 14:30:00+00:00,Bayer Leverkusen at Eintracht Frankfurt,B04 @ SGE,Eintracht Frankfurt,125,1,Bayer Leverkusen,131,3,STATUS_FULL_TIME,Deutsche Bank Park,2025-2026,0,1,31,2026
746891,2026-01-31 14:30:00+00:00,St. Pauli at FC Augsburg,STP @ FCA,FC Augsburg,3841,2,St. Pauli,270,1,STATUS_FULL_TIME,WWK Arena,2025-2026,0,1,31,2026
746893,2026-01-31 14:30:00+00:00,Mainz at RB Leipzig,M05 @ RBL,RB Leipzig,11420,1,Mainz,2950,2,STATUS_FULL_TIME,Red Bull Arena,2025-2026,0,1,31,2026
746897,2026-01-31 14:30:00+00:00,1. FC Union Berlin at TSG Hoffenheim,FCU @ TSG,TSG Hoffenheim,7911,3,1. FC Union Berlin,598,1,STATUS_FULL_TIME,PreZero Arena,2025-2026,0,1,31,2026
746896,2026-01-31 14:30:00+00:00,Borussia Mönchengladbach at Werder Bremen,BMG @ SVW,Werder Bremen,137,1,Borussia Mönchengladbach,268,1,STATUS_FULL_TIME,Weserstadion,2025-2026,0,1,31,2026
746895,2026-01-31 17:30:00+00:00,Bayern Munich at Hamburg SV,MUN @ HSV,Hamburg SV,127,2,Bayern Munich,132,2,STATUS_FULL_TIME,Volksparkstadion,2025-2026,0,1,31,2026
746892,2026-02-01 14:30:00+00:00,SC Freiburg at VfB Stuttgart,SCF @ VFB,VfB Stuttgart,134,1,SC Freiburg,126,0,STATUS_FULL_TIME,MHPArena,2025-2026,0,2,1,2026
746889,2026-02-01 16:30:00+00:00,1. FC Heidenheim 1846 at Borussia Dortmund,HDH @ DOR,Borussia Dortmund,124,3,1. FC Heidenheim 1846,6418,2,STATUS_FULL_TIME,Signal Iduna Park,2025-2026,0,2,1,2026
746900,2026-02-06 19:30:00+00:00,Eintracht Frankfurt at 1. FC Union Berlin,SGE @ FCU,1. FC Union Berlin,598,1,Eintracht Frankfurt,125,1,STATUS_FULL_TIME,Stadion An der Alten Försterei,2025-2026,0,2,6,2026
746898,2026-02-07 14:30:00+00:00,Hamburg SV at 1. FC Heidenheim 1846,HSV @ HDH,1. FC Heidenheim 1846,6418,0,Hamburg SV,127,2,STATUS_FULL_TIME,Voith-Arena,2025-2026,0,2,7,2026
746902,2026-02-07 14:30:00+00:00,FC Augsburg at Mainz,FCA @ M05,Mainz,2950,2,FC Augsburg,3841,0,STATUS_FULL_TIME,MEWA ARENA,2025-2026,0,2,7,2026
746905,2026-02-07 14:30:00+00:00,Werder Bremen at SC Freiburg,SVW @ SCF,SC Freiburg,126,1,Werder Bremen,137,0,STATUS_FULL_TIME,Europa-Park Stadion,2025-2026,0,2,7,2026
746904,2026-02-07 14:30:00+00:00,VfB Stuttgart at St. Pauli,VFB @ STP,St. Pauli,270,2,VfB Stuttgart,134,1,STATUS_FULL_TIME,Millerntor-Stadion,2025-2026,0,2,7,2026
746901,2026-02-07 14:30:00+00:00,Borussia Dortmund at VfL Wolfsburg,DOR @ WOB,VfL Wolfsburg,138,1,Borussia Dortmund,124,2,STATUS_FULL_TIME,Volkswagen Arena,2025-2026,0,2,7,2026
746906,2026-02-07 17:30:00+00:00,Bayer Leverkusen at Borussia Mönchengladbach,B04 @ BMG,Borussia Mönchengladbach,268,1,Bayer Leverkusen,131,1,STATUS_FULL_TIME,BORUSSIA-PARK,2025-2026,0,2,7,2026
746899,2026-02-08 14:30:00+00:00,RB Leipzig at FC Cologne,RBL @ KOE,FC Cologne,122,1,RB Leipzig,11420,2,STATUS_FULL_TIME,RheinEnergieStadion,2025-2026,0,2,8,2026
746903,2026-02-08 16:30:00+00:00,TSG Hoffenheim at Bayern Munich,TSG @ MUN,Bayern Munich,132,5,TSG Hoffenheim,7911,1,STATUS_FULL_TIME,Allianz Arena,2025-2026,0,2,8,2026
746908,2026-02-13 19:30:00+00:00,Mainz at Borussia Dortmund,M05 @ DOR,Borussia Dortmund,124,4,Mainz,2950,0,STATUS_FULL_TIME,Signal Iduna Park,2025-2026,0,2,13,2026
746907,2026-02-14 14:30:00+00:00,St. Pauli at Bayer Leverkusen,STP @ B04,Bayer Leverkusen,131,4,St. Pauli,270,0,STATUS_FULL_TIME,BayArena,2025-2026,0,2,14,2026
746909,2026-02-14 14:30:00+00:00,Borussia Mönchengladbach at Eintracht Frankfurt,BMG @ SGE,Eintracht Frankfurt,125,3,Borussia Mönchengladbach,268,0,STATUS_FULL_TIME,Deutsche Bank Park,2025-2026,0,2,14,2026
746911,2026-02-14 14:30:00+00:00,1. FC Union Berlin at Hamburg SV,FCU @ HSV,Hamburg SV,127,3,1. FC Union Berlin,598,2,STATUS_FULL_TIME,Volksparkstadion,2025-2026,0,2,14,2026
746914,2026-02-14 14:30:00+00:00,SC Freiburg at TSG Hoffenheim,SCF @ TSG,TSG Hoffenheim,7911,3,SC Freiburg,126,0,STATUS_FULL_TIME,PreZero Arena,2025-2026,0,2,14,2026
746913,2026-02-14 14:30:00+00:00,Bayern Munich at Werder Bremen,MUN @ SVW,Werder Bremen,137,0,Bayern Munich,132,3,STATUS_FULL_TIME,Weserstadion,2025-2026,0,2,14,2026
746915,2026-02-14 17:30:00+00:00,FC Cologne at VfB Stuttgart,KOE @ VFB,VfB Stuttgart,134,3,FC Cologne,122,1,STATUS_FULL_TIME,MHPArena,2025-2026,0,2,14,2026
746910,2026-02-15 14:30:00+00:00,1. FC Heidenheim 1846 at FC Augsburg,HDH @ FCA,FC Augsburg,3841,1,1. FC Heidenheim 1846,6418,0,STATUS_FULL_TIME,WWK Arena,2025-2026,0,2,15,2026
746912,2026-02-15 16:30:00+00:00,VfL Wolfsburg at RB Leipzig,WOB @ RBL,RB Leipzig,11420,2,VfL Wolfsburg,138,2,STATUS_FULL_TIME,Red Bull Arena,2025-2026,0,2,15,2026
746919,2026-02-20 19:40:00+00:00,Hamburg SV at Mainz,HSV @ M05,Mainz,2950,1,Hamburg SV,127,1,STATUS_FULL_TIME,MEWA ARENA,2025-2026,0,2,20,2026
746918,2026-02-21 14:30:00+00:00,Bayer Leverkusen at 1. FC Union Berlin,B04 @ FCU,1. FC Union Berlin,598,1,Bayer Leverkusen,131,0,STATUS_FULL_TIME,Stadion An der Alten Försterei,2025-2026,0,2,21,2026
746920,2026-02-21 14:30:00+00:00,Eintracht Frankfurt at Bayern Munich,SGE @ MUN,Bayern Munich,132,3,Eintracht Frankfurt,125,2,STATUS_FULL_TIME,Allianz Arena,2025-2026,0,2,21,2026
746917,2026-02-21 14:30:00+00:00,TSG Hoffenheim at FC Cologne,TSG @ KOE,FC Cologne,122,2,TSG Hoffenheim,7911,2,STATUS_FULL_TIME,RheinEnergieStadion,2025-2026,0,2,21,2026
746924,2026-02-21 14:30:00+00:00,FC Augsburg at VfL Wolfsburg,FCA @ WOB,VfL Wolfsburg,138,2,FC Augsburg,3841,3,STATUS_FULL_TIME,Volkswagen Arena,2025-2026,0,2,21,2026
746922,2026-02-21 17:30:00+00:00,Borussia Dortmund at RB Leipzig,DOR @ RBL,RB Leipzig,11420,2,Borussia Dortmund,124,2,STATUS_FULL_TIME,Red Bull Arena,2025-2026,0,2,21,2026
746923,2026-02-22 14:30:00+00:00,Borussia Mönchengladbach at SC Freiburg,BMG @ SCF,SC Freiburg,126,2,Borussia Mönchengladbach,268,1,STATUS_FULL_TIME,Europa-Park Stadion,2025-2026,0,2,22,2026
746921,2026-02-22 16:30:00+00:00,Werder Bremen at St. Pauli,SVW @ STP,St. Pauli,270,2,Werder Bremen,137,1,STATUS_FULL_TIME,Millerntor-Stadion,2025-2026,0,2,22,2026
746916,2026-02-22 18:30:00+00:00,VfB Stuttgart at 1. FC Heidenheim 1846,VFB @ HDH,1. FC Heidenheim 1846,6418,3,VfB Stuttgart,134,3,STATUS_FULL_TIME,Voith-Arena,2025-2026,0,2,22,2026
746929,2026-02-27 19:30:00+00:00,FC Cologne at FC Augsburg,KOE @ FCA,FC Augsburg,3841,2,FC Cologne,122,0,STATUS_FULL_TIME,WWK Arena,2025-2026,0,2,27,2026
746925,2026-02-28 14:30:00+00:00,Mainz at Bayer Leverkusen,M05 @ B04,Bayer Leverkusen,131,1,Mainz,2950,1,STATUS_FULL_TIME,BayArena,2025-2026,0,2,28,2026
746927,2026-02-28 14:30:00+00:00,1. FC Union Berlin at Borussia Mönchengladbach,FCU @ BMG,Borussia Mönchengladbach,268,1,1. FC Union Berlin,598,0,STATUS_FULL_TIME,BORUSSIA-PARK,2025-2026,0,2,28,2026
746932,2026-02-28 14:30:00+00:00,St. Pauli at TSG Hoffenheim,STP @ TSG,TSG Hoffenheim,7911,0,St. Pauli,270,1,STATUS_FULL_TIME,PreZero Arena,2025-2026,0,2,28,2026
746931,2026-02-28 14:30:00+00:00,1. FC Heidenheim 1846 at Werder Bremen,HDH @ SVW,Werder Bremen,137,2,1. FC Heidenheim 1846,6418,0,STATUS_FULL_TIME,Weserstadion,2025-2026,0,2,28,2026
746926,2026-02-28 17:30:00+00:00,Bayern Munich at Borussia Dortmund,MUN @ DOR,Borussia Dortmund,124,2,Bayern Munich,132,3,STATUS_FULL_TIME,Signal Iduna Park,2025-2026,0,2,28,2026
746933,2026-03-01 14:30:00+00:00,VfL Wolfsburg at VfB Stuttgart,WOB @ VFB,VfB Stuttgart,134,4,VfL Wolfsburg,138,0,STATUS_FULL_TIME,MHPArena,2025-2026,0,3,1,2026
746928,2026-03-01 16:30:00+00:00,SC Freiburg at Eintracht Frankfurt,SCF @ SGE,Eintracht Frankfurt,125,2,SC Freiburg,126,0,STATUS_FULL_TIME,Deutsche Bank Park,2025-2026,0,3,1,2026
746930,2026-03-01 18:30:00+00:00,RB Leipzig at Hamburg SV,RBL @ HSV,Hamburg SV,127,1,RB Leipzig,11420,2,STATUS_FULL_TIME,Volksparkstadion,2025-2026,0,3,1,2026
746866,2026-03-04 19:30:00+00:00,Bayer Leverkusen at Hamburg SV,B04 @ HSV,Hamburg SV,127,0,Bayer Leverkusen,131,1,STATUS_FULL_TIME,Volksparkstadion,2025-2026,0,3,4,2026
746935,2026-03-06 19:30:00+00:00,Borussia Mönchengladbach at Bayern Munich,BMG @ MUN,Bayern Munich,132,4,Borussia Mönchengladbach,268,1,STATUS_FULL_TIME,Allianz Arena,2025-2026,0,3,6,2026
746939,2026-03-07 14:30:00+00:00,TSG Hoffenheim at 1. FC Heidenheim 1846,TSG @ HDH,1. FC Heidenheim 1846,6418,2,TSG Hoffenheim,7911,4,STATUS_FULL_TIME,Voith-Arena,2025-2026,0,3,7,2026
746936,2026-03-07 14:30:00+00:00,VfB Stuttgart at Mainz,VFB @ M05,Mainz,2950,2,VfB Stuttgart,134,2,STATUS_FULL_TIME,MEWA ARENA,2025-2026,0,3,7,2026
746942,2026-03-07 14:30:00+00:00,FC Augsburg at RB Leipzig,FCA @ RBL,RB Leipzig,11420,2,FC Augsburg,3841,1,STATUS_FULL_TIME,Red Bull Arena,2025-2026,0,3,7,2026
746934,2026-03-07 14:30:00+00:00,Bayer Leverkusen at SC Freiburg,B04 @ SCF,SC Freiburg,126,3,Bayer Leverkusen,131,3,STATUS_FULL_TIME,Europa-Park Stadion,2025-2026,0,3,7,2026
746940,2026-03-07 14:30:00+00:00,Hamburg SV at VfL Wolfsburg,HSV @ WOB,VfL Wolfsburg,138,1,Hamburg SV,127,2,STATUS_FULL_TIME,Volkswagen Arena,2025-2026,0,3,7,2026
746938,2026-03-07 17:30:00+00:00,Borussia Dortmund at FC Cologne,DOR @ KOE,FC Cologne,122,1,Borussia Dortmund,124,2,STATUS_FULL_TIME,RheinEnergieStadion,2025-2026,0,3,7,2026
746941,2026-03-08 14:30:00+00:00,Eintracht Frankfurt at St. Pauli,SGE @ STP,St. Pauli,270,0,Eintracht Frankfurt,125,0,STATUS_FULL_TIME,Millerntor-Stadion,2025-2026,0,3,8,2026
746937,2026-03-08 16:30:00+00:00,Werder Bremen at 1. FC Union Berlin,SVW @ FCU,1. FC Union Berlin,598,1,Werder Bremen,137,4,STATUS_FULL_TIME,Stadion An der Alten Försterei,2025-2026,0,3,8,2026
746944,2026-03-13 19:30:00+00:00,St. Pauli at Borussia Mönchengladbach,STP @ BMG,Borussia Mönchengladbach,268,2,St. Pauli,270,0,STATUS_FULL_TIME,BORUSSIA-PARK,2025-2026,0,3,13,2026
746950,2026-03-14 14:30:00+00:00,Bayern Munich at Bayer Leverkusen,MUN @ B04,Bayer Leverkusen,131,1,Bayern Munich,132,1,STATUS_FULL_TIME,BayArena,2025-2026,0,3,14,2026
746951,2026-03-14 14:30:00+00:00,FC Augsburg at Borussia Dortmund,FCA @ DOR,Borussia Dortmund,124,2,FC Augsburg,3841,0,STATUS_FULL_TIME,Signal Iduna Park,2025-2026,0,3,14,2026
746943,2026-03-14 14:30:00+00:00,1. FC Heidenheim 1846 at Eintracht Frankfurt,HDH @ SGE,Eintracht Frankfurt,125,1,1. FC Heidenheim 1846,6418,0,STATUS_FULL_TIME,Deutsche Bank Park,2025-2026,0,3,14,2026
746947,2026-03-14 14:30:00+00:00,VfL Wolfsburg at TSG Hoffenheim,WOB @ TSG,TSG Hoffenheim,7911,1,VfL Wolfsburg,138,1,STATUS_FULL_TIME,PreZero Arena,2025-2026,0,3,14,2026
746949,2026-03-14 17:30:00+00:00,FC Cologne at Hamburg SV,KOE @ HSV,Hamburg SV,127,1,FC Cologne,122,1,STATUS_FULL_TIME,Volksparkstadion,2025-2026,0,3,14,2026
746946,2026-03-15 14:30:00+00:00,Mainz at Werder Bremen,M05 @ SVW,Werder Bremen,137,0,Mainz,2950,2,STATUS_FULL_TIME,Weserstadion,2025-2026,0,3,15,2026
746945,2026-03-15 16:30:00+00:00,1. FC Union Berlin at SC Freiburg,FCU @ SCF,SC Freiburg,126,0,1. FC Union Berlin,598,1,STATUS_FULL_TIME,Europa-Park Stadion,2025-2026,0,3,15,2026
746948,2026-03-15 18:30:00+00:00,RB Leipzig at VfB Stuttgart,RBL @ VFB,VfB Stuttgart,134,1,RB Leipzig,11420,0,STATUS_FULL_TIME,MHPArena,2025-2026,0,3,15,2026
746956,2026-03-20 19:30:00+00:00,TSG Hoffenheim at RB Leipzig,TSG @ RBL,RB Leipzig,11420,5,TSG Hoffenheim,7911,0,STATUS_FULL_TIME,Red Bull Arena,2025-2026,0,3,20,2026
746954,2026-03-21 14:30:00+00:00,1. FC Union Berlin at Bayern Munich,FCU @ MUN,Bayern Munich,132,4,1. FC Union Berlin,598,0,STATUS_FULL_TIME,Allianz Arena,2025-2026,0,3,21,2026
746952,2026-03-21 14:30:00+00:00,Bayer Leverkusen at 1. FC Heidenheim 1846,B04 @ HDH,1. FC Heidenheim 1846,6418,3,Bayer Leverkusen,131,3,STATUS_FULL_TIME,Voith-Arena,2025-2026,0,3,21,2026
746960,2026-03-21 14:30:00+00:00,Werder Bremen at VfL Wolfsburg,SVW @ WOB,VfL Wolfsburg,138,0,Werder Bremen,137,1,STATUS_FULL_TIME,Volkswagen Arena,2025-2026,0,3,21,2026
746959,2026-03-21 14:30:00+00:00,Borussia Mönchengladbach at FC Cologne,BMG @ KOE,FC Cologne,122,3,Borussia Mönchengladbach,268,3,STATUS_FULL_TIME,RheinEnergieStadion,2025-2026,0,3,21,2026
746957,2026-03-21 17:30:00+00:00,Hamburg SV at Borussia Dortmund,HSV @ DOR,Borussia Dortmund,124,3,Hamburg SV,127,2,STATUS_FULL_TIME,Signal Iduna Park,2025-2026,0,3,21,2026
746958,2026-03-22 14:30:00+00:00,Eintracht Frankfurt at Mainz,SGE @ M05,Mainz,2950,2,Eintracht Frankfurt,125,1,STATUS_FULL_TIME,MEWA ARENA,2025-2026,0,3,22,2026
746955,2026-03-22 16:30:00+00:00,SC Freiburg at St. Pauli,SCF @ STP,St. Pauli,270,1,SC Freiburg,126,2,STATUS_FULL_TIME,Millerntor-Stadion,2025-2026,0,3,22,2026
746953,2026-03-22 18:30:00+00:00,VfB Stuttgart at FC Augsburg,VFB @ FCA,FC Augsburg,3841,2,VfB Stuttgart,134,5,STATUS_FULL_TIME,WWK Arena,2025-2026,0,3,22,2026
746966,2026-04-04 13:30:00+00:00,Bayern Munich at SC Freiburg,MUN @ SCF,SC Freiburg,126,2,Bayern Munich,132,3,STATUS_FULL_TIME,Europa-Park Stadion,2025-2026,0,4,4,2026
746968,2026-04-04 13:30:00+00:00,Mainz at TSG Hoffenheim,M05 @ TSG,TSG Hoffenheim,7911,1,Mainz,2950,2,STATUS_FULL_TIME,PreZero Arena,2025-2026,0,4,4,2026
746962,2026-04-04 13:30:00+00:00,VfL Wolfsburg at Bayer Leverkusen,WOB @ B04,Bayer Leverkusen,131,6,VfL Wolfsburg,138,3,STATUS_FULL_TIME,BayArena,2025-2026,0,4,4,2026
746963,2026-04-04 13:30:00+00:00,1. FC Heidenheim 1846 at Borussia Mönchengladbach,HDH @ BMG,Borussia Mönchengladbach,268,2,1. FC Heidenheim 1846,6418,2,STATUS_FULL_TIME,BORUSSIA-PARK,2025-2026,0,4,4,2026
746969,2026-04-04 13:30:00+00:00,FC Augsburg at Hamburg SV,FCA @ HSV,Hamburg SV,127,1,FC Augsburg,3841,1,STATUS_FULL_TIME,Volksparkstadion,2025-2026,0,4,4,2026
746967,2026-04-04 13:30:00+00:00,RB Leipzig at Werder Bremen,RBL @ SVW,Werder Bremen,137,1,RB Leipzig,11420,2,STATUS_FULL_TIME,Weserstadion,2025-2026,0,4,4,2026
746964,2026-04-04 16:30:00+00:00,Borussia Dortmund at VfB Stuttgart,DOR @ VFB,VfB Stuttgart,134,0,Borussia Dortmund,124,2,STATUS_FULL_TIME,MHPArena,2025-2026,0,4,4,2026
746961,2026-04-05 13:30:00+00:00,St. Pauli at 1. FC Union Berlin,STP @ FCU,1. FC Union Berlin,598,1,St. Pauli,270,1,STATUS_FULL_TIME,Stadion An der Alten Försterei,2025-2026,0,4,5,2026
746965,2026-04-05 15:30:00+00:00,FC Cologne at Eintracht Frankfurt,KOE @ SGE,Eintracht Frankfurt,125,2,FC Cologne,122,2,STATUS_FULL_TIME,Deutsche Bank Park,2025-2026,0,4,5,2026
746974,2026-04-10 18:30:00+00:00,TSG Hoffenheim at FC Augsburg,TSG @ FCA,FC Augsburg,3841,2,TSG Hoffenheim,7911,2,STATUS_FULL_TIME,WWK Arena,2025-2026,0,4,10,2026
746970,2026-04-11 13:30:00+00:00,1. FC Union Berlin at 1. FC Heidenheim 1846,FCU @ HDH,1. FC Heidenheim 1846,6418,3,1. FC Union Berlin,598,1,STATUS_FULL_TIME,Voith-Arena,2025-2026,0,4,11,2026
746973,2026-04-11 13:30:00+00:00,Bayer Leverkusen at Borussia Dortmund,B04 @ DOR,Borussia Dortmund,124,0,Bayer Leverkusen,131,1,STATUS_FULL_TIME,Signal Iduna Park,2025-2026,0,4,11,2026
746976,2026-04-11 13:30:00+00:00,Borussia Mönchengladbach at RB Leipzig,BMG @ RBL,RB Leipzig,11420,1,Borussia Mönchengladbach,268,0,STATUS_FULL_TIME,Red Bull Arena,2025-2026,0,4,11,2026
746978,2026-04-11 13:30:00+00:00,Eintracht Frankfurt at VfL Wolfsburg,SGE @ WOB,VfL Wolfsburg,138,1,Eintracht Frankfurt,125,2,STATUS_FULL_TIME,Volkswagen Arena,2025-2026,0,4,11,2026
746975,2026-04-11 16:30:00+00:00,Bayern Munich at St. Pauli,MUN @ STP,St. Pauli,270,0,Bayern Munich,132,5,STATUS_FULL_TIME,Millerntor-Stadion,2025-2026,0,4,11,2026
746971,2026-04-12 13:30:00+00:00,Werder Bremen at FC Cologne,SVW @ KOE,FC Cologne,122,3,Werder Bremen,137,1,STATUS_FULL_TIME,RheinEnergieStadion,2025-2026,0,4,12,2026
746977,2026-04-12 15:30:00+00:00,Hamburg SV at VfB Stuttgart,HSV @ VFB,VfB Stuttgart,134,4,Hamburg SV,127,0,STATUS_FULL_TIME,MHPArena,2025-2026,0,4,12,2026
746972,2026-04-12 17:30:00+00:00,SC Freiburg at Mainz,SCF @ M05,Mainz,2950,0,SC Freiburg,126,1,STATUS_FULL_TIME,MEWA ARENA,2025-2026,0,4,12,2026
746984,2026-04-17 18:30:00+00:00,FC Cologne at St. Pauli,KOE @ STP,St. Pauli,270,1,FC Cologne,122,1,STATUS_FULL_TIME,Millerntor-Stadion,2025-2026,0,4,17,2026
746979,2026-04-18 13:30:00+00:00,VfL Wolfsburg at 1. FC Union Berlin,WOB @ FCU,1. FC Union Berlin,598,1,VfL Wolfsburg,138,2,STATUS_FULL_TIME,Stadion An der Alten Försterei,2025-2026,0,4,18,2026
746980,2026-04-18 13:30:00+00:00,FC Augsburg at Bayer Leverkusen,FCA @ B04,Bayer Leverkusen,131,1,FC Augsburg,3841,2,STATUS_FULL_TIME,BayArena,2025-2026,0,4,18,2026
746987,2026-04-18 13:30:00+00:00,Borussia Dortmund at TSG Hoffenheim,DOR @ TSG,TSG Hoffenheim,7911,2,Borussia Dortmund,124,1,STATUS_FULL_TIME,PreZero Arena,2025-2026,0,4,18,2026
746986,2026-04-18 13:30:00+00:00,Hamburg SV at Werder Bremen,HSV @ SVW,Werder Bremen,137,3,Hamburg SV,127,1,STATUS_FULL_TIME,Weserstadion,2025-2026,0,4,18,2026
746982,2026-04-18 16:30:00+00:00,RB Leipzig at Eintracht Frankfurt,RBL @ SGE,Eintracht Frankfurt,125,1,RB Leipzig,11420,3,STATUS_FULL_TIME,Deutsche Bank Park,2025-2026,0,4,18,2026
746985,2026-04-19 13:30:00+00:00,1. FC Heidenheim 1846 at SC Freiburg,HDH @ SCF,SC Freiburg,126,2,1. FC Heidenheim 1846,6418,1,STATUS_FULL_TIME,Europa-Park Stadion,2025-2026,0,4,19,2026
746983,2026-04-19 15:30:00+00:00,VfB Stuttgart at Bayern Munich,VFB @ MUN,Bayern Munich,132,4,VfB Stuttgart,134,2,STATUS_FULL_TIME,Allianz Arena,2025-2026,0,4,19,2026
746981,2026-04-19 17:30:00+00:00,Mainz at Borussia Mönchengladbach,M05 @ BMG,Borussia Mönchengladbach,268,1,Mainz,2950,1,STATUS_FULL_TIME,BORUSSIA-PARK,2025-2026,0,4,19,2026
746994,2026-04-24 18:30:00+00:00,1. FC Union Berlin at RB Leipzig,FCU @ RBL,RB Leipzig,11420,3,1. FC Union Berlin,598,1,STATUS_FULL_TIME,Red Bull Arena,2025-2026,0,4,24,2026
746988,2026-04-25 13:30:00+00:00,St. Pauli at 1. FC Heidenheim 1846,STP @ HDH,1. FC Heidenheim 1846,6418,2,St. Pauli,270,0,STATUS_FULL_TIME,Voith-Arena,2025-2026,0,4,25,2026
746992,2026-04-25 13:30:00+00:00,Eintracht Frankfurt at FC Augsburg,SGE @ FCA,FC Augsburg,3841,1,Eintracht Frankfurt,125,1,STATUS_FULL_TIME,WWK Arena,2025-2026,0,4,25,2026
746989,2026-04-25 13:30:00+00:00,Bayer Leverkusen at FC Cologne,B04 @ KOE,FC Cologne,122,1,Bayer Leverkusen,131,2,STATUS_FULL_TIME,RheinEnergieStadion,2025-2026,0,4,25,2026
746990,2026-04-25 13:30:00+00:00,Bayern Munich at Mainz,MUN @ M05,Mainz,2950,3,Bayern Munich,132,4,STATUS_FULL_TIME,MEWA ARENA,2025-2026,0,4,25,2026
746996,2026-04-25 13:30:00+00:00,Borussia Mönchengladbach at VfL Wolfsburg,BMG @ WOB,VfL Wolfsburg,138,0,Borussia Mönchengladbach,268,0,STATUS_FULL_TIME,Volkswagen Arena,2025-2026,0,4,25,2026
746993,2026-04-25 16:30:00+00:00,TSG Hoffenheim at Hamburg SV,TSG @ HSV,Hamburg SV,127,1,TSG Hoffenheim,7911,2,STATUS_FULL_TIME,Volksparkstadion,2025-2026,0,4,25,2026
746995,2026-04-26 13:30:00+00:00,Werder Bremen at VfB Stuttgart,SVW @ VFB,VfB Stuttgart,134,1,Werder Bremen,137,1,STATUS_FULL_TIME,MHPArena,2025-2026,0,4,26,2026
746991,2026-04-26 15:30:00+00:00,SC Freiburg at Borussia Dortmund,SCF @ DOR,Borussia Dortmund,124,4,SC Freiburg,126,0,STATUS_FULL_TIME,Signal Iduna Park,2025-2026,0,4,26,2026
746997,2026-05-02 13:30:00+00:00,FC Cologne at 1. FC Union Berlin,KOE @ FCU,1. FC Union Berlin,598,2,FC Cologne,122,2,STATUS_FULL_TIME,Stadion An der Alten Försterei,2025-2026,0,5,2,2026
747001,2026-05-02 13:30:00+00:00,1. FC Heidenheim 1846 at Bayern Munich,HDH @ MUN,Bayern Munich,132,3,1. FC Heidenheim 1846,6418,3,STATUS_FULL_TIME,Allianz Arena,2025-2026,0,5,2,2026
747000,2026-05-02 13:30:00+00:00,Hamburg SV at Eintracht Frankfurt,HSV @ SGE,Eintracht Frankfurt,125,1,Hamburg SV,127,2,STATUS_FULL_TIME,Deutsche Bank Park,2025-2026,0,5,2,2026
747005,2026-05-02 13:30:00+00:00,VfB Stuttgart at TSG Hoffenheim,VFB @ TSG,TSG Hoffenheim,7911,3,VfB Stuttgart,134,3,STATUS_FULL_TIME,PreZero Arena,2025-2026,0,5,2,2026
747004,2026-05-02 13:30:00+00:00,FC Augsburg at Werder Bremen,FCA @ SVW,Werder Bremen,137,1,FC Augsburg,3841,3,STATUS_FULL_TIME,Weserstadion,2025-2026,0,5,2,2026
746998,2026-05-02 16:30:00+00:00,RB Leipzig at Bayer Leverkusen,RBL @ B04,Bayer Leverkusen,131,4,RB Leipzig,11420,1,STATUS_FULL_TIME,BayArena,2025-2026,0,5,2,2026
747002,2026-05-03 13:30:00+00:00,Mainz at St. Pauli,M05 @ STP,St. Pauli,270,1,Mainz,2950,2,STATUS_FULL_TIME,Millerntor-Stadion,2025-2026,0,5,3,2026
746999,2026-05-03 15:30:00+00:00,Borussia Dortmund at Borussia Mönchengladbach,DOR @ BMG,Borussia Mönchengladbach,268,1,Borussia Dortmund,124,0,STATUS_FULL_TIME,BORUSSIA-PARK,2025-2026,0,5,3,2026
747003,2026-05-03 17:30:00+00:00,VfL Wolfsburg at SC Freiburg,WOB @ SCF,SC Freiburg,126,1,VfL Wolfsburg,138,1,STATUS_FULL_TIME,Europa-Park Stadion,2025-2026,0,5,3,2026
747008,2026-05-08 18:30:00+00:00,Eintracht Frankfurt at Borussia Dortmund,SGE @ DOR,Borussia Dortmund,124,3,Eintracht Frankfurt,125,2,STATUS_FULL_TIME,Signal Iduna Park,2025-2026,0,5,8,2026
747009,2026-05-09 13:30:00+00:00,Borussia Mönchengladbach at FC Augsburg,BMG @ FCA,FC Augsburg,3841,3,Borussia Mönchengladbach,268,1,STATUS_FULL_TIME,WWK Arena,2025-2026,0,5,9,2026
747011,2026-05-09 13:30:00+00:00,St. Pauli at RB Leipzig,STP @ RBL,RB Leipzig,11420,2,St. Pauli,270,1,STATUS_FULL_TIME,Red Bull Arena,2025-2026,0,5,9,2026
747012,2026-05-09 13:30:00+00:00,Werder Bremen at TSG Hoffenheim,SVW @ TSG,TSG Hoffenheim,7911,1,Werder Bremen,137,0,STATUS_FULL_TIME,PreZero Arena,2025-2026,0,5,9,2026
747013,2026-05-09 13:30:00+00:00,Bayer Leverkusen at VfB Stuttgart,B04 @ VFB,VfB Stuttgart,134,3,Bayer Leverkusen,131,1,STATUS_FULL_TIME,MHPArena,2025-2026,0,5,9,2026
747014,2026-05-09 16:30:00+00:00,Bayern Munich at VfL Wolfsburg,MUN @ WOB,VfL Wolfsburg,138,0,Bayern Munich,132,1,STATUS_FULL_TIME,Volkswagen Arena,2025-2026,0,5,9,2026
747010,2026-05-10 13:30:00+00:00,SC Freiburg at Hamburg SV,SCF @ HSV,Hamburg SV,127,3,SC Freiburg,126,2,STATUS_FULL_TIME,Volksparkstadion,2025-2026,0,5,10,2026
747006,2026-05-10 15:30:00+00:00,1. FC Heidenheim 1846 at FC Cologne,HDH @ KOE,FC Cologne,122,1,1. FC Heidenheim 1846,6418,3,STATUS_FULL_TIME,RheinEnergieStadion,2025-2026,0,5,10,2026
747007,2026-05-10 17:30:00+00:00,1. FC Union Berlin at Mainz,FCU @ M05,Mainz,2950,1,1. FC Union Berlin,598,3,STATUS_FULL_TIME,MEWA ARENA,2025-2026,0,5,10,2026
747018,2026-05-16 13:30:00+00:00,TSG Hoffenheim at Borussia Mönchengladbach,TSG @ BMG,Borussia Mönchengladbach,268,4,TSG Hoffenheim,7911,0,STATUS_FULL_TIME,BORUSSIA-PARK,2025-2026,0,5,16,2026
747016,2026-05-16 13:30:00+00:00,FC Augsburg at 1. FC Union Berlin,FCA @ FCU,1. FC Union Berlin,598,4,FC Augsburg,3841,0,STATUS_FULL_TIME,Stadion An der Alten Försterei,2025-2026,0,5,16,2026
747017,2026-05-16 13:30:00+00:00,Hamburg SV at Bayer Leverkusen,HSV @ B04,Bayer Leverkusen,131,1,Hamburg SV,127,1,STATUS_FULL_TIME,BayArena,2025-2026,0,5,16,2026
747020,2026-05-16 13:30:00+00:00,FC Cologne at Bayern Munich,KOE @ MUN,Bayern Munich,132,5,FC Cologne,122,1,STATUS_FULL_TIME,Allianz Arena,2025-2026,0,5,16,2026
747022,2026-05-16 13:30:00+00:00,Borussia Dortmund at Werder Bremen,DOR @ SVW,Werder Bremen,137,0,Borussia Dortmund,124,2,STATUS_FULL_TIME,Weserstadion,2025-2026,0,5,16,2026
747023,2026-05-16 13:30:00+00:00,VfB Stuttgart at Eintracht Frankfurt,VFB @ SGE,Eintracht Frankfurt,125,2,VfB Stuttgart,134,2,STATUS_FULL_TIME,Deutsche Bank Park,2025-2026,0,5,16,2026
747019,2026-05-16 13:30:00+00:00,RB Leipzig at SC Freiburg,RBL @ SCF,SC Freiburg,126,4,RB Leipzig,11420,1,STATUS_FULL_TIME,Europa-Park Stadion,2025-2026,0,5,16,2026
747021,2026-05-16 13:30:00+00:00,VfL Wolfsburg at St. Pauli,WOB @ STP,St. Pauli,270,1,VfL Wolfsburg,138,3,STATUS_FULL_TIME,Millerntor-Stadion,2025-2026,0,5,16,2026
747015,2026-05-16 13:30:00+00:00,Mainz at 1. FC Heidenheim 1846,M05 @ HDH,1. FC Heidenheim 1846,6418,0,Mainz,2950,2,STATUS_FULL_TIME,Voith-Arena,2025-2026,0,5,16,2026
401884817,2026-08-28 18:30:00+00:00,VfB Stuttgart at Bayern Munich,VFB @ MUN,Bayern Munich,132,5,VfB Stuttgart,134,1,STATUS_FULL_TIME,Allianz Arena,2026-2027,0,8,28,2026
401884811,2026-08-29 13:30:00+00:00,Eintracht Frankfurt at 1. FC Union Berlin,SGE @ FCU,1. FC Union Berlin,598,3,Eintracht Frankfurt,125,3,STATUS_FULL_TIME,Stadion An der Alten Försterei,2026-2027,0,8,29,2026
401884809,2026-08-29 13:30:00+00:00,Bayer Leverkusen at SV Elversberg,B04 @ ELV,SV Elversberg,10388,3,Bayer Leverkusen,131,2,STATUS_FULL_TIME,URSAPHARM-Arena an der Kaiserlinde,2026-2027,0,8,29,2026
401884810,2026-08-29 13:30:00+00:00,TSG Hoffenheim at FC Cologne,TSG @ KOE,FC Cologne,122,3,TSG Hoffenheim,7911,2,STATUS_FULL_TIME,RheinEnergieStadion,2026-2027,0,8,29,2026
401884815,2026-08-29 13:30:00+00:00,Borussia Mönchengladbach at RB Leipzig,BMG @ RBL,RB Leipzig,11420,3,Borussia Mönchengladbach,268,0,STATUS_FULL_TIME,Red Bull Arena,2026-2027,0,8,29,2026
401884812,2026-08-29 13:30:00+00:00,SC Paderborn 07 at Mainz,SCP @ M05,Mainz,2950,0,SC Paderborn 07,3307,0,STATUS_FULL_TIME,MEWA ARENA,2026-2027,0,8,29,2026
401884816,2026-08-29 16:30:00+00:00,Hamburg SV at Borussia Dortmund,HSV @ DOR,Borussia Dortmund,124,2,Hamburg SV,127,0,STATUS_FULL_TIME,Signal Iduna Park,2026-2027,0,8,29,2026
401884814,2026-08-30 13:30:00+00:00,Werder Bremen at SC Freiburg,SVW @ SCF,SC Freiburg,126,4,Werder Bremen,137,1,STATUS_FULL_TIME,Europa-Park Stadion,2026-2027,0,8,30,2026
401884813,2026-08-30 15:30:00+00:00,Schalke 04 at FC Augsburg,S04 @ FCA,FC Augsburg,3841,3,Schalke 04,133,0,STATUS_FULL_TIME,WWK Arena,2026-2027,0,8,30,2026
401884808,2026-09-04 18:30:00+00:00,,,VfB Stuttgart,134,4,FC Cologne,122,1,STATUS_FULL_TIME,MHPArena,2026-2027,0,9,4,2026
401884802,2026-09-05 13:30:00+00:00,,,Werder Bremen,137,3,RB Leipzig,11420,0,STATUS_SECOND_HALF,Weserstadion,2026-2027,0,9,5,2026
401884806,2026-09-05 13:30:00+00:00,,,Bayer Leverkusen,131,4,1. FC Union Berlin,598,0,STATUS_FULL_TIME,BayArena,2026-2027,0,9,5,2026
401884804,2026-09-05 13:30:00+00:00,,,Borussia Mönchengladbach,268,3,SV Elversberg,10388,4,STATUS_SECOND_HALF,BORUSSIA-PARK,2026-2027,0,9,5,2026
401884800,2026-09-05 13:30:00+00:00,,,SC Paderborn 07,3307,0,SC Freiburg,126,1,STATUS_FULL_TIME,Home Deluxe Arena,2026-2027,0,9,5,2026
401884807,2026-09-05 13:30:00+00:00,,,TSG Hoffenheim,7911,2,Borussia Dortmund,124,3,STATUS_SECOND_HALF,PreZero Arena,2026-2027,0,9,5,2026
401884801,2026-09-05 16:30:00+00:00,,,Schalke 04,133,0,Bayern Munich,132,0,STATUS_SCHEDULED,Veltins Arena,2026-2027,0,9,5,2026
