game_id,date,name,short_name,home_name,home_id,home_score,away_name,away_id,away_score,status,venue_full_name
610741,2021-08-28T15:00Z,Athletic Club at Celta Vigo,ATH @ CEL,Celta Vigo,85,0,Athletic Club,93,1,STATUS_FULL_TIME,Estadio Abanca-Balaídos
610748,2021-08-28T17:30Z,Sevilla at Elche,SEV @ ELC,Elche,3751,1,Sevilla,243,1,STATUS_FULL_TIME,Martínez Valero
610745,2021-08-28T17:30Z,Levante at Real Sociedad,LEV @ RSO,Real Sociedad,89,1,Levante,1538,0,STATUS_FULL_TIME,Estadio Municipal de Anoeta
610747,2021-08-28T20:00Z,Real Madrid at Real Betis,RMA @ BET,Real Betis,244,0,Real Madrid,86,1,STATUS_FULL_TIME,Benito Villamarín
610743,2021-08-29T15:00Z,Getafe at Barcelona,GET @ BAR,Barcelona,83,2,Getafe,2922,1,STATUS_FULL_TIME,Spotify Camp Nou
610746,2021-08-29T17:30Z,Osasuna at Cádiz,OSA @ CAD,Cádiz,3842,2,Osasuna,97,3,STATUS_FULL_TIME,Nuevo Mirandilla
610744,2021-08-29T17:30Z,Granada at Rayo Vallecano,GRA @ RAY,Rayo Vallecano,101,4,Granada,3747,0,STATUS_FULL_TIME,Estadio de Vallecas
610749,2021-08-29T20:00Z,Villarreal at Atlético Madrid,VIL @ ATM,Atlético Madrid,1068,2,Villarreal,102,2,STATUS_FULL_TIME,Riyadh Air Metropolitano
610736,2021-09-11T16:30Z,Rayo Vallecano at Levante,RAY @ LEV,Levante,1538,1,Rayo Vallecano,101,1,STATUS_FULL_TIME,Ciutat de Valencia
610735,2021-09-11T19:00Z,Mallorca at Athletic Club,MLL @ ATH,Athletic Club,93,2,Mallorca,84,0,STATUS_FULL_TIME,San Mamés
610731,2021-09-12T12:00Z,Atlético Madrid at Espanyol,ATM @ ESP,Espanyol,88,1,Atlético Madrid,1068,2,STATUS_FULL_TIME,RCDE Stadium
610739,2021-09-12T14:15Z,Valencia at Osasuna,VAL @ OSA,Osasuna,97,1,Valencia,94,4,STATUS_FULL_TIME,El Sadar
610738,2021-09-12T16:30Z,Real Sociedad at Cádiz,RSO @ CAD,Cádiz,3842,0,Real Sociedad,89,2,STATUS_FULL_TIME,Nuevo Mirandilla
610733,2021-09-12T19:00Z,Celta Vigo at Real Madrid,CEL @ RMA,Real Madrid,86,5,Celta Vigo,85,2,STATUS_FULL_TIME,Estadio Bernabéu
610734,2021-09-13T18:00Z,Elche at Getafe,ELC @ GET,Getafe,2922,0,Elche,3751,1,STATUS_FULL_TIME,Estadio Coliseum
610737,2021-09-13T20:00Z,Real Betis at Granada,BET @ GRA,Granada,3747,1,Real Betis,244,2,STATUS_FULL_TIME,Nuevo Los Cármenes
610721,2021-09-17T19:00Z,Cádiz at Celta Vigo,CAD @ CEL,Celta Vigo,85,1,Cádiz,3842,2,STATUS_FULL_TIME,Estadio Abanca-Balaídos
610723,2021-09-18T12:00Z,Getafe at Rayo Vallecano,GET @ RAY,Rayo Vallecano,101,3,Getafe,2922,0,STATUS_FULL_TIME,Estadio de Vallecas
610720,2021-09-18T14:15Z,Athletic Club at Atlético Madrid,ATH @ ATM,Atlético Madrid,1068,0,Athletic Club,93,0,STATUS_FULL_TIME,Riyadh Air Metropolitano
610725,2021-09-18T16:30Z,Levante at Elche,LEV @ ELC,Elche,3751,1,Levante,1538,1,STATUS_FULL_TIME,Martínez Valero
610726,2021-09-18T19:00Z,Osasuna at Alavés,OSA @ ALA,Alavés,96,0,Osasuna,97,2,STATUS_FULL_TIME,Mendizorroza
610729,2021-09-19T12:00Z,Villarreal at Mallorca,VIL @ MLL,Mallorca,84,0,Villarreal,102,0,STATUS_FULL_TIME,Estadi Mallorca Son Moix
610728,2021-09-19T14:15Z,Sevilla at Real Sociedad,SEV @ RSO,Real Sociedad,89,0,Sevilla,243,0,STATUS_FULL_TIME,Estadio Municipal de Anoeta
610722,2021-09-19T16:30Z,Espanyol at Real Betis,ESP @ BET,Real Betis,244,2,Espanyol,88,2,STATUS_FULL_TIME,Benito Villamarín
610727,2021-09-19T19:00Z,Real Madrid at Valencia,RMA @ VAL,Valencia,94,1,Real Madrid,86,2,STATUS_FULL_TIME,Mestalla
610724,2021-09-20T19:00Z,Granada at Barcelona,GRA @ BAR,Barcelona,83,1,Granada,3747,1,STATUS_FULL_TIME,Spotify Camp Nou
610711,2021-09-21T17:30Z,Atlético Madrid at Getafe,ATM @ GET,Getafe,2922,1,Atlético Madrid,1068,2,STATUS_FULL_TIME,Estadio Coliseum
610716,2021-09-21T20:00Z,Rayo Vallecano at Athletic Club,RAY @ ATH,Athletic Club,93,1,Rayo Vallecano,101,2,STATUS_FULL_TIME,San Mamés
610713,2021-09-21T20:00Z,Celta Vigo at Levante,CEL @ LEV,Levante,1538,0,Celta Vigo,85,2,STATUS_FULL_TIME,Ciutat de Valencia
610710,2021-09-22T17:30Z,Alavés at Espanyol,ALA @ ESP,Espanyol,88,1,Alavés,96,0,STATUS_FULL_TIME,RCDE Stadium
610719,2021-09-22T17:30Z,Valencia at Sevilla,VAL @ SEV,Sevilla,243,3,Valencia,94,1,STATUS_FULL_TIME,Ramón Sánchez-Pizjuán
610715,2021-09-22T20:00Z,Mallorca at Real Madrid,MLL @ RMA,Real Madrid,86,6,Mallorca,84,1,STATUS_FULL_TIME,Estadio Bernabéu
610714,2021-09-22T20:00Z,Elche at Villarreal,ELC @ VIL,Villarreal,102,4,Elche,3751,1,STATUS_FULL_TIME,Estadio de la Cerámica
610718,2021-09-23T17:30Z,Real Sociedad at Granada,RSO @ GRA,Granada,3747,2,Real Sociedad,89,3,STATUS_FULL_TIME,Nuevo Los Cármenes
610717,2021-09-23T17:30Z,Real Betis at Osasuna,BET @ OSA,Osasuna,97,1,Real Betis,244,3,STATUS_FULL_TIME,El Sadar
610712,2021-09-23T20:00Z,Barcelona at Cádiz,BAR @ CAD,Cádiz,3842,0,Barcelona,83,0,STATUS_FULL_TIME,Nuevo Mirandilla
610701,2021-09-25T12:00Z,Atlético Madrid at Alavés,ATM @ ALA,Alavés,96,1,Atlético Madrid,1068,0,STATUS_FULL_TIME,Mendizorroza
610700,2021-09-25T14:15Z,Athletic Club at Valencia,ATH @ VAL,Valencia,94,1,Athletic Club,93,1,STATUS_FULL_TIME,Mestalla
610704,2021-09-25T16:30Z,Espanyol at Sevilla,ESP @ SEV,Sevilla,243,2,Espanyol,88,0,STATUS_FULL_TIME,Ramón Sánchez-Pizjuán
610709,2021-09-25T19:00Z,Villarreal at Real Madrid,VIL @ RMA,Real Madrid,86,0,Villarreal,102,0,STATUS_FULL_TIME,Estadio Bernabéu
610708,2021-09-26T12:00Z,Osasuna at Mallorca,OSA @ MLL,Mallorca,84,2,Osasuna,97,3,STATUS_FULL_TIME,Estadi Mallorca Son Moix
610707,2021-09-26T14:15Z,Levante at Barcelona,LEV @ BAR,Barcelona,83,3,Levante,1538,0,STATUS_FULL_TIME,Spotify Camp Nou
610702,2021-09-26T16:30Z,Cádiz at Rayo Vallecano,CAD @ RAY,Rayo Vallecano,101,3,Cádiz,3842,1,STATUS_FULL_TIME,Estadio de Vallecas
610703,2021-09-26T16:30Z,Elche at Real Sociedad,ELC @ RSO,Real Sociedad,89,1,Elche,3751,0,STATUS_FULL_TIME,Estadio Municipal de Anoeta
610705,2021-09-26T19:00Z,Getafe at Real Betis,GET @ BET,Real Betis,244,2,Getafe,2922,0,STATUS_FULL_TIME,Benito Villamarín
610706,2021-09-27T19:00Z,Granada at Celta Vigo,GRA @ CEL,Celta Vigo,85,1,Granada,3747,0,STATUS_FULL_TIME,Estadio Abanca-Balaídos
610690,2021-10-01T19:00Z,Alavés at Athletic Club,ALA @ ATH,Athletic Club,93,1,Alavés,96,0,STATUS_FULL_TIME,San Mamés
610694,2021-10-02T12:00Z,Rayo Vallecano at Osasuna,RAY @ OSA,Osasuna,97,1,Rayo Vallecano,101,0,STATUS_FULL_TIME,El Sadar
610693,2021-10-02T14:15Z,Levante at Mallorca,LEV @ MLL,Mallorca,84,1,Levante,1538,0,STATUS_FULL_TIME,Estadi Mallorca Son Moix
610699,2021-10-02T16:30Z,Valencia at Cádiz,VAL @ CAD,Cádiz,3842,0,Valencia,94,0,STATUS_FULL_TIME,Nuevo Mirandilla
610691,2021-10-02T19:00Z,Barcelona at Atlético Madrid,BAR @ ATM,Atlético Madrid,1068,2,Barcelona,83,0,STATUS_FULL_TIME,Riyadh Air Metropolitano
610692,2021-10-03T12:00Z,Celta Vigo at Elche,CEL @ ELC,Elche,3751,1,Celta Vigo,85,0,STATUS_FULL_TIME,Martínez Valero
610696,2021-10-03T14:15Z,Real Madrid at Espanyol,RMA @ ESP,Espanyol,88,2,Real Madrid,86,1,STATUS_FULL_TIME,RCDE Stadium
610697,2021-10-03T16:30Z,Real Sociedad at Getafe,RSO @ GET,Getafe,2922,1,Real Sociedad,89,1,STATUS_FULL_TIME,Estadio Coliseum
610695,2021-10-03T16:30Z,Real Betis at Villarreal,BET @ VIL,Villarreal,102,2,Real Betis,244,0,STATUS_FULL_TIME,Estadio de la Cerámica
610698,2021-10-03T19:00Z,Sevilla at Granada,SEV @ GRA,Granada,3747,1,Sevilla,243,0,STATUS_FULL_TIME,Nuevo Los Cármenes
610684,2021-10-16T16:30Z,Getafe at Levante,GET @ LEV,Levante,1538,0,Getafe,2922,0,STATUS_FULL_TIME,Ciutat de Valencia
610685,2021-10-16T19:00Z,Mallorca at Real Sociedad,MLL @ RSO,Real Sociedad,89,1,Mallorca,84,0,STATUS_FULL_TIME,Estadio Municipal de Anoeta
610683,2021-10-17T12:00Z,Elche at Rayo Vallecano,ELC @ RAY,Rayo Vallecano,101,2,Elche,3751,1,STATUS_FULL_TIME,Estadio de Vallecas
610688,2021-10-17T14:15Z,Sevilla at Celta Vigo,SEV @ CEL,Celta Vigo,85,0,Sevilla,243,1,STATUS_FULL_TIME,Estadio Abanca-Balaídos
610686,2021-10-17T16:30Z,Osasuna at Villarreal,OSA @ VIL,Villarreal,102,1,Osasuna,97,2,STATUS_FULL_TIME,Estadio de la Cerámica
610689,2021-10-17T19:00Z,Valencia at Barcelona,VAL @ BAR,Barcelona,83,3,Valencia,94,1,STATUS_FULL_TIME,Spotify Camp Nou
610687,2021-10-18T17:00Z,Real Betis at Alavés,BET @ ALA,Alavés,96,0,Real Betis,244,1,STATUS_FULL_TIME,Mendizorroza
610682,2021-10-18T19:00Z,Cádiz at Espanyol,CAD @ ESP,Espanyol,88,2,Cádiz,3842,0,STATUS_FULL_TIME,RCDE Stadium
610673,2021-10-22T19:00Z,Granada at Osasuna,GRA @ OSA,Osasuna,97,1,Granada,3747,1,STATUS_FULL_TIME,El Sadar
610675,2021-10-23T12:00Z,Mallorca at Valencia,MLL @ VAL,Valencia,94,2,Mallorca,84,2,STATUS_FULL_TIME,Mestalla
610670,2021-10-23T14:15Z,Alavés at Cádiz,ALA @ CAD,Cádiz,3842,0,Alavés,96,2,STATUS_FULL_TIME,Nuevo Mirandilla
610672,2021-10-23T16:30Z,Espanyol at Elche,ESP @ ELC,Elche,3751,2,Espanyol,88,2,STATUS_FULL_TIME,Martínez Valero
610679,2021-10-23T19:00Z,Villarreal at Athletic Club,VIL @ ATH,Athletic Club,93,2,Villarreal,102,1,STATUS_FULL_TIME,San Mamés
610674,2021-10-24T12:00Z,Levante at Sevilla,LEV @ SEV,Sevilla,243,5,Levante,1538,3,STATUS_FULL_TIME,Ramón Sánchez-Pizjuán
610677,2021-10-24T14:15Z,Real Madrid at Barcelona,RMA @ BAR,Barcelona,83,1,Real Madrid,86,2,STATUS_FULL_TIME,Spotify Camp Nou
610676,2021-10-24T16:30Z,Rayo Vallecano at Real Betis,RAY @ BET,Real Betis,244,3,Rayo Vallecano,101,2,STATUS_FULL_TIME,Benito Villamarín
610678,2021-10-24T19:00Z,Real Sociedad at Atlético Madrid,RSO @ ATM,Atlético Madrid,1068,2,Real Sociedad,89,2,STATUS_FULL_TIME,Riyadh Air Metropolitano
610671,2021-10-25T19:00Z,Celta Vigo at Getafe,CEL @ GET,Getafe,2922,0,Celta Vigo,85,3,STATUS_FULL_TIME,Estadio Coliseum
610664,2021-10-26T17:00Z,Elche at Alavés,ELC @ ALA,Alavés,96,1,Elche,3751,0,STATUS_FULL_TIME,Mendizorroza
610660,2021-10-26T19:00Z,Athletic Club at Espanyol,ATH @ ESP,Espanyol,88,1,Athletic Club,93,1,STATUS_FULL_TIME,RCDE Stadium
610663,2021-10-26T19:30Z,Cádiz at Villarreal,CAD @ VIL,Villarreal,102,3,Cádiz,3842,3,STATUS_FULL_TIME,Estadio de la Cerámica
610668,2021-10-27T17:00Z,Sevilla at Mallorca,SEV @ MLL,Mallorca,84,1,Sevilla,243,1,STATUS_FULL_TIME,Estadi Mallorca Son Moix
610662,2021-10-27T17:00Z,Barcelona at Rayo Vallecano,BAR @ RAY,Rayo Vallecano,101,1,Barcelona,83,0,STATUS_FULL_TIME,Estadio de Vallecas
610669,2021-10-27T18:00Z,Valencia at Real Betis,VAL @ BET,Real Betis,244,4,Valencia,94,1,STATUS_FULL_TIME,Benito Villamarín
610666,2021-10-27T19:30Z,Osasuna at Real Madrid,OSA @ RMA,Real Madrid,86,0,Osasuna,97,0,STATUS_FULL_TIME,Estadio Bernabéu
610667,2021-10-28T17:00Z,Real Sociedad at Celta Vigo,RSO @ CEL,Celta Vigo,85,0,Real Sociedad,89,2,STATUS_FULL_TIME,Estadio Abanca-Balaídos
610665,2021-10-28T18:00Z,Getafe at Granada,GET @ GRA,Granada,3747,1,Getafe,2922,1,STATUS_FULL_TIME,Nuevo Los Cármenes
610661,2021-10-28T19:30Z,Atlético Madrid at Levante,ATM @ LEV,Levante,1538,2,Atlético Madrid,1068,2,STATUS_FULL_TIME,Ciutat de Valencia
610658,2021-10-30T12:00Z,Real Madrid at Elche,RMA @ ELC,Elche,3751,1,Real Madrid,86,2,STATUS_FULL_TIME,Martínez Valero
610656,2021-10-30T14:15Z,Osasuna at Sevilla,OSA @ SEV,Sevilla,243,2,Osasuna,97,0,STATUS_FULL_TIME,Ramón Sánchez-Pizjuán
610659,2021-10-30T16:30Z,Villarreal at Valencia,VIL @ VAL,Valencia,94,2,Villarreal,102,0,STATUS_FULL_TIME,Mestalla
610650,2021-10-30T19:00Z,Alavés at Barcelona,ALA @ BAR,Barcelona,83,1,Alavés,96,1,STATUS_FULL_TIME,Spotify Camp Nou
610655,2021-10-31T13:00Z,Mallorca at Cádiz,MLL @ CAD,Cádiz,3842,1,Mallorca,84,1,STATUS_FULL_TIME,Nuevo Mirandilla
610657,2021-10-31T15:15Z,Real Betis at Atlético Madrid,BET @ ATM,Atlético Madrid,1068,3,Real Betis,244,0,STATUS_FULL_TIME,Riyadh Air Metropolitano
610653,2021-10-31T17:30Z,Espanyol at Getafe,ESP @ GET,Getafe,2922,2,Espanyol,88,1,STATUS_FULL_TIME,Estadio Coliseum
610651,2021-10-31T20:00Z,Athletic Club at Real Sociedad,ATH @ RSO,Real Sociedad,89,1,Athletic Club,93,1,STATUS_FULL_TIME,Estadio Municipal de Anoeta
610652,2021-11-01T17:30Z,Celta Vigo at Rayo Vallecano,CEL @ RAY,Rayo Vallecano,101,0,Celta Vigo,85,0,STATUS_FULL_TIME,Estadio de Vallecas
610654,2021-11-01T20:00Z,Granada at Levante,GRA @ LEV,Levante,1538,0,Granada,3747,3,STATUS_FULL_TIME,Ciutat de Valencia
610642,2021-11-05T20:00Z,Cádiz at Athletic Club,CAD @ ATH,Athletic Club,93,0,Cádiz,3842,1,STATUS_FULL_TIME,San Mamés
610645,2021-11-06T13:00Z,Granada at Espanyol,GRA @ ESP,Espanyol,88,2,Granada,3747,0,STATUS_FULL_TIME,RCDE Stadium
610641,2021-11-06T15:15Z,Barcelona at Celta Vigo,BAR @ CEL,Celta Vigo,85,3,Barcelona,83,3,STATUS_FULL_TIME,Estadio Abanca-Balaídos
610646,2021-11-06T17:30Z,Levante at Alavés,LEV @ ALA,Alavés,96,2,Levante,1538,1,STATUS_FULL_TIME,Mendizorroza
610647,2021-11-06T20:00Z,Rayo Vallecano at Real Madrid,RAY @ RMA,Real Madrid,86,2,Rayo Vallecano,101,1,STATUS_FULL_TIME,Estadio Bernabéu
610644,2021-11-07T13:00Z,Getafe at Villarreal,GET @ VIL,Villarreal,102,1,Getafe,2922,0,STATUS_FULL_TIME,Estadio de la Cerámica
610640,2021-11-07T15:15Z,Atlético Madrid at Valencia,ATM @ VAL,Valencia,94,3,Atlético Madrid,1068,3,STATUS_FULL_TIME,Mestalla
610643,2021-11-07T17:30Z,Elche at Mallorca,ELC @ MLL,Mallorca,84,2,Elche,3751,2,STATUS_FULL_TIME,Estadi Mallorca Son Moix
610648,2021-11-07T17:30Z,Real Sociedad at Osasuna,RSO @ OSA,Osasuna,97,0,Real Sociedad,89,2,STATUS_FULL_TIME,El Sadar
610649,2021-11-07T20:00Z,Sevilla at Real Betis,SEV @ BET,Real Betis,244,0,Sevilla,243,2,STATUS_FULL_TIME,Benito Villamarín
610631,2021-11-19T20:00Z,Athletic Club at Levante,ATH @ LEV,Levante,1538,0,Athletic Club,93,0,STATUS_FULL_TIME,Ciutat de Valencia
610639,2021-11-20T13:00Z,Villarreal at Celta Vigo,VIL @ CEL,Celta Vigo,85,1,Villarreal,102,1,STATUS_FULL_TIME,Estadio Abanca-Balaídos
610630,2021-11-20T15:15Z,Alavés at Sevilla,ALA @ SEV,Sevilla,243,2,Alavés,96,2,STATUS_FULL_TIME,Ramón Sánchez-Pizjuán
610635,2021-11-20T17:30Z,Osasuna at Atlético Madrid,OSA @ ATM,Atlético Madrid,1068,1,Osasuna,97,0,STATUS_FULL_TIME,Riyadh Air Metropolitano
610633,2021-11-20T20:00Z,Espanyol at Barcelona,ESP @ BAR,Barcelona,83,1,Espanyol,88,0,STATUS_FULL_TIME,Spotify Camp Nou
610632,2021-11-21T13:00Z,Cádiz at Getafe,CAD @ GET,Getafe,2922,4,Cádiz,3842,0,STATUS_FULL_TIME,Estadio Coliseum
610637,2021-11-21T15:15Z,Real Madrid at Granada,RMA @ GRA,Granada,3747,1,Real Madrid,86,4,STATUS_FULL_TIME,Nuevo Los Cármenes
610636,2021-11-21T17:30Z,Real Betis at Elche,BET @ ELC,Elche,3751,0,Real Betis,244,3,STATUS_FULL_TIME,Martínez Valero
610638,2021-11-21T20:00Z,Valencia at Real Sociedad,VAL @ RSO,Real Sociedad,89,0,Valencia,94,0,STATUS_FULL_TIME,Estadio Municipal de Anoeta
610634,2021-11-22T20:00Z,Mallorca at Rayo Vallecano,MLL @ RAY,Rayo Vallecano,101,3,Mallorca,84,1,STATUS_FULL_TIME,Estadio de Vallecas
610625,2021-11-26T20:00Z,Granada at Athletic Club,GRA @ ATH,Athletic Club,93,2,Granada,3747,2,STATUS_FULL_TIME,San Mamés
610622,2021-11-27T13:00Z,Celta Vigo at Alavés,CEL @ ALA,Alavés,96,1,Celta Vigo,85,2,STATUS_FULL_TIME,Mendizorroza
610627,2021-11-27T15:15Z,Rayo Vallecano at Valencia,RAY @ VAL,Valencia,94,1,Rayo Vallecano,101,1,STATUS_FULL_TIME,Mestalla
610624,2021-11-27T17:30Z,Getafe at Mallorca,GET @ MLL,Mallorca,84,0,Getafe,2922,0,STATUS_FULL_TIME,Estadi Mallorca Son Moix
610621,2021-11-27T20:00Z,Barcelona at Villarreal,BAR @ VIL,Villarreal,102,1,Barcelona,83,3,STATUS_FULL_TIME,Estadio de la Cerámica
610626,2021-11-28T13:00Z,Levante at Real Betis,LEV @ BET,Real Betis,244,3,Levante,1538,1,STATUS_FULL_TIME,Benito Villamarín
610628,2021-11-28T15:15Z,Real Sociedad at Espanyol,RSO @ ESP,Espanyol,88,1,Real Sociedad,89,0,STATUS_FULL_TIME,RCDE Stadium
610620,2021-11-28T17:30Z,Atlético Madrid at Cádiz,ATM @ CAD,Cádiz,3842,1,Atlético Madrid,1068,4,STATUS_FULL_TIME,Nuevo Mirandilla
610629,2021-11-28T20:00Z,Sevilla at Real Madrid,SEV @ RMA,Real Madrid,86,2,Sevilla,243,1,STATUS_FULL_TIME,Estadio Bernabéu
610623,2021-11-29T20:00Z,Elche at Osasuna,ELC @ OSA,Osasuna,97,1,Elche,3751,1,STATUS_FULL_TIME,El Sadar
610680,2021-12-01T20:00Z,Athletic Club at Real Madrid,ATH @ RMA,Real Madrid,86,1,Athletic Club,93,0,STATUS_FULL_TIME,Estadio Bernabéu
610610,2021-12-03T20:00Z,Alavés at Granada,ALA @ GRA,Granada,3747,2,Alavés,96,1,STATUS_FULL_TIME,Nuevo Los Cármenes
610619,2021-12-04T13:00Z,Villarreal at Sevilla,VIL @ SEV,Sevilla,243,1,Villarreal,102,0,STATUS_FULL_TIME,Ramón Sánchez-Pizjuán
610616,2021-12-04T15:15Z,Real Betis at Barcelona,BET @ BAR,Barcelona,83,0,Real Betis,244,1,STATUS_FULL_TIME,Spotify Camp Nou
610614,2021-12-04T17:30Z,Mallorca at Atlético Madrid,MLL @ ATM,Atlético Madrid,1068,1,Mallorca,84,2,STATUS_FULL_TIME,Riyadh Air Metropolitano
610617,2021-12-04T20:00Z,Real Madrid at Real Sociedad,RMA @ RSO,Real Sociedad,89,0,Real Madrid,86,2,STATUS_FULL_TIME,Estadio Municipal de Anoeta
610613,2021-12-05T13:00Z,Espanyol at Rayo Vallecano,ESP @ RAY,Rayo Vallecano,101,1,Espanyol,88,0,STATUS_FULL_TIME,Estadio de Vallecas
610612,2021-12-05T15:15Z,Cádiz at Elche,CAD @ ELC,Elche,3751,3,Cádiz,3842,1,STATUS_FULL_TIME,Martínez Valero
610615,2021-12-05T17:30Z,Osasuna at Levante,OSA @ LEV,Levante,1538,0,Osasuna,97,0,STATUS_FULL_TIME,Ciutat de Valencia
610618,2021-12-05T20:00Z,Valencia at Celta Vigo,VAL @ CEL,Celta Vigo,85,1,Valencia,94,2,STATUS_FULL_TIME,Estadio Abanca-Balaídos
610611,2021-12-06T20:00Z,Athletic Club at Getafe,ATH @ GET,Getafe,2922,0,Athletic Club,93,0,STATUS_FULL_TIME,Estadio Coliseum
610602,2021-12-10T20:00Z,Celta Vigo at Mallorca,CEL @ MLL,Mallorca,84,0,Celta Vigo,85,0,STATUS_FULL_TIME,Estadi Mallorca Son Moix
610606,2021-12-11T13:00Z,Levante at Espanyol,LEV @ ESP,Espanyol,88,4,Levante,1538,3,STATUS_FULL_TIME,RCDE Stadium
610604,2021-12-11T15:15Z,Getafe at Alavés,GET @ ALA,Alavés,96,1,Getafe,2922,1,STATUS_FULL_TIME,Mendizorroza
610603,2021-12-11T17:30Z,Elche at Valencia,ELC @ VAL,Valencia,94,2,Elche,3751,1,STATUS_FULL_TIME,Mestalla
610609,2021-12-11T20:00Z,Sevilla at Athletic Club,SEV @ ATH,Athletic Club,93,0,Sevilla,243,1,STATUS_FULL_TIME,San Mamés
610607,2021-12-12T13:00Z,Rayo Vallecano at Villarreal,RAY @ VIL,Villarreal,102,2,Rayo Vallecano,101,0,STATUS_FULL_TIME,Estadio de la Cerámica
610601,2021-12-12T15:15Z,Barcelona at Osasuna,BAR @ OSA,Osasuna,97,2,Barcelona,83,2,STATUS_FULL_TIME,El Sadar
610608,2021-12-12T17:30Z,Real Sociedad at Real Betis,RSO @ BET,Real Betis,244,4,Real Sociedad,89,0,STATUS_FULL_TIME,Benito Villamarín
610600,2021-12-12T20:00Z,Atlético Madrid at Real Madrid,ATM @ RMA,Real Madrid,86,2,Atlético Madrid,1068,0,STATUS_FULL_TIME,Estadio Bernabéu
610605,2021-12-13T20:00Z,Granada at Cádiz,GRA @ CAD,Cádiz,3842,1,Granada,3747,1,STATUS_FULL_TIME,Nuevo Mirandilla
610594,2021-12-17T20:00Z,Espanyol at Celta Vigo,ESP @ CEL,Celta Vigo,85,3,Espanyol,88,1,STATUS_FULL_TIME,Estadio Abanca-Balaídos
610590,2021-12-18T13:00Z,Alavés at Rayo Vallecano,ALA @ RAY,Rayo Vallecano,101,2,Alavés,96,0,STATUS_FULL_TIME,Estadio de Vallecas
610599,2021-12-18T15:15Z,Villarreal at Real Sociedad,VIL @ RSO,Real Sociedad,89,1,Villarreal,102,3,STATUS_FULL_TIME,Estadio Municipal de Anoeta
610593,2021-12-18T17:30Z,Elche at Barcelona,ELC @ BAR,Barcelona,83,3,Elche,3751,2,STATUS_FULL_TIME,Spotify Camp Nou
610591,2021-12-18T20:00Z,Atlético Madrid at Sevilla,ATM @ SEV,Sevilla,243,2,Atlético Madrid,1068,1,STATUS_FULL_TIME,Ramón Sánchez-Pizjuán
610595,2021-12-19T13:00Z,Mallorca at Granada,MLL @ GRA,Granada,3747,4,Mallorca,84,1,STATUS_FULL_TIME,Nuevo Los Cármenes
610597,2021-12-19T15:15Z,Real Betis at Athletic Club,BET @ ATH,Athletic Club,93,3,Real Betis,244,2,STATUS_FULL_TIME,San Mamés
610596,2021-12-19T17:30Z,Osasuna at Getafe,OSA @ GET,Getafe,2922,1,Osasuna,97,0,STATUS_FULL_TIME,Estadio Coliseum
610592,2021-12-19T20:00Z,Cádiz at Real Madrid,CAD @ RMA,Real Madrid,86,0,Cádiz,3842,0,STATUS_FULL_TIME,Estadio Bernabéu
610598,2021-12-20T20:00Z,Valencia at Levante,VAL @ LEV,Levante,1538,3,Valencia,94,4,STATUS_FULL_TIME,Ciutat de Valencia
610730,2021-12-21T18:00Z,Alavés at Villarreal,ALA @ VIL,Villarreal,102,5,Alavés,96,2,STATUS_FULL_TIME,Estadio de la Cerámica
610732,2021-12-21T20:30Z,Barcelona at Sevilla,BAR @ SEV,Sevilla,243,1,Barcelona,83,1,STATUS_FULL_TIME,Ramón Sánchez-Pizjuán
610681,2021-12-22T18:00Z,Atlético Madrid at Granada,ATM @ GRA,Granada,3747,2,Atlético Madrid,1068,1,STATUS_FULL_TIME,Nuevo Los Cármenes
610566,2021-12-22T20:30Z,Real Madrid at Athletic Club,RMA @ ATH,Athletic Club,93,1,Real Madrid,86,2,STATUS_FULL_TIME,San Mamés
610583,2021-12-31T15:15Z,Espanyol at Valencia,ESP @ VAL,Valencia,94,1,Espanyol,88,2,STATUS_FULL_TIME,Mestalla
610587,2022-01-02T13:00Z,Real Madrid at Getafe,RMA @ GET,Getafe,2922,1,Real Madrid,86,0,STATUS_FULL_TIME,Estadio Coliseum
610586,2022-01-02T15:15Z,Rayo Vallecano at Atlético Madrid,RAY @ ATM,Atlético Madrid,1068,2,Rayo Vallecano,101,0,STATUS_FULL_TIME,Riyadh Air Metropolitano
610584,2022-01-02T15:15Z,Granada at Elche,GRA @ ELC,Elche,3751,0,Granada,3747,0,STATUS_FULL_TIME,Martínez Valero
610588,2022-01-02T17:30Z,Real Sociedad at Alavés,RSO @ ALA,Alavés,96,1,Real Sociedad,89,1,STATUS_FULL_TIME,Mendizorroza
610582,2022-01-02T17:30Z,Celta Vigo at Real Betis,CEL @ BET,Real Betis,244,0,Celta Vigo,85,2,STATUS_FULL_TIME,Benito Villamarín
610581,2022-01-02T20:00Z,Barcelona at Mallorca,BAR @ MLL,Mallorca,84,0,Barcelona,83,1,STATUS_FULL_TIME,Estadi Mallorca Son Moix
610585,2022-01-03T18:00Z,Levante at Villarreal,LEV @ VIL,Villarreal,102,5,Levante,1538,0,STATUS_FULL_TIME,Estadio de la Cerámica
610580,2022-01-03T20:00Z,Athletic Club at Osasuna,ATH @ OSA,Osasuna,97,1,Athletic Club,93,3,STATUS_FULL_TIME,El Sadar
610589,2022-01-03T20:15Z,Sevilla at Cádiz,SEV @ CAD,Cádiz,3842,0,Sevilla,243,1,STATUS_FULL_TIME,Nuevo Mirandilla
610577,2022-01-08T13:00Z,Mallorca at Levante,MLL @ LEV,Levante,1538,2,Mallorca,84,0,STATUS_FULL_TIME,Ciutat de Valencia
610574,2022-01-08T15:15Z,Celta Vigo at Real Sociedad,CEL @ RSO,Real Sociedad,89,1,Celta Vigo,85,0,STATUS_FULL_TIME,Estadio Municipal de Anoeta
610572,2022-01-08T17:30Z,Barcelona at Granada,BAR @ GRA,Granada,3747,1,Barcelona,83,1,STATUS_FULL_TIME,Nuevo Los Cármenes
610579,2022-01-08T20:00Z,Valencia at Real Madrid,VAL @ RMA,Real Madrid,86,4,Valencia,94,1,STATUS_FULL_TIME,Estadio Bernabéu
610578,2022-01-09T13:00Z,Real Betis at Rayo Vallecano,BET @ RAY,Rayo Vallecano,101,1,Real Betis,244,1,STATUS_FULL_TIME,Estadio de Vallecas
610576,2022-01-09T15:15Z,Getafe at Sevilla,GET @ SEV,Sevilla,243,1,Getafe,2922,0,STATUS_FULL_TIME,Ramón Sánchez-Pizjuán
610570,2022-01-09T17:30Z,Athletic Club at Alavés,ATH @ ALA,Alavés,96,0,Athletic Club,93,0,STATUS_FULL_TIME,Mendizorroza
610573,2022-01-09T17:30Z,Cádiz at Osasuna,CAD @ OSA,Osasuna,97,2,Cádiz,3842,0,STATUS_FULL_TIME,El Sadar
610571,2022-01-09T20:00Z,Atlético Madrid at Villarreal,ATM @ VIL,Villarreal,102,2,Atlético Madrid,1068,2,STATUS_FULL_TIME,Estadio de la Cerámica
610575,2022-01-10T20:00Z,Elche at Espanyol,ELC @ ESP,Espanyol,88,1,Elche,3751,2,STATUS_FULL_TIME,RCDE Stadium
610569,2022-01-16T13:00Z,Villarreal at Elche,VIL @ ELC,Elche,3751,1,Villarreal,102,0,STATUS_FULL_TIME,Martínez Valero
610560,2022-01-18T19:00Z,Alavés at Real Betis,ALA @ BET,Real Betis,244,4,Alavés,96,0,STATUS_FULL_TIME,Benito Villamarín
610561,2022-01-18T20:30Z,Espanyol at Cádiz,ESP @ CAD,Cádiz,3842,2,Espanyol,88,2,STATUS_FULL_TIME,Nuevo Mirandilla
610564,2022-01-19T18:00Z,Osasuna at Celta Vigo,OSA @ CEL,Celta Vigo,85,2,Osasuna,97,0,STATUS_FULL_TIME,Estadio Abanca-Balaídos
610568,2022-01-19T20:30Z,Sevilla at Valencia,SEV @ VAL,Valencia,94,1,Sevilla,243,1,STATUS_FULL_TIME,Mestalla
610562,2022-01-20T18:00Z,Granada at Getafe,GRA @ GET,Getafe,2922,4,Granada,3747,2,STATUS_FULL_TIME,Estadio Coliseum
610558,2022-01-21T20:00Z,Real Betis at Espanyol,BET @ ESP,Espanyol,88,1,Real Betis,244,4,STATUS_FULL_TIME,RCDE Stadium
610552,2022-01-22T13:00Z,Cádiz at Levante,CAD @ LEV,Levante,1538,0,Cádiz,3842,2,STATUS_FULL_TIME,Ciutat de Valencia
610556,2022-01-22T15:15Z,Mallorca at Villarreal,MLL @ VIL,Villarreal,102,3,Mallorca,84,0,STATUS_FULL_TIME,Estadio de la Cerámica
610553,2022-01-22T17:30Z,Celta Vigo at Sevilla,CEL @ SEV,Sevilla,243,2,Celta Vigo,85,2,STATUS_FULL_TIME,Ramón Sánchez-Pizjuán
610559,2022-01-22T20:00Z,Valencia at Atlético Madrid,VAL @ ATM,Atlético Madrid,1068,3,Valencia,94,2,STATUS_FULL_TIME,Riyadh Air Metropolitano
610557,2022-01-23T13:00Z,Osasuna at Granada,OSA @ GRA,Granada,3747,0,Osasuna,97,2,STATUS_FULL_TIME,Nuevo Los Cármenes
610554,2022-01-23T15:15Z,Elche at Real Madrid,ELC @ RMA,Real Madrid,86,2,Elche,3751,2,STATUS_FULL_TIME,Estadio Bernabéu
610550,2022-01-23T17:30Z,Athletic Club at Rayo Vallecano,ATH @ RAY,Rayo Vallecano,101,0,Athletic Club,93,1,STATUS_FULL_TIME,Estadio de Vallecas
610555,2022-01-23T17:30Z,Getafe at Real Sociedad,GET @ RSO,Real Sociedad,89,0,Getafe,2922,0,STATUS_FULL_TIME,Estadio Municipal de Anoeta
610551,2022-01-23T20:00Z,Barcelona at Alavés,BAR @ ALA,Alavés,96,0,Barcelona,83,1,STATUS_FULL_TIME,Mendizorroza
610545,2022-02-04T20:00Z,Levante at Getafe,LEV @ GET,Getafe,2922,3,Levante,1538,0,STATUS_FULL_TIME,Estadio Coliseum
610540,2022-02-05T13:00Z,Alavés at Elche,ALA @ ELC,Elche,3751,3,Alavés,96,1,STATUS_FULL_TIME,Martínez Valero
610542,2022-02-05T15:15Z,Cádiz at Mallorca,CAD @ MLL,Mallorca,84,2,Cádiz,3842,1,STATUS_FULL_TIME,Estadi Mallorca Son Moix
610546,2022-02-05T17:30Z,Rayo Vallecano at Celta Vigo,RAY @ CEL,Celta Vigo,85,2,Rayo Vallecano,101,0,STATUS_FULL_TIME,Estadio Abanca-Balaídos
610548,2022-02-05T20:00Z,Sevilla at Osasuna,SEV @ OSA,Osasuna,97,0,Sevilla,243,0,STATUS_FULL_TIME,El Sadar
610547,2022-02-06T13:00Z,Real Sociedad at Valencia,RSO @ VAL,Valencia,94,0,Real Sociedad,89,0,STATUS_FULL_TIME,Mestalla
610541,2022-02-06T15:15Z,Atlético Madrid at Barcelona,ATM @ BAR,Barcelona,83,4,Atlético Madrid,1068,2,STATUS_FULL_TIME,Spotify Camp Nou
610549,2022-02-06T17:30Z,Villarreal at Real Betis,VIL @ BET,Real Betis,244,0,Villarreal,102,2,STATUS_FULL_TIME,Benito Villamarín
610544,2022-02-06T20:00Z,Granada at Real Madrid,GRA @ RMA,Real Madrid,86,1,Granada,3747,0,STATUS_FULL_TIME,Estadio Bernabéu
610543,2022-02-07T20:00Z,Espanyol at Athletic Club,ESP @ ATH,Athletic Club,93,2,Espanyol,88,1,STATUS_FULL_TIME,San Mamés
610533,2022-02-11T20:00Z,Elche at Sevilla,ELC @ SEV,Sevilla,243,2,Elche,3751,0,STATUS_FULL_TIME,Ramón Sánchez-Pizjuán
610532,2022-02-12T13:00Z,Celta Vigo at Cádiz,CEL @ CAD,Cádiz,3842,0,Celta Vigo,85,0,STATUS_FULL_TIME,Nuevo Mirandilla
610538,2022-02-12T15:15Z,Real Madrid at Villarreal,RMA @ VIL,Villarreal,102,0,Real Madrid,86,0,STATUS_FULL_TIME,Estadio de la Cerámica
610536,2022-02-12T17:30Z,Osasuna at Rayo Vallecano,OSA @ RAY,Rayo Vallecano,101,0,Osasuna,97,3,STATUS_FULL_TIME,Estadio de Vallecas
610534,2022-02-12T20:00Z,Getafe at Atlético Madrid,GET @ ATM,Atlético Madrid,1068,4,Getafe,2922,3,STATUS_FULL_TIME,Riyadh Air Metropolitano
610539,2022-02-13T13:00Z,Valencia at Alavés,VAL @ ALA,Alavés,96,2,Valencia,94,1,STATUS_FULL_TIME,Mendizorroza
610537,2022-02-13T15:15Z,Real Betis at Levante,BET @ LEV,Levante,1538,2,Real Betis,244,4,STATUS_FULL_TIME,Ciutat de Valencia
610535,2022-02-13T17:30Z,Granada at Real Sociedad,GRA @ RSO,Real Sociedad,89,2,Granada,3747,0,STATUS_FULL_TIME,Estadio Municipal de Anoeta
610531,2022-02-13T20:00Z,Barcelona at Espanyol,BAR @ ESP,Espanyol,88,2,Barcelona,83,2,STATUS_FULL_TIME,RCDE Stadium
610530,2022-02-14T20:00Z,Athletic Club at Mallorca,ATH @ MLL,Mallorca,84,3,Athletic Club,93,2,STATUS_FULL_TIME,Estadi Mallorca Son Moix
610563,2022-02-16T18:00Z,Levante at Atlético Madrid,LEV @ ATM,Atlético Madrid,1068,0,Levante,1538,1,STATUS_FULL_TIME,Riyadh Air Metropolitano
610526,2022-02-18T20:00Z,Rayo Vallecano at Elche,RAY @ ELC,Elche,3751,2,Rayo Vallecano,101,1,STATUS_FULL_TIME,Martínez Valero
610529,2022-02-19T13:00Z,Villarreal at Granada,VIL @ GRA,Granada,3747,1,Villarreal,102,4,STATUS_FULL_TIME,Nuevo Los Cármenes
610521,2022-02-19T15:15Z,Atlético Madrid at Osasuna,ATM @ OSA,Osasuna,97,0,Atlético Madrid,1068,3,STATUS_FULL_TIME,El Sadar
610523,2022-02-19T17:30Z,Getafe at Cádiz,GET @ CAD,Cádiz,3842,1,Getafe,2922,1,STATUS_FULL_TIME,Nuevo Mirandilla
610520,2022-02-19T20:00Z,Alavés at Real Madrid,ALA @ RMA,Real Madrid,86,3,Alavés,96,0,STATUS_FULL_TIME,Estadio Bernabéu
610528,2022-02-20T13:00Z,Sevilla at Espanyol,SEV @ ESP,Espanyol,88,1,Sevilla,243,1,STATUS_FULL_TIME,RCDE Stadium
610522,2022-02-20T15:15Z,Barcelona at Valencia,BAR @ VAL,Valencia,94,1,Barcelona,83,4,STATUS_FULL_TIME,Mestalla
610525,2022-02-20T17:30Z,Mallorca at Real Betis,MLL @ BET,Real Betis,244,2,Mallorca,84,1,STATUS_FULL_TIME,Benito Villamarín
610527,2022-02-20T20:00Z,Real Sociedad at Athletic Club,RSO @ ATH,Athletic Club,93,4,Real Sociedad,89,0,STATUS_FULL_TIME,San Mamés
610524,2022-02-21T20:00Z,Levante at Celta Vigo,LEV @ CEL,Celta Vigo,85,1,Levante,1538,1,STATUS_FULL_TIME,Estadio Abanca-Balaídos
610514,2022-02-25T20:00Z,Elche at Levante,ELC @ LEV,Levante,1538,3,Elche,3751,0,STATUS_FULL_TIME,Ciutat de Valencia
610519,2022-02-26T13:00Z,Valencia at Mallorca,VAL @ MLL,Mallorca,84,0,Valencia,94,1,STATUS_FULL_TIME,Estadi Mallorca Son Moix
610510,2022-02-26T15:15Z,Alavés at Getafe,ALA @ GET,Getafe,2922,2,Alavés,96,2,STATUS_FULL_TIME,Estadio Coliseum
610518,2022-02-26T17:30Z,Real Madrid at Rayo Vallecano,RMA @ RAY,Rayo Vallecano,101,0,Real Madrid,86,1,STATUS_FULL_TIME,Estadio de Vallecas
610513,2022-02-26T20:00Z,Celta Vigo at Atlético Madrid,CEL @ ATM,Atlético Madrid,1068,2,Celta Vigo,85,0,STATUS_FULL_TIME,Riyadh Air Metropolitano
610515,2022-02-27T13:00Z,Espanyol at Villarreal,ESP @ VIL,Villarreal,102,5,Espanyol,88,1,STATUS_FULL_TIME,Estadio de la Cerámica
610517,2022-02-27T15:15Z,Real Betis at Sevilla,BET @ SEV,Sevilla,243,2,Real Betis,244,1,STATUS_FULL_TIME,Ramón Sánchez-Pizjuán
610516,2022-02-27T17:30Z,Osasuna at Real Sociedad,OSA @ RSO,Real Sociedad,89,1,Osasuna,97,0,STATUS_FULL_TIME,Estadio Municipal de Anoeta
610511,2022-02-27T20:00Z,Athletic Club at Barcelona,ATH @ BAR,Barcelona,83,4,Athletic Club,93,0,STATUS_FULL_TIME,Spotify Camp Nou
610512,2022-02-28T20:00Z,Cádiz at Granada,CAD @ GRA,Granada,3747,0,Cádiz,3842,0,STATUS_FULL_TIME,Nuevo Los Cármenes
610567,2022-03-02T20:00Z,Real Sociedad at Mallorca,RSO @ MLL,Mallorca,84,0,Real Sociedad,89,2,STATUS_FULL_TIME,Estadi Mallorca Son Moix
610508,2022-03-04T20:00Z,Sevilla at Alavés,SEV @ ALA,Alavés,96,0,Sevilla,243,0,STATUS_FULL_TIME,Mendizorroza
610509,2022-03-05T13:00Z,Villarreal at Osasuna,VIL @ OSA,Osasuna,97,1,Villarreal,102,0,STATUS_FULL_TIME,El Sadar
610502,2022-03-05T15:15Z,Getafe at Espanyol,GET @ ESP,Espanyol,88,2,Getafe,2922,0,STATUS_FULL_TIME,RCDE Stadium
610503,2022-03-05T17:30Z,Granada at Valencia,GRA @ VAL,Valencia,94,3,Granada,3747,1,STATUS_FULL_TIME,Mestalla
610507,2022-03-05T20:00Z,Real Sociedad at Real Madrid,RSO @ RMA,Real Madrid,86,4,Real Sociedad,89,1,STATUS_FULL_TIME,Estadio Bernabéu
610506,2022-03-06T13:00Z,Rayo Vallecano at Cádiz,RAY @ CAD,Cádiz,3842,2,Rayo Vallecano,101,0,STATUS_FULL_TIME,Nuevo Mirandilla
610501,2022-03-06T15:15Z,Barcelona at Elche,BAR @ ELC,Elche,3751,1,Barcelona,83,2,STATUS_FULL_TIME,Martínez Valero
610505,2022-03-06T17:30Z,Mallorca at Celta Vigo,MLL @ CEL,Celta Vigo,85,4,Mallorca,84,3,STATUS_FULL_TIME,Estadio Abanca-Balaídos
610500,2022-03-06T20:00Z,Atlético Madrid at Real Betis,ATM @ BET,Real Betis,244,1,Atlético Madrid,1068,3,STATUS_FULL_TIME,Benito Villamarín
610504,2022-03-07T20:00Z,Levante at Athletic Club,LEV @ ATH,Athletic Club,93,3,Levante,1538,1,STATUS_FULL_TIME,San Mamés
610492,2022-03-11T20:00Z,Cádiz at Atlético Madrid,CAD @ ATM,Atlético Madrid,1068,2,Cádiz,3842,1,STATUS_FULL_TIME,Riyadh Air Metropolitano
610495,2022-03-12T13:00Z,Espanyol at Levante,ESP @ LEV,Levante,1538,1,Espanyol,88,1,STATUS_FULL_TIME,Ciutat de Valencia
610494,2022-03-12T15:15Z,Elche at Granada,ELC @ GRA,Granada,3747,0,Elche,3751,1,STATUS_FULL_TIME,Nuevo Los Cármenes
610493,2022-03-12T17:30Z,Celta Vigo at Villarreal,CEL @ VIL,Villarreal,102,1,Celta Vigo,85,0,STATUS_FULL_TIME,Estadio de la Cerámica
610499,2022-03-12T20:00Z,Valencia at Getafe,VAL @ GET,Getafe,2922,0,Valencia,94,0,STATUS_FULL_TIME,Estadio Coliseum
610498,2022-03-13T13:00Z,Sevilla at Rayo Vallecano,SEV @ RAY,Rayo Vallecano,101,1,Sevilla,243,1,STATUS_FULL_TIME,Estadio de Vallecas
610491,2022-03-13T15:15Z,Athletic Club at Real Betis,ATH @ BET,Real Betis,244,1,Athletic Club,93,0,STATUS_FULL_TIME,Benito Villamarín
610490,2022-03-13T17:30Z,Alavés at Real Sociedad,ALA @ RSO,Real Sociedad,89,1,Alavés,96,0,STATUS_FULL_TIME,Estadio Municipal de Anoeta
610496,2022-03-13T20:00Z,Osasuna at Barcelona,OSA @ BAR,Barcelona,83,4,Osasuna,97,0,STATUS_FULL_TIME,Spotify Camp Nou
610497,2022-03-14T20:00Z,Real Madrid at Mallorca,RMA @ MLL,Mallorca,84,0,Real Madrid,86,3,STATUS_FULL_TIME,Estadi Mallorca Son Moix
610482,2022-03-18T20:00Z,Getafe at Athletic Club,GET @ ATH,Athletic Club,93,1,Getafe,2922,1,STATUS_FULL_TIME,San Mamés
610483,2022-03-19T13:00Z,Granada at Alavés,GRA @ ALA,Alavés,96,2,Granada,3747,3,STATUS_FULL_TIME,Mendizorroza
610488,2022-03-19T15:15Z,Valencia at Elche,VAL @ ELC,Elche,3751,0,Valencia,94,1,STATUS_FULL_TIME,Martínez Valero
610484,2022-03-19T17:30Z,Levante at Osasuna,LEV @ OSA,Osasuna,97,3,Levante,1538,1,STATUS_FULL_TIME,El Sadar
610480,2022-03-19T20:00Z,Atlético Madrid at Rayo Vallecano,ATM @ RAY,Rayo Vallecano,101,0,Atlético Madrid,1068,1,STATUS_FULL_TIME,Estadio de Vallecas
610485,2022-03-20T13:00Z,Mallorca at Espanyol,MLL @ ESP,Espanyol,88,1,Mallorca,84,0,STATUS_FULL_TIME,RCDE Stadium
610489,2022-03-20T15:15Z,Villarreal at Cádiz,VIL @ CAD,Cádiz,3842,1,Villarreal,102,0,STATUS_FULL_TIME,Nuevo Mirandilla
610486,2022-03-20T15:15Z,Real Betis at Celta Vigo,BET @ CEL,Celta Vigo,85,0,Real Betis,244,0,STATUS_FULL_TIME,Estadio Abanca-Balaídos
610487,2022-03-20T17:30Z,Real Sociedad at Sevilla,RSO @ SEV,Sevilla,243,0,Real Sociedad,89,0,STATUS_FULL_TIME,Ramón Sánchez-Pizjuán
610481,2022-03-20T20:00Z,Barcelona at Real Madrid,BAR @ RMA,Real Madrid,86,0,Barcelona,83,4,STATUS_FULL_TIME,Estadio Bernabéu
610474,2022-04-02T12:00Z,Mallorca at Getafe,MLL @ GET,Getafe,2922,1,Mallorca,84,0,STATUS_FULL_TIME,Estadio Coliseum
610479,2022-04-02T14:15Z,Villarreal at Levante,VIL @ LEV,Levante,1538,2,Villarreal,102,0,STATUS_FULL_TIME,Ciutat de Valencia
610477,2022-04-02T16:30Z,Real Madrid at Celta Vigo,RMA @ CEL,Celta Vigo,85,1,Real Madrid,86,2,STATUS_FULL_TIME,Estadio Abanca-Balaídos
610470,2022-04-02T19:00Z,Alavés at Atlético Madrid,ALA @ ATM,Atlético Madrid,1068,4,Alavés,96,1,STATUS_FULL_TIME,Riyadh Air Metropolitano
610472,2022-04-03T12:00Z,Elche at Athletic Club,ELC @ ATH,Athletic Club,93,2,Elche,3751,1,STATUS_FULL_TIME,San Mamés
610475,2022-04-03T14:15Z,Osasuna at Real Betis,OSA @ BET,Real Betis,244,4,Osasuna,97,1,STATUS_FULL_TIME,Benito Villamarín
610476,2022-04-03T16:30Z,Rayo Vallecano at Granada,RAY @ GRA,Granada,3747,2,Rayo Vallecano,101,2,STATUS_FULL_TIME,Nuevo Los Cármenes
610471,2022-04-03T16:30Z,Cádiz at Valencia,CAD @ VAL,Valencia,94,0,Cádiz,3842,0,STATUS_FULL_TIME,Mestalla
610478,2022-04-03T19:00Z,Sevilla at Barcelona,SEV @ BAR,Barcelona,83,1,Sevilla,243,0,STATUS_FULL_TIME,Spotify Camp Nou
610473,2022-04-04T19:00Z,Espanyol at Real Sociedad,ESP @ RSO,Real Sociedad,89,1,Espanyol,88,0,STATUS_FULL_TIME,Estadio Municipal de Anoeta
610466,2022-04-08T19:00Z,Granada at Sevilla,GRA @ SEV,Sevilla,243,4,Granada,3747,2,STATUS_FULL_TIME,Ramón Sánchez-Pizjuán
610467,2022-04-09T12:00Z,Real Betis at Cádiz,BET @ CAD,Cádiz,3842,1,Real Betis,244,2,STATUS_FULL_TIME,Nuevo Mirandilla
610462,2022-04-09T14:15Z,Atlético Madrid at Mallorca,ATM @ MLL,Mallorca,84,1,Atlético Madrid,1068,0,STATUS_FULL_TIME,Estadi Mallorca Son Moix
610461,2022-04-09T16:30Z,Athletic Club at Villarreal,ATH @ VIL,Villarreal,102,1,Athletic Club,93,1,STATUS_FULL_TIME,Estadio de la Cerámica
610465,2022-04-09T19:00Z,Getafe at Real Madrid,GET @ RMA,Real Madrid,86,2,Getafe,2922,0,STATUS_FULL_TIME,Estadio Bernabéu
610460,2022-04-10T12:00Z,Alavés at Osasuna,ALA @ OSA,Osasuna,97,1,Alavés,96,0,STATUS_FULL_TIME,El Sadar
610464,2022-04-10T14:15Z,Celta Vigo at Espanyol,CEL @ ESP,Espanyol,88,1,Celta Vigo,85,0,STATUS_FULL_TIME,RCDE Stadium
610468,2022-04-10T16:30Z,Real Sociedad at Elche,RSO @ ELC,Elche,3751,1,Real Sociedad,89,2,STATUS_FULL_TIME,Martínez Valero
610463,2022-04-10T19:00Z,Barcelona at Levante,BAR @ LEV,Levante,1538,2,Barcelona,83,3,STATUS_FULL_TIME,Ciutat de Valencia
610469,2022-04-11T19:00Z,Valencia at Rayo Vallecano,VAL @ RAY,Rayo Vallecano,101,1,Valencia,94,1,STATUS_FULL_TIME,Estadio de Vallecas
610457,2022-04-15T19:00Z,Real Betis at Real Sociedad,BET @ RSO,Real Sociedad,89,0,Real Betis,244,0,STATUS_FULL_TIME,Estadio Municipal de Anoeta
610454,2022-04-16T12:00Z,Mallorca at Elche,MLL @ ELC,Elche,3751,3,Mallorca,84,0,STATUS_FULL_TIME,Martínez Valero
610456,2022-04-16T14:15Z,Rayo Vallecano at Alavés,RAY @ ALA,Alavés,96,1,Rayo Vallecano,101,0,STATUS_FULL_TIME,Mendizorroza
610455,2022-04-16T16:30Z,Osasuna at Valencia,OSA @ VAL,Valencia,94,1,Osasuna,97,2,STATUS_FULL_TIME,Mestalla
610459,2022-04-16T19:00Z,Villarreal at Getafe,VIL @ GET,Getafe,2922,1,Villarreal,102,2,STATUS_FULL_TIME,Estadio Coliseum
610453,2022-04-17T12:00Z,Levante at Granada,LEV @ GRA,Granada,3747,1,Levante,1538,4,STATUS_FULL_TIME,Nuevo Los Cármenes
610452,2022-04-17T14:15Z,Espanyol at Atlético Madrid,ESP @ ATM,Atlético Madrid,1068,2,Espanyol,88,1,STATUS_FULL_TIME,Riyadh Air Metropolitano
610451,2022-04-17T16:30Z,Celta Vigo at Athletic Club,CEL @ ATH,Athletic Club,93,0,Celta Vigo,85,2,STATUS_FULL_TIME,San Mamés
610458,2022-04-17T19:00Z,Real Madrid at Sevilla,RMA @ SEV,Sevilla,243,2,Real Madrid,86,3,STATUS_FULL_TIME,Ramón Sánchez-Pizjuán
610450,2022-04-18T19:00Z,Cádiz at Barcelona,CAD @ BAR,Barcelona,83,0,Cádiz,3842,1,STATUS_FULL_TIME,Spotify Camp Nou
610440,2022-04-19T17:00Z,Alavés at Mallorca,ALA @ MLL,Mallorca,84,2,Alavés,96,1,STATUS_FULL_TIME,Estadi Mallorca Son Moix
610443,2022-04-19T19:00Z,Elche at Real Betis,ELC @ BET,Real Betis,244,0,Elche,3751,1,STATUS_FULL_TIME,Benito Villamarín
610449,2022-04-19T19:30Z,Valencia at Villarreal,VAL @ VIL,Villarreal,102,2,Valencia,94,0,STATUS_FULL_TIME,Estadio de la Cerámica
610445,2022-04-20T17:00Z,Granada at Atlético Madrid,GRA @ ATM,Atlético Madrid,1068,0,Granada,3747,0,STATUS_FULL_TIME,Riyadh Air Metropolitano
610444,2022-04-20T18:00Z,Getafe at Celta Vigo,GET @ CEL,Celta Vigo,85,0,Getafe,2922,2,STATUS_FULL_TIME,Estadio Abanca-Balaídos
610447,2022-04-20T19:30Z,Real Madrid at Osasuna,RMA @ OSA,Osasuna,97,1,Real Madrid,86,3,STATUS_FULL_TIME,El Sadar
610446,2022-04-21T17:00Z,Rayo Vallecano at Espanyol,RAY @ ESP,Espanyol,88,0,Rayo Vallecano,101,1,STATUS_FULL_TIME,RCDE Stadium
610448,2022-04-21T17:00Z,Sevilla at Levante,SEV @ LEV,Levante,1538,2,Sevilla,243,3,STATUS_FULL_TIME,Ciutat de Valencia
610441,2022-04-21T18:00Z,Athletic Club at Cádiz,ATH @ CAD,Cádiz,3842,2,Athletic Club,93,3,STATUS_FULL_TIME,Nuevo Mirandilla
610442,2022-04-21T19:30Z,Barcelona at Real Sociedad,BAR @ RSO,Real Sociedad,89,0,Barcelona,83,1,STATUS_FULL_TIME,Estadio Municipal de Anoeta
610565,2022-04-24T19:00Z,Rayo Vallecano at Barcelona,RAY @ BAR,Barcelona,83,0,Rayo Vallecano,101,1,STATUS_FULL_TIME,Spotify Camp Nou
610431,2022-04-29T19:00Z,Cádiz at Sevilla,CAD @ SEV,Sevilla,243,1,Cádiz,3842,1,STATUS_FULL_TIME,Ramón Sánchez-Pizjuán
610439,2022-04-30T12:00Z,Villarreal at Alavés,VIL @ ALA,Alavés,96,2,Villarreal,102,1,STATUS_FULL_TIME,Mendizorroza
610433,2022-04-30T14:15Z,Espanyol at Real Madrid,ESP @ RMA,Real Madrid,86,4,Espanyol,88,0,STATUS_FULL_TIME,Estadio Bernabéu
610434,2022-04-30T16:30Z,Levante at Valencia,LEV @ VAL,Valencia,94,1,Levante,1538,1,STATUS_FULL_TIME,Mestalla
610430,2022-04-30T19:00Z,Atlético Madrid at Athletic Club,ATM @ ATH,Athletic Club,93,2,Atlético Madrid,1068,0,STATUS_FULL_TIME,San Mamés
610436,2022-05-01T12:00Z,Osasuna at Elche,OSA @ ELC,Elche,3751,1,Osasuna,97,1,STATUS_FULL_TIME,Martínez Valero
610432,2022-05-01T14:15Z,Celta Vigo at Granada,CEL @ GRA,Granada,3747,1,Celta Vigo,85,1,STATUS_FULL_TIME,Nuevo Los Cármenes
610438,2022-05-01T16:30Z,Real Sociedad at Rayo Vallecano,RSO @ RAY,Rayo Vallecano,101,1,Real Sociedad,89,1,STATUS_FULL_TIME,Estadio de Vallecas
610435,2022-05-01T19:00Z,Mallorca at Barcelona,MLL @ BAR,Barcelona,83,2,Mallorca,84,1,STATUS_FULL_TIME,Spotify Camp Nou
610437,2022-05-02T19:00Z,Real Betis at Getafe,BET @ GET,Getafe,2922,0,Real Betis,244,0,STATUS_FULL_TIME,Estadio Coliseum
610427,2022-05-06T19:00Z,Real Sociedad at Levante,RSO @ LEV,Levante,1538,2,Real Sociedad,89,1,STATUS_FULL_TIME,Ciutat de Valencia
610423,2022-05-07T12:00Z,Granada at Mallorca,GRA @ MLL,Mallorca,84,2,Granada,3747,6,STATUS_FULL_TIME,Estadi Mallorca Son Moix
610429,2022-05-07T14:15Z,Valencia at Athletic Club,VAL @ ATH,Athletic Club,93,0,Valencia,94,0,STATUS_FULL_TIME,San Mamés
610422,2022-05-07T16:30Z,Elche at Cádiz,ELC @ CAD,Cádiz,3842,3,Elche,3751,0,STATUS_FULL_TIME,Nuevo Mirandilla
610420,2022-05-07T16:30Z,Alavés at Celta Vigo,ALA @ CEL,Celta Vigo,85,4,Alavés,96,0,STATUS_FULL_TIME,Estadio Abanca-Balaídos
610421,2022-05-07T19:00Z,Barcelona at Real Betis,BAR @ BET,Real Betis,244,1,Barcelona,83,2,STATUS_FULL_TIME,Benito Villamarín
610425,2022-05-08T12:00Z,Rayo Vallecano at Getafe,RAY @ GET,Getafe,2922,0,Rayo Vallecano,101,0,STATUS_FULL_TIME,Estadio Coliseum
610428,2022-05-08T14:15Z,Sevilla at Villarreal,SEV @ VIL,Villarreal,102,1,Sevilla,243,1,STATUS_FULL_TIME,Estadio de la Cerámica
610424,2022-05-08T16:30Z,Osasuna at Espanyol,OSA @ ESP,Espanyol,88,1,Osasuna,97,1,STATUS_FULL_TIME,RCDE Stadium
610426,2022-05-08T19:00Z,Real Madrid at Atlético Madrid,RMA @ ATM,Atlético Madrid,1068,1,Real Madrid,86,0,STATUS_FULL_TIME,Riyadh Air Metropolitano
610418,2022-05-10T17:00Z,Real Betis at Valencia,BET @ VAL,Valencia,94,0,Real Betis,244,3,STATUS_FULL_TIME,Mestalla
610410,2022-05-10T18:00Z,Athletic Club at Granada,ATH @ GRA,Granada,3747,1,Athletic Club,93,0,STATUS_FULL_TIME,Nuevo Los Cármenes
610413,2022-05-10T19:30Z,Celta Vigo at Barcelona,CEL @ BAR,Barcelona,83,3,Celta Vigo,85,1,STATUS_FULL_TIME,Spotify Camp Nou
610414,2022-05-11T17:00Z,Espanyol at Alavés,ESP @ ALA,Alavés,96,2,Espanyol,88,1,STATUS_FULL_TIME,Mendizorroza
610415,2022-05-11T17:00Z,Getafe at Osasuna,GET @ OSA,Osasuna,97,1,Getafe,2922,1,STATUS_FULL_TIME,El Sadar
610417,2022-05-11T18:30Z,Mallorca at Sevilla,MLL @ SEV,Sevilla,243,0,Mallorca,84,0,STATUS_FULL_TIME,Ramón Sánchez-Pizjuán
610411,2022-05-11T19:30Z,Atlético Madrid at Elche,ATM @ ELC,Elche,3751,0,Atlético Madrid,1068,2,STATUS_FULL_TIME,Martínez Valero
610412,2022-05-12T17:00Z,Cádiz at Real Sociedad,CAD @ RSO,Real Sociedad,89,3,Cádiz,3842,0,STATUS_FULL_TIME,Estadio Municipal de Anoeta
610419,2022-05-12T18:00Z,Villarreal at Rayo Vallecano,VIL @ RAY,Rayo Vallecano,101,1,Villarreal,102,5,STATUS_FULL_TIME,Estadio de Vallecas
610416,2022-05-12T19:30Z,Levante at Real Madrid,LEV @ RMA,Real Madrid,86,6,Levante,1538,0,STATUS_FULL_TIME,Estadio Bernabéu
610409,2022-05-14T16:30Z,Valencia at Espanyol,VAL @ ESP,Espanyol,88,1,Valencia,94,1,STATUS_FULL_TIME,RCDE Stadium
610404,2022-05-15T17:30Z,Osasuna at Athletic Club,OSA @ ATH,Athletic Club,93,2,Osasuna,97,0,STATUS_FULL_TIME,San Mamés
610408,2022-05-15T17:30Z,Sevilla at Atlético Madrid,SEV @ ATM,Atlético Madrid,1068,1,Sevilla,243,1,STATUS_FULL_TIME,Riyadh Air Metropolitano
610406,2022-05-15T17:30Z,Real Madrid at Cádiz,RMA @ CAD,Cádiz,3842,1,Real Madrid,86,1,STATUS_FULL_TIME,Nuevo Mirandilla
610402,2022-05-15T17:30Z,Elche at Celta Vigo,ELC @ CEL,Celta Vigo,85,1,Elche,3751,0,STATUS_FULL_TIME,Estadio Abanca-Balaídos
610401,2022-05-15T17:30Z,Barcelona at Getafe,BAR @ GET,Getafe,2922,0,Barcelona,83,0,STATUS_FULL_TIME,Estadio Coliseum
610400,2022-05-15T17:30Z,Alavés at Levante,ALA @ LEV,Levante,1538,3,Alavés,96,1,STATUS_FULL_TIME,Ciutat de Valencia
610405,2022-05-15T17:30Z,Rayo Vallecano at Mallorca,RAY @ MLL,Mallorca,84,2,Rayo Vallecano,101,1,STATUS_FULL_TIME,Estadi Mallorca Son Moix
610403,2022-05-15T17:30Z,Granada at Real Betis,GRA @ BET,Real Betis,244,2,Granada,3747,0,STATUS_FULL_TIME,Benito Villamarín
610407,2022-05-15T17:30Z,Real Sociedad at Villarreal,RSO @ VIL,Villarreal,102,1,Real Sociedad,89,2,STATUS_FULL_TIME,Estadio de la Cerámica
610396,2022-05-20T19:00Z,Levante at Rayo Vallecano,LEV @ RAY,Rayo Vallecano,101,2,Levante,1538,4,STATUS_FULL_TIME,Estadio de Vallecas
610398,2022-05-20T19:00Z,Real Betis at Real Madrid,BET @ RMA,Real Madrid,86,0,Real Betis,244,0,STATUS_FULL_TIME,Estadio Bernabéu
610393,2022-05-21T15:30Z,Celta Vigo at Valencia,CEL @ VAL,Valencia,94,2,Celta Vigo,85,0,STATUS_FULL_TIME,Mestalla
610395,2022-05-22T15:30Z,Getafe at Elche,GET @ ELC,Elche,3751,3,Getafe,2922,1,STATUS_FULL_TIME,Martínez Valero
610392,2022-05-22T18:00Z,Cádiz at Alavés,CAD @ ALA,Alavés,96,0,Cádiz,3842,1,STATUS_FULL_TIME,Mendizorroza
610394,2022-05-22T18:00Z,Espanyol at Granada,ESP @ GRA,Granada,3747,0,Espanyol,88,0,STATUS_FULL_TIME,Nuevo Los Cármenes
610397,2022-05-22T18:00Z,Mallorca at Osasuna,MLL @ OSA,Osasuna,97,0,Mallorca,84,2,STATUS_FULL_TIME,El Sadar
610399,2022-05-22T20:00Z,Villarreal at Barcelona,VIL @ BAR,Barcelona,83,0,Villarreal,102,2,STATUS_FULL_TIME,Spotify Camp Nou
610391,2022-05-22T20:00Z,Atlético Madrid at Real Sociedad,ATM @ RSO,Real Sociedad,89,1,Atlético Madrid,1068,2,STATUS_FULL_TIME,Estadio Municipal de Anoeta
610390,2022-05-22T20:00Z,Athletic Club at Sevilla,ATH @ SEV,Sevilla,243,1,Athletic Club,93,0,STATUS_FULL_TIME,Ramón Sánchez-Pizjuán
643775,2022-08-12T19:00Z,Sevilla at Osasuna,SEV @ OSA,Osasuna,97,2,Sevilla,243,1,STATUS_FULL_TIME,El Sadar
643780,2022-08-13T15:00Z,Espanyol at Celta Vigo,ESP @ CEL,Celta Vigo,85,2,Espanyol,88,2,STATUS_FULL_TIME,Estadio Abanca-Balaídos
643777,2022-08-13T17:00Z,Villarreal at Real Valladolid,VIL @ VLL,Real Valladolid,95,0,Villarreal,102,3,STATUS_FULL_TIME,José Zorrilla
643772,2022-08-13T19:00Z,Rayo Vallecano at Barcelona,RAY @ BAR,Barcelona,83,0,Rayo Vallecano,101,0,STATUS_FULL_TIME,Spotify Camp Nou
643778,2022-08-14T15:30Z,Real Sociedad at Cádiz,RSO @ CAD,Cádiz,3842,0,Real Sociedad,89,1,STATUS_FULL_TIME,Nuevo Mirandilla
643773,2022-08-14T17:30Z,Girona at Valencia,GIR @ VAL,Valencia,94,1,Girona,9812,0,STATUS_FULL_TIME,Mestalla
643779,2022-08-14T20:00Z,Real Madrid at Almería,RMA @ ALM,Almería,6832,1,Real Madrid,86,2,STATUS_FULL_TIME,UD Almería Stadium
643771,2022-08-15T15:30Z,Mallorca at Athletic Club,MLL @ ATH,Athletic Club,93,0,Mallorca,84,0,STATUS_FULL_TIME,San Mamés
643774,2022-08-15T17:30Z,Atlético Madrid at Getafe,ATM @ GET,Getafe,2922,0,Atlético Madrid,1068,3,STATUS_FULL_TIME,Estadio Coliseum
643776,2022-08-15T19:30Z,Elche at Real Betis,ELC @ BET,Real Betis,244,3,Elche,3751,0,STATUS_FULL_TIME,Benito Villamarín
643783,2022-08-19T18:00Z,Rayo Vallecano at Espanyol,RAY @ ESP,Espanyol,88,0,Rayo Vallecano,101,2,STATUS_FULL_TIME,RCDE Stadium
643784,2022-08-19T20:00Z,Real Valladolid at Sevilla,VLL @ SEV,Sevilla,243,1,Real Valladolid,95,1,STATUS_FULL_TIME,Ramón Sánchez-Pizjuán
643786,2022-08-20T15:30Z,Cádiz at Osasuna,CAD @ OSA,Osasuna,97,2,Cádiz,3842,0,STATUS_FULL_TIME,El Sadar
643787,2022-08-20T17:30Z,Real Betis at Mallorca,BET @ MLL,Mallorca,84,1,Real Betis,244,2,STATUS_FULL_TIME,Estadi Mallorca Son Moix
643790,2022-08-20T20:00Z,Real Madrid at Celta Vigo,RMA @ CEL,Celta Vigo,85,1,Real Madrid,86,4,STATUS_FULL_TIME,Estadio Abanca-Balaídos
643789,2022-08-21T15:30Z,Valencia at Athletic Club,VAL @ ATH,Athletic Club,93,1,Valencia,94,0,STATUS_FULL_TIME,San Mamés
643781,2022-08-21T17:30Z,Villarreal at Atlético Madrid,VIL @ ATM,Atlético Madrid,1068,0,Villarreal,102,2,STATUS_FULL_TIME,Riyadh Air Metropolitano
643785,2022-08-21T20:00Z,Barcelona at Real Sociedad,BAR @ RSO,Real Sociedad,89,1,Barcelona,83,4,STATUS_FULL_TIME,Estadio Municipal de Anoeta
643782,2022-08-22T18:00Z,Almería at Elche,ALM @ ELC,Elche,3751,1,Almería,6832,1,STATUS_FULL_TIME,Martínez Valero
643788,2022-08-22T20:00Z,Getafe at Girona,GET @ GIR,Girona,9812,3,Getafe,2922,1,STATUS_FULL_TIME,Municipal de Montilivi
643795,2022-08-26T18:00Z,Celta Vigo at Girona,CEL @ GIR,Girona,9812,0,Celta Vigo,85,1,STATUS_FULL_TIME,Municipal de Montilivi
643798,2022-08-26T20:00Z,Osasuna at Real Betis,OSA @ BET,Real Betis,244,1,Osasuna,97,0,STATUS_FULL_TIME,Benito Villamarín
643799,2022-08-27T15:30Z,Real Sociedad at Elche,RSO @ ELC,Elche,3751,0,Real Sociedad,89,1,STATUS_FULL_TIME,Martínez Valero
643794,2022-08-27T17:30Z,Mallorca at Rayo Vallecano,MLL @ RAY,Rayo Vallecano,101,0,Mallorca,84,2,STATUS_FULL_TIME,Estadio de Vallecas
643792,2022-08-27T20:00Z,Sevilla at Almería,SEV @ ALM,Almería,6832,2,Sevilla,243,1,STATUS_FULL_TIME,UD Almería Stadium
643796,2022-08-28T15:30Z,Villarreal at Getafe,VIL @ GET,Getafe,2922,0,Villarreal,102,0,STATUS_FULL_TIME,Estadio Coliseum
643800,2022-08-28T17:30Z,Real Valladolid at Barcelona,VLL @ BAR,Barcelona,83,4,Real Valladolid,95,0,STATUS_FULL_TIME,Spotify Camp Nou
643797,2022-08-28T20:00Z,Real Madrid at Espanyol,RMA @ ESP,Espanyol,88,1,Real Madrid,86,3,STATUS_FULL_TIME,RCDE Stadium
643791,2022-08-29T18:00Z,Athletic Club at Cádiz,ATH @ CAD,Cádiz,3842,0,Athletic Club,93,4,STATUS_FULL_TIME,Nuevo Mirandilla
643793,2022-08-29T20:00Z,Atlético Madrid at Valencia,ATM @ VAL,Valencia,94,0,Atlético Madrid,1068,1,STATUS_FULL_TIME,Mestalla
643801,2022-09-02T19:00Z,Cádiz at Celta Vigo,CAD @ CEL,Celta Vigo,85,3,Cádiz,3842,0,STATUS_FULL_TIME,Estadio Abanca-Balaídos
643810,2022-09-03T12:00Z,Girona at Mallorca,GIR @ MLL,Mallorca,84,1,Girona,9812,1,STATUS_FULL_TIME,Estadi Mallorca Son Moix
643808,2022-09-03T14:15Z,Real Betis at Real Madrid,BET @ RMA,Real Madrid,86,2,Real Betis,244,1,STATUS_FULL_TIME,Estadio Bernabéu
643804,2022-09-03T16:30Z,Atlético Madrid at Real Sociedad,ATM @ RSO,Real Sociedad,89,1,Atlético Madrid,1068,1,STATUS_FULL_TIME,Estadio Municipal de Anoeta
643806,2022-09-03T19:00Z,Barcelona at Sevilla,BAR @ SEV,Sevilla,243,0,Barcelona,83,3,STATUS_FULL_TIME,Ramón Sánchez-Pizjuán
643802,2022-09-04T12:00Z,Rayo Vallecano at Osasuna,RAY @ OSA,Osasuna,97,2,Rayo Vallecano,101,1,STATUS_FULL_TIME,El Sadar
643809,2022-09-04T14:15Z,Espanyol at Athletic Club,ESP @ ATH,Athletic Club,93,0,Espanyol,88,1,STATUS_FULL_TIME,San Mamés
643803,2022-09-04T16:30Z,Elche at Villarreal,ELC @ VIL,Villarreal,102,4,Elche,3751,0,STATUS_FULL_TIME,Ciutat de Valencia
643807,2022-09-04T19:00Z,Getafe at Valencia,GET @ VAL,Valencia,94,5,Getafe,2922,1,STATUS_FULL_TIME,Mestalla
643805,2022-09-05T19:00Z,Almería at Real Valladolid,ALM @ VLL,Real Valladolid,95,1,Almería,6832,0,STATUS_FULL_TIME,José Zorrilla
643817,2022-09-09T19:00Z,Real Valladolid at Girona,VLL @ GIR,Girona,9812,2,Real Valladolid,95,1,STATUS_FULL_TIME,Municipal de Montilivi
643816,2022-09-10T12:00Z,Valencia at Rayo Vallecano,VAL @ RAY,Rayo Vallecano,101,2,Valencia,94,1,STATUS_FULL_TIME,Estadio de Vallecas
643813,2022-09-10T14:15Z,Sevilla at Espanyol,SEV @ ESP,Espanyol,88,2,Sevilla,243,3,STATUS_FULL_TIME,RCDE Stadium
643820,2022-09-10T16:30Z,Barcelona at Cádiz,BAR @ CAD,Cádiz,3842,0,Barcelona,83,4,STATUS_FULL_TIME,Nuevo Mirandilla
643811,2022-09-10T19:00Z,Celta Vigo at Atlético Madrid,CEL @ ATM,Atlético Madrid,1068,4,Celta Vigo,85,1,STATUS_FULL_TIME,Riyadh Air Metropolitano
643814,2022-09-11T12:00Z,Mallorca at Real Madrid,MLL @ RMA,Real Madrid,86,4,Mallorca,84,1,STATUS_FULL_TIME,Estadio Bernabéu
643812,2022-09-11T14:15Z,Athletic Club at Elche,ATH @ ELC,Elche,3751,1,Athletic Club,93,4,STATUS_FULL_TIME,Martínez Valero
643818,2022-09-11T16:30Z,Real Sociedad at Getafe,RSO @ GET,Getafe,2922,2,Real Sociedad,89,1,STATUS_FULL_TIME,Estadio Coliseum
643815,2022-09-11T19:00Z,Villarreal at Real Betis,VIL @ BET,Real Betis,244,1,Villarreal,102,0,STATUS_FULL_TIME,Benito Villamarín
643819,2022-09-12T19:00Z,Osasuna at Almería,OSA @ ALM,Almería,6832,0,Osasuna,97,1,STATUS_FULL_TIME,UD Almería Stadium
643824,2022-09-16T19:00Z,Cádiz at Real Valladolid,CAD @ VLL,Real Valladolid,95,0,Cádiz,3842,1,STATUS_FULL_TIME,José Zorrilla
643822,2022-09-17T12:00Z,Almería at Mallorca,ALM @ MLL,Mallorca,84,1,Almería,6832,0,STATUS_FULL_TIME,Estadi Mallorca Son Moix
643821,2022-09-17T14:15Z,Elche at Barcelona,ELC @ BAR,Barcelona,83,3,Elche,3751,0,STATUS_FULL_TIME,Spotify Camp Nou
643828,2022-09-17T16:30Z,Celta Vigo at Valencia,CEL @ VAL,Valencia,94,3,Celta Vigo,85,0,STATUS_FULL_TIME,Mestalla
643825,2022-09-17T19:00Z,Rayo Vallecano at Athletic Club,RAY @ ATH,Athletic Club,93,3,Rayo Vallecano,101,2,STATUS_FULL_TIME,San Mamés
643827,2022-09-18T12:00Z,Getafe at Osasuna,GET @ OSA,Osasuna,97,0,Getafe,2922,2,STATUS_FULL_TIME,El Sadar
643823,2022-09-18T14:15Z,Sevilla at Villarreal,SEV @ VIL,Villarreal,102,1,Sevilla,243,1,STATUS_FULL_TIME,Ciutat de Valencia
643826,2022-09-18T16:30Z,Girona at Real Betis,GIR @ BET,Real Betis,244,2,Girona,9812,1,STATUS_FULL_TIME,Benito Villamarín
643830,2022-09-18T16:30Z,Espanyol at Real Sociedad,ESP @ RSO,Real Sociedad,89,2,Espanyol,88,1,STATUS_FULL_TIME,Estadio Municipal de Anoeta
643829,2022-09-18T19:00Z,Real Madrid at Atlético Madrid,RMA @ ATM,Atlético Madrid,1068,1,Real Madrid,86,2,STATUS_FULL_TIME,Riyadh Air Metropolitano
643837,2022-09-30T19:00Z,Almería at Athletic Club,ALM @ ATH,Athletic Club,93,4,Almería,6832,0,STATUS_FULL_TIME,San Mamés
643839,2022-10-01T12:00Z,Villarreal at Cádiz,VIL @ CAD,Cádiz,3842,0,Villarreal,102,0,STATUS_FULL_TIME,Nuevo Mirandilla
643831,2022-10-01T14:15Z,Real Valladolid at Getafe,VLL @ GET,Getafe,2922,2,Real Valladolid,95,3,STATUS_FULL_TIME,Estadio Coliseum
643836,2022-10-01T16:30Z,Atlético Madrid at Sevilla,ATM @ SEV,Sevilla,243,0,Atlético Madrid,1068,2,STATUS_FULL_TIME,Ramón Sánchez-Pizjuán
643833,2022-10-01T19:00Z,Barcelona at Mallorca,BAR @ MLL,Mallorca,84,0,Barcelona,83,1,STATUS_FULL_TIME,Estadi Mallorca Son Moix
643835,2022-10-02T12:00Z,Valencia at Espanyol,VAL @ ESP,Espanyol,88,2,Valencia,94,2,STATUS_FULL_TIME,RCDE Stadium
643838,2022-10-02T14:15Z,Real Betis at Celta Vigo,BET @ CEL,Celta Vigo,85,1,Real Betis,244,0,STATUS_FULL_TIME,Estadio Abanca-Balaídos
643832,2022-10-02T16:30Z,Real Sociedad at Girona,RSO @ GIR,Girona,9812,3,Real Sociedad,89,5,STATUS_FULL_TIME,Municipal de Montilivi
643840,2022-10-02T19:00Z,Osasuna at Real Madrid,OSA @ RMA,Real Madrid,86,1,Osasuna,97,1,STATUS_FULL_TIME,Estadio Bernabéu
643834,2022-10-03T19:00Z,Elche at Rayo Vallecano,ELC @ RAY,Rayo Vallecano,101,2,Elche,3751,1,STATUS_FULL_TIME,Estadio de Vallecas
643847,2022-10-07T19:00Z,Valencia at Osasuna,VAL @ OSA,Osasuna,97,1,Valencia,94,2,STATUS_FULL_TIME,El Sadar
643846,2022-10-08T12:00Z,Rayo Vallecano at Almería,RAY @ ALM,Almería,6832,3,Rayo Vallecano,101,1,STATUS_FULL_TIME,UD Almería Stadium
643850,2022-10-08T14:15Z,Girona at Atlético Madrid,GIR @ ATM,Atlético Madrid,1068,2,Girona,9812,1,STATUS_FULL_TIME,Riyadh Air Metropolitano
643845,2022-10-08T16:30Z,Athletic Club at Sevilla,ATH @ SEV,Sevilla,243,1,Athletic Club,93,1,STATUS_FULL_TIME,Ramón Sánchez-Pizjuán
643841,2022-10-08T19:00Z,Real Madrid at Getafe,RMA @ GET,Getafe,2922,0,Real Madrid,86,1,STATUS_FULL_TIME,Estadio Coliseum
643849,2022-10-09T12:00Z,Real Betis at Real Valladolid,BET @ VLL,Real Valladolid,95,0,Real Betis,244,0,STATUS_FULL_TIME,José Zorrilla
643843,2022-10-09T14:15Z,Espanyol at Cádiz,ESP @ CAD,Cádiz,3842,2,Espanyol,88,2,STATUS_FULL_TIME,Nuevo Mirandilla
643848,2022-10-09T16:30Z,Villarreal at Real Sociedad,VIL @ RSO,Real Sociedad,89,1,Villarreal,102,0,STATUS_FULL_TIME,Estadio Municipal de Anoeta
643844,2022-10-09T19:00Z,Celta Vigo at Barcelona,CEL @ BAR,Barcelona,83,1,Celta Vigo,85,0,STATUS_FULL_TIME,Spotify Camp Nou
643842,2022-10-10T19:30Z,Mallorca at Elche,MLL @ ELC,Elche,3751,1,Mallorca,84,1,STATUS_FULL_TIME,Martínez Valero
643858,2022-10-14T19:00Z,Getafe at Rayo Vallecano,GET @ RAY,Rayo Vallecano,101,0,Getafe,2922,0,STATUS_FULL_TIME,Estadio de Vallecas
643860,2022-10-15T12:00Z,Cádiz at Girona,CAD @ GIR,Girona,9812,1,Cádiz,3842,1,STATUS_FULL_TIME,Municipal de Montilivi
643851,2022-10-15T14:15Z,Elche at Valencia,ELC @ VAL,Valencia,94,2,Elche,3751,2,STATUS_FULL_TIME,Mestalla
643852,2022-10-15T16:30Z,Sevilla at Mallorca,SEV @ MLL,Mallorca,84,0,Sevilla,243,1,STATUS_FULL_TIME,Estadi Mallorca Son Moix
643853,2022-10-15T19:00Z,Atlético Madrid at Athletic Club,ATM @ ATH,Athletic Club,93,0,Atlético Madrid,1068,1,STATUS_FULL_TIME,San Mamés
643855,2022-10-16T12:00Z,Real Sociedad at Celta Vigo,RSO @ CEL,Celta Vigo,85,1,Real Sociedad,89,2,STATUS_FULL_TIME,Estadio Abanca-Balaídos
643856,2022-10-16T14:15Z,Barcelona at Real Madrid,BAR @ RMA,Real Madrid,86,3,Barcelona,83,1,STATUS_FULL_TIME,Estadio Bernabéu
643854,2022-10-16T16:30Z,Real Valladolid at Espanyol,VLL @ ESP,Espanyol,88,1,Real Valladolid,95,0,STATUS_FULL_TIME,RCDE Stadium
643857,2022-10-16T19:00Z,Almería at Real Betis,ALM @ BET,Real Betis,244,3,Almería,6832,1,STATUS_FULL_TIME,Benito Villamarín
643859,2022-10-17T19:00Z,Osasuna at Villarreal,OSA @ VIL,Villarreal,102,2,Osasuna,97,0,STATUS_FULL_TIME,Ciutat de Valencia
643863,2022-10-18T17:00Z,Valencia at Sevilla,VAL @ SEV,Sevilla,243,1,Valencia,94,1,STATUS_FULL_TIME,Ramón Sánchez-Pizjuán
643869,2022-10-18T18:00Z,Athletic Club at Getafe,ATH @ GET,Getafe,2922,2,Athletic Club,93,2,STATUS_FULL_TIME,Estadio Coliseum
643870,2022-10-18T19:00Z,Rayo Vallecano at Atlético Madrid,RAY @ ATM,Atlético Madrid,1068,1,Rayo Vallecano,101,1,STATUS_FULL_TIME,Riyadh Air Metropolitano
643867,2022-10-19T17:00Z,Real Betis at Cádiz,BET @ CAD,Cádiz,3842,0,Real Betis,244,0,STATUS_FULL_TIME,Nuevo Mirandilla
643861,2022-10-19T17:00Z,Celta Vigo at Real Valladolid,CEL @ VLL,Real Valladolid,95,4,Celta Vigo,85,1,STATUS_FULL_TIME,José Zorrilla
643862,2022-10-19T18:00Z,Mallorca at Real Sociedad,MLL @ RSO,Real Sociedad,89,1,Mallorca,84,0,STATUS_FULL_TIME,Estadio Municipal de Anoeta
643868,2022-10-19T19:00Z,Real Madrid at Elche,RMA @ ELC,Elche,3751,0,Real Madrid,86,3,STATUS_FULL_TIME,Martínez Valero
643864,2022-10-20T17:00Z,Girona at Almería,GIR @ ALM,Almería,6832,3,Girona,9812,2,STATUS_FULL_TIME,UD Almería Stadium
643865,2022-10-20T18:00Z,Espanyol at Osasuna,ESP @ OSA,Osasuna,97,1,Espanyol,88,0,STATUS_FULL_TIME,El Sadar
643866,2022-10-20T19:00Z,Villarreal at Barcelona,VIL @ BAR,Barcelona,83,3,Villarreal,102,0,STATUS_FULL_TIME,Spotify Camp Nou
643873,2022-10-22T12:00Z,Cádiz at Rayo Vallecano,CAD @ RAY,Rayo Vallecano,101,5,Cádiz,3842,1,STATUS_FULL_TIME,Estadio de Vallecas
643875,2022-10-22T14:15Z,Real Sociedad at Real Valladolid,RSO @ VLL,Real Valladolid,95,1,Real Sociedad,89,0,STATUS_FULL_TIME,José Zorrilla
643876,2022-10-22T16:30Z,Mallorca at Valencia,MLL @ VAL,Valencia,94,1,Mallorca,84,2,STATUS_FULL_TIME,Mestalla
643874,2022-10-22T19:00Z,Sevilla at Real Madrid,SEV @ RMA,Real Madrid,86,3,Sevilla,243,1,STATUS_FULL_TIME,Estadio Bernabéu
643871,2022-10-23T12:00Z,Elche at Espanyol,ELC @ ESP,Espanyol,88,2,Elche,3751,2,STATUS_FULL_TIME,RCDE Stadium
643880,2022-10-23T14:15Z,Atlético Madrid at Real Betis,ATM @ BET,Real Betis,244,1,Atlético Madrid,1068,2,STATUS_FULL_TIME,Benito Villamarín
643872,2022-10-23T16:30Z,Osasuna at Girona,OSA @ GIR,Girona,9812,1,Osasuna,97,1,STATUS_FULL_TIME,Municipal de Montilivi
643877,2022-10-23T16:30Z,Almería at Villarreal,ALM @ VIL,Villarreal,102,2,Almería,6832,1,STATUS_FULL_TIME,Ciutat de Valencia
643879,2022-10-23T19:00Z,Athletic Club at Barcelona,ATH @ BAR,Barcelona,83,4,Athletic Club,93,0,STATUS_FULL_TIME,Spotify Camp Nou
643878,2022-10-24T19:00Z,Getafe at Celta Vigo,GET @ CEL,Celta Vigo,85,1,Getafe,2922,1,STATUS_FULL_TIME,Estadio Abanca-Balaídos
643889,2022-10-28T19:00Z,Espanyol at Mallorca,ESP @ MLL,Mallorca,84,1,Espanyol,88,1,STATUS_FULL_TIME,Estadi Mallorca Son Moix
643884,2022-10-29T12:00Z,Celta Vigo at Almería,CEL @ ALM,Almería,6832,3,Celta Vigo,85,1,STATUS_FULL_TIME,UD Almería Stadium
643887,2022-10-29T14:15Z,Atlético Madrid at Cádiz,ATM @ CAD,Cádiz,3842,3,Atlético Madrid,1068,2,STATUS_FULL_TIME,Nuevo Mirandilla
643883,2022-10-29T16:30Z,Rayo Vallecano at Sevilla,RAY @ SEV,Sevilla,243,0,Rayo Vallecano,101,1,STATUS_FULL_TIME,Ramón Sánchez-Pizjuán
643885,2022-10-29T19:00Z,Barcelona at Valencia,BAR @ VAL,Valencia,94,0,Barcelona,83,1,STATUS_FULL_TIME,Mestalla
643890,2022-10-30T13:00Z,Real Valladolid at Osasuna,VLL @ OSA,Osasuna,97,2,Real Valladolid,95,0,STATUS_FULL_TIME,El Sadar
643881,2022-10-30T15:15Z,Girona at Real Madrid,GIR @ RMA,Real Madrid,86,1,Girona,9812,1,STATUS_FULL_TIME,Estadio Bernabéu
643886,2022-10-30T17:30Z,Villarreal at Athletic Club,VIL @ ATH,Athletic Club,93,1,Villarreal,102,0,STATUS_FULL_TIME,San Mamés
643882,2022-10-30T20:00Z,Real Betis at Real Sociedad,BET @ RSO,Real Sociedad,89,0,Real Betis,244,2,STATUS_FULL_TIME,Estadio Municipal de Anoeta
643888,2022-10-31T20:00Z,Getafe at Elche,GET @ ELC,Elche,3751,0,Getafe,2922,1,STATUS_FULL_TIME,Martínez Valero
643897,2022-11-04T20:00Z,Athletic Club at Girona,ATH @ GIR,Girona,9812,2,Athletic Club,93,1,STATUS_FULL_TIME,Municipal de Montilivi
643896,2022-11-05T13:00Z,Cádiz at Getafe,CAD @ GET,Getafe,2922,0,Cádiz,3842,0,STATUS_FULL_TIME,Estadio Coliseum
643891,2022-11-05T15:15Z,Elche at Real Valladolid,ELC @ VLL,Real Valladolid,95,2,Elche,3751,1,STATUS_FULL_TIME,José Zorrilla
643895,2022-11-05T17:30Z,Osasuna at Celta Vigo,OSA @ CEL,Celta Vigo,85,1,Osasuna,97,2,STATUS_FULL_TIME,Estadio Abanca-Balaídos
643894,2022-11-05T20:00Z,Almería at Barcelona,ALM @ BAR,Barcelona,83,2,Almería,6832,0,STATUS_FULL_TIME,Spotify Camp Nou
643893,2022-11-06T13:00Z,Espanyol at Atlético Madrid,ESP @ ATM,Atlético Madrid,1068,1,Espanyol,88,1,STATUS_FULL_TIME,Riyadh Air Metropolitano
643892,2022-11-06T15:15Z,Valencia at Real Sociedad,VAL @ RSO,Real Sociedad,89,1,Valencia,94,1,STATUS_FULL_TIME,Estadio Municipal de Anoeta
643900,2022-11-06T17:30Z,Mallorca at Villarreal,MLL @ VIL,Villarreal,102,0,Mallorca,84,2,STATUS_FULL_TIME,Ciutat de Valencia
643899,2022-11-06T20:00Z,Sevilla at Real Betis,SEV @ BET,Real Betis,244,1,Sevilla,243,1,STATUS_FULL_TIME,Benito Villamarín
643898,2022-11-07T20:00Z,Real Madrid at Rayo Vallecano,RMA @ RAY,Rayo Vallecano,101,3,Real Madrid,86,2,STATUS_FULL_TIME,Estadio de Vallecas
643903,2022-11-08T18:00Z,Girona at Elche,GIR @ ELC,Elche,3751,1,Girona,9812,2,STATUS_FULL_TIME,Martínez Valero
643902,2022-11-08T19:00Z,Real Valladolid at Athletic Club,VLL @ ATH,Athletic Club,93,3,Real Valladolid,95,0,STATUS_FULL_TIME,San Mamés
643905,2022-11-08T20:30Z,Barcelona at Osasuna,BAR @ OSA,Osasuna,97,1,Barcelona,83,2,STATUS_FULL_TIME,El Sadar
643906,2022-11-09T18:00Z,Getafe at Almería,GET @ ALM,Almería,6832,1,Getafe,2922,0,STATUS_FULL_TIME,UD Almería Stadium
643901,2022-11-09T18:00Z,Real Sociedad at Sevilla,RSO @ SEV,Sevilla,243,1,Real Sociedad,89,2,STATUS_FULL_TIME,Ramón Sánchez-Pizjuán
643904,2022-11-09T19:00Z,Villarreal at Espanyol,VIL @ ESP,Espanyol,88,0,Villarreal,102,1,STATUS_FULL_TIME,RCDE Stadium
643910,2022-11-09T20:30Z,Atlético Madrid at Mallorca,ATM @ MLL,Mallorca,84,1,Atlético Madrid,1068,0,STATUS_FULL_TIME,Estadi Mallorca Son Moix
643907,2022-11-10T18:00Z,Celta Vigo at Rayo Vallecano,CEL @ RAY,Rayo Vallecano,101,0,Celta Vigo,85,0,STATUS_FULL_TIME,Estadio de Vallecas
643909,2022-11-10T19:00Z,Real Betis at Valencia,BET @ VAL,Valencia,94,3,Real Betis,244,0,STATUS_FULL_TIME,Mestalla
643908,2022-11-10T20:30Z,Cádiz at Real Madrid,CAD @ RMA,Real Madrid,86,2,Cádiz,3842,1,STATUS_FULL_TIME,Estadio Bernabéu
643916,2022-12-29T16:00Z,Rayo Vallecano at Girona,RAY @ GIR,Girona,9812,2,Rayo Vallecano,101,2,STATUS_FULL_TIME,Municipal de Montilivi
643917,2022-12-29T18:15Z,Athletic Club at Real Betis,ATH @ BET,Real Betis,244,0,Athletic Club,93,0,STATUS_FULL_TIME,Benito Villamarín
643911,2022-12-29T20:30Z,Elche at Atlético Madrid,ELC @ ATM,Atlético Madrid,1068,2,Elche,3751,0,STATUS_FULL_TIME,Riyadh Air Metropolitano
643915,2022-12-30T16:00Z,Mallorca at Getafe,MLL @ GET,Getafe,2922,2,Mallorca,84,0,STATUS_FULL_TIME,Estadio Coliseum
643914,2022-12-30T18:15Z,Almería at Cádiz,ALM @ CAD,Cádiz,3842,1,Almería,6832,1,STATUS_FULL_TIME,Nuevo Mirandilla
643913,2022-12-30T18:15Z,Sevilla at Celta Vigo,SEV @ CEL,Celta Vigo,85,1,Sevilla,243,1,STATUS_FULL_TIME,Estadio Abanca-Balaídos
643919,2022-12-30T20:30Z,Real Madrid at Real Valladolid,RMA @ VLL,Real Valladolid,95,0,Real Madrid,86,2,STATUS_FULL_TIME,José Zorrilla
643912,2022-12-31T13:00Z,Espanyol at Barcelona,ESP @ BAR,Barcelona,83,1,Espanyol,88,1,STATUS_FULL_TIME,Spotify Camp Nou
643918,2022-12-31T15:15Z,Osasuna at Real Sociedad,OSA @ RSO,Real Sociedad,89,2,Osasuna,97,0,STATUS_FULL_TIME,Estadio Municipal de Anoeta
643920,2022-12-31T15:15Z,Valencia at Villarreal,VAL @ VIL,Villarreal,102,2,Valencia,94,1,STATUS_FULL_TIME,Estadio de la Cerámica
643929,2023-01-06T17:30Z,Celta Vigo at Elche,CEL @ ELC,Elche,3751,0,Celta Vigo,85,1,STATUS_FULL_TIME,Martínez Valero
643921,2023-01-06T20:00Z,Cádiz at Valencia,CAD @ VAL,Valencia,94,0,Cádiz,3842,1,STATUS_FULL_TIME,Mestalla
643930,2023-01-07T15:15Z,Real Madrid at Villarreal,RMA @ VIL,Villarreal,102,2,Real Madrid,86,1,STATUS_FULL_TIME,Estadio de la Cerámica
643924,2023-01-07T17:30Z,Real Valladolid at Mallorca,VLL @ MLL,Mallorca,84,1,Real Valladolid,95,0,STATUS_FULL_TIME,Estadi Mallorca Son Moix
643925,2023-01-07T20:00Z,Girona at Espanyol,GIR @ ESP,Espanyol,88,2,Girona,9812,2,STATUS_FULL_TIME,RCDE Stadium
643926,2023-01-08T13:00Z,Real Sociedad at Almería,RSO @ ALM,Almería,6832,0,Real Sociedad,89,2,STATUS_FULL_TIME,UD Almería Stadium
643923,2023-01-08T15:15Z,Real Betis at Rayo Vallecano,BET @ RAY,Rayo Vallecano,101,1,Real Betis,244,2,STATUS_FULL_TIME,Estadio de Vallecas
643922,2023-01-08T17:30Z,Getafe at Sevilla,GET @ SEV,Sevilla,243,2,Getafe,2922,1,STATUS_FULL_TIME,Ramón Sánchez-Pizjuán
643928,2023-01-08T20:00Z,Barcelona at Atlético Madrid,BAR @ ATM,Atlético Madrid,1068,0,Barcelona,83,1,STATUS_FULL_TIME,Riyadh Air Metropolitano
643927,2023-01-09T20:00Z,Osasuna at Athletic Club,OSA @ ATH,Athletic Club,93,0,Osasuna,97,0,STATUS_FULL_TIME,San Mamés
643937,2023-01-13T20:00Z,Villarreal at Celta Vigo,VIL @ CEL,Celta Vigo,85,1,Villarreal,102,1,STATUS_FULL_TIME,Estadio Abanca-Balaídos
643934,2023-01-14T13:00Z,Rayo Vallecano at Real Valladolid,RAY @ VLL,Real Valladolid,95,0,Rayo Vallecano,101,1,STATUS_FULL_TIME,José Zorrilla
643935,2023-01-14T15:15Z,Sevilla at Girona,SEV @ GIR,Girona,9812,2,Sevilla,243,1,STATUS_FULL_TIME,Municipal de Montilivi
643940,2023-01-14T17:30Z,Mallorca at Osasuna,MLL @ OSA,Osasuna,97,1,Mallorca,84,0,STATUS_FULL_TIME,El Sadar
643933,2023-01-14T20:00Z,Athletic Club at Real Sociedad,ATH @ RSO,Real Sociedad,89,3,Athletic Club,93,1,STATUS_FULL_TIME,Estadio Municipal de Anoeta
643939,2023-01-15T13:00Z,Espanyol at Getafe,ESP @ GET,Getafe,2922,1,Espanyol,88,2,STATUS_FULL_TIME,Estadio Coliseum
643936,2023-01-15T15:15Z,Atlético Madrid at Almería,ATM @ ALM,Almería,6832,1,Atlético Madrid,1068,1,STATUS_FULL_TIME,UD Almería Stadium
643938,2023-01-16T20:00Z,Elche at Cádiz,ELC @ CAD,Cádiz,3842,1,Elche,3751,1,STATUS_FULL_TIME,Nuevo Mirandilla
643945,2023-01-20T20:00Z,Celta Vigo at Mallorca,CEL @ MLL,Mallorca,84,1,Celta Vigo,85,0,STATUS_FULL_TIME,Estadi Mallorca Son Moix
643946,2023-01-21T13:00Z,Real Sociedad at Rayo Vallecano,RSO @ RAY,Rayo Vallecano,101,0,Real Sociedad,89,2,STATUS_FULL_TIME,Estadio de Vallecas
643944,2023-01-21T15:15Z,Real Betis at Espanyol,BET @ ESP,Espanyol,88,1,Real Betis,244,0,STATUS_FULL_TIME,RCDE Stadium
643942,2023-01-21T17:30Z,Real Valladolid at Atlético Madrid,VLL @ ATM,Atlético Madrid,1068,3,Real Valladolid,95,0,STATUS_FULL_TIME,Riyadh Air Metropolitano
643947,2023-01-21T20:00Z,Cádiz at Sevilla,CAD @ SEV,Sevilla,243,1,Cádiz,3842,0,STATUS_FULL_TIME,Ramón Sánchez-Pizjuán
643948,2023-01-22T13:00Z,Girona at Villarreal,GIR @ VIL,Villarreal,102,1,Girona,9812,0,STATUS_FULL_TIME,Estadio de la Cerámica
643949,2023-01-22T15:15Z,Osasuna at Elche,OSA @ ELC,Elche,3751,1,Osasuna,97,1,STATUS_FULL_TIME,Martínez Valero
643950,2023-01-22T17:30Z,Getafe at Barcelona,GET @ BAR,Barcelona,83,1,Getafe,2922,0,STATUS_FULL_TIME,Spotify Camp Nou
643941,2023-01-22T20:00Z,Real Madrid at Athletic Club,RMA @ ATH,Athletic Club,93,0,Real Madrid,86,2,STATUS_FULL_TIME,San Mamés
643943,2023-01-23T20:00Z,Almería at Valencia,ALM @ VAL,Valencia,94,2,Almería,6832,2,STATUS_FULL_TIME,Mestalla
643951,2023-01-27T20:00Z,Espanyol at Almería,ESP @ ALM,Almería,6832,3,Espanyol,88,1,STATUS_FULL_TIME,UD Almería Stadium
643958,2023-01-28T13:00Z,Mallorca at Cádiz,MLL @ CAD,Cádiz,3842,2,Mallorca,84,0,STATUS_FULL_TIME,Nuevo Mirandilla
643956,2023-01-28T15:15Z,Barcelona at Girona,BAR @ GIR,Girona,9812,0,Barcelona,83,1,STATUS_FULL_TIME,Municipal de Montilivi
643952,2023-01-28T17:30Z,Elche at Sevilla,ELC @ SEV,Sevilla,243,3,Elche,3751,0,STATUS_FULL_TIME,Ramón Sánchez-Pizjuán
643957,2023-01-28T20:00Z,Real Betis at Getafe,BET @ GET,Getafe,2922,0,Real Betis,244,1,STATUS_FULL_TIME,Estadio Coliseum
643953,2023-01-29T13:00Z,Valencia at Real Valladolid,VAL @ VLL,Real Valladolid,95,1,Valencia,94,0,STATUS_FULL_TIME,José Zorrilla
643960,2023-01-29T15:15Z,Atlético Madrid at Osasuna,ATM @ OSA,Osasuna,97,0,Atlético Madrid,1068,1,STATUS_FULL_TIME,El Sadar
643959,2023-01-29T17:30Z,Athletic Club at Celta Vigo,ATH @ CEL,Celta Vigo,85,1,Athletic Club,93,0,STATUS_FULL_TIME,Estadio Abanca-Balaídos
643954,2023-01-29T20:00Z,Real Sociedad at Real Madrid,RSO @ RMA,Real Madrid,86,0,Real Sociedad,89,0,STATUS_FULL_TIME,Estadio Bernabéu
643955,2023-01-30T20:00Z,Rayo Vallecano at Villarreal,RAY @ VIL,Villarreal,102,0,Rayo Vallecano,101,1,STATUS_FULL_TIME,Estadio de la Cerámica
643931,2023-02-01T20:00Z,Barcelona at Real Betis,BAR @ BET,Real Betis,244,1,Barcelona,83,2,STATUS_FULL_TIME,Estadio Benito Villamarín
643932,2023-02-02T20:00Z,Valencia at Real Madrid,VAL @ RMA,Real Madrid,86,2,Valencia,94,0,STATUS_FULL_TIME,Estadio Bernabéu
643969,2023-02-03T20:00Z,Cádiz at Athletic Club,CAD @ ATH,Athletic Club,93,4,Cádiz,3842,1,STATUS_FULL_TIME,San Mamés
643970,2023-02-04T13:00Z,Osasuna at Espanyol,OSA @ ESP,Espanyol,88,1,Osasuna,97,1,STATUS_FULL_TIME,RCDE Stadium
643966,2023-02-04T15:15Z,Villarreal at Elche,VIL @ ELC,Elche,3751,3,Villarreal,102,1,STATUS_FULL_TIME,Martínez Valero
643968,2023-02-04T17:30Z,Getafe at Atlético Madrid,GET @ ATM,Atlético Madrid,1068,1,Getafe,2922,1,STATUS_FULL_TIME,Riyadh Air Metropolitano
643961,2023-02-04T20:00Z,Celta Vigo at Real Betis,CEL @ BET,Real Betis,244,3,Celta Vigo,85,4,STATUS_FULL_TIME,Benito Villamarín
643963,2023-02-05T13:00Z,Real Madrid at Mallorca,RMA @ MLL,Mallorca,84,1,Real Madrid,86,0,STATUS_FULL_TIME,Estadi Mallorca Son Moix
643964,2023-02-05T15:15Z,Valencia at Girona,VAL @ GIR,Girona,9812,1,Valencia,94,0,STATUS_FULL_TIME,Municipal de Montilivi
643965,2023-02-05T17:30Z,Real Valladolid at Real Sociedad,VLL @ RSO,Real Sociedad,89,0,Real Valladolid,95,1,STATUS_FULL_TIME,Estadio Municipal de Anoeta
643967,2023-02-05T20:00Z,Sevilla at Barcelona,SEV @ BAR,Barcelona,83,3,Sevilla,243,0,STATUS_FULL_TIME,Spotify Camp Nou
643962,2023-02-06T20:00Z,Almería at Rayo Vallecano,ALM @ RAY,Rayo Vallecano,101,2,Almería,6832,0,STATUS_FULL_TIME,Estadio de Vallecas
643977,2023-02-10T20:00Z,Girona at Cádiz,GIR @ CAD,Cádiz,3842,2,Girona,9812,0,STATUS_FULL_TIME,Nuevo Mirandilla
643979,2023-02-11T15:15Z,Real Betis at Almería,BET @ ALM,Almería,6832,2,Real Betis,244,3,STATUS_SCHEDULED,UD Almería Stadium
643973,2023-02-11T17:30Z,Mallorca at Sevilla,MLL @ SEV,Sevilla,243,2,Mallorca,84,0,STATUS_SCHEDULED,Ramón Sánchez-Pizjuán
643974,2023-02-11T20:00Z,Athletic Club at Valencia,ATH @ VAL,Valencia,94,1,Athletic Club,93,2,STATUS_SCHEDULED,Mestalla
643980,2023-02-12T13:00Z,Rayo Vallecano at Getafe,RAY @ GET,Getafe,2922,1,Rayo Vallecano,101,1,STATUS_FULL_TIME,Estadio Coliseum
643978,2023-02-12T15:15Z,Atlético Madrid at Celta Vigo,ATM @ CEL,Celta Vigo,85,0,Atlético Madrid,1068,1,STATUS_FULL_TIME,
643972,2023-02-12T17:30Z,Osasuna at Real Valladolid,OSA @ VLL,Real Valladolid,95,0,Osasuna,97,0,STATUS_FULL_TIME,José Zorrilla
643975,2023-02-12T20:00Z,Barcelona at Villarreal,BAR @ VIL,Villarreal,102,0,Barcelona,83,1,STATUS_FULL_TIME,Estadio de la Cerámica
643976,2023-02-13T20:00Z,Real Sociedad at Espanyol,RSO @ ESP,Espanyol,88,2,Real Sociedad,89,3,STATUS_SCHEDULED,RCDE Stadium
643971,2023-02-15T20:00Z,Elche at Real Madrid,ELC @ RMA,Real Madrid,86,4,Elche,3751,0,STATUS_SCHEDULED,Estadio Bernabéu
643988,2023-02-17T20:00Z,Almería at Girona,ALM @ GIR,Girona,9812,6,Almería,6832,2,STATUS_FULL_TIME,Municipal de Montilivi
643982,2023-02-18T13:00Z,Celta Vigo at Real Sociedad,CEL @ RSO,Real Sociedad,89,1,Celta Vigo,85,1,STATUS_FULL_TIME,Estadio Municipal de Anoeta
643981,2023-02-18T15:15Z,Real Valladolid at Real Betis,VLL @ BET,Real Betis,244,2,Real Valladolid,95,1,STATUS_FULL_TIME,Benito Villamarín
643989,2023-02-18T17:30Z,Villarreal at Mallorca,VIL @ MLL,Mallorca,84,4,Villarreal,102,2,STATUS_FULL_TIME,Estadi Mallorca Son Moix
643990,2023-02-18T20:00Z,Real Madrid at Osasuna,RMA @ OSA,Osasuna,97,0,Real Madrid,86,2,STATUS_FULL_TIME,El Sadar
643986,2023-02-19T13:00Z,Espanyol at Elche,ESP @ ELC,Elche,3751,0,Espanyol,88,1,STATUS_FULL_TIME,Martínez Valero
643985,2023-02-19T15:15Z,Sevilla at Rayo Vallecano,SEV @ RAY,Rayo Vallecano,101,1,Sevilla,243,1,STATUS_FULL_TIME,Estadio de Vallecas
643984,2023-02-19T17:30Z,Athletic Club at Atlético Madrid,ATH @ ATM,Atlético Madrid,1068,1,Athletic Club,93,0,STATUS_FULL_TIME,Riyadh Air Metropolitano
643983,2023-02-19T20:00Z,Cádiz at Barcelona,CAD @ BAR,Barcelona,83,2,Cádiz,3842,0,STATUS_FULL_TIME,Spotify Camp Nou
643987,2023-02-20T20:00Z,Valencia at Getafe,VAL @ GET,Getafe,2922,1,Valencia,94,0,STATUS_FULL_TIME,Estadio Coliseum
643998,2023-02-24T20:00Z,Real Betis at Elche,BET @ ELC,Elche,3751,2,Real Betis,244,3,STATUS_FULL_TIME,Martínez Valero
643995,2023-02-25T13:00Z,Mallorca at Espanyol,MLL @ ESP,Espanyol,88,2,Mallorca,84,1,STATUS_FULL_TIME,RCDE Stadium
643997,2023-02-25T15:15Z,Rayo Vallecano at Cádiz,RAY @ CAD,Cádiz,3842,1,Rayo Vallecano,101,0,STATUS_FULL_TIME,Nuevo Mirandilla
643994,2023-02-25T17:30Z,Atlético Madrid at Real Madrid,ATM @ RMA,Real Madrid,86,1,Atlético Madrid,1068,1,STATUS_FULL_TIME,Estadio Bernabéu
643992,2023-02-25T20:00Z,Real Sociedad at Valencia,RSO @ VAL,Valencia,94,1,Real Sociedad,89,0,STATUS_FULL_TIME,Mestalla
644000,2023-02-26T13:00Z,Girona at Athletic Club,GIR @ ATH,Athletic Club,93,2,Girona,9812,3,STATUS_FULL_TIME,San Mamés
643996,2023-02-26T15:15Z,Real Valladolid at Celta Vigo,VLL @ CEL,Celta Vigo,85,3,Real Valladolid,95,0,STATUS_FULL_TIME,Estadio Abanca-Balaídos
643991,2023-02-26T17:30Z,Barcelona at Almería,BAR @ ALM,Almería,6832,1,Barcelona,83,0,STATUS_FULL_TIME,UD Almería Stadium
643993,2023-02-26T20:00Z,Osasuna at Sevilla,OSA @ SEV,Sevilla,243,2,Osasuna,97,3,STATUS_FULL_TIME,Ramón Sánchez-Pizjuán
643999,2023-02-27T20:00Z,Getafe at Villarreal,GET @ VIL,Villarreal,102,2,Getafe,2922,1,STATUS_FULL_TIME,Estadio de la Cerámica
644009,2023-03-03T20:00Z,Cádiz at Real Sociedad,CAD @ RSO,Real Sociedad,89,0,Cádiz,3842,0,STATUS_FULL_TIME,Estadio Municipal de Anoeta
644004,2023-03-04T13:00Z,Girona at Getafe,GIR @ GET,Getafe,2922,3,Girona,9812,2,STATUS_FULL_TIME,Estadio Coliseum
644001,2023-03-04T15:15Z,Villarreal at Almería,VIL @ ALM,Almería,6832,0,Villarreal,102,2,STATUS_FULL_TIME,UD Almería Stadium
644005,2023-03-04T17:30Z,Elche at Mallorca,ELC @ MLL,Mallorca,84,0,Elche,3751,1,STATUS_FULL_TIME,Estadi Mallorca Son Moix
644002,2023-03-04T20:00Z,Sevilla at Atlético Madrid,SEV @ ATM,Atlético Madrid,1068,6,Sevilla,243,1,STATUS_FULL_TIME,Riyadh Air Metropolitano
644010,2023-03-05T13:00Z,Espanyol at Real Valladolid,ESP @ VLL,Real Valladolid,95,2,Espanyol,88,1,STATUS_FULL_TIME,José Zorrilla
644003,2023-03-05T15:15Z,Valencia at Barcelona,VAL @ BAR,Barcelona,83,1,Valencia,94,0,STATUS_FULL_TIME,Spotify Camp Nou
644007,2023-03-05T17:30Z,Athletic Club at Rayo Vallecano,ATH @ RAY,Rayo Vallecano,101,0,Athletic Club,93,0,STATUS_FULL_TIME,Estadio de Vallecas
644008,2023-03-05T20:00Z,Real Madrid at Real Betis,RMA @ BET,Real Betis,244,0,Real Madrid,86,0,STATUS_FULL_TIME,Benito Villamarín
644006,2023-03-06T20:00Z,Celta Vigo at Osasuna,CEL @ OSA,Osasuna,97,0,Celta Vigo,85,0,STATUS_FULL_TIME,El Sadar
644013,2023-03-10T20:00Z,Getafe at Cádiz,GET @ CAD,Cádiz,3842,2,Getafe,2922,2,STATUS_FULL_TIME,Nuevo Mirandilla
644017,2023-03-11T13:00Z,Espanyol at Real Madrid,ESP @ RMA,Real Madrid,86,3,Espanyol,88,1,STATUS_FULL_TIME,Estadio Bernabéu
644014,2023-03-11T15:15Z,Real Valladolid at Elche,VLL @ ELC,Elche,3751,1,Real Valladolid,95,1,STATUS_FULL_TIME,Martínez Valero
644012,2023-03-11T17:30Z,Rayo Vallecano at Celta Vigo,RAY @ CEL,Celta Vigo,85,3,Rayo Vallecano,101,0,STATUS_FULL_TIME,Estadio Abanca-Balaídos
644019,2023-03-11T20:00Z,Osasuna at Valencia,OSA @ VAL,Valencia,94,1,Osasuna,97,0,STATUS_FULL_TIME,Mestalla
644016,2023-03-12T13:00Z,Real Sociedad at Mallorca,RSO @ MLL,Mallorca,84,1,Real Sociedad,89,1,STATUS_FULL_TIME,Estadi Mallorca Son Moix
644018,2023-03-12T15:15Z,Almería at Sevilla,ALM @ SEV,Sevilla,243,2,Almería,6832,1,STATUS_FULL_TIME,Ramón Sánchez-Pizjuán
644020,2023-03-12T17:30Z,Real Betis at Villarreal,BET @ VIL,Villarreal,102,1,Real Betis,244,1,STATUS_FULL_TIME,Estadio de la Cerámica
644011,2023-03-12T20:00Z,Barcelona at Athletic Club,BAR @ ATH,Athletic Club,93,0,Barcelona,83,1,STATUS_FULL_TIME,San Mamés
644015,2023-03-13T20:00Z,Atlético Madrid at Girona,ATM @ GIR,Girona,9812,0,Atlético Madrid,1068,1,STATUS_FULL_TIME,Municipal de Montilivi
644029,2023-03-17T20:00Z,Athletic Club at Real Valladolid,ATH @ VLL,Real Valladolid,95,1,Athletic Club,93,3,STATUS_FULL_TIME,José Zorrilla
644021,2023-03-18T13:00Z,Cádiz at Almería,CAD @ ALM,Almería,6832,1,Cádiz,3842,1,STATUS_FULL_TIME,UD Almería Stadium
644027,2023-03-18T15:15Z,Girona at Rayo Vallecano,GIR @ RAY,Rayo Vallecano,101,2,Girona,9812,2,STATUS_FULL_TIME,Estadio de Vallecas
644024,2023-03-18T17:30Z,Celta Vigo at Espanyol,CEL @ ESP,Espanyol,88,1,Celta Vigo,85,3,STATUS_FULL_TIME,RCDE Stadium
644022,2023-03-18T20:00Z,Valencia at Atlético Madrid,VAL @ ATM,Atlético Madrid,1068,3,Valencia,94,0,STATUS_FULL_TIME,Riyadh Air Metropolitano
644028,2023-03-19T13:00Z,Mallorca at Real Betis,MLL @ BET,Real Betis,244,1,Mallorca,84,0,STATUS_FULL_TIME,Benito Villamarín
644026,2023-03-19T15:15Z,Villarreal at Osasuna,VIL @ OSA,Osasuna,97,0,Villarreal,102,3,STATUS_FULL_TIME,El Sadar
644025,2023-03-19T15:15Z,Elche at Real Sociedad,ELC @ RSO,Real Sociedad,89,2,Elche,3751,0,STATUS_FULL_TIME,Estadio Municipal de Anoeta
644030,2023-03-19T17:30Z,Sevilla at Getafe,SEV @ GET,Getafe,2922,2,Sevilla,243,0,STATUS_FULL_TIME,Estadio Coliseum
644023,2023-03-19T20:00Z,Real Madrid at Barcelona,RMA @ BAR,Barcelona,83,2,Real Madrid,86,1,STATUS_FULL_TIME,Spotify Camp Nou
644035,2023-03-31T19:00Z,Osasuna at Mallorca,OSA @ MLL,Mallorca,84,0,Osasuna,97,0,STATUS_FULL_TIME,Estadi Mallorca Son Moix
644039,2023-04-01T12:00Z,Espanyol at Girona,ESP @ GIR,Girona,9812,2,Espanyol,88,1,STATUS_FULL_TIME,Municipal de Montilivi
644034,2023-04-01T14:15Z,Getafe at Athletic Club,GET @ ATH,Athletic Club,93,0,Getafe,2922,0,STATUS_FULL_TIME,San Mamés
644037,2023-04-01T16:30Z,Sevilla at Cádiz,SEV @ CAD,Cádiz,3842,0,Sevilla,243,2,STATUS_FULL_TIME,Nuevo Mirandilla
644038,2023-04-01T19:00Z,Barcelona at Elche,BAR @ ELC,Elche,3751,0,Barcelona,83,4,STATUS_FULL_TIME,Martínez Valero
644036,2023-04-02T12:00Z,Almería at Celta Vigo,ALM @ CEL,Celta Vigo,85,2,Almería,6832,2,STATUS_FULL_TIME,Estadio Abanca-Balaídos
644032,2023-04-02T14:15Z,Real Valladolid at Real Madrid,VLL @ RMA,Real Madrid,86,6,Real Valladolid,95,0,STATUS_FULL_TIME,Estadio Bernabéu
644033,2023-04-02T16:30Z,Real Sociedad at Villarreal,RSO @ VIL,Villarreal,102,2,Real Sociedad,89,0,STATUS_FULL_TIME,Estadio de la Cerámica
644040,2023-04-02T19:00Z,Real Betis at Atlético Madrid,BET @ ATM,Atlético Madrid,1068,1,Real Betis,244,0,STATUS_FULL_TIME,Riyadh Air Metropolitano
644031,2023-04-03T19:00Z,Rayo Vallecano at Valencia,RAY @ VAL,Valencia,94,1,Rayo Vallecano,101,1,STATUS_FULL_TIME,Mestalla
644046,2023-04-07T19:00Z,Celta Vigo at Sevilla,CEL @ SEV,Sevilla,243,2,Celta Vigo,85,2,STATUS_FULL_TIME,Ramón Sánchez-Pizjuán
644044,2023-04-08T12:00Z,Elche at Osasuna,ELC @ OSA,Osasuna,97,2,Elche,3751,1,STATUS_FULL_TIME,El Sadar
644043,2023-04-08T14:15Z,Athletic Club at Espanyol,ATH @ ESP,Espanyol,88,1,Athletic Club,93,2,STATUS_FULL_TIME,RCDE Stadium
644048,2023-04-08T16:30Z,Getafe at Real Sociedad,GET @ RSO,Real Sociedad,89,2,Getafe,2922,0,STATUS_FULL_TIME,Estadio Municipal de Anoeta
644047,2023-04-08T19:00Z,Villarreal at Real Madrid,VIL @ RMA,Real Madrid,86,2,Villarreal,102,3,STATUS_FULL_TIME,Estadio Bernabéu
644050,2023-04-09T12:00Z,Mallorca at Real Valladolid,MLL @ VLL,Real Valladolid,95,3,Mallorca,84,3,STATUS_FULL_TIME,José Zorrilla
644041,2023-04-09T14:15Z,Cádiz at Real Betis,CAD @ BET,Real Betis,244,0,Cádiz,3842,2,STATUS_FULL_TIME,Benito Villamarín
644049,2023-04-09T16:30Z,Valencia at Almería,VAL @ ALM,Almería,6832,2,Valencia,94,1,STATUS_FULL_TIME,UD Almería Stadium
644045,2023-04-09T19:00Z,Atlético Madrid at Rayo Vallecano,ATM @ RAY,Rayo Vallecano,101,1,Atlético Madrid,1068,2,STATUS_FULL_TIME,Estadio de Vallecas
644042,2023-04-10T19:00Z,Girona at Barcelona,GIR @ BAR,Barcelona,83,0,Girona,9812,0,STATUS_FULL_TIME,Spotify Camp Nou
644057,2023-04-14T19:00Z,Osasuna at Rayo Vallecano,OSA @ RAY,Rayo Vallecano,101,2,Osasuna,97,1,STATUS_FULL_TIME,Estadio de Vallecas
644055,2023-04-15T12:00Z,Real Valladolid at Villarreal,VLL @ VIL,Villarreal,102,1,Real Valladolid,95,2,STATUS_FULL_TIME,Estadio de la Cerámica
644051,2023-04-15T14:15Z,Real Sociedad at Athletic Club,RSO @ ATH,Athletic Club,93,2,Real Sociedad,89,0,STATUS_FULL_TIME,San Mamés
644058,2023-04-15T16:30Z,Espanyol at Real Betis,ESP @ BET,Real Betis,244,3,Espanyol,88,1,STATUS_FULL_TIME,Benito Villamarín
644054,2023-04-15T19:00Z,Real Madrid at Cádiz,RMA @ CAD,Cádiz,3842,0,Real Madrid,86,2,STATUS_FULL_TIME,Nuevo Mirandilla
644056,2023-04-16T12:00Z,Elche at Girona,ELC @ GIR,Girona,9812,2,Elche,3751,0,STATUS_FULL_TIME,Municipal de Montilivi
644060,2023-04-16T14:15Z,Barcelona at Getafe,BAR @ GET,Getafe,2922,0,Barcelona,83,0,STATUS_FULL_TIME,Estadio Coliseum
644052,2023-04-16T16:30Z,Almería at Atlético Madrid,ALM @ ATM,Atlético Madrid,1068,2,Almería,6832,1,STATUS_FULL_TIME,Riyadh Air Metropolitano
644059,2023-04-16T19:00Z,Sevilla at Valencia,SEV @ VAL,Valencia,94,0,Sevilla,243,2,STATUS_FULL_TIME,Mestalla
644053,2023-04-17T19:00Z,Mallorca at Celta Vigo,MLL @ CEL,Celta Vigo,85,0,Mallorca,84,1,STATUS_FULL_TIME,Estadio Abanca-Balaídos
644069,2023-04-21T19:00Z,Cádiz at Espanyol,CAD @ ESP,Espanyol,88,0,Cádiz,3842,0,STATUS_FULL_TIME,RCDE Stadium
644065,2023-04-22T12:00Z,Real Betis at Osasuna,BET @ OSA,Osasuna,97,3,Real Betis,244,2,STATUS_FULL_TIME,El Sadar
644067,2023-04-22T14:15Z,Athletic Club at Almería,ATH @ ALM,Almería,6832,1,Athletic Club,93,2,STATUS_FULL_TIME,UD Almería Stadium
644063,2023-04-22T16:30Z,Rayo Vallecano at Real Sociedad,RAY @ RSO,Real Sociedad,89,2,Rayo Vallecano,101,1,STATUS_FULL_TIME,Estadio Municipal de Anoeta
644062,2023-04-22T16:30Z,Girona at Real Valladolid,GIR @ VLL,Real Valladolid,95,1,Girona,9812,0,STATUS_FULL_TIME,José Zorrilla
644064,2023-04-22T19:00Z,Celta Vigo at Real Madrid,CEL @ RMA,Real Madrid,86,2,Celta Vigo,85,0,STATUS_FULL_TIME,Estadio Bernabéu
644070,2023-04-23T12:00Z,Valencia at Elche,VAL @ ELC,Elche,3751,0,Valencia,94,2,STATUS_FULL_TIME,Martínez Valero
644068,2023-04-23T14:15Z,Atlético Madrid at Barcelona,ATM @ BAR,Barcelona,83,1,Atlético Madrid,1068,0,STATUS_FULL_TIME,Spotify Camp Nou
644061,2023-04-23T16:30Z,Getafe at Mallorca,GET @ MLL,Mallorca,84,3,Getafe,2922,1,STATUS_FULL_TIME,Estadi Mallorca Son Moix
644066,2023-04-23T19:00Z,Villarreal at Sevilla,VIL @ SEV,Sevilla,243,2,Villarreal,102,1,STATUS_FULL_TIME,Ramón Sánchez-Pizjuán
644071,2023-04-25T17:30Z,Osasuna at Cádiz,OSA @ CAD,Cádiz,3842,0,Osasuna,97,1,STATUS_FULL_TIME,Nuevo Mirandilla
644075,2023-04-25T17:30Z,Real Madrid at Girona,RMA @ GIR,Girona,9812,4,Real Madrid,86,2,STATUS_FULL_TIME,Municipal de Montilivi
644078,2023-04-25T20:00Z,Real Sociedad at Real Betis,RSO @ BET,Real Betis,244,0,Real Sociedad,89,0,STATUS_FULL_TIME,Benito Villamarín
644073,2023-04-26T17:30Z,Mallorca at Atlético Madrid,MLL @ ATM,Atlético Madrid,1068,3,Mallorca,84,1,STATUS_FULL_TIME,Riyadh Air Metropolitano
644080,2023-04-26T17:30Z,Almería at Getafe,ALM @ GET,Getafe,2922,1,Almería,6832,2,STATUS_FULL_TIME,Estadio Coliseum
644072,2023-04-26T20:00Z,Elche at Celta Vigo,ELC @ CEL,Celta Vigo,85,1,Elche,3751,0,STATUS_FULL_TIME,Estadio Abanca-Balaídos
644079,2023-04-26T20:00Z,Barcelona at Rayo Vallecano,BAR @ RAY,Rayo Vallecano,101,2,Barcelona,83,1,STATUS_FULL_TIME,Estadio de Vallecas
644077,2023-04-27T17:30Z,Real Valladolid at Valencia,VLL @ VAL,Valencia,94,2,Real Valladolid,95,1,STATUS_FULL_TIME,Mestalla
644076,2023-04-27T17:30Z,Espanyol at Villarreal,ESP @ VIL,Villarreal,102,4,Espanyol,88,2,STATUS_FULL_TIME,Estadio de la Cerámica
644074,2023-04-27T20:00Z,Sevilla at Athletic Club,SEV @ ATH,Athletic Club,93,0,Sevilla,243,1,STATUS_FULL_TIME,San Mamés
644083,2023-04-28T19:00Z,Real Sociedad at Osasuna,RSO @ OSA,Osasuna,97,0,Real Sociedad,89,2,STATUS_FULL_TIME,El Sadar
644088,2023-04-29T14:15Z,Rayo Vallecano at Elche,RAY @ ELC,Elche,3751,4,Rayo Vallecano,101,0,STATUS_FULL_TIME,Martínez Valero
644084,2023-04-29T16:30Z,Almería at Real Madrid,ALM @ RMA,Real Madrid,86,4,Almería,6832,2,STATUS_FULL_TIME,Estadio Bernabéu
644089,2023-04-29T19:00Z,Real Betis at Barcelona,BET @ BAR,Barcelona,83,4,Real Betis,244,0,STATUS_FULL_TIME,Spotify Camp Nou
644090,2023-04-30T12:00Z,Valencia at Cádiz,VAL @ CAD,Cádiz,3842,2,Valencia,94,1,STATUS_FULL_TIME,Nuevo Mirandilla
644086,2023-04-30T14:15Z,Celta Vigo at Villarreal,CEL @ VIL,Villarreal,102,3,Celta Vigo,85,1,STATUS_FULL_TIME,Estadio de la Cerámica
644087,2023-04-30T16:30Z,Getafe at Espanyol,GET @ ESP,Espanyol,88,1,Getafe,2922,0,STATUS_FULL_TIME,RCDE Stadium
644085,2023-04-30T19:00Z,Atlético Madrid at Real Valladolid,ATM @ VLL,Real Valladolid,95,2,Atlético Madrid,1068,5,STATUS_FULL_TIME,José Zorrilla
644082,2023-05-01T17:00Z,Athletic Club at Mallorca,ATH @ MLL,Mallorca,84,1,Athletic Club,93,1,STATUS_FULL_TIME,Estadi Mallorca Son Moix
644081,2023-05-01T19:00Z,Girona at Sevilla,GIR @ SEV,Sevilla,243,0,Girona,9812,2,STATUS_FULL_TIME,Ramón Sánchez-Pizjuán
644097,2023-05-02T17:30Z,Elche at Almería,ELC @ ALM,Almería,6832,2,Elche,3751,1,STATUS_FULL_TIME,UD Almería Stadium
644095,2023-05-02T17:30Z,Osasuna at Barcelona,OSA @ BAR,Barcelona,83,1,Osasuna,97,0,STATUS_FULL_TIME,Spotify Camp Nou
644092,2023-05-02T20:00Z,Real Madrid at Real Sociedad,RMA @ RSO,Real Sociedad,89,2,Real Madrid,86,0,STATUS_FULL_TIME,Estadio Municipal de Anoeta
644093,2023-05-03T17:30Z,Villarreal at Valencia,VIL @ VAL,Valencia,94,1,Villarreal,102,1,STATUS_FULL_TIME,Mestalla
644094,2023-05-03T20:00Z,Cádiz at Atlético Madrid,CAD @ ATM,Atlético Madrid,1068,5,Cádiz,3842,1,STATUS_FULL_TIME,Riyadh Air Metropolitano
644098,2023-05-03T20:00Z,Celta Vigo at Getafe,CEL @ GET,Getafe,2922,1,Celta Vigo,85,0,STATUS_FULL_TIME,Estadio Coliseum
644099,2023-05-04T17:30Z,Mallorca at Girona,MLL @ GIR,Girona,9812,2,Mallorca,84,1,STATUS_FULL_TIME,Municipal de Montilivi
644091,2023-05-04T17:30Z,Espanyol at Sevilla,ESP @ SEV,Sevilla,243,3,Espanyol,88,2,STATUS_FULL_TIME,Ramón Sánchez-Pizjuán
644096,2023-05-04T20:00Z,Real Betis at Athletic Club,BET @ ATH,Athletic Club,93,0,Real Betis,244,1,STATUS_FULL_TIME,San Mamés
644100,2023-05-04T20:00Z,Real Valladolid at Rayo Vallecano,VLL @ RAY,Rayo Vallecano,101,2,Real Valladolid,95,1,STATUS_FULL_TIME,Estadio de Vallecas
644107,2023-05-12T19:00Z,Cádiz at Mallorca,CAD @ MLL,Mallorca,84,1,Cádiz,3842,0,STATUS_FULL_TIME,Estadi Mallorca Son Moix
644101,2023-05-13T12:00Z,Girona at Real Sociedad,GIR @ RSO,Real Sociedad,89,2,Girona,9812,2,STATUS_FULL_TIME,Estadio Municipal de Anoeta
644106,2023-05-13T14:15Z,Almería at Osasuna,ALM @ OSA,Osasuna,97,3,Almería,6832,1,STATUS_FULL_TIME,El Sadar
644104,2023-05-13T16:30Z,Athletic Club at Villarreal,ATH @ VIL,Villarreal,102,5,Athletic Club,93,1,STATUS_FULL_TIME,Estadio de la Cerámica
644105,2023-05-13T19:00Z,Getafe at Real Madrid,GET @ RMA,Real Madrid,86,1,Getafe,2922,0,STATUS_FULL_TIME,Estadio Bernabéu
644102,2023-05-14T12:00Z,Valencia at Celta Vigo,VAL @ CEL,Celta Vigo,85,1,Valencia,94,2,STATUS_FULL_TIME,Estadio Abanca-Balaídos
644109,2023-05-14T14:15Z,Atlético Madrid at Elche,ATM @ ELC,Elche,3751,1,Atlético Madrid,1068,0,STATUS_FULL_TIME,Martínez Valero
644103,2023-05-14T16:30Z,Sevilla at Real Valladolid,SEV @ VLL,Real Valladolid,95,0,Sevilla,243,3,STATUS_FULL_TIME,José Zorrilla
644108,2023-05-14T19:00Z,Barcelona at Espanyol,BAR @ ESP,Espanyol,88,2,Barcelona,83,4,STATUS_FULL_TIME,RCDE Stadium
644110,2023-05-15T19:00Z,Rayo Vallecano at Real Betis,RAY @ BET,Real Betis,244,3,Rayo Vallecano,101,1,STATUS_FULL_TIME,Benito Villamarín
644112,2023-05-19T19:00Z,Real Valladolid at Cádiz,VLL @ CAD,Cádiz,3842,2,Real Valladolid,95,0,STATUS_FULL_TIME,Nuevo Mirandilla
644120,2023-05-20T12:00Z,Villarreal at Girona,VIL @ GIR,Girona,9812,1,Villarreal,102,2,STATUS_FULL_TIME,Municipal de Montilivi
644113,2023-05-20T14:15Z,Celta Vigo at Athletic Club,CEL @ ATH,Athletic Club,93,2,Celta Vigo,85,1,STATUS_FULL_TIME,San Mamés
644111,2023-05-20T16:30Z,Mallorca at Almería,MLL @ ALM,Almería,6832,3,Mallorca,84,0,STATUS_FULL_TIME,UD Almería Stadium
644114,2023-05-20T16:30Z,Elche at Getafe,ELC @ GET,Getafe,2922,1,Elche,3751,1,STATUS_FULL_TIME,Estadio Coliseum
644119,2023-05-20T19:00Z,Real Sociedad at Barcelona,RSO @ BAR,Barcelona,83,1,Real Sociedad,89,2,STATUS_FULL_TIME,Spotify Camp Nou
644116,2023-05-21T12:00Z,Espanyol at Rayo Vallecano,ESP @ RAY,Rayo Vallecano,101,1,Espanyol,88,2,STATUS_FULL_TIME,Estadio de Vallecas
644115,2023-05-21T14:15Z,Osasuna at Atlético Madrid,OSA @ ATM,Atlético Madrid,1068,3,Osasuna,97,0,STATUS_FULL_TIME,Riyadh Air Metropolitano
644118,2023-05-21T16:30Z,Real Madrid at Valencia,RMA @ VAL,Valencia,94,1,Real Madrid,86,0,STATUS_FULL_TIME,Mestalla
644117,2023-05-21T19:00Z,Real Betis at Sevilla,BET @ SEV,Sevilla,243,0,Real Betis,244,0,STATUS_FULL_TIME,Ramón Sánchez-Pizjuán
644129,2023-05-23T17:30Z,Girona at Celta Vigo,GIR @ CEL,Celta Vigo,85,1,Girona,9812,1,STATUS_FULL_TIME,Estadio Abanca-Balaídos
644126,2023-05-23T17:30Z,Almería at Real Sociedad,ALM @ RSO,Real Sociedad,89,1,Almería,6832,0,STATUS_FULL_TIME,Estadio Municipal de Anoeta
644127,2023-05-23T20:00Z,Barcelona at Real Valladolid,BAR @ VLL,Real Valladolid,95,3,Barcelona,83,1,STATUS_FULL_TIME,José Zorrilla
644128,2023-05-24T17:30Z,Sevilla at Elche,SEV @ ELC,Elche,3751,1,Sevilla,243,1,STATUS_FULL_TIME,Martínez Valero
644125,2023-05-24T17:30Z,Rayo Vallecano at Real Madrid,RAY @ RMA,Real Madrid,86,2,Rayo Vallecano,101,1,STATUS_FULL_TIME,Estadio Bernabéu
644130,2023-05-24T17:30Z,Cádiz at Villarreal,CAD @ VIL,Villarreal,102,2,Cádiz,3842,0,STATUS_FULL_TIME,Estadio de la Cerámica
644121,2023-05-24T20:00Z,Atlético Madrid at Espanyol,ATM @ ESP,Espanyol,88,3,Atlético Madrid,1068,3,STATUS_FULL_TIME,RCDE Stadium
644124,2023-05-24T20:00Z,Getafe at Real Betis,GET @ BET,Real Betis,244,0,Getafe,2922,1,STATUS_FULL_TIME,Benito Villamarín
644122,2023-05-25T17:30Z,Valencia at Mallorca,VAL @ MLL,Mallorca,84,1,Valencia,94,0,STATUS_FULL_TIME,Estadi Mallorca Son Moix
644123,2023-05-25T19:30Z,Athletic Club at Osasuna,ATH @ OSA,Osasuna,97,2,Athletic Club,93,0,STATUS_FULL_TIME,El Sadar
644138,2023-05-27T17:00Z,Real Madrid at Sevilla,RMA @ SEV,Sevilla,243,1,Real Madrid,86,2,STATUS_FULL_TIME,Ramón Sánchez-Pizjuán
644133,2023-05-28T17:00Z,Real Valladolid at Almería,VLL @ ALM,Almería,6832,0,Real Valladolid,95,0,STATUS_FULL_TIME,UD Almería Stadium
644134,2023-05-28T17:00Z,Elche at Athletic Club,ELC @ ATH,Athletic Club,93,0,Elche,3751,1,STATUS_FULL_TIME,San Mamés
644136,2023-05-28T17:00Z,Real Sociedad at Atlético Madrid,RSO @ ATM,Atlético Madrid,1068,2,Real Sociedad,89,1,STATUS_FULL_TIME,Riyadh Air Metropolitano
644137,2023-05-28T17:00Z,Mallorca at Barcelona,MLL @ BAR,Barcelona,83,3,Mallorca,84,0,STATUS_FULL_TIME,Spotify Camp Nou
644132,2023-05-28T17:00Z,Celta Vigo at Cádiz,CEL @ CAD,Cádiz,3842,1,Celta Vigo,85,0,STATUS_FULL_TIME,Nuevo Mirandilla
644135,2023-05-28T17:00Z,Osasuna at Getafe,OSA @ GET,Getafe,2922,2,Osasuna,97,1,STATUS_FULL_TIME,Estadio Coliseum
644131,2023-05-28T17:00Z,Real Betis at Girona,BET @ GIR,Girona,9812,1,Real Betis,244,2,STATUS_FULL_TIME,Municipal de Montilivi
644140,2023-05-28T17:00Z,Villarreal at Rayo Vallecano,VIL @ RAY,Rayo Vallecano,101,2,Villarreal,102,1,STATUS_FULL_TIME,Estadio de Vallecas
644139,2023-05-28T17:00Z,Espanyol at Valencia,ESP @ VAL,Valencia,94,2,Espanyol,88,2,STATUS_FULL_TIME,Mestalla
644144,2023-06-04T16:30Z,Rayo Vallecano at Mallorca,RAY @ MLL,Mallorca,84,3,Rayo Vallecano,101,0,STATUS_FULL_TIME,Estadi Mallorca Son Moix
644145,2023-06-04T16:30Z,Girona at Osasuna,GIR @ OSA,Osasuna,97,2,Girona,9812,1,STATUS_FULL_TIME,El Sadar
644147,2023-06-04T16:30Z,Athletic Club at Real Madrid,ATH @ RMA,Real Madrid,86,1,Athletic Club,93,1,STATUS_FULL_TIME,Estadio Bernabéu
644148,2023-06-04T16:30Z,Sevilla at Real Sociedad,SEV @ RSO,Real Sociedad,89,2,Sevilla,243,1,STATUS_FULL_TIME,Estadio Municipal de Anoeta
644150,2023-06-04T16:30Z,Atlético Madrid at Villarreal,ATM @ VIL,Villarreal,102,2,Atlético Madrid,1068,2,STATUS_FULL_TIME,Estadio de la Cerámica
644141,2023-06-04T19:00Z,Barcelona at Celta Vigo,BAR @ CEL,Celta Vigo,85,2,Barcelona,83,1,STATUS_FULL_TIME,Estadio Abanca-Balaídos
644142,2023-06-04T19:00Z,Cádiz at Elche,CAD @ ELC,Elche,3751,1,Cádiz,3842,1,STATUS_FULL_TIME,Martínez Valero
644143,2023-06-04T19:00Z,Almería at Espanyol,ALM @ ESP,Espanyol,88,3,Almería,6832,3,STATUS_FULL_TIME,RCDE Stadium
644146,2023-06-04T19:00Z,Valencia at Real Betis,VAL @ BET,Real Betis,244,1,Valencia,94,1,STATUS_FULL_TIME,Benito Villamarín
644149,2023-06-04T19:00Z,Getafe at Real Valladolid,GET @ VLL,Real Valladolid,95,0,Getafe,2922,0,STATUS_FULL_TIME,José Zorrilla
674011,2023-08-11T17:30Z,Rayo Vallecano at Almería,RAY @ ALM,Almería,6832,0,Rayo Vallecano,101,2,STATUS_FULL_TIME,UD Almería Stadium
674019,2023-08-11T20:00Z,Valencia at Sevilla,VAL @ SEV,Sevilla,243,1,Valencia,94,2,STATUS_FULL_TIME,Ramón Sánchez-Pizjuán
674018,2023-08-12T15:00Z,Girona at Real Sociedad,GIR @ RSO,Real Sociedad,89,1,Girona,9812,1,STATUS_FULL_TIME,Estadio Municipal de Anoeta
674017,2023-08-12T17:30Z,Mallorca at Las Palmas,MLL @ LPA,Las Palmas,98,1,Mallorca,84,1,STATUS_FULL_TIME,Estadio Gran Canaria
674012,2023-08-12T19:30Z,Real Madrid at Athletic Club,RMA @ ATH,Athletic Club,93,0,Real Madrid,86,2,STATUS_FULL_TIME,San Mamés
674014,2023-08-13T15:00Z,Osasuna at Celta Vigo,OSA @ CEL,Celta Vigo,85,0,Osasuna,97,2,STATUS_FULL_TIME,Estadio Abanca-Balaídos
674020,2023-08-13T17:30Z,Real Betis at Villarreal,BET @ VIL,Villarreal,102,1,Real Betis,244,2,STATUS_FULL_TIME,Estadio de la Cerámica
674016,2023-08-13T19:30Z,Barcelona at Getafe,BAR @ GET,Getafe,2922,0,Barcelona,83,0,STATUS_FULL_TIME,Estadio Coliseum
674015,2023-08-14T17:30Z,Alavés at Cádiz,ALA @ CAD,Cádiz,3842,1,Alavés,96,0,STATUS_FULL_TIME,Nuevo Mirandilla
674013,2023-08-14T19:30Z,Granada at Atlético Madrid,GRA @ ATM,Atlético Madrid,1068,3,Granada,3747,1,STATUS_FULL_TIME,Riyadh Air Metropolitano
674026,2023-08-18T17:30Z,Villarreal at Mallorca,VIL @ MLL,Mallorca,84,0,Villarreal,102,1,STATUS_FULL_TIME,Estadi Mallorca Son Moix
674030,2023-08-18T19:30Z,Las Palmas at Valencia,LPA @ VAL,Valencia,94,1,Las Palmas,98,0,STATUS_FULL_TIME,Mestalla
674029,2023-08-19T15:00Z,Celta Vigo at Real Sociedad,CEL @ RSO,Real Sociedad,89,1,Celta Vigo,85,1,STATUS_FULL_TIME,Estadio Municipal de Anoeta
674022,2023-08-19T17:30Z,Real Madrid at Almería,RMA @ ALM,Almería,6832,1,Real Madrid,86,3,STATUS_FULL_TIME,UD Almería Stadium
674027,2023-08-19T19:30Z,Athletic Club at Osasuna,ATH @ OSA,Osasuna,97,0,Athletic Club,93,2,STATUS_FULL_TIME,El Sadar
674024,2023-08-20T17:00Z,Getafe at Girona,GET @ GIR,Girona,9812,3,Getafe,2922,0,STATUS_FULL_TIME,Municipal de Montilivi
674023,2023-08-20T17:30Z,Cádiz at Barcelona,CAD @ BAR,Barcelona,83,2,Cádiz,3842,0,STATUS_FULL_TIME,Estadi Olímpic Lluís Companys
674028,2023-08-20T19:30Z,Atlético Madrid at Real Betis,ATM @ BET,Real Betis,244,0,Atlético Madrid,1068,0,STATUS_FULL_TIME,Benito Villamarín
674021,2023-08-21T17:00Z,Sevilla at Alavés,SEV @ ALA,Alavés,96,4,Sevilla,243,3,STATUS_FULL_TIME,Mendizorroza
674025,2023-08-21T19:30Z,Rayo Vallecano at Granada,RAY @ GRA,Granada,3747,0,Rayo Vallecano,101,2,STATUS_FULL_TIME,Nuevo Los Cármenes
674036,2023-08-25T17:30Z,Real Sociedad at Las Palmas,RSO @ LPA,Las Palmas,98,0,Real Sociedad,89,0,STATUS_FULL_TIME,Estadio Gran Canaria
674032,2023-08-25T19:30Z,Real Madrid at Celta Vigo,RMA @ CEL,Celta Vigo,85,0,Real Madrid,86,1,STATUS_FULL_TIME,Estadio Abanca-Balaídos
674033,2023-08-26T17:00Z,Almería at Cádiz,ALM @ CAD,Cádiz,3842,1,Almería,6832,1,STATUS_FULL_TIME,Nuevo Mirandilla
674040,2023-08-26T17:30Z,Mallorca at Granada,MLL @ GRA,Granada,3747,3,Mallorca,84,2,STATUS_FULL_TIME,Nuevo Los Cármenes
674038,2023-08-26T19:30Z,Girona at Sevilla,GIR @ SEV,Sevilla,243,1,Girona,9812,2,STATUS_FULL_TIME,Ramón Sánchez-Pizjuán
674039,2023-08-27T15:30Z,Barcelona at Villarreal,BAR @ VIL,Villarreal,102,3,Barcelona,83,4,STATUS_FULL_TIME,Estadio de la Cerámica
674035,2023-08-27T17:30Z,Osasuna at Valencia,OSA @ VAL,Valencia,94,1,Osasuna,97,2,STATUS_FULL_TIME,Mestalla
674031,2023-08-27T19:30Z,Real Betis at Athletic Club,BET @ ATH,Athletic Club,93,4,Real Betis,244,2,STATUS_FULL_TIME,San Mamés
674034,2023-08-28T17:30Z,Alavés at Getafe,ALA @ GET,Getafe,2922,1,Alavés,96,0,STATUS_FULL_TIME,Estadio Coliseum
674037,2023-08-28T19:30Z,Atlético Madrid at Rayo Vallecano,ATM @ RAY,Rayo Vallecano,101,0,Atlético Madrid,1068,7,STATUS_FULL_TIME,Estadio de Vallecas
674048,2023-09-01T17:30Z,Villarreal at Cádiz,VIL @ CAD,Cádiz,3842,3,Villarreal,102,1,STATUS_FULL_TIME,Nuevo Mirandilla
674050,2023-09-01T20:00Z,Celta Vigo at Almería,CEL @ ALM,Almería,6832,2,Celta Vigo,85,3,STATUS_FULL_TIME,UD Almería Stadium
674044,2023-09-02T12:00Z,Granada at Real Sociedad,GRA @ RSO,Real Sociedad,89,5,Granada,3747,3,STATUS_FULL_TIME,Estadio Municipal de Anoeta
674043,2023-09-02T14:15Z,Getafe at Real Madrid,GET @ RMA,Real Madrid,86,2,Getafe,2922,1,STATUS_FULL_TIME,Estadio Bernabéu
674047,2023-09-02T16:30Z,Valencia at Alavés,VAL @ ALA,Alavés,96,1,Valencia,94,0,STATUS_FULL_TIME,Mendizorroza
674042,2023-09-02T19:00Z,Rayo Vallecano at Real Betis,RAY @ BET,Real Betis,244,1,Rayo Vallecano,101,0,STATUS_FULL_TIME,Benito Villamarín
674049,2023-09-03T12:00Z,Las Palmas at Girona,LPA @ GIR,Girona,9812,1,Las Palmas,98,0,STATUS_FULL_TIME,Municipal de Montilivi
674045,2023-09-03T14:15Z,Athletic Club at Mallorca,ATH @ MLL,Mallorca,84,0,Athletic Club,93,0,STATUS_FULL_TIME,Estadi Mallorca Son Moix
674041,2023-09-03T19:00Z,Barcelona at Osasuna,BAR @ OSA,Osasuna,97,1,Barcelona,83,2,STATUS_FULL_TIME,El Sadar
674059,2023-09-15T19:00Z,Alavés at Rayo Vallecano,ALA @ RAY,Rayo Vallecano,101,2,Alavés,96,0,STATUS_FULL_TIME,Estadio de Vallecas
674053,2023-09-16T12:00Z,Cádiz at Athletic Club,CAD @ ATH,Athletic Club,93,3,Cádiz,3842,0,STATUS_FULL_TIME,San Mamés
674051,2023-09-16T14:15Z,Atlético Madrid at Valencia,ATM @ VAL,Valencia,94,3,Atlético Madrid,1068,0,STATUS_FULL_TIME,Mestalla
674055,2023-09-16T16:30Z,Mallorca at Celta Vigo,MLL @ CEL,Celta Vigo,85,0,Mallorca,84,1,STATUS_FULL_TIME,Estadio Abanca-Balaídos
674054,2023-09-16T19:00Z,Real Betis at Barcelona,BET @ BAR,Barcelona,83,5,Real Betis,244,0,STATUS_FULL_TIME,Estadi Olímpic Lluís Companys
674056,2023-09-17T12:00Z,Osasuna at Getafe,OSA @ GET,Getafe,2922,3,Osasuna,97,2,STATUS_FULL_TIME,Estadio Coliseum
674052,2023-09-17T14:15Z,Almería at Villarreal,ALM @ VIL,Villarreal,102,2,Almería,6832,1,STATUS_FULL_TIME,Estadio de la Cerámica
674060,2023-09-17T16:30Z,Las Palmas at Sevilla,LPA @ SEV,Sevilla,243,1,Las Palmas,98,0,STATUS_FULL_TIME,Ramón Sánchez-Pizjuán
674058,2023-09-17T19:00Z,Real Sociedad at Real Madrid,RSO @ RMA,Real Madrid,86,2,Real Sociedad,89,1,STATUS_FULL_TIME,Estadio Bernabéu
674057,2023-09-18T19:00Z,Girona at Granada,GIR @ GRA,Granada,3747,2,Girona,9812,4,STATUS_FULL_TIME,Nuevo Los Cármenes
674065,2023-09-22T19:00Z,Athletic Club at Alavés,ATH @ ALA,Alavés,96,0,Athletic Club,93,2,STATUS_FULL_TIME,Mendizorroza
674068,2023-09-23T12:00Z,Mallorca at Girona,MLL @ GIR,Girona,9812,5,Mallorca,84,3,STATUS_FULL_TIME,Municipal de Montilivi
674061,2023-09-23T14:15Z,Sevilla at Osasuna,SEV @ OSA,Osasuna,97,0,Sevilla,243,0,STATUS_FULL_TIME,El Sadar
674070,2023-09-23T16:30Z,Celta Vigo at Barcelona,CEL @ BAR,Barcelona,83,3,Celta Vigo,85,2,STATUS_FULL_TIME,Estadi Olímpic Lluís Companys
674066,2023-09-23T19:00Z,Valencia at Almería,VAL @ ALM,Almería,6832,2,Valencia,94,2,STATUS_FULL_TIME,UD Almería Stadium
674069,2023-09-24T12:00Z,Getafe at Real Sociedad,GET @ RSO,Real Sociedad,89,4,Getafe,2922,3,STATUS_FULL_TIME,Estadio Municipal de Anoeta
674062,2023-09-24T14:15Z,Villarreal at Rayo Vallecano,VIL @ RAY,Rayo Vallecano,101,1,Villarreal,102,1,STATUS_FULL_TIME,Estadio de Vallecas
674067,2023-09-24T16:30Z,Granada at Las Palmas,GRA @ LPA,Las Palmas,98,1,Granada,3747,0,STATUS_FULL_TIME,Estadio Gran Canaria
674063,2023-09-24T16:30Z,Cádiz at Real Betis,CAD @ BET,Real Betis,244,1,Cádiz,3842,1,STATUS_FULL_TIME,Benito Villamarín
674064,2023-09-24T19:00Z,Real Madrid at Atlético Madrid,RMA @ ATM,Atlético Madrid,1068,3,Real Madrid,86,1,STATUS_FULL_TIME,Riyadh Air Metropolitano
674071,2023-09-26T17:00Z,Almería at Sevilla,ALM @ SEV,Sevilla,243,5,Almería,6832,1,STATUS_FULL_TIME,Ramón Sánchez-Pizjuán
674080,2023-09-26T19:30Z,Barcelona at Mallorca,BAR @ MLL,Mallorca,84,2,Barcelona,83,2,STATUS_FULL_TIME,Estadi Mallorca Son Moix
674074,2023-09-27T17:00Z,Getafe at Athletic Club,GET @ ATH,Athletic Club,93,2,Getafe,2922,2,STATUS_FULL_TIME,San Mamés
674078,2023-09-27T17:00Z,Las Palmas at Real Madrid,LPA @ RMA,Real Madrid,86,2,Las Palmas,98,0,STATUS_FULL_TIME,Estadio Bernabéu
674073,2023-09-27T17:00Z,Girona at Villarreal,GIR @ VIL,Villarreal,102,1,Girona,9812,2,STATUS_FULL_TIME,Estadio de la Cerámica
674076,2023-09-27T19:30Z,Rayo Vallecano at Cádiz,RAY @ CAD,Cádiz,3842,0,Rayo Vallecano,101,0,STATUS_FULL_TIME,Nuevo Mirandilla
674072,2023-09-27T19:30Z,Real Sociedad at Valencia,RSO @ VAL,Valencia,94,0,Real Sociedad,89,1,STATUS_FULL_TIME,Mestalla
674075,2023-09-28T17:00Z,Alavés at Celta Vigo,ALA @ CEL,Celta Vigo,85,1,Alavés,96,1,STATUS_FULL_TIME,Estadio Abanca-Balaídos
674079,2023-09-28T17:00Z,Real Betis at Granada,BET @ GRA,Granada,3747,1,Real Betis,244,1,STATUS_FULL_TIME,Nuevo Los Cármenes
674077,2023-09-28T19:30Z,Atlético Madrid at Osasuna,ATM @ OSA,Osasuna,97,0,Atlético Madrid,1068,2,STATUS_FULL_TIME,El Sadar
674089,2023-09-29T19:00Z,Sevilla at Barcelona,SEV @ BAR,Barcelona,83,1,Sevilla,243,0,STATUS_FULL_TIME,Estadi Olímpic Lluís Companys
674085,2023-09-30T12:00Z,Villarreal at Getafe,VIL @ GET,Getafe,2922,0,Villarreal,102,0,STATUS_FULL_TIME,Estadio Coliseum
674082,2023-09-30T14:15Z,Mallorca at Rayo Vallecano,MLL @ RAY,Rayo Vallecano,101,2,Mallorca,84,2,STATUS_FULL_TIME,Estadio de Vallecas
674084,2023-09-30T16:30Z,Real Madrid at Girona,RMA @ GIR,Girona,9812,0,Real Madrid,86,3,STATUS_FULL_TIME,Municipal de Montilivi
674090,2023-09-30T19:00Z,Athletic Club at Real Sociedad,ATH @ RSO,Real Sociedad,89,3,Athletic Club,93,0,STATUS_FULL_TIME,Estadio Municipal de Anoeta
674087,2023-10-01T12:00Z,Granada at Almería,GRA @ ALM,Almería,6832,3,Granada,3747,3,STATUS_FULL_TIME,UD Almería Stadium
674086,2023-10-01T14:15Z,Osasuna at Alavés,OSA @ ALA,Alavés,96,0,Osasuna,97,2,STATUS_FULL_TIME,Mendizorroza
674088,2023-10-01T19:00Z,Cádiz at Atlético Madrid,CAD @ ATM,Atlético Madrid,1068,3,Cádiz,3842,2,STATUS_FULL_TIME,Riyadh Air Metropolitano
674081,2023-10-01T19:00Z,Valencia at Real Betis,VAL @ BET,Real Betis,244,3,Valencia,94,0,STATUS_FULL_TIME,Benito Villamarín
674083,2023-10-02T19:00Z,Celta Vigo at Las Palmas,CEL @ LPA,Las Palmas,98,2,Celta Vigo,85,1,STATUS_FULL_TIME,Estadio Gran Canaria
674097,2023-10-06T19:00Z,Almería at Athletic Club,ALM @ ATH,Athletic Club,93,3,Almería,6832,0,STATUS_FULL_TIME,San Mamés
674095,2023-10-07T12:00Z,Girona at Cádiz,GIR @ CAD,Cádiz,3842,0,Girona,9812,1,STATUS_FULL_TIME,Nuevo Mirandilla
674092,2023-10-07T14:15Z,Osasuna at Real Madrid,OSA @ RMA,Real Madrid,86,4,Osasuna,97,0,STATUS_FULL_TIME,Estadio Bernabéu
674091,2023-10-07T16:30Z,Valencia at Mallorca,VAL @ MLL,Mallorca,84,1,Valencia,94,1,STATUS_FULL_TIME,Estadi Mallorca Son Moix
674093,2023-10-07T19:00Z,Rayo Vallecano at Sevilla,RAY @ SEV,Sevilla,243,2,Rayo Vallecano,101,2,STATUS_FULL_TIME,Ramón Sánchez-Pizjuán
674094,2023-10-08T12:00Z,Las Palmas at Villarreal,LPA @ VIL,Villarreal,102,1,Las Palmas,98,2,STATUS_FULL_TIME,Estadio de la Cerámica
674098,2023-10-08T14:15Z,Real Sociedad at Atlético Madrid,RSO @ ATM,Atlético Madrid,1068,2,Real Sociedad,89,1,STATUS_FULL_TIME,Riyadh Air Metropolitano
674096,2023-10-08T16:30Z,Real Betis at Alavés,BET @ ALA,Alavés,96,1,Real Betis,244,1,STATUS_FULL_TIME,Mendizorroza
674099,2023-10-08T16:30Z,Getafe at Celta Vigo,GET @ CEL,Celta Vigo,85,2,Getafe,2922,2,STATUS_FULL_TIME,Estadio Abanca-Balaídos
674100,2023-10-08T19:00Z,Barcelona at Granada,BAR @ GRA,Granada,3747,2,Barcelona,83,2,STATUS_FULL_TIME,Nuevo Los Cármenes
674105,2023-10-20T19:00Z,Granada at Osasuna,GRA @ OSA,Osasuna,97,2,Granada,3747,0,STATUS_FULL_TIME,El Sadar
674106,2023-10-21T12:00Z,Mallorca at Real Sociedad,MLL @ RSO,Real Sociedad,89,1,Mallorca,84,0,STATUS_FULL_TIME,Estadio Municipal de Anoeta
674110,2023-10-21T14:15Z,Real Betis at Getafe,BET @ GET,Getafe,2922,1,Real Betis,244,1,STATUS_FULL_TIME,Estadio Coliseum
674107,2023-10-21T16:30Z,Real Madrid at Sevilla,RMA @ SEV,Sevilla,243,1,Real Madrid,86,1,STATUS_FULL_TIME,Ramón Sánchez-Pizjuán
674102,2023-10-21T19:00Z,Atlético Madrid at Celta Vigo,ATM @ CEL,Celta Vigo,85,0,Atlético Madrid,1068,3,STATUS_FULL_TIME,Estadio Abanca-Balaídos
674104,2023-10-22T12:00Z,Rayo Vallecano at Las Palmas,RAY @ LPA,Las Palmas,98,0,Rayo Vallecano,101,1,STATUS_FULL_TIME,Estadio Gran Canaria
674109,2023-10-22T14:15Z,Almería at Girona,ALM @ GIR,Girona,9812,5,Almería,6832,2,STATUS_FULL_TIME,Municipal de Montilivi
674108,2023-10-22T16:30Z,Alavés at Villarreal,ALA @ VIL,Villarreal,102,1,Alavés,96,1,STATUS_FULL_TIME,Estadio de la Cerámica
674101,2023-10-22T19:00Z,Athletic Club at Barcelona,ATH @ BAR,Barcelona,83,1,Athletic Club,93,0,STATUS_FULL_TIME,Estadi Olímpic Lluís Companys
674103,2023-10-23T19:00Z,Cádiz at Valencia,CAD @ VAL,Valencia,94,2,Cádiz,3842,0,STATUS_FULL_TIME,Mestalla
674120,2023-10-27T19:00Z,Celta Vigo at Girona,CEL @ GIR,Girona,9812,1,Celta Vigo,85,0,STATUS_FULL_TIME,Municipal de Montilivi
674111,2023-10-28T12:00Z,Las Palmas at Almería,LPA @ ALM,Almería,6832,1,Las Palmas,98,2,STATUS_FULL_TIME,UD Almería Stadium
674117,2023-10-28T14:15Z,Real Madrid at Barcelona,RMA @ BAR,Barcelona,83,1,Real Madrid,86,2,STATUS_FULL_TIME,Estadi Olímpic Lluís Companys
674113,2023-10-28T16:30Z,Getafe at Mallorca,GET @ MLL,Mallorca,84,0,Getafe,2922,0,STATUS_FULL_TIME,Estadi Mallorca Son Moix
674116,2023-10-28T19:00Z,Sevilla at Cádiz,SEV @ CAD,Cádiz,3842,2,Sevilla,243,2,STATUS_FULL_TIME,Nuevo Mirandilla
674115,2023-10-29T13:00Z,Osasuna at Real Betis,OSA @ BET,Real Betis,244,2,Osasuna,97,1,STATUS_FULL_TIME,Benito Villamarín
674112,2023-10-29T15:15Z,Real Sociedad at Rayo Vallecano,RSO @ RAY,Rayo Vallecano,101,2,Real Sociedad,89,2,STATUS_FULL_TIME,Estadio de Vallecas
674119,2023-10-29T17:30Z,Valencia at Athletic Club,VAL @ ATH,Athletic Club,93,2,Valencia,94,2,STATUS_FULL_TIME,San Mamés
674118,2023-10-29T20:00Z,Alavés at Atlético Madrid,ALA @ ATM,Atlético Madrid,1068,2,Alavés,96,1,STATUS_FULL_TIME,Riyadh Air Metropolitano
674114,2023-10-30T20:00Z,Villarreal at Granada,VIL @ GRA,Granada,3747,2,Villarreal,102,3,STATUS_FULL_TIME,Nuevo Los Cármenes
674124,2023-11-03T20:00Z,Atlético Madrid at Las Palmas,ATM @ LPA,Las Palmas,98,2,Atlético Madrid,1068,1,STATUS_FULL_TIME,Estadio Gran Canaria
674125,2023-11-04T13:00Z,Girona at Osasuna,GIR @ OSA,Osasuna,97,2,Girona,9812,4,STATUS_FULL_TIME,El Sadar
674126,2023-11-04T15:15Z,Mallorca at Real Betis,MLL @ BET,Real Betis,244,2,Mallorca,84,0,STATUS_FULL_TIME,Benito Villamarín
674122,2023-11-04T17:30Z,Sevilla at Celta Vigo,SEV @ CEL,Celta Vigo,85,1,Sevilla,243,1,STATUS_FULL_TIME,Estadio Abanca-Balaídos
674123,2023-11-04T20:00Z,Barcelona at Real Sociedad,BAR @ RSO,Real Sociedad,89,0,Barcelona,83,1,STATUS_FULL_TIME,Estadio Municipal de Anoeta
674121,2023-11-05T13:00Z,Almería at Alavés,ALM @ ALA,Alavés,96,1,Almería,6832,0,STATUS_FULL_TIME,Mendizorroza
674129,2023-11-05T15:15Z,Granada at Valencia,GRA @ VAL,Valencia,94,1,Granada,3747,0,STATUS_FULL_TIME,Mestalla
674130,2023-11-05T17:30Z,Athletic Club at Villarreal,ATH @ VIL,Villarreal,102,2,Athletic Club,93,3,STATUS_FULL_TIME,Estadio de la Cerámica
674127,2023-11-05T20:00Z,Rayo Vallecano at Real Madrid,RAY @ RMA,Real Madrid,86,0,Rayo Vallecano,101,0,STATUS_FULL_TIME,Estadio Bernabéu
674128,2023-11-06T20:00Z,Cádiz at Getafe,CAD @ GET,Getafe,2922,1,Cádiz,3842,0,STATUS_FULL_TIME,Estadio Coliseum
674132,2023-11-10T20:00Z,Celta Vigo at Athletic Club,CEL @ ATH,Athletic Club,93,4,Celta Vigo,85,3,STATUS_FULL_TIME,San Mamés
674131,2023-11-11T13:00Z,Girona at Rayo Vallecano,GIR @ RAY,Rayo Vallecano,101,1,Girona,9812,2,STATUS_FULL_TIME,Estadio de Vallecas
674135,2023-11-11T15:15Z,Real Sociedad at Almería,RSO @ ALM,Almería,6832,1,Real Sociedad,89,3,STATUS_FULL_TIME,UD Almería Stadium
674140,2023-11-11T17:30Z,Getafe at Granada,GET @ GRA,Granada,3747,1,Getafe,2922,1,STATUS_FULL_TIME,Nuevo Los Cármenes
674137,2023-11-11T17:30Z,Las Palmas at Osasuna,LPA @ OSA,Osasuna,97,1,Las Palmas,98,1,STATUS_FULL_TIME,El Sadar
674139,2023-11-11T20:00Z,Valencia at Real Madrid,VAL @ RMA,Real Madrid,86,5,Valencia,94,1,STATUS_FULL_TIME,Estadio Bernabéu
674134,2023-11-12T15:15Z,Alavés at Barcelona,ALA @ BAR,Barcelona,83,2,Alavés,96,1,STATUS_FULL_TIME,Estadi Olímpic Lluís Companys
674138,2023-11-12T17:30Z,Real Betis at Sevilla,BET @ SEV,Sevilla,243,1,Real Betis,244,1,STATUS_FULL_TIME,Ramón Sánchez-Pizjuán
674133,2023-11-12T20:00Z,Villarreal at Atlético Madrid,VIL @ ATM,Atlético Madrid,1068,3,Villarreal,102,1,STATUS_FULL_TIME,Riyadh Air Metropolitano
674142,2023-11-24T20:00Z,Granada at Alavés,GRA @ ALA,Alavés,96,3,Granada,3747,1,STATUS_FULL_TIME,Mendizorroza
674146,2023-11-25T13:00Z,Barcelona at Rayo Vallecano,BAR @ RAY,Rayo Vallecano,101,1,Barcelona,83,1,STATUS_FULL_TIME,Estadio de Vallecas
674149,2023-11-25T15:15Z,Celta Vigo at Valencia,CEL @ VAL,Valencia,94,0,Celta Vigo,85,0,STATUS_FULL_TIME,Mestalla
674144,2023-11-25T17:30Z,Almería at Getafe,ALM @ GET,Getafe,2922,2,Almería,6832,1,STATUS_FULL_TIME,Estadio Coliseum
674141,2023-11-25T20:00Z,Mallorca at Atlético Madrid,MLL @ ATM,Atlético Madrid,1068,1,Mallorca,84,0,STATUS_FULL_TIME,Riyadh Air Metropolitano
674145,2023-11-26T13:00Z,Osasuna at Villarreal,OSA @ VIL,Villarreal,102,3,Osasuna,97,1,STATUS_FULL_TIME,Estadio de la Cerámica
674148,2023-11-26T15:15Z,Sevilla at Real Sociedad,SEV @ RSO,Real Sociedad,89,2,Sevilla,243,1,STATUS_FULL_TIME,Estadio Municipal de Anoeta
674143,2023-11-26T17:30Z,Real Madrid at Cádiz,RMA @ CAD,Cádiz,3842,0,Real Madrid,86,3,STATUS_FULL_TIME,Nuevo Mirandilla
674147,2023-11-26T20:00Z,Las Palmas at Real Betis,LPA @ BET,Real Betis,244,1,Las Palmas,98,0,STATUS_FULL_TIME,Benito Villamarín
674150,2023-11-27T20:00Z,Athletic Club at Girona,ATH @ GIR,Girona,9812,1,Athletic Club,93,1,STATUS_FULL_TIME,Municipal de Montilivi
674136,2023-11-29T20:00Z,Cádiz at Mallorca,CAD @ MLL,Mallorca,84,1,Cádiz,3842,1,STATUS_FULL_TIME,Estadi Mallorca Son Moix
674156,2023-12-01T20:00Z,Getafe at Las Palmas,GET @ LPA,Las Palmas,98,2,Getafe,2922,0,STATUS_FULL_TIME,Estadio Gran Canaria
674155,2023-12-02T13:00Z,Valencia at Girona,VAL @ GIR,Girona,9812,2,Valencia,94,1,STATUS_FULL_TIME,Municipal de Montilivi
674152,2023-12-02T15:15Z,Rayo Vallecano at Athletic Club,RAY @ ATH,Athletic Club,93,4,Rayo Vallecano,101,0,STATUS_FULL_TIME,San Mamés
674159,2023-12-02T17:30Z,Granada at Real Madrid,GRA @ RMA,Real Madrid,86,2,Granada,3747,0,STATUS_FULL_TIME,Estadio Bernabéu
674158,2023-12-02T20:00Z,Real Sociedad at Osasuna,RSO @ OSA,Osasuna,97,1,Real Sociedad,89,1,STATUS_FULL_TIME,El Sadar
674157,2023-12-03T13:00Z,Alavés at Mallorca,ALA @ MLL,Mallorca,84,0,Alavés,96,0,STATUS_FULL_TIME,Estadi Mallorca Son Moix
674151,2023-12-03T15:15Z,Real Betis at Almería,BET @ ALM,Almería,6832,0,Real Betis,244,0,STATUS_FULL_TIME,UD Almería Stadium
674160,2023-12-03T17:30Z,Villarreal at Sevilla,VIL @ SEV,Sevilla,243,1,Villarreal,102,1,STATUS_FULL_TIME,Ramón Sánchez-Pizjuán
674153,2023-12-03T20:00Z,Atlético Madrid at Barcelona,ATM @ BAR,Barcelona,83,1,Atlético Madrid,1068,0,STATUS_FULL_TIME,Estadi Olímpic Lluís Companys
674154,2023-12-04T20:00Z,Cádiz at Celta Vigo,CAD @ CEL,Celta Vigo,85,1,Cádiz,3842,1,STATUS_FULL_TIME,Estadio Abanca-Balaídos
674165,2023-12-08T20:00Z,Valencia at Getafe,VAL @ GET,Getafe,2922,1,Valencia,94,0,STATUS_FULL_TIME,Estadio Coliseum
674161,2023-12-09T13:00Z,Las Palmas at Alavés,LPA @ ALA,Alavés,96,0,Las Palmas,98,1,STATUS_FULL_TIME,Mendizorroza
674169,2023-12-09T15:15Z,Real Madrid at Real Betis,RMA @ BET,Real Betis,244,1,Real Madrid,86,1,STATUS_FULL_TIME,Benito Villamarín
674170,2023-12-09T17:30Z,Real Sociedad at Villarreal,RSO @ VIL,Villarreal,102,0,Real Sociedad,89,3,STATUS_FULL_TIME,Estadio de la Cerámica
674167,2023-12-09T20:00Z,Sevilla at Mallorca,SEV @ MLL,Mallorca,84,1,Sevilla,243,0,STATUS_FULL_TIME,Estadi Mallorca Son Moix
674162,2023-12-10T13:00Z,Almería at Atlético Madrid,ALM @ ATM,Atlético Madrid,1068,2,Almería,6832,1,STATUS_FULL_TIME,Riyadh Air Metropolitano
674164,2023-12-10T17:30Z,Osasuna at Cádiz,OSA @ CAD,Cádiz,3842,1,Osasuna,97,1,STATUS_FULL_TIME,Nuevo Mirandilla
674163,2023-12-10T20:00Z,Girona at Barcelona,GIR @ BAR,Barcelona,83,2,Girona,9812,4,STATUS_FULL_TIME,Estadi Olímpic Lluís Companys
674166,2023-12-11T20:00Z,Athletic Club at Granada,ATH @ GRA,Granada,3747,1,Athletic Club,93,1,STATUS_FULL_TIME,Nuevo Los Cármenes
674168,2023-12-11T20:00Z,Celta Vigo at Rayo Vallecano,CEL @ RAY,Rayo Vallecano,101,0,Celta Vigo,85,0,STATUS_FULL_TIME,Estadio de Vallecas
674176,2023-12-15T20:00Z,Rayo Vallecano at Osasuna,RAY @ OSA,Osasuna,97,1,Rayo Vallecano,101,0,STATUS_FULL_TIME,El Sadar
674173,2023-12-16T13:00Z,Granada at Celta Vigo,GRA @ CEL,Celta Vigo,85,1,Granada,3747,0,STATUS_FULL_TIME,Estadio Abanca-Balaídos
674172,2023-12-16T15:15Z,Atlético Madrid at Athletic Club,ATM @ ATH,Athletic Club,93,2,Atlético Madrid,1068,0,STATUS_FULL_TIME,San Mamés
674179,2023-12-16T17:30Z,Getafe at Sevilla,GET @ SEV,Sevilla,243,0,Getafe,2922,3,STATUS_FULL_TIME,Ramón Sánchez-Pizjuán
674180,2023-12-16T20:00Z,Barcelona at Valencia,BAR @ VAL,Valencia,94,1,Barcelona,83,1,STATUS_FULL_TIME,Mestalla
674171,2023-12-17T13:00Z,Mallorca at Almería,MLL @ ALM,Almería,6832,0,Mallorca,84,0,STATUS_FULL_TIME,UD Almería Stadium
674178,2023-12-17T15:15Z,Real Betis at Real Sociedad,BET @ RSO,Real Sociedad,89,0,Real Betis,244,0,STATUS_FULL_TIME,Estadio Municipal de Anoeta
674175,2023-12-17T17:30Z,Cádiz at Las Palmas,CAD @ LPA,Las Palmas,98,1,Cádiz,3842,1,STATUS_FULL_TIME,Estadio Gran Canaria
674177,2023-12-17T20:00Z,Villarreal at Real Madrid,VIL @ RMA,Real Madrid,86,4,Villarreal,102,1,STATUS_FULL_TIME,Estadio Bernabéu
674174,2023-12-18T20:00Z,Alavés at Girona,ALA @ GIR,Girona,9812,3,Alavés,96,0,STATUS_FULL_TIME,Municipal de Montilivi
674188,2023-12-19T18:00Z,Valencia at Rayo Vallecano,VAL @ RAY,Rayo Vallecano,101,0,Valencia,94,1,STATUS_FULL_TIME,Estadio de Vallecas
674183,2023-12-19T20:30Z,Getafe at Atlético Madrid,GET @ ATM,Atlético Madrid,1068,3,Getafe,2922,3,STATUS_FULL_TIME,Riyadh Air Metropolitano
674185,2023-12-19T20:30Z,Sevilla at Granada,SEV @ GRA,Granada,3747,0,Sevilla,243,3,STATUS_FULL_TIME,Nuevo Los Cármenes
674184,2023-12-20T18:00Z,Almería at Barcelona,ALM @ BAR,Barcelona,83,3,Almería,6832,2,STATUS_FULL_TIME,Estadi Olímpic Lluís Companys
674182,2023-12-20T20:30Z,Las Palmas at Athletic Club,LPA @ ATH,Athletic Club,93,1,Las Palmas,98,0,STATUS_FULL_TIME,San Mamés
674186,2023-12-20T20:30Z,Celta Vigo at Villarreal,CEL @ VIL,Villarreal,102,3,Celta Vigo,85,2,STATUS_FULL_TIME,Estadio de la Cerámica
674190,2023-12-21T18:00Z,Real Sociedad at Cádiz,RSO @ CAD,Cádiz,3842,0,Real Sociedad,89,0,STATUS_FULL_TIME,Nuevo Mirandilla
674189,2023-12-21T18:00Z,Girona at Real Betis,GIR @ BET,Real Betis,244,1,Girona,9812,1,STATUS_FULL_TIME,Benito Villamarín
674181,2023-12-21T20:30Z,Real Madrid at Alavés,RMA @ ALA,Alavés,96,0,Real Madrid,86,1,STATUS_FULL_TIME,Mendizorroza
674187,2023-12-21T20:30Z,Osasuna at Mallorca,OSA @ MLL,Mallorca,84,3,Osasuna,97,2,STATUS_FULL_TIME,Estadi Mallorca Son Moix
674046,2023-12-23T15:15Z,Sevilla at Atlético Madrid,SEV @ ATM,Atlético Madrid,1068,1,Sevilla,243,0,STATUS_FULL_TIME,Riyadh Air Metropolitano
674198,2024-01-02T16:00Z,Rayo Vallecano at Getafe,RAY @ GET,Getafe,2922,0,Rayo Vallecano,101,2,STATUS_FULL_TIME,Riyadh Air Metropolitano
674192,2024-01-02T18:15Z,Alavés at Real Sociedad,ALA @ RSO,Real Sociedad,89,1,Alavés,96,1,STATUS_FULL_TIME,Estadio Municipal de Anoeta
674195,2024-01-02T20:30Z,Villarreal at Valencia,VIL @ VAL,Valencia,94,3,Villarreal,102,1,STATUS_FULL_TIME,Mestalla
674196,2024-01-03T16:00Z,Cádiz at Granada,CAD @ GRA,Granada,3747,2,Cádiz,3842,0,STATUS_FULL_TIME,Nuevo Los Cármenes
674199,2024-01-03T18:15Z,Real Betis at Celta Vigo,BET @ CEL,Celta Vigo,85,2,Real Betis,244,1,STATUS_FULL_TIME,Estadio Abanca-Balaídos
674193,2024-01-03T18:15Z,Mallorca at Real Madrid,MLL @ RMA,Real Madrid,86,1,Mallorca,84,0,STATUS_FULL_TIME,Estadio Bernabéu
674197,2024-01-03T20:30Z,Atlético Madrid at Girona,ATM @ GIR,Girona,9812,4,Atlético Madrid,1068,3,STATUS_FULL_TIME,Municipal de Montilivi
674194,2024-01-04T16:00Z,Almería at Osasuna,ALM @ OSA,Osasuna,97,1,Almería,6832,0,STATUS_FULL_TIME,El Sadar
674191,2024-01-04T18:15Z,Athletic Club at Sevilla,ATH @ SEV,Sevilla,243,0,Athletic Club,93,2,STATUS_FULL_TIME,Ramón Sánchez-Pizjuán
674200,2024-01-04T20:30Z,Barcelona at Las Palmas,BAR @ LPA,Las Palmas,98,1,Barcelona,83,2,STATUS_FULL_TIME,Estadio Gran Canaria
674205,2024-01-12T20:00Z,Alavés at Sevilla,ALA @ SEV,Sevilla,243,2,Alavés,96,3,STATUS_FULL_TIME,Ramón Sánchez-Pizjuán
674203,2024-01-13T13:00Z,Villarreal at Las Palmas,VIL @ LPA,Las Palmas,98,3,Villarreal,102,0,STATUS_FULL_TIME,Estadio Gran Canaria
674202,2024-01-13T15:15Z,Celta Vigo at Mallorca,CEL @ MLL,Mallorca,84,1,Celta Vigo,85,1,STATUS_FULL_TIME,Estadi Mallorca Son Moix
674207,2024-01-13T17:30Z,Real Sociedad at Athletic Club,RSO @ ATH,Athletic Club,93,2,Real Sociedad,89,1,STATUS_FULL_TIME,San Mamés
674201,2024-01-13T20:00Z,Granada at Real Betis,GRA @ BET,Real Betis,244,1,Granada,3747,0,STATUS_FULL_TIME,Benito Villamarín
674206,2024-01-14T13:00Z,Girona at Almería,GIR @ ALM,Almería,6832,0,Girona,9812,0,STATUS_FULL_TIME,UD Almería Stadium
674210,2024-01-14T15:15Z,Valencia at Cádiz,VAL @ CAD,Cádiz,3842,1,Valencia,94,4,STATUS_FULL_TIME,Nuevo Mirandilla
674219,2024-01-19T20:00Z,Cádiz at Alavés,CAD @ ALA,Alavés,96,1,Cádiz,3842,0,STATUS_FULL_TIME,Mendizorroza
674213,2024-01-20T13:00Z,Las Palmas at Rayo Vallecano,LPA @ RAY,Rayo Vallecano,101,0,Las Palmas,98,2,STATUS_FULL_TIME,Estadio de Vallecas
674217,2024-01-20T15:15Z,Mallorca at Villarreal,MLL @ VIL,Villarreal,102,1,Mallorca,84,1,STATUS_FULL_TIME,Estadio de la Cerámica
674216,2024-01-20T17:30Z,Athletic Club at Valencia,ATH @ VAL,Valencia,94,1,Athletic Club,93,0,STATUS_FULL_TIME,Mestalla
674220,2024-01-20T20:00Z,Real Sociedad at Celta Vigo,RSO @ CEL,Celta Vigo,85,0,Real Sociedad,89,1,STATUS_FULL_TIME,Estadio Abanca-Balaídos
674218,2024-01-21T13:00Z,Getafe at Osasuna,GET @ OSA,Osasuna,97,3,Getafe,2922,2,STATUS_FULL_TIME,El Sadar
674215,2024-01-21T15:15Z,Almería at Real Madrid,ALM @ RMA,Real Madrid,86,3,Almería,6832,2,STATUS_FULL_TIME,Estadio Bernabéu
674214,2024-01-21T17:30Z,Barcelona at Real Betis,BAR @ BET,Real Betis,244,2,Barcelona,83,4,STATUS_FULL_TIME,Benito Villamarín
674212,2024-01-21T20:00Z,Sevilla at Girona,SEV @ GIR,Girona,9812,5,Sevilla,243,1,STATUS_FULL_TIME,Municipal de Montilivi
674211,2024-01-22T20:00Z,Atlético Madrid at Granada,ATM @ GRA,Granada,3747,0,Atlético Madrid,1068,1,STATUS_FULL_TIME,Nuevo Los Cármenes
674221,2024-01-26T20:00Z,Alavés at Almería,ALA @ ALM,Almería,6832,0,Alavés,96,3,STATUS_FULL_TIME,UD Almería Stadium
674225,2024-01-27T13:00Z,Rayo Vallecano at Real Sociedad,RAY @ RSO,Real Sociedad,89,0,Rayo Vallecano,101,0,STATUS_FULL_TIME,Estadio Municipal de Anoeta
674224,2024-01-27T15:15Z,Real Madrid at Las Palmas,RMA @ LPA,Las Palmas,98,1,Real Madrid,86,2,STATUS_FULL_TIME,Estadio Gran Canaria
674228,2024-01-27T17:30Z,Villarreal at Barcelona,VIL @ BAR,Barcelona,83,3,Villarreal,102,5,STATUS_FULL_TIME,Estadi Olímpic Lluís Companys
674230,2024-01-27T20:00Z,Real Betis at Mallorca,BET @ MLL,Mallorca,84,0,Real Betis,244,1,STATUS_FULL_TIME,Estadi Mallorca Son Moix
674227,2024-01-28T13:00Z,Girona at Celta Vigo,GIR @ CEL,Celta Vigo,85,0,Girona,9812,1,STATUS_FULL_TIME,Estadio Abanca-Balaídos
674222,2024-01-28T15:15Z,Athletic Club at Cádiz,ATH @ CAD,Cádiz,3842,0,Athletic Club,93,0,STATUS_FULL_TIME,Nuevo Mirandilla
674226,2024-01-28T17:30Z,Osasuna at Sevilla,OSA @ SEV,Sevilla,243,1,Osasuna,97,1,STATUS_FULL_TIME,Ramón Sánchez-Pizjuán
674229,2024-01-28T20:00Z,Valencia at Atlético Madrid,VAL @ ATM,Atlético Madrid,1068,2,Valencia,94,0,STATUS_FULL_TIME,Riyadh Air Metropolitano
674223,2024-01-29T20:00Z,Granada at Getafe,GRA @ GET,Getafe,2922,2,Granada,3747,0,STATUS_FULL_TIME,Estadio Coliseum
674209,2024-01-31T18:00Z,Osasuna at Barcelona,OSA @ BAR,Barcelona,83,1,Osasuna,97,0,STATUS_FULL_TIME,Estadi Olímpic Lluís Companys
674208,2024-01-31T20:00Z,Rayo Vallecano at Atlético Madrid,RAY @ ATM,Atlético Madrid,1068,2,Rayo Vallecano,101,1,STATUS_FULL_TIME,Riyadh Air Metropolitano
674204,2024-02-01T20:00Z,Real Madrid at Getafe,RMA @ GET,Getafe,2922,0,Real Madrid,86,2,STATUS_FULL_TIME,Estadio Coliseum
674233,2024-02-02T20:00Z,Mallorca at Athletic Club,MLL @ ATH,Athletic Club,93,4,Mallorca,84,0,STATUS_FULL_TIME,San Mamés
674240,2024-02-03T13:00Z,Almería at Valencia,ALM @ VAL,Valencia,94,2,Almería,6832,1,STATUS_FULL_TIME,Mestalla
674235,2024-02-03T15:15Z,Las Palmas at Granada,LPA @ GRA,Granada,3747,1,Las Palmas,98,1,STATUS_FULL_TIME,Nuevo Los Cármenes
674237,2024-02-03T17:30Z,Barcelona at Alavés,BAR @ ALA,Alavés,96,1,Barcelona,83,3,STATUS_FULL_TIME,Mendizorroza
674234,2024-02-03T20:00Z,Real Sociedad at Girona,RSO @ GIR,Girona,9812,0,Real Sociedad,89,0,STATUS_FULL_TIME,Municipal de Montilivi
674236,2024-02-04T13:00Z,Cádiz at Villarreal,CAD @ VIL,Villarreal,102,0,Cádiz,3842,0,STATUS_FULL_TIME,Estadio de la Cerámica
674231,2024-02-04T15:15Z,Celta Vigo at Osasuna,CEL @ OSA,Osasuna,97,0,Celta Vigo,85,3,STATUS_FULL_TIME,El Sadar
674238,2024-02-04T17:30Z,Getafe at Real Betis,GET @ BET,Real Betis,244,1,Getafe,2922,1,STATUS_FULL_TIME,Benito Villamarín
674239,2024-02-04T20:00Z,Atlético Madrid at Real Madrid,ATM @ RMA,Real Madrid,86,1,Atlético Madrid,1068,1,STATUS_FULL_TIME,Estadio Bernabéu
674232,2024-02-05T20:00Z,Sevilla at Rayo Vallecano,SEV @ RAY,Rayo Vallecano,101,1,Sevilla,243,2,STATUS_FULL_TIME,Estadio de Vallecas
674241,2024-02-09T20:00Z,Real Betis at Cádiz,BET @ CAD,Cádiz,3842,0,Real Betis,244,2,STATUS_FULL_TIME,Nuevo Mirandilla
674249,2024-02-10T13:00Z,Villarreal at Alavés,VIL @ ALA,Alavés,96,1,Villarreal,102,1,STATUS_FULL_TIME,Mendizorroza
674246,2024-02-10T15:15Z,Osasuna at Real Sociedad,OSA @ RSO,Real Sociedad,89,0,Osasuna,97,1,STATUS_FULL_TIME,Estadio Municipal de Anoeta
674250,2024-02-10T17:30Z,Girona at Real Madrid,GIR @ RMA,Real Madrid,86,4,Girona,9812,0,STATUS_FULL_TIME,Estadio Bernabéu
674243,2024-02-10T20:00Z,Valencia at Las Palmas,VAL @ LPA,Las Palmas,98,2,Valencia,94,0,STATUS_FULL_TIME,Estadio Gran Canaria
674242,2024-02-11T13:00Z,Celta Vigo at Getafe,CEL @ GET,Getafe,2922,3,Celta Vigo,85,2,STATUS_FULL_TIME,Estadio Coliseum
674244,2024-02-11T15:15Z,Rayo Vallecano at Mallorca,RAY @ MLL,Mallorca,84,2,Rayo Vallecano,101,1,STATUS_FULL_TIME,Estadi Mallorca Son Moix
674245,2024-02-11T17:30Z,Atlético Madrid at Sevilla,ATM @ SEV,Sevilla,243,1,Atlético Madrid,1068,0,STATUS_FULL_TIME,Ramón Sánchez-Pizjuán
674247,2024-02-11T20:00Z,Granada at Barcelona,GRA @ BAR,Barcelona,83,3,Granada,3747,3,STATUS_FULL_TIME,Estadi Olímpic Lluís Companys
674248,2024-02-12T20:00Z,Athletic Club at Almería,ATH @ ALM,Almería,6832,0,Athletic Club,93,0,STATUS_FULL_TIME,UD Almería Stadium
674258,2024-02-16T20:00Z,Getafe at Villarreal,GET @ VIL,Villarreal,102,1,Getafe,2922,1,STATUS_FULL_TIME,Estadio de la Cerámica
674259,2024-02-17T13:00Z,Las Palmas at Atlético Madrid,LPA @ ATM,Atlético Madrid,1068,5,Las Palmas,98,0,STATUS_FULL_TIME,Riyadh Air Metropolitano
674254,2024-02-17T15:15Z,Cádiz at Osasuna,CAD @ OSA,Osasuna,97,2,Cádiz,3842,0,STATUS_FULL_TIME,El Sadar
674251,2024-02-17T17:30Z,Barcelona at Celta Vigo,BAR @ CEL,Celta Vigo,85,1,Barcelona,83,2,STATUS_FULL_TIME,Estadio Abanca-Balaídos
674255,2024-02-17T20:00Z,Sevilla at Valencia,SEV @ VAL,Valencia,94,0,Sevilla,243,0,STATUS_FULL_TIME,Mestalla
674257,2024-02-18T13:00Z,Real Madrid at Rayo Vallecano,RMA @ RAY,Rayo Vallecano,101,1,Real Madrid,86,1,STATUS_FULL_TIME,Estadio de Vallecas
674252,2024-02-18T15:15Z,Almería at Granada,ALM @ GRA,Granada,3747,1,Almería,6832,1,STATUS_FULL_TIME,Nuevo Los Cármenes
674253,2024-02-18T17:30Z,Real Sociedad at Mallorca,RSO @ MLL,Mallorca,84,1,Real Sociedad,89,2,STATUS_FULL_TIME,Estadi Mallorca Son Moix
674256,2024-02-18T20:00Z,Alavés at Real Betis,ALA @ BET,Real Betis,244,0,Alavés,96,0,STATUS_FULL_TIME,Benito Villamarín
674260,2024-02-19T20:00Z,Girona at Athletic Club,GIR @ ATH,Athletic Club,93,3,Girona,9812,2,STATUS_FULL_TIME,San Mamés
674262,2024-02-23T20:00Z,Villarreal at Real Sociedad,VIL @ RSO,Real Sociedad,89,1,Villarreal,102,3,STATUS_FULL_TIME,Estadio Municipal de Anoeta
674268,2024-02-24T15:15Z,Getafe at Barcelona,GET @ BAR,Barcelona,83,4,Getafe,2922,0,STATUS_FULL_TIME,Estadi Olímpic Lluís Companys
674266,2024-02-24T17:30Z,Mallorca at Alavés,MLL @ ALA,Alavés,96,1,Mallorca,84,1,STATUS_FULL_TIME,Mendizorroza
674269,2024-02-24T20:00Z,Atlético Madrid at Almería,ATM @ ALM,Almería,6832,2,Atlético Madrid,1068,2,STATUS_FULL_TIME,UD Almería Stadium
674267,2024-02-25T13:00Z,Celta Vigo at Cádiz,CEL @ CAD,Cádiz,3842,2,Celta Vigo,85,2,STATUS_FULL_TIME,Nuevo Mirandilla
674264,2024-02-25T15:15Z,Athletic Club at Real Betis,ATH @ BET,Real Betis,244,3,Athletic Club,93,1,STATUS_FULL_TIME,Benito Villamarín
674263,2024-02-25T17:30Z,Osasuna at Las Palmas,OSA @ LPA,Las Palmas,98,1,Osasuna,97,1,STATUS_FULL_TIME,Estadio Gran Canaria
674270,2024-02-25T20:00Z,Sevilla at Real Madrid,SEV @ RMA,Real Madrid,86,1,Sevilla,243,0,STATUS_FULL_TIME,Estadio Bernabéu
674261,2024-02-26T20:00Z,Rayo Vallecano at Girona,RAY @ GIR,Girona,9812,3,Rayo Vallecano,101,0,STATUS_FULL_TIME,Municipal de Montilivi
674277,2024-03-01T20:00Z,Almería at Celta Vigo,ALM @ CEL,Celta Vigo,85,1,Almería,6832,0,STATUS_FULL_TIME,Estadio Abanca-Balaídos
674272,2024-03-02T13:00Z,Real Sociedad at Sevilla,RSO @ SEV,Sevilla,243,3,Real Sociedad,89,2,STATUS_FULL_TIME,Ramón Sánchez-Pizjuán
674273,2024-03-02T15:15Z,Cádiz at Rayo Vallecano,CAD @ RAY,Rayo Vallecano,101,1,Cádiz,3842,1,STATUS_FULL_TIME,Estadio de Vallecas
674276,2024-03-02T17:30Z,Las Palmas at Getafe,LPA @ GET,Getafe,2922,3,Las Palmas,98,3,STATUS_FULL_TIME,Estadio Coliseum
674271,2024-03-02T20:00Z,Real Madrid at Valencia,RMA @ VAL,Valencia,94,2,Real Madrid,86,2,STATUS_FULL_TIME,Mestalla
674280,2024-03-03T13:00Z,Granada at Villarreal,GRA @ VIL,Villarreal,102,5,Granada,3747,1,STATUS_FULL_TIME,Estadio de la Cerámica
674278,2024-03-03T15:15Z,Real Betis at Atlético Madrid,BET @ ATM,Atlético Madrid,1068,2,Real Betis,244,1,STATUS_FULL_TIME,Riyadh Air Metropolitano
674275,2024-03-03T17:30Z,Girona at Mallorca,GIR @ MLL,Mallorca,84,1,Girona,9812,0,STATUS_FULL_TIME,Estadi Mallorca Son Moix
674279,2024-03-03T20:00Z,Barcelona at Athletic Club,BAR @ ATH,Athletic Club,93,0,Barcelona,83,0,STATUS_FULL_TIME,San Mamés
674274,2024-03-04T20:00Z,Alavés at Osasuna,ALA @ OSA,Osasuna,97,1,Alavés,96,0,STATUS_FULL_TIME,El Sadar
674287,2024-03-08T20:00Z,Mallorca at Barcelona,MLL @ BAR,Barcelona,83,1,Mallorca,84,0,STATUS_FULL_TIME,Estadi Olímpic Lluís Companys
674290,2024-03-09T13:00Z,Getafe at Valencia,GET @ VAL,Valencia,94,1,Getafe,2922,0,STATUS_FULL_TIME,Mestalla
674286,2024-03-09T15:15Z,Atlético Madrid at Cádiz,ATM @ CAD,Cádiz,3842,2,Atlético Madrid,1068,0,STATUS_FULL_TIME,Nuevo Mirandilla
674284,2024-03-09T17:30Z,Real Sociedad at Granada,RSO @ GRA,Granada,3747,2,Real Sociedad,89,3,STATUS_FULL_TIME,Nuevo Los Cármenes
674285,2024-03-09T20:00Z,Osasuna at Girona,OSA @ GIR,Girona,9812,2,Osasuna,97,0,STATUS_FULL_TIME,Municipal de Montilivi
674289,2024-03-10T13:00Z,Rayo Vallecano at Alavés,RAY @ ALA,Alavés,96,1,Rayo Vallecano,101,0,STATUS_FULL_TIME,Mendizorroza
674283,2024-03-10T15:15Z,Athletic Club at Las Palmas,ATH @ LPA,Las Palmas,98,0,Athletic Club,93,2,STATUS_FULL_TIME,Estadio Gran Canaria
674281,2024-03-10T17:30Z,Celta Vigo at Real Madrid,CEL @ RMA,Real Madrid,86,4,Celta Vigo,85,0,STATUS_FULL_TIME,Estadio Bernabéu
674282,2024-03-10T20:00Z,Villarreal at Real Betis,VIL @ BET,Real Betis,244,2,Villarreal,102,3,STATUS_FULL_TIME,Benito Villamarín
674288,2024-03-11T20:00Z,Sevilla at Almería,SEV @ ALM,Almería,6832,2,Sevilla,243,2,STATUS_FULL_TIME,UD Almería Stadium
674298,2024-03-15T20:00Z,Cádiz at Real Sociedad,CAD @ RSO,Real Sociedad,89,2,Cádiz,3842,0,STATUS_FULL_TIME,Estadio Municipal de Anoeta
674295,2024-03-16T13:00Z,Granada at Mallorca,GRA @ MLL,Mallorca,84,1,Granada,3747,0,STATUS_FULL_TIME,Estadi Mallorca Son Moix
674296,2024-03-16T15:15Z,Real Madrid at Osasuna,RMA @ OSA,Osasuna,97,2,Real Madrid,86,4,STATUS_FULL_TIME,El Sadar
674293,2024-03-16T17:30Z,Girona at Getafe,GIR @ GET,Getafe,2922,1,Girona,9812,0,STATUS_FULL_TIME,Estadio Coliseum
674291,2024-03-16T20:00Z,Alavés at Athletic Club,ALA @ ATH,Athletic Club,93,2,Alavés,96,0,STATUS_FULL_TIME,San Mamés
674299,2024-03-17T13:00Z,Celta Vigo at Sevilla,CEL @ SEV,Sevilla,243,1,Celta Vigo,85,2,STATUS_FULL_TIME,Ramón Sánchez-Pizjuán
674294,2024-03-17T15:15Z,Almería at Las Palmas,ALM @ LPA,Las Palmas,98,0,Almería,6832,1,STATUS_FULL_TIME,Estadio Gran Canaria
674300,2024-03-17T15:15Z,Valencia at Villarreal,VAL @ VIL,Villarreal,102,1,Valencia,94,0,STATUS_FULL_TIME,Estadio de la Cerámica
674297,2024-03-17T17:30Z,Real Betis at Rayo Vallecano,BET @ RAY,Rayo Vallecano,101,2,Real Betis,244,0,STATUS_FULL_TIME,Estadio de Vallecas
674292,2024-03-17T20:00Z,Barcelona at Atlético Madrid,BAR @ ATM,Atlético Madrid,1068,0,Barcelona,83,3,STATUS_FULL_TIME,Riyadh Air Metropolitano
674310,2024-03-29T20:00Z,Granada at Cádiz,GRA @ CAD,Cádiz,3842,1,Granada,3747,0,STATUS_FULL_TIME,Nuevo Mirandilla
674305,2024-03-30T13:00Z,Sevilla at Getafe,SEV @ GET,Getafe,2922,0,Sevilla,243,1,STATUS_FULL_TIME,Estadio Coliseum
674302,2024-03-30T15:15Z,Osasuna at Almería,OSA @ ALM,Almería,6832,0,Osasuna,97,3,STATUS_FULL_TIME,UD Almería Stadium
674309,2024-03-30T17:30Z,Mallorca at Valencia,MLL @ VAL,Valencia,94,0,Mallorca,84,0,STATUS_FULL_TIME,Mestalla
674303,2024-03-30T20:00Z,Las Palmas at Barcelona,LPA @ BAR,Barcelona,83,1,Las Palmas,98,0,STATUS_FULL_TIME,Estadi Olímpic Lluís Companys
674304,2024-03-31T12:00Z,Rayo Vallecano at Celta Vigo,RAY @ CEL,Celta Vigo,85,0,Rayo Vallecano,101,0,STATUS_FULL_TIME,Estadio Abanca-Balaídos
674307,2024-03-31T14:15Z,Real Betis at Girona,BET @ GIR,Girona,9812,3,Real Betis,244,2,STATUS_FULL_TIME,Municipal de Montilivi
674301,2024-03-31T16:30Z,Real Sociedad at Alavés,RSO @ ALA,Alavés,96,0,Real Sociedad,89,1,STATUS_FULL_TIME,Mendizorroza
674308,2024-03-31T19:00Z,Athletic Club at Real Madrid,ATH @ RMA,Real Madrid,86,2,Athletic Club,93,0,STATUS_FULL_TIME,Estadio Bernabéu
674306,2024-04-01T19:00Z,Atlético Madrid at Villarreal,ATM @ VIL,Villarreal,102,1,Atlético Madrid,1068,2,STATUS_FULL_TIME,Estadio de la Cerámica
674265,2024-04-04T18:00Z,Valencia at Granada,VAL @ GRA,Granada,3747,0,Valencia,94,1,STATUS_FULL_TIME,Nuevo Los Cármenes
674311,2024-04-12T19:00Z,Celta Vigo at Real Betis,CEL @ BET,Real Betis,244,2,Celta Vigo,85,1,STATUS_FULL_TIME,Benito Villamarín
674318,2024-04-13T12:00Z,Girona at Atlético Madrid,GIR @ ATM,Atlético Madrid,1068,3,Girona,9812,1,STATUS_FULL_TIME,Riyadh Air Metropolitano
674312,2024-04-13T14:15Z,Getafe at Rayo Vallecano,GET @ RAY,Rayo Vallecano,101,0,Getafe,2922,0,STATUS_FULL_TIME,Estadio de Vallecas
674315,2024-04-13T16:30Z,Real Madrid at Mallorca,RMA @ MLL,Mallorca,84,0,Real Madrid,86,1,STATUS_FULL_TIME,Estadi Mallorca Son Moix
674319,2024-04-13T19:00Z,Barcelona at Cádiz,BAR @ CAD,Cádiz,3842,0,Barcelona,83,1,STATUS_FULL_TIME,Nuevo Mirandilla
674313,2024-04-14T12:00Z,Sevilla at Las Palmas,SEV @ LPA,Las Palmas,98,0,Sevilla,243,2,STATUS_FULL_TIME,Estadio Gran Canaria
674320,2024-04-14T14:15Z,Alavés at Granada,ALA @ GRA,Granada,3747,2,Alavés,96,0,STATUS_FULL_TIME,Nuevo Los Cármenes
674317,2024-04-14T16:30Z,Villarreal at Athletic Club,VIL @ ATH,Athletic Club,93,1,Villarreal,102,1,STATUS_FULL_TIME,San Mamés
674316,2024-04-14T19:00Z,Almería at Real Sociedad,ALM @ RSO,Real Sociedad,89,2,Almería,6832,2,STATUS_FULL_TIME,Estadio Municipal de Anoeta
674314,2024-04-15T19:00Z,Valencia at Osasuna,VAL @ OSA,Osasuna,97,0,Valencia,94,1,STATUS_FULL_TIME,El Sadar
674324,2024-04-19T19:00Z,Granada at Athletic Club,GRA @ ATH,Athletic Club,93,1,Granada,3747,1,STATUS_FULL_TIME,San Mamés
674322,2024-04-20T12:00Z,Las Palmas at Celta Vigo,LPA @ CEL,Celta Vigo,85,4,Las Palmas,98,1,STATUS_FULL_TIME,Estadio Abanca-Balaídos
674321,2024-04-20T14:15Z,Osasuna at Rayo Vallecano,OSA @ RAY,Rayo Vallecano,101,2,Osasuna,97,1,STATUS_FULL_TIME,Estadio de Vallecas
674328,2024-04-20T16:30Z,Real Betis at Valencia,BET @ VAL,Valencia,94,1,Real Betis,244,2,STATUS_FULL_TIME,Mestalla
674323,2024-04-20T19:00Z,Cádiz at Girona,CAD @ GIR,Girona,9812,4,Cádiz,3842,1,STATUS_FULL_TIME,Municipal de Montilivi
674327,2024-04-21T12:00Z,Real Sociedad at Getafe,RSO @ GET,Getafe,2922,1,Real Sociedad,89,1,STATUS_FULL_TIME,Estadio Coliseum
674325,2024-04-21T14:15Z,Villarreal at Almería,VIL @ ALM,Almería,6832,1,Villarreal,102,2,STATUS_FULL_TIME,UD Almería Stadium
674326,2024-04-21T16:30Z,Atlético Madrid at Alavés,ATM @ ALA,Alavés,96,2,Atlético Madrid,1068,0,STATUS_FULL_TIME,Mendizorroza
674330,2024-04-21T19:00Z,Barcelona at Real Madrid,BAR @ RMA,Real Madrid,86,3,Barcelona,83,2,STATUS_FULL_TIME,Estadio Bernabéu
674329,2024-04-22T19:00Z,Mallorca at Sevilla,MLL @ SEV,Sevilla,243,2,Mallorca,84,1,STATUS_FULL_TIME,Ramón Sánchez-Pizjuán
674332,2024-04-26T19:00Z,Real Madrid at Real Sociedad,RMA @ RSO,Real Sociedad,89,0,Real Madrid,86,1,STATUS_FULL_TIME,Estadio Municipal de Anoeta
674334,2024-04-27T12:00Z,Girona at Las Palmas,GIR @ LPA,Las Palmas,98,0,Girona,9812,2,STATUS_FULL_TIME,Estadio Gran Canaria
674339,2024-04-27T14:15Z,Getafe at Almería,GET @ ALM,Almería,6832,1,Getafe,2922,3,STATUS_FULL_TIME,UD Almería Stadium
674335,2024-04-27T16:30Z,Celta Vigo at Alavés,CEL @ ALA,Alavés,96,3,Celta Vigo,85,0,STATUS_FULL_TIME,Mendizorroza
674338,2024-04-27T19:00Z,Athletic Club at Atlético Madrid,ATH @ ATM,Atlético Madrid,1068,3,Athletic Club,93,1,STATUS_FULL_TIME,Riyadh Air Metropolitano
674331,2024-04-28T12:00Z,Mallorca at Cádiz,MLL @ CAD,Cádiz,3842,1,Mallorca,84,1,STATUS_FULL_TIME,Nuevo Mirandilla
674333,2024-04-28T14:15Z,Osasuna at Granada,OSA @ GRA,Granada,3747,3,Osasuna,97,0,STATUS_FULL_TIME,Nuevo Los Cármenes
674336,2024-04-28T16:30Z,Rayo Vallecano at Villarreal,RAY @ VIL,Villarreal,102,3,Rayo Vallecano,101,0,STATUS_FULL_TIME,Estadio de la Cerámica
674340,2024-04-28T19:00Z,Sevilla at Real Betis,SEV @ BET,Real Betis,244,1,Sevilla,243,1,STATUS_FULL_TIME,Benito Villamarín
674337,2024-04-29T19:00Z,Valencia at Barcelona,VAL @ BAR,Barcelona,83,4,Valencia,94,2,STATUS_FULL_TIME,Estadi Olímpic Lluís Companys
674342,2024-05-03T19:00Z,Athletic Club at Getafe,ATH @ GET,Getafe,2922,0,Athletic Club,93,2,STATUS_FULL_TIME,Estadio Coliseum
674347,2024-05-04T12:00Z,Las Palmas at Real Sociedad,LPA @ RSO,Real Sociedad,89,2,Las Palmas,98,0,STATUS_FULL_TIME,Estadio Municipal de Anoeta
674346,2024-05-04T14:15Z,Cádiz at Real Madrid,CAD @ RMA,Real Madrid,86,3,Cádiz,3842,0,STATUS_FULL_TIME,Estadio Bernabéu
674345,2024-05-04T16:30Z,Barcelona at Girona,BAR @ GIR,Girona,9812,4,Barcelona,83,2,STATUS_FULL_TIME,Municipal de Montilivi
674341,2024-05-04T19:00Z,Atlético Madrid at Mallorca,ATM @ MLL,Mallorca,84,0,Atlético Madrid,1068,1,STATUS_FULL_TIME,Estadi Mallorca Son Moix
674344,2024-05-05T12:00Z,Real Betis at Osasuna,BET @ OSA,Osasuna,97,0,Real Betis,244,2,STATUS_FULL_TIME,El Sadar
674343,2024-05-05T14:15Z,Villarreal at Celta Vigo,VIL @ CEL,Celta Vigo,85,3,Villarreal,102,2,STATUS_FULL_TIME,Estadio Abanca-Balaídos
674349,2024-05-05T16:30Z,Alavés at Valencia,ALA @ VAL,Valencia,94,0,Alavés,96,1,STATUS_FULL_TIME,Mestalla
674350,2024-05-05T19:00Z,Almería at Rayo Vallecano,ALM @ RAY,Rayo Vallecano,101,0,Almería,6832,1,STATUS_FULL_TIME,Estadio de Vallecas
674348,2024-05-05T19:00Z,Granada at Sevilla,GRA @ SEV,Sevilla,243,3,Granada,3747,0,STATUS_FULL_TIME,Ramón Sánchez-Pizjuán
674351,2024-05-10T19:00Z,Girona at Alavés,GIR @ ALA,Alavés,96,2,Girona,9812,2,STATUS_FULL_TIME,Mendizorroza
674353,2024-05-11T12:00Z,Las Palmas at Mallorca,LPA @ MLL,Mallorca,84,1,Las Palmas,98,0,STATUS_FULL_TIME,Estadi Mallorca Son Moix
674354,2024-05-11T14:15Z,Sevilla at Villarreal,SEV @ VIL,Villarreal,102,3,Sevilla,243,2,STATUS_FULL_TIME,Estadio de la Cerámica
674360,2024-05-11T16:30Z,Real Madrid at Granada,RMA @ GRA,Granada,3747,0,Real Madrid,86,4,STATUS_FULL_TIME,Nuevo Los Cármenes
674358,2024-05-11T19:00Z,Osasuna at Athletic Club,OSA @ ATH,Athletic Club,93,2,Osasuna,97,2,STATUS_FULL_TIME,San Mamés
674355,2024-05-12T12:00Z,Getafe at Cádiz,GET @ CAD,Cádiz,3842,1,Getafe,2922,0,STATUS_FULL_TIME,Nuevo Mirandilla
674357,2024-05-12T14:15Z,Celta Vigo at Atlético Madrid,CEL @ ATM,Atlético Madrid,1068,1,Celta Vigo,85,0,STATUS_FULL_TIME,Riyadh Air Metropolitano
674359,2024-05-12T16:30Z,Rayo Vallecano at Valencia,RAY @ VAL,Valencia,94,0,Rayo Vallecano,101,0,STATUS_FULL_TIME,Mestalla
674352,2024-05-12T19:00Z,Almería at Real Betis,ALM @ BET,Real Betis,244,3,Almería,6832,2,STATUS_FULL_TIME,Benito Villamarín
674356,2024-05-13T19:00Z,Real Sociedad at Barcelona,RSO @ BAR,Barcelona,83,2,Real Sociedad,89,0,STATUS_FULL_TIME,Estadi Olímpic Lluís Companys
674370,2024-05-14T17:30Z,Mallorca at Osasuna,MLL @ OSA,Osasuna,97,1,Mallorca,84,1,STATUS_FULL_TIME,El Sadar
674367,2024-05-14T19:30Z,Alavés at Real Madrid,ALA @ RMA,Real Madrid,86,5,Alavés,96,0,STATUS_FULL_TIME,Estadio Bernabéu
674361,2024-05-14T20:00Z,Villarreal at Girona,VIL @ GIR,Girona,9812,0,Villarreal,102,1,STATUS_FULL_TIME,Municipal de Montilivi
674368,2024-05-15T17:30Z,Granada at Rayo Vallecano,GRA @ RAY,Rayo Vallecano,101,2,Granada,3747,1,STATUS_FULL_TIME,Estadio de Vallecas
674365,2024-05-15T17:30Z,Cádiz at Sevilla,CAD @ SEV,Sevilla,243,0,Cádiz,3842,1,STATUS_FULL_TIME,Ramón Sánchez-Pizjuán
674362,2024-05-15T20:00Z,Athletic Club at Celta Vigo,ATH @ CEL,Celta Vigo,85,2,Athletic Club,93,1,STATUS_FULL_TIME,Estadio Abanca-Balaídos
674369,2024-05-15T20:00Z,Atlético Madrid at Getafe,ATM @ GET,Getafe,2922,0,Atlético Madrid,1068,3,STATUS_FULL_TIME,Estadio Coliseum
674364,2024-05-16T17:30Z,Real Betis at Las Palmas,BET @ LPA,Las Palmas,98,2,Real Betis,244,2,STATUS_FULL_TIME,Estadio Gran Canaria
674363,2024-05-16T19:30Z,Barcelona at Almería,BAR @ ALM,Almería,6832,0,Barcelona,83,2,STATUS_FULL_TIME,UD Almería Stadium
674366,2024-05-16T20:00Z,Valencia at Real Sociedad,VAL @ RSO,Real Sociedad,89,1,Valencia,94,0,STATUS_FULL_TIME,Estadio Municipal de Anoeta
674371,2024-05-18T19:00Z,Getafe at Alavés,GET @ ALA,Alavés,96,1,Getafe,2922,0,STATUS_FULL_TIME,Mendizorroza
674379,2024-05-19T17:00Z,Sevilla at Athletic Club,SEV @ ATH,Athletic Club,93,2,Sevilla,243,0,STATUS_FULL_TIME,San Mamés
674380,2024-05-19T17:00Z,Osasuna at Atlético Madrid,OSA @ ATM,Atlético Madrid,1068,1,Osasuna,97,4,STATUS_FULL_TIME,Riyadh Air Metropolitano
674378,2024-05-19T17:00Z,Rayo Vallecano at Barcelona,RAY @ BAR,Barcelona,83,3,Rayo Vallecano,101,0,STATUS_FULL_TIME,Estadi Olímpic Lluís Companys
674377,2024-05-19T17:00Z,Las Palmas at Cádiz,LPA @ CAD,Cádiz,3842,0,Las Palmas,98,0,STATUS_FULL_TIME,Nuevo Mirandilla
674376,2024-05-19T17:00Z,Celta Vigo at Granada,CEL @ GRA,Granada,3747,1,Celta Vigo,85,2,STATUS_FULL_TIME,Nuevo Los Cármenes
674375,2024-05-19T17:00Z,Almería at Mallorca,ALM @ MLL,Mallorca,84,2,Almería,6832,2,STATUS_FULL_TIME,Estadi Mallorca Son Moix
674374,2024-05-19T17:00Z,Real Sociedad at Real Betis,RSO @ BET,Real Betis,244,0,Real Sociedad,89,2,STATUS_FULL_TIME,Benito Villamarín
674373,2024-05-19T17:00Z,Girona at Valencia,GIR @ VAL,Valencia,94,1,Girona,9812,3,STATUS_FULL_TIME,Mestalla
674372,2024-05-19T17:00Z,Real Madrid at Villarreal,RMA @ VIL,Villarreal,102,4,Real Madrid,86,4,STATUS_FULL_TIME,Estadio de la Cerámica
674385,2024-05-24T19:00Z,Granada at Girona,GRA @ GIR,Girona,9812,7,Granada,3747,0,STATUS_FULL_TIME,Municipal de Montilivi
674389,2024-05-25T12:00Z,Villarreal at Osasuna,VIL @ OSA,Osasuna,97,1,Villarreal,102,1,STATUS_FULL_TIME,El Sadar
674386,2024-05-25T14:15Z,Atlético Madrid at Real Sociedad,ATM @ RSO,Real Sociedad,89,0,Atlético Madrid,1068,2,STATUS_FULL_TIME,Estadio Municipal de Anoeta
674381,2024-05-25T16:30Z,Cádiz at Almería,CAD @ ALM,Almería,6832,6,Cádiz,3842,1,STATUS_FULL_TIME,UD Almería Stadium
674390,2024-05-25T16:30Z,Athletic Club at Rayo Vallecano,ATH @ RAY,Rayo Vallecano,101,0,Athletic Club,93,1,STATUS_FULL_TIME,Estadio de Vallecas
674382,2024-05-25T19:00Z,Real Betis at Real Madrid,BET @ RMA,Real Madrid,86,0,Real Betis,244,0,STATUS_FULL_TIME,Estadio Bernabéu
674384,2024-05-26T12:00Z,Mallorca at Getafe,MLL @ GET,Getafe,2922,1,Mallorca,84,2,STATUS_FULL_TIME,Estadio Coliseum
674383,2024-05-26T14:15Z,Valencia at Celta Vigo,VAL @ CEL,Celta Vigo,85,2,Valencia,94,2,STATUS_FULL_TIME,Estadio Abanca-Balaídos
674388,2024-05-26T14:15Z,Alavés at Las Palmas,ALA @ LPA,Las Palmas,98,1,Alavés,96,1,STATUS_FULL_TIME,Estadio Gran Canaria
674387,2024-05-26T19:00Z,Barcelona at Sevilla,BAR @ SEV,Sevilla,243,1,Barcelona,83,2,STATUS_FULL_TIME,Ramón Sánchez-Pizjuán
704660,2024-08-15T17:00Z,Getafe at Athletic Club,GET @ ATH,Athletic Club,93,1,Getafe,2922,1,STATUS_FULL_TIME,San Mamés
704665,2024-08-15T19:30Z,Girona at Real Betis,GIR @ BET,Real Betis,244,1,Girona,9812,1,STATUS_FULL_TIME,Benito Villamarín
704661,2024-08-16T17:00Z,Alavés at Celta Vigo,ALA @ CEL,Celta Vigo,85,2,Alavés,96,1,STATUS_FULL_TIME,Estadio Abanca-Balaídos
704662,2024-08-16T19:30Z,Sevilla at Las Palmas,SEV @ LPA,Las Palmas,98,2,Sevilla,243,2,STATUS_FULL_TIME,Estadio Gran Canaria
704664,2024-08-17T17:00Z,Leganés at Osasuna,LEG @ OSA,Osasuna,97,1,Leganés,17534,1,STATUS_FULL_TIME,El Sadar
704668,2024-08-17T19:30Z,Barcelona at Valencia,BAR @ VAL,Valencia,94,1,Barcelona,83,2,STATUS_FULL_TIME,Mestalla
704666,2024-08-18T17:00Z,Rayo Vallecano at Real Sociedad,RAY @ RSO,Real Sociedad,89,1,Rayo Vallecano,101,2,STATUS_FULL_TIME,Estadio Municipal de Anoeta
704663,2024-08-18T19:30Z,Real Madrid at Mallorca,RMA @ MLL,Mallorca,84,1,Real Madrid,86,1,STATUS_FULL_TIME,Estadi Mallorca Son Moix
704667,2024-08-19T17:00Z,Espanyol at Real Valladolid,ESP @ VLL,Real Valladolid,95,1,Espanyol,88,0,STATUS_FULL_TIME,José Zorrilla
704669,2024-08-19T19:30Z,Atlético Madrid at Villarreal,ATM @ VIL,Villarreal,102,2,Atlético Madrid,1068,2,STATUS_FULL_TIME,Estadio de la Cerámica
704673,2024-08-23T17:00Z,Valencia at Celta Vigo,VAL @ CEL,Celta Vigo,85,3,Valencia,94,1,STATUS_FULL_TIME,Estadio Abanca-Balaídos
704678,2024-08-23T19:30Z,Villarreal at Sevilla,VIL @ SEV,Sevilla,243,1,Villarreal,102,2,STATUS_FULL_TIME,Ramón Sánchez-Pizjuán
704676,2024-08-24T15:00Z,Mallorca at Osasuna,MLL @ OSA,Osasuna,97,1,Mallorca,84,0,STATUS_FULL_TIME,El Sadar
704672,2024-08-24T17:00Z,Athletic Club at Barcelona,ATH @ BAR,Barcelona,83,2,Athletic Club,93,1,STATUS_FULL_TIME,Estadi Olímpic Lluís Companys
704679,2024-08-24T19:30Z,Real Sociedad at Espanyol,RSO @ ESP,Espanyol,88,0,Real Sociedad,89,1,STATUS_FULL_TIME,RCDE Stadium
704674,2024-08-24T19:30Z,Rayo Vallecano at Getafe,RAY @ GET,Getafe,2922,0,Rayo Vallecano,101,0,STATUS_FULL_TIME,Estadio Coliseum
704677,2024-08-25T15:00Z,Real Valladolid at Real Madrid,VLL @ RMA,Real Madrid,86,3,Real Valladolid,95,0,STATUS_FULL_TIME,Estadio Bernabéu
704675,2024-08-25T17:00Z,Las Palmas at Leganés,LPA @ LEG,Leganés,17534,2,Las Palmas,98,1,STATUS_FULL_TIME,Estadio Ontime Butarque
704670,2024-08-25T17:15Z,Real Betis at Alavés,BET @ ALA,Alavés,96,0,Real Betis,244,0,STATUS_FULL_TIME,Mendizorroza
704671,2024-08-25T19:30Z,Girona at Atlético Madrid,GIR @ ATM,Atlético Madrid,1068,3,Girona,9812,0,STATUS_FULL_TIME,Riyadh Air Metropolitano
704688,2024-08-26T19:30Z,Celta Vigo at Villarreal,CEL @ VIL,Villarreal,102,4,Celta Vigo,85,3,STATUS_FULL_TIME,Estadio de la Cerámica
704689,2024-08-27T17:00Z,Sevilla at Mallorca,SEV @ MLL,Mallorca,84,0,Sevilla,243,0,STATUS_FULL_TIME,Estadi Mallorca Son Moix
704685,2024-08-27T19:30Z,Barcelona at Rayo Vallecano,BAR @ RAY,Rayo Vallecano,101,1,Barcelona,83,2,STATUS_FULL_TIME,Estadio de Vallecas
704680,2024-08-28T17:00Z,Valencia at Athletic Club,VAL @ ATH,Athletic Club,93,1,Valencia,94,0,STATUS_FULL_TIME,San Mamés
704684,2024-08-28T17:00Z,Leganés at Real Valladolid,LEG @ VLL,Real Valladolid,95,0,Leganés,17534,0,STATUS_FULL_TIME,José Zorrilla
704681,2024-08-28T19:30Z,Espanyol at Atlético Madrid,ESP @ ATM,Atlético Madrid,1068,0,Espanyol,88,0,STATUS_FULL_TIME,Riyadh Air Metropolitano
704687,2024-08-28T19:30Z,Alavés at Real Sociedad,ALA @ RSO,Real Sociedad,89,1,Alavés,96,2,STATUS_FULL_TIME,Estadio Municipal de Anoeta
704682,2024-08-29T17:00Z,Osasuna at Girona,OSA @ GIR,Girona,9812,4,Osasuna,97,0,STATUS_FULL_TIME,Municipal de Montilivi
704683,2024-08-29T19:30Z,Real Madrid at Las Palmas,RMA @ LPA,Las Palmas,98,1,Real Madrid,86,1,STATUS_FULL_TIME,Estadio Gran Canaria
704692,2024-08-31T15:00Z,Real Valladolid at Barcelona,VLL @ BAR,Barcelona,83,7,Real Valladolid,95,0,STATUS_FULL_TIME,Estadi Olímpic Lluís Companys
704691,2024-08-31T17:00Z,Atlético Madrid at Athletic Club,ATM @ ATH,Athletic Club,93,0,Atlético Madrid,1068,1,STATUS_FULL_TIME,San Mamés
704698,2024-08-31T17:15Z,Rayo Vallecano at Espanyol,RAY @ ESP,Espanyol,88,2,Rayo Vallecano,101,1,STATUS_FULL_TIME,RCDE Stadium
704696,2024-08-31T19:30Z,Mallorca at Leganés,MLL @ LEG,Leganés,17534,0,Mallorca,84,1,STATUS_FULL_TIME,Estadio Ontime Butarque
704694,2024-08-31T19:30Z,Villarreal at Valencia,VIL @ VAL,Valencia,94,1,Villarreal,102,1,STATUS_FULL_TIME,Mestalla
704690,2024-09-01T15:00Z,Las Palmas at Alavés,LPA @ ALA,Alavés,96,2,Las Palmas,98,0,STATUS_FULL_TIME,Mendizorroza
704695,2024-09-01T15:00Z,Celta Vigo at Osasuna,CEL @ OSA,Osasuna,97,3,Celta Vigo,85,2,STATUS_FULL_TIME,El Sadar
704697,2024-09-01T17:00Z,Girona at Sevilla,GIR @ SEV,Sevilla,243,0,Girona,9812,2,STATUS_FULL_TIME,Ramón Sánchez-Pizjuán
704693,2024-09-01T17:15Z,Real Sociedad at Getafe,RSO @ GET,Getafe,2922,0,Real Sociedad,89,0,STATUS_FULL_TIME,Estadio Coliseum
704699,2024-09-01T19:30Z,Real Betis at Real Madrid,BET @ RMA,Real Madrid,86,2,Real Betis,244,0,STATUS_FULL_TIME,Estadio Bernabéu
704707,2024-09-13T19:00Z,Leganés at Real Betis,LEG @ BET,Real Betis,244,2,Leganés,17534,0,STATUS_FULL_TIME,Benito Villamarín
704709,2024-09-14T12:00Z,Villarreal at Mallorca,VIL @ MLL,Mallorca,84,1,Villarreal,102,2,STATUS_FULL_TIME,Estadi Mallorca Son Moix
704701,2024-09-14T14:15Z,Alavés at Espanyol,ALA @ ESP,Espanyol,88,3,Alavés,96,2,STATUS_FULL_TIME,RCDE Stadium
704702,2024-09-14T16:30Z,Getafe at Sevilla,GET @ SEV,Sevilla,243,1,Getafe,2922,0,STATUS_FULL_TIME,Ramón Sánchez-Pizjuán
704704,2024-09-14T19:00Z,Real Madrid at Real Sociedad,RMA @ RSO,Real Sociedad,89,0,Real Madrid,86,2,STATUS_FULL_TIME,Estadio Municipal de Anoeta
704706,2024-09-15T12:00Z,Real Valladolid at Celta Vigo,VLL @ CEL,Celta Vigo,85,3,Real Valladolid,95,1,STATUS_FULL_TIME,Estadio Abanca-Balaídos
704703,2024-09-15T14:15Z,Barcelona at Girona,BAR @ GIR,Girona,9812,1,Barcelona,83,4,STATUS_FULL_TIME,Municipal de Montilivi
704700,2024-09-15T16:30Z,Athletic Club at Las Palmas,ATH @ LPA,Las Palmas,98,2,Athletic Club,93,3,STATUS_FULL_TIME,Estadio Gran Canaria
704705,2024-09-15T19:00Z,Valencia at Atlético Madrid,VAL @ ATM,Atlético Madrid,1068,3,Valencia,94,0,STATUS_FULL_TIME,Riyadh Air Metropolitano
704708,2024-09-16T19:00Z,Osasuna at Rayo Vallecano,OSA @ RAY,Rayo Vallecano,101,3,Osasuna,97,1,STATUS_FULL_TIME,Estadio de Vallecas
704723,2024-09-17T17:00Z,Real Sociedad at Mallorca,RSO @ MLL,Mallorca,84,1,Real Sociedad,89,0,STATUS_FULL_TIME,Estadi Mallorca Son Moix
704686,2024-09-18T17:00Z,Getafe at Real Betis,GET @ BET,Real Betis,244,2,Getafe,2922,1,STATUS_FULL_TIME,Benito Villamarín
704726,2024-09-19T17:00Z,Athletic Club at Leganés,ATH @ LEG,Leganés,17534,0,Athletic Club,93,2,STATUS_FULL_TIME,Estadio Ontime Butarque
704710,2024-09-20T19:00Z,Sevilla at Alavés,SEV @ ALA,Alavés,96,2,Sevilla,243,1,STATUS_FULL_TIME,Mendizorroza
704716,2024-09-21T12:00Z,Real Sociedad at Real Valladolid,RSO @ VLL,Real Valladolid,95,0,Real Sociedad,89,0,STATUS_FULL_TIME,José Zorrilla
704712,2024-09-21T14:15Z,Las Palmas at Osasuna,LPA @ OSA,Osasuna,97,2,Las Palmas,98,1,STATUS_FULL_TIME,El Sadar
704715,2024-09-21T16:30Z,Girona at Valencia,GIR @ VAL,Valencia,94,2,Girona,9812,0,STATUS_FULL_TIME,Mestalla
704717,2024-09-21T19:00Z,Espanyol at Real Madrid,ESP @ RMA,Real Madrid,86,4,Espanyol,88,1,STATUS_FULL_TIME,Estadio Bernabéu
704713,2024-09-22T12:00Z,Leganés at Getafe,LEG @ GET,Getafe,2922,1,Leganés,17534,1,STATUS_FULL_TIME,Estadio Coliseum
704719,2024-09-22T14:15Z,Celta Vigo at Athletic Club,CEL @ ATH,Athletic Club,93,3,Celta Vigo,85,1,STATUS_FULL_TIME,San Mamés
704711,2024-09-22T16:30Z,Barcelona at Villarreal,BAR @ VIL,Villarreal,102,1,Barcelona,83,5,STATUS_FULL_TIME,Estadio de la Cerámica
704714,2024-09-22T19:00Z,Atlético Madrid at Rayo Vallecano,ATM @ RAY,Rayo Vallecano,101,1,Atlético Madrid,1068,1,STATUS_FULL_TIME,Estadio de Vallecas
704718,2024-09-23T19:00Z,Mallorca at Real Betis,MLL @ BET,Real Betis,244,1,Mallorca,84,2,STATUS_FULL_TIME,Benito Villamarín
704727,2024-09-24T17:00Z,Real Valladolid at Sevilla,VLL @ SEV,Sevilla,243,2,Real Valladolid,95,1,STATUS_FULL_TIME,Ramón Sánchez-Pizjuán
704729,2024-09-24T17:00Z,Osasuna at Valencia,OSA @ VAL,Valencia,94,0,Osasuna,97,0,STATUS_FULL_TIME,Mestalla
704724,2024-09-24T19:00Z,Alavés at Real Madrid,ALA @ RMA,Real Madrid,86,3,Alavés,96,2,STATUS_FULL_TIME,Estadio Bernabéu
704722,2024-09-25T17:00Z,Rayo Vallecano at Girona,RAY @ GIR,Girona,9812,0,Rayo Vallecano,101,0,STATUS_FULL_TIME,Municipal de Montilivi
704720,2024-09-25T19:00Z,Getafe at Barcelona,GET @ BAR,Barcelona,83,1,Getafe,2922,0,STATUS_FULL_TIME,Estadi Olímpic Lluís Companys
704728,2024-09-26T17:00Z,Villarreal at Espanyol,VIL @ ESP,Espanyol,88,1,Villarreal,102,2,STATUS_FULL_TIME,RCDE Stadium
704725,2024-09-26T17:00Z,Real Betis at Las Palmas,BET @ LPA,Las Palmas,98,1,Real Betis,244,1,STATUS_FULL_TIME,Estadio Gran Canaria
704721,2024-09-26T19:00Z,Atlético Madrid at Celta Vigo,ATM @ CEL,Celta Vigo,85,0,Atlético Madrid,1068,1,STATUS_FULL_TIME,Estadio Abanca-Balaídos
704738,2024-09-27T19:00Z,Mallorca at Real Valladolid,MLL @ VLL,Real Valladolid,95,1,Mallorca,84,2,STATUS_FULL_TIME,José Zorrilla
704733,2024-09-28T12:00Z,Alavés at Getafe,ALA @ GET,Getafe,2922,2,Alavés,96,0,STATUS_FULL_TIME,Estadio Coliseum
704735,2024-09-28T14:15Z,Leganés at Rayo Vallecano,LEG @ RAY,Rayo Vallecano,101,1,Leganés,17534,1,STATUS_FULL_TIME,Estadio de Vallecas
704737,2024-09-28T16:30Z,Valencia at Real Sociedad,VAL @ RSO,Real Sociedad,89,3,Valencia,94,0,STATUS_FULL_TIME,Estadio Municipal de Anoeta
704739,2024-09-28T19:00Z,Barcelona at Osasuna,BAR @ OSA,Osasuna,97,4,Barcelona,83,2,STATUS_FULL_TIME,El Sadar
704732,2024-09-29T12:00Z,Girona at Celta Vigo,GIR @ CEL,Celta Vigo,85,1,Girona,9812,1,STATUS_FULL_TIME,Estadio Abanca-Balaídos
704730,2024-09-29T14:15Z,Sevilla at Athletic Club,SEV @ ATH,Athletic Club,93,1,Sevilla,243,1,STATUS_FULL_TIME,San Mamés
704736,2024-09-29T16:30Z,Espanyol at Real Betis,ESP @ BET,Real Betis,244,1,Espanyol,88,0,STATUS_FULL_TIME,Benito Villamarín
704734,2024-09-29T19:00Z,Real Madrid at Atlético Madrid,RMA @ ATM,Atlético Madrid,1068,1,Real Madrid,86,1,STATUS_FULL_TIME,Riyadh Air Metropolitano
704731,2024-09-30T19:00Z,Las Palmas at Villarreal,LPA @ VIL,Villarreal,102,3,Las Palmas,98,1,STATUS_FULL_TIME,Estadio de la Cerámica
704744,2024-10-04T19:00Z,Valencia at Leganés,VAL @ LEG,Leganés,17534,0,Valencia,94,0,STATUS_FULL_TIME,Estadio Ontime Butarque
704749,2024-10-05T12:00Z,Mallorca at Espanyol,MLL @ ESP,Espanyol,88,2,Mallorca,84,1,STATUS_FULL_TIME,RCDE Stadium
704741,2024-10-05T14:15Z,Osasuna at Getafe,OSA @ GET,Getafe,2922,1,Osasuna,97,1,STATUS_FULL_TIME,Estadio Coliseum
704743,2024-10-05T16:30Z,Celta Vigo at Las Palmas,CEL @ LPA,Las Palmas,98,0,Celta Vigo,85,1,STATUS_FULL_TIME,Estadio Gran Canaria
704747,2024-10-05T16:30Z,Rayo Vallecano at Real Valladolid,RAY @ VLL,Real Valladolid,95,1,Rayo Vallecano,101,2,STATUS_FULL_TIME,José Zorrilla
704745,2024-10-05T19:00Z,Villarreal at Real Madrid,VIL @ RMA,Real Madrid,86,2,Villarreal,102,0,STATUS_FULL_TIME,Estadio Bernabéu
704742,2024-10-06T12:00Z,Athletic Club at Girona,ATH @ GIR,Girona,9812,2,Athletic Club,93,1,STATUS_FULL_TIME,Municipal de Montilivi
704740,2024-10-06T14:15Z,Barcelona at Alavés,BAR @ ALA,Alavés,96,0,Barcelona,83,3,STATUS_FULL_TIME,Mendizorroza
704748,2024-10-06T16:30Z,Real Betis at Sevilla,BET @ SEV,Sevilla,243,1,Real Betis,244,0,STATUS_FULL_TIME,Ramón Sánchez-Pizjuán
704746,2024-10-06T19:00Z,Atlético Madrid at Real Sociedad,ATM @ RSO,Real Sociedad,89,1,Atlético Madrid,1068,1,STATUS_FULL_TIME,Estadio Municipal de Anoeta
704750,2024-10-18T19:00Z,Real Valladolid at Alavés,VLL @ ALA,Alavés,96,2,Real Valladolid,95,3,STATUS_FULL_TIME,Mendizorroza
704751,2024-10-19T12:00Z,Espanyol at Athletic Club,ESP @ ATH,Athletic Club,93,4,Espanyol,88,1,STATUS_FULL_TIME,San Mamés
704757,2024-10-19T14:15Z,Real Betis at Osasuna,BET @ OSA,Osasuna,97,1,Real Betis,244,2,STATUS_FULL_TIME,El Sadar
704754,2024-10-19T16:30Z,Real Sociedad at Girona,RSO @ GIR,Girona,9812,0,Real Sociedad,89,1,STATUS_FULL_TIME,Municipal de Montilivi
704759,2024-10-19T19:00Z,Real Madrid at Celta Vigo,RMA @ CEL,Celta Vigo,85,1,Real Madrid,86,2,STATUS_FULL_TIME,Estadio Abanca-Balaídos
704756,2024-10-20T12:00Z,Rayo Vallecano at Mallorca,RAY @ MLL,Mallorca,84,1,Rayo Vallecano,101,0,STATUS_FULL_TIME,Estadi Mallorca Son Moix
704752,2024-10-20T14:15Z,Leganés at Atlético Madrid,LEG @ ATM,Atlético Madrid,1068,3,Leganés,17534,1,STATUS_FULL_TIME,Riyadh Air Metropolitano
704755,2024-10-20T16:30Z,Getafe at Villarreal,GET @ VIL,Villarreal,102,1,Getafe,2922,1,STATUS_FULL_TIME,Estadio de la Cerámica
704753,2024-10-20T19:00Z,Sevilla at Barcelona,SEV @ BAR,Barcelona,83,5,Sevilla,243,1,STATUS_FULL_TIME,Estadi Olímpic Lluís Companys
704758,2024-10-21T19:00Z,Las Palmas at Valencia,LPA @ VAL,Valencia,94,2,Las Palmas,98,3,STATUS_FULL_TIME,Mestalla
704769,2024-10-25T19:00Z,Sevilla at Espanyol,SEV @ ESP,Espanyol,88,0,Sevilla,243,2,STATUS_FULL_TIME,RCDE Stadium
704768,2024-10-26T12:00Z,Villarreal at Real Valladolid,VIL @ VLL,Real Valladolid,95,1,Villarreal,102,2,STATUS_FULL_TIME,José Zorrilla
704764,2024-10-26T14:15Z,Alavés at Rayo Vallecano,ALA @ RAY,Rayo Vallecano,101,1,Alavés,96,0,STATUS_FULL_TIME,Estadio de Vallecas
704761,2024-10-26T16:30Z,Girona at Las Palmas,GIR @ LPA,Las Palmas,98,1,Girona,9812,0,STATUS_FULL_TIME,Estadio Gran Canaria
704766,2024-10-26T19:00Z,Barcelona at Real Madrid,BAR @ RMA,Real Madrid,86,0,Barcelona,83,4,STATUS_FULL_TIME,Estadio Bernabéu
704762,2024-10-27T13:00Z,Celta Vigo at Leganés,CEL @ LEG,Leganés,17534,3,Celta Vigo,85,0,STATUS_FULL_TIME,Estadio Ontime Butarque
704760,2024-10-27T15:15Z,Valencia at Getafe,VAL @ GET,Getafe,2922,1,Valencia,94,1,STATUS_FULL_TIME,Estadio Coliseum
704765,2024-10-27T17:30Z,Atlético Madrid at Real Betis,ATM @ BET,Real Betis,244,1,Atlético Madrid,1068,0,STATUS_FULL_TIME,Benito Villamarín
704767,2024-10-27T20:00Z,Osasuna at Real Sociedad,OSA @ RSO,Real Sociedad,89,0,Osasuna,97,2,STATUS_FULL_TIME,Estadio Municipal de Anoeta
704763,2024-10-28T20:00Z,Athletic Club at Mallorca,ATH @ MLL,Mallorca,84,0,Athletic Club,93,0,STATUS_FULL_TIME,Estadi Mallorca Son Moix
704770,2024-11-01T20:00Z,Mallorca at Alavés,MLL @ ALA,Alavés,96,1,Mallorca,84,0,STATUS_FULL_TIME,Mendizorroza
704776,2024-11-02T13:00Z,Real Valladolid at Osasuna,VLL @ OSA,Osasuna,97,1,Real Valladolid,95,0,STATUS_FULL_TIME,El Sadar
704775,2024-11-02T15:15Z,Leganés at Girona,LEG @ GIR,Girona,9812,4,Leganés,17534,3,STATUS_FULL_TIME,Municipal de Montilivi
704777,2024-11-03T13:00Z,Las Palmas at Atlético Madrid,LPA @ ATM,Atlético Madrid,1068,2,Las Palmas,98,0,STATUS_FULL_TIME,Riyadh Air Metropolitano
704773,2024-11-03T15:15Z,Espanyol at Barcelona,ESP @ BAR,Barcelona,83,3,Espanyol,88,1,STATUS_FULL_TIME,Estadi Olímpic Lluís Companys
704772,2024-11-03T17:30Z,Real Sociedad at Sevilla,RSO @ SEV,Sevilla,243,0,Real Sociedad,89,2,STATUS_FULL_TIME,Ramón Sánchez-Pizjuán
704771,2024-11-03T20:00Z,Real Betis at Athletic Club,BET @ ATH,Athletic Club,93,1,Real Betis,244,1,STATUS_FULL_TIME,San Mamés
704779,2024-11-04T20:00Z,Getafe at Celta Vigo,GET @ CEL,Celta Vigo,85,1,Getafe,2922,0,STATUS_FULL_TIME,Estadio Abanca-Balaídos
704783,2024-11-08T20:00Z,Las Palmas at Rayo Vallecano,LPA @ RAY,Rayo Vallecano,101,1,Las Palmas,98,3,STATUS_FULL_TIME,Estadio de Vallecas
704785,2024-11-09T13:00Z,Osasuna at Real Madrid,OSA @ RMA,Real Madrid,86,4,Osasuna,97,0,STATUS_FULL_TIME,Estadio Bernabéu
704787,2024-11-09T15:15Z,Alavés at Villarreal,ALA @ VIL,Villarreal,102,3,Alavés,96,0,STATUS_FULL_TIME,Estadio de la Cerámica
704781,2024-11-09T20:00Z,Sevilla at Leganés,SEV @ LEG,Leganés,17534,1,Sevilla,243,0,STATUS_FULL_TIME,Estadio Ontime Butarque
704784,2024-11-10T13:00Z,Celta Vigo at Real Betis,CEL @ BET,Real Betis,244,2,Celta Vigo,85,2,STATUS_FULL_TIME,Benito Villamarín
704780,2024-11-10T15:15Z,Atlético Madrid at Mallorca,ATM @ MLL,Mallorca,84,0,Atlético Madrid,1068,1,STATUS_FULL_TIME,Estadi Mallorca Son Moix
704782,2024-11-10T17:30Z,Girona at Getafe,GIR @ GET,Getafe,2922,0,Girona,9812,1,STATUS_FULL_TIME,Estadio Coliseum
704789,2024-11-10T17:30Z,Athletic Club at Real Valladolid,ATH @ VLL,Real Valladolid,95,1,Athletic Club,93,1,STATUS_FULL_TIME,José Zorrilla
704786,2024-11-10T20:00Z,Barcelona at Real Sociedad,BAR @ RSO,Real Sociedad,89,1,Barcelona,83,0,STATUS_FULL_TIME,Estadio Municipal de Anoeta
704793,2024-11-22T20:00Z,Real Valladolid at Getafe,VLL @ GET,Getafe,2922,2,Real Valladolid,95,0,STATUS_FULL_TIME,Estadio Coliseum
704799,2024-11-23T13:00Z,Real Betis at Valencia,BET @ VAL,Valencia,94,4,Real Betis,244,2,STATUS_FULL_TIME,Mestalla
704791,2024-11-23T15:15Z,Alavés at Atlético Madrid,ALA @ ATM,Atlético Madrid,1068,2,Alavés,96,1,STATUS_FULL_TIME,Riyadh Air Metropolitano
704794,2024-11-23T17:30Z,Espanyol at Girona,ESP @ GIR,Girona,9812,4,Espanyol,88,1,STATUS_FULL_TIME,Municipal de Montilivi
704795,2024-11-23T17:30Z,Mallorca at Las Palmas,MLL @ LPA,Las Palmas,98,2,Mallorca,84,3,STATUS_FULL_TIME,Estadio Gran Canaria
704792,2024-11-23T20:00Z,Barcelona at Celta Vigo,BAR @ CEL,Celta Vigo,85,2,Barcelona,83,2,STATUS_FULL_TIME,Estadio Abanca-Balaídos
704797,2024-11-24T13:00Z,Villarreal at Osasuna,VIL @ OSA,Osasuna,97,2,Villarreal,102,2,STATUS_FULL_TIME,El Sadar
704798,2024-11-24T15:15Z,Rayo Vallecano at Sevilla,RAY @ SEV,Sevilla,243,1,Rayo Vallecano,101,0,STATUS_FULL_TIME,Ramón Sánchez-Pizjuán
704796,2024-11-24T17:30Z,Real Madrid at Leganés,RMA @ LEG,Leganés,17534,0,Real Madrid,86,3,STATUS_FULL_TIME,Estadio Ontime Butarque
704790,2024-11-24T20:00Z,Real Sociedad at Athletic Club,RSO @ ATH,Athletic Club,93,1,Real Sociedad,89,0,STATUS_FULL_TIME,San Mamés
704802,2024-11-29T20:00Z,Valencia at Mallorca,VAL @ MLL,Mallorca,84,2,Valencia,94,1,STATUS_FULL_TIME,Estadi Mallorca Son Moix
704801,2024-11-30T13:00Z,Las Palmas at Barcelona,LPA @ BAR,Barcelona,83,1,Las Palmas,98,2,STATUS_FULL_TIME,Estadi Olímpic Lluís Companys
704800,2024-11-30T15:15Z,Leganés at Alavés,LEG @ ALA,Alavés,96,1,Leganés,17534,1,STATUS_FULL_TIME,Mendizorroza
704808,2024-11-30T17:30Z,Celta Vigo at Espanyol,CEL @ ESP,Espanyol,88,3,Celta Vigo,85,1,STATUS_FULL_TIME,RCDE Stadium
704806,2024-11-30T20:00Z,Atlético Madrid at Real Valladolid,ATM @ VLL,Real Valladolid,95,0,Atlético Madrid,1068,5,STATUS_FULL_TIME,José Zorrilla
704809,2024-12-01T13:00Z,Girona at Villarreal,GIR @ VIL,Villarreal,102,2,Girona,9812,2,STATUS_FULL_TIME,Estadio de la Cerámica
704804,2024-12-01T15:15Z,Getafe at Real Madrid,GET @ RMA,Real Madrid,86,2,Getafe,2922,0,STATUS_FULL_TIME,Estadio Bernabéu
704803,2024-12-01T17:30Z,Athletic Club at Rayo Vallecano,ATH @ RAY,Rayo Vallecano,101,1,Athletic Club,93,2,STATUS_FULL_TIME,Estadio de Vallecas
704805,2024-12-01T20:00Z,Real Betis at Real Sociedad,BET @ RSO,Real Sociedad,89,2,Real Betis,244,0,STATUS_FULL_TIME,Estadio Municipal de Anoeta
704807,2024-12-02T20:00Z,Osasuna at Sevilla,OSA @ SEV,Sevilla,243,1,Osasuna,97,1,STATUS_FULL_TIME,Ramón Sánchez-Pizjuán
704844,2024-12-03T18:00Z,Barcelona at Mallorca,BAR @ MLL,Mallorca,84,1,Barcelona,83,5,STATUS_FULL_TIME,Estadi Mallorca Son Moix
704841,2024-12-04T20:00Z,Real Madrid at Athletic Club,RMA @ ATH,Athletic Club,93,2,Real Madrid,86,1,STATUS_FULL_TIME,San Mamés
704812,2024-12-06T20:00Z,Mallorca at Celta Vigo,MLL @ CEL,Celta Vigo,85,2,Mallorca,84,0,STATUS_FULL_TIME,Estadio Abanca-Balaídos
704815,2024-12-07T13:00Z,Real Valladolid at Las Palmas,VLL @ LPA,Las Palmas,98,2,Real Valladolid,95,1,STATUS_FULL_TIME,Estadio Gran Canaria
704818,2024-12-07T15:15Z,Barcelona at Real Betis,BAR @ BET,Real Betis,244,2,Barcelona,83,2,STATUS_FULL_TIME,Benito Villamarín
704819,2024-12-07T17:30Z,Rayo Vallecano at Valencia,RAY @ VAL,Valencia,94,0,Rayo Vallecano,101,1,STATUS_FULL_TIME,Mestalla
704814,2024-12-07T20:00Z,Real Madrid at Girona,RMA @ GIR,Girona,9812,0,Real Madrid,86,3,STATUS_FULL_TIME,Municipal de Montilivi
704816,2024-12-08T13:00Z,Real Sociedad at Leganés,RSO @ LEG,Leganés,17534,0,Real Sociedad,89,3,STATUS_FULL_TIME,Estadio Ontime Butarque
704810,2024-12-08T15:15Z,Villarreal at Athletic Club,VIL @ ATH,Athletic Club,93,2,Villarreal,102,0,STATUS_FULL_TIME,San Mamés
704817,2024-12-08T17:30Z,Alavés at Osasuna,ALA @ OSA,Osasuna,97,2,Alavés,96,2,STATUS_FULL_TIME,El Sadar
704811,2024-12-08T20:00Z,Sevilla at Atlético Madrid,SEV @ ATM,Atlético Madrid,1068,4,Sevilla,243,3,STATUS_FULL_TIME,Riyadh Air Metropolitano
704813,2024-12-09T20:00Z,Espanyol at Getafe,ESP @ GET,Getafe,2922,1,Espanyol,88,0,STATUS_FULL_TIME,Estadio Coliseum
704826,2024-12-13T20:00Z,Valencia at Real Valladolid,VAL @ VLL,Real Valladolid,95,1,Valencia,94,0,STATUS_FULL_TIME,José Zorrilla
704828,2024-12-14T13:00Z,Osasuna at Espanyol,OSA @ ESP,Espanyol,88,0,Osasuna,97,0,STATUS_FULL_TIME,RCDE Stadium
704823,2024-12-14T15:15Z,Girona at Mallorca,GIR @ MLL,Mallorca,84,2,Girona,9812,1,STATUS_FULL_TIME,Estadi Mallorca Son Moix
704827,2024-12-14T17:30Z,Celta Vigo at Sevilla,CEL @ SEV,Sevilla,243,1,Celta Vigo,85,0,STATUS_FULL_TIME,Ramón Sánchez-Pizjuán
704824,2024-12-14T20:00Z,Real Madrid at Rayo Vallecano,RMA @ RAY,Rayo Vallecano,101,3,Real Madrid,86,3,STATUS_FULL_TIME,Estadio de Vallecas
704821,2024-12-15T13:00Z,Getafe at Atlético Madrid,GET @ ATM,Atlético Madrid,1068,1,Getafe,2922,0,STATUS_FULL_TIME,Riyadh Air Metropolitano
704820,2024-12-15T15:15Z,Athletic Club at Alavés,ATH @ ALA,Alavés,96,1,Athletic Club,93,1,STATUS_FULL_TIME,Mendizorroza
704825,2024-12-15T17:30Z,Las Palmas at Real Sociedad,LPA @ RSO,Real Sociedad,89,0,Las Palmas,98,0,STATUS_FULL_TIME,Estadio Municipal de Anoeta
704829,2024-12-15T17:30Z,Real Betis at Villarreal,BET @ VIL,Villarreal,102,1,Real Betis,244,2,STATUS_FULL_TIME,Estadio de la Cerámica
704822,2024-12-15T20:00Z,Leganés at Barcelona,LEG @ BAR,Barcelona,83,0,Leganés,17534,1,STATUS_FULL_TIME,Estadi Olímpic Lluís Companys
704788,2024-12-18T20:30Z,Valencia at Espanyol,VAL @ ESP,Espanyol,88,1,Valencia,94,1,STATUS_FULL_TIME,RCDE Stadium
704774,2024-12-18T20:30Z,Rayo Vallecano at Villarreal,RAY @ VIL,Villarreal,102,1,Rayo Vallecano,101,1,STATUS_FULL_TIME,Estadio de la Cerámica
704833,2024-12-20T20:00Z,Real Valladolid at Girona,VLL @ GIR,Girona,9812,3,Real Valladolid,95,0,STATUS_FULL_TIME,Municipal de Montilivi
704832,2024-12-21T13:00Z,Mallorca at Getafe,MLL @ GET,Getafe,2922,0,Mallorca,84,1,STATUS_FULL_TIME,Estadio Coliseum
704831,2024-12-21T15:15Z,Real Sociedad at Celta Vigo,RSO @ CEL,Celta Vigo,85,2,Real Sociedad,89,0,STATUS_FULL_TIME,Estadio Abanca-Balaídos
704836,2024-12-21T17:30Z,Athletic Club at Osasuna,ATH @ OSA,Osasuna,97,1,Athletic Club,93,2,STATUS_FULL_TIME,El Sadar
704830,2024-12-21T20:00Z,Atlético Madrid at Barcelona,ATM @ BAR,Barcelona,83,1,Atlético Madrid,1068,2,STATUS_FULL_TIME,Estadi Olímpic Lluís Companys
704835,2024-12-22T13:00Z,Alavés at Valencia,ALA @ VAL,Valencia,94,2,Alavés,96,2,STATUS_FULL_TIME,Mestalla
704838,2024-12-22T15:15Z,Sevilla at Real Madrid,SEV @ RMA,Real Madrid,86,4,Sevilla,243,2,STATUS_FULL_TIME,Estadio Bernabéu
704839,2024-12-22T17:30Z,Espanyol at Las Palmas,ESP @ LPA,Las Palmas,98,1,Espanyol,88,0,STATUS_FULL_TIME,Estadio Gran Canaria
704834,2024-12-22T17:30Z,Villarreal at Leganés,VIL @ LEG,Leganés,17534,2,Villarreal,102,5,STATUS_FULL_TIME,Estadio Ontime Butarque
704837,2024-12-22T20:00Z,Rayo Vallecano at Real Betis,RAY @ BET,Real Betis,244,1,Rayo Vallecano,101,1,STATUS_FULL_TIME,Benito Villamarín
704778,2025-01-03T20:00Z,Real Madrid at Valencia,RMA @ VAL,Valencia,94,1,Real Madrid,86,2,STATUS_FULL_TIME,Mestalla
704845,2025-01-10T20:00Z,Celta Vigo at Rayo Vallecano,CEL @ RAY,Rayo Vallecano,101,2,Celta Vigo,85,1,STATUS_FULL_TIME,Estadio de Vallecas
704840,2025-01-11T13:00Z,Girona at Alavés,GIR @ ALA,Alavés,96,0,Girona,9812,1,STATUS_FULL_TIME,Mendizorroza
704847,2025-01-11T15:15Z,Real Betis at Real Valladolid,BET @ VLL,Real Valladolid,95,1,Real Betis,244,0,STATUS_FULL_TIME,José Zorrilla
704849,2025-01-11T17:30Z,Leganés at Espanyol,LEG @ ESP,Espanyol,88,1,Leganés,17534,1,STATUS_FULL_TIME,RCDE Stadium
704848,2025-01-11T20:00Z,Valencia at Sevilla,VAL @ SEV,Sevilla,243,1,Valencia,94,1,STATUS_FULL_TIME,Ramón Sánchez-Pizjuán
704843,2025-01-12T13:00Z,Getafe at Las Palmas,GET @ LPA,Las Palmas,98,1,Getafe,2922,2,STATUS_FULL_TIME,Estadio Gran Canaria
704842,2025-01-12T15:15Z,Osasuna at Atlético Madrid,OSA @ ATM,Atlético Madrid,1068,1,Osasuna,97,0,STATUS_FULL_TIME,Riyadh Air Metropolitano
704846,2025-01-13T20:00Z,Villarreal at Real Sociedad,VIL @ RSO,Real Sociedad,89,1,Villarreal,102,0,STATUS_FULL_TIME,Estadio Municipal de Anoeta
704857,2025-01-17T20:00Z,Real Valladolid at Espanyol,VLL @ ESP,Espanyol,88,2,Real Valladolid,95,1,STATUS_FULL_TIME,RCDE Stadium
704852,2025-01-18T13:00Z,Sevilla at Girona,SEV @ GIR,Girona,9812,1,Sevilla,243,2,STATUS_FULL_TIME,Municipal de Montilivi
704853,2025-01-18T15:15Z,Atlético Madrid at Leganés,ATM @ LEG,Leganés,17534,1,Atlético Madrid,1068,0,STATUS_FULL_TIME,Estadio Ontime Butarque
704855,2025-01-18T17:30Z,Alavés at Real Betis,ALA @ BET,Real Betis,244,1,Alavés,96,3,STATUS_FULL_TIME,Benito Villamarín
704851,2025-01-18T20:00Z,Barcelona at Getafe,BAR @ GET,Getafe,2922,1,Barcelona,83,1,STATUS_FULL_TIME,Estadio Coliseum
704850,2025-01-19T13:00Z,Athletic Club at Celta Vigo,ATH @ CEL,Celta Vigo,85,1,Athletic Club,93,2,STATUS_FULL_TIME,Estadio Abanca-Balaídos
704856,2025-01-19T15:15Z,Las Palmas at Real Madrid,LPA @ RMA,Real Madrid,86,4,Las Palmas,98,1,STATUS_FULL_TIME,Estadio Bernabéu
704854,2025-01-19T17:30Z,Rayo Vallecano at Osasuna,RAY @ OSA,Osasuna,97,1,Rayo Vallecano,101,1,STATUS_FULL_TIME,El Sadar
704858,2025-01-19T20:00Z,Real Sociedad at Valencia,RSO @ VAL,Valencia,94,1,Real Sociedad,89,0,STATUS_FULL_TIME,Mestalla
704859,2025-01-20T20:00Z,Mallorca at Villarreal,MLL @ VIL,Villarreal,102,4,Mallorca,84,0,STATUS_FULL_TIME,Estadio de la Cerámica
704869,2025-01-24T20:00Z,Osasuna at Las Palmas,OSA @ LPA,Las Palmas,98,1,Osasuna,97,1,STATUS_FULL_TIME,Estadio Gran Canaria
704864,2025-01-25T13:00Z,Real Betis at Mallorca,BET @ MLL,Mallorca,84,0,Real Betis,244,1,STATUS_FULL_TIME,Estadi Mallorca Son Moix
704862,2025-01-25T15:15Z,Villarreal at Atlético Madrid,VIL @ ATM,Atlético Madrid,1068,1,Villarreal,102,1,STATUS_FULL_TIME,Riyadh Air Metropolitano
704865,2025-01-25T17:30Z,Espanyol at Sevilla,ESP @ SEV,Sevilla,243,1,Espanyol,88,1,STATUS_FULL_TIME,Ramón Sánchez-Pizjuán
704868,2025-01-25T20:00Z,Real Madrid at Real Valladolid,RMA @ VLL,Real Valladolid,95,0,Real Madrid,86,3,STATUS_FULL_TIME,José Zorrilla
704866,2025-01-26T13:00Z,Girona at Rayo Vallecano,GIR @ RAY,Rayo Vallecano,101,2,Girona,9812,1,STATUS_FULL_TIME,Estadio de Vallecas
704867,2025-01-26T15:15Z,Getafe at Real Sociedad,GET @ RSO,Real Sociedad,89,0,Getafe,2922,3,STATUS_FULL_TIME,Estadio Municipal de Anoeta
704861,2025-01-26T17:30Z,Leganés at Athletic Club,LEG @ ATH,Athletic Club,93,0,Leganés,17534,0,STATUS_FULL_TIME,San Mamés
704863,2025-01-26T20:00Z,Valencia at Barcelona,VAL @ BAR,Barcelona,83,7,Valencia,94,1,STATUS_FULL_TIME,Estadi Olímpic Lluís Companys
704860,2025-01-27T20:00Z,Celta Vigo at Alavés,CEL @ ALA,Alavés,96,1,Celta Vigo,85,1,STATUS_FULL_TIME,Mendizorroza
704874,2025-01-31T20:00Z,Rayo Vallecano at Leganés,RAY @ LEG,Leganés,17534,0,Rayo Vallecano,101,1,STATUS_FULL_TIME,Estadio Ontime Butarque
704872,2025-02-01T13:00Z,Sevilla at Getafe,SEV @ GET,Getafe,2922,0,Sevilla,243,0,STATUS_FULL_TIME,Estadio Coliseum
704879,2025-02-01T15:15Z,Real Valladolid at Villarreal,VLL @ VIL,Villarreal,102,5,Real Valladolid,95,1,STATUS_FULL_TIME,Estadio de la Cerámica
704870,2025-02-01T17:30Z,Mallorca at Atlético Madrid,MLL @ ATM,Atlético Madrid,1068,2,Mallorca,84,0,STATUS_FULL_TIME,Riyadh Air Metropolitano
704877,2025-02-01T20:00Z,Real Madrid at Espanyol,RMA @ ESP,Espanyol,88,1,Real Madrid,86,0,STATUS_FULL_TIME,RCDE Stadium
704871,2025-02-02T13:00Z,Alavés at Barcelona,ALA @ BAR,Barcelona,83,1,Alavés,96,0,STATUS_FULL_TIME,Estadi Olímpic Lluís Companys
704878,2025-02-02T15:15Z,Celta Vigo at Valencia,CEL @ VAL,Valencia,94,2,Celta Vigo,85,1,STATUS_FULL_TIME,Mestalla
704875,2025-02-02T17:30Z,Real Sociedad at Osasuna,RSO @ OSA,Osasuna,97,2,Real Sociedad,89,1,STATUS_FULL_TIME,El Sadar
704876,2025-02-02T20:00Z,Athletic Club at Real Betis,ATH @ BET,Real Betis,244,2,Athletic Club,93,2,STATUS_FULL_TIME,Benito Villamarín
704873,2025-02-03T20:00Z,Las Palmas at Girona,LPA @ GIR,Girona,9812,2,Las Palmas,98,1,STATUS_FULL_TIME,Municipal de Montilivi
704885,2025-02-07T20:00Z,Real Valladolid at Rayo Vallecano,VLL @ RAY,Rayo Vallecano,101,1,Real Valladolid,95,0,STATUS_FULL_TIME,Estadio de Vallecas
704882,2025-02-08T13:00Z,Real Betis at Celta Vigo,BET @ CEL,Celta Vigo,85,3,Real Betis,244,2,STATUS_FULL_TIME,Estadio Abanca-Balaídos
704881,2025-02-08T15:15Z,Girona at Athletic Club,GIR @ ATH,Athletic Club,93,3,Girona,9812,0,STATUS_FULL_TIME,San Mamés
704883,2025-02-08T17:30Z,Villarreal at Las Palmas,VIL @ LPA,Las Palmas,98,1,Villarreal,102,2,STATUS_FULL_TIME,Estadio Gran Canaria
704886,2025-02-08T20:00Z,Atlético Madrid at Real Madrid,ATM @ RMA,Real Madrid,86,1,Atlético Madrid,1068,1,STATUS_FULL_TIME,Estadio Bernabéu
704880,2025-02-09T13:00Z,Getafe at Alavés,GET @ ALA,Alavés,96,0,Getafe,2922,1,STATUS_FULL_TIME,Mendizorroza
704889,2025-02-09T15:15Z,Leganés at Valencia,LEG @ VAL,Valencia,94,2,Leganés,17534,0,STATUS_FULL_TIME,Mestalla
704887,2025-02-09T17:30Z,Espanyol at Real Sociedad,ESP @ RSO,Real Sociedad,89,2,Espanyol,88,1,STATUS_FULL_TIME,Estadio Municipal de Anoeta
704888,2025-02-09T20:00Z,Barcelona at Sevilla,BAR @ SEV,Sevilla,243,1,Barcelona,83,4,STATUS_FULL_TIME,Ramón Sánchez-Pizjuán
704884,2025-02-10T20:00Z,Osasuna at Mallorca,OSA @ MLL,Mallorca,84,1,Osasuna,97,1,STATUS_FULL_TIME,Estadi Mallorca Son Moix
704892,2025-02-14T20:00Z,Getafe at Girona,GET @ GIR,Girona,9812,1,Getafe,2922,2,STATUS_FULL_TIME,Municipal de Montilivi
704893,2025-02-15T13:00Z,Alavés at Leganés,ALA @ LEG,Leganés,17534,3,Alavés,96,3,STATUS_FULL_TIME,Estadio Ontime Butarque
704895,2025-02-15T15:15Z,Real Madrid at Osasuna,RMA @ OSA,Osasuna,97,1,Real Madrid,86,1,STATUS_FULL_TIME,El Sadar
704890,2025-02-15T17:30Z,Celta Vigo at Atlético Madrid,CEL @ ATM,Atlético Madrid,1068,1,Celta Vigo,85,1,STATUS_FULL_TIME,Riyadh Air Metropolitano
704899,2025-02-15T20:00Z,Valencia at Villarreal,VAL @ VIL,Villarreal,102,1,Valencia,94,1,STATUS_FULL_TIME,Estadio de la Cerámica
704898,2025-02-16T13:00Z,Athletic Club at Espanyol,ATH @ ESP,Espanyol,88,1,Athletic Club,93,1,STATUS_FULL_TIME,RCDE Stadium
704897,2025-02-16T15:15Z,Sevilla at Real Valladolid,SEV @ VLL,Real Valladolid,95,0,Sevilla,243,4,STATUS_FULL_TIME,José Zorrilla
704894,2025-02-16T17:30Z,Las Palmas at Mallorca,LPA @ MLL,Mallorca,84,3,Las Palmas,98,1,STATUS_FULL_TIME,Estadi Mallorca Son Moix
704896,2025-02-16T20:00Z,Real Sociedad at Real Betis,RSO @ BET,Real Betis,244,3,Real Sociedad,89,0,STATUS_FULL_TIME,Benito Villamarín
704891,2025-02-17T20:00Z,Rayo Vallecano at Barcelona,RAY @ BAR,Barcelona,83,1,Rayo Vallecano,101,0,STATUS_FULL_TIME,Estadi Olímpic Lluís Companys
704902,2025-02-21T20:00Z,Osasuna at Celta Vigo,OSA @ CEL,Celta Vigo,85,1,Osasuna,97,0,STATUS_FULL_TIME,Estadio Abanca-Balaídos
704900,2025-02-22T13:00Z,Espanyol at Alavés,ESP @ ALA,Alavés,96,0,Espanyol,88,1,STATUS_FULL_TIME,Mendizorroza
704904,2025-02-22T15:15Z,Villarreal at Rayo Vallecano,VIL @ RAY,Rayo Vallecano,101,0,Villarreal,102,1,STATUS_FULL_TIME,Estadio de Vallecas
704905,2025-02-22T17:30Z,Atlético Madrid at Valencia,ATM @ VAL,Valencia,94,0,Atlético Madrid,1068,3,STATUS_FULL_TIME,Mestalla
704909,2025-02-22T20:00Z,Barcelona at Las Palmas,BAR @ LPA,Las Palmas,98,0,Barcelona,83,2,STATUS_FULL_TIME,Estadio Gran Canaria
704901,2025-02-23T13:00Z,Real Valladolid at Athletic Club,VLL @ ATH,Athletic Club,93,7,Real Valladolid,95,1,STATUS_FULL_TIME,San Mamés
704906,2025-02-23T15:15Z,Girona at Real Madrid,GIR @ RMA,Real Madrid,86,2,Girona,9812,0,STATUS_FULL_TIME,Estadio Bernabéu
704903,2025-02-23T17:30Z,Real Betis at Getafe,BET @ GET,Getafe,2922,1,Real Betis,244,2,STATUS_FULL_TIME,Estadio Coliseum
704907,2025-02-23T20:00Z,Leganés at Real Sociedad,LEG @ RSO,Real Sociedad,89,3,Leganés,17534,0,STATUS_FULL_TIME,Estadio Municipal de Anoeta
704908,2025-02-24T20:00Z,Mallorca at Sevilla,MLL @ SEV,Sevilla,243,1,Mallorca,84,1,STATUS_FULL_TIME,Ramón Sánchez-Pizjuán
704918,2025-02-28T20:00Z,Las Palmas at Real Valladolid,LPA @ VLL,Real Valladolid,95,1,Las Palmas,98,1,STATUS_FULL_TIME,José Zorrilla
704912,2025-03-01T13:00Z,Celta Vigo at Girona,CEL @ GIR,Girona,9812,2,Celta Vigo,85,2,STATUS_FULL_TIME,Municipal de Montilivi
704916,2025-03-01T15:15Z,Sevilla at Rayo Vallecano,SEV @ RAY,Rayo Vallecano,101,1,Sevilla,243,1,STATUS_FULL_TIME,Estadio de Vallecas
704917,2025-03-01T17:30Z,Real Madrid at Real Betis,RMA @ BET,Real Betis,244,2,Real Madrid,86,1,STATUS_FULL_TIME,Benito Villamarín
704910,2025-03-01T20:00Z,Athletic Club at Atlético Madrid,ATH @ ATM,Atlético Madrid,1068,1,Athletic Club,93,0,STATUS_FULL_TIME,Riyadh Air Metropolitano
704913,2025-03-02T13:00Z,Getafe at Leganés,GET @ LEG,Leganés,17534,1,Getafe,2922,0,STATUS_FULL_TIME,Estadio Ontime Butarque
704911,2025-03-02T15:15Z,Real Sociedad at Barcelona,RSO @ BAR,Barcelona,83,4,Real Sociedad,89,0,STATUS_FULL_TIME,Estadi Olímpic Lluís Companys
704914,2025-03-02T17:30Z,Alavés at Mallorca,ALA @ MLL,Mallorca,84,1,Alavés,96,1,STATUS_FULL_TIME,Estadi Mallorca Son Moix
704915,2025-03-02T20:00Z,Valencia at Osasuna,VAL @ OSA,Osasuna,97,3,Valencia,94,3,STATUS_FULL_TIME,El Sadar
704923,2025-03-08T13:00Z,Leganés at Celta Vigo,LEG @ CEL,Celta Vigo,85,2,Leganés,17534,1,STATUS_FULL_TIME,Estadio Abanca-Balaídos
704920,2025-03-08T15:15Z,Villarreal at Alavés,VIL @ ALA,Alavés,96,1,Villarreal,102,0,STATUS_FULL_TIME,Mendizorroza
704929,2025-03-08T17:30Z,Real Valladolid at Valencia,VLL @ VAL,Valencia,94,2,Real Valladolid,95,1,STATUS_FULL_TIME,Mestalla
704924,2025-03-09T13:00Z,Atlético Madrid at Getafe,ATM @ GET,Getafe,2922,2,Atlético Madrid,1068,1,STATUS_FULL_TIME,Estadio Coliseum
704926,2025-03-09T15:15Z,Rayo Vallecano at Real Madrid,RAY @ RMA,Real Madrid,86,2,Rayo Vallecano,101,1,STATUS_FULL_TIME,Estadio Bernabéu
704921,2025-03-09T17:30Z,Mallorca at Athletic Club,MLL @ ATH,Athletic Club,93,1,Mallorca,84,1,STATUS_FULL_TIME,San Mamés
704925,2025-03-09T17:30Z,Las Palmas at Real Betis,LPA @ BET,Real Betis,244,1,Las Palmas,98,0,STATUS_FULL_TIME,Benito Villamarín
704927,2025-03-09T20:00Z,Sevilla at Real Sociedad,SEV @ RSO,Real Sociedad,89,0,Sevilla,243,1,STATUS_FULL_TIME,Estadio Municipal de Anoeta
704928,2025-03-10T20:00Z,Girona at Espanyol,GIR @ ESP,Espanyol,88,1,Girona,9812,1,STATUS_FULL_TIME,RCDE Stadium
704932,2025-03-14T20:00Z,Alavés at Las Palmas,ALA @ LPA,Las Palmas,98,2,Alavés,96,2,STATUS_FULL_TIME,Estadio Gran Canaria
704937,2025-03-15T13:00Z,Celta Vigo at Real Valladolid,CEL @ VLL,Real Valladolid,95,0,Celta Vigo,85,1,STATUS_FULL_TIME,José Zorrilla
704934,2025-03-15T15:15Z,Espanyol at Mallorca,ESP @ MLL,Mallorca,84,2,Espanyol,88,1,STATUS_FULL_TIME,Estadi Mallorca Son Moix
704939,2025-03-15T17:30Z,Real Madrid at Villarreal,RMA @ VIL,Villarreal,102,1,Real Madrid,86,2,STATUS_FULL_TIME,Estadio de la Cerámica
704931,2025-03-15T20:00Z,Valencia at Girona,VAL @ GIR,Girona,9812,1,Valencia,94,1,STATUS_FULL_TIME,Municipal de Montilivi
704933,2025-03-16T13:00Z,Real Betis at Leganés,BET @ LEG,Leganés,17534,2,Real Betis,244,3,STATUS_FULL_TIME,Estadio Ontime Butarque
704938,2025-03-16T15:15Z,Athletic Club at Sevilla,ATH @ SEV,Sevilla,243,0,Athletic Club,93,1,STATUS_FULL_TIME,Ramón Sánchez-Pizjuán
704935,2025-03-16T17:30Z,Getafe at Osasuna,GET @ OSA,Osasuna,97,1,Getafe,2922,2,STATUS_FULL_TIME,El Sadar
704936,2025-03-16T17:30Z,Real Sociedad at Rayo Vallecano,RSO @ RAY,Rayo Vallecano,101,2,Real Sociedad,89,2,STATUS_FULL_TIME,Estadio de Vallecas
704930,2025-03-16T20:00Z,Barcelona at Atlético Madrid,BAR @ ATM,Atlético Madrid,1068,2,Barcelona,83,4,STATUS_FULL_TIME,Riyadh Air Metropolitano
704922,2025-03-27T20:00Z,Osasuna at Barcelona,OSA @ BAR,Barcelona,83,3,Osasuna,97,0,STATUS_FULL_TIME,Estadi Olímpic Lluís Companys
704947,2025-03-29T13:00Z,Real Valladolid at Real Sociedad,VLL @ RSO,Real Sociedad,89,2,Real Valladolid,95,1,STATUS_FULL_TIME,Estadio Municipal de Anoeta
704948,2025-03-29T15:15Z,Atlético Madrid at Espanyol,ATM @ ESP,Espanyol,88,1,Atlético Madrid,1068,1,STATUS_FULL_TIME,RCDE Stadium
704940,2025-03-29T17:30Z,Rayo Vallecano at Alavés,RAY @ ALA,Alavés,96,0,Rayo Vallecano,101,2,STATUS_FULL_TIME,Mendizorroza
704946,2025-03-29T20:00Z,Leganés at Real Madrid,LEG @ RMA,Real Madrid,86,3,Leganés,17534,2,STATUS_FULL_TIME,Estadio Bernabéu
704949,2025-03-30T12:00Z,Villarreal at Getafe,VIL @ GET,Getafe,2922,1,Villarreal,102,2,STATUS_FULL_TIME,Estadio Coliseum
704942,2025-03-30T14:15Z,Girona at Barcelona,GIR @ BAR,Barcelona,83,4,Girona,9812,1,STATUS_FULL_TIME,Estadi Olímpic Lluís Companys
704941,2025-03-30T16:30Z,Osasuna at Athletic Club,OSA @ ATH,Athletic Club,93,0,Osasuna,97,0,STATUS_FULL_TIME,San Mamés
704945,2025-03-30T16:30Z,Mallorca at Valencia,MLL @ VAL,Valencia,94,1,Mallorca,84,0,STATUS_FULL_TIME,Mestalla
704944,2025-03-30T19:00Z,Sevilla at Real Betis,SEV @ BET,Real Betis,244,2,Sevilla,243,1,STATUS_FULL_TIME,Benito Villamarín
704943,2025-03-31T19:00Z,Las Palmas at Celta Vigo,LPA @ CEL,Celta Vigo,85,1,Las Palmas,98,1,STATUS_FULL_TIME,Estadio Abanca-Balaídos
704952,2025-04-04T19:00Z,Espanyol at Rayo Vallecano,ESP @ RAY,Rayo Vallecano,101,0,Espanyol,88,4,STATUS_FULL_TIME,Estadio de Vallecas
704957,2025-04-05T12:00Z,Alavés at Girona,ALA @ GIR,Girona,9812,0,Alavés,96,1,STATUS_FULL_TIME,Municipal de Montilivi
704953,2025-04-05T14:15Z,Valencia at Real Madrid,VAL @ RMA,Real Madrid,86,1,Valencia,94,2,STATUS_FULL_TIME,Estadio Bernabéu
704954,2025-04-05T16:30Z,Celta Vigo at Mallorca,CEL @ MLL,Mallorca,84,1,Celta Vigo,85,2,STATUS_FULL_TIME,Estadi Mallorca Son Moix
704958,2025-04-05T19:00Z,Real Betis at Barcelona,BET @ BAR,Barcelona,83,1,Real Betis,244,1,STATUS_FULL_TIME,Estadi Olímpic Lluís Companys
704956,2025-04-06T12:00Z,Real Sociedad at Las Palmas,RSO @ LPA,Las Palmas,98,1,Real Sociedad,89,3,STATUS_FULL_TIME,Estadio Gran Canaria
704955,2025-04-06T14:15Z,Atlético Madrid at Sevilla,ATM @ SEV,Sevilla,243,1,Atlético Madrid,1068,2,STATUS_FULL_TIME,Ramón Sánchez-Pizjuán
704959,2025-04-06T16:30Z,Getafe at Real Valladolid,GET @ VLL,Real Valladolid,95,0,Getafe,2922,4,STATUS_FULL_TIME,José Zorrilla
704951,2025-04-06T19:00Z,Athletic Club at Villarreal,ATH @ VIL,Villarreal,102,0,Athletic Club,93,0,STATUS_FULL_TIME,Estadio de la Cerámica
704950,2025-04-07T19:00Z,Osasuna at Leganés,OSA @ LEG,Leganés,17534,1,Osasuna,97,1,STATUS_FULL_TIME,Estadio Ontime Butarque
704967,2025-04-11T19:00Z,Sevilla at Valencia,SEV @ VAL,Valencia,94,1,Sevilla,243,0,STATUS_FULL_TIME,Mestalla
704965,2025-04-12T12:00Z,Mallorca at Real Sociedad,MLL @ RSO,Real Sociedad,89,0,Mallorca,84,2,STATUS_FULL_TIME,Estadio Municipal de Anoeta
704961,2025-04-12T14:15Z,Las Palmas at Getafe,LPA @ GET,Getafe,2922,1,Las Palmas,98,3,STATUS_FULL_TIME,Estadio Coliseum
704960,2025-04-12T16:30Z,Espanyol at Celta Vigo,ESP @ CEL,Celta Vigo,85,0,Espanyol,88,2,STATUS_FULL_TIME,Estadio Abanca-Balaídos
704962,2025-04-12T19:00Z,Barcelona at Leganés,BAR @ LEG,Leganés,17534,0,Barcelona,83,1,STATUS_FULL_TIME,Estadio Ontime Butarque
704963,2025-04-13T12:00Z,Girona at Osasuna,GIR @ OSA,Osasuna,97,2,Girona,9812,1,STATUS_FULL_TIME,El Sadar
704966,2025-04-13T14:15Z,Real Madrid at Alavés,RMA @ ALA,Alavés,96,0,Real Madrid,86,1,STATUS_FULL_TIME,Mendizorroza
704964,2025-04-13T16:30Z,Villarreal at Real Betis,VIL @ BET,Real Betis,244,1,Villarreal,102,2,STATUS_FULL_TIME,Benito Villamarín
704968,2025-04-13T19:00Z,Rayo Vallecano at Athletic Club,RAY @ ATH,Athletic Club,93,3,Rayo Vallecano,101,1,STATUS_FULL_TIME,San Mamés
704969,2025-04-14T19:00Z,Real Valladolid at Atlético Madrid,VLL @ ATM,Atlético Madrid,1068,4,Real Valladolid,95,2,STATUS_FULL_TIME,Riyadh Air Metropolitano
704977,2025-04-18T19:00Z,Getafe at Espanyol,GET @ ESP,Espanyol,88,1,Getafe,2922,0,STATUS_FULL_TIME,RCDE Stadium
704973,2025-04-19T12:00Z,Valencia at Rayo Vallecano,VAL @ RAY,Rayo Vallecano,101,1,Valencia,94,1,STATUS_FULL_TIME,Estadio de Vallecas
704970,2025-04-19T14:15Z,Celta Vigo at Barcelona,CEL @ BAR,Barcelona,83,4,Celta Vigo,85,3,STATUS_FULL_TIME,Estadi Olímpic Lluís Companys
704972,2025-04-19T16:30Z,Leganés at Mallorca,LEG @ MLL,Mallorca,84,0,Leganés,17534,0,STATUS_FULL_TIME,Estadi Mallorca Son Moix
704971,2025-04-19T19:00Z,Atlético Madrid at Las Palmas,ATM @ LPA,Las Palmas,98,1,Atlético Madrid,1068,0,STATUS_FULL_TIME,Estadio Gran Canaria
704975,2025-04-20T12:00Z,Osasuna at Real Valladolid,OSA @ VLL,Real Valladolid,95,2,Osasuna,97,3,STATUS_FULL_TIME,José Zorrilla
704978,2025-04-20T14:15Z,Real Sociedad at Villarreal,RSO @ VIL,Villarreal,102,2,Real Sociedad,89,2,STATUS_FULL_TIME,Estadio de la Cerámica
704976,2025-04-20T16:30Z,Alavés at Sevilla,ALA @ SEV,Sevilla,243,1,Alavés,96,1,STATUS_FULL_TIME,Ramón Sánchez-Pizjuán
704974,2025-04-20T19:00Z,Athletic Club at Real Madrid,ATH @ RMA,Real Madrid,86,1,Athletic Club,93,0,STATUS_FULL_TIME,Estadio Bernabéu
704979,2025-04-21T19:00Z,Real Betis at Girona,BET @ GIR,Girona,9812,1,Real Betis,244,3,STATUS_FULL_TIME,Municipal de Montilivi
704982,2025-04-22T17:00Z,Espanyol at Valencia,ESP @ VAL,Valencia,94,1,Espanyol,88,1,STATUS_FULL_TIME,Mestalla
704988,2025-04-22T19:30Z,Mallorca at Barcelona,MLL @ BAR,Barcelona,83,1,Mallorca,84,0,STATUS_FULL_TIME,Estadi Olímpic Lluís Companys
704984,2025-04-23T17:00Z,Las Palmas at Athletic Club,LPA @ ATH,Athletic Club,93,1,Las Palmas,98,0,STATUS_FULL_TIME,San Mamés
704987,2025-04-23T17:00Z,Villarreal at Celta Vigo,VIL @ CEL,Celta Vigo,85,3,Villarreal,102,0,STATUS_FULL_TIME,Estadio Abanca-Balaídos
704986,2025-04-23T19:30Z,Real Sociedad at Alavés,RSO @ ALA,Alavés,96,1,Real Sociedad,89,0,STATUS_FULL_TIME,Mendizorroza
704981,2025-04-23T19:30Z,Real Madrid at Getafe,RMA @ GET,Getafe,2922,0,Real Madrid,86,1,STATUS_FULL_TIME,Estadio Coliseum
704983,2025-04-24T17:00Z,Girona at Leganés,GIR @ LEG,Leganés,17534,1,Girona,9812,1,STATUS_FULL_TIME,Estadio Ontime Butarque
704989,2025-04-24T17:00Z,Sevilla at Osasuna,SEV @ OSA,Osasuna,97,1,Sevilla,243,0,STATUS_FULL_TIME,El Sadar
704980,2025-04-24T19:30Z,Rayo Vallecano at Atlético Madrid,RAY @ ATM,Atlético Madrid,1068,3,Rayo Vallecano,101,0,STATUS_FULL_TIME,Riyadh Air Metropolitano
704985,2025-04-24T19:30Z,Real Valladolid at Real Betis,VLL @ BET,Real Betis,244,5,Real Valladolid,95,1,STATUS_FULL_TIME,Benito Villamarín
704919,2025-04-27T14:15Z,Espanyol at Villarreal,ESP @ VIL,Villarreal,102,1,Espanyol,88,0,STATUS_FULL_TIME,Estadio de la Cerámica
704998,2025-05-02T19:00Z,Getafe at Rayo Vallecano,GET @ RAY,Rayo Vallecano,101,1,Getafe,2922,0,STATUS_FULL_TIME,Estadio de Vallecas
704993,2025-05-03T12:00Z,Atlético Madrid at Alavés,ATM @ ALA,Alavés,96,0,Atlético Madrid,1068,0,STATUS_FULL_TIME,Mendizorroza
704991,2025-05-03T14:15Z,Osasuna at Villarreal,OSA @ VIL,Villarreal,102,4,Osasuna,97,2,STATUS_FULL_TIME,Estadio de la Cerámica
704999,2025-05-03T16:30Z,Valencia at Las Palmas,VAL @ LPA,Las Palmas,98,2,Valencia,94,3,STATUS_FULL_TIME,Estadio Gran Canaria
704996,2025-05-03T19:00Z,Barcelona at Real Valladolid,BAR @ VLL,Real Valladolid,95,1,Barcelona,83,2,STATUS_FULL_TIME,José Zorrilla
704994,2025-05-04T12:00Z,Celta Vigo at Real Madrid,CEL @ RMA,Real Madrid,86,3,Celta Vigo,85,2,STATUS_FULL_TIME,Estadio Bernabéu
704997,2025-05-04T14:15Z,Leganés at Sevilla,LEG @ SEV,Sevilla,243,2,Leganés,17534,2,STATUS_FULL_TIME,Ramón Sánchez-Pizjuán
704990,2025-05-04T16:30Z,Real Betis at Espanyol,BET @ ESP,Espanyol,88,1,Real Betis,244,2,STATUS_FULL_TIME,RCDE Stadium
704995,2025-05-04T19:00Z,Athletic Club at Real Sociedad,ATH @ RSO,Real Sociedad,89,0,Athletic Club,93,0,STATUS_FULL_TIME,Estadio Municipal de Anoeta
704992,2025-05-05T19:00Z,Mallorca at Girona,MLL @ GIR,Girona,9812,1,Mallorca,84,0,STATUS_FULL_TIME,Municipal de Montilivi
705004,2025-05-09T19:00Z,Rayo Vallecano at Las Palmas,RAY @ LPA,Las Palmas,98,0,Rayo Vallecano,101,1,STATUS_FULL_TIME,Estadio Gran Canaria
705005,2025-05-10T12:00Z,Getafe at Valencia,GET @ VAL,Valencia,94,3,Getafe,2922,0,STATUS_FULL_TIME,Mestalla
705003,2025-05-10T14:15Z,Sevilla at Celta Vigo,SEV @ CEL,Celta Vigo,85,3,Sevilla,243,2,STATUS_FULL_TIME,Estadio Abanca-Balaídos
705009,2025-05-10T16:30Z,Villarreal at Girona,VIL @ GIR,Girona,9812,0,Villarreal,102,1,STATUS_FULL_TIME,Municipal de Montilivi
705007,2025-05-10T16:30Z,Real Valladolid at Mallorca,VLL @ MLL,Mallorca,84,2,Real Valladolid,95,1,STATUS_FULL_TIME,Estadi Mallorca Son Moix
705001,2025-05-10T19:00Z,Real Sociedad at Atlético Madrid,RSO @ ATM,Atlético Madrid,1068,4,Real Sociedad,89,0,STATUS_FULL_TIME,Riyadh Air Metropolitano
705006,2025-05-11T12:00Z,Espanyol at Leganés,ESP @ LEG,Leganés,17534,3,Espanyol,88,2,STATUS_FULL_TIME,Estadio Ontime Butarque
705002,2025-05-11T14:15Z,Real Madrid at Barcelona,RMA @ BAR,Barcelona,83,4,Real Madrid,86,3,STATUS_FULL_TIME,Estadi Olímpic Lluís Companys
705000,2025-05-11T16:30Z,Alavés at Athletic Club,ALA @ ATH,Athletic Club,93,1,Alavés,96,0,STATUS_FULL_TIME,San Mamés
705008,2025-05-11T19:00Z,Osasuna at Real Betis,OSA @ BET,Real Betis,244,1,Osasuna,97,1,STATUS_FULL_TIME,Benito Villamarín
705016,2025-05-13T17:00Z,Girona at Real Valladolid,GIR @ VLL,Real Valladolid,95,0,Girona,9812,1,STATUS_FULL_TIME,José Zorrilla
705015,2025-05-13T18:00Z,Celta Vigo at Real Sociedad,CEL @ RSO,Real Sociedad,89,0,Celta Vigo,85,1,STATUS_FULL_TIME,Estadio Municipal de Anoeta
705017,2025-05-13T19:30Z,Las Palmas at Sevilla,LPA @ SEV,Sevilla,243,1,Las Palmas,98,0,STATUS_FULL_TIME,Ramón Sánchez-Pizjuán
705010,2025-05-14T17:00Z,Valencia at Alavés,VAL @ ALA,Alavés,96,1,Valencia,94,0,STATUS_FULL_TIME,Mendizorroza
705019,2025-05-14T17:00Z,Leganés at Villarreal,LEG @ VIL,Villarreal,102,3,Leganés,17534,0,STATUS_FULL_TIME,Estadio de la Cerámica
705014,2025-05-14T19:30Z,Mallorca at Real Madrid,MLL @ RMA,Real Madrid,86,2,Mallorca,84,1,STATUS_FULL_TIME,Estadio Bernabéu
705012,2025-05-15T17:00Z,Atlético Madrid at Osasuna,ATM @ OSA,Osasuna,97,2,Atlético Madrid,1068,0,STATUS_FULL_TIME,El Sadar
705013,2025-05-15T17:00Z,Real Betis at Rayo Vallecano,BET @ RAY,Rayo Vallecano,101,2,Real Betis,244,2,STATUS_FULL_TIME,Estadio de Vallecas
705018,2025-05-15T19:30Z,Barcelona at Espanyol,BAR @ ESP,Espanyol,88,0,Barcelona,83,2,STATUS_FULL_TIME,RCDE Stadium
705011,2025-05-15T19:30Z,Athletic Club at Getafe,ATH @ GET,Getafe,2922,0,Athletic Club,93,2,STATUS_FULL_TIME,Estadio Coliseum
705020,2025-05-18T17:00Z,Real Betis at Atlético Madrid,BET @ ATM,Atlético Madrid,1068,4,Real Betis,244,1,STATUS_FULL_TIME,Riyadh Air Metropolitano
705021,2025-05-18T17:00Z,Villarreal at Barcelona,VIL @ BAR,Barcelona,83,2,Villarreal,102,3,STATUS_FULL_TIME,Estadi Olímpic Lluís Companys
705022,2025-05-18T17:00Z,Rayo Vallecano at Celta Vigo,RAY @ CEL,Celta Vigo,85,1,Rayo Vallecano,101,2,STATUS_FULL_TIME,Estadio Abanca-Balaídos
705023,2025-05-18T17:00Z,Leganés at Las Palmas,LEG @ LPA,Las Palmas,98,0,Leganés,17534,1,STATUS_FULL_TIME,Estadio Gran Canaria
705024,2025-05-18T17:00Z,Getafe at Mallorca,GET @ MLL,Mallorca,84,1,Getafe,2922,2,STATUS_FULL_TIME,Estadi Mallorca Son Moix
705025,2025-05-18T17:00Z,Espanyol at Osasuna,ESP @ OSA,Osasuna,97,2,Espanyol,88,0,STATUS_FULL_TIME,El Sadar
705026,2025-05-18T17:00Z,Girona at Real Sociedad,GIR @ RSO,Real Sociedad,89,3,Girona,9812,2,STATUS_FULL_TIME,Estadio Municipal de Anoeta
705027,2025-05-18T17:00Z,Alavés at Real Valladolid,ALA @ VLL,Real Valladolid,95,0,Alavés,96,1,STATUS_FULL_TIME,José Zorrilla
705028,2025-05-18T17:00Z,Real Madrid at Sevilla,RMA @ SEV,Sevilla,243,0,Real Madrid,86,2,STATUS_FULL_TIME,Ramón Sánchez-Pizjuán
705029,2025-05-18T17:00Z,Athletic Club at Valencia,ATH @ VAL,Valencia,94,0,Athletic Club,93,1,STATUS_FULL_TIME,Mestalla
705036,2025-05-23T19:00Z,Valencia at Real Betis,VAL @ BET,Real Betis,244,1,Valencia,94,1,STATUS_FULL_TIME,Benito Villamarín
705034,2025-05-24T14:15Z,Real Sociedad at Real Madrid,RSO @ RMA,Real Madrid,86,2,Real Sociedad,89,0,STATUS_FULL_TIME,Estadio Bernabéu
705032,2025-05-24T16:30Z,Las Palmas at Espanyol,LPA @ ESP,Espanyol,88,2,Las Palmas,98,0,STATUS_FULL_TIME,RCDE Stadium
705038,2025-05-24T16:30Z,Real Valladolid at Leganés,VLL @ LEG,Leganés,17534,3,Real Valladolid,95,0,STATUS_FULL_TIME,Estadio Ontime Butarque
705030,2025-05-24T19:00Z,Osasuna at Alavés,OSA @ ALA,Alavés,96,1,Osasuna,97,1,STATUS_FULL_TIME,Mendizorroza
705039,2025-05-24T19:00Z,Celta Vigo at Getafe,CEL @ GET,Getafe,2922,1,Celta Vigo,85,2,STATUS_FULL_TIME,Estadio Coliseum
705037,2025-05-24T19:00Z,Mallorca at Rayo Vallecano,MLL @ RAY,Rayo Vallecano,101,0,Mallorca,84,0,STATUS_FULL_TIME,Estadio de Vallecas
705033,2025-05-25T12:00Z,Atlético Madrid at Girona,ATM @ GIR,Girona,9812,0,Atlético Madrid,1068,4,STATUS_FULL_TIME,Municipal de Montilivi
705031,2025-05-25T14:15Z,Sevilla at Villarreal,SEV @ VIL,Villarreal,102,4,Sevilla,243,2,STATUS_FULL_TIME,Estadio de la Cerámica
705035,2025-05-25T19:00Z,Barcelona at Athletic Club,BAR @ ATH,Athletic Club,93,0,Barcelona,83,3,STATUS_FULL_TIME,San Mamés
748152,2025-08-15T17:00Z,Rayo Vallecano at Girona,RAY @ GIR,Girona,9812,1,Rayo Vallecano,101,3,STATUS_FULL_TIME,Municipal de Montilivi
748151,2025-08-15T19:30Z,Real Oviedo at Villarreal,OVI @ VIL,Villarreal,102,2,Real Oviedo,92,0,STATUS_FULL_TIME,Estadio de la Cerámica
748153,2025-08-16T17:30Z,Barcelona at Mallorca,BAR @ MLL,Mallorca,84,0,Barcelona,83,3,STATUS_FULL_TIME,Estadi Mallorca Son Moix
748150,2025-08-16T19:30Z,Levante at Alavés,LEV @ ALA,Alavés,96,2,Levante,1538,1,STATUS_FULL_TIME,Mendizorroza
748144,2025-08-16T19:30Z,Real Sociedad at Valencia,RSO @ VAL,Valencia,94,1,Real Sociedad,89,1,STATUS_FULL_TIME,Mestalla
748148,2025-08-17T15:00Z,Getafe at Celta Vigo,GET @ CEL,Celta Vigo,85,0,Getafe,2922,2,STATUS_FULL_TIME,Estadio Abanca-Balaídos
748149,2025-08-17T17:30Z,Sevilla at Athletic Club,SEV @ ATH,Athletic Club,93,3,Sevilla,243,2,STATUS_FULL_TIME,San Mamés
748146,2025-08-17T19:30Z,Atlético Madrid at Espanyol,ATM @ ESP,Espanyol,88,2,Atlético Madrid,1068,1,STATUS_FULL_TIME,RCDE Stadium
748147,2025-08-18T19:00Z,Real Betis at Elche,BET @ ELC,Elche,3751,1,Real Betis,244,1,STATUS_FULL_TIME,Martínez Valero
748145,2025-08-19T19:00Z,Osasuna at Real Madrid,OSA @ RMA,Real Madrid,86,1,Osasuna,97,0,STATUS_FULL_TIME,Estadio Bernabéu
748158,2025-08-22T19:30Z,Alavés at Real Betis,ALA @ BET,Real Betis,244,1,Alavés,96,0,STATUS_FULL_TIME,Estadio La Cartuja
748154,2025-08-23T15:00Z,Celta Vigo at Mallorca,CEL @ MLL,Mallorca,84,1,Celta Vigo,85,1,STATUS_FULL_TIME,Estadi Mallorca Son Moix
748161,2025-08-23T17:30Z,Elche at Atlético Madrid,ELC @ ATM,Atlético Madrid,1068,1,Elche,3751,1,STATUS_FULL_TIME,Riyadh Air Metropolitano
748162,2025-08-23T19:30Z,Barcelona at Levante,BAR @ LEV,Levante,1538,2,Barcelona,83,3,STATUS_FULL_TIME,Ciutat de Valencia
748159,2025-08-24T15:00Z,Valencia at Osasuna,VAL @ OSA,Osasuna,97,1,Valencia,94,0,STATUS_FULL_TIME,El Sadar
748156,2025-08-24T17:30Z,Espanyol at Real Sociedad,ESP @ RSO,Real Sociedad,89,2,Espanyol,88,2,STATUS_FULL_TIME,Estadio Municipal de Anoeta
748163,2025-08-24T17:30Z,Girona at Villarreal,GIR @ VIL,Villarreal,102,5,Girona,9812,0,STATUS_FULL_TIME,Estadio de la Cerámica
748155,2025-08-24T19:30Z,Real Madrid at Real Oviedo,RMA @ OVI,Real Oviedo,92,0,Real Madrid,86,3,STATUS_FULL_TIME,Carlos Tartiere
748160,2025-08-25T17:30Z,Rayo Vallecano at Athletic Club,RAY @ ATH,Athletic Club,93,1,Rayo Vallecano,101,0,STATUS_FULL_TIME,San Mamés
748157,2025-08-25T19:30Z,Getafe at Sevilla,GET @ SEV,Sevilla,243,1,Getafe,2922,2,STATUS_FULL_TIME,Ramón Sánchez-Pizjuán
748198,2025-08-27T19:00Z,Real Betis at Celta Vigo,BET @ CEL,Celta Vigo,85,1,Real Betis,244,1,STATUS_FULL_TIME,Estadio Abanca-Balaídos
748170,2025-08-29T17:30Z,Levante at Elche,LEV @ ELC,Elche,3751,2,Levante,1538,0,STATUS_FULL_TIME,Martínez Valero
748168,2025-08-29T19:30Z,Getafe at Valencia,GET @ VAL,Valencia,94,3,Getafe,2922,0,STATUS_FULL_TIME,Mestalla
748172,2025-08-30T15:00Z,Atlético Madrid at Alavés,ATM @ ALA,Alavés,96,1,Atlético Madrid,1068,1,STATUS_FULL_TIME,Mendizorroza
748173,2025-08-30T17:00Z,Real Sociedad at Real Oviedo,RSO @ OVI,Real Oviedo,92,1,Real Sociedad,89,0,STATUS_FULL_TIME,Carlos Tartiere
748164,2025-08-30T17:30Z,Sevilla at Girona,SEV @ GIR,Girona,9812,0,Sevilla,243,2,STATUS_FULL_TIME,Municipal de Montilivi
748167,2025-08-30T19:30Z,Mallorca at Real Madrid,MLL @ RMA,Real Madrid,86,2,Mallorca,84,1,STATUS_FULL_TIME,Estadio Bernabéu
748171,2025-08-31T15:00Z,Villarreal at Celta Vigo,VIL @ CEL,Celta Vigo,85,1,Villarreal,102,1,STATUS_FULL_TIME,Estadio Abanca-Balaídos
748166,2025-08-31T17:00Z,Athletic Club at Real Betis,ATH @ BET,Real Betis,244,1,Athletic Club,93,2,STATUS_FULL_TIME,Estadio La Cartuja
748169,2025-08-31T17:30Z,Osasuna at Espanyol,OSA @ ESP,Espanyol,88,1,Osasuna,97,0,STATUS_FULL_TIME,RCDE Stadium
748165,2025-08-31T19:30Z,Barcelona at Rayo Vallecano,BAR @ RAY,Rayo Vallecano,101,1,Barcelona,83,1,STATUS_FULL_TIME,Estadio de Vallecas
748183,2025-09-12T19:00Z,Elche at Sevilla,ELC @ SEV,Sevilla,243,2,Elche,3751,2,STATUS_FULL_TIME,Ramón Sánchez-Pizjuán
748174,2025-09-13T12:00Z,Real Oviedo at Getafe,OVI @ GET,Getafe,2922,2,Real Oviedo,92,0,STATUS_FULL_TIME,Estadio Coliseum
748177,2025-09-13T14:15Z,Real Madrid at Real Sociedad,RMA @ RSO,Real Sociedad,89,1,Real Madrid,86,2,STATUS_FULL_TIME,Estadio Municipal de Anoeta
748182,2025-09-13T16:30Z,Alavés at Athletic Club,ALA @ ATH,Athletic Club,93,0,Alavés,96,1,STATUS_FULL_TIME,San Mamés
748181,2025-09-13T19:00Z,Villarreal at Atlético Madrid,VIL @ ATM,Atlético Madrid,1068,2,Villarreal,102,0,STATUS_FULL_TIME,Riyadh Air Metropolitano
748179,2025-09-14T12:00Z,Girona at Celta Vigo,GIR @ CEL,Celta Vigo,85,1,Girona,9812,1,STATUS_FULL_TIME,Estadio Abanca-Balaídos
748175,2025-09-14T14:15Z,Real Betis at Levante,BET @ LEV,Levante,1538,2,Real Betis,244,2,STATUS_FULL_TIME,Ciutat de Valencia
748176,2025-09-14T16:30Z,Rayo Vallecano at Osasuna,RAY @ OSA,Osasuna,97,2,Rayo Vallecano,101,0,STATUS_FULL_TIME,El Sadar
748180,2025-09-14T19:00Z,Valencia at Barcelona,VAL @ BAR,Barcelona,83,6,Valencia,94,0,STATUS_FULL_TIME,Estadi Johan Cruyff
748178,2025-09-15T19:00Z,Mallorca at Espanyol,MLL @ ESP,Espanyol,88,3,Mallorca,84,2,STATUS_FULL_TIME,RCDE Stadium
748185,2025-09-19T19:00Z,Real Sociedad at Real Betis,RSO @ BET,Real Betis,244,3,Real Sociedad,89,1,STATUS_FULL_TIME,Estadio La Cartuja
748193,2025-09-20T12:00Z,Levante at Girona,LEV @ GIR,Girona,9812,0,Levante,1538,4,STATUS_FULL_TIME,Municipal de Montilivi
748186,2025-09-20T14:15Z,Espanyol at Real Madrid,ESP @ RMA,Real Madrid,86,2,Espanyol,88,0,STATUS_FULL_TIME,Estadio Bernabéu
748190,2025-09-20T16:30Z,Sevilla at Alavés,SEV @ ALA,Alavés,96,1,Sevilla,243,2,STATUS_FULL_TIME,Mendizorroza
748189,2025-09-20T16:30Z,Osasuna at Villarreal,OSA @ VIL,Villarreal,102,2,Osasuna,97,1,STATUS_FULL_TIME,Estadio de la Cerámica
748187,2025-09-20T19:00Z,Athletic Club at Valencia,ATH @ VAL,Valencia,94,2,Athletic Club,93,0,STATUS_FULL_TIME,Mestalla
748184,2025-09-21T12:00Z,Celta Vigo at Rayo Vallecano,CEL @ RAY,Rayo Vallecano,101,1,Celta Vigo,85,1,STATUS_FULL_TIME,Estadio de Vallecas
748188,2025-09-21T14:15Z,Atlético Madrid at Mallorca,ATM @ MLL,Mallorca,84,1,Atlético Madrid,1068,1,STATUS_FULL_TIME,Estadi Mallorca Son Moix
748192,2025-09-21T16:30Z,Real Oviedo at Elche,OVI @ ELC,Elche,3751,1,Real Oviedo,92,0,STATUS_FULL_TIME,Martínez Valero
748191,2025-09-21T19:00Z,Getafe at Barcelona,GET @ BAR,Barcelona,83,3,Getafe,2922,0,STATUS_FULL_TIME,Estadi Johan Cruyff
748194,2025-09-23T17:00Z,Girona at Athletic Club,GIR @ ATH,Athletic Club,93,1,Girona,9812,1,STATUS_FULL_TIME,San Mamés
748203,2025-09-23T17:00Z,Valencia at Espanyol,VAL @ ESP,Espanyol,88,2,Valencia,94,2,STATUS_FULL_TIME,RCDE Stadium
748200,2025-09-23T19:30Z,Real Madrid at Levante,RMA @ LEV,Levante,1538,1,Real Madrid,86,4,STATUS_FULL_TIME,Ciutat de Valencia
748196,2025-09-23T19:30Z,Villarreal at Sevilla,VIL @ SEV,Sevilla,243,1,Villarreal,102,2,STATUS_FULL_TIME,Ramón Sánchez-Pizjuán
748199,2025-09-24T17:00Z,Alavés at Getafe,ALA @ GET,Getafe,2922,1,Alavés,96,1,STATUS_FULL_TIME,Estadio Coliseum
748195,2025-09-24T19:30Z,Rayo Vallecano at Atlético Madrid,RAY @ ATM,Atlético Madrid,1068,3,Rayo Vallecano,101,2,STATUS_FULL_TIME,Riyadh Air Metropolitano
748197,2025-09-24T19:30Z,Mallorca at Real Sociedad,MLL @ RSO,Real Sociedad,89,1,Mallorca,84,0,STATUS_FULL_TIME,Estadio Municipal de Anoeta
748201,2025-09-25T17:30Z,Elche at Osasuna,ELC @ OSA,Osasuna,97,1,Elche,3751,1,STATUS_FULL_TIME,El Sadar
748202,2025-09-25T19:30Z,Barcelona at Real Oviedo,BAR @ OVI,Real Oviedo,92,1,Barcelona,83,3,STATUS_FULL_TIME,Carlos Tartiere
748205,2025-09-26T19:00Z,Espanyol at Girona,ESP @ GIR,Girona,9812,0,Espanyol,88,0,STATUS_FULL_TIME,Municipal de Montilivi
748206,2025-09-27T12:00Z,Levante at Getafe,LEV @ GET,Getafe,2922,1,Levante,1538,1,STATUS_FULL_TIME,Estadio Coliseum
748210,2025-09-27T14:15Z,Real Madrid at Atlético Madrid,RMA @ ATM,Atlético Madrid,1068,5,Real Madrid,86,2,STATUS_FULL_TIME,Riyadh Air Metropolitano
748209,2025-09-27T16:30Z,Alavés at Mallorca,ALA @ MLL,Mallorca,84,1,Alavés,96,0,STATUS_FULL_TIME,Estadi Mallorca Son Moix
748204,2025-09-27T19:00Z,Athletic Club at Villarreal,ATH @ VIL,Villarreal,102,1,Athletic Club,93,0,STATUS_FULL_TIME,Estadio de la Cerámica
748213,2025-09-28T12:00Z,Sevilla at Rayo Vallecano,SEV @ RAY,Rayo Vallecano,101,0,Sevilla,243,1,STATUS_FULL_TIME,Estadio de Vallecas
748207,2025-09-28T14:15Z,Celta Vigo at Elche,CEL @ ELC,Elche,3751,2,Celta Vigo,85,1,STATUS_FULL_TIME,Martínez Valero
748208,2025-09-28T16:30Z,Real Sociedad at Barcelona,RSO @ BAR,Barcelona,83,2,Real Sociedad,89,1,STATUS_FULL_TIME,Estadi Olímpic Lluís Companys
748212,2025-09-28T19:00Z,Osasuna at Real Betis,OSA @ BET,Real Betis,244,2,Osasuna,97,0,STATUS_FULL_TIME,Estadio La Cartuja
748211,2025-09-30T18:00Z,Real Oviedo at Valencia,OVI @ VAL,Valencia,94,1,Real Oviedo,92,2,STATUS_FULL_TIME,Mestalla
748223,2025-10-03T19:00Z,Getafe at Osasuna,GET @ OSA,Osasuna,97,2,Getafe,2922,1,STATUS_FULL_TIME,El Sadar
748216,2025-10-04T12:00Z,Levante at Real Oviedo,LEV @ OVI,Real Oviedo,92,0,Levante,1538,2,STATUS_FULL_TIME,Carlos Tartiere
748219,2025-10-04T14:15Z,Valencia at Girona,VAL @ GIR,Girona,9812,2,Valencia,94,1,STATUS_FULL_TIME,Municipal de Montilivi
748222,2025-10-04T16:30Z,Mallorca at Athletic Club,MLL @ ATH,Athletic Club,93,2,Mallorca,84,1,STATUS_FULL_TIME,San Mamés
748214,2025-10-04T19:00Z,Villarreal at Real Madrid,VIL @ RMA,Real Madrid,86,3,Villarreal,102,1,STATUS_FULL_TIME,Estadio Bernabéu
748218,2025-10-05T12:00Z,Elche at Alavés,ELC @ ALA,Alavés,96,3,Elche,3751,1,STATUS_FULL_TIME,Mendizorroza
748215,2025-10-05T14:15Z,Barcelona at Sevilla,BAR @ SEV,Sevilla,243,4,Barcelona,83,1,STATUS_FULL_TIME,Ramón Sánchez-Pizjuán
748220,2025-10-05T16:30Z,Real Betis at Espanyol,BET @ ESP,Espanyol,88,1,Real Betis,244,2,STATUS_FULL_TIME,RCDE Stadium
748217,2025-10-05T16:30Z,Rayo Vallecano at Real Sociedad,RAY @ RSO,Real Sociedad,89,0,Rayo Vallecano,101,1,STATUS_FULL_TIME,Estadio Municipal de Anoeta
748221,2025-10-05T19:00Z,Atlético Madrid at Celta Vigo,ATM @ CEL,Celta Vigo,85,1,Atlético Madrid,1068,1,STATUS_FULL_TIME,Estadio Abanca-Balaídos
748229,2025-10-17T19:00Z,Espanyol at Real Oviedo,ESP @ OVI,Real Oviedo,92,0,Espanyol,88,2,STATUS_FULL_TIME,Carlos Tartiere
748227,2025-10-18T12:00Z,Mallorca at Sevilla,MLL @ SEV,Sevilla,243,1,Mallorca,84,3,STATUS_FULL_TIME,Ramón Sánchez-Pizjuán
748228,2025-10-18T14:15Z,Girona at Barcelona,GIR @ BAR,Barcelona,83,2,Girona,9812,1,STATUS_FULL_TIME,Estadi Olímpic Lluís Companys
748225,2025-10-18T16:30Z,Real Betis at Villarreal,BET @ VIL,Villarreal,102,2,Real Betis,244,2,STATUS_FULL_TIME,Estadio de la Cerámica
748224,2025-10-18T19:00Z,Osasuna at Atlético Madrid,OSA @ ATM,Atlético Madrid,1068,1,Osasuna,97,0,STATUS_FULL_TIME,Riyadh Air Metropolitano
748232,2025-10-19T12:00Z,Athletic Club at Elche,ATH @ ELC,Elche,3751,0,Athletic Club,93,0,STATUS_FULL_TIME,Martínez Valero
748233,2025-10-19T14:15Z,Real Sociedad at Celta Vigo,RSO @ CEL,Celta Vigo,85,1,Real Sociedad,89,1,STATUS_FULL_TIME,Estadio Abanca-Balaídos
748230,2025-10-19T16:30Z,Rayo Vallecano at Levante,RAY @ LEV,Levante,1538,0,Rayo Vallecano,101,3,STATUS_FULL_TIME,Ciutat de Valencia
748231,2025-10-19T19:00Z,Real Madrid at Getafe,RMA @ GET,Getafe,2922,0,Real Madrid,86,1,STATUS_FULL_TIME,Estadio Coliseum
748226,2025-10-20T19:00Z,Valencia at Alavés,VAL @ ALA,Alavés,96,0,Valencia,94,0,STATUS_FULL_TIME,Mendizorroza
748234,2025-10-24T19:00Z,Sevilla at Real Sociedad,SEV @ RSO,Real Sociedad,89,2,Sevilla,243,1,STATUS_FULL_TIME,Estadio Municipal de Anoeta
748239,2025-10-25T12:00Z,Real Oviedo at Girona,OVI @ GIR,Girona,9812,3,Real Oviedo,92,3,STATUS_FULL_TIME,Municipal de Montilivi
748243,2025-10-25T14:15Z,Elche at Espanyol,ELC @ ESP,Espanyol,88,1,Elche,3751,0,STATUS_FULL_TIME,RCDE Stadium
748242,2025-10-25T16:30Z,Getafe at Athletic Club,GET @ ATH,Athletic Club,93,0,Getafe,2922,1,STATUS_FULL_TIME,San Mamés
748235,2025-10-25T19:00Z,Villarreal at Valencia,VIL @ VAL,Valencia,94,0,Villarreal,102,2,STATUS_FULL_TIME,Mestalla
748240,2025-10-26T13:00Z,Levante at Mallorca,LEV @ MLL,Mallorca,84,1,Levante,1538,1,STATUS_FULL_TIME,Estadi Mallorca Son Moix
748236,2025-10-26T15:15Z,Barcelona at Real Madrid,BAR @ RMA,Real Madrid,86,2,Barcelona,83,1,STATUS_FULL_TIME,Estadio Bernabéu
748241,2025-10-26T17:30Z,Celta Vigo at Osasuna,CEL @ OSA,Osasuna,97,2,Celta Vigo,85,3,STATUS_FULL_TIME,El Sadar
748238,2025-10-26T20:00Z,Alavés at Rayo Vallecano,ALA @ RAY,Rayo Vallecano,101,1,Alavés,96,0,STATUS_FULL_TIME,Estadio de Vallecas
748237,2025-10-27T20:00Z,Atlético Madrid at Real Betis,ATM @ BET,Real Betis,244,0,Atlético Madrid,1068,2,STATUS_FULL_TIME,Estadio La Cartuja
748248,2025-10-31T20:00Z,Girona at Getafe,GIR @ GET,Getafe,2922,2,Girona,9812,1,STATUS_FULL_TIME,Estadio Coliseum
748249,2025-11-01T13:00Z,Rayo Vallecano at Villarreal,RAY @ VIL,Villarreal,102,4,Rayo Vallecano,101,0,STATUS_FULL_TIME,Estadio de la Cerámica
748245,2025-11-01T15:15Z,Sevilla at Atlético Madrid,SEV @ ATM,Atlético Madrid,1068,3,Sevilla,243,0,STATUS_FULL_TIME,Riyadh Air Metropolitano
748253,2025-11-01T17:30Z,Athletic Club at Real Sociedad,ATH @ RSO,Real Sociedad,89,3,Athletic Club,93,2,STATUS_FULL_TIME,Estadio Municipal de Anoeta
748251,2025-11-01T20:00Z,Valencia at Real Madrid,VAL @ RMA,Real Madrid,86,4,Valencia,94,0,STATUS_FULL_TIME,Estadio Bernabéu
748244,2025-11-02T13:00Z,Celta Vigo at Levante,CEL @ LEV,Levante,1538,1,Celta Vigo,85,2,STATUS_FULL_TIME,Ciutat de Valencia
748246,2025-11-02T15:15Z,Espanyol at Alavés,ESP @ ALA,Alavés,96,2,Espanyol,88,1,STATUS_FULL_TIME,Mendizorroza
748247,2025-11-02T17:30Z,Elche at Barcelona,ELC @ BAR,Barcelona,83,3,Elche,3751,1,STATUS_FULL_TIME,Estadi Olímpic Lluís Companys
748250,2025-11-02T20:00Z,Mallorca at Real Betis,MLL @ BET,Real Betis,244,3,Mallorca,84,0,STATUS_FULL_TIME,Estadio La Cartuja
748252,2025-11-03T20:00Z,Osasuna at Real Oviedo,OSA @ OVI,Real Oviedo,92,0,Osasuna,97,0,STATUS_FULL_TIME,Carlos Tartiere
748259,2025-11-07T20:00Z,Real Sociedad at Elche,RSO @ ELC,Elche,3751,1,Real Sociedad,89,1,STATUS_FULL_TIME,Martínez Valero
748257,2025-11-08T13:00Z,Alavés at Girona,ALA @ GIR,Girona,9812,1,Alavés,96,0,STATUS_FULL_TIME,Municipal de Montilivi
748255,2025-11-08T15:15Z,Osasuna at Sevilla,OSA @ SEV,Sevilla,243,1,Osasuna,97,0,STATUS_FULL_TIME,Ramón Sánchez-Pizjuán
748261,2025-11-08T17:30Z,Levante at Atlético Madrid,LEV @ ATM,Atlético Madrid,1068,3,Levante,1538,1,STATUS_FULL_TIME,Riyadh Air Metropolitano
748263,2025-11-08T20:00Z,Villarreal at Espanyol,VIL @ ESP,Espanyol,88,0,Villarreal,102,2,STATUS_FULL_TIME,RCDE Stadium
748262,2025-11-09T13:00Z,Real Oviedo at Athletic Club,OVI @ ATH,Athletic Club,93,1,Real Oviedo,92,0,STATUS_FULL_TIME,San Mamés
748254,2025-11-09T15:15Z,Real Madrid at Rayo Vallecano,RMA @ RAY,Rayo Vallecano,101,0,Real Madrid,86,0,STATUS_FULL_TIME,Estadio de Vallecas
748256,2025-11-09T17:30Z,Getafe at Mallorca,GET @ MLL,Mallorca,84,1,Getafe,2922,0,STATUS_FULL_TIME,Estadi Mallorca Son Moix
748258,2025-11-09T17:30Z,Real Betis at Valencia,BET @ VAL,Valencia,94,1,Real Betis,244,1,STATUS_FULL_TIME,Mestalla
748260,2025-11-09T20:00Z,Barcelona at Celta Vigo,BAR @ CEL,Celta Vigo,85,2,Barcelona,83,4,STATUS_FULL_TIME,Estadio Abanca-Balaídos
748270,2025-11-21T20:00Z,Levante at Valencia,LEV @ VAL,Valencia,94,1,Levante,1538,0,STATUS_FULL_TIME,Mestalla Stadium
748273,2025-11-22T13:00Z,Celta Vigo at Alavés,CEL @ ALA,Alavés,96,0,Celta Vigo,85,1,STATUS_FULL_TIME,Mendizorrotza
748272,2025-11-22T15:15Z,Athletic Club at Barcelona,ATH @ BAR,Barcelona,83,4,Athletic Club,93,0,STATUS_FULL_TIME,Spotify Camp Nou
748267,2025-11-22T17:30Z,Real Sociedad at Osasuna,RSO @ OSA,Osasuna,97,1,Real Sociedad,89,3,STATUS_FULL_TIME,El Sadar
748271,2025-11-22T20:00Z,Mallorca at Villarreal,MLL @ VIL,Villarreal,102,2,Mallorca,84,1,STATUS_FULL_TIME,Estadio de la Cerámica
748269,2025-11-23T13:00Z,Rayo Vallecano at Real Oviedo,RAY @ OVI,Real Oviedo,92,0,Rayo Vallecano,101,0,STATUS_FULL_TIME,Estadio Carlos Tartiere
748268,2025-11-23T15:15Z,Girona at Real Betis,GIR @ BET,Real Betis,244,1,Girona,9812,1,STATUS_FULL_TIME,Estadio La Cartuja
748264,2025-11-23T17:30Z,Atlético Madrid at Getafe,ATM @ GET,Getafe,2922,0,Atlético Madrid,1068,1,STATUS_FULL_TIME,Estadio Coliseum
748266,2025-11-23T20:00Z,Real Madrid at Elche,RMA @ ELC,Elche,3751,2,Real Madrid,86,2,STATUS_FULL_TIME,Estadio Martínez Valero
748265,2025-11-24T20:00Z,Sevilla at Espanyol,SEV @ ESP,Espanyol,88,2,Sevilla,243,1,STATUS_FULL_TIME,RCDE Stadium
748280,2025-11-28T20:00Z,Elche at Getafe,ELC @ GET,Getafe,2922,1,Elche,3751,0,STATUS_FULL_TIME,Estadio Coliseum
748277,2025-11-29T13:00Z,Osasuna at Mallorca,OSA @ MLL,Mallorca,84,2,Osasuna,97,2,STATUS_FULL_TIME,Estadi Mallorca Son Moix
748282,2025-11-29T15:15Z,Alavés at Barcelona,ALA @ BAR,Barcelona,83,3,Alavés,96,1,STATUS_FULL_TIME,Spotify Camp Nou
748278,2025-11-29T17:30Z,Athletic Club at Levante,ATH @ LEV,Levante,1538,0,Athletic Club,93,2,STATUS_FULL_TIME,Estadi Ciutat de València
748275,2025-11-29T20:00Z,Real Oviedo at Atlético Madrid,OVI @ ATM,Atlético Madrid,1068,2,Real Oviedo,92,0,STATUS_FULL_TIME,Riyadh Air Metropolitano
748274,2025-11-30T13:00Z,Villarreal at Real Sociedad,VIL @ RSO,Real Sociedad,89,2,Villarreal,102,3,STATUS_FULL_TIME,Reale Arena
748283,2025-11-30T15:15Z,Real Betis at Sevilla,BET @ SEV,Sevilla,243,0,Real Betis,244,2,STATUS_FULL_TIME,Ramón Sánchez Pizjuán Stadium
748281,2025-11-30T17:30Z,Espanyol at Celta Vigo,ESP @ CEL,Celta Vigo,85,0,Espanyol,88,1,STATUS_FULL_TIME,Balaidos
748279,2025-11-30T20:00Z,Real Madrid at Girona,RMA @ GIR,Girona,9812,1,Real Madrid,86,1,STATUS_FULL_TIME,Estadi Montilivi
748276,2025-12-01T20:00Z,Valencia at Rayo Vallecano,VAL @ RAY,Rayo Vallecano,101,1,Valencia,94,1,STATUS_FULL_TIME,Estadio de Vallecas
748331,2025-12-02T20:00Z,Atlético Madrid at Barcelona,ATM @ BAR,Barcelona,83,3,Atlético Madrid,1068,1,STATUS_FULL_TIME,Spotify Camp Nou
748332,2025-12-03T18:00Z,Real Madrid at Athletic Club,RMA @ ATH,Athletic Club,93,0,Real Madrid,86,3,STATUS_FULL_TIME,San Mamés
748291,2025-12-05T20:00Z,Mallorca at Real Oviedo,MLL @ OVI,Real Oviedo,92,0,Mallorca,84,0,STATUS_FULL_TIME,Estadio Carlos Tartiere
748288,2025-12-06T13:00Z,Getafe at Villarreal,GET @ VIL,Villarreal,102,2,Getafe,2922,0,STATUS_FULL_TIME,Estadio de la Cerámica
748287,2025-12-06T15:15Z,Real Sociedad at Alavés,RSO @ ALA,Alavés,96,1,Real Sociedad,89,0,STATUS_FULL_TIME,Mendizorrotza
748289,2025-12-06T17:30Z,Barcelona at Real Betis,BAR @ BET,Real Betis,244,3,Barcelona,83,5,STATUS_FULL_TIME,Estadio La Cartuja
748286,2025-12-06T20:00Z,Atlético Madrid at Athletic Club,ATM @ ATH,Athletic Club,93,1,Atlético Madrid,1068,0,STATUS_FULL_TIME,San Mamés
748285,2025-12-07T13:00Z,Girona at Elche,GIR @ ELC,Elche,3751,3,Girona,9812,0,STATUS_FULL_TIME,Estadio Martínez Valero
748292,2025-12-07T15:15Z,Sevilla at Valencia,SEV @ VAL,Valencia,94,1,Sevilla,243,1,STATUS_FULL_TIME,Mestalla Stadium
748284,2025-12-07T17:30Z,Rayo Vallecano at Espanyol,RAY @ ESP,Espanyol,88,1,Rayo Vallecano,101,0,STATUS_FULL_TIME,RCDE Stadium
748290,2025-12-07T20:00Z,Celta Vigo at Real Madrid,CEL @ RMA,Real Madrid,86,0,Celta Vigo,85,2,STATUS_FULL_TIME,Santiago Bernabéu
748293,2025-12-08T20:00Z,Levante at Osasuna,LEV @ OSA,Osasuna,97,2,Levante,1538,0,STATUS_FULL_TIME,El Sadar
748294,2025-12-12T20:00Z,Girona at Real Sociedad,GIR @ RSO,Real Sociedad,89,1,Girona,9812,2,STATUS_FULL_TIME,Reale Arena
748296,2025-12-13T13:00Z,Valencia at Atlético Madrid,VAL @ ATM,Atlético Madrid,1068,2,Valencia,94,1,STATUS_FULL_TIME,Riyadh Air Metropolitano
748303,2025-12-13T15:15Z,Elche at Mallorca,ELC @ MLL,Mallorca,84,3,Elche,3751,1,STATUS_FULL_TIME,Estadi Mallorca Son Moix
748299,2025-12-13T17:30Z,Osasuna at Barcelona,OSA @ BAR,Barcelona,83,2,Osasuna,97,0,STATUS_FULL_TIME,Spotify Camp Nou
748301,2025-12-13T20:00Z,Espanyol at Getafe,ESP @ GET,Getafe,2922,0,Espanyol,88,1,STATUS_FULL_TIME,Estadio Coliseum
748295,2025-12-14T13:00Z,Real Oviedo at Sevilla,OVI @ SEV,Sevilla,243,4,Real Oviedo,92,0,STATUS_FULL_TIME,Ramón Sánchez Pizjuán Stadium
748300,2025-12-14T15:15Z,Athletic Club at Celta Vigo,ATH @ CEL,Celta Vigo,85,2,Athletic Club,93,0,STATUS_FULL_TIME,Balaidos
748297,2025-12-14T20:00Z,Real Madrid at Alavés,RMA @ ALA,Alavés,96,1,Real Madrid,86,2,STATUS_FULL_TIME,Mendizorrotza
748298,2025-12-15T20:00Z,Real Betis at Rayo Vallecano,BET @ RAY,Rayo Vallecano,101,0,Real Betis,244,0,STATUS_FULL_TIME,Estadio de Vallecas
748305,2025-12-19T20:00Z,Mallorca at Valencia,MLL @ VAL,Valencia,94,1,Mallorca,84,1,STATUS_FULL_TIME,Mestalla Stadium
748306,2025-12-20T13:00Z,Celta Vigo at Real Oviedo,CEL @ OVI,Real Oviedo,92,0,Celta Vigo,85,0,STATUS_FULL_TIME,Estadio Carlos Tartiere
748310,2025-12-20T15:15Z,Real Sociedad at Levante,RSO @ LEV,Levante,1538,1,Real Sociedad,89,1,STATUS_FULL_TIME,Estadi Ciutat de València
748311,2025-12-20T17:30Z,Alavés at Osasuna,ALA @ OSA,Osasuna,97,3,Alavés,96,0,STATUS_FULL_TIME,El Sadar
748307,2025-12-20T20:00Z,Sevilla at Real Madrid,SEV @ RMA,Real Madrid,86,2,Sevilla,243,0,STATUS_FULL_TIME,Santiago Bernabéu
748309,2025-12-21T13:00Z,Atlético Madrid at Girona,ATM @ GIR,Girona,9812,0,Atlético Madrid,1068,3,STATUS_FULL_TIME,Estadi Montilivi
748312,2025-12-21T15:15Z,Barcelona at Villarreal,BAR @ VIL,Villarreal,102,0,Barcelona,83,2,STATUS_FULL_TIME,Estadio de la Cerámica
748313,2025-12-21T17:30Z,Rayo Vallecano at Elche,RAY @ ELC,Elche,3751,4,Rayo Vallecano,101,0,STATUS_FULL_TIME,Estadio Martínez Valero
748308,2025-12-21T20:00Z,Getafe at Real Betis,GET @ BET,Real Betis,244,4,Getafe,2922,0,STATUS_FULL_TIME,Estadio La Cartuja
748304,2025-12-22T20:00Z,Espanyol at Athletic Club,ESP @ ATH,Athletic Club,93,1,Espanyol,88,2,STATUS_FULL_TIME,San Mamés
748316,2026-01-02T20:00Z,Getafe at Rayo Vallecano,GET @ RAY,Rayo Vallecano,101,1,Getafe,2922,1,STATUS_FULL_TIME,Estadio de Vallecas
748321,2026-01-03T13:00Z,Valencia at Celta Vigo,VAL @ CEL,Celta Vigo,85,4,Valencia,94,1,STATUS_FULL_TIME,Balaidos
748317,2026-01-03T15:15Z,Athletic Club at Osasuna,ATH @ OSA,Osasuna,97,1,Athletic Club,93,1,STATUS_FULL_TIME,El Sadar
748320,2026-01-03T17:30Z,Villarreal at Elche,VIL @ ELC,Elche,3751,1,Villarreal,102,3,STATUS_FULL_TIME,Estadio Martínez Valero
748319,2026-01-03T20:00Z,Barcelona at Espanyol,BAR @ ESP,Espanyol,88,0,Barcelona,83,2,STATUS_FULL_TIME,RCDE Stadium
748323,2026-01-04T13:00Z,Levante at Sevilla,LEV @ SEV,Sevilla,243,0,Levante,1538,3,STATUS_FULL_TIME,Ramón Sánchez Pizjuán Stadium
748315,2026-01-04T15:15Z,Real Betis at Real Madrid,BET @ RMA,Real Madrid,86,5,Real Betis,244,1,STATUS_FULL_TIME,Santiago Bernabéu
748322,2026-01-04T17:30Z,Real Oviedo at Alavés,OVI @ ALA,Alavés,96,1,Real Oviedo,92,1,STATUS_FULL_TIME,Mendizorrotza
748318,2026-01-04T17:30Z,Girona at Mallorca,GIR @ MLL,Mallorca,84,1,Girona,9812,2,STATUS_FULL_TIME,Estadi Mallorca Son Moix
748314,2026-01-04T20:00Z,Atlético Madrid at Real Sociedad,ATM @ RSO,Real Sociedad,89,1,Atlético Madrid,1068,1,STATUS_FULL_TIME,Reale Arena
748330,2026-01-09T20:00Z,Real Sociedad at Getafe,RSO @ GET,Getafe,2922,1,Real Sociedad,89,2,STATUS_FULL_TIME,Estadio Coliseum
748326,2026-01-10T13:00Z,Real Betis at Real Oviedo,BET @ OVI,Real Oviedo,92,1,Real Betis,244,1,STATUS_FULL_TIME,Estadio Carlos Tartiere
748333,2026-01-10T15:15Z,Alavés at Villarreal,ALA @ VIL,Villarreal,102,3,Alavés,96,1,STATUS_FULL_TIME,Estadio de la Cerámica
748329,2026-01-10T17:30Z,Osasuna at Girona,OSA @ GIR,Girona,9812,1,Osasuna,97,0,STATUS_FULL_TIME,Estadi Montilivi
748324,2026-01-10T20:00Z,Elche at Valencia,ELC @ VAL,Valencia,94,1,Elche,3751,1,STATUS_FULL_TIME,Mestalla Stadium
748327,2026-01-11T13:00Z,Mallorca at Rayo Vallecano,MLL @ RAY,Rayo Vallecano,101,2,Mallorca,84,1,STATUS_FULL_TIME,Estadio de Vallecas
748328,2026-01-11T15:15Z,Espanyol at Levante,ESP @ LEV,Levante,1538,1,Espanyol,88,1,STATUS_FULL_TIME,Estadi Ciutat de València
748325,2026-01-12T20:00Z,Celta Vigo at Sevilla,CEL @ SEV,Sevilla,243,0,Celta Vigo,85,1,STATUS_FULL_TIME,Ramón Sánchez Pizjuán Stadium
748337,2026-01-16T20:00Z,Girona at Espanyol,GIR @ ESP,Espanyol,88,0,Girona,9812,2,STATUS_FULL_TIME,RCDE Stadium
748342,2026-01-17T13:00Z,Levante at Real Madrid,LEV @ RMA,Real Madrid,86,2,Levante,1538,0,STATUS_FULL_TIME,Santiago Bernabéu
748339,2026-01-17T15:15Z,Athletic Club at Mallorca,ATH @ MLL,Mallorca,84,3,Athletic Club,93,2,STATUS_FULL_TIME,Estadi Mallorca Son Moix
748340,2026-01-17T17:30Z,Real Oviedo at Osasuna,OVI @ OSA,Osasuna,97,3,Real Oviedo,92,2,STATUS_FULL_TIME,El Sadar
748341,2026-01-17T20:00Z,Villarreal at Real Betis,VIL @ BET,Real Betis,244,2,Villarreal,102,0,STATUS_FULL_TIME,Estadio La Cartuja
748338,2026-01-18T13:00Z,Valencia at Getafe,VAL @ GET,Getafe,2922,0,Valencia,94,1,STATUS_FULL_TIME,Estadio Coliseum
748334,2026-01-18T15:15Z,Alavés at Atlético Madrid,ALA @ ATM,Atlético Madrid,1068,1,Alavés,96,0,STATUS_FULL_TIME,Riyadh Air Metropolitano
748335,2026-01-18T17:30Z,Rayo Vallecano at Celta Vigo,RAY @ CEL,Celta Vigo,85,3,Rayo Vallecano,101,0,STATUS_FULL_TIME,Balaidos
748343,2026-01-18T20:00Z,Barcelona at Real Sociedad,BAR @ RSO,Real Sociedad,89,2,Barcelona,83,1,STATUS_FULL_TIME,Reale Arena
748336,2026-01-19T20:00Z,Sevilla at Elche,SEV @ ELC,Elche,3751,2,Sevilla,243,2,STATUS_FULL_TIME,Estadio Martínez Valero
748353,2026-01-23T20:00Z,Elche at Levante,ELC @ LEV,Levante,1538,3,Elche,3751,2,STATUS_FULL_TIME,Estadi Ciutat de València
748348,2026-01-24T13:00Z,Osasuna at Rayo Vallecano,OSA @ RAY,Rayo Vallecano,101,1,Osasuna,97,3,STATUS_FULL_TIME,Estadio de Vallecas
748352,2026-01-24T15:15Z,Espanyol at Valencia,ESP @ VAL,Valencia,94,3,Espanyol,88,2,STATUS_FULL_TIME,Mestalla Stadium
748351,2026-01-24T17:30Z,Athletic Club at Sevilla,ATH @ SEV,Sevilla,243,2,Athletic Club,93,1,STATUS_FULL_TIME,Ramón Sánchez Pizjuán Stadium
748349,2026-01-24T20:00Z,Real Madrid at Villarreal,RMA @ VIL,Villarreal,102,0,Real Madrid,86,2,STATUS_FULL_TIME,Estadio de la Cerámica
748345,2026-01-25T13:00Z,Mallorca at Atlético Madrid,MLL @ ATM,Atlético Madrid,1068,3,Mallorca,84,0,STATUS_FULL_TIME,Riyadh Air Metropolitano
748346,2026-01-25T15:15Z,Real Oviedo at Barcelona,OVI @ BAR,Barcelona,83,3,Real Oviedo,92,0,STATUS_FULL_TIME,Spotify Camp Nou
748350,2026-01-25T17:30Z,Celta Vigo at Real Sociedad,CEL @ RSO,Real Sociedad,89,3,Celta Vigo,85,1,STATUS_FULL_TIME,Reale Arena
748344,2026-01-25T20:00Z,Real Betis at Alavés,BET @ ALA,Alavés,96,2,Real Betis,244,1,STATUS_FULL_TIME,Mendizorrotza
748347,2026-01-26T20:00Z,Getafe at Girona,GET @ GIR,Girona,9812,1,Getafe,2922,1,STATUS_FULL_TIME,Estadi Montilivi
748355,2026-01-30T20:00Z,Alavés at Espanyol,ALA @ ESP,Espanyol,88,1,Alavés,96,2,STATUS_FULL_TIME,RCDE Stadium
748362,2026-01-31T13:00Z,Girona at Real Oviedo,GIR @ OVI,Real Oviedo,92,1,Girona,9812,0,STATUS_FULL_TIME,Estadio Carlos Tartiere
748359,2026-01-31T15:15Z,Villarreal at Osasuna,VIL @ OSA,Osasuna,97,2,Villarreal,102,2,STATUS_FULL_TIME,El Sadar
748357,2026-01-31T17:30Z,Atlético Madrid at Levante,ATM @ LEV,Levante,1538,0,Atlético Madrid,1068,0,STATUS_FULL_TIME,Estadi Ciutat de València
748354,2026-01-31T20:00Z,Barcelona at Elche,BAR @ ELC,Elche,3751,1,Barcelona,83,3,STATUS_FULL_TIME,Estadio Martínez Valero
748356,2026-02-01T13:00Z,Rayo Vallecano at Real Madrid,RAY @ RMA,Real Madrid,86,2,Rayo Vallecano,101,1,STATUS_FULL_TIME,Santiago Bernabéu
748360,2026-02-01T15:15Z,Valencia at Real Betis,VAL @ BET,Real Betis,244,2,Valencia,94,1,STATUS_FULL_TIME,Estadio La Cartuja
748361,2026-02-01T17:30Z,Celta Vigo at Getafe,CEL @ GET,Getafe,2922,0,Celta Vigo,85,0,STATUS_FULL_TIME,Estadio Coliseum
748358,2026-02-01T20:00Z,Real Sociedad at Athletic Club,RSO @ ATH,Athletic Club,93,1,Real Sociedad,89,1,STATUS_FULL_TIME,San Mamés
748363,2026-02-02T20:00Z,Sevilla at Mallorca,SEV @ MLL,Mallorca,84,4,Sevilla,243,1,STATUS_FULL_TIME,Estadi Mallorca Son Moix
748371,2026-02-06T20:00Z,Osasuna at Celta Vigo,OSA @ CEL,Celta Vigo,85,1,Osasuna,97,2,STATUS_FULL_TIME,Balaidos
748370,2026-02-07T15:15Z,Mallorca at Barcelona,MLL @ BAR,Barcelona,83,3,Mallorca,84,0,STATUS_FULL_TIME,Spotify Camp Nou
748366,2026-02-07T20:00Z,Elche at Real Sociedad,ELC @ RSO,Real Sociedad,89,3,Elche,3751,1,STATUS_FULL_TIME,Reale Arena
748367,2026-02-08T13:00Z,Getafe at Alavés,GET @ ALA,Alavés,96,0,Getafe,2922,2,STATUS_FULL_TIME,Mendizorrotza
748373,2026-02-08T15:15Z,Levante at Athletic Club,LEV @ ATH,Athletic Club,93,4,Levante,1538,2,STATUS_FULL_TIME,San Mamés
748365,2026-02-08T15:15Z,Girona at Sevilla,GIR @ SEV,Sevilla,243,1,Girona,9812,1,STATUS_FULL_TIME,Ramón Sánchez Pizjuán Stadium
748369,2026-02-08T17:30Z,Real Betis at Atlético Madrid,BET @ ATM,Atlético Madrid,1068,0,Real Betis,244,1,STATUS_FULL_TIME,Riyadh Air Metropolitano
748364,2026-02-08T20:00Z,Real Madrid at Valencia,RMA @ VAL,Valencia,94,0,Real Madrid,86,2,STATUS_FULL_TIME,Mestalla Stadium
748368,2026-02-09T20:00Z,Espanyol at Villarreal,ESP @ VIL,Villarreal,102,4,Espanyol,88,1,STATUS_FULL_TIME,Estadio de la Cerámica
748376,2026-02-13T20:00Z,Osasuna at Elche,OSA @ ELC,Elche,3751,0,Osasuna,97,0,STATUS_FULL_TIME,Estadio Martínez Valero
748377,2026-02-14T13:00Z,Celta Vigo at Espanyol,CEL @ ESP,Espanyol,88,2,Celta Vigo,85,2,STATUS_FULL_TIME,RCDE Stadium
748378,2026-02-14T15:15Z,Villarreal at Getafe,VIL @ GET,Getafe,2922,2,Villarreal,102,1,STATUS_FULL_TIME,Estadio Coliseum
748374,2026-02-14T17:30Z,Alavés at Sevilla,ALA @ SEV,Sevilla,243,1,Alavés,96,1,STATUS_FULL_TIME,Ramón Sánchez Pizjuán Stadium
748383,2026-02-14T20:00Z,Real Sociedad at Real Madrid,RSO @ RMA,Real Madrid,86,4,Real Sociedad,89,1,STATUS_FULL_TIME,Santiago Bernabéu
748375,2026-02-15T13:00Z,Athletic Club at Real Oviedo,ATH @ OVI,Real Oviedo,92,1,Athletic Club,93,2,STATUS_FULL_TIME,Estadio Carlos Tartiere
748382,2026-02-15T15:15Z,Atlético Madrid at Rayo Vallecano,ATM @ RAY,Rayo Vallecano,101,3,Atlético Madrid,1068,0,STATUS_FULL_TIME,Estadio Municipal de Butarque
748380,2026-02-15T17:30Z,Valencia at Levante,VAL @ LEV,Levante,1538,0,Valencia,94,2,STATUS_FULL_TIME,Estadi Ciutat de València
748379,2026-02-15T20:00Z,Real Betis at Mallorca,BET @ MLL,Mallorca,84,1,Real Betis,244,2,STATUS_FULL_TIME,Estadi Mallorca Son Moix
748381,2026-02-16T20:00Z,Barcelona at Girona,BAR @ GIR,Girona,9812,2,Barcelona,83,1,STATUS_FULL_TIME,Estadi Montilivi
748302,2026-02-18T19:00Z,Villarreal at Levante,VIL @ LEV,Levante,1538,0,Villarreal,102,1,STATUS_FULL_TIME,Estadi Ciutat de València
748388,2026-02-20T20:00Z,Elche at Athletic Club,ELC @ ATH,Athletic Club,93,2,Elche,3751,1,STATUS_FULL_TIME,San Mamés
748385,2026-02-21T13:00Z,Real Oviedo at Real Sociedad,OVI @ RSO,Real Sociedad,89,3,Real Oviedo,92,3,STATUS_FULL_TIME,Reale Arena
748386,2026-02-21T15:15Z,Rayo Vallecano at Real Betis,RAY @ BET,Real Betis,244,1,Rayo Vallecano,101,1,STATUS_FULL_TIME,Estadio La Cartuja
748387,2026-02-21T17:30Z,Real Madrid at Osasuna,RMA @ OSA,Osasuna,97,2,Real Madrid,86,1,STATUS_FULL_TIME,El Sadar
748390,2026-02-21T20:00Z,Espanyol at Atlético Madrid,ESP @ ATM,Atlético Madrid,1068,4,Espanyol,88,2,STATUS_FULL_TIME,Riyadh Air Metropolitano
748384,2026-02-22T13:00Z,Sevilla at Getafe,SEV @ GET,Getafe,2922,0,Sevilla,243,1,STATUS_FULL_TIME,Estadio Coliseum
748391,2026-02-22T15:15Z,Levante at Barcelona,LEV @ BAR,Barcelona,83,3,Levante,1538,0,STATUS_FULL_TIME,Spotify Camp Nou
748392,2026-02-22T17:30Z,Mallorca at Celta Vigo,MLL @ CEL,Celta Vigo,85,2,Mallorca,84,0,STATUS_FULL_TIME,Balaidos
748389,2026-02-22T20:00Z,Valencia at Villarreal,VAL @ VIL,Villarreal,102,2,Valencia,94,1,STATUS_FULL_TIME,Estadio de la Cerámica
748393,2026-02-23T20:00Z,Girona at Alavés,GIR @ ALA,Alavés,96,2,Girona,9812,2,STATUS_FULL_TIME,Mendizorrotza
748399,2026-02-27T20:00Z,Alavés at Levante,ALA @ LEV,Levante,1538,2,Alavés,96,0,STATUS_FULL_TIME,Estadi Ciutat de València
748397,2026-02-28T13:00Z,Athletic Club at Rayo Vallecano,ATH @ RAY,Rayo Vallecano,101,1,Athletic Club,93,1,STATUS_FULL_TIME,Estadio de Vallecas
748402,2026-02-28T15:15Z,Villarreal at Barcelona,VIL @ BAR,Barcelona,83,4,Villarreal,102,1,STATUS_FULL_TIME,Spotify Camp Nou
748403,2026-02-28T17:30Z,Real Sociedad at Mallorca,RSO @ MLL,Mallorca,84,0,Real Sociedad,89,1,STATUS_FULL_TIME,Estadi Mallorca Son Moix
748394,2026-02-28T20:00Z,Atlético Madrid at Real Oviedo,ATM @ OVI,Real Oviedo,92,0,Atlético Madrid,1068,1,STATUS_FULL_TIME,Estadio Carlos Tartiere
748401,2026-03-01T13:00Z,Espanyol at Elche,ESP @ ELC,Elche,3751,2,Espanyol,88,2,STATUS_FULL_TIME,Estadio Martínez Valero
748398,2026-03-01T15:15Z,Osasuna at Valencia,OSA @ VAL,Valencia,94,1,Osasuna,97,0,STATUS_FULL_TIME,Mestalla Stadium
748396,2026-03-01T17:30Z,Sevilla at Real Betis,SEV @ BET,Real Betis,244,2,Sevilla,243,2,STATUS_FULL_TIME,Estadio La Cartuja
748400,2026-03-01T20:00Z,Celta Vigo at Girona,CEL @ GIR,Girona,9812,1,Celta Vigo,85,2,STATUS_FULL_TIME,Estadi Montilivi
748395,2026-03-02T20:00Z,Getafe at Real Madrid,GET @ RMA,Real Madrid,86,0,Getafe,2922,1,STATUS_FULL_TIME,Santiago Bernabéu
748372,2026-03-04T18:00Z,Real Oviedo at Rayo Vallecano,OVI @ RAY,Rayo Vallecano,101,3,Real Oviedo,92,0,STATUS_FULL_TIME,Estadio de Vallecas
748411,2026-03-06T20:00Z,Real Madrid at Celta Vigo,RMA @ CEL,Celta Vigo,85,1,Real Madrid,86,2,STATUS_FULL_TIME,Balaidos
748406,2026-03-07T13:00Z,Mallorca at Osasuna,MLL @ OSA,Osasuna,97,2,Mallorca,84,2,STATUS_FULL_TIME,El Sadar
748407,2026-03-07T15:15Z,Girona at Levante,GIR @ LEV,Levante,1538,1,Girona,9812,1,STATUS_FULL_TIME,Estadi Ciutat de València
748410,2026-03-07T17:30Z,Real Sociedad at Atlético Madrid,RSO @ ATM,Atlético Madrid,1068,3,Real Sociedad,89,2,STATUS_FULL_TIME,Riyadh Air Metropolitano
748409,2026-03-07T20:00Z,Barcelona at Athletic Club,BAR @ ATH,Athletic Club,93,0,Barcelona,83,1,STATUS_FULL_TIME,San Mamés
748408,2026-03-08T13:00Z,Elche at Villarreal,ELC @ VIL,Villarreal,102,2,Elche,3751,1,STATUS_FULL_TIME,Estadio de la Cerámica
748413,2026-03-08T15:15Z,Real Betis at Getafe,BET @ GET,Getafe,2922,2,Real Betis,244,0,STATUS_FULL_TIME,Estadio Coliseum
748405,2026-03-08T17:30Z,Rayo Vallecano at Sevilla,RAY @ SEV,Sevilla,243,1,Rayo Vallecano,101,1,STATUS_FULL_TIME,Ramón Sánchez Pizjuán Stadium
748404,2026-03-08T20:00Z,Alavés at Valencia,ALA @ VAL,Valencia,94,3,Alavés,96,2,STATUS_FULL_TIME,Mestalla Stadium
748412,2026-03-09T20:00Z,Real Oviedo at Espanyol,OVI @ ESP,Espanyol,88,1,Real Oviedo,92,1,STATUS_FULL_TIME,RCDE Stadium
748422,2026-03-13T20:00Z,Villarreal at Alavés,VIL @ ALA,Alavés,96,1,Villarreal,102,1,STATUS_FULL_TIME,Mendizorrotza
748414,2026-03-14T13:00Z,Athletic Club at Girona,ATH @ GIR,Girona,9812,3,Athletic Club,93,0,STATUS_FULL_TIME,Estadi Montilivi
748423,2026-03-14T15:15Z,Getafe at Atlético Madrid,GET @ ATM,Atlético Madrid,1068,1,Getafe,2922,0,STATUS_FULL_TIME,Riyadh Air Metropolitano
748419,2026-03-14T17:30Z,Valencia at Real Oviedo,VAL @ OVI,Real Oviedo,92,1,Valencia,94,0,STATUS_FULL_TIME,Estadio Carlos Tartiere
748418,2026-03-14T20:00Z,Elche at Real Madrid,ELC @ RMA,Real Madrid,86,4,Elche,3751,1,STATUS_FULL_TIME,Santiago Bernabéu
748421,2026-03-15T13:00Z,Espanyol at Mallorca,ESP @ MLL,Mallorca,84,2,Espanyol,88,1,STATUS_FULL_TIME,Estadi Mallorca Son Moix
748415,2026-03-15T15:15Z,Sevilla at Barcelona,SEV @ BAR,Barcelona,83,5,Sevilla,243,2,STATUS_FULL_TIME,Spotify Camp Nou
748417,2026-03-15T17:30Z,Celta Vigo at Real Betis,CEL @ BET,Real Betis,244,1,Celta Vigo,85,1,STATUS_FULL_TIME,Estadio La Cartuja
748420,2026-03-15T20:00Z,Osasuna at Real Sociedad,OSA @ RSO,Real Sociedad,89,3,Osasuna,97,1,STATUS_FULL_TIME,Reale Arena
748416,2026-03-16T20:00Z,Levante at Rayo Vallecano,LEV @ RAY,Rayo Vallecano,101,1,Levante,1538,1,STATUS_FULL_TIME,Estadio de Vallecas
748429,2026-03-20T20:00Z,Real Sociedad at Villarreal,RSO @ VIL,Villarreal,102,3,Real Sociedad,89,1,STATUS_FULL_TIME,Estadio de la Cerámica
748430,2026-03-21T13:00Z,Mallorca at Elche,MLL @ ELC,Elche,3751,2,Mallorca,84,1,STATUS_FULL_TIME,Estadio Martínez Valero
748425,2026-03-21T15:15Z,Getafe at Espanyol,GET @ ESP,Espanyol,88,1,Getafe,2922,2,STATUS_FULL_TIME,RCDE Stadium
748426,2026-03-21T17:30Z,Real Oviedo at Levante,OVI @ LEV,Levante,1538,4,Real Oviedo,92,2,STATUS_FULL_TIME,Estadi Ciutat de València
748427,2026-03-21T17:30Z,Girona at Osasuna,GIR @ OSA,Osasuna,97,1,Girona,9812,0,STATUS_FULL_TIME,El Sadar
748428,2026-03-21T20:00Z,Valencia at Sevilla,VAL @ SEV,Sevilla,243,0,Valencia,94,2,STATUS_FULL_TIME,Ramón Sánchez Pizjuán Stadium
748432,2026-03-22T13:00Z,Rayo Vallecano at Barcelona,RAY @ BAR,Barcelona,83,1,Rayo Vallecano,101,0,STATUS_FULL_TIME,Spotify Camp Nou
748431,2026-03-22T15:15Z,Alavés at Celta Vigo,ALA @ CEL,Celta Vigo,85,3,Alavés,96,4,STATUS_FULL_TIME,Balaidos
748424,2026-03-22T17:30Z,Real Betis at Athletic Club,BET @ ATH,Athletic Club,93,2,Real Betis,244,1,STATUS_FULL_TIME,San Mamés
748433,2026-03-22T20:00Z,Atlético Madrid at Real Madrid,ATM @ RMA,Real Madrid,86,3,Atlético Madrid,1068,2,STATUS_FULL_TIME,Santiago Bernabéu
748443,2026-04-03T19:00Z,Elche at Rayo Vallecano,ELC @ RAY,Rayo Vallecano,101,1,Elche,3751,0,STATUS_FULL_TIME,Estadio de Vallecas
748442,2026-04-04T12:00Z,Levante at Real Sociedad,LEV @ RSO,Real Sociedad,89,2,Levante,1538,0,STATUS_FULL_TIME,Reale Arena
748437,2026-04-04T14:15Z,Real Madrid at Mallorca,RMA @ MLL,Mallorca,84,2,Real Madrid,86,1,STATUS_FULL_TIME,Estadi Mallorca Son Moix
748439,2026-04-04T16:30Z,Espanyol at Real Betis,ESP @ BET,Real Betis,244,0,Espanyol,88,0,STATUS_FULL_TIME,Estadio La Cartuja
748434,2026-04-04T19:00Z,Barcelona at Atlético Madrid,BAR @ ATM,Atlético Madrid,1068,1,Barcelona,83,2,STATUS_FULL_TIME,Riyadh Air Metropolitano
748435,2026-04-05T12:00Z,Athletic Club at Getafe,ATH @ GET,Getafe,2922,2,Athletic Club,93,0,STATUS_FULL_TIME,Estadio Coliseum
748440,2026-04-05T14:15Z,Celta Vigo at Valencia,CEL @ VAL,Valencia,94,2,Celta Vigo,85,3,STATUS_FULL_TIME,Mestalla Stadium
748441,2026-04-05T16:30Z,Sevilla at Real Oviedo,SEV @ OVI,Real Oviedo,92,1,Sevilla,243,0,STATUS_FULL_TIME,Estadio Carlos Tartiere
748438,2026-04-05T19:00Z,Osasuna at Alavés,OSA @ ALA,Alavés,96,2,Osasuna,97,2,STATUS_FULL_TIME,Mendizorrotza
748436,2026-04-06T19:00Z,Villarreal at Girona,VIL @ GIR,Girona,9812,1,Villarreal,102,0,STATUS_FULL_TIME,Estadi Montilivi
748453,2026-04-10T19:00Z,Girona at Real Madrid,GIR @ RMA,Real Madrid,86,1,Girona,9812,1,STATUS_FULL_TIME,Santiago Bernabéu
748452,2026-04-11T12:00Z,Alavés at Real Sociedad,ALA @ RSO,Real Sociedad,89,3,Alavés,96,3,STATUS_FULL_TIME,Reale Arena
748447,2026-04-11T14:15Z,Valencia at Elche,VAL @ ELC,Elche,3751,1,Valencia,94,0,STATUS_FULL_TIME,Estadio Martínez Valero
748449,2026-04-11T16:30Z,Espanyol at Barcelona,ESP @ BAR,Barcelona,83,4,Espanyol,88,1,STATUS_FULL_TIME,Spotify Camp Nou
748450,2026-04-11T19:00Z,Atlético Madrid at Sevilla,ATM @ SEV,Sevilla,243,2,Atlético Madrid,1068,1,STATUS_FULL_TIME,Ramón Sánchez Pizjuán Stadium
748444,2026-04-12T12:00Z,Real Betis at Osasuna,BET @ OSA,Osasuna,97,1,Real Betis,244,1,STATUS_FULL_TIME,El Sadar
748445,2026-04-12T14:15Z,Rayo Vallecano at Mallorca,RAY @ MLL,Mallorca,84,3,Rayo Vallecano,101,0,STATUS_FULL_TIME,Estadi Mallorca Son Moix
748448,2026-04-12T16:30Z,Real Oviedo at Celta Vigo,OVI @ CEL,Celta Vigo,85,0,Real Oviedo,92,3,STATUS_FULL_TIME,Balaidos
748451,2026-04-12T19:00Z,Villarreal at Athletic Club,VIL @ ATH,Athletic Club,93,1,Villarreal,102,2,STATUS_FULL_TIME,San Mamés
748446,2026-04-13T19:00Z,Getafe at Levante,GET @ LEV,Levante,1538,1,Getafe,2922,0,STATUS_FULL_TIME,Estadi Ciutat de València
748469,2026-04-21T17:00Z,Osasuna at Athletic Club,OSA @ ATH,Athletic Club,93,1,Osasuna,97,0,STATUS_FULL_TIME,San Mamés
748468,2026-04-21T17:00Z,Valencia at Mallorca,VAL @ MLL,Mallorca,84,1,Valencia,94,1,STATUS_FULL_TIME,Estadi Mallorca Son Moix
748467,2026-04-21T19:30Z,Real Betis at Girona,BET @ GIR,Girona,9812,2,Real Betis,244,3,STATUS_FULL_TIME,Estadi Montilivi
748471,2026-04-21T19:30Z,Alavés at Real Madrid,ALA @ RMA,Real Madrid,86,2,Alavés,96,1,STATUS_FULL_TIME,Santiago Bernabéu
748466,2026-04-22T17:00Z,Atlético Madrid at Elche,ATM @ ELC,Elche,3751,3,Atlético Madrid,1068,2,STATUS_FULL_TIME,Estadio Martínez Valero
748472,2026-04-22T18:00Z,Getafe at Real Sociedad,GET @ RSO,Real Sociedad,89,0,Getafe,2922,1,STATUS_FULL_TIME,Reale Arena
748465,2026-04-22T19:30Z,Celta Vigo at Barcelona,CEL @ BAR,Barcelona,83,1,Celta Vigo,85,0,STATUS_FULL_TIME,Spotify Camp Nou
748473,2026-04-23T17:00Z,Sevilla at Levante,SEV @ LEV,Levante,1538,2,Sevilla,243,0,STATUS_FULL_TIME,Estadi Ciutat de València
748470,2026-04-23T18:00Z,Espanyol at Rayo Vallecano,ESP @ RAY,Rayo Vallecano,101,1,Espanyol,88,0,STATUS_FULL_TIME,Estadio de Vallecas
748464,2026-04-23T19:30Z,Villarreal at Real Oviedo,VIL @ OVI,Real Oviedo,92,1,Villarreal,102,1,STATUS_FULL_TIME,Estadio Carlos Tartiere
748457,2026-04-24T19:00Z,Real Madrid at Real Betis,RMA @ BET,Real Betis,244,1,Real Madrid,86,1,STATUS_FULL_TIME,Estadio La Cartuja
748455,2026-04-25T12:00Z,Mallorca at Alavés,MLL @ ALA,Alavés,96,2,Mallorca,84,1,STATUS_FULL_TIME,Mendizorrotza
748460,2026-04-25T14:15Z,Barcelona at Getafe,BAR @ GET,Getafe,2922,0,Barcelona,83,2,STATUS_FULL_TIME,Estadio Coliseum
748454,2026-04-25T16:30Z,Girona at Valencia,GIR @ VAL,Valencia,94,2,Girona,9812,1,STATUS_FULL_TIME,Mestalla Stadium
748462,2026-04-25T19:00Z,Athletic Club at Atlético Madrid,ATH @ ATM,Atlético Madrid,1068,3,Athletic Club,93,2,STATUS_FULL_TIME,Riyadh Air Metropolitano
748458,2026-04-26T12:00Z,Real Sociedad at Rayo Vallecano,RSO @ RAY,Rayo Vallecano,101,3,Real Sociedad,89,3,STATUS_FULL_TIME,Estadio de Vallecas
748456,2026-04-26T14:15Z,Elche at Real Oviedo,ELC @ OVI,Real Oviedo,92,1,Elche,3751,2,STATUS_FULL_TIME,Estadio Carlos Tartiere
748459,2026-04-26T16:30Z,Sevilla at Osasuna,SEV @ OSA,Osasuna,97,2,Sevilla,243,1,STATUS_FULL_TIME,El Sadar
748463,2026-04-26T19:00Z,Celta Vigo at Villarreal,CEL @ VIL,Villarreal,102,2,Celta Vigo,85,1,STATUS_FULL_TIME,Estadio de la Cerámica
748461,2026-04-27T19:00Z,Levante at Espanyol,LEV @ ESP,Espanyol,88,0,Levante,1538,0,STATUS_FULL_TIME,RCDE Stadium
748476,2026-05-01T19:00Z,Mallorca at Girona,MLL @ GIR,Girona,9812,0,Mallorca,84,1,STATUS_FULL_TIME,Estadi Montilivi
748477,2026-05-02T12:00Z,Levante at Villarreal,LEV @ VIL,Villarreal,102,5,Levante,1538,1,STATUS_FULL_TIME,Estadio de la Cerámica
748481,2026-05-02T14:15Z,Atlético Madrid at Valencia,ATM @ VAL,Valencia,94,0,Atlético Madrid,1068,2,STATUS_FULL_TIME,Mestalla Stadium
748482,2026-05-02T16:30Z,Athletic Club at Alavés,ATH @ ALA,Alavés,96,2,Athletic Club,93,4,STATUS_FULL_TIME,Mendizorrotza
748480,2026-05-02T19:00Z,Barcelona at Osasuna,BAR @ OSA,Osasuna,97,1,Barcelona,83,2,STATUS_FULL_TIME,El Sadar
748483,2026-05-03T12:00Z,Elche at Celta Vigo,ELC @ CEL,Celta Vigo,85,3,Elche,3751,1,STATUS_FULL_TIME,Balaidos
748474,2026-05-03T14:15Z,Rayo Vallecano at Getafe,RAY @ GET,Getafe,2922,0,Rayo Vallecano,101,2,STATUS_FULL_TIME,Estadio Coliseum
748479,2026-05-03T16:30Z,Real Oviedo at Real Betis,OVI @ BET,Real Betis,244,3,Real Oviedo,92,0,STATUS_FULL_TIME,Estadio La Cartuja
748475,2026-05-03T19:00Z,Real Madrid at Espanyol,RMA @ ESP,Espanyol,88,0,Real Madrid,86,2,STATUS_FULL_TIME,RCDE Stadium
748478,2026-05-04T19:00Z,Real Sociedad at Sevilla,RSO @ SEV,Sevilla,243,1,Real Sociedad,89,0,STATUS_FULL_TIME,Ramón Sánchez Pizjuán Stadium
748491,2026-05-08T19:00Z,Osasuna at Levante,OSA @ LEV,Levante,1538,3,Osasuna,97,2,STATUS_FULL_TIME,Estadi Ciutat de València
748492,2026-05-09T12:00Z,Alavés at Elche,ALA @ ELC,Elche,3751,1,Alavés,96,1,STATUS_FULL_TIME,Estadio Martínez Valero
748486,2026-05-09T14:15Z,Espanyol at Sevilla,ESP @ SEV,Sevilla,243,2,Espanyol,88,1,STATUS_FULL_TIME,Ramón Sánchez Pizjuán Stadium
748487,2026-05-09T16:30Z,Celta Vigo at Atlético Madrid,CEL @ ATM,Atlético Madrid,1068,0,Celta Vigo,85,1,STATUS_FULL_TIME,Riyadh Air Metropolitano
748485,2026-05-09T19:00Z,Real Betis at Real Sociedad,BET @ RSO,Real Sociedad,89,2,Real Betis,244,2,STATUS_FULL_TIME,Reale Arena
748490,2026-05-10T12:00Z,Villarreal at Mallorca,VIL @ MLL,Mallorca,84,1,Villarreal,102,1,STATUS_FULL_TIME,Estadi Mallorca Son Moix
748488,2026-05-10T14:15Z,Valencia at Athletic Club,VAL @ ATH,Athletic Club,93,0,Valencia,94,1,STATUS_FULL_TIME,San Mamés
748493,2026-05-10T16:30Z,Getafe at Real Oviedo,GET @ OVI,Real Oviedo,92,0,Getafe,2922,0,STATUS_FULL_TIME,Estadio Carlos Tartiere
748484,2026-05-10T19:00Z,Real Madrid at Barcelona,RMA @ BAR,Barcelona,83,2,Real Madrid,86,0,STATUS_FULL_TIME,Spotify Camp Nou
748489,2026-05-11T19:00Z,Girona at Rayo Vallecano,GIR @ RAY,Rayo Vallecano,101,1,Girona,9812,1,STATUS_FULL_TIME,Estadio de Vallecas
748500,2026-05-12T17:00Z,Levante at Celta Vigo,LEV @ CEL,Celta Vigo,85,2,Levante,1538,3,STATUS_FULL_TIME,Balaidos
748499,2026-05-12T18:00Z,Elche at Real Betis,ELC @ BET,Real Betis,244,2,Elche,3751,1,STATUS_FULL_TIME,Estadio La Cartuja
748494,2026-05-12T19:30Z,Atlético Madrid at Osasuna,ATM @ OSA,Osasuna,97,1,Atlético Madrid,1068,2,STATUS_FULL_TIME,El Sadar
748497,2026-05-13T17:00Z,Athletic Club at Espanyol,ATH @ ESP,Espanyol,88,2,Athletic Club,93,0,STATUS_FULL_TIME,RCDE Stadium
748501,2026-05-13T17:00Z,Sevilla at Villarreal,SEV @ VIL,Villarreal,102,2,Sevilla,243,3,STATUS_FULL_TIME,Estadio de la Cerámica
748498,2026-05-13T19:30Z,Barcelona at Alavés,BAR @ ALA,Alavés,96,1,Barcelona,83,0,STATUS_FULL_TIME,Mendizorrotza
748496,2026-05-13T19:30Z,Mallorca at Getafe,MLL @ GET,Getafe,2922,3,Mallorca,84,1,STATUS_FULL_TIME,Estadio Coliseum
748502,2026-05-14T17:00Z,Rayo Vallecano at Valencia,RAY @ VAL,Valencia,94,1,Rayo Vallecano,101,1,STATUS_FULL_TIME,Mestalla Stadium
748495,2026-05-14T18:00Z,Real Sociedad at Girona,RSO @ GIR,Girona,9812,1,Real Sociedad,89,1,STATUS_FULL_TIME,Estadi Montilivi
748503,2026-05-14T19:30Z,Real Oviedo at Real Madrid,OVI @ RMA,Real Madrid,86,2,Real Oviedo,92,0,STATUS_FULL_TIME,Santiago Bernabéu
748506,2026-05-17T17:00Z,Celta Vigo at Athletic Club,CEL @ ATH,Athletic Club,93,1,Celta Vigo,85,1,STATUS_FULL_TIME,San Mamés
748509,2026-05-17T17:00Z,Girona at Atlético Madrid,GIR @ ATM,Atlético Madrid,1068,1,Girona,9812,0,STATUS_FULL_TIME,Riyadh Air Metropolitano
748507,2026-05-17T17:00Z,Getafe at Elche,GET @ ELC,Elche,3751,1,Getafe,2922,0,STATUS_FULL_TIME,Estadio Martínez Valero
748510,2026-05-17T17:00Z,Mallorca at Levante,MLL @ LEV,Levante,1538,2,Mallorca,84,0,STATUS_FULL_TIME,Estadi Ciutat de València
748511,2026-05-17T17:00Z,Espanyol at Osasuna,ESP @ OSA,Osasuna,97,1,Espanyol,88,2,STATUS_FULL_TIME,El Sadar
748512,2026-05-17T17:00Z,Villarreal at Rayo Vallecano,VIL @ RAY,Rayo Vallecano,101,2,Villarreal,102,0,STATUS_FULL_TIME,Estadio de Vallecas
748513,2026-05-17T17:00Z,Alavés at Real Oviedo,ALA @ OVI,Real Oviedo,92,0,Alavés,96,1,STATUS_FULL_TIME,Estadio Carlos Tartiere
748505,2026-05-17T17:00Z,Valencia at Real Sociedad,VAL @ RSO,Real Sociedad,89,3,Valencia,94,4,STATUS_FULL_TIME,Reale Arena
748504,2026-05-17T17:00Z,Real Madrid at Sevilla,RMA @ SEV,Sevilla,243,0,Real Madrid,86,1,STATUS_FULL_TIME,Ramón Sánchez Pizjuán Stadium
748508,2026-05-17T19:15Z,Real Betis at Barcelona,BET @ BAR,Barcelona,83,3,Real Betis,244,1,STATUS_FULL_TIME,Spotify Camp Nou
748523,2026-05-23T19:00Z,Rayo Vallecano at Alavés,RAY @ ALA,Alavés,96,1,Rayo Vallecano,101,2,STATUS_FULL_TIME,Mendizorrotza
748517,2026-05-23T19:00Z,Sevilla at Celta Vigo,SEV @ CEL,Celta Vigo,85,1,Sevilla,243,0,STATUS_FULL_TIME,Balaidos
748516,2026-05-23T19:00Z,Real Sociedad at Espanyol,RSO @ ESP,Espanyol,88,1,Real Sociedad,89,1,STATUS_FULL_TIME,RCDE Stadium
748518,2026-05-23T19:00Z,Osasuna at Getafe,OSA @ GET,Getafe,2922,1,Osasuna,97,0,STATUS_FULL_TIME,Estadio Coliseum
748520,2026-05-23T19:00Z,Elche at Girona,ELC @ GIR,Girona,9812,1,Elche,3751,1,STATUS_FULL_TIME,Estadi Montilivi
748521,2026-05-23T19:00Z,Real Oviedo at Mallorca,OVI @ MLL,Mallorca,84,3,Real Oviedo,92,0,STATUS_FULL_TIME,Estadi Mallorca Son Moix
748522,2026-05-23T19:00Z,Levante at Real Betis,LEV @ BET,Real Betis,244,2,Levante,1538,1,STATUS_FULL_TIME,Estadio La Cartuja
748514,2026-05-23T19:00Z,Athletic Club at Real Madrid,ATH @ RMA,Real Madrid,86,4,Athletic Club,93,2,STATUS_FULL_TIME,Santiago Bernabéu
748519,2026-05-23T19:00Z,Barcelona at Valencia,BAR @ VAL,Valencia,94,3,Barcelona,83,1,STATUS_FULL_TIME,Mestalla Stadium
748515,2026-05-24T19:00Z,Atlético Madrid at Villarreal,ATM @ VIL,Villarreal,102,5,Atlético Madrid,1068,1,STATUS_FULL_TIME,Estadio de la Cerámica
401882926,2026-08-15T17:30Z,Getafe at Alavés,GET @ ALA,Alavés,96,3,Getafe,2922,0,STATUS_FULL_TIME,Mendizorrotza
401882918,2026-08-15T19:30Z,Rayo Vallecano at Sevilla,RAY @ SEV,Sevilla,243,2,Rayo Vallecano,101,1,STATUS_FULL_TIME,Ramón Sánchez Pizjuán Stadium
401882920,2026-08-16T15:00Z,Villarreal at Racing Santander,VIL @ RAC,Racing Santander,87,2,Villarreal,102,2,STATUS_FULL_TIME,El Sardineros
401882922,2026-08-16T17:00Z,Levante at Espanyol,LEV @ ESP,Espanyol,88,3,Levante,1538,0,STATUS_FULL_TIME,RCDE Stadium
401882923,2026-08-17T19:00Z,Elche at Deportivo,ELC @ DEP,Deportivo,90,1,Elche,3751,1,STATUS_FULL_TIME,Riazor
401882925,2026-08-19T19:00Z,Málaga at Atlético Madrid,MCF @ ATM,Atlético Madrid,1068,2,Málaga,99,0,STATUS_FULL_TIME,Riyadh Air Metropolitano
401882908,2026-08-20T19:00Z,Alavés at Rayo Vallecano,ALA @ RAY,Rayo Vallecano,101,1,Alavés,96,1,STATUS_FULL_TIME,Estadio Municipal de Butarque
401882914,2026-08-21T19:00Z,Real Sociedad at Real Betis,RSO @ BET,Real Betis,244,1,Real Sociedad,89,0,STATUS_FULL_TIME,Estadio La Cartuja
401882916,2026-08-22T15:00Z,Sevilla at Athletic Club,SEV @ ATH,Athletic Club,93,1,Sevilla,243,3,STATUS_FULL_TIME,San Mamés
401882907,2026-08-22T17:30Z,Celta Vigo at Valencia,CEL @ VAL,Valencia,94,0,Celta Vigo,85,0,STATUS_FULL_TIME,Mestalla Stadium
401882912,2026-08-22T19:30Z,Real Madrid at Espanyol,RMA @ ESP,Espanyol,88,1,Real Madrid,86,2,STATUS_FULL_TIME,RCDE Stadium
401882915,2026-08-23T15:00Z,Villarreal at Atlético Madrid,VIL @ ATM,Atlético Madrid,1068,2,Villarreal,102,2,STATUS_FULL_TIME,Riyadh Air Metropolitano
401882911,2026-08-23T17:30Z,Racing Santander at Getafe,RAC @ GET,Getafe,2922,1,Racing Santander,87,0,STATUS_FULL_TIME,Estadio Coliseum
401882913,2026-08-23T19:30Z,Barcelona at Elche,BAR @ ELC,Elche,3751,0,Barcelona,83,5,STATUS_FULL_TIME,Estadio Martínez Valero
401882909,2026-08-24T17:30Z,,,Osasuna,97,0,Levante,1538,0,STATUS_FULL_TIME,El Sadar
401882910,2026-08-24T19:30Z,,,Málaga,99,1,Deportivo,90,1,STATUS_FULL_TIME,La Rosaleda
401882917,2026-08-25T19:00Z,,,Valencia,94,0,Real Betis,244,1,STATUS_FULL_TIME,Mestalla Stadium
401882919,2026-08-26T19:00Z,,,Real Madrid,86,4,Real Sociedad,89,1,STATUS_FULL_TIME,Santiago Bernabéu
