game_id,date,name,short_name,home_name,home_id,home_score,away_name,away_id,away_score,status,venue_full_name,season,is_postseason,month,day,year
449290,2016-09-09 18:45:00+00:00,Saint-Étienne at Paris Saint-Germain,ASSE @ PSG,Paris Saint-Germain,160,1,Saint-Étienne,178,1,STATUS_FULL_TIME,Parc des Princes,2016-2017,0,9,9,2016
449283,2016-09-10 15:00:00+00:00,Bordeaux at Lyon,BOR @ LYON,Lyon,167,1,Bordeaux,159,3,STATUS_FULL_TIME,Groupama Stadium,2016-2017,0,9,10,2016
449285,2016-09-10 18:00:00+00:00,Dijon FCO at Angers,DIJO @ ANG,Angers,7868,3,Dijon FCO,3170,1,STATUS_FULL_TIME,Stade Raymond Kopa,2016-2017,0,9,10,2016
449291,2016-09-10 18:00:00+00:00,Toulouse at Bastia,TOU @ BAS,Bastia,173,2,Toulouse,179,1,STATUS_FULL_TIME,Stade Armand-Cesari,2016-2017,0,9,10,2016
449289,2016-09-10 18:00:00+00:00,Montpellier at Guingamp,MON @ EAG,Guingamp,171,1,Montpellier,274,1,STATUS_FULL_TIME,Stade Municipal de Roudourou,2016-2017,0,9,10,2016
449288,2016-09-10 18:00:00+00:00,AS Monaco at Lille,MON @ LILL,Lille,166,1,AS Monaco,174,4,STATUS_FULL_TIME,Decathlon Arena - Stade Pierre-Mauroy,2016-2017,0,9,10,2016
449282,2016-09-10 18:00:00+00:00,AS Nancy Lorraine at Lorient,ASNL @ LOR,Lorient,273,0,AS Nancy Lorraine,3267,2,STATUS_FULL_TIME,Stade du Moustoir - Yves Allainmat,2016-2017,0,9,10,2016
449287,2016-09-11 13:00:00+00:00,Metz at Nantes,METZ @ NAN,Nantes,165,0,Metz,177,3,STATUS_FULL_TIME,La Beaujoire-Louis-Fonteneau,2016-2017,0,9,11,2016
449284,2016-09-11 15:00:00+00:00,Caen at Stade Rennais,CAN @ REN,Stade Rennais,169,2,Caen,2927,0,STATUS_FULL_TIME,Roazhon Park,2016-2017,0,9,11,2016
449286,2016-09-11 18:45:00+00:00,Marseille at Nice,OLM @ NICE,Nice,2502,3,Marseille,176,2,STATUS_FULL_TIME,Allianz Riviera,2016-2017,0,9,11,2016
449280,2016-09-16 18:45:00+00:00,Paris Saint-Germain at Caen,PSG @ CAN,Caen,2927,0,Paris Saint-Germain,160,6,STATUS_FULL_TIME,Stade Michel-d'Ornano,2016-2017,0,9,16,2016
449281,2016-09-17 15:00:00+00:00,Stade Rennais at AS Monaco,REN @ MON,AS Monaco,174,3,Stade Rennais,169,0,STATUS_FULL_TIME,Stade Louis II,2016-2017,0,9,17,2016
449277,2016-09-17 18:00:00+00:00,Metz at Dijon FCO,METZ @ DIJO,Dijon FCO,3170,0,Metz,177,0,STATUS_FULL_TIME,Stade Gaston-Gérard,2016-2017,0,9,17,2016
449272,2016-09-17 18:00:00+00:00,Angers at Bordeaux,ANG @ BOR,Bordeaux,159,0,Angers,7868,1,STATUS_FULL_TIME,Stade Atlantique,2016-2017,0,9,17,2016
449274,2016-09-17 18:00:00+00:00,Guingamp at Toulouse,EAG @ TOU,Toulouse,179,2,Guingamp,171,1,STATUS_FULL_TIME,Stadium de Toulouse,2016-2017,0,9,17,2016
449275,2016-09-17 18:00:00+00:00,Lille at Lorient,LILL @ LOR,Lorient,273,1,Lille,166,0,STATUS_FULL_TIME,Stade du Moustoir - Yves Allainmat,2016-2017,0,9,17,2016
449278,2016-09-17 18:00:00+00:00,Nantes at AS Nancy Lorraine,NAN @ ASNL,AS Nancy Lorraine,3267,1,Nantes,165,1,STATUS_FULL_TIME,Stade Marcel-Picot,2016-2017,0,9,17,2016
449279,2016-09-18 13:00:00+00:00,Nice at Montpellier,NICE @ MON,Montpellier,274,1,Nice,2502,1,STATUS_FULL_TIME,Stade de la Mosson,2016-2017,0,9,18,2016
449273,2016-09-18 15:00:00+00:00,Bastia at Saint-Étienne,BAS @ ASSE,Saint-Étienne,178,1,Bastia,173,0,STATUS_FULL_TIME,Stade Geoffroy-Guichard,2016-2017,0,9,18,2016
449276,2016-09-18 18:45:00+00:00,Lyon at Marseille,LYON @ OLM,Marseille,176,0,Lyon,167,0,STATUS_FULL_TIME,Orange Vélodrome,2016-2017,0,9,18,2016
449271,2016-09-20 17:00:00+00:00,Toulouse at Lille,TOU @ LILL,Lille,166,1,Toulouse,179,2,STATUS_FULL_TIME,Decathlon Arena - Stade Pierre-Mauroy,2016-2017,0,9,20,2016
449265,2016-09-20 19:00:00+00:00,Dijon FCO at Paris Saint-Germain,DIJO @ PSG,Paris Saint-Germain,160,3,Dijon FCO,3170,0,STATUS_FULL_TIME,Parc des Princes,2016-2017,0,9,20,2016
449262,2016-09-21 17:00:00+00:00,AS Nancy Lorraine at Bastia,ASNL @ BAS,Bastia,173,0,AS Nancy Lorraine,3267,0,STATUS_FULL_TIME,Stade Armand-Cesari,2016-2017,0,9,21,2016
449264,2016-09-21 17:00:00+00:00,Caen at Angers,CAN @ ANG,Angers,7868,2,Caen,2927,1,STATUS_FULL_TIME,Stade Raymond Kopa,2016-2017,0,9,21,2016
449270,2016-09-21 17:00:00+00:00,Saint-Étienne at Nantes,ASSE @ NAN,Nantes,165,0,Saint-Étienne,178,0,STATUS_FULL_TIME,La Beaujoire-Louis-Fonteneau,2016-2017,0,9,21,2016
449266,2016-09-21 17:00:00+00:00,Lorient at Guingamp,LOR @ EAG,Guingamp,171,1,Lorient,273,0,STATUS_FULL_TIME,Stade Municipal de Roudourou,2016-2017,0,9,21,2016
449268,2016-09-21 17:00:00+00:00,AS Monaco at Nice,MON @ NICE,Nice,2502,4,AS Monaco,174,0,STATUS_FULL_TIME,Allianz Riviera,2016-2017,0,9,21,2016
449269,2016-09-21 17:00:00+00:00,Montpellier at Lyon,MON @ LYON,Lyon,167,5,Montpellier,274,1,STATUS_FULL_TIME,Groupama Stadium,2016-2017,0,9,21,2016
449263,2016-09-21 17:00:00+00:00,Bordeaux at Metz,BOR @ METZ,Metz,177,0,Bordeaux,159,3,STATUS_FULL_TIME,Stade Saint-Symphorien,2016-2017,0,9,21,2016
449267,2016-09-21 19:00:00+00:00,Marseille at Stade Rennais,OLM @ REN,Stade Rennais,169,3,Marseille,176,2,STATUS_FULL_TIME,Roazhon Park,2016-2017,0,9,21,2016
449260,2016-09-23 18:45:00+00:00,Paris Saint-Germain at Toulouse,PSG @ TOU,Toulouse,179,2,Paris Saint-Germain,160,0,STATUS_FULL_TIME,Stadium de Toulouse,2016-2017,0,9,23,2016
449256,2016-09-24 15:00:00+00:00,Lyon at Lorient,LYON @ LOR,Lorient,273,1,Lyon,167,0,STATUS_FULL_TIME,Stade du Moustoir - Yves Allainmat,2016-2017,0,9,24,2016
449252,2016-09-24 18:00:00+00:00,Angers at AS Monaco,ANG @ MON,AS Monaco,174,2,Angers,7868,1,STATUS_FULL_TIME,Stade Louis II,2016-2017,0,9,24,2016
449254,2016-09-24 18:00:00+00:00,Guingamp at Bastia,EAG @ BAS,Bastia,173,1,Guingamp,171,0,STATUS_FULL_TIME,Stade Armand-Cesari,2016-2017,0,9,24,2016
449253,2016-09-24 18:00:00+00:00,Caen at Bordeaux,CAN @ BOR,Bordeaux,159,0,Caen,2927,0,STATUS_FULL_TIME,Stade Atlantique,2016-2017,0,9,24,2016
449261,2016-09-24 18:00:00+00:00,Stade Rennais at Dijon FCO,REN @ DIJO,Dijon FCO,3170,3,Stade Rennais,169,0,STATUS_FULL_TIME,Stade Gaston-Gérard,2016-2017,0,9,24,2016
449257,2016-09-24 18:00:00+00:00,Metz at Montpellier,METZ @ MON,Montpellier,274,0,Metz,177,1,STATUS_FULL_TIME,Stade de la Mosson,2016-2017,0,9,24,2016
449255,2016-09-25 13:00:00+00:00,Lille at Saint-Étienne,LILL @ ASSE,Saint-Étienne,178,3,Lille,166,1,STATUS_FULL_TIME,Stade Geoffroy-Guichard,2016-2017,0,9,25,2016
449259,2016-09-25 15:00:00+00:00,Nice at AS Nancy Lorraine,NICE @ ASNL,AS Nancy Lorraine,3267,0,Nice,2502,1,STATUS_FULL_TIME,Stade Marcel-Picot,2016-2017,0,9,25,2016
449258,2016-09-25 18:45:00+00:00,Nantes at Marseille,NAN @ OLM,Marseille,176,2,Nantes,165,1,STATUS_FULL_TIME,Orange Vélodrome,2016-2017,0,9,25,2016
449245,2016-09-30 18:45:00+00:00,Guingamp at Stade Rennais,EAG @ REN,Stade Rennais,169,1,Guingamp,171,0,STATUS_FULL_TIME,Roazhon Park,2016-2017,0,9,30,2016
449244,2016-10-01 15:00:00+00:00,Bordeaux at Paris Saint-Germain,BOR @ PSG,Paris Saint-Germain,160,2,Bordeaux,159,0,STATUS_FULL_TIME,Parc des Princes,2016-2017,0,10,1,2016
449251,2016-10-01 18:00:00+00:00,Toulouse at Caen,TOU @ CAN,Caen,2927,1,Toulouse,179,0,STATUS_FULL_TIME,Stade Michel-d'Ornano,2016-2017,0,10,1,2016
449249,2016-10-01 18:00:00+00:00,Montpellier at Dijon FCO,MON @ DIJO,Dijon FCO,3170,3,Montpellier,274,3,STATUS_FULL_TIME,Stade Gaston-Gérard,2016-2017,0,10,1,2016
449242,2016-10-01 18:00:00+00:00,AS Nancy Lorraine at Lille,ASNL @ LILL,Lille,166,1,AS Nancy Lorraine,3267,0,STATUS_FULL_TIME,Decathlon Arena - Stade Pierre-Mauroy,2016-2017,0,10,1,2016
449248,2016-10-01 18:00:00+00:00,AS Monaco at Metz,MON @ METZ,Metz,177,0,AS Monaco,174,7,STATUS_FULL_TIME,Stade Saint-Symphorien,2016-2017,0,10,1,2016
449243,2016-10-01 18:00:00+00:00,Bastia at Nantes,BAS @ NAN,Nantes,165,1,Bastia,173,0,STATUS_FULL_TIME,La Beaujoire-Louis-Fonteneau,2016-2017,0,10,1,2016
449247,2016-10-02 13:00:00+00:00,Marseille at Angers,OLM @ ANG,Angers,7868,1,Marseille,176,1,STATUS_FULL_TIME,Stade Raymond Kopa,2016-2017,0,10,2,2016
449246,2016-10-02 15:00:00+00:00,Lorient at Nice,LOR @ NICE,Nice,2502,2,Lorient,273,1,STATUS_FULL_TIME,Allianz Riviera,2016-2017,0,10,2,2016
449250,2016-10-02 18:45:00+00:00,Saint-Étienne at Lyon,ASSE @ LYON,Lyon,167,2,Saint-Étienne,178,0,STATUS_FULL_TIME,Groupama Stadium,2016-2017,0,10,2,2016
449239,2016-10-14 17:00:00+00:00,AS Monaco at Toulouse,MON @ TOU,Toulouse,179,3,AS Monaco,174,1,STATUS_FULL_TIME,Stadium de Toulouse,2016-2017,0,10,14,2016
449237,2016-10-14 18:45:00+00:00,Lyon at Nice,LYON @ NICE,Nice,2502,2,Lyon,167,0,STATUS_FULL_TIME,Allianz Riviera,2016-2017,0,10,14,2016
449241,2016-10-15 15:00:00+00:00,Paris Saint-Germain at AS Nancy Lorraine,PSG @ ASNL,AS Nancy Lorraine,3267,1,Paris Saint-Germain,160,2,STATUS_FULL_TIME,Stade Marcel-Picot,2016-2017,0,10,15,2016
449232,2016-10-15 18:00:00+00:00,Angers at Bastia,ANG @ BAS,Bastia,173,1,Angers,7868,2,STATUS_FULL_TIME,Stade Armand-Cesari,2016-2017,0,10,15,2016
449236,2016-10-15 18:00:00+00:00,Lille at Guingamp,LILL @ EAG,Guingamp,171,1,Lille,166,0,STATUS_FULL_TIME,Stade Municipal de Roudourou,2016-2017,0,10,15,2016
449240,2016-10-15 18:00:00+00:00,Nantes at Lorient,NAN @ LOR,Lorient,273,1,Nantes,165,2,STATUS_FULL_TIME,Stade du Moustoir - Yves Allainmat,2016-2017,0,10,15,2016
449234,2016-10-15 18:00:00+00:00,Caen at Montpellier,CAN @ MON,Montpellier,274,3,Caen,2927,2,STATUS_FULL_TIME,Stade de la Mosson,2016-2017,0,10,15,2016
449233,2016-10-16 13:00:00+00:00,Bordeaux at Stade Rennais,BOR @ REN,Stade Rennais,169,1,Bordeaux,159,1,STATUS_FULL_TIME,Roazhon Park,2016-2017,0,10,16,2016
449235,2016-10-16 15:00:00+00:00,Dijon FCO at Saint-Étienne,DIJO @ ASSE,Saint-Étienne,178,1,Dijon FCO,3170,1,STATUS_FULL_TIME,Stade Geoffroy-Guichard,2016-2017,0,10,16,2016
449238,2016-10-16 18:45:00+00:00,Metz at Marseille,METZ @ OLM,Marseille,176,1,Metz,177,0,STATUS_FULL_TIME,Orange Vélodrome,2016-2017,0,10,16,2016
449227,2016-10-21 18:45:00+00:00,Montpellier at AS Monaco,MON @ MON,AS Monaco,174,6,Montpellier,274,2,STATUS_FULL_TIME,Stade Louis II,2016-2017,0,10,21,2016
449224,2016-10-22 15:00:00+00:00,Guingamp at Lyon,EAG @ LYON,Lyon,167,1,Guingamp,171,3,STATUS_FULL_TIME,Groupama Stadium,2016-2017,0,10,22,2016
449231,2016-10-22 18:00:00+00:00,Toulouse at Angers,TOU @ ANG,Angers,7868,0,Toulouse,179,0,STATUS_FULL_TIME,Stade Raymond Kopa,2016-2017,0,10,22,2016
449222,2016-10-22 18:00:00+00:00,AS Nancy Lorraine at Bordeaux,ASNL @ BOR,Bordeaux,159,1,AS Nancy Lorraine,3267,1,STATUS_FULL_TIME,Stade Atlantique,2016-2017,0,10,22,2016
449225,2016-10-22 18:00:00+00:00,Lorient at Dijon FCO,LOR @ DIJO,Dijon FCO,3170,1,Lorient,273,0,STATUS_FULL_TIME,Stade Gaston-Gérard,2016-2017,0,10,22,2016
449223,2016-10-22 18:00:00+00:00,Bastia at Lille,BAS @ LILL,Lille,166,2,Bastia,173,1,STATUS_FULL_TIME,Decathlon Arena - Stade Pierre-Mauroy,2016-2017,0,10,22,2016
449229,2016-10-22 18:00:00+00:00,Stade Rennais at Nantes,REN @ NAN,Nantes,165,1,Stade Rennais,169,2,STATUS_FULL_TIME,La Beaujoire-Louis-Fonteneau,2016-2017,0,10,22,2016
449230,2016-10-23 13:00:00+00:00,Saint-Étienne at Caen,ASSE @ CAN,Caen,2927,0,Saint-Étienne,178,2,STATUS_FULL_TIME,Stade Michel-d'Ornano,2016-2017,0,10,23,2016
449228,2016-10-23 15:00:00+00:00,Nice at Metz,NICE @ METZ,Metz,177,2,Nice,2502,4,STATUS_FULL_TIME,Stade Saint-Symphorien,2016-2017,0,10,23,2016
449226,2016-10-23 18:45:00+00:00,Marseille at Paris Saint-Germain,OLM @ PSG,Paris Saint-Germain,160,0,Marseille,176,0,STATUS_FULL_TIME,Parc des Princes,2016-2017,0,10,23,2016
449221,2016-10-28 18:45:00+00:00,Paris Saint-Germain at Lille,PSG @ LILL,Lille,166,0,Paris Saint-Germain,160,1,STATUS_FULL_TIME,Decathlon Arena - Stade Pierre-Mauroy,2016-2017,0,10,28,2016
449216,2016-10-29 15:00:00+00:00,Lyon at Toulouse,LYON @ TOU,Toulouse,179,1,Lyon,167,2,STATUS_FULL_TIME,Stadium de Toulouse,2016-2017,0,10,29,2016
449214,2016-10-29 18:00:00+00:00,Caen at AS Nancy Lorraine,CAN @ ASNL,AS Nancy Lorraine,3267,2,Caen,2927,0,STATUS_FULL_TIME,Stade Marcel-Picot,2016-2017,0,10,29,2016
449215,2016-10-29 18:00:00+00:00,Dijon FCO at Bastia,DIJO @ BAS,Bastia,173,0,Dijon FCO,3170,0,STATUS_FULL_TIME,Stade Armand-Cesari,2016-2017,0,10,29,2016
449212,2016-10-29 18:00:00+00:00,Angers at Guingamp,ANG @ EAG,Guingamp,171,1,Angers,7868,0,STATUS_FULL_TIME,Stade Municipal de Roudourou,2016-2017,0,10,29,2016
449219,2016-10-29 18:00:00+00:00,Montpellier at Lorient,MON @ LOR,Lorient,273,2,Montpellier,274,2,STATUS_FULL_TIME,Stade du Moustoir - Yves Allainmat,2016-2017,0,10,29,2016
449218,2016-10-29 18:00:00+00:00,AS Monaco at Saint-Étienne,MON @ ASSE,Saint-Étienne,178,1,AS Monaco,174,1,STATUS_FULL_TIME,Stade Geoffroy-Guichard,2016-2017,0,10,29,2016
449220,2016-10-30 14:00:00+00:00,Nantes at Nice,NAN @ NICE,Nice,2502,4,Nantes,165,1,STATUS_FULL_TIME,Allianz Riviera,2016-2017,0,10,30,2016
449217,2016-10-30 16:00:00+00:00,Metz at Stade Rennais,METZ @ REN,Stade Rennais,169,1,Metz,177,0,STATUS_FULL_TIME,Roazhon Park,2016-2017,0,10,30,2016
449213,2016-10-30 19:45:00+00:00,Bordeaux at Marseille,BOR @ OLM,Marseille,176,0,Bordeaux,159,0,STATUS_FULL_TIME,Orange Vélodrome,2016-2017,0,10,30,2016
449207,2016-11-04 19:45:00+00:00,Marseille at Montpellier,OLM @ MON,Montpellier,274,3,Marseille,176,1,STATUS_FULL_TIME,Stade de la Mosson,2016-2017,0,11,4,2016
449202,2016-11-05 16:00:00+00:00,AS Nancy Lorraine at AS Monaco,ASNL @ MON,AS Monaco,174,6,AS Nancy Lorraine,3267,0,STATUS_FULL_TIME,Stade Louis II,2016-2017,0,11,5,2016
449204,2016-11-05 19:00:00+00:00,Guingamp at Dijon FCO,EAG @ DIJO,Dijon FCO,3170,3,Guingamp,171,3,STATUS_FULL_TIME,Stade Gaston-Gérard,2016-2017,0,11,5,2016
449206,2016-11-05 19:00:00+00:00,Lorient at Bordeaux,LOR @ BOR,Bordeaux,159,2,Lorient,273,1,STATUS_FULL_TIME,Stade Atlantique,2016-2017,0,11,5,2016
449211,2016-11-05 19:00:00+00:00,Toulouse at Nantes,TOU @ NAN,Nantes,165,1,Toulouse,179,1,STATUS_FULL_TIME,La Beaujoire-Louis-Fonteneau,2016-2017,0,11,5,2016
449203,2016-11-05 19:00:00+00:00,Bastia at Lyon,BAS @ LYON,Lyon,167,2,Bastia,173,1,STATUS_FULL_TIME,Groupama Stadium,2016-2017,0,11,5,2016
449205,2016-11-05 19:00:00+00:00,Lille at Angers,LILL @ ANG,Angers,7868,1,Lille,166,0,STATUS_FULL_TIME,Stade Raymond Kopa,2016-2017,0,11,5,2016
449208,2016-11-06 14:00:00+00:00,Nice at Caen,NICE @ CAN,Caen,2927,1,Nice,2502,0,STATUS_FULL_TIME,Stade Michel-d'Ornano,2016-2017,0,11,6,2016
449210,2016-11-06 16:00:00+00:00,Saint-Étienne at Metz,ASSE @ METZ,Metz,177,0,Saint-Étienne,178,0,STATUS_FULL_TIME,Stade Saint-Symphorien,2016-2017,0,11,6,2016
449209,2016-11-06 19:45:00+00:00,Stade Rennais at Paris Saint-Germain,REN @ PSG,Paris Saint-Germain,160,4,Stade Rennais,169,0,STATUS_FULL_TIME,Parc des Princes,2016-2017,0,11,6,2016
449198,2016-11-18 18:00:00+00:00,AS Monaco at Lorient,MON @ LOR,Lorient,273,0,AS Monaco,174,3,STATUS_FULL_TIME,Stade du Moustoir - Yves Allainmat,2016-2017,0,11,18,2016
449196,2016-11-18 19:45:00+00:00,Lyon at Lille,LYON @ LILL,Lille,166,0,Lyon,167,1,STATUS_FULL_TIME,Decathlon Arena - Stade Pierre-Mauroy,2016-2017,0,11,18,2016
449200,2016-11-19 16:00:00+00:00,Nantes at Paris Saint-Germain,NAN @ PSG,Paris Saint-Germain,160,2,Nantes,165,0,STATUS_FULL_TIME,Parc des Princes,2016-2017,0,11,19,2016
449195,2016-11-19 19:00:00+00:00,Dijon FCO at AS Nancy Lorraine,DIJO @ ASNL,AS Nancy Lorraine,3267,1,Dijon FCO,3170,0,STATUS_FULL_TIME,Stade Marcel-Picot,2016-2017,0,11,19,2016
449199,2016-11-19 19:00:00+00:00,Montpellier at Bastia,MON @ BAS,Bastia,173,1,Montpellier,274,1,STATUS_FULL_TIME,Stade Armand-Cesari,2016-2017,0,11,19,2016
449192,2016-11-19 19:00:00+00:00,Angers at Stade Rennais,ANG @ REN,Stade Rennais,169,1,Angers,7868,1,STATUS_FULL_TIME,Roazhon Park,2016-2017,0,11,19,2016
449197,2016-11-19 19:00:00+00:00,Metz at Toulouse,METZ @ TOU,Toulouse,179,1,Metz,177,2,STATUS_FULL_TIME,Stadium de Toulouse,2016-2017,0,11,19,2016
449193,2016-11-20 14:00:00+00:00,Bordeaux at Guingamp,BOR @ EAG,Guingamp,171,1,Bordeaux,159,1,STATUS_FULL_TIME,Stade Municipal de Roudourou,2016-2017,0,11,20,2016
449194,2016-11-20 16:00:00+00:00,Caen at Marseille,CAN @ OLM,Marseille,176,1,Caen,2927,0,STATUS_FULL_TIME,Orange Vélodrome,2016-2017,0,11,20,2016
449201,2016-11-20 19:45:00+00:00,Nice at Saint-Étienne,NICE @ ASSE,Saint-Étienne,178,0,Nice,2502,1,STATUS_FULL_TIME,Stade Geoffroy-Guichard,2016-2017,0,11,20,2016
449191,2016-11-25 19:45:00+00:00,Toulouse at Stade Rennais,TOU @ REN,Stade Rennais,169,1,Toulouse,179,0,STATUS_FULL_TIME,Roazhon Park,2016-2017,0,11,25,2016
449188,2016-11-26 16:10:00+00:00,Marseille at AS Monaco,OLM @ MON,AS Monaco,174,4,Marseille,176,0,STATUS_FULL_TIME,Stade Louis II,2016-2017,0,11,26,2016
449184,2016-11-26 19:00:00+00:00,Dijon FCO at Bordeaux,DIJO @ BOR,Bordeaux,159,3,Dijon FCO,3170,2,STATUS_FULL_TIME,Stade Atlantique,2016-2017,0,11,26,2016
449185,2016-11-26 19:00:00+00:00,Guingamp at Caen,EAG @ CAN,Caen,2927,1,Guingamp,171,1,STATUS_FULL_TIME,Stade Michel-d'Ornano,2016-2017,0,11,26,2016
449187,2016-11-26 19:00:00+00:00,Lorient at Metz,LOR @ METZ,Metz,177,3,Lorient,273,3,STATUS_FULL_TIME,Stade Saint-Symphorien,2016-2017,0,11,26,2016
449182,2016-11-26 19:00:00+00:00,AS Nancy Lorraine at Montpellier,ASNL @ MON,Montpellier,274,0,AS Nancy Lorraine,3267,0,STATUS_FULL_TIME,Stade de la Mosson,2016-2017,0,11,26,2016
449186,2016-11-26 19:00:00+00:00,Lille at Nantes,LILL @ NAN,Nantes,165,0,Lille,166,0,STATUS_FULL_TIME,La Beaujoire-Louis-Fonteneau,2016-2017,0,11,26,2016
449190,2016-11-27 14:00:00+00:00,Saint-Étienne at Angers,ASSE @ ANG,Angers,7868,1,Saint-Étienne,178,2,STATUS_FULL_TIME,Stade Raymond Kopa,2016-2017,0,11,27,2016
449183,2016-11-27 16:00:00+00:00,Bastia at Nice,BAS @ NICE,Nice,2502,1,Bastia,173,1,STATUS_FULL_TIME,Allianz Riviera,2016-2017,0,11,27,2016
449189,2016-11-27 19:45:00+00:00,Paris Saint-Germain at Lyon,PSG @ LYON,Lyon,167,1,Paris Saint-Germain,160,2,STATUS_FULL_TIME,Groupama Stadium,2016-2017,0,11,27,2016
449174,2016-11-29 18:00:00+00:00,Caen at Lille,CAN @ LILL,Lille,166,4,Caen,2927,2,STATUS_FULL_TIME,Decathlon Arena - Stade Pierre-Mauroy,2016-2017,0,11,29,2016
449181,2016-11-29 18:00:00+00:00,Stade Rennais at Lorient,REN @ LOR,Lorient,273,2,Stade Rennais,169,1,STATUS_FULL_TIME,Stade du Moustoir - Yves Allainmat,2016-2017,0,11,29,2016
449178,2016-11-29 20:00:00+00:00,AS Monaco at Dijon FCO,MON @ DIJO,Dijon FCO,3170,1,AS Monaco,174,1,STATUS_FULL_TIME,Stade Gaston-Gérard,2016-2017,0,11,29,2016
449177,2016-11-30 18:00:00+00:00,Metz at AS Nancy Lorraine,METZ @ ASNL,AS Nancy Lorraine,3267,4,Metz,177,0,STATUS_FULL_TIME,Stade Marcel-Picot,2016-2017,0,11,30,2016
449173,2016-11-30 18:00:00+00:00,Bordeaux at Bastia,BOR @ BAS,Bastia,173,1,Bordeaux,159,1,STATUS_FULL_TIME,Stade Armand-Cesari,2016-2017,0,11,30,2016
449180,2016-11-30 18:00:00+00:00,Nice at Guingamp,NICE @ EAG,Guingamp,171,0,Nice,2502,1,STATUS_FULL_TIME,Stade Municipal de Roudourou,2016-2017,0,11,30,2016
449175,2016-11-30 18:00:00+00:00,Lyon at Nantes,LYON @ NAN,Nantes,165,0,Lyon,167,6,STATUS_FULL_TIME,La Beaujoire-Louis-Fonteneau,2016-2017,0,11,30,2016
449176,2016-11-30 18:00:00+00:00,Marseille at Saint-Étienne,OLM @ ASSE,Saint-Étienne,178,0,Marseille,176,0,STATUS_FULL_TIME,Stade Geoffroy-Guichard,2016-2017,0,11,30,2016
449179,2016-11-30 18:00:00+00:00,Montpellier at Toulouse,MON @ TOU,Toulouse,179,1,Montpellier,274,0,STATUS_FULL_TIME,Stadium de Toulouse,2016-2017,0,11,30,2016
449172,2016-11-30 20:00:00+00:00,Angers at Paris Saint-Germain,ANG @ PSG,Paris Saint-Germain,160,2,Angers,7868,0,STATUS_FULL_TIME,Parc des Princes,2016-2017,0,11,30,2016
449164,2016-12-02 19:45:00+00:00,Dijon FCO at Caen,DIJO @ CAN,Caen,2927,3,Dijon FCO,3170,3,STATUS_FULL_TIME,Stade Michel-d'Ornano,2016-2017,0,12,2,2016
449169,2016-12-03 16:00:00+00:00,Paris Saint-Germain at Montpellier,PSG @ MON,Montpellier,274,3,Paris Saint-Germain,160,0,STATUS_FULL_TIME,Stade de la Mosson,2016-2017,0,12,3,2016
449163,2016-12-03 19:00:00+00:00,Bastia at AS Monaco,BAS @ MON,AS Monaco,174,5,Bastia,173,0,STATUS_FULL_TIME,Stade Louis II,2016-2017,0,12,3,2016
449166,2016-12-03 19:00:00+00:00,Lorient at Angers,LOR @ ANG,Angers,7868,2,Lorient,273,2,STATUS_FULL_TIME,Stade Raymond Kopa,2016-2017,0,12,3,2016
449168,2016-12-03 19:00:00+00:00,Nantes at Guingamp,NAN @ EAG,Guingamp,171,2,Nantes,165,0,STATUS_FULL_TIME,Stade Municipal de Roudourou,2016-2017,0,12,3,2016
449165,2016-12-03 19:00:00+00:00,Lille at Bordeaux,LILL @ BOR,Bordeaux,159,0,Lille,166,1,STATUS_FULL_TIME,Stade Atlantique,2016-2017,0,12,3,2016
449170,2016-12-04 14:00:00+00:00,Saint-Étienne at Stade Rennais,ASSE @ REN,Stade Rennais,169,2,Saint-Étienne,178,0,STATUS_FULL_TIME,Roazhon Park,2016-2017,0,12,4,2016
449162,2016-12-04 16:00:00+00:00,AS Nancy Lorraine at Marseille,ASNL @ OLM,Marseille,176,3,AS Nancy Lorraine,3267,0,STATUS_FULL_TIME,Orange Vélodrome,2016-2017,0,12,4,2016
449171,2016-12-04 19:45:00+00:00,Toulouse at Nice,TOU @ NICE,Nice,2502,3,Toulouse,179,0,STATUS_FULL_TIME,Allianz Riviera,2016-2017,0,12,4,2016
449156,2016-12-10 13:30:00+00:00,Marseille at Dijon FCO,OLM @ DIJO,Dijon FCO,3170,1,Marseille,176,2,STATUS_FULL_TIME,Stade Gaston-Gérard,2016-2017,0,12,10,2016
449158,2016-12-10 16:30:00+00:00,AS Monaco at Bordeaux,MON @ BOR,Bordeaux,159,0,AS Monaco,174,4,STATUS_FULL_TIME,Stade Atlantique,2016-2017,0,12,10,2016
449157,2016-12-10 19:00:00+00:00,Metz at Bastia,METZ @ BAS,Bastia,173,2,Metz,177,0,STATUS_FULL_TIME,Stade Armand-Cesari,2016-2017,0,12,10,2016
449159,2016-12-10 19:00:00+00:00,Montpellier at Lille,MON @ LILL,Lille,166,2,Montpellier,274,1,STATUS_FULL_TIME,Decathlon Arena - Stade Pierre-Mauroy,2016-2017,0,12,10,2016
449152,2016-12-10 19:00:00+00:00,Angers at AS Nancy Lorraine,ANG @ ASNL,AS Nancy Lorraine,3267,2,Angers,7868,0,STATUS_FULL_TIME,Stade Marcel-Picot,2016-2017,0,12,10,2016
449155,2016-12-10 19:00:00+00:00,Lorient at Toulouse,LOR @ TOU,Toulouse,179,3,Lorient,273,2,STATUS_FULL_TIME,Stadium de Toulouse,2016-2017,0,12,10,2016
449161,2016-12-11 14:00:00+00:00,Stade Rennais at Lyon,REN @ LYON,Lyon,167,1,Stade Rennais,169,0,STATUS_FULL_TIME,Groupama Stadium,2016-2017,0,12,11,2016
449154,2016-12-11 16:00:00+00:00,Guingamp at Saint-Étienne,EAG @ ASSE,Saint-Étienne,178,1,Guingamp,171,0,STATUS_FULL_TIME,Stade Geoffroy-Guichard,2016-2017,0,12,11,2016
449160,2016-12-11 19:45:00+00:00,Nice at Paris Saint-Germain,NICE @ PSG,Paris Saint-Germain,160,2,Nice,2502,2,STATUS_FULL_TIME,Parc des Princes,2016-2017,0,12,11,2016
449149,2016-12-16 19:45:00+00:00,Nantes at Angers,NAN @ ANG,Angers,7868,0,Nantes,165,2,STATUS_FULL_TIME,Stade Raymond Kopa,2016-2017,0,12,16,2016
449150,2016-12-17 16:00:00+00:00,Paris Saint-Germain at Guingamp,PSG @ EAG,Guingamp,171,2,Paris Saint-Germain,160,1,STATUS_FULL_TIME,Stade Municipal de Roudourou,2016-2017,0,12,17,2016
449151,2016-12-17 19:00:00+00:00,Saint-Étienne at Lorient,ASSE @ LOR,Lorient,273,2,Saint-Étienne,178,1,STATUS_FULL_TIME,Stade du Moustoir - Yves Allainmat,2016-2017,0,12,17,2016
449144,2016-12-17 19:00:00+00:00,Bordeaux at Montpellier,BOR @ MON,Montpellier,274,4,Bordeaux,159,0,STATUS_FULL_TIME,Stade de la Mosson,2016-2017,0,12,17,2016
449143,2016-12-17 19:00:00+00:00,Bastia at Stade Rennais,BAS @ REN,Stade Rennais,169,1,Bastia,173,2,STATUS_FULL_TIME,Roazhon Park,2016-2017,0,12,17,2016
449142,2016-12-17 19:00:00+00:00,AS Nancy Lorraine at Toulouse,ASNL @ TOU,Toulouse,179,1,AS Nancy Lorraine,3267,1,STATUS_FULL_TIME,Stadium de Toulouse,2016-2017,0,12,17,2016
449148,2016-12-18 13:30:00+00:00,Metz at Caen,METZ @ CAN,Caen,2927,3,Metz,177,0,STATUS_FULL_TIME,Stade Michel-d'Ornano,2016-2017,0,12,18,2016
449145,2016-12-18 14:00:00+00:00,Dijon FCO at Nice,DIJO @ NICE,Nice,2502,2,Dijon FCO,3170,1,STATUS_FULL_TIME,Allianz Riviera,2016-2017,0,12,18,2016
449146,2016-12-18 16:00:00+00:00,Lille at Marseille,LILL @ OLM,Marseille,176,2,Lille,166,0,STATUS_FULL_TIME,Orange Vélodrome,2016-2017,0,12,18,2016
449147,2016-12-18 19:45:00+00:00,Lyon at AS Monaco,LYON @ MON,AS Monaco,174,1,Lyon,167,3,STATUS_FULL_TIME,Stade Louis II,2016-2017,0,12,18,2016
449140,2016-12-21 19:50:00+00:00,Stade Rennais at Lille,REN @ LILL,Lille,166,1,Stade Rennais,169,1,STATUS_FULL_TIME,Decathlon Arena - Stade Pierre-Mauroy,2016-2017,0,12,21,2016
449137,2016-12-21 19:50:00+00:00,Marseille at Bastia,OLM @ BAS,Bastia,173,1,Marseille,176,2,STATUS_FULL_TIME,Stade Armand-Cesari,2016-2017,0,12,21,2016
449139,2016-12-21 19:50:00+00:00,Nice at Bordeaux,NICE @ BOR,Bordeaux,159,0,Nice,2502,0,STATUS_FULL_TIME,Stade Atlantique,2016-2017,0,12,21,2016
449141,2016-12-21 19:50:00+00:00,Toulouse at Dijon FCO,TOU @ DIJO,Dijon FCO,3170,2,Toulouse,179,0,STATUS_FULL_TIME,Stade Gaston-Gérard,2016-2017,0,12,21,2016
449134,2016-12-21 19:50:00+00:00,Caen at AS Monaco,CAN @ MON,AS Monaco,174,2,Caen,2927,1,STATUS_FULL_TIME,Stade Louis II,2016-2017,0,12,21,2016
449132,2016-12-21 19:50:00+00:00,AS Nancy Lorraine at Saint-Étienne,ASNL @ ASSE,Saint-Étienne,178,0,AS Nancy Lorraine,3267,0,STATUS_FULL_TIME,Stade Geoffroy-Guichard,2016-2017,0,12,21,2016
449135,2016-12-21 19:50:00+00:00,Guingamp at Metz,EAG @ METZ,Metz,177,2,Guingamp,171,2,STATUS_FULL_TIME,Stade Saint-Symphorien,2016-2017,0,12,21,2016
449138,2016-12-21 19:50:00+00:00,Montpellier at Nantes,MON @ NAN,Nantes,165,1,Montpellier,274,0,STATUS_FULL_TIME,La Beaujoire-Louis-Fonteneau,2016-2017,0,12,21,2016
449136,2016-12-21 19:50:00+00:00,Lorient at Paris Saint-Germain,LOR @ PSG,Paris Saint-Germain,160,5,Lorient,273,0,STATUS_FULL_TIME,Parc des Princes,2016-2017,0,12,21,2016
449133,2016-12-21 19:50:00+00:00,Angers at Lyon,ANG @ LYON,Lyon,167,2,Angers,7868,0,STATUS_FULL_TIME,Groupama Stadium,2016-2017,0,12,21,2016
449131,2017-01-13 19:45:00+00:00,Saint-Étienne at Lille,ASSE @ LILL,Lille,166,1,Saint-Étienne,178,1,STATUS_FULL_TIME,Decathlon Arena - Stade Pierre-Mauroy,2016-2017,0,1,13,2017
449130,2017-01-14 16:00:00+00:00,Paris Saint-Germain at Stade Rennais,PSG @ REN,Stade Rennais,169,0,Paris Saint-Germain,160,1,STATUS_FULL_TIME,Roazhon Park,2016-2017,0,1,14,2017
449123,2017-01-14 19:00:00+00:00,Bordeaux at Angers,BOR @ ANG,Angers,7868,1,Bordeaux,159,1,STATUS_FULL_TIME,Stade Raymond Kopa,2016-2017,0,1,14,2017
449129,2017-01-14 19:00:00+00:00,Nantes at Toulouse,NAN @ TOU,Toulouse,179,0,Nantes,165,1,STATUS_FULL_TIME,Stadium de Toulouse,2016-2017,0,1,14,2017
449122,2017-01-14 19:00:00+00:00,Bastia at AS Nancy Lorraine,BAS @ ASNL,AS Nancy Lorraine,3267,1,Bastia,173,0,STATUS_FULL_TIME,Stade Marcel-Picot,2016-2017,0,1,14,2017
449124,2017-01-14 19:00:00+00:00,Dijon FCO at Montpellier,DIJO @ MON,Montpellier,274,1,Dijon FCO,3170,1,STATUS_FULL_TIME,Stade de la Mosson,2016-2017,0,1,14,2017
449125,2017-01-14 19:00:00+00:00,Guingamp at Lorient,EAG @ LOR,Lorient,273,3,Guingamp,171,1,STATUS_FULL_TIME,Stade du Moustoir - Yves Allainmat,2016-2017,0,1,14,2017
449127,2017-01-15 14:00:00+00:00,Metz at Nice,METZ @ NICE,Nice,2502,0,Metz,177,0,STATUS_FULL_TIME,Allianz Riviera,2016-2017,0,1,15,2017
449126,2017-01-15 16:00:00+00:00,Lyon at Caen,LYON @ CAN,Caen,2927,3,Lyon,167,2,STATUS_FULL_TIME,Stade Michel-d'Ornano,2016-2017,0,1,15,2017
449128,2017-01-15 20:00:00+00:00,AS Monaco at Marseille,MON @ OLM,Marseille,176,1,AS Monaco,174,4,STATUS_FULL_TIME,Orange Vélodrome,2016-2017,0,1,15,2017
449153,2017-01-18 19:00:00+00:00,Caen at Nantes,CAN @ NAN,Nantes,165,1,Caen,2927,0,STATUS_FULL_TIME,La Beaujoire-Louis-Fonteneau,2016-2017,0,1,18,2017
449118,2017-01-20 19:45:00+00:00,Nice at Bastia,NICE @ BAS,Bastia,173,1,Nice,2502,1,STATUS_FULL_TIME,Stade Armand-Cesari,2016-2017,0,1,20,2017
449119,2017-01-21 16:00:00+00:00,Paris Saint-Germain at Nantes,PSG @ NAN,Nantes,165,0,Paris Saint-Germain,160,2,STATUS_FULL_TIME,La Beaujoire-Louis-Fonteneau,2016-2017,0,1,21,2017
449121,2017-01-21 19:00:00+00:00,Toulouse at Bordeaux,TOU @ BOR,Bordeaux,159,1,Toulouse,179,0,STATUS_FULL_TIME,Stade Atlantique,2016-2017,0,1,21,2017
449114,2017-01-21 19:00:00+00:00,Lille at Dijon FCO,LILL @ DIJO,Dijon FCO,3170,0,Lille,166,0,STATUS_FULL_TIME,Stade Gaston-Gérard,2016-2017,0,1,21,2017
449120,2017-01-21 19:00:00+00:00,Stade Rennais at Guingamp,REN @ EAG,Guingamp,171,1,Stade Rennais,169,1,STATUS_FULL_TIME,Stade Municipal de Roudourou,2016-2017,0,1,21,2017
449117,2017-01-21 19:00:00+00:00,Montpellier at Metz,MON @ METZ,Metz,177,2,Montpellier,274,0,STATUS_FULL_TIME,Stade Saint-Symphorien,2016-2017,0,1,21,2017
449115,2017-01-22 14:00:00+00:00,Lorient at AS Monaco,LOR @ MON,AS Monaco,174,4,Lorient,273,0,STATUS_FULL_TIME,Stade Louis II,2016-2017,0,1,22,2017
449113,2017-01-22 16:00:00+00:00,Angers at Saint-Étienne,ANG @ ASSE,Saint-Étienne,178,2,Angers,7868,1,STATUS_FULL_TIME,Stade Geoffroy-Guichard,2016-2017,0,1,22,2017
449116,2017-01-22 20:00:00+00:00,Marseille at Lyon,OLM @ LYON,Lyon,167,3,Marseille,176,1,STATUS_FULL_TIME,Groupama Stadium,2016-2017,0,1,22,2017
449109,2017-01-27 19:45:00+00:00,Montpellier at Marseille,MON @ OLM,Marseille,176,5,Montpellier,274,1,STATUS_FULL_TIME,Orange Vélodrome,2016-2017,0,1,27,2017
449106,2017-01-28 16:00:00+00:00,Lille at Lyon,LILL @ LYON,Lyon,167,1,Lille,166,2,STATUS_FULL_TIME,Groupama Stadium,2016-2017,0,1,28,2017
449107,2017-01-28 19:00:00+00:00,Metz at Angers,METZ @ ANG,Angers,7868,2,Metz,177,1,STATUS_FULL_TIME,Stade Raymond Kopa,2016-2017,0,1,28,2017
449102,2017-01-28 19:00:00+00:00,Bordeaux at AS Nancy Lorraine,BOR @ ASNL,AS Nancy Lorraine,3267,0,Bordeaux,159,2,STATUS_FULL_TIME,Stade Marcel-Picot,2016-2017,0,1,28,2017
449103,2017-01-28 19:00:00+00:00,Caen at Bastia,CAN @ BAS,Bastia,173,1,Caen,2927,1,STATUS_FULL_TIME,Stade Armand-Cesari,2016-2017,0,1,28,2017
449104,2017-01-28 19:00:00+00:00,Dijon FCO at Lorient,DIJO @ LOR,Lorient,273,2,Dijon FCO,3170,3,STATUS_FULL_TIME,Stade du Moustoir - Yves Allainmat,2016-2017,0,1,28,2017
449110,2017-01-28 19:00:00+00:00,Nantes at Stade Rennais,NAN @ REN,Stade Rennais,169,1,Nantes,165,1,STATUS_FULL_TIME,Roazhon Park,2016-2017,0,1,28,2017
449105,2017-01-29 14:00:00+00:00,Guingamp at Nice,EAG @ NICE,Nice,2502,3,Guingamp,171,1,STATUS_FULL_TIME,Allianz Riviera,2016-2017,0,1,29,2017
449111,2017-01-29 16:00:00+00:00,Saint-Étienne at Toulouse,ASSE @ TOU,Toulouse,179,0,Saint-Étienne,178,3,STATUS_FULL_TIME,Stadium de Toulouse,2016-2017,0,1,29,2017
449108,2017-01-29 20:00:00+00:00,AS Monaco at Paris Saint-Germain,MON @ PSG,Paris Saint-Germain,160,1,AS Monaco,174,1,STATUS_FULL_TIME,Parc des Princes,2016-2017,0,1,29,2017
449098,2017-02-03 19:45:00+00:00,Marseille at Metz,OLM @ METZ,Metz,177,1,Marseille,176,0,STATUS_FULL_TIME,Stade Saint-Symphorien,2016-2017,0,2,3,2017
449099,2017-02-04 16:00:00+00:00,Nice at AS Monaco,NICE @ MON,AS Monaco,174,3,Nice,2502,0,STATUS_FULL_TIME,Stade Louis II,2016-2017,0,2,4,2017
449095,2017-02-04 19:00:00+00:00,Caen at Guingamp,CAN @ EAG,Guingamp,171,0,Caen,2927,1,STATUS_FULL_TIME,Stade Municipal de Roudourou,2016-2017,0,2,4,2017
449101,2017-02-04 19:00:00+00:00,Stade Rennais at Bordeaux,REN @ BOR,Bordeaux,159,1,Stade Rennais,169,1,STATUS_FULL_TIME,Stade Atlantique,2016-2017,0,2,4,2017
449096,2017-02-04 19:00:00+00:00,Lorient at Lille,LOR @ LILL,Lille,166,0,Lorient,273,1,STATUS_FULL_TIME,Decathlon Arena - Stade Pierre-Mauroy,2016-2017,0,2,4,2017
449094,2017-02-04 19:00:00+00:00,Bastia at Montpellier,BAS @ MON,Montpellier,274,2,Bastia,173,1,STATUS_FULL_TIME,Stade de la Mosson,2016-2017,0,2,4,2017
449100,2017-02-04 19:00:00+00:00,Paris Saint-Germain at Dijon FCO,PSG @ DIJO,Dijon FCO,3170,1,Paris Saint-Germain,160,3,STATUS_FULL_TIME,Stade Gaston-Gérard,2016-2017,0,2,4,2017
449093,2017-02-05 14:00:00+00:00,Angers at Toulouse,ANG @ TOU,Toulouse,179,4,Angers,7868,0,STATUS_FULL_TIME,Stadium de Toulouse,2016-2017,0,2,5,2017
449092,2017-02-05 16:00:00+00:00,AS Nancy Lorraine at Nantes,ASNL @ NAN,Nantes,165,0,AS Nancy Lorraine,3267,2,STATUS_FULL_TIME,La Beaujoire-Louis-Fonteneau,2016-2017,0,2,5,2017
449097,2017-02-05 20:00:00+00:00,Lyon at Saint-Étienne,LYON @ ASSE,Saint-Étienne,178,2,Lyon,167,0,STATUS_FULL_TIME,Stade Geoffroy-Guichard,2016-2017,0,2,5,2017
449083,2017-02-07 18:00:00+00:00,Bordeaux at Caen,BOR @ CAN,Caen,2927,0,Bordeaux,159,4,STATUS_FULL_TIME,Stade Michel-d'Ornano,2016-2017,0,2,7,2017
449087,2017-02-07 18:00:00+00:00,AS Monaco at Montpellier,MON @ MON,Montpellier,274,1,AS Monaco,174,2,STATUS_FULL_TIME,Stade de la Mosson,2016-2017,0,2,7,2017
449086,2017-02-07 20:00:00+00:00,Lille at Paris Saint-Germain,LILL @ PSG,Paris Saint-Germain,160,2,Lille,166,1,STATUS_FULL_TIME,Parc des Princes,2016-2017,0,2,7,2017
449089,2017-02-08 18:00:00+00:00,Stade Rennais at Angers,REN @ ANG,Angers,7868,0,Stade Rennais,169,0,STATUS_FULL_TIME,Stade Raymond Kopa,2016-2017,0,2,8,2017
449091,2017-02-08 18:00:00+00:00,Toulouse at Lorient,TOU @ LOR,Lorient,273,1,Toulouse,179,1,STATUS_FULL_TIME,Stade du Moustoir - Yves Allainmat,2016-2017,0,2,8,2017
449082,2017-02-08 18:00:00+00:00,AS Nancy Lorraine at Lyon,ASNL @ LYON,Lyon,167,4,AS Nancy Lorraine,3267,0,STATUS_FULL_TIME,Groupama Stadium,2016-2017,0,2,8,2017
449084,2017-02-08 18:00:00+00:00,Dijon FCO at Metz,DIJO @ METZ,Metz,177,2,Dijon FCO,3170,1,STATUS_FULL_TIME,Stade Saint-Symphorien,2016-2017,0,2,8,2017
449090,2017-02-08 18:00:00+00:00,Saint-Étienne at Nice,ASSE @ NICE,Nice,2502,1,Saint-Étienne,178,0,STATUS_FULL_TIME,Allianz Riviera,2016-2017,0,2,8,2017
449085,2017-02-08 20:00:00+00:00,Guingamp at Marseille,EAG @ OLM,Marseille,176,2,Guingamp,171,0,STATUS_FULL_TIME,Orange Vélodrome,2016-2017,0,2,8,2017
449081,2017-02-10 19:45:00+00:00,Paris Saint-Germain at Bordeaux,PSG @ BOR,Bordeaux,159,0,Paris Saint-Germain,160,3,STATUS_FULL_TIME,Stade Atlantique,2016-2017,0,2,10,2017
449076,2017-02-11 16:00:00+00:00,Lyon at Guingamp,LYON @ EAG,Guingamp,171,2,Lyon,167,1,STATUS_FULL_TIME,Stade Municipal de Roudourou,2016-2017,0,2,11,2017
449078,2017-02-11 19:00:00+00:00,Metz at AS Monaco,METZ @ MON,AS Monaco,174,5,Metz,177,0,STATUS_FULL_TIME,Stade Louis II,2016-2017,0,2,11,2017
449079,2017-02-11 19:00:00+00:00,Montpellier at AS Nancy Lorraine,MON @ ASNL,AS Nancy Lorraine,3267,0,Montpellier,274,3,STATUS_FULL_TIME,Stade Marcel-Picot,2016-2017,0,2,11,2017
449074,2017-02-11 19:00:00+00:00,Caen at Dijon FCO,CAN @ DIJO,Dijon FCO,3170,2,Caen,2927,0,STATUS_FULL_TIME,Stade Gaston-Gérard,2016-2017,0,2,11,2017
449072,2017-02-11 19:00:00+00:00,Angers at Lille,ANG @ LILL,Lille,166,1,Angers,7868,2,STATUS_FULL_TIME,Decathlon Arena - Stade Pierre-Mauroy,2016-2017,0,2,11,2017
449073,2017-02-11 19:00:00+00:00,Bastia at Toulouse,BAS @ TOU,Toulouse,179,4,Bastia,173,1,STATUS_FULL_TIME,Stadium de Toulouse,2016-2017,0,2,11,2017
449080,2017-02-12 14:00:00+00:00,Nice at Stade Rennais,NICE @ REN,Stade Rennais,169,2,Nice,2502,2,STATUS_FULL_TIME,Roazhon Park,2016-2017,0,2,12,2017
449075,2017-02-12 16:00:00+00:00,Lorient at Saint-Étienne,LOR @ ASSE,Saint-Étienne,178,4,Lorient,273,0,STATUS_FULL_TIME,Stade Geoffroy-Guichard,2016-2017,0,2,12,2017
449077,2017-02-12 20:00:00+00:00,Marseille at Nantes,OLM @ NAN,Nantes,165,3,Marseille,176,2,STATUS_FULL_TIME,La Beaujoire-Louis-Fonteneau,2016-2017,0,2,12,2017
449066,2017-02-17 19:45:00+00:00,AS Monaco at Bastia,MON @ BAS,Bastia,173,1,AS Monaco,174,1,STATUS_FULL_TIME,Stade Armand-Cesari,2016-2017,0,2,17,2017
449069,2017-02-18 16:00:00+00:00,Stade Rennais at Marseille,REN @ OLM,Marseille,176,2,Stade Rennais,169,0,STATUS_FULL_TIME,Orange Vélodrome,2016-2017,0,2,18,2017
449062,2017-02-18 19:00:00+00:00,AS Nancy Lorraine at Angers,ASNL @ ANG,Angers,7868,1,AS Nancy Lorraine,3267,0,STATUS_FULL_TIME,Stade Raymond Kopa,2016-2017,0,2,18,2017
449065,2017-02-18 19:00:00+00:00,Lille at Caen,LILL @ CAN,Caen,2927,0,Lille,166,1,STATUS_FULL_TIME,Stade Michel-d'Ornano,2016-2017,0,2,18,2017
449068,2017-02-18 19:00:00+00:00,Nice at Lorient,NICE @ LOR,Lorient,273,0,Nice,2502,1,STATUS_FULL_TIME,Stade du Moustoir - Yves Allainmat,2016-2017,0,2,18,2017
449067,2017-02-18 19:00:00+00:00,Nantes at Metz,NAN @ METZ,Metz,177,1,Nantes,165,1,STATUS_FULL_TIME,Stade Saint-Symphorien,2016-2017,0,2,18,2017
449064,2017-02-19 14:00:00+00:00,Guingamp at Bordeaux,EAG @ BOR,Bordeaux,159,3,Guingamp,171,0,STATUS_FULL_TIME,Stade Atlantique,2016-2017,0,2,19,2017
449063,2017-02-19 16:00:00+00:00,Dijon FCO at Lyon,DIJO @ LYON,Lyon,167,4,Dijon FCO,3170,2,STATUS_FULL_TIME,Groupama Stadium,2016-2017,0,2,19,2017
449070,2017-02-19 16:00:00+00:00,Saint-Étienne at Montpellier,ASSE @ MON,Montpellier,274,2,Saint-Étienne,178,1,STATUS_FULL_TIME,Stade de la Mosson,2016-2017,0,2,19,2017
449071,2017-02-19 20:00:00+00:00,Toulouse at Paris Saint-Germain,TOU @ PSG,Paris Saint-Germain,160,0,Toulouse,179,0,STATUS_FULL_TIME,Parc des Princes,2016-2017,0,2,19,2017
449112,2017-02-21 17:30:00+00:00,AS Nancy Lorraine at Caen,ASNL @ CAN,Caen,2927,1,AS Nancy Lorraine,3267,0,STATUS_FULL_TIME,Stade Michel-d'Ornano,2016-2017,0,2,21,2017
449055,2017-02-24 18:00:00+00:00,Dijon FCO at Nantes,DIJO @ NAN,Nantes,165,3,Dijon FCO,3170,1,STATUS_FULL_TIME,La Beaujoire-Louis-Fonteneau,2016-2017,0,2,24,2017
449059,2017-02-24 19:45:00+00:00,Montpellier at Nice,MON @ NICE,Nice,2502,2,Montpellier,274,1,STATUS_FULL_TIME,Allianz Riviera,2016-2017,0,2,24,2017
449058,2017-02-25 16:00:00+00:00,AS Monaco at Guingamp,MON @ EAG,Guingamp,171,1,AS Monaco,174,2,STATUS_FULL_TIME,Stade Municipal de Roudourou,2016-2017,0,2,25,2017
449052,2017-02-25 19:00:00+00:00,Bastia at Angers,BAS @ ANG,Angers,7868,3,Bastia,173,0,STATUS_FULL_TIME,Stade Raymond Kopa,2016-2017,0,2,25,2017
449061,2017-02-25 19:00:00+00:00,Toulouse at AS Nancy Lorraine,TOU @ ASNL,AS Nancy Lorraine,3267,0,Toulouse,179,0,STATUS_FULL_TIME,Stade Marcel-Picot,2016-2017,0,2,25,2017
449053,2017-02-25 19:00:00+00:00,Bordeaux at Lille,BOR @ LILL,Lille,166,2,Bordeaux,159,3,STATUS_FULL_TIME,Decathlon Arena - Stade Pierre-Mauroy,2016-2017,0,2,25,2017
449056,2017-02-25 19:00:00+00:00,Lorient at Stade Rennais,LOR @ REN,Stade Rennais,169,1,Lorient,273,0,STATUS_FULL_TIME,Roazhon Park,2016-2017,0,2,25,2017
449054,2017-02-26 14:00:00+00:00,Caen at Saint-Étienne,CAN @ ASSE,Saint-Étienne,178,0,Caen,2927,1,STATUS_FULL_TIME,Stade Geoffroy-Guichard,2016-2017,0,2,26,2017
449057,2017-02-26 16:00:00+00:00,Metz at Lyon,METZ @ LYON,Lyon,167,5,Metz,177,0,STATUS_FULL_TIME,Groupama Stadium,2016-2017,0,2,26,2017
449060,2017-02-26 20:00:00+00:00,Paris Saint-Germain at Marseille,PSG @ OLM,Marseille,176,1,Paris Saint-Germain,160,5,STATUS_FULL_TIME,Orange Vélodrome,2016-2017,0,2,26,2017
449088,2017-03-01 18:30:00+00:00,Nantes at Bastia,NAN @ BAS,Bastia,173,2,Nantes,165,2,STATUS_FULL_TIME,Stade Armand-Cesari,2016-2017,0,3,1,2017
449046,2017-03-03 19:45:00+00:00,Lyon at Bordeaux,LYON @ BOR,Bordeaux,159,1,Lyon,167,1,STATUS_FULL_TIME,Stade Atlantique,2016-2017,0,3,3,2017
449042,2017-03-04 16:00:00+00:00,AS Nancy Lorraine at Paris Saint-Germain,ASNL @ PSG,Paris Saint-Germain,160,1,AS Nancy Lorraine,3267,0,STATUS_FULL_TIME,Parc des Princes,2016-2017,0,3,4,2017
449051,2017-03-04 19:00:00+00:00,Saint-Étienne at Bastia,ASSE @ BAS,Bastia,173,0,Saint-Étienne,178,0,STATUS_FULL_TIME,Stade Armand-Cesari,2016-2017,0,3,4,2017
449043,2017-03-04 19:00:00+00:00,Angers at Caen,ANG @ CAN,Caen,2927,2,Angers,7868,3,STATUS_FULL_TIME,Stade Michel-d'Ornano,2016-2017,0,3,4,2017
449049,2017-03-04 19:00:00+00:00,Nice at Dijon FCO,NICE @ DIJO,Dijon FCO,3170,0,Nice,2502,1,STATUS_FULL_TIME,Stade Gaston-Gérard,2016-2017,0,3,4,2017
449050,2017-03-04 19:00:00+00:00,Stade Rennais at Metz,REN @ METZ,Metz,177,1,Stade Rennais,169,1,STATUS_FULL_TIME,Stade Saint-Symphorien,2016-2017,0,3,4,2017
449044,2017-03-04 19:00:00+00:00,Guingamp at Montpellier,EAG @ MON,Montpellier,274,1,Guingamp,171,1,STATUS_FULL_TIME,Stade de la Mosson,2016-2017,0,3,4,2017
449047,2017-03-05 14:00:00+00:00,Marseille at Lorient,OLM @ LOR,Lorient,273,1,Marseille,176,4,STATUS_FULL_TIME,Stade du Moustoir - Yves Allainmat,2016-2017,0,3,5,2017
449045,2017-03-05 16:00:00+00:00,Lille at Toulouse,LILL @ TOU,Toulouse,179,1,Lille,166,1,STATUS_FULL_TIME,Stadium de Toulouse,2016-2017,0,3,5,2017
449048,2017-03-05 20:00:00+00:00,Nantes at AS Monaco,NAN @ MON,AS Monaco,174,4,Nantes,165,0,STATUS_FULL_TIME,Stade Louis II,2016-2017,0,3,5,2017
449035,2017-03-10 18:00:00+00:00,Caen at Nice,CAN @ NICE,Nice,2502,2,Caen,2927,2,STATUS_FULL_TIME,Allianz Riviera,2016-2017,0,3,10,2017
449032,2017-03-10 19:45:00+00:00,Angers at Marseille,ANG @ OLM,Marseille,176,3,Angers,7868,0,STATUS_FULL_TIME,Orange Vélodrome,2016-2017,0,3,10,2017
449034,2017-03-11 15:45:00+00:00,Bordeaux at AS Monaco,BOR @ MON,AS Monaco,174,2,Bordeaux,159,1,STATUS_FULL_TIME,Stade Louis II,2016-2017,0,3,11,2017
449037,2017-03-11 19:00:00+00:00,Lille at AS Nancy Lorraine,LILL @ ASNL,AS Nancy Lorraine,3267,1,Lille,166,2,STATUS_FULL_TIME,Stade Marcel-Picot,2016-2017,0,3,11,2017
449033,2017-03-11 19:00:00+00:00,Bastia at Guingamp,BAS @ EAG,Guingamp,171,5,Bastia,173,0,STATUS_FULL_TIME,Stade Municipal de Roudourou,2016-2017,0,3,11,2017
449039,2017-03-11 19:00:00+00:00,Nantes at Montpellier,NAN @ MON,Montpellier,274,2,Nantes,165,3,STATUS_FULL_TIME,Stade de la Mosson,2016-2017,0,3,11,2017
449036,2017-03-11 19:00:00+00:00,Dijon FCO at Stade Rennais,DIJO @ REN,Stade Rennais,169,1,Dijon FCO,3170,1,STATUS_FULL_TIME,Roazhon Park,2016-2017,0,3,11,2017
449038,2017-03-12 14:00:00+00:00,Metz at Saint-Étienne,METZ @ ASSE,Saint-Étienne,178,2,Metz,177,2,STATUS_FULL_TIME,Stade Geoffroy-Guichard,2016-2017,0,3,12,2017
449041,2017-03-12 16:00:00+00:00,Toulouse at Lyon,TOU @ LYON,Lyon,167,4,Toulouse,179,0,STATUS_FULL_TIME,Groupama Stadium,2016-2017,0,3,12,2017
449040,2017-03-12 20:00:00+00:00,Paris Saint-Germain at Lorient,PSG @ LOR,Lorient,273,1,Paris Saint-Germain,160,2,STATUS_FULL_TIME,Stade du Moustoir - Yves Allainmat,2016-2017,0,3,12,2017
449022,2017-03-17 18:00:00+00:00,Bastia at Metz,BAS @ METZ,Metz,177,1,Bastia,173,0,STATUS_FULL_TIME,Stade Saint-Symphorien,2016-2017,0,3,17,2017
449026,2017-03-17 19:45:00+00:00,Marseille at Lille,OLM @ LILL,Lille,166,0,Marseille,176,0,STATUS_FULL_TIME,Decathlon Arena - Stade Pierre-Mauroy,2016-2017,0,3,17,2017
449029,2017-03-18 16:00:00+00:00,Nice at Nantes,NICE @ NAN,Nantes,165,1,Nice,2502,1,STATUS_FULL_TIME,La Beaujoire-Louis-Fonteneau,2016-2017,0,3,18,2017
449024,2017-03-18 19:00:00+00:00,Lorient at AS Nancy Lorraine,LOR @ ASNL,AS Nancy Lorraine,3267,2,Lorient,273,3,STATUS_FULL_TIME,Stade Marcel-Picot,2016-2017,0,3,18,2017
449023,2017-03-18 19:00:00+00:00,Guingamp at Angers,EAG @ ANG,Angers,7868,3,Guingamp,171,0,STATUS_FULL_TIME,Stade Raymond Kopa,2016-2017,0,3,18,2017
449030,2017-03-18 19:00:00+00:00,Stade Rennais at Toulouse,REN @ TOU,Toulouse,179,0,Stade Rennais,169,0,STATUS_FULL_TIME,Stadium de Toulouse,2016-2017,0,3,18,2017
449028,2017-03-18 19:00:00+00:00,Montpellier at Bordeaux,MON @ BOR,Bordeaux,159,5,Montpellier,274,1,STATUS_FULL_TIME,Stade Atlantique,2016-2017,0,3,18,2017
449027,2017-03-19 14:00:00+00:00,AS Monaco at Caen,MON @ CAN,Caen,2927,0,AS Monaco,174,3,STATUS_FULL_TIME,Stade Michel-d'Ornano,2016-2017,0,3,19,2017
449031,2017-03-19 16:00:00+00:00,Saint-Étienne at Dijon FCO,ASSE @ DIJO,Dijon FCO,3170,0,Saint-Étienne,178,1,STATUS_FULL_TIME,Stade Gaston-Gérard,2016-2017,0,3,19,2017
449025,2017-03-19 20:00:00+00:00,Lyon at Paris Saint-Germain,LYON @ PSG,Paris Saint-Germain,160,2,Lyon,167,1,STATUS_FULL_TIME,Parc des Princes,2016-2017,0,3,19,2017
449012,2017-03-31 17:00:00+00:00,AS Nancy Lorraine at Guingamp,ASNL @ EAG,Guingamp,171,1,AS Nancy Lorraine,3267,0,STATUS_FULL_TIME,Stade Municipal de Roudourou,2016-2017,0,3,31,2017
449016,2017-04-01 15:00:00+00:00,Dijon FCO at Marseille,DIJO @ OLM,Marseille,176,1,Dijon FCO,3170,1,STATUS_FULL_TIME,Orange Vélodrome,2016-2017,0,4,1,2017
449017,2017-04-01 17:00:00+00:00,Lille at Bastia,LILL @ BAS,Bastia,173,0,Lille,166,1,STATUS_FULL_TIME,Stade Armand-Cesari,2016-2017,0,4,1,2017
449018,2017-04-02 13:00:00+00:00,Lyon at Stade Rennais,LYON @ REN,Stade Rennais,169,1,Lyon,167,1,STATUS_FULL_TIME,Roazhon Park,2016-2017,0,4,2,2017
449021,2017-04-02 15:00:00+00:00,Toulouse at Montpellier,TOU @ MON,Montpellier,274,0,Toulouse,179,1,STATUS_FULL_TIME,Stade de la Mosson,2016-2017,0,4,2,2017
449013,2017-04-02 15:00:00+00:00,Angers at Nantes,ANG @ NAN,Nantes,165,2,Angers,7868,1,STATUS_FULL_TIME,La Beaujoire-Louis-Fonteneau,2016-2017,0,4,2,2017
449015,2017-04-02 15:00:00+00:00,Caen at Lorient,CAN @ LOR,Lorient,273,1,Caen,2927,0,STATUS_FULL_TIME,Stade du Moustoir - Yves Allainmat,2016-2017,0,4,2,2017
449014,2017-04-02 19:00:00+00:00,Bordeaux at Nice,BOR @ NICE,Nice,2502,2,Bordeaux,159,1,STATUS_FULL_TIME,Allianz Riviera,2016-2017,0,4,2,2017
449167,2017-04-05 17:00:00+00:00,Lyon at Metz,LYON @ METZ,Metz,177,0,Lyon,167,3,STATUS_FULL_TIME,Stade Saint-Symphorien,2016-2017,0,4,5,2017
449010,2017-04-07 18:45:00+00:00,Nice at Lille,NICE @ LILL,Lille,166,1,Nice,2502,2,STATUS_FULL_TIME,Decathlon Arena - Stade Pierre-Mauroy,2016-2017,0,4,7,2017
449007,2017-04-08 15:00:00+00:00,AS Monaco at Angers,MON @ ANG,Angers,7868,0,AS Monaco,174,1,STATUS_FULL_TIME,Stade Raymond Kopa,2016-2017,0,4,8,2017
449011,2017-04-08 18:00:00+00:00,Stade Rennais at AS Nancy Lorraine,REN @ ASNL,AS Nancy Lorraine,3267,3,Stade Rennais,169,0,STATUS_FULL_TIME,Stade Marcel-Picot,2016-2017,0,4,8,2017
449006,2017-04-08 18:00:00+00:00,Metz at Bordeaux,METZ @ BOR,Bordeaux,159,3,Metz,177,0,STATUS_FULL_TIME,Stade Atlantique,2016-2017,0,4,8,2017
449008,2017-04-08 18:00:00+00:00,Montpellier at Caen,MON @ CAN,Caen,2927,0,Montpellier,274,2,STATUS_FULL_TIME,Stade Michel-d'Ornano,2016-2017,0,4,8,2017
449002,2017-04-08 18:00:00+00:00,Bastia at Dijon FCO,BAS @ DIJO,Dijon FCO,3170,1,Bastia,173,2,STATUS_FULL_TIME,Stade Gaston-Gérard,2016-2017,0,4,8,2017
449004,2017-04-08 18:00:00+00:00,Lorient at Lyon,LOR @ LYON,Lyon,167,1,Lorient,273,4,STATUS_FULL_TIME,Groupama Stadium,2016-2017,0,4,8,2017
449005,2017-04-09 13:00:00+00:00,Marseille at Toulouse,OLM @ TOU,Toulouse,179,0,Marseille,176,0,STATUS_FULL_TIME,Stadium de Toulouse,2016-2017,0,4,9,2017
449009,2017-04-09 15:00:00+00:00,Nantes at Saint-Étienne,NAN @ ASSE,Saint-Étienne,178,1,Nantes,165,1,STATUS_FULL_TIME,Stade Geoffroy-Guichard,2016-2017,0,4,9,2017
449003,2017-04-09 19:00:00+00:00,Guingamp at Paris Saint-Germain,EAG @ PSG,Paris Saint-Germain,160,4,Guingamp,171,0,STATUS_FULL_TIME,Parc des Princes,2016-2017,0,4,9,2017
448999,2017-04-14 18:45:00+00:00,Paris Saint-Germain at Angers,PSG @ ANG,Angers,7868,0,Paris Saint-Germain,160,2,STATUS_FULL_TIME,Stade Raymond Kopa,2016-2017,0,4,14,2017
448992,2017-04-15 15:00:00+00:00,AS Nancy Lorraine at Nice,ASNL @ NICE,Nice,2502,3,AS Nancy Lorraine,3267,1,STATUS_FULL_TIME,Allianz Riviera,2016-2017,0,4,15,2017
448994,2017-04-15 18:00:00+00:00,Caen at Metz,CAN @ METZ,Metz,177,2,Caen,2927,2,STATUS_FULL_TIME,Stade Saint-Symphorien,2016-2017,0,4,15,2017
449001,2017-04-15 18:00:00+00:00,Toulouse at Guingamp,TOU @ EAG,Guingamp,171,2,Toulouse,179,1,STATUS_FULL_TIME,Stade Municipal de Roudourou,2016-2017,0,4,15,2017
448996,2017-04-15 18:00:00+00:00,Lille at Stade Rennais,LILL @ REN,Stade Rennais,169,2,Lille,166,0,STATUS_FULL_TIME,Roazhon Park,2016-2017,0,4,15,2017
448997,2017-04-15 18:00:00+00:00,Lorient at Montpellier,LOR @ MON,Montpellier,274,2,Lorient,273,0,STATUS_FULL_TIME,Stade de la Mosson,2016-2017,0,4,15,2017
448995,2017-04-15 19:00:00+00:00,Dijon FCO at AS Monaco,DIJO @ MON,AS Monaco,174,2,Dijon FCO,3170,1,STATUS_FULL_TIME,Stade Louis II,2016-2017,0,4,15,2017
448993,2017-04-16 13:00:00+00:00,Bordeaux at Nantes,BOR @ NAN,Nantes,165,0,Bordeaux,159,1,STATUS_FULL_TIME,La Beaujoire-Louis-Fonteneau,2016-2017,0,4,16,2017
448998,2017-04-16 15:00:00+00:00,Lyon at Bastia,LYON @ BAS,Bastia,173,0,Lyon,167,0,STATUS_ABANDONED,Stade Armand-Cesari,2016-2017,0,4,16,2017
449000,2017-04-16 19:00:00+00:00,Saint-Étienne at Marseille,ASSE @ OLM,Marseille,176,4,Saint-Étienne,178,0,STATUS_FULL_TIME,Orange Vélodrome,2016-2017,0,4,16,2017
449019,2017-04-18 16:30:00+00:00,Paris Saint-Germain at Metz,PSG @ METZ,Metz,177,2,Paris Saint-Germain,160,3,STATUS_FULL_TIME,Stade Saint-Symphorien,2016-2017,0,4,18,2017
448985,2017-04-21 18:45:00+00:00,Marseille at AS Nancy Lorraine,OLM @ ASNL,AS Nancy Lorraine,3267,0,Marseille,176,0,STATUS_FULL_TIME,Stade Marcel-Picot,2016-2017,0,4,21,2017
448988,2017-04-22 15:00:00+00:00,Montpellier at Paris Saint-Germain,MON @ PSG,Paris Saint-Germain,160,2,Montpellier,274,0,STATUS_FULL_TIME,Parc des Princes,2016-2017,0,4,22,2017
448983,2017-04-22 18:00:00+00:00,Bastia at Bordeaux,BAS @ BOR,Bordeaux,159,2,Bastia,173,0,STATUS_FULL_TIME,Stade Atlantique,2016-2017,0,4,22,2017
448986,2017-04-22 18:00:00+00:00,Metz at Lorient,METZ @ LOR,Lorient,273,5,Metz,177,1,STATUS_FULL_TIME,Stade du Moustoir - Yves Allainmat,2016-2017,0,4,22,2017
448989,2017-04-22 18:00:00+00:00,Nantes at Caen,NAN @ CAN,Caen,2927,0,Nantes,165,2,STATUS_FULL_TIME,Stade Michel-d'Ornano,2016-2017,0,4,22,2017
448984,2017-04-22 18:00:00+00:00,Guingamp at Lille,EAG @ LILL,Lille,166,3,Guingamp,171,0,STATUS_FULL_TIME,Decathlon Arena - Stade Pierre-Mauroy,2016-2017,0,4,22,2017
448982,2017-04-22 18:00:00+00:00,Angers at Dijon FCO,ANG @ DIJO,Dijon FCO,3170,3,Angers,7868,2,STATUS_FULL_TIME,Stade Gaston-Gérard,2016-2017,0,4,22,2017
448990,2017-04-23 13:00:00+00:00,Nice at Toulouse,NICE @ TOU,Toulouse,179,1,Nice,2502,1,STATUS_FULL_TIME,Stadium de Toulouse,2016-2017,0,4,23,2017
448991,2017-04-23 15:00:00+00:00,Stade Rennais at Saint-Étienne,REN @ ASSE,Saint-Étienne,178,1,Stade Rennais,169,1,STATUS_FULL_TIME,Stade Geoffroy-Guichard,2016-2017,0,4,23,2017
448987,2017-04-23 19:15:00+00:00,AS Monaco at Lyon,MON @ LYON,Lyon,167,1,AS Monaco,174,2,STATUS_FULL_TIME,Groupama Stadium,2016-2017,0,4,23,2017
448976,2017-04-28 18:45:00+00:00,Lyon at Angers,LYON @ ANG,Angers,7868,1,Lyon,167,2,STATUS_FULL_TIME,Stade Raymond Kopa,2016-2017,0,4,28,2017
448981,2017-04-29 15:00:00+00:00,Toulouse at AS Monaco,TOU @ MON,AS Monaco,174,3,Toulouse,179,1,STATUS_FULL_TIME,Stade Louis II,2016-2017,0,4,29,2017
448979,2017-04-29 18:00:00+00:00,Stade Rennais at Bastia,REN @ BAS,Bastia,173,1,Stade Rennais,169,0,STATUS_FULL_TIME,Stade Parsemain,2016-2017,0,4,29,2017
448980,2017-04-29 18:00:00+00:00,Saint-Étienne at Guingamp,ASSE @ EAG,Guingamp,171,0,Saint-Étienne,178,2,STATUS_FULL_TIME,Stade Municipal de Roudourou,2016-2017,0,4,29,2017
448972,2017-04-29 18:00:00+00:00,AS Nancy Lorraine at Metz,ASNL @ METZ,Metz,177,2,AS Nancy Lorraine,3267,1,STATUS_FULL_TIME,Stade Saint-Symphorien,2016-2017,0,4,29,2017
448974,2017-04-29 18:00:00+00:00,Lille at Montpellier,LILL @ MON,Montpellier,274,0,Lille,166,3,STATUS_FULL_TIME,Stade de la Mosson,2016-2017,0,4,29,2017
448975,2017-04-29 18:00:00+00:00,Lorient at Nantes,LOR @ NAN,Nantes,165,1,Lorient,273,0,STATUS_FULL_TIME,La Beaujoire-Louis-Fonteneau,2016-2017,0,4,29,2017
448977,2017-04-30 13:00:00+00:00,Marseille at Caen,OLM @ CAN,Caen,2927,1,Marseille,176,5,STATUS_FULL_TIME,Stade Michel-d'Ornano,2016-2017,0,4,30,2017
448973,2017-04-30 15:00:00+00:00,Bordeaux at Dijon FCO,BOR @ DIJO,Dijon FCO,3170,0,Bordeaux,159,0,STATUS_FULL_TIME,Stade Gaston-Gérard,2016-2017,0,4,30,2017
448978,2017-04-30 19:00:00+00:00,Paris Saint-Germain at Nice,PSG @ NICE,Nice,2502,3,Paris Saint-Germain,160,1,STATUS_FULL_TIME,Allianz Riviera,2016-2017,0,4,30,2017
448964,2017-05-05 18:45:00+00:00,Bordeaux at Saint-Étienne,BOR @ ASSE,Saint-Étienne,178,2,Bordeaux,159,2,STATUS_FULL_TIME,Stade Geoffroy-Guichard,2016-2017,0,5,5,2017
448963,2017-05-06 15:00:00+00:00,Bastia at Paris Saint-Germain,BAS @ PSG,Paris Saint-Germain,160,5,Bastia,173,0,STATUS_FULL_TIME,Parc des Princes,2016-2017,0,5,6,2017
448968,2017-05-06 18:00:00+00:00,AS Monaco at AS Nancy Lorraine,MON @ ASNL,AS Nancy Lorraine,3267,0,AS Monaco,174,3,STATUS_FULL_TIME,Stade Marcel-Picot,2016-2017,0,5,6,2017
448966,2017-05-06 18:00:00+00:00,Dijon FCO at Guingamp,DIJO @ EAG,Guingamp,171,4,Dijon FCO,3170,0,STATUS_FULL_TIME,Stade Municipal de Roudourou,2016-2017,0,5,6,2017
448967,2017-05-06 18:00:00+00:00,Metz at Lille,METZ @ LILL,Lille,166,0,Metz,177,2,STATUS_FULL_TIME,Decathlon Arena - Stade Pierre-Mauroy,2016-2017,0,5,6,2017
448962,2017-05-06 18:00:00+00:00,Angers at Lorient,ANG @ LOR,Lorient,273,1,Angers,7868,1,STATUS_FULL_TIME,Stade du Moustoir - Yves Allainmat,2016-2017,0,5,6,2017
448965,2017-05-06 18:00:00+00:00,Caen at Toulouse,CAN @ TOU,Toulouse,179,0,Caen,2927,1,STATUS_FULL_TIME,Stadium de Toulouse,2016-2017,0,5,6,2017
448969,2017-05-07 13:00:00+00:00,Montpellier at Stade Rennais,MON @ REN,Stade Rennais,169,1,Montpellier,274,0,STATUS_FULL_TIME,Roazhon Park,2016-2017,0,5,7,2017
448970,2017-05-07 15:00:00+00:00,Nantes at Lyon,NAN @ LYON,Lyon,167,3,Nantes,165,2,STATUS_FULL_TIME,Groupama Stadium,2016-2017,0,5,7,2017
448971,2017-05-07 19:00:00+00:00,Nice at Marseille,NICE @ OLM,Marseille,176,2,Nice,2502,1,STATUS_FULL_TIME,Orange Vélodrome,2016-2017,0,5,7,2017
448955,2017-05-14 19:00:00+00:00,Lille at AS Monaco,LILL @ MON,AS Monaco,174,4,Lille,166,0,STATUS_FULL_TIME,Stade Louis II,2016-2017,0,5,14,2017
448956,2017-05-14 19:00:00+00:00,Lorient at Bastia,LOR @ BAS,Bastia,173,2,Lorient,273,0,STATUS_FULL_TIME,Stade Armand-Cesari,2016-2017,0,5,14,2017
448958,2017-05-14 19:00:00+00:00,Marseille at Bordeaux,OLM @ BOR,Bordeaux,159,1,Marseille,176,1,STATUS_FULL_TIME,Stade Atlantique,2016-2017,0,5,14,2017
448952,2017-05-14 19:00:00+00:00,AS Nancy Lorraine at Dijon FCO,ASNL @ DIJO,Dijon FCO,3170,2,AS Nancy Lorraine,3267,0,STATUS_FULL_TIME,Stade Gaston-Gérard,2016-2017,0,5,14,2017
448960,2017-05-14 19:00:00+00:00,Stade Rennais at Caen,REN @ CAN,Caen,2927,0,Stade Rennais,169,1,STATUS_FULL_TIME,Stade Michel-d'Ornano,2016-2017,0,5,14,2017
448959,2017-05-14 19:00:00+00:00,Paris Saint-Germain at Saint-Étienne,PSG @ ASSE,Saint-Étienne,178,0,Paris Saint-Germain,160,5,STATUS_FULL_TIME,Stade Geoffroy-Guichard,2016-2017,0,5,14,2017
448957,2017-05-14 19:00:00+00:00,Lyon at Montpellier,LYON @ MON,Montpellier,274,1,Lyon,167,3,STATUS_FULL_TIME,Stade de la Mosson,2016-2017,0,5,14,2017
448954,2017-05-14 19:00:00+00:00,Guingamp at Nantes,EAG @ NAN,Nantes,165,4,Guingamp,171,1,STATUS_FULL_TIME,La Beaujoire-Louis-Fonteneau,2016-2017,0,5,14,2017
448953,2017-05-14 19:00:00+00:00,Angers at Nice,ANG @ NICE,Nice,2502,0,Angers,7868,2,STATUS_FULL_TIME,Allianz Riviera,2016-2017,0,5,14,2017
448961,2017-05-14 19:00:00+00:00,Toulouse at Metz,TOU @ METZ,Metz,177,1,Toulouse,179,1,STATUS_FULL_TIME,Stade Saint-Symphorien,2016-2017,0,5,14,2017
449020,2017-05-17 19:00:00+00:00,Saint-Étienne at AS Monaco,ASSE @ MON,AS Monaco,174,2,Saint-Étienne,178,0,STATUS_FULL_TIME,Stade Louis II,2016-2017,0,5,17,2017
448943,2017-05-20 19:00:00+00:00,Bordeaux at Lorient,BOR @ LOR,Lorient,273,1,Bordeaux,159,1,STATUS_FULL_TIME,Stade du Moustoir - Yves Allainmat,2016-2017,0,5,20,2017
448948,2017-05-20 19:00:00+00:00,Montpellier at Angers,MON @ ANG,Angers,7868,2,Montpellier,274,0,STATUS_FULL_TIME,Stade Raymond Kopa,2016-2017,0,5,20,2017
448946,2017-05-20 19:00:00+00:00,Metz at Guingamp,METZ @ EAG,Guingamp,171,1,Metz,177,0,STATUS_FULL_TIME,Stade Municipal de Roudourou,2016-2017,0,5,20,2017
448949,2017-05-20 19:00:00+00:00,Nantes at Lille,NAN @ LILL,Lille,166,3,Nantes,165,0,STATUS_FULL_TIME,Decathlon Arena - Stade Pierre-Mauroy,2016-2017,0,5,20,2017
448951,2017-05-20 19:00:00+00:00,Saint-Étienne at AS Nancy Lorraine,ASSE @ ASNL,AS Nancy Lorraine,3267,3,Saint-Étienne,178,1,STATUS_FULL_TIME,Stade Marcel-Picot,2016-2017,0,5,20,2017
448950,2017-05-20 19:00:00+00:00,Nice at Lyon,NICE @ LYON,Lyon,167,3,Nice,2502,3,STATUS_FULL_TIME,Groupama Stadium,2016-2017,0,5,20,2017
448942,2017-05-20 19:00:00+00:00,Bastia at Marseille,BAS @ OLM,Marseille,176,1,Bastia,173,0,STATUS_FULL_TIME,Orange Vélodrome,2016-2017,0,5,20,2017
448947,2017-05-20 19:00:00+00:00,AS Monaco at Stade Rennais,MON @ REN,Stade Rennais,169,2,AS Monaco,174,3,STATUS_FULL_TIME,Roazhon Park,2016-2017,0,5,20,2017
448945,2017-05-20 19:00:00+00:00,Dijon FCO at Toulouse,DIJO @ TOU,Toulouse,179,0,Dijon FCO,3170,0,STATUS_FULL_TIME,Stadium de Toulouse,2016-2017,0,5,20,2017
448944,2017-05-20 19:00:00+00:00,Caen at Paris Saint-Germain,CAN @ PSG,Paris Saint-Germain,160,1,Caen,2927,1,STATUS_FULL_TIME,Parc des Princes,2016-2017,0,5,20,2017
479274,2017-05-25 18:45:00+00:00,Lorient at Troyes,LOR @ TRY,Troyes,170,2,Lorient,273,1,STATUS_FULL_TIME,,2016-2017,0,5,25,2017
479273,2017-05-28 19:00:00+00:00,Troyes at Lorient,TRY @ LOR,Lorient,273,0,Troyes,170,0,STATUS_FULL_TIME,,2016-2017,0,5,28,2017
482413,2017-08-04 18:45:00+00:00,Toulouse at AS Monaco,TOU @ MON,AS Monaco,174,3,Toulouse,179,2,STATUS_FULL_TIME,Stade Louis II,2017-2018,0,8,4,2017
482404,2017-08-05 15:15:00+00:00,SC Amiens at Paris Saint-Germain,AMI @ PSG,Paris Saint-Germain,160,2,SC Amiens,3335,0,STATUS_FULL_TIME,Parc des Princes,2017-2018,0,8,5,2017
482412,2017-08-05 18:00:00+00:00,Strasbourg at Lyon,STR @ LYON,Lyon,167,4,Strasbourg,180,0,STATUS_FULL_TIME,Groupama Stadium,2017-2018,0,8,5,2017
482408,2017-08-05 18:00:00+00:00,Guingamp at Metz,EAG @ METZ,Metz,177,1,Guingamp,171,3,STATUS_FULL_TIME,Stade Saint-Symphorien,2017-2018,0,8,5,2017
482406,2017-08-05 18:00:00+00:00,Caen at Montpellier,CAN @ MON,Montpellier,274,1,Caen,2927,0,STATUS_FULL_TIME,Stade de la Mosson,2017-2018,0,8,5,2017
482410,2017-08-05 18:00:00+00:00,Nice at Saint-Étienne,NICE @ ASSE,Saint-Étienne,178,1,Nice,2502,0,STATUS_FULL_TIME,Stade Geoffroy-Guichard,2017-2018,0,8,5,2017
482411,2017-08-05 18:00:00+00:00,Stade Rennais at Troyes,REN @ TRY,Troyes,170,1,Stade Rennais,169,1,STATUS_FULL_TIME,Stade de l'Aube,2017-2018,0,8,5,2017
482409,2017-08-06 13:00:00+00:00,Nantes at Lille,NAN @ LILL,Lille,166,3,Nantes,165,0,STATUS_FULL_TIME,Decathlon Arena - Stade Pierre-Mauroy,2017-2018,0,8,6,2017
482405,2017-08-06 15:00:00+00:00,Bordeaux at Angers,BOR @ ANG,Angers,7868,2,Bordeaux,159,2,STATUS_FULL_TIME,Stade Raymond Kopa,2017-2018,0,8,6,2017
482407,2017-08-06 19:00:00+00:00,Dijon FCO at Marseille,DIJO @ OLM,Marseille,176,3,Dijon FCO,3170,0,STATUS_FULL_TIME,Orange Vélodrome,2017-2018,0,8,6,2017
482403,2017-08-11 17:00:00+00:00,Troyes at Nice,TRY @ NICE,Nice,2502,1,Troyes,170,2,STATUS_FULL_TIME,Allianz Riviera,2017-2018,0,8,11,2017
482396,2017-08-11 18:45:00+00:00,Lyon at Stade Rennais,LYON @ REN,Stade Rennais,169,1,Lyon,167,2,STATUS_FULL_TIME,Roazhon Park,2017-2018,0,8,11,2017
482397,2017-08-12 15:00:00+00:00,Marseille at Nantes,OLM @ NAN,Nantes,165,0,Marseille,176,1,STATUS_FULL_TIME,La Beaujoire-Louis-Fonteneau,2017-2018,0,8,12,2017
482398,2017-08-12 18:00:00+00:00,Metz at Bordeaux,METZ @ BOR,Bordeaux,159,2,Metz,177,0,STATUS_FULL_TIME,Stade Atlantique,2017-2018,0,8,12,2017
482402,2017-08-12 18:00:00+00:00,Saint-Étienne at Caen,ASSE @ CAN,Caen,2927,0,Saint-Étienne,178,1,STATUS_FULL_TIME,Stade Michel-d'Ornano,2017-2018,0,8,12,2017
482394,2017-08-12 18:00:00+00:00,Angers at SC Amiens,ANG @ AMI,SC Amiens,3335,0,Angers,7868,2,STATUS_FULL_TIME,Stade Crédit Agricole de la Licorne,2017-2018,0,8,12,2017
482400,2017-08-12 18:00:00+00:00,Montpellier at Toulouse,MON @ TOU,Toulouse,179,1,Montpellier,274,0,STATUS_FULL_TIME,Stadium de Toulouse,2017-2018,0,8,12,2017
482395,2017-08-13 13:00:00+00:00,Lille at Strasbourg,LILL @ STR,Strasbourg,180,3,Lille,166,0,STATUS_FULL_TIME,Stade de la Meinau,2017-2018,0,8,13,2017
482399,2017-08-13 15:00:00+00:00,AS Monaco at Dijon FCO,MON @ DIJO,Dijon FCO,3170,1,AS Monaco,174,4,STATUS_FULL_TIME,Stade Gaston-Gérard,2017-2018,0,8,13,2017
482401,2017-08-13 19:00:00+00:00,Paris Saint-Germain at Guingamp,PSG @ EAG,Guingamp,171,0,Paris Saint-Germain,160,3,STATUS_FULL_TIME,Stade Municipal de Roudourou,2017-2018,0,8,13,2017
482390,2017-08-18 18:45:00+00:00,AS Monaco at Metz,MON @ METZ,Metz,177,0,AS Monaco,174,1,STATUS_FULL_TIME,Stade Saint-Symphorien,2017-2018,0,8,18,2017
482386,2017-08-19 15:00:00+00:00,Bordeaux at Lyon,BOR @ LYON,Lyon,167,3,Bordeaux,159,3,STATUS_FULL_TIME,Groupama Stadium,2017-2018,0,8,19,2017
482384,2017-08-19 18:00:00+00:00,SC Amiens at Saint-Étienne,AMI @ ASSE,Saint-Étienne,178,3,SC Amiens,3335,0,STATUS_FULL_TIME,Stade Geoffroy-Guichard,2017-2018,0,8,19,2017
482392,2017-08-19 18:00:00+00:00,Strasbourg at Montpellier,STR @ MON,Montpellier,274,1,Strasbourg,180,1,STATUS_FULL_TIME,Stade de la Mosson,2017-2018,0,8,19,2017
482388,2017-08-19 18:00:00+00:00,Dijon FCO at Stade Rennais,DIJO @ REN,Stade Rennais,169,2,Dijon FCO,3170,2,STATUS_FULL_TIME,Roazhon Park,2017-2018,0,8,19,2017
482391,2017-08-19 18:00:00+00:00,Nantes at Troyes,NAN @ TRY,Troyes,170,0,Nantes,165,1,STATUS_FULL_TIME,Stade de l'Aube,2017-2018,0,8,19,2017
482389,2017-08-19 18:00:00+00:00,Guingamp at Nice,EAG @ NICE,Nice,2502,2,Guingamp,171,0,STATUS_FULL_TIME,Allianz Riviera,2017-2018,0,8,19,2017
482387,2017-08-20 13:00:00+00:00,Caen at Lille,CAN @ LILL,Lille,166,0,Caen,2927,2,STATUS_FULL_TIME,Decathlon Arena - Stade Pierre-Mauroy,2017-2018,0,8,20,2017
482385,2017-08-20 15:00:00+00:00,Angers at Marseille,ANG @ OLM,Marseille,176,1,Angers,7868,1,STATUS_FULL_TIME,Orange Vélodrome,2017-2018,0,8,20,2017
482393,2017-08-20 19:00:00+00:00,Toulouse at Paris Saint-Germain,TOU @ PSG,Paris Saint-Germain,160,6,Toulouse,179,2,STATUS_FULL_TIME,Parc des Princes,2017-2018,0,8,20,2017
482381,2017-08-25 18:45:00+00:00,Saint-Étienne at Paris Saint-Germain,ASSE @ PSG,Paris Saint-Germain,160,3,Saint-Étienne,178,0,STATUS_FULL_TIME,Parc des Princes,2017-2018,0,8,25,2017
482375,2017-08-26 15:15:00+00:00,Lyon at Nantes,LYON @ NAN,Nantes,165,0,Lyon,167,0,STATUS_FULL_TIME,La Beaujoire-Louis-Fonteneau,2017-2018,0,8,26,2017
482378,2017-08-26 18:00:00+00:00,Montpellier at Dijon FCO,MON @ DIJO,Dijon FCO,3170,2,Montpellier,274,1,STATUS_FULL_TIME,Stade Gaston-Gérard,2017-2018,0,8,26,2017
482379,2017-08-26 18:00:00+00:00,Nice at SC Amiens,NICE @ AMI,SC Amiens,3335,3,Nice,2502,0,STATUS_FULL_TIME,Stade Crédit Agricole de la Licorne,2017-2018,0,8,26,2017
482383,2017-08-26 18:00:00+00:00,Troyes at Bordeaux,TRY @ BOR,Bordeaux,159,2,Troyes,170,1,STATUS_FULL_TIME,Stade Atlantique,2017-2018,0,8,26,2017
482377,2017-08-26 18:00:00+00:00,Metz at Caen,METZ @ CAN,Caen,2927,1,Metz,177,0,STATUS_FULL_TIME,Stade Michel-d'Ornano,2017-2018,0,8,26,2017
482380,2017-08-26 18:00:00+00:00,Stade Rennais at Toulouse,REN @ TOU,Toulouse,179,3,Stade Rennais,169,2,STATUS_FULL_TIME,Stadium de Toulouse,2017-2018,0,8,26,2017
482382,2017-08-27 13:00:00+00:00,Strasbourg at Guingamp,STR @ EAG,Guingamp,171,2,Strasbourg,180,0,STATUS_FULL_TIME,Stade Municipal de Roudourou,2017-2018,0,8,27,2017
482374,2017-08-27 15:00:00+00:00,Lille at Angers,LILL @ ANG,Angers,7868,1,Lille,166,1,STATUS_FULL_TIME,Stade Raymond Kopa,2017-2018,0,8,27,2017
482376,2017-08-27 19:00:00+00:00,Marseille at AS Monaco,OLM @ MON,AS Monaco,174,6,Marseille,176,1,STATUS_FULL_TIME,Stade Louis II,2017-2018,0,8,27,2017
482366,2017-09-08 17:00:00+00:00,Bordeaux at Lille,BOR @ LILL,Lille,166,0,Bordeaux,159,0,STATUS_FULL_TIME,Decathlon Arena - Stade Pierre-Mauroy,2017-2018,0,9,8,2017
482371,2017-09-08 18:45:00+00:00,Paris Saint-Germain at Metz,PSG @ METZ,Metz,177,1,Paris Saint-Germain,160,5,STATUS_FULL_TIME,Stade Saint-Symphorien,2017-2018,0,9,8,2017
482369,2017-09-09 15:00:00+00:00,AS Monaco at Nice,MON @ NICE,Nice,2502,4,AS Monaco,174,0,STATUS_FULL_TIME,Allianz Riviera,2017-2018,0,9,9,2017
482367,2017-09-09 18:00:00+00:00,Dijon FCO at Caen,DIJO @ CAN,Caen,2927,2,Dijon FCO,3170,1,STATUS_FULL_TIME,Stade Michel-d'Ornano,2017-2018,0,9,9,2017
482370,2017-09-09 18:00:00+00:00,Nantes at Montpellier,NAN @ MON,Montpellier,274,0,Nantes,165,1,STATUS_FULL_TIME,Stade de la Mosson,2017-2018,0,9,9,2017
482364,2017-09-09 18:00:00+00:00,SC Amiens at Strasbourg,AMI @ STR,Strasbourg,180,0,SC Amiens,3335,1,STATUS_FULL_TIME,Stade de la Meinau,2017-2018,0,9,9,2017
482373,2017-09-09 18:00:00+00:00,Toulouse at Troyes,TOU @ TRY,Troyes,170,0,Toulouse,179,0,STATUS_FULL_TIME,Stade de l'Aube,2017-2018,0,9,9,2017
482365,2017-09-10 13:00:00+00:00,Angers at Saint-Étienne,ANG @ ASSE,Saint-Étienne,178,1,Angers,7868,1,STATUS_FULL_TIME,Stade Geoffroy-Guichard,2017-2018,0,9,10,2017
482368,2017-09-10 15:00:00+00:00,Guingamp at Lyon,EAG @ LYON,Lyon,167,2,Guingamp,171,1,STATUS_FULL_TIME,Groupama Stadium,2017-2018,0,9,10,2017
482372,2017-09-10 19:00:00+00:00,Stade Rennais at Marseille,REN @ OLM,Marseille,176,1,Stade Rennais,169,3,STATUS_FULL_TIME,Orange Vélodrome,2017-2018,0,9,10,2017
482354,2017-09-15 18:45:00+00:00,Bordeaux at Toulouse,BOR @ TOU,Toulouse,179,0,Bordeaux,159,1,STATUS_FULL_TIME,Stadium de Toulouse,2017-2018,0,9,15,2017
482363,2017-09-16 15:00:00+00:00,Strasbourg at AS Monaco,STR @ MON,AS Monaco,174,3,Strasbourg,180,0,STATUS_FULL_TIME,Stade Louis II,2017-2018,0,9,16,2017
482362,2017-09-16 18:00:00+00:00,Saint-Étienne at Dijon FCO,ASSE @ DIJO,Dijon FCO,3170,0,Saint-Étienne,178,1,STATUS_FULL_TIME,Stade Gaston-Gérard,2017-2018,0,9,16,2017
482356,2017-09-16 18:00:00+00:00,Lille at Guingamp,LILL @ EAG,Guingamp,171,1,Lille,166,0,STATUS_FULL_TIME,Stade Municipal de Roudourou,2017-2018,0,9,16,2017
482355,2017-09-16 18:00:00+00:00,Caen at Nantes,CAN @ NAN,Nantes,165,1,Caen,2927,0,STATUS_FULL_TIME,La Beaujoire-Louis-Fonteneau,2017-2018,0,9,16,2017
482360,2017-09-16 18:00:00+00:00,Montpellier at Troyes,MON @ TRY,Troyes,170,0,Montpellier,274,1,STATUS_FULL_TIME,Stade de l'Aube,2017-2018,0,9,16,2017
482358,2017-09-17 13:00:00+00:00,Marseille at SC Amiens,OLM @ AMI,SC Amiens,3335,0,Marseille,176,2,STATUS_FULL_TIME,Stade Crédit Agricole de la Licorne,2017-2018,0,9,17,2017
482359,2017-09-17 15:00:00+00:00,Metz at Angers,METZ @ ANG,Angers,7868,0,Metz,177,1,STATUS_FULL_TIME,Stade Raymond Kopa,2017-2018,0,9,17,2017
482361,2017-09-17 15:00:00+00:00,Nice at Stade Rennais,NICE @ REN,Stade Rennais,169,0,Nice,2502,1,STATUS_FULL_TIME,Roazhon Park,2017-2018,0,9,17,2017
482357,2017-09-17 19:00:00+00:00,Lyon at Paris Saint-Germain,LYON @ PSG,Paris Saint-Germain,160,2,Lyon,167,0,STATUS_FULL_TIME,Parc des Princes,2017-2018,0,9,17,2017
482345,2017-09-22 17:00:00+00:00,Angers at Nice,ANG @ NICE,Nice,2502,2,Angers,7868,2,STATUS_FULL_TIME,Allianz Riviera,2017-2018,0,9,22,2017
482348,2017-09-22 18:45:00+00:00,AS Monaco at Lille,MON @ LILL,Lille,166,0,AS Monaco,174,4,STATUS_FULL_TIME,Decathlon Arena - Stade Pierre-Mauroy,2017-2018,0,9,22,2017
482350,2017-09-23 15:00:00+00:00,Paris Saint-Germain at Montpellier,PSG @ MON,Montpellier,274,0,Paris Saint-Germain,160,0,STATUS_FULL_TIME,Stade de la Mosson,2017-2018,0,9,23,2017
482344,2017-09-23 18:00:00+00:00,SC Amiens at Caen,AMI @ CAN,Caen,2927,1,SC Amiens,3335,0,STATUS_FULL_TIME,Stade Michel-d'Ornano,2017-2018,0,9,23,2017
482347,2017-09-23 18:00:00+00:00,Guingamp at Bordeaux,EAG @ BOR,Bordeaux,159,3,Guingamp,171,1,STATUS_FULL_TIME,Stade Atlantique,2017-2018,0,9,23,2017
482353,2017-09-23 18:00:00+00:00,Troyes at Metz,TRY @ METZ,Metz,177,0,Troyes,170,1,STATUS_FULL_TIME,Stade Saint-Symphorien,2017-2018,0,9,23,2017
482346,2017-09-23 18:00:00+00:00,Dijon FCO at Lyon,DIJO @ LYON,Lyon,167,3,Dijon FCO,3170,3,STATUS_FULL_TIME,Groupama Stadium,2017-2018,0,9,23,2017
482351,2017-09-24 13:00:00+00:00,Stade Rennais at Saint-Étienne,REN @ ASSE,Saint-Étienne,178,2,Stade Rennais,169,2,STATUS_FULL_TIME,Stade Geoffroy-Guichard,2017-2018,0,9,24,2017
482349,2017-09-24 15:00:00+00:00,Nantes at Strasbourg,NAN @ STR,Strasbourg,180,1,Nantes,165,2,STATUS_FULL_TIME,Stade de la Meinau,2017-2018,0,9,24,2017
482352,2017-09-24 19:00:00+00:00,Toulouse at Marseille,TOU @ OLM,Marseille,176,2,Toulouse,179,0,STATUS_FULL_TIME,Orange Vélodrome,2017-2018,0,9,24,2017
482340,2017-09-29 18:45:00+00:00,Montpellier at AS Monaco,MON @ MON,AS Monaco,174,1,Montpellier,274,1,STATUS_FULL_TIME,Stade Louis II,2017-2018,0,9,29,2017
482334,2017-09-30 15:00:00+00:00,Bordeaux at Paris Saint-Germain,BOR @ PSG,Paris Saint-Germain,160,6,Bordeaux,159,2,STATUS_FULL_TIME,Parc des Princes,2017-2018,0,9,30,2017
482342,2017-09-30 18:00:00+00:00,Strasbourg at Dijon FCO,STR @ DIJO,Dijon FCO,3170,1,Strasbourg,180,1,STATUS_FULL_TIME,Stade Gaston-Gérard,2017-2018,0,9,30,2017
482343,2017-09-30 18:00:00+00:00,Toulouse at Guingamp,TOU @ EAG,Guingamp,171,1,Toulouse,179,1,STATUS_FULL_TIME,Stade Municipal de Roudourou,2017-2018,0,9,30,2017
482339,2017-09-30 18:00:00+00:00,Metz at Nantes,METZ @ NAN,Nantes,165,1,Metz,177,0,STATUS_FULL_TIME,La Beaujoire-Louis-Fonteneau,2017-2018,0,9,30,2017
482335,2017-09-30 18:00:00+00:00,Caen at Stade Rennais,CAN @ REN,Stade Rennais,169,0,Caen,2927,1,STATUS_FULL_TIME,Roazhon Park,2017-2018,0,9,30,2017
482341,2017-10-01 13:00:00+00:00,Saint-Étienne at Troyes,ASSE @ TRY,Troyes,170,2,Saint-Étienne,178,1,STATUS_FULL_TIME,Stade de l'Aube,2017-2018,0,10,1,2017
482337,2017-10-01 15:00:00+00:00,Lyon at Angers,LYON @ ANG,Angers,7868,3,Lyon,167,3,STATUS_FULL_TIME,Stade Raymond Kopa,2017-2018,0,10,1,2017
482338,2017-10-01 19:00:00+00:00,Marseille at Nice,OLM @ NICE,Nice,2502,2,Marseille,176,4,STATUS_FULL_TIME,Allianz Riviera,2017-2018,0,10,1,2017
482328,2017-10-13 18:45:00+00:00,AS Monaco at Lyon,MON @ LYON,Lyon,167,3,AS Monaco,174,2,STATUS_FULL_TIME,Groupama Stadium,2017-2018,0,10,13,2017
482331,2017-10-14 15:00:00+00:00,Paris Saint-Germain at Dijon FCO,PSG @ DIJO,Dijon FCO,3170,1,Paris Saint-Germain,160,2,STATUS_FULL_TIME,Stade Gaston-Gérard,2017-2018,0,10,14,2017
482325,2017-10-14 18:00:00+00:00,Angers at Caen,ANG @ CAN,Caen,2927,0,Angers,7868,2,STATUS_FULL_TIME,Stade Michel-d'Ornano,2017-2018,0,10,14,2017
482332,2017-10-14 18:00:00+00:00,Stade Rennais at Guingamp,REN @ EAG,Guingamp,171,2,Stade Rennais,169,0,STATUS_FULL_TIME,Stade Municipal de Roudourou,2017-2018,0,10,14,2017
482333,2017-10-14 18:00:00+00:00,Troyes at Lille,TRY @ LILL,Lille,166,2,Troyes,170,2,STATUS_FULL_TIME,Decathlon Arena - Stade Pierre-Mauroy,2017-2018,0,10,14,2017
482327,2017-10-14 18:00:00+00:00,Metz at Saint-Étienne,METZ @ ASSE,Saint-Étienne,178,3,Metz,177,1,STATUS_FULL_TIME,Stade Geoffroy-Guichard,2017-2018,0,10,14,2017
482324,2017-10-14 18:00:00+00:00,SC Amiens at Toulouse,AMI @ TOU,Toulouse,179,1,SC Amiens,3335,0,STATUS_FULL_TIME,Stadium de Toulouse,2017-2018,0,10,14,2017
482329,2017-10-15 13:00:00+00:00,Nantes at Bordeaux,NAN @ BOR,Bordeaux,159,1,Nantes,165,1,STATUS_FULL_TIME,Stade Atlantique,2017-2018,0,10,15,2017
482330,2017-10-15 15:00:00+00:00,Nice at Montpellier,NICE @ MON,Montpellier,274,2,Nice,2502,0,STATUS_FULL_TIME,Stade de la Mosson,2017-2018,0,10,15,2017
482326,2017-10-15 19:00:00+00:00,Marseille at Strasbourg,OLM @ STR,Strasbourg,180,3,Marseille,176,3,STATUS_FULL_TIME,Stade de la Meinau,2017-2018,0,10,15,2017
482320,2017-10-20 18:45:00+00:00,Montpellier at Saint-Étienne,MON @ ASSE,Saint-Étienne,178,0,Montpellier,274,1,STATUS_FULL_TIME,Stade Geoffroy-Guichard,2017-2018,0,10,20,2017
482315,2017-10-21 15:00:00+00:00,Caen at AS Monaco,CAN @ MON,AS Monaco,174,2,Caen,2927,0,STATUS_FULL_TIME,Stade Louis II,2017-2018,0,10,21,2017
482323,2017-10-21 18:00:00+00:00,Toulouse at Angers,TOU @ ANG,Angers,7868,0,Toulouse,179,1,STATUS_FULL_TIME,Stade Raymond Kopa,2017-2018,0,10,21,2017
482316,2017-10-21 18:00:00+00:00,Dijon FCO at Metz,DIJO @ METZ,Metz,177,1,Dijon FCO,3170,2,STATUS_FULL_TIME,Stade Saint-Symphorien,2017-2018,0,10,21,2017
482317,2017-10-21 18:00:00+00:00,Guingamp at Nantes,EAG @ NAN,Nantes,165,2,Guingamp,171,1,STATUS_FULL_TIME,La Beaujoire-Louis-Fonteneau,2017-2018,0,10,21,2017
482314,2017-10-21 18:00:00+00:00,Bordeaux at SC Amiens,BOR @ AMI,SC Amiens,3335,1,Bordeaux,159,0,STATUS_FULL_TIME,Stade Océane,2017-2018,0,10,21,2017
482318,2017-10-21 18:00:00+00:00,Lille at Stade Rennais,LILL @ REN,Stade Rennais,169,1,Lille,166,0,STATUS_FULL_TIME,Roazhon Park,2017-2018,0,10,21,2017
482322,2017-10-22 13:00:00+00:00,Strasbourg at Nice,STR @ NICE,Nice,2502,1,Strasbourg,180,2,STATUS_FULL_TIME,Allianz Riviera,2017-2018,0,10,22,2017
482319,2017-10-22 15:00:00+00:00,Lyon at Troyes,LYON @ TRY,Troyes,170,0,Lyon,167,5,STATUS_FULL_TIME,Stade de l'Aube,2017-2018,0,10,22,2017
482321,2017-10-22 19:00:00+00:00,Paris Saint-Germain at Marseille,PSG @ OLM,Marseille,176,2,Paris Saint-Germain,160,2,STATUS_FULL_TIME,Orange Vélodrome,2017-2018,0,10,22,2017
482310,2017-10-27 18:45:00+00:00,Nice at Paris Saint-Germain,NICE @ PSG,Paris Saint-Germain,160,3,Nice,2502,0,STATUS_FULL_TIME,Parc des Princes,2017-2018,0,10,27,2017
482308,2017-10-28 15:00:00+00:00,AS Monaco at Bordeaux,MON @ BOR,Bordeaux,159,0,AS Monaco,174,2,STATUS_FULL_TIME,Stade Atlantique,2017-2018,0,10,28,2017
482313,2017-10-28 18:00:00+00:00,Troyes at Caen,TRY @ CAN,Caen,2927,1,Troyes,170,0,STATUS_FULL_TIME,Stade Michel-d'Ornano,2017-2018,0,10,28,2017
482309,2017-10-28 18:00:00+00:00,Nantes at Dijon FCO,NAN @ DIJO,Dijon FCO,3170,1,Nantes,165,0,STATUS_FULL_TIME,Stade Gaston-Gérard,2017-2018,0,10,28,2017
482304,2017-10-28 18:00:00+00:00,SC Amiens at Guingamp,AMI @ EAG,Guingamp,171,1,SC Amiens,3335,1,STATUS_FULL_TIME,Stade Municipal de Roudourou,2017-2018,0,10,28,2017
482311,2017-10-28 18:00:00+00:00,Stade Rennais at Montpellier,REN @ MON,Montpellier,274,0,Stade Rennais,169,1,STATUS_FULL_TIME,Stade de la Mosson,2017-2018,0,10,28,2017
482305,2017-10-28 18:00:00+00:00,Angers at Strasbourg,ANG @ STR,Strasbourg,180,2,Angers,7868,2,STATUS_FULL_TIME,Stade de la Meinau,2017-2018,0,10,28,2017
482307,2017-10-29 14:00:00+00:00,Metz at Lyon,METZ @ LYON,Lyon,167,2,Metz,177,0,STATUS_FULL_TIME,Groupama Stadium,2017-2018,0,10,29,2017
482312,2017-10-29 16:00:00+00:00,Saint-Étienne at Toulouse,ASSE @ TOU,Toulouse,179,0,Saint-Étienne,178,0,STATUS_FULL_TIME,Stadium de Toulouse,2017-2018,0,10,29,2017
482306,2017-10-29 20:00:00+00:00,Marseille at Lille,OLM @ LILL,Lille,166,0,Marseille,176,1,STATUS_FULL_TIME,Decathlon Arena - Stade Pierre-Mauroy,2017-2018,0,10,29,2017
482295,2017-11-03 19:45:00+00:00,Bordeaux at Stade Rennais,BOR @ REN,Stade Rennais,169,1,Bordeaux,159,0,STATUS_FULL_TIME,Roazhon Park,2017-2018,0,11,3,2017
482301,2017-11-04 16:00:00+00:00,Paris Saint-Germain at Angers,PSG @ ANG,Angers,7868,0,Paris Saint-Germain,160,5,STATUS_FULL_TIME,Stade Raymond Kopa,2017-2018,0,11,4,2017
482298,2017-11-04 19:00:00+00:00,Guingamp at AS Monaco,EAG @ MON,AS Monaco,174,6,Guingamp,171,0,STATUS_FULL_TIME,Stade Louis II,2017-2018,0,11,4,2017
482294,2017-11-04 19:00:00+00:00,SC Amiens at Montpellier,AMI @ MON,Montpellier,274,1,SC Amiens,3335,1,STATUS_FULL_TIME,Stade de la Mosson,2017-2018,0,11,4,2017
482303,2017-11-04 19:00:00+00:00,Toulouse at Nantes,TOU @ NAN,Nantes,165,2,Toulouse,179,1,STATUS_FULL_TIME,La Beaujoire-Louis-Fonteneau,2017-2018,0,11,4,2017
482302,2017-11-04 19:00:00+00:00,Strasbourg at Troyes,STR @ TRY,Troyes,170,3,Strasbourg,180,0,STATUS_FULL_TIME,Stade de l'Aube,2017-2018,0,11,4,2017
482297,2017-11-05 14:00:00+00:00,Dijon FCO at Nice,DIJO @ NICE,Nice,2502,1,Dijon FCO,3170,0,STATUS_FULL_TIME,Allianz Riviera,2017-2018,0,11,5,2017
482296,2017-11-05 16:00:00+00:00,Caen at Marseille,CAN @ OLM,Marseille,176,5,Caen,2927,0,STATUS_FULL_TIME,Orange Vélodrome,2017-2018,0,11,5,2017
482299,2017-11-05 16:00:00+00:00,Lille at Metz,LILL @ METZ,Metz,177,0,Lille,166,3,STATUS_FULL_TIME,Stade Saint-Symphorien,2017-2018,0,11,5,2017
482300,2017-11-05 20:00:00+00:00,Lyon at Saint-Étienne,LYON @ ASSE,Saint-Étienne,178,0,Lyon,167,5,STATUS_FULL_TIME,Stade Geoffroy-Guichard,2017-2018,0,11,5,2017
482292,2017-11-17 18:00:00+00:00,Saint-Étienne at Lille,ASSE @ LILL,Lille,166,3,Saint-Étienne,178,1,STATUS_FULL_TIME,Decathlon Arena - Stade Pierre-Mauroy,2017-2018,0,11,17,2017
482287,2017-11-17 19:45:00+00:00,AS Monaco at SC Amiens,MON @ AMI,SC Amiens,3335,1,AS Monaco,174,1,STATUS_FULL_TIME,Stade Crédit Agricole de la Licorne,2017-2018,0,11,17,2017
482289,2017-11-18 16:00:00+00:00,Nantes at Paris Saint-Germain,NAN @ PSG,Paris Saint-Germain,160,4,Nantes,165,1,STATUS_FULL_TIME,Parc des Princes,2017-2018,0,11,18,2017
482293,2017-11-18 19:00:00+00:00,Troyes at Dijon FCO,TRY @ DIJO,Dijon FCO,3170,3,Troyes,170,1,STATUS_FULL_TIME,Stade Gaston-Gérard,2017-2018,0,11,18,2017
482284,2017-11-18 19:00:00+00:00,Angers at Guingamp,ANG @ EAG,Guingamp,171,1,Angers,7868,1,STATUS_FULL_TIME,Stade Municipal de Roudourou,2017-2018,0,11,18,2017
482291,2017-11-18 19:00:00+00:00,Stade Rennais at Strasbourg,REN @ STR,Strasbourg,180,2,Stade Rennais,169,1,STATUS_FULL_TIME,Stade de la Meinau,2017-2018,0,11,18,2017
482286,2017-11-18 19:00:00+00:00,Metz at Toulouse,METZ @ TOU,Toulouse,179,0,Metz,177,0,STATUS_FULL_TIME,Stadium de Toulouse,2017-2018,0,11,18,2017
482290,2017-11-19 14:00:00+00:00,Nice at Caen,NICE @ CAN,Caen,2927,1,Nice,2502,1,STATUS_FULL_TIME,Stade Michel-d'Ornano,2017-2018,0,11,19,2017
482288,2017-11-19 16:00:00+00:00,Montpellier at Lyon,MON @ LYON,Lyon,167,0,Montpellier,274,0,STATUS_FULL_TIME,Groupama Stadium,2017-2018,0,11,19,2017
482285,2017-11-19 20:00:00+00:00,Marseille at Bordeaux,OLM @ BOR,Bordeaux,159,1,Marseille,176,1,STATUS_FULL_TIME,Stade Atlantique,2017-2018,0,11,19,2017
482336,2017-11-20 18:00:00+00:00,Lille at SC Amiens,LILL @ AMI,SC Amiens,3335,3,Lille,166,0,STATUS_FULL_TIME,Stade Crédit Agricole de la Licorne,2017-2018,0,11,20,2017
482282,2017-11-24 19:45:00+00:00,Strasbourg at Saint-Étienne,STR @ ASSE,Saint-Étienne,178,2,Strasbourg,180,2,STATUS_FULL_TIME,Stade Geoffroy-Guichard,2017-2018,0,11,24,2017
482280,2017-11-25 16:00:00+00:00,Nantes at Stade Rennais,NAN @ REN,Stade Rennais,169,2,Nantes,165,1,STATUS_FULL_TIME,Roazhon Park,2017-2018,0,11,25,2017
482283,2017-11-25 19:00:00+00:00,Toulouse at Dijon FCO,TOU @ DIJO,Dijon FCO,3170,3,Toulouse,179,1,STATUS_FULL_TIME,Stade Gaston-Gérard,2017-2018,0,11,25,2017
482278,2017-11-25 19:00:00+00:00,Lille at Montpellier,LILL @ MON,Montpellier,274,3,Lille,166,0,STATUS_FULL_TIME,Stade de la Mosson,2017-2018,0,11,25,2017
482276,2017-11-25 19:00:00+00:00,Bordeaux at Caen,BOR @ CAN,Caen,2927,1,Bordeaux,159,0,STATUS_FULL_TIME,Stade Michel-d'Ornano,2017-2018,0,11,25,2017
482275,2017-11-25 19:00:00+00:00,Angers at Troyes,ANG @ TRY,Troyes,170,3,Angers,7868,0,STATUS_FULL_TIME,Stade de l'Aube,2017-2018,0,11,25,2017
482274,2017-11-25 19:00:00+00:00,SC Amiens at Metz,AMI @ METZ,Metz,177,0,SC Amiens,3335,2,STATUS_FULL_TIME,Stade Saint-Symphorien,2017-2018,0,11,25,2017
482279,2017-11-26 14:00:00+00:00,Lyon at Nice,LYON @ NICE,Nice,2502,0,Lyon,167,5,STATUS_FULL_TIME,Allianz Riviera,2017-2018,0,11,26,2017
482277,2017-11-26 16:00:00+00:00,Guingamp at Marseille,EAG @ OLM,Marseille,176,1,Guingamp,171,0,STATUS_FULL_TIME,Orange Vélodrome,2017-2018,0,11,26,2017
482281,2017-11-26 20:00:00+00:00,Paris Saint-Germain at AS Monaco,PSG @ MON,AS Monaco,174,1,Paris Saint-Germain,160,2,STATUS_FULL_TIME,Stade Louis II,2017-2018,0,11,26,2017
482265,2017-11-28 18:00:00+00:00,Dijon FCO at SC Amiens,DIJO @ AMI,SC Amiens,3335,2,Dijon FCO,3170,1,STATUS_FULL_TIME,Stade Crédit Agricole de la Licorne,2017-2018,0,11,28,2017
482264,2017-11-28 18:00:00+00:00,Caen at Strasbourg,CAN @ STR,Strasbourg,180,0,Caen,2927,0,STATUS_FULL_TIME,Stade de la Meinau,2017-2018,0,11,28,2017
482272,2017-11-28 20:00:00+00:00,Saint-Étienne at Bordeaux,ASSE @ BOR,Bordeaux,159,3,Saint-Étienne,178,0,STATUS_FULL_TIME,Stade Atlantique,2017-2018,0,11,28,2017
482267,2017-11-29 18:00:00+00:00,Marseille at Metz,OLM @ METZ,Metz,177,0,Marseille,176,3,STATUS_FULL_TIME,Stade Saint-Symphorien,2017-2018,0,11,29,2017
482268,2017-11-29 18:00:00+00:00,AS Monaco at Nantes,MON @ NAN,Nantes,165,1,AS Monaco,174,0,STATUS_FULL_TIME,La Beaujoire-Louis-Fonteneau,2017-2018,0,11,29,2017
482271,2017-11-29 18:00:00+00:00,Stade Rennais at Angers,REN @ ANG,Angers,7868,1,Stade Rennais,169,2,STATUS_FULL_TIME,Stade Raymond Kopa,2017-2018,0,11,29,2017
482269,2017-11-29 18:00:00+00:00,Montpellier at Guingamp,MON @ EAG,Guingamp,171,0,Montpellier,274,0,STATUS_FULL_TIME,Stade Municipal de Roudourou,2017-2018,0,11,29,2017
482266,2017-11-29 18:00:00+00:00,Lille at Lyon,LILL @ LYON,Lyon,167,1,Lille,166,2,STATUS_FULL_TIME,Groupama Stadium,2017-2018,0,11,29,2017
482270,2017-11-29 18:00:00+00:00,Nice at Toulouse,NICE @ TOU,Toulouse,179,1,Nice,2502,2,STATUS_FULL_TIME,Stadium de Toulouse,2017-2018,0,11,29,2017
482273,2017-11-29 20:00:00+00:00,Troyes at Paris Saint-Germain,TRY @ PSG,Paris Saint-Germain,160,2,Troyes,170,0,STATUS_FULL_TIME,Parc des Princes,2017-2018,0,11,29,2017
482256,2017-12-01 19:45:00+00:00,Bordeaux at Dijon FCO,BOR @ DIJO,Dijon FCO,3170,3,Bordeaux,159,2,STATUS_FULL_TIME,Stade Gaston-Gérard,2017-2018,0,12,1,2017
482262,2017-12-02 16:00:00+00:00,Paris Saint-Germain at Strasbourg,PSG @ STR,Strasbourg,180,2,Paris Saint-Germain,160,1,STATUS_FULL_TIME,Stade de la Meinau,2017-2018,0,12,2,2017
482255,2017-12-02 19:00:00+00:00,Angers at AS Monaco,ANG @ MON,AS Monaco,174,1,Angers,7868,0,STATUS_FULL_TIME,Stade Louis II,2017-2018,0,12,2,2017
482263,2017-12-02 19:00:00+00:00,Toulouse at Lille,TOU @ LILL,Lille,166,1,Toulouse,179,0,STATUS_FULL_TIME,Decathlon Arena - Stade Pierre-Mauroy,2017-2018,0,12,2,2017
482260,2017-12-02 19:00:00+00:00,Metz at Nice,METZ @ NICE,Nice,2502,3,Metz,177,1,STATUS_FULL_TIME,Allianz Riviera,2017-2018,0,12,2,2017
482254,2017-12-02 19:00:00+00:00,SC Amiens at Stade Rennais,AMI @ REN,Stade Rennais,169,2,SC Amiens,3335,0,STATUS_FULL_TIME,Roazhon Park,2017-2018,0,12,2,2017
482257,2017-12-02 19:00:00+00:00,Guingamp at Troyes,EAG @ TRY,Troyes,170,0,Guingamp,171,1,STATUS_FULL_TIME,Stade de l'Aube,2017-2018,0,12,2,2017
482261,2017-12-03 14:00:00+00:00,Nantes at Saint-Étienne,NAN @ ASSE,Saint-Étienne,178,1,Nantes,165,1,STATUS_FULL_TIME,Stade Geoffroy-Guichard,2017-2018,0,12,3,2017
482258,2017-12-03 16:00:00+00:00,Lyon at Caen,LYON @ CAN,Caen,2927,1,Lyon,167,2,STATUS_FULL_TIME,Stade Michel-d'Ornano,2017-2018,0,12,3,2017
482259,2017-12-03 20:00:00+00:00,Marseille at Montpellier,OLM @ MON,Montpellier,274,1,Marseille,176,1,STATUS_FULL_TIME,Stade de la Mosson,2017-2018,0,12,3,2017
482252,2017-12-08 19:45:00+00:00,Strasbourg at Bordeaux,STR @ BOR,Bordeaux,159,0,Strasbourg,180,3,STATUS_FULL_TIME,Stade Atlantique,2017-2018,0,12,8,2017
482246,2017-12-09 16:00:00+00:00,Lille at Paris Saint-Germain,LILL @ PSG,Paris Saint-Germain,160,3,Lille,166,1,STATUS_FULL_TIME,Parc des Princes,2017-2018,0,12,9,2017
482245,2017-12-09 19:00:00+00:00,Dijon FCO at Guingamp,DIJO @ EAG,Guingamp,171,4,Dijon FCO,3170,0,STATUS_FULL_TIME,Stade Municipal de Roudourou,2017-2018,0,12,9,2017
482248,2017-12-09 19:00:00+00:00,Montpellier at Angers,MON @ ANG,Angers,7868,1,Montpellier,274,1,STATUS_FULL_TIME,Stade Raymond Kopa,2017-2018,0,12,9,2017
482250,2017-12-09 19:00:00+00:00,Stade Rennais at Metz,REN @ METZ,Metz,177,1,Stade Rennais,169,1,STATUS_FULL_TIME,Stade Saint-Symphorien,2017-2018,0,12,9,2017
482244,2017-12-09 19:00:00+00:00,Caen at Toulouse,CAN @ TOU,Toulouse,179,2,Caen,2927,0,STATUS_FULL_TIME,Stadium de Toulouse,2017-2018,0,12,9,2017
482253,2017-12-09 19:00:00+00:00,Troyes at AS Monaco,TRY @ MON,AS Monaco,174,3,Troyes,170,2,STATUS_FULL_TIME,Stade Louis II,2017-2018,0,12,9,2017
482247,2017-12-10 14:00:00+00:00,Lyon at SC Amiens,LYON @ AMI,SC Amiens,3335,1,Lyon,167,2,STATUS_FULL_TIME,Stade Crédit Agricole de la Licorne,2017-2018,0,12,10,2017
482249,2017-12-10 16:00:00+00:00,Nice at Nantes,NICE @ NAN,Nantes,165,1,Nice,2502,2,STATUS_FULL_TIME,La Beaujoire-Louis-Fonteneau,2017-2018,0,12,10,2017
482251,2017-12-10 20:00:00+00:00,Saint-Étienne at Marseille,ASSE @ OLM,Marseille,176,3,Saint-Étienne,178,0,STATUS_FULL_TIME,Orange Vélodrome,2017-2018,0,12,10,2017
482241,2017-12-15 19:45:00+00:00,AS Monaco at Saint-Étienne,MON @ ASSE,Saint-Étienne,178,0,AS Monaco,174,4,STATUS_FULL_TIME,Stade Geoffroy-Guichard,2017-2018,0,12,15,2017
482242,2017-12-16 16:00:00+00:00,Paris Saint-Germain at Stade Rennais,PSG @ REN,Stade Rennais,169,1,Paris Saint-Germain,160,4,STATUS_FULL_TIME,Roazhon Park,2017-2018,0,12,16,2017
482240,2017-12-16 19:00:00+00:00,Metz at Montpellier,METZ @ MON,Montpellier,274,1,Metz,177,3,STATUS_FULL_TIME,Stade de la Mosson,2017-2018,0,12,16,2017
482243,2017-12-16 19:00:00+00:00,Toulouse at Strasbourg,TOU @ STR,Strasbourg,180,2,Toulouse,179,1,STATUS_FULL_TIME,Stade de la Meinau,2017-2018,0,12,16,2017
482237,2017-12-16 19:00:00+00:00,Guingamp at Caen,EAG @ CAN,Caen,2927,0,Guingamp,171,0,STATUS_FULL_TIME,Stade Michel-d'Ornano,2017-2018,0,12,16,2017
482238,2017-12-16 19:00:00+00:00,Lille at Dijon FCO,LILL @ DIJO,Dijon FCO,3170,3,Lille,166,0,STATUS_FULL_TIME,Stade Gaston-Gérard,2017-2018,0,12,16,2017
482234,2017-12-16 19:00:00+00:00,SC Amiens at Troyes,AMI @ TRY,Troyes,170,1,SC Amiens,3335,0,STATUS_FULL_TIME,Stade de l'Aube,2017-2018,0,12,16,2017
482235,2017-12-17 14:00:00+00:00,Angers at Nantes,ANG @ NAN,Nantes,165,1,Angers,7868,0,STATUS_FULL_TIME,La Beaujoire-Louis-Fonteneau,2017-2018,0,12,17,2017
482236,2017-12-17 16:00:00+00:00,Bordeaux at Nice,BOR @ NICE,Nice,2502,1,Bordeaux,159,0,STATUS_FULL_TIME,Allianz Riviera,2017-2018,0,12,17,2017
482239,2017-12-17 20:00:00+00:00,Marseille at Lyon,OLM @ LYON,Lyon,167,2,Marseille,176,0,STATUS_FULL_TIME,Groupama Stadium,2017-2018,0,12,17,2017
482225,2017-12-20 19:50:00+00:00,Dijon FCO at Angers,DIJO @ ANG,Angers,7868,2,Dijon FCO,3170,1,STATUS_FULL_TIME,Stade Raymond Kopa,2017-2018,0,12,20,2017
482230,2017-12-20 19:50:00+00:00,Stade Rennais at AS Monaco,REN @ MON,AS Monaco,174,2,Stade Rennais,169,1,STATUS_FULL_TIME,Stade Louis II,2017-2018,0,12,20,2017
482227,2017-12-20 19:50:00+00:00,Montpellier at Bordeaux,MON @ BOR,Bordeaux,159,0,Montpellier,274,2,STATUS_FULL_TIME,Stade Atlantique,2017-2018,0,12,20,2017
482231,2017-12-20 19:50:00+00:00,Saint-Étienne at Guingamp,ASSE @ EAG,Guingamp,171,2,Saint-Étienne,178,1,STATUS_FULL_TIME,Stade Municipal de Roudourou,2017-2018,0,12,20,2017
482229,2017-12-20 19:50:00+00:00,Nice at Lille,NICE @ LILL,Lille,166,1,Nice,2502,1,STATUS_FULL_TIME,Decathlon Arena - Stade Pierre-Mauroy,2017-2018,0,12,20,2017
482233,2017-12-20 19:50:00+00:00,Troyes at Marseille,TRY @ OLM,Marseille,176,3,Troyes,170,1,STATUS_FULL_TIME,Orange Vélodrome,2017-2018,0,12,20,2017
482232,2017-12-20 19:50:00+00:00,Strasbourg at Metz,STR @ METZ,Metz,177,3,Strasbourg,180,0,STATUS_FULL_TIME,Stade Saint-Symphorien,2017-2018,0,12,20,2017
482224,2017-12-20 19:50:00+00:00,Caen at Paris Saint-Germain,CAN @ PSG,Paris Saint-Germain,160,3,Caen,2927,1,STATUS_FULL_TIME,Parc des Princes,2017-2018,0,12,20,2017
482228,2017-12-20 19:50:00+00:00,Nantes at SC Amiens,NAN @ AMI,SC Amiens,3335,0,Nantes,165,1,STATUS_FULL_TIME,Stade Crédit Agricole de la Licorne,2017-2018,0,12,20,2017
482226,2017-12-20 19:50:00+00:00,Lyon at Toulouse,LYON @ TOU,Toulouse,179,1,Lyon,167,2,STATUS_FULL_TIME,Stadium de Toulouse,2017-2018,0,12,20,2017
482217,2018-01-12 19:45:00+00:00,Guingamp at Strasbourg,EAG @ STR,Strasbourg,180,0,Guingamp,171,2,STATUS_FULL_TIME,Stade de la Meinau,2017-2018,0,1,12,2018
482219,2018-01-13 16:00:00+00:00,Marseille at Stade Rennais,OLM @ REN,Stade Rennais,169,0,Marseille,176,3,STATUS_FULL_TIME,Roazhon Park,2017-2018,0,1,13,2018
482218,2018-01-13 19:00:00+00:00,Lille at Caen,LILL @ CAN,Caen,2927,0,Lille,166,1,STATUS_FULL_TIME,Stade Michel-d'Ornano,2017-2018,0,1,13,2018
482220,2018-01-13 19:00:00+00:00,Metz at Dijon FCO,METZ @ DIJO,Dijon FCO,3170,1,Metz,177,1,STATUS_FULL_TIME,Stade Gaston-Gérard,2017-2018,0,1,13,2018
482221,2018-01-13 19:00:00+00:00,AS Monaco at Montpellier,MON @ MON,Montpellier,274,0,AS Monaco,174,0,STATUS_FULL_TIME,Stade de la Mosson,2017-2018,0,1,13,2018
482214,2018-01-13 19:00:00+00:00,SC Amiens at Nice,AMI @ NICE,Nice,2502,1,SC Amiens,3335,0,STATUS_FULL_TIME,Allianz Riviera,2017-2018,0,1,13,2018
482216,2018-01-13 19:00:00+00:00,Bordeaux at Troyes,BOR @ TRY,Troyes,170,0,Bordeaux,159,1,STATUS_FULL_TIME,Stade de l'Aube,2017-2018,0,1,13,2018
482223,2018-01-14 14:00:00+00:00,Toulouse at Saint-Étienne,TOU @ ASSE,Saint-Étienne,178,2,Toulouse,179,0,STATUS_FULL_TIME,Stade Geoffroy-Guichard,2017-2018,0,1,14,2018
482215,2018-01-14 16:00:00+00:00,Angers at Lyon,ANG @ LYON,Lyon,167,1,Angers,7868,1,STATUS_FULL_TIME,Groupama Stadium,2017-2018,0,1,14,2018
482222,2018-01-14 20:00:00+00:00,Paris Saint-Germain at Nantes,PSG @ NAN,Nantes,165,0,Paris Saint-Germain,160,1,STATUS_FULL_TIME,La Beaujoire-Louis-Fonteneau,2017-2018,0,1,14,2018
482204,2018-01-16 18:00:00+00:00,Caen at Bordeaux,CAN @ BOR,Bordeaux,159,0,Caen,2927,2,STATUS_FULL_TIME,Stade Atlantique,2017-2018,0,1,16,2018
482212,2018-01-16 18:00:00+00:00,Strasbourg at Marseille,STR @ OLM,Marseille,176,2,Strasbourg,180,0,STATUS_FULL_TIME,Orange Vélodrome,2017-2018,0,1,16,2018
482209,2018-01-16 20:00:00+00:00,Nice at AS Monaco,NICE @ MON,AS Monaco,174,2,Nice,2502,2,STATUS_FULL_TIME,Stade Louis II,2017-2018,0,1,16,2018
482210,2018-01-17 18:00:00+00:00,Stade Rennais at Lille,REN @ LILL,Lille,166,1,Stade Rennais,169,2,STATUS_FULL_TIME,Decathlon Arena - Stade Pierre-Mauroy,2017-2018,0,1,17,2018
482206,2018-01-17 18:00:00+00:00,Lyon at Guingamp,LYON @ EAG,Guingamp,171,0,Lyon,167,2,STATUS_FULL_TIME,Stade Municipal de Roudourou,2017-2018,0,1,17,2018
482213,2018-01-17 18:00:00+00:00,Troyes at Angers,TRY @ ANG,Angers,7868,3,Troyes,170,1,STATUS_FULL_TIME,Stade Raymond Kopa,2017-2018,0,1,17,2018
482208,2018-01-17 18:00:00+00:00,Nantes at Toulouse,NAN @ TOU,Toulouse,179,1,Nantes,165,1,STATUS_FULL_TIME,Stadium de Toulouse,2017-2018,0,1,17,2018
482207,2018-01-17 18:00:00+00:00,Montpellier at SC Amiens,MON @ AMI,SC Amiens,3335,1,Montpellier,274,1,STATUS_FULL_TIME,Stade Crédit Agricole de la Licorne,2017-2018,0,1,17,2018
482211,2018-01-17 18:00:00+00:00,Saint-Étienne at Metz,ASSE @ METZ,Metz,177,3,Saint-Étienne,178,0,STATUS_FULL_TIME,Stade Saint-Symphorien,2017-2018,0,1,17,2018
482205,2018-01-17 20:00:00+00:00,Dijon FCO at Paris Saint-Germain,DIJO @ PSG,Paris Saint-Germain,160,8,Dijon FCO,3170,0,STATUS_FULL_TIME,Parc des Princes,2017-2018,0,1,17,2018
482199,2018-01-19 19:45:00+00:00,Marseille at Caen,OLM @ CAN,Caen,2927,0,Marseille,176,2,STATUS_FULL_TIME,Stade Michel-d'Ornano,2017-2018,0,1,19,2018
482195,2018-01-20 16:00:00+00:00,Bordeaux at Nantes,BOR @ NAN,Nantes,165,0,Bordeaux,159,1,STATUS_FULL_TIME,La Beaujoire-Louis-Fonteneau,2017-2018,0,1,20,2018
482203,2018-01-20 19:00:00+00:00,Toulouse at Montpellier,TOU @ MON,Montpellier,274,2,Toulouse,179,1,STATUS_FULL_TIME,Stade de la Mosson,2017-2018,0,1,20,2018
482197,2018-01-20 19:00:00+00:00,Guingamp at SC Amiens,EAG @ AMI,SC Amiens,3335,3,Guingamp,171,1,STATUS_FULL_TIME,Stade Crédit Agricole de la Licorne,2017-2018,0,1,20,2018
482194,2018-01-20 19:00:00+00:00,Angers at Stade Rennais,ANG @ REN,Stade Rennais,169,1,Angers,7868,0,STATUS_FULL_TIME,Roazhon Park,2017-2018,0,1,20,2018
482196,2018-01-20 19:00:00+00:00,Dijon FCO at Strasbourg,DIJO @ STR,Strasbourg,180,3,Dijon FCO,3170,2,STATUS_FULL_TIME,Stade de la Meinau,2017-2018,0,1,20,2018
482198,2018-01-20 19:00:00+00:00,Lille at Troyes,LILL @ TRY,Troyes,170,1,Lille,166,0,STATUS_FULL_TIME,Stade de l'Aube,2017-2018,0,1,20,2018
482202,2018-01-21 14:00:00+00:00,Saint-Étienne at Nice,ASSE @ NICE,Nice,2502,1,Saint-Étienne,178,0,STATUS_FULL_TIME,Allianz Riviera,2017-2018,0,1,21,2018
482200,2018-01-21 16:00:00+00:00,Metz at AS Monaco,METZ @ MON,AS Monaco,174,3,Metz,177,1,STATUS_FULL_TIME,Stade Louis II,2017-2018,0,1,21,2018
482201,2018-01-21 20:00:00+00:00,Paris Saint-Germain at Lyon,PSG @ LYON,Lyon,167,2,Paris Saint-Germain,160,1,STATUS_FULL_TIME,Groupama Stadium,2017-2018,0,1,21,2018
482191,2018-01-26 19:45:00+00:00,Stade Rennais at Dijon FCO,REN @ DIJO,Dijon FCO,3170,2,Stade Rennais,169,1,STATUS_FULL_TIME,Stade Gaston-Gérard,2017-2018,0,1,26,2018
482188,2018-01-27 16:00:00+00:00,Montpellier at Paris Saint-Germain,MON @ PSG,Paris Saint-Germain,160,4,Montpellier,274,0,STATUS_FULL_TIME,Parc des Princes,2017-2018,0,1,27,2018
482184,2018-01-27 19:00:00+00:00,SC Amiens at Angers,AMI @ ANG,Angers,7868,1,SC Amiens,3335,0,STATUS_FULL_TIME,Stade Raymond Kopa,2017-2018,0,1,27,2018
482189,2018-01-27 19:00:00+00:00,Nantes at Guingamp,NAN @ EAG,Guingamp,171,0,Nantes,165,3,STATUS_FULL_TIME,Stade Municipal de Roudourou,2017-2018,0,1,27,2018
482190,2018-01-27 19:00:00+00:00,Nice at Metz,NICE @ METZ,Metz,177,2,Nice,2502,1,STATUS_FULL_TIME,Stade Saint-Symphorien,2017-2018,0,1,27,2018
482185,2018-01-27 19:00:00+00:00,Caen at Saint-Étienne,CAN @ ASSE,Saint-Étienne,178,2,Caen,2927,1,STATUS_FULL_TIME,Stade Geoffroy-Guichard,2017-2018,0,1,27,2018
482193,2018-01-27 19:00:00+00:00,Troyes at Toulouse,TRY @ TOU,Toulouse,179,1,Troyes,170,0,STATUS_FULL_TIME,Stadium de Toulouse,2017-2018,0,1,27,2018
482192,2018-01-28 14:00:00+00:00,Strasbourg at Lille,STR @ LILL,Lille,166,2,Strasbourg,180,1,STATUS_FULL_TIME,Decathlon Arena - Stade Pierre-Mauroy,2017-2018,0,1,28,2018
482186,2018-01-28 16:00:00+00:00,Lyon at Bordeaux,LYON @ BOR,Bordeaux,159,3,Lyon,167,1,STATUS_FULL_TIME,Stade Atlantique,2017-2018,0,1,28,2018
482187,2018-01-28 20:00:00+00:00,AS Monaco at Marseille,MON @ OLM,Marseille,176,2,AS Monaco,174,2,STATUS_FULL_TIME,Orange Vélodrome,2017-2018,0,1,28,2018
482179,2018-02-02 19:45:00+00:00,Metz at Marseille,METZ @ OLM,Marseille,176,6,Metz,177,3,STATUS_FULL_TIME,Orange Vélodrome,2017-2018,0,2,2,2018
482181,2018-02-03 16:00:00+00:00,Paris Saint-Germain at Lille,PSG @ LILL,Lille,166,0,Paris Saint-Germain,160,3,STATUS_FULL_TIME,Decathlon Arena - Stade Pierre-Mauroy,2017-2018,0,2,3,2018
482174,2018-02-03 19:00:00+00:00,Angers at Montpellier,ANG @ MON,Montpellier,274,2,Angers,7868,1,STATUS_FULL_TIME,Stade de la Mosson,2017-2018,0,2,3,2018
482183,2018-02-03 19:00:00+00:00,Toulouse at Nice,TOU @ NICE,Nice,2502,0,Toulouse,179,1,STATUS_FULL_TIME,Allianz Riviera,2017-2018,0,2,3,2018
482182,2018-02-03 19:00:00+00:00,Saint-Étienne at SC Amiens,ASSE @ AMI,SC Amiens,3335,0,Saint-Étienne,178,2,STATUS_FULL_TIME,Stade Crédit Agricole de la Licorne,2017-2018,0,2,3,2018
482175,2018-02-03 19:00:00+00:00,Bordeaux at Strasbourg,BOR @ STR,Strasbourg,180,0,Bordeaux,159,2,STATUS_FULL_TIME,Stade de la Meinau,2017-2018,0,2,3,2018
482177,2018-02-04 14:00:00+00:00,Guingamp at Stade Rennais,EAG @ REN,Stade Rennais,169,0,Guingamp,171,1,STATUS_FULL_TIME,Roazhon Park,2017-2018,0,2,4,2018
482180,2018-02-04 16:00:00+00:00,Nantes at Caen,NAN @ CAN,Caen,2927,3,Nantes,165,2,STATUS_FULL_TIME,Stade Michel-d'Ornano,2017-2018,0,2,4,2018
482178,2018-02-04 20:00:00+00:00,Lyon at AS Monaco,LYON @ MON,AS Monaco,174,3,Lyon,167,2,STATUS_FULL_TIME,Stade Louis II,2017-2018,0,2,4,2018
482167,2018-02-09 19:45:00+00:00,Marseille at Saint-Étienne,OLM @ ASSE,Saint-Étienne,178,2,Marseille,176,2,STATUS_FULL_TIME,Stade Geoffroy-Guichard,2017-2018,0,2,9,2018
482171,2018-02-10 16:00:00+00:00,Paris Saint-Germain at Toulouse,PSG @ TOU,Toulouse,179,0,Paris Saint-Germain,160,1,STATUS_FULL_TIME,Stadium de Toulouse,2017-2018,0,2,10,2018
482168,2018-02-10 19:00:00+00:00,AS Monaco at Angers,MON @ ANG,Angers,7868,0,AS Monaco,174,4,STATUS_FULL_TIME,Stade Raymond Kopa,2017-2018,0,2,10,2018
482164,2018-02-10 19:00:00+00:00,SC Amiens at Bordeaux,AMI @ BOR,Bordeaux,159,3,SC Amiens,3335,2,STATUS_FULL_TIME,Stade Atlantique,2017-2018,0,2,10,2018
482170,2018-02-10 19:00:00+00:00,Nice at Dijon FCO,NICE @ DIJO,Dijon FCO,3170,3,Nice,2502,2,STATUS_FULL_TIME,Stade Gaston-Gérard,2017-2018,0,2,10,2018
482165,2018-02-10 19:00:00+00:00,Caen at Guingamp,CAN @ EAG,Guingamp,171,0,Caen,2927,0,STATUS_FULL_TIME,Stade Municipal de Roudourou,2017-2018,0,2,10,2018
482169,2018-02-10 19:00:00+00:00,Montpellier at Metz,MON @ METZ,Metz,177,0,Montpellier,274,1,STATUS_FULL_TIME,Stade Saint-Symphorien,2017-2018,0,2,10,2018
482173,2018-02-11 14:00:00+00:00,Troyes at Strasbourg,TRY @ STR,Strasbourg,180,2,Troyes,170,1,STATUS_FULL_TIME,Stade de la Meinau,2017-2018,0,2,11,2018
482166,2018-02-11 16:00:00+00:00,Lille at Nantes,LILL @ NAN,Nantes,165,2,Lille,166,2,STATUS_FULL_TIME,La Beaujoire-Louis-Fonteneau,2017-2018,0,2,11,2018
482172,2018-02-11 20:00:00+00:00,Stade Rennais at Lyon,REN @ LYON,Lyon,167,0,Stade Rennais,169,2,STATUS_FULL_TIME,Groupama Stadium,2017-2018,0,2,11,2018
482155,2018-02-16 19:45:00+00:00,Dijon FCO at AS Monaco,DIJO @ MON,AS Monaco,174,4,Dijon FCO,3170,0,STATUS_FULL_TIME,Stade Louis II,2017-2018,0,2,16,2018
482162,2018-02-17 16:00:00+00:00,Strasbourg at Paris Saint-Germain,STR @ PSG,Paris Saint-Germain,160,5,Strasbourg,180,2,STATUS_FULL_TIME,Parc des Princes,2017-2018,0,2,17,2018
482161,2018-02-17 19:00:00+00:00,Saint-Étienne at Angers,ASSE @ ANG,Angers,7868,0,Saint-Étienne,178,1,STATUS_FULL_TIME,Stade Raymond Kopa,2017-2018,0,2,17,2018
482160,2018-02-17 19:00:00+00:00,Stade Rennais at Caen,REN @ CAN,Caen,2927,2,Stade Rennais,169,2,STATUS_FULL_TIME,Stade Michel-d'Ornano,2017-2018,0,2,17,2018
482156,2018-02-17 19:00:00+00:00,Guingamp at Montpellier,EAG @ MON,Montpellier,274,1,Guingamp,171,1,STATUS_FULL_TIME,Stade de la Mosson,2017-2018,0,2,17,2018
482163,2018-02-17 19:00:00+00:00,Toulouse at SC Amiens,TOU @ AMI,SC Amiens,3335,0,Toulouse,179,0,STATUS_FULL_TIME,Stade Crédit Agricole de la Licorne,2017-2018,0,2,17,2018
482158,2018-02-17 19:00:00+00:00,Metz at Troyes,METZ @ TRY,Troyes,170,1,Metz,177,0,STATUS_FULL_TIME,Stade de l'Aube,2017-2018,0,2,17,2018
482159,2018-02-18 14:00:00+00:00,Nantes at Nice,NAN @ NICE,Nice,2502,1,Nantes,165,1,STATUS_FULL_TIME,Allianz Riviera,2017-2018,0,2,18,2018
482157,2018-02-18 16:00:00+00:00,Lyon at Lille,LYON @ LILL,Lille,166,2,Lyon,167,2,STATUS_FULL_TIME,Decathlon Arena - Stade Pierre-Mauroy,2017-2018,0,2,18,2018
482154,2018-02-18 20:00:00+00:00,Bordeaux at Marseille,BOR @ OLM,Marseille,176,1,Bordeaux,159,0,STATUS_FULL_TIME,Orange Vélodrome,2017-2018,0,2,18,2018
482176,2018-02-20 17:30:00+00:00,Dijon FCO at Troyes,DIJO @ TRY,Troyes,170,0,Dijon FCO,3170,0,STATUS_FULL_TIME,Stade de l'Aube,2017-2018,0,2,20,2018
482150,2018-02-23 19:45:00+00:00,Montpellier at Strasbourg,MON @ STR,Strasbourg,180,0,Montpellier,274,0,STATUS_FULL_TIME,Stade de la Meinau,2017-2018,0,2,23,2018
482149,2018-02-24 16:00:00+00:00,AS Monaco at Toulouse,MON @ TOU,Toulouse,179,3,AS Monaco,174,3,STATUS_FULL_TIME,Stadium de Toulouse,2017-2018,0,2,24,2018
482146,2018-02-24 19:00:00+00:00,Caen at Dijon FCO,CAN @ DIJO,Dijon FCO,3170,2,Caen,2927,0,STATUS_FULL_TIME,Stade Gaston-Gérard,2017-2018,0,2,24,2018
482148,2018-02-24 19:00:00+00:00,Metz at Guingamp,METZ @ EAG,Guingamp,171,2,Metz,177,2,STATUS_FULL_TIME,Stade Municipal de Roudourou,2017-2018,0,2,24,2018
482145,2018-02-24 19:00:00+00:00,Angers at Lille,ANG @ LILL,Lille,166,1,Angers,7868,2,STATUS_FULL_TIME,Decathlon Arena - Stade Pierre-Mauroy,2017-2018,0,2,24,2018
482144,2018-02-24 19:00:00+00:00,SC Amiens at Nantes,AMI @ NAN,Nantes,165,0,SC Amiens,3335,1,STATUS_FULL_TIME,La Beaujoire-Louis-Fonteneau,2017-2018,0,2,24,2018
482153,2018-02-24 19:00:00+00:00,Troyes at Stade Rennais,TRY @ REN,Stade Rennais,169,2,Troyes,170,0,STATUS_FULL_TIME,Roazhon Park,2017-2018,0,2,24,2018
482151,2018-02-25 14:00:00+00:00,Nice at Bordeaux,NICE @ BOR,Bordeaux,159,0,Nice,2502,0,STATUS_FULL_TIME,Stade Atlantique,2017-2018,0,2,25,2018
482152,2018-02-25 16:00:00+00:00,Saint-Étienne at Lyon,ASSE @ LYON,Lyon,167,1,Saint-Étienne,178,1,STATUS_FULL_TIME,Groupama Stadium,2017-2018,0,2,25,2018
482147,2018-02-25 20:00:00+00:00,Marseille at Paris Saint-Germain,OLM @ PSG,Paris Saint-Germain,160,3,Marseille,176,0,STATUS_FULL_TIME,Parc des Princes,2017-2018,0,2,25,2018
482137,2018-03-02 18:00:00+00:00,Lille at Nice,LILL @ NICE,Nice,2502,2,Lille,166,1,STATUS_FULL_TIME,Allianz Riviera,2017-2018,0,3,2,2018
482134,2018-03-02 19:45:00+00:00,Bordeaux at AS Monaco,BOR @ MON,AS Monaco,174,2,Bordeaux,159,1,STATUS_FULL_TIME,Stade Louis II,2017-2018,0,3,2,2018
482140,2018-03-03 16:00:00+00:00,Paris Saint-Germain at Troyes,PSG @ TRY,Troyes,170,0,Paris Saint-Germain,160,2,STATUS_FULL_TIME,Stade de l'Aube,2017-2018,0,3,3,2018
482143,2018-03-03 19:00:00+00:00,Toulouse at Metz,TOU @ METZ,Metz,177,1,Toulouse,179,1,STATUS_FULL_TIME,Stade Saint-Symphorien,2017-2018,0,3,3,2018
482136,2018-03-03 19:00:00+00:00,Guingamp at Angers,EAG @ ANG,Angers,7868,3,Guingamp,171,0,STATUS_FULL_TIME,Stade Raymond Kopa,2017-2018,0,3,3,2018
482141,2018-03-03 19:00:00+00:00,Stade Rennais at SC Amiens,REN @ AMI,SC Amiens,3335,0,Stade Rennais,169,2,STATUS_FULL_TIME,Stade Crédit Agricole de la Licorne,2017-2018,0,3,3,2018
482135,2018-03-03 19:00:00+00:00,Dijon FCO at Saint-Étienne,DIJO @ ASSE,Saint-Étienne,178,2,Dijon FCO,3170,2,STATUS_FULL_TIME,Stade Geoffroy-Guichard,2017-2018,0,3,3,2018
482142,2018-03-04 14:00:00+00:00,Strasbourg at Caen,STR @ CAN,Caen,2927,2,Strasbourg,180,0,STATUS_FULL_TIME,Stade Michel-d'Ornano,2017-2018,0,3,4,2018
482138,2018-03-04 16:00:00+00:00,Lyon at Montpellier,LYON @ MON,Montpellier,274,1,Lyon,167,1,STATUS_FULL_TIME,Stade de la Mosson,2017-2018,0,3,4,2018
482139,2018-03-04 20:00:00+00:00,Nantes at Marseille,NAN @ OLM,Marseille,176,1,Nantes,165,1,STATUS_FULL_TIME,Orange Vélodrome,2017-2018,0,3,4,2018
482129,2018-03-09 19:45:00+00:00,AS Monaco at Strasbourg,MON @ STR,Strasbourg,180,1,AS Monaco,174,3,STATUS_FULL_TIME,Stade de la Meinau,2017-2018,0,3,9,2018
482128,2018-03-10 16:00:00+00:00,Metz at Paris Saint-Germain,METZ @ PSG,Paris Saint-Germain,160,5,Metz,177,0,STATUS_FULL_TIME,Parc des Princes,2017-2018,0,3,10,2018
482130,2018-03-10 19:00:00+00:00,Montpellier at Lille,MON @ LILL,Lille,166,1,Montpellier,274,1,STATUS_FULL_TIME,Decathlon Arena - Stade Pierre-Mauroy,2017-2018,0,3,10,2018
482133,2018-03-10 19:00:00+00:00,Troyes at Nantes,TRY @ NAN,Nantes,165,1,Troyes,170,0,STATUS_FULL_TIME,La Beaujoire-Louis-Fonteneau,2017-2018,0,3,10,2018
482125,2018-03-10 19:00:00+00:00,Angers at Bordeaux,ANG @ BOR,Bordeaux,159,0,Angers,7868,0,STATUS_FULL_TIME,Stade Atlantique,2017-2018,0,3,10,2018
482124,2018-03-10 19:00:00+00:00,SC Amiens at Dijon FCO,AMI @ DIJO,Dijon FCO,3170,1,SC Amiens,3335,1,STATUS_FULL_TIME,Stade Gaston-Gérard,2017-2018,0,3,10,2018
482132,2018-03-10 19:00:00+00:00,Saint-Étienne at Stade Rennais,ASSE @ REN,Stade Rennais,169,1,Saint-Étienne,178,1,STATUS_FULL_TIME,Roazhon Park,2017-2018,0,3,10,2018
482131,2018-03-11 14:00:00+00:00,Nice at Guingamp,NICE @ EAG,Guingamp,171,2,Nice,2502,5,STATUS_FULL_TIME,Stade Municipal de Roudourou,2017-2018,0,3,11,2018
482126,2018-03-11 16:00:00+00:00,Caen at Lyon,CAN @ LYON,Lyon,167,1,Caen,2927,0,STATUS_FULL_TIME,Groupama Stadium,2017-2018,0,3,11,2018
482127,2018-03-11 20:00:00+00:00,Marseille at Toulouse,OLM @ TOU,Toulouse,179,1,Marseille,176,2,STATUS_FULL_TIME,Stadium de Toulouse,2017-2018,0,3,11,2018
482105,2018-03-14 16:00:00+00:00,Angers at Paris Saint-Germain,ANG @ PSG,Paris Saint-Germain,160,2,Angers,7868,1,STATUS_FULL_TIME,Parc des Princes,2017-2018,0,3,14,2018
482117,2018-03-16 19:45:00+00:00,Lille at AS Monaco,LILL @ MON,AS Monaco,174,2,Lille,166,1,STATUS_FULL_TIME,Stade Louis II,2017-2018,0,3,16,2018
482121,2018-03-17 16:00:00+00:00,Stade Rennais at Bordeaux,REN @ BOR,Bordeaux,159,0,Stade Rennais,169,2,STATUS_FULL_TIME,Stade Atlantique,2017-2018,0,3,17,2018
482114,2018-03-17 19:00:00+00:00,Caen at Angers,CAN @ ANG,Angers,7868,3,Caen,2927,0,STATUS_FULL_TIME,Stade Raymond Kopa,2017-2018,0,3,17,2018
482115,2018-03-17 19:00:00+00:00,Dijon FCO at Montpellier,DIJO @ MON,Montpellier,274,2,Dijon FCO,3170,2,STATUS_FULL_TIME,Stade de la Mosson,2017-2018,0,3,17,2018
482123,2018-03-17 19:00:00+00:00,Troyes at SC Amiens,TRY @ AMI,SC Amiens,3335,1,Troyes,170,1,STATUS_FULL_TIME,Stade Crédit Agricole de la Licorne,2017-2018,0,3,17,2018
482122,2018-03-17 19:00:00+00:00,Strasbourg at Toulouse,STR @ TOU,Toulouse,179,2,Strasbourg,180,2,STATUS_FULL_TIME,Stadium de Toulouse,2017-2018,0,3,17,2018
482120,2018-03-18 12:00:00+00:00,Paris Saint-Germain at Nice,PSG @ NICE,Nice,2502,1,Paris Saint-Germain,160,2,STATUS_FULL_TIME,Allianz Riviera,2017-2018,0,3,18,2018
482119,2018-03-18 14:00:00+00:00,Nantes at Metz,NAN @ METZ,Metz,177,1,Nantes,165,1,STATUS_FULL_TIME,Stade Saint-Symphorien,2017-2018,0,3,18,2018
482116,2018-03-18 16:00:00+00:00,Guingamp at Saint-Étienne,EAG @ ASSE,Saint-Étienne,178,2,Guingamp,171,0,STATUS_FULL_TIME,Stade Geoffroy-Guichard,2017-2018,0,3,18,2018
482118,2018-03-18 20:00:00+00:00,Lyon at Marseille,LYON @ OLM,Marseille,176,2,Lyon,167,3,STATUS_FULL_TIME,Orange Vélodrome,2017-2018,0,3,18,2018
482107,2018-03-31 15:00:00+00:00,Marseille at Dijon FCO,OLM @ DIJO,Dijon FCO,3170,1,Marseille,176,3,STATUS_FULL_TIME,Stade Gaston-Gérard,2017-2018,0,3,31,2018
482106,2018-04-01 13:00:00+00:00,Bordeaux at Guingamp,BOR @ EAG,Guingamp,171,2,Bordeaux,159,1,STATUS_FULL_TIME,Stade Municipal de Roudourou,2017-2018,0,4,1,2018
482110,2018-04-01 15:00:00+00:00,Montpellier at Caen,MON @ CAN,Caen,2927,1,Montpellier,274,3,STATUS_FULL_TIME,Stade Michel-d'Ornano,2017-2018,0,4,1,2018
482104,2018-04-01 15:00:00+00:00,SC Amiens at Lille,AMI @ LILL,Lille,166,0,SC Amiens,3335,1,STATUS_FULL_TIME,Decathlon Arena - Stade Pierre-Mauroy,2017-2018,0,4,1,2018
482112,2018-04-01 15:00:00+00:00,Saint-Étienne at Nantes,ASSE @ NAN,Nantes,165,0,Saint-Étienne,178,3,STATUS_FULL_TIME,La Beaujoire-Louis-Fonteneau,2017-2018,0,4,1,2018
482108,2018-04-01 15:00:00+00:00,Metz at Strasbourg,METZ @ STR,Strasbourg,180,2,Metz,177,2,STATUS_FULL_TIME,Stade de la Meinau,2017-2018,0,4,1,2018
482111,2018-04-01 15:00:00+00:00,Nice at Troyes,NICE @ TRY,Troyes,170,0,Nice,2502,2,STATUS_FULL_TIME,Stade de l'Aube,2017-2018,0,4,1,2018
482113,2018-04-01 19:00:00+00:00,Toulouse at Lyon,TOU @ LYON,Lyon,167,2,Toulouse,179,0,STATUS_FULL_TIME,Groupama Stadium,2017-2018,0,4,1,2018
482109,2018-04-04 16:45:00+00:00,AS Monaco at Stade Rennais,MON @ REN,Stade Rennais,169,1,AS Monaco,174,1,STATUS_FULL_TIME,Roazhon Park,2017-2018,0,4,4,2018
482100,2018-04-06 18:45:00+00:00,Paris Saint-Germain at Saint-Étienne,PSG @ ASSE,Saint-Étienne,178,1,Paris Saint-Germain,160,1,STATUS_FULL_TIME,Stade Geoffroy-Guichard,2017-2018,0,4,6,2018
482099,2018-04-07 15:00:00+00:00,Nantes at AS Monaco,NAN @ MON,AS Monaco,174,2,Nantes,165,1,STATUS_FULL_TIME,Stade Louis II,2017-2018,0,4,7,2018
482102,2018-04-07 18:00:00+00:00,Strasbourg at Angers,STR @ ANG,Angers,7868,1,Strasbourg,180,1,STATUS_FULL_TIME,Stade Raymond Kopa,2017-2018,0,4,7,2018
482095,2018-04-07 18:00:00+00:00,Dijon FCO at Toulouse,DIJO @ TOU,Toulouse,179,0,Dijon FCO,3170,1,STATUS_FULL_TIME,Stadium de Toulouse,2017-2018,0,4,7,2018
482096,2018-04-07 18:00:00+00:00,Lille at Bordeaux,LILL @ BOR,Bordeaux,159,2,Lille,166,1,STATUS_FULL_TIME,Stade Atlantique,2017-2018,0,4,7,2018
482094,2018-04-07 18:00:00+00:00,Caen at SC Amiens,CAN @ AMI,SC Amiens,3335,3,Caen,2927,0,STATUS_FULL_TIME,Stade Crédit Agricole de la Licorne,2017-2018,0,4,7,2018
482103,2018-04-07 18:00:00+00:00,Troyes at Guingamp,TRY @ EAG,Guingamp,171,4,Troyes,170,0,STATUS_FULL_TIME,Stade Municipal de Roudourou,2017-2018,0,4,7,2018
482101,2018-04-08 13:00:00+00:00,Stade Rennais at Nice,REN @ NICE,Nice,2502,1,Stade Rennais,169,1,STATUS_FULL_TIME,Allianz Riviera,2017-2018,0,4,8,2018
482097,2018-04-08 15:00:00+00:00,Lyon at Metz,LYON @ METZ,Metz,177,0,Lyon,167,5,STATUS_FULL_TIME,Stade Saint-Symphorien,2017-2018,0,4,8,2018
482098,2018-04-08 19:00:00+00:00,Montpellier at Marseille,MON @ OLM,Marseille,176,0,Montpellier,274,0,STATUS_FULL_TIME,Orange Vélodrome,2017-2018,0,4,8,2018
482091,2018-04-13 18:45:00+00:00,Nice at Angers,NICE @ ANG,Angers,7868,1,Nice,2502,1,STATUS_FULL_TIME,Stade Raymond Kopa,2017-2018,0,4,13,2018
482084,2018-04-14 15:00:00+00:00,SC Amiens at Lyon,AMI @ LYON,Lyon,167,3,SC Amiens,3335,0,STATUS_FULL_TIME,Groupama Stadium,2017-2018,0,4,14,2018
482087,2018-04-14 18:00:00+00:00,Guingamp at Lille,EAG @ LILL,Lille,166,2,Guingamp,171,2,STATUS_FULL_TIME,Decathlon Arena - Stade Pierre-Mauroy,2017-2018,0,4,14,2018
482086,2018-04-14 18:00:00+00:00,Dijon FCO at Nantes,DIJO @ NAN,Nantes,165,1,Dijon FCO,3170,1,STATUS_FULL_TIME,La Beaujoire-Louis-Fonteneau,2017-2018,0,4,14,2018
482089,2018-04-14 18:00:00+00:00,Metz at Stade Rennais,METZ @ REN,Stade Rennais,169,1,Metz,177,2,STATUS_FULL_TIME,Roazhon Park,2017-2018,0,4,14,2018
482092,2018-04-14 18:00:00+00:00,Saint-Étienne at Strasbourg,ASSE @ STR,Strasbourg,180,0,Saint-Étienne,178,1,STATUS_FULL_TIME,Stade de la Meinau,2017-2018,0,4,14,2018
482085,2018-04-15 13:00:00+00:00,Bordeaux at Montpellier,BOR @ MON,Montpellier,274,1,Bordeaux,159,3,STATUS_FULL_TIME,Stade de la Mosson,2017-2018,0,4,15,2018
482088,2018-04-15 15:00:00+00:00,Marseille at Troyes,OLM @ TRY,Troyes,170,2,Marseille,176,3,STATUS_FULL_TIME,Stade de l'Aube,2017-2018,0,4,15,2018
482090,2018-04-15 19:00:00+00:00,AS Monaco at Paris Saint-Germain,MON @ PSG,Paris Saint-Germain,160,7,AS Monaco,174,1,STATUS_FULL_TIME,Parc des Princes,2017-2018,0,4,15,2018
482081,2018-04-20 17:30:00+00:00,Stade Rennais at Nantes,REN @ NAN,Nantes,165,1,Stade Rennais,169,1,STATUS_FULL_TIME,La Beaujoire-Louis-Fonteneau,2017-2018,0,4,20,2018
482077,2018-04-20 19:00:00+00:00,Lyon at Dijon FCO,LYON @ DIJO,Dijon FCO,3170,2,Lyon,167,5,STATUS_FULL_TIME,Stade Gaston-Gérard,2017-2018,0,4,20,2018
482076,2018-04-21 15:00:00+00:00,Lille at Marseille,LILL @ OLM,Marseille,176,5,Lille,166,1,STATUS_FULL_TIME,Orange Vélodrome,2017-2018,0,4,21,2018
482078,2018-04-21 18:00:00+00:00,AS Monaco at Guingamp,MON @ EAG,Guingamp,171,3,AS Monaco,174,1,STATUS_FULL_TIME,Stade Municipal de Roudourou,2017-2018,0,4,21,2018
482075,2018-04-21 18:00:00+00:00,Caen at Metz,CAN @ METZ,Metz,177,1,Caen,2927,1,STATUS_FULL_TIME,Stade Saint-Symphorien,2017-2018,0,4,21,2018
482082,2018-04-21 18:00:00+00:00,Strasbourg at SC Amiens,STR @ AMI,SC Amiens,3335,3,Strasbourg,180,1,STATUS_FULL_TIME,Stade Crédit Agricole de la Licorne,2017-2018,0,4,21,2018
482074,2018-04-21 18:00:00+00:00,Angers at Toulouse,ANG @ TOU,Toulouse,179,2,Angers,7868,0,STATUS_FULL_TIME,Stadium de Toulouse,2017-2018,0,4,21,2018
482079,2018-04-22 13:00:00+00:00,Montpellier at Nice,MON @ NICE,Nice,2502,1,Montpellier,274,0,STATUS_FULL_TIME,Allianz Riviera,2017-2018,0,4,22,2018
482083,2018-04-22 15:00:00+00:00,Troyes at Saint-Étienne,TRY @ ASSE,Saint-Étienne,178,2,Troyes,170,1,STATUS_FULL_TIME,Stade Geoffroy-Guichard,2017-2018,0,4,22,2018
482080,2018-04-22 19:00:00+00:00,Paris Saint-Germain at Bordeaux,PSG @ BOR,Bordeaux,159,0,Paris Saint-Germain,160,1,STATUS_FULL_TIME,Stade Atlantique,2017-2018,0,4,22,2018
482093,2018-04-25 16:45:00+00:00,Toulouse at Caen,TOU @ CAN,Caen,2927,0,Toulouse,179,0,STATUS_FULL_TIME,Stade Michel-d'Ornano,2017-2018,0,4,25,2018
482072,2018-04-27 18:45:00+00:00,Saint-Étienne at Montpellier,ASSE @ MON,Montpellier,274,0,Saint-Étienne,178,1,STATUS_FULL_TIME,Stade de la Mosson,2017-2018,0,4,27,2018
482070,2018-04-28 15:00:00+00:00,Nantes at Lyon,NAN @ LYON,Lyon,167,2,Nantes,165,0,STATUS_FULL_TIME,Groupama Stadium,2017-2018,0,4,28,2018
482069,2018-04-28 18:00:00+00:00,Metz at Lille,METZ @ LILL,Lille,166,3,Metz,177,1,STATUS_FULL_TIME,Decathlon Arena - Stade Pierre-Mauroy,2017-2018,0,4,28,2018
482066,2018-04-28 18:00:00+00:00,Dijon FCO at Bordeaux,DIJO @ BOR,Bordeaux,159,3,Dijon FCO,3170,1,STATUS_FULL_TIME,Stade Atlantique,2017-2018,0,4,28,2018
482065,2018-04-28 18:00:00+00:00,Caen at Troyes,CAN @ TRY,Troyes,170,3,Caen,2927,1,STATUS_FULL_TIME,Stade de l'Aube,2017-2018,0,4,28,2018
482071,2018-04-28 18:00:00+00:00,Nice at Strasbourg,NICE @ STR,Strasbourg,180,1,Nice,2502,1,STATUS_FULL_TIME,Stade de la Meinau,2017-2018,0,4,28,2018
482064,2018-04-28 18:00:00+00:00,SC Amiens at AS Monaco,AMI @ MON,AS Monaco,174,0,SC Amiens,3335,0,STATUS_FULL_TIME,Stade Louis II,2017-2018,0,4,28,2018
482073,2018-04-29 13:00:00+00:00,Toulouse at Stade Rennais,TOU @ REN,Stade Rennais,169,2,Toulouse,179,1,STATUS_FULL_TIME,Roazhon Park,2017-2018,0,4,29,2018
482068,2018-04-29 15:00:00+00:00,Marseille at Angers,OLM @ ANG,Angers,7868,1,Marseille,176,1,STATUS_FULL_TIME,Stade Raymond Kopa,2017-2018,0,4,29,2018
482067,2018-04-29 19:00:00+00:00,Guingamp at Paris Saint-Germain,EAG @ PSG,Paris Saint-Germain,160,2,Guingamp,171,2,STATUS_FULL_TIME,Parc des Princes,2017-2018,0,4,29,2018
482061,2018-05-04 18:45:00+00:00,Paris Saint-Germain at SC Amiens,PSG @ AMI,SC Amiens,3335,2,Paris Saint-Germain,160,2,STATUS_FULL_TIME,Stade Crédit Agricole de la Licorne,2017-2018,0,5,4,2018
482055,2018-05-06 13:00:00+00:00,Bordeaux at Saint-Étienne,BOR @ ASSE,Saint-Étienne,178,1,Bordeaux,159,3,STATUS_FULL_TIME,Stade Geoffroy-Guichard,2017-2018,0,5,6,2018
482063,2018-05-06 14:30:00+00:00,Troyes at Lyon,TRY @ LYON,Lyon,167,3,Troyes,170,0,STATUS_FULL_TIME,Groupama Stadium,2017-2018,0,5,6,2018
482054,2018-05-06 15:00:00+00:00,Angers at Metz,ANG @ METZ,Metz,177,1,Angers,7868,2,STATUS_FULL_TIME,Stade Saint-Symphorien,2017-2018,0,5,6,2018
482056,2018-05-06 15:00:00+00:00,Guingamp at Dijon FCO,EAG @ DIJO,Dijon FCO,3170,3,Guingamp,171,1,STATUS_FULL_TIME,Stade Gaston-Gérard,2017-2018,0,5,6,2018
482058,2018-05-06 15:00:00+00:00,AS Monaco at Caen,MON @ CAN,Caen,2927,1,AS Monaco,174,2,STATUS_FULL_TIME,Stade Michel-d'Ornano,2017-2018,0,5,6,2018
482059,2018-05-06 15:00:00+00:00,Montpellier at Nantes,MON @ NAN,Nantes,165,0,Montpellier,274,2,STATUS_FULL_TIME,La Beaujoire-Louis-Fonteneau,2017-2018,0,5,6,2018
482057,2018-05-06 15:00:00+00:00,Lille at Toulouse,LILL @ TOU,Toulouse,179,2,Lille,166,3,STATUS_FULL_TIME,Stadium de Toulouse,2017-2018,0,5,6,2018
482062,2018-05-06 15:00:00+00:00,Strasbourg at Stade Rennais,STR @ REN,Stade Rennais,169,2,Strasbourg,180,1,STATUS_FULL_TIME,Roazhon Park,2017-2018,0,5,6,2018
482060,2018-05-06 19:05:00+00:00,Nice at Marseille,NICE @ OLM,Marseille,176,2,Nice,2502,1,STATUS_FULL_TIME,Orange Vélodrome,2017-2018,0,5,6,2018
482047,2018-05-11 18:45:00+00:00,Marseille at Guingamp,OLM @ EAG,Guingamp,171,3,Marseille,176,3,STATUS_FULL_TIME,Stade Municipal de Roudourou,2017-2018,0,5,11,2018
482050,2018-05-12 19:00:00+00:00,Stade Rennais at Paris Saint-Germain,REN @ PSG,Paris Saint-Germain,160,0,Stade Rennais,169,2,STATUS_FULL_TIME,Parc des Princes,2017-2018,0,5,12,2018
482048,2018-05-12 19:00:00+00:00,Metz at SC Amiens,METZ @ AMI,SC Amiens,3335,2,Metz,177,0,STATUS_FULL_TIME,Stade Crédit Agricole de la Licorne,2017-2018,0,5,12,2018
482049,2018-05-12 19:00:00+00:00,Nantes at Angers,NAN @ ANG,Angers,7868,0,Nantes,165,2,STATUS_FULL_TIME,Stade Raymond Kopa,2017-2018,0,5,12,2018
482051,2018-05-12 19:00:00+00:00,Saint-Étienne at AS Monaco,ASSE @ MON,AS Monaco,174,1,Saint-Étienne,178,0,STATUS_FULL_TIME,Stade Louis II,2017-2018,0,5,12,2018
482052,2018-05-12 19:00:00+00:00,Toulouse at Bordeaux,TOU @ BOR,Bordeaux,159,4,Toulouse,179,2,STATUS_FULL_TIME,Stade Atlantique,2017-2018,0,5,12,2018
482045,2018-05-12 19:00:00+00:00,Dijon FCO at Lille,DIJO @ LILL,Lille,166,2,Dijon FCO,3170,1,STATUS_FULL_TIME,Decathlon Arena - Stade Pierre-Mauroy,2017-2018,0,5,12,2018
482053,2018-05-12 19:00:00+00:00,Troyes at Montpellier,TRY @ MON,Montpellier,274,1,Troyes,170,1,STATUS_FULL_TIME,Stade de la Mosson,2017-2018,0,5,12,2018
482044,2018-05-12 19:00:00+00:00,Caen at Nice,CAN @ NICE,Nice,2502,4,Caen,2927,1,STATUS_FULL_TIME,Allianz Riviera,2017-2018,0,5,12,2018
482046,2018-05-12 19:00:00+00:00,Lyon at Strasbourg,LYON @ STR,Strasbourg,180,3,Lyon,167,2,STATUS_FULL_TIME,Stade de la Meinau,2017-2018,0,5,12,2018
510812,2018-05-15 18:45:00+00:00,Brest at Le Havre AC,BRE @ HAC,Le Havre AC,3236,2,Brest,6997,0,STATUS_FULL_TIME,Stade Océane,2017-2018,0,5,15,2018
482042,2018-05-19 19:00:00+00:00,Paris Saint-Germain at Caen,PSG @ CAN,Caen,2927,0,Paris Saint-Germain,160,0,STATUS_FULL_TIME,Stade Michel-d'Ornano,2017-2018,0,5,19,2018
482035,2018-05-19 19:00:00+00:00,Angers at Dijon FCO,ANG @ DIJO,Dijon FCO,3170,2,Angers,7868,1,STATUS_FULL_TIME,Stade Gaston-Gérard,2017-2018,0,5,19,2018
482041,2018-05-19 19:00:00+00:00,Nice at Lyon,NICE @ LYON,Lyon,167,3,Nice,2502,2,STATUS_FULL_TIME,Groupama Stadium,2017-2018,0,5,19,2018
482034,2018-05-19 19:00:00+00:00,SC Amiens at Marseille,AMI @ OLM,Marseille,176,2,SC Amiens,3335,1,STATUS_FULL_TIME,Orange Vélodrome,2017-2018,0,5,19,2018
482036,2018-05-19 19:00:00+00:00,Bordeaux at Metz,BOR @ METZ,Metz,177,0,Bordeaux,159,4,STATUS_FULL_TIME,Stade Saint-Symphorien,2017-2018,0,5,19,2018
482043,2018-05-19 19:00:00+00:00,Strasbourg at Nantes,STR @ NAN,Nantes,165,1,Strasbourg,180,0,STATUS_FULL_TIME,La Beaujoire-Louis-Fonteneau,2017-2018,0,5,19,2018
482038,2018-05-19 19:00:00+00:00,Lille at Saint-Étienne,LILL @ ASSE,Saint-Étienne,178,5,Lille,166,0,STATUS_FULL_TIME,Stade Geoffroy-Guichard,2017-2018,0,5,19,2018
482040,2018-05-19 19:00:00+00:00,Montpellier at Stade Rennais,MON @ REN,Stade Rennais,169,1,Montpellier,274,1,STATUS_FULL_TIME,Roazhon Park,2017-2018,0,5,19,2018
482037,2018-05-19 19:00:00+00:00,Guingamp at Toulouse,EAG @ TOU,Toulouse,179,2,Guingamp,171,1,STATUS_FULL_TIME,Stadium de Toulouse,2017-2018,0,5,19,2018
482039,2018-05-19 19:00:00+00:00,AS Monaco at Troyes,MON @ TRY,Troyes,170,0,AS Monaco,174,3,STATUS_FULL_TIME,Stade de l'Aube,2017-2018,0,5,19,2018
510814,2018-05-20 17:00:00+00:00,Le Havre AC at AC Ajaccio,HAC @ ACA,AC Ajaccio,2503,2,Le Havre AC,3236,2,STATUS_FINAL_PEN,Stade Michel-Moretti,2017-2018,0,5,20,2018
510910,2018-05-23 18:45:00+00:00,Toulouse at AC Ajaccio,TOU @ ACA,AC Ajaccio,2503,0,Toulouse,179,3,STATUS_FULL_TIME,Stade de la Mosson,2017-2018,0,5,23,2018
510909,2018-05-27 19:00:00+00:00,AC Ajaccio at Toulouse,ACA @ TOU,Toulouse,179,1,AC Ajaccio,2503,0,STATUS_FULL_TIME,,2017-2018,0,5,27,2018
512380,2018-08-10 18:45:00+00:00,Toulouse at Marseille,TOU @ OLM,Marseille,176,4,Toulouse,179,0,STATUS_FULL_TIME,Orange Vélodrome,2018-2019,0,8,10,2018
512374,2018-08-11 15:00:00+00:00,AS Monaco at Nantes,MON @ NAN,Nantes,165,1,AS Monaco,174,3,STATUS_FULL_TIME,La Beaujoire-Louis-Fonteneau,2018-2019,0,8,11,2018
512375,2018-08-11 18:00:00+00:00,Nimes at Angers,NIM @ ANG,Angers,7868,3,Nimes,7730,4,STATUS_FULL_TIME,Stade Raymond Kopa,2018-2019,0,8,11,2018
512377,2018-08-11 18:00:00+00:00,Stade Rennais at Lille,REN @ LILL,Lille,166,3,Stade Rennais,169,1,STATUS_FULL_TIME,Decathlon Arena - Stade Pierre-Mauroy,2018-2019,0,8,11,2018
512372,2018-08-11 18:00:00+00:00,Dijon FCO at Montpellier,DIJO @ MON,Montpellier,274,1,Dijon FCO,3170,2,STATUS_FULL_TIME,Stade de la Mosson,2018-2019,0,8,11,2018
512376,2018-08-11 18:00:00+00:00,Stade de Reims at Nice,REIM @ NICE,Nice,2502,0,Stade de Reims,3243,1,STATUS_FULL_TIME,Allianz Riviera,2018-2019,0,8,11,2018
512373,2018-08-11 18:00:00+00:00,Guingamp at Saint-Étienne,EAG @ ASSE,Saint-Étienne,178,2,Guingamp,171,1,STATUS_FULL_TIME,Stade Geoffroy-Guichard,2018-2019,0,8,11,2018
512378,2018-08-12 13:00:00+00:00,SC Amiens at Lyon,AMI @ LYON,Lyon,167,2,SC Amiens,3335,0,STATUS_FULL_TIME,Groupama Stadium,2018-2019,0,8,12,2018
512379,2018-08-12 15:00:00+00:00,Strasbourg at Bordeaux,STR @ BOR,Bordeaux,159,0,Strasbourg,180,2,STATUS_FULL_TIME,Stade Atlantique,2018-2019,0,8,12,2018
512371,2018-08-12 19:00:00+00:00,Caen at Paris Saint-Germain,CAN @ PSG,Paris Saint-Germain,160,3,Caen,2927,0,STATUS_FULL_TIME,Parc des Princes,2018-2019,0,8,12,2018
512364,2018-08-17 18:45:00+00:00,Lyon at Stade de Reims,LYON @ REIM,Stade de Reims,3243,1,Lyon,167,0,STATUS_FULL_TIME,Stade Auguste-Delaune II,2018-2019,0,8,17,2018
512369,2018-08-18 15:00:00+00:00,Paris Saint-Germain at Guingamp,PSG @ EAG,Guingamp,171,1,Paris Saint-Germain,160,3,STATUS_FULL_TIME,Stade Municipal de Roudourou,2018-2019,0,8,18,2018
512363,2018-08-18 18:00:00+00:00,Lille at AS Monaco,LILL @ MON,AS Monaco,174,0,Lille,166,0,STATUS_FULL_TIME,Stade Louis II,2018-2019,0,8,18,2018
512368,2018-08-18 18:00:00+00:00,Nice at Caen,NICE @ CAN,Caen,2927,1,Nice,2502,1,STATUS_FULL_TIME,Stade Michel-d'Ornano,2018-2019,0,8,18,2018
512367,2018-08-18 18:00:00+00:00,Nantes at Dijon FCO,NAN @ DIJO,Dijon FCO,3170,2,Nantes,165,0,STATUS_FULL_TIME,Stade Gaston-Gérard,2018-2019,0,8,18,2018
512366,2018-08-18 18:00:00+00:00,Montpellier at SC Amiens,MON @ AMI,SC Amiens,3335,1,Montpellier,274,2,STATUS_FULL_TIME,Stade Crédit Agricole de la Licorne,2018-2019,0,8,18,2018
512361,2018-08-18 18:00:00+00:00,Angers at Stade Rennais,ANG @ REN,Stade Rennais,169,1,Angers,7868,0,STATUS_FULL_TIME,Roazhon Park,2018-2019,0,8,18,2018
512370,2018-08-19 13:00:00+00:00,Saint-Étienne at Strasbourg,ASSE @ STR,Strasbourg,180,1,Saint-Étienne,178,1,STATUS_FULL_TIME,Stade de la Meinau,2018-2019,0,8,19,2018
512362,2018-08-19 15:00:00+00:00,Bordeaux at Toulouse,BOR @ TOU,Toulouse,179,2,Bordeaux,159,1,STATUS_FULL_TIME,Stadium de Toulouse,2018-2019,0,8,19,2018
512365,2018-08-19 19:00:00+00:00,Marseille at Nimes,OLM @ NIM,Nimes,7730,3,Marseille,176,1,STATUS_FULL_TIME,Stade des Costières,2018-2019,0,8,19,2018
512360,2018-08-24 18:45:00+00:00,Strasbourg at Lyon,STR @ LYON,Lyon,167,2,Strasbourg,180,0,STATUS_FULL_TIME,Groupama Stadium,2018-2019,0,8,24,2018
512351,2018-08-25 15:00:00+00:00,Angers at Paris Saint-Germain,ANG @ PSG,Paris Saint-Germain,160,3,Angers,7868,1,STATUS_FULL_TIME,Parc des Princes,2018-2019,0,8,25,2018
512359,2018-08-25 18:00:00+00:00,Saint-Étienne at Montpellier,ASSE @ MON,Montpellier,274,0,Saint-Étienne,178,0,STATUS_FULL_TIME,Stade de la Mosson,2018-2019,0,8,25,2018
512352,2018-08-25 18:00:00+00:00,Caen at Nantes,CAN @ NAN,Nantes,165,1,Caen,2927,1,STATUS_FULL_TIME,La Beaujoire-Louis-Fonteneau,2018-2019,0,8,25,2018
512353,2018-08-25 18:00:00+00:00,Dijon FCO at Nice,DIJO @ NICE,Nice,2502,0,Dijon FCO,3170,4,STATUS_FULL_TIME,Allianz Riviera,2018-2019,0,8,25,2018
512357,2018-08-25 18:00:00+00:00,Stade de Reims at SC Amiens,REIM @ AMI,SC Amiens,3335,4,Stade de Reims,3243,1,STATUS_FULL_TIME,Stade Crédit Agricole de la Licorne,2018-2019,0,8,25,2018
512356,2018-08-25 18:00:00+00:00,Nimes at Toulouse,NIM @ TOU,Toulouse,179,1,Nimes,7730,0,STATUS_FULL_TIME,Stadium de Toulouse,2018-2019,0,8,25,2018
512354,2018-08-26 13:00:00+00:00,Guingamp at Lille,EAG @ LILL,Lille,166,3,Guingamp,171,0,STATUS_FULL_TIME,Decathlon Arena - Stade Pierre-Mauroy,2018-2019,0,8,26,2018
512355,2018-08-26 15:00:00+00:00,AS Monaco at Bordeaux,MON @ BOR,Bordeaux,159,2,AS Monaco,174,1,STATUS_FULL_TIME,Stade Atlantique,2018-2019,0,8,26,2018
512358,2018-08-26 19:00:00+00:00,Stade Rennais at Marseille,REN @ OLM,Marseille,176,2,Stade Rennais,169,2,STATUS_FULL_TIME,Orange Vélodrome,2018-2019,0,8,26,2018
512347,2018-08-31 18:45:00+00:00,Nice at Lyon,NICE @ LYON,Lyon,167,0,Nice,2502,1,STATUS_FULL_TIME,Groupama Stadium,2018-2019,0,8,31,2018
512348,2018-09-01 15:00:00+00:00,Paris Saint-Germain at Nimes,PSG @ NIM,Nimes,7730,2,Paris Saint-Germain,160,4,STATUS_FULL_TIME,Stade des Costières,2018-2019,0,9,1,2018
512344,2018-09-01 18:00:00+00:00,Lille at Angers,LILL @ ANG,Angers,7868,1,Lille,166,0,STATUS_FULL_TIME,Stade Raymond Kopa,2018-2019,0,9,1,2018
512343,2018-09-01 18:00:00+00:00,Caen at Dijon FCO,CAN @ DIJO,Dijon FCO,3170,0,Caen,2927,2,STATUS_FULL_TIME,Stade Gaston-Gérard,2018-2019,0,9,1,2018
512350,2018-09-01 18:00:00+00:00,Toulouse at Guingamp,TOU @ EAG,Guingamp,171,1,Toulouse,179,2,STATUS_FULL_TIME,Stade Municipal de Roudourou,2018-2019,0,9,1,2018
512345,2018-09-01 18:00:00+00:00,Montpellier at Stade de Reims,MON @ REIM,Stade de Reims,3243,0,Montpellier,274,1,STATUS_FULL_TIME,Stade Auguste-Delaune II,2018-2019,0,9,1,2018
512346,2018-09-01 18:00:00+00:00,Nantes at Strasbourg,NAN @ STR,Strasbourg,180,2,Nantes,165,3,STATUS_FULL_TIME,Stade de la Meinau,2018-2019,0,9,1,2018
512349,2018-09-02 13:00:00+00:00,SC Amiens at Saint-Étienne,AMI @ ASSE,Saint-Étienne,178,0,SC Amiens,3335,0,STATUS_FULL_TIME,Stade Geoffroy-Guichard,2018-2019,0,9,2,2018
512342,2018-09-02 15:00:00+00:00,Bordeaux at Stade Rennais,BOR @ REN,Stade Rennais,169,2,Bordeaux,159,0,STATUS_FULL_TIME,Roazhon Park,2018-2019,0,9,2,2018
512341,2018-09-02 19:00:00+00:00,Marseille at AS Monaco,OLM @ MON,AS Monaco,174,2,Marseille,176,3,STATUS_FULL_TIME,Stade Louis II,2018-2019,0,9,2,2018
512338,2018-09-14 17:00:00+00:00,Stade Rennais at Nice,REN @ NICE,Nice,2502,2,Stade Rennais,169,1,STATUS_FULL_TIME,Allianz Riviera,2018-2019,0,9,14,2018
512339,2018-09-14 18:45:00+00:00,Saint-Étienne at Paris Saint-Germain,ASSE @ PSG,Paris Saint-Germain,160,4,Saint-Étienne,178,0,STATUS_FULL_TIME,Parc des Princes,2018-2019,0,9,14,2018
512334,2018-09-15 15:00:00+00:00,Lyon at Caen,LYON @ CAN,Caen,2927,2,Lyon,167,2,STATUS_FULL_TIME,Stade Michel-d'Ornano,2018-2019,0,9,15,2018
512331,2018-09-15 18:00:00+00:00,Angers at Dijon FCO,ANG @ DIJO,Dijon FCO,3170,1,Angers,7868,3,STATUS_FULL_TIME,Stade Gaston-Gérard,2018-2019,0,9,15,2018
512340,2018-09-15 18:00:00+00:00,Strasbourg at Montpellier,STR @ MON,Montpellier,274,1,Strasbourg,180,1,STATUS_FULL_TIME,Stade de la Mosson,2018-2019,0,9,15,2018
512333,2018-09-15 18:00:00+00:00,Lille at SC Amiens,LILL @ AMI,SC Amiens,3335,2,Lille,166,3,STATUS_FULL_TIME,Stade Crédit Agricole de la Licorne,2018-2019,0,9,15,2018
512335,2018-09-15 18:00:00+00:00,AS Monaco at Toulouse,MON @ TOU,Toulouse,179,1,AS Monaco,174,1,STATUS_FULL_TIME,Stadium de Toulouse,2018-2019,0,9,15,2018
512337,2018-09-16 13:00:00+00:00,Stade de Reims at Nantes,REIM @ NAN,Nantes,165,0,Stade de Reims,3243,0,STATUS_FULL_TIME,La Beaujoire-Louis-Fonteneau,2018-2019,0,9,16,2018
512336,2018-09-16 15:00:00+00:00,Nimes at Bordeaux,NIM @ BOR,Bordeaux,159,3,Nimes,7730,3,STATUS_FULL_TIME,Stade Atlantique,2018-2019,0,9,16,2018
512332,2018-09-16 19:00:00+00:00,Guingamp at Marseille,EAG @ OLM,Marseille,176,4,Guingamp,171,0,STATUS_FULL_TIME,Orange Vélodrome,2018-2019,0,9,16,2018
512327,2018-09-21 18:45:00+00:00,Nimes at AS Monaco,NIM @ MON,AS Monaco,174,1,Nimes,7730,1,STATUS_FULL_TIME,Stade Louis II,2018-2019,0,9,21,2018
512325,2018-09-22 15:00:00+00:00,Nantes at Lille,NAN @ LILL,Lille,166,2,Nantes,165,1,STATUS_FULL_TIME,Decathlon Arena - Stade Pierre-Mauroy,2018-2019,0,9,22,2018
512330,2018-09-22 18:00:00+00:00,Toulouse at Angers,TOU @ ANG,Angers,7868,0,Toulouse,179,0,STATUS_FULL_TIME,Stade Raymond Kopa,2018-2019,0,9,22,2018
512329,2018-09-22 18:00:00+00:00,SC Amiens at Strasbourg,AMI @ STR,Strasbourg,180,3,SC Amiens,3335,1,STATUS_FULL_TIME,Stade de la Meinau,2018-2019,0,9,22,2018
512326,2018-09-22 18:00:00+00:00,Nice at Montpellier,NICE @ MON,Montpellier,274,1,Nice,2502,0,STATUS_FULL_TIME,Stade de la Mosson,2018-2019,0,9,22,2018
512324,2018-09-22 18:00:00+00:00,Dijon FCO at Stade de Reims,DIJO @ REIM,Stade de Reims,3243,0,Dijon FCO,3170,0,STATUS_FULL_TIME,Stade Auguste-Delaune II,2018-2019,0,9,22,2018
512323,2018-09-22 18:00:00+00:00,Caen at Saint-Étienne,CAN @ ASSE,Saint-Étienne,178,2,Caen,2927,1,STATUS_FULL_TIME,Stade Geoffroy-Guichard,2018-2019,0,9,22,2018
512328,2018-09-23 13:00:00+00:00,Paris Saint-Germain at Stade Rennais,PSG @ REN,Stade Rennais,169,1,Paris Saint-Germain,160,3,STATUS_FULL_TIME,Roazhon Park,2018-2019,0,9,23,2018
512322,2018-09-23 15:00:00+00:00,Bordeaux at Guingamp,BOR @ EAG,Guingamp,171,1,Bordeaux,159,3,STATUS_FULL_TIME,Stade Municipal de Roudourou,2018-2019,0,9,23,2018
512321,2018-09-23 19:00:00+00:00,Marseille at Lyon,OLM @ LYON,Lyon,167,4,Marseille,176,2,STATUS_FULL_TIME,Groupama Stadium,2018-2019,0,9,23,2018
512311,2018-09-25 17:00:00+00:00,Angers at AS Monaco,ANG @ MON,AS Monaco,174,0,Angers,7868,1,STATUS_FULL_TIME,Stade Louis II,2018-2019,0,9,25,2018
512316,2018-09-25 17:00:00+00:00,Nice at Nantes,NICE @ NAN,Nantes,165,1,Nice,2502,2,STATUS_FULL_TIME,La Beaujoire-Louis-Fonteneau,2018-2019,0,9,25,2018
512319,2018-09-25 19:00:00+00:00,Saint-Étienne at Toulouse,ASSE @ TOU,Toulouse,179,2,Saint-Étienne,178,3,STATUS_FULL_TIME,Stadium de Toulouse,2018-2019,0,9,25,2018
512312,2018-09-26 17:00:00+00:00,Guingamp at Nimes,EAG @ NIM,Nimes,7730,0,Guingamp,171,0,STATUS_FULL_TIME,Stade des Costières,2018-2019,0,9,26,2018
512318,2018-09-26 17:00:00+00:00,Stade Rennais at SC Amiens,REN @ AMI,SC Amiens,3335,2,Stade Rennais,169,1,STATUS_FULL_TIME,Stade Crédit Agricole de la Licorne,2018-2019,0,9,26,2018
512313,2018-09-26 17:00:00+00:00,Lille at Bordeaux,LILL @ BOR,Bordeaux,159,1,Lille,166,0,STATUS_FULL_TIME,Stade Atlantique,2018-2019,0,9,26,2018
512315,2018-09-26 17:00:00+00:00,Montpellier at Caen,MON @ CAN,Caen,2927,2,Montpellier,274,2,STATUS_FULL_TIME,Stade Michel-d'Ornano,2018-2019,0,9,26,2018
512314,2018-09-26 17:00:00+00:00,Lyon at Dijon FCO,LYON @ DIJO,Dijon FCO,3170,0,Lyon,167,3,STATUS_FULL_TIME,Stade Gaston-Gérard,2018-2019,0,9,26,2018
512320,2018-09-26 17:00:00+00:00,Strasbourg at Marseille,STR @ OLM,Marseille,176,3,Strasbourg,180,2,STATUS_FULL_TIME,Orange Vélodrome,2018-2019,0,9,26,2018
512317,2018-09-26 19:00:00+00:00,Stade de Reims at Paris Saint-Germain,REIM @ PSG,Paris Saint-Germain,160,4,Stade de Reims,3243,1,STATUS_FULL_TIME,Parc des Princes,2018-2019,0,9,26,2018
512305,2018-09-28 18:45:00+00:00,AS Monaco at Saint-Étienne,MON @ ASSE,Saint-Étienne,178,2,AS Monaco,174,0,STATUS_FULL_TIME,Stade Geoffroy-Guichard,2018-2019,0,9,28,2018
512308,2018-09-29 15:15:00+00:00,Paris Saint-Germain at Nice,PSG @ NICE,Nice,2502,0,Paris Saint-Germain,160,3,STATUS_FULL_TIME,Allianz Riviera,2018-2019,0,9,29,2018
512303,2018-09-29 18:00:00+00:00,Guingamp at Angers,EAG @ ANG,Angers,7868,0,Guingamp,171,1,STATUS_FULL_TIME,Stade Raymond Kopa,2018-2019,0,9,29,2018
512309,2018-09-29 18:00:00+00:00,SC Amiens at Caen,AMI @ CAN,Caen,2927,1,SC Amiens,3335,0,STATUS_FULL_TIME,Stade Michel-d'Ornano,2018-2019,0,9,29,2018
512306,2018-09-29 18:00:00+00:00,Nantes at Lyon,NAN @ LYON,Lyon,167,1,Nantes,165,1,STATUS_FULL_TIME,Groupama Stadium,2018-2019,0,9,29,2018
512301,2018-09-29 18:00:00+00:00,Bordeaux at Stade de Reims,BOR @ REIM,Stade de Reims,3243,0,Bordeaux,159,0,STATUS_FULL_TIME,Stade Auguste-Delaune II,2018-2019,0,9,29,2018
512302,2018-09-29 18:00:00+00:00,Dijon FCO at Strasbourg,DIJO @ STR,Strasbourg,180,3,Dijon FCO,3170,0,STATUS_FULL_TIME,Stade de la Meinau,2018-2019,0,9,29,2018
512310,2018-09-30 13:00:00+00:00,Toulouse at Stade Rennais,TOU @ REN,Stade Rennais,169,1,Toulouse,179,1,STATUS_FULL_TIME,Roazhon Park,2018-2019,0,9,30,2018
512307,2018-09-30 15:00:00+00:00,Nimes at Montpellier,NIM @ MON,Montpellier,274,3,Nimes,7730,0,STATUS_FULL_TIME,Stade de la Mosson,2018-2019,0,9,30,2018
512304,2018-09-30 19:00:00+00:00,Marseille at Lille,OLM @ LILL,Lille,166,3,Marseille,176,0,STATUS_FULL_TIME,Decathlon Arena - Stade Pierre-Mauroy,2018-2019,0,9,30,2018
512296,2018-10-05 18:45:00+00:00,Nice at Toulouse,NICE @ TOU,Toulouse,179,1,Nice,2502,1,STATUS_FULL_TIME,Stadium de Toulouse,2018-2019,0,10,5,2018
512299,2018-10-06 15:00:00+00:00,Saint-Étienne at Lille,ASSE @ LILL,Lille,166,3,Saint-Étienne,178,1,STATUS_FULL_TIME,Decathlon Arena - Stade Pierre-Mauroy,2018-2019,0,10,6,2018
512294,2018-10-06 18:00:00+00:00,Montpellier at Guingamp,MON @ EAG,Guingamp,171,1,Montpellier,274,1,STATUS_FULL_TIME,Stade Municipal de Roudourou,2018-2019,0,10,6,2018
512300,2018-10-06 18:00:00+00:00,Strasbourg at Angers,STR @ ANG,Angers,7868,2,Strasbourg,180,2,STATUS_FULL_TIME,Stade Raymond Kopa,2018-2019,0,10,6,2018
512293,2018-10-06 18:00:00+00:00,Dijon FCO at SC Amiens,DIJO @ AMI,SC Amiens,3335,1,Dijon FCO,3170,0,STATUS_FULL_TIME,Stade Crédit Agricole de la Licorne,2018-2019,0,10,6,2018
512297,2018-10-06 18:00:00+00:00,Stade de Reims at Nimes,REIM @ NIM,Nimes,7730,0,Stade de Reims,3243,0,STATUS_FULL_TIME,Stade des Costières,2018-2019,0,10,6,2018
512295,2018-10-07 13:00:00+00:00,Nantes at Bordeaux,NAN @ BOR,Bordeaux,159,3,Nantes,165,0,STATUS_FULL_TIME,Stade Atlantique,2018-2019,0,10,7,2018
512298,2018-10-07 15:00:00+00:00,Stade Rennais at AS Monaco,REN @ MON,AS Monaco,174,1,Stade Rennais,169,2,STATUS_FULL_TIME,Stade Louis II,2018-2019,0,10,7,2018
512292,2018-10-07 15:00:00+00:00,Caen at Marseille,CAN @ OLM,Marseille,176,2,Caen,2927,0,STATUS_FULL_TIME,Orange Vélodrome,2018-2019,0,10,7,2018
512291,2018-10-07 19:00:00+00:00,Lyon at Paris Saint-Germain,LYON @ PSG,Paris Saint-Germain,160,5,Lyon,167,0,STATUS_FULL_TIME,Parc des Princes,2018-2019,0,10,7,2018
512287,2018-10-19 18:45:00+00:00,Nimes at Lyon,NIM @ LYON,Lyon,167,2,Nimes,7730,0,STATUS_FULL_TIME,Groupama Stadium,2018-2019,0,10,19,2018
512289,2018-10-20 15:00:00+00:00,SC Amiens at Paris Saint-Germain,AMI @ PSG,Paris Saint-Germain,160,5,SC Amiens,3335,0,STATUS_FULL_TIME,Parc des Princes,2018-2019,0,10,20,2018
512281,2018-10-20 18:00:00+00:00,Angers at Stade de Reims,ANG @ REIM,Stade de Reims,3243,1,Angers,7868,1,STATUS_FULL_TIME,Stade Auguste-Delaune II,2018-2019,0,10,20,2018
512286,2018-10-20 18:00:00+00:00,AS Monaco at Strasbourg,MON @ STR,Strasbourg,180,2,AS Monaco,174,1,STATUS_FULL_TIME,Stade de la Meinau,2018-2019,0,10,20,2018
512283,2018-10-20 18:00:00+00:00,Guingamp at Caen,EAG @ CAN,Caen,2927,0,Guingamp,171,0,STATUS_FULL_TIME,Stade Michel-d'Ornano,2018-2019,0,10,20,2018
512284,2018-10-20 18:00:00+00:00,Lille at Dijon FCO,LILL @ DIJO,Dijon FCO,3170,1,Lille,166,2,STATUS_FULL_TIME,Stade Gaston-Gérard,2018-2019,0,10,20,2018
512290,2018-10-20 18:00:00+00:00,Toulouse at Nantes,TOU @ NAN,Nantes,165,4,Toulouse,179,0,STATUS_FULL_TIME,La Beaujoire-Louis-Fonteneau,2018-2019,0,10,20,2018
512282,2018-10-21 13:00:00+00:00,Bordeaux at Montpellier,BOR @ MON,Montpellier,274,2,Bordeaux,159,0,STATUS_FULL_TIME,Stade de la Mosson,2018-2019,0,10,21,2018
512288,2018-10-21 15:00:00+00:00,Stade Rennais at Saint-Étienne,REN @ ASSE,Saint-Étienne,178,1,Stade Rennais,169,1,STATUS_FULL_TIME,Stade Geoffroy-Guichard,2018-2019,0,10,21,2018
512285,2018-10-21 19:00:00+00:00,Marseille at Nice,OLM @ NICE,Nice,2502,0,Marseille,176,1,STATUS_FULL_TIME,Allianz Riviera,2018-2019,0,10,21,2018
512279,2018-10-26 18:45:00+00:00,Saint-Étienne at Nimes,ASSE @ NIM,Nimes,7730,1,Saint-Étienne,178,1,STATUS_FULL_TIME,Stade des Costières,2018-2019,0,10,26,2018
512274,2018-10-27 15:00:00+00:00,Lyon at Angers,LYON @ ANG,Angers,7868,1,Lyon,167,2,STATUS_FULL_TIME,Stade Raymond Kopa,2018-2019,0,10,27,2018
512273,2018-10-27 18:00:00+00:00,Dijon FCO at AS Monaco,DIJO @ MON,AS Monaco,174,2,Dijon FCO,3170,2,STATUS_FULL_TIME,Stade Louis II,2018-2019,0,10,27,2018
512280,2018-10-27 18:00:00+00:00,Strasbourg at Guingamp,STR @ EAG,Guingamp,171,1,Strasbourg,180,1,STATUS_FULL_TIME,Stade Municipal de Roudourou,2018-2019,0,10,27,2018
512272,2018-10-27 18:00:00+00:00,Caen at Lille,CAN @ LILL,Lille,166,1,Caen,2927,0,STATUS_FULL_TIME,Decathlon Arena - Stade Pierre-Mauroy,2018-2019,0,10,27,2018
512276,2018-10-27 18:00:00+00:00,Nantes at SC Amiens,NAN @ AMI,SC Amiens,3335,1,Nantes,165,2,STATUS_FULL_TIME,Stade Crédit Agricole de la Licorne,2018-2019,0,10,27,2018
512275,2018-10-27 18:00:00+00:00,Montpellier at Toulouse,MON @ TOU,Toulouse,179,0,Montpellier,274,3,STATUS_FULL_TIME,Stadium de Toulouse,2018-2019,0,10,27,2018
512278,2018-10-28 14:00:00+00:00,Stade de Reims at Stade Rennais,REIM @ REN,Stade Rennais,169,0,Stade de Reims,3243,2,STATUS_FULL_TIME,Roazhon Park,2018-2019,0,10,28,2018
512277,2018-10-28 16:00:00+00:00,Nice at Bordeaux,NICE @ BOR,Bordeaux,159,0,Nice,2502,1,STATUS_FULL_TIME,Stade Atlantique,2018-2019,0,10,28,2018
512271,2018-10-28 20:00:00+00:00,Paris Saint-Germain at Marseille,PSG @ OLM,Marseille,176,0,Paris Saint-Germain,160,2,STATUS_FULL_TIME,Orange Vélodrome,2018-2019,0,10,28,2018
512264,2018-11-02 19:45:00+00:00,Lille at Paris Saint-Germain,LILL @ PSG,Paris Saint-Germain,160,2,Lille,166,1,STATUS_FULL_TIME,Parc des Princes,2018-2019,0,11,2,2018
512262,2018-11-03 16:00:00+00:00,Bordeaux at Lyon,BOR @ LYON,Lyon,167,1,Bordeaux,159,1,STATUS_FULL_TIME,Groupama Stadium,2018-2019,0,11,3,2018
512269,2018-11-03 19:00:00+00:00,SC Amiens at Nice,AMI @ NICE,Nice,2502,1,SC Amiens,3335,0,STATUS_FULL_TIME,Allianz Riviera,2018-2019,0,11,3,2018
512267,2018-11-03 19:00:00+00:00,Nimes at Dijon FCO,NIM @ DIJO,Dijon FCO,3170,0,Nimes,7730,4,STATUS_FULL_TIME,Stade Gaston-Gérard,2018-2019,0,11,3,2018
512270,2018-11-03 19:00:00+00:00,Toulouse at Strasbourg,TOU @ STR,Strasbourg,180,1,Toulouse,179,1,STATUS_FULL_TIME,Stade de la Meinau,2018-2019,0,11,3,2018
512266,2018-11-03 19:00:00+00:00,AS Monaco at Stade de Reims,MON @ REIM,Stade de Reims,3243,1,AS Monaco,174,0,STATUS_FULL_TIME,Stade Auguste-Delaune II,2018-2019,0,11,3,2018
512268,2018-11-03 19:00:00+00:00,Stade Rennais at Caen,REN @ CAN,Caen,2927,1,Stade Rennais,169,2,STATUS_FULL_TIME,Stade Michel-d'Ornano,2018-2019,0,11,3,2018
512263,2018-11-04 14:00:00+00:00,Guingamp at Nantes,EAG @ NAN,Nantes,165,5,Guingamp,171,0,STATUS_FULL_TIME,La Beaujoire-Louis-Fonteneau,2018-2019,0,11,4,2018
512261,2018-11-04 16:00:00+00:00,Angers at Saint-Étienne,ANG @ ASSE,Saint-Étienne,178,4,Angers,7868,3,STATUS_FULL_TIME,Stade Geoffroy-Guichard,2018-2019,0,11,4,2018
512265,2018-11-04 20:00:00+00:00,Marseille at Montpellier,OLM @ MON,Montpellier,274,3,Marseille,176,0,STATUS_FULL_TIME,Stade de la Mosson,2018-2019,0,11,4,2018
512260,2018-11-09 19:45:00+00:00,Strasbourg at Lille,STR @ LILL,Lille,166,0,Strasbourg,180,0,STATUS_FULL_TIME,Decathlon Arena - Stade Pierre-Mauroy,2018-2019,0,11,9,2018
512254,2018-11-10 16:00:00+00:00,Lyon at Guingamp,LYON @ EAG,Guingamp,171,2,Lyon,167,4,STATUS_FULL_TIME,Stade Municipal de Roudourou,2018-2019,0,11,10,2018
512257,2018-11-10 19:00:00+00:00,Nice at Nimes,NICE @ NIM,Nimes,7730,0,Nice,2502,1,STATUS_FULL_TIME,Stade des Costières,2018-2019,0,11,10,2018
512258,2018-11-10 19:00:00+00:00,Stade de Reims at Saint-Étienne,REIM @ ASSE,Saint-Étienne,178,2,Stade de Reims,3243,0,STATUS_FULL_TIME,Stade Geoffroy-Guichard,2018-2019,0,11,10,2018
512255,2018-11-10 19:00:00+00:00,Montpellier at Angers,MON @ ANG,Angers,7868,1,Montpellier,274,0,STATUS_FULL_TIME,Stade Raymond Kopa,2018-2019,0,11,10,2018
512259,2018-11-10 19:00:00+00:00,SC Amiens at Toulouse,AMI @ TOU,Toulouse,179,0,SC Amiens,3335,1,STATUS_FULL_TIME,Stadium de Toulouse,2018-2019,0,11,10,2018
512252,2018-11-11 14:00:00+00:00,Caen at Bordeaux,CAN @ BOR,Bordeaux,159,0,Caen,2927,0,STATUS_FULL_TIME,Stade Atlantique,2018-2019,0,11,11,2018
512253,2018-11-11 16:00:00+00:00,Dijon FCO at Marseille,DIJO @ OLM,Marseille,176,2,Dijon FCO,3170,0,STATUS_FULL_TIME,Orange Vélodrome,2018-2019,0,11,11,2018
512256,2018-11-11 16:00:00+00:00,Nantes at Stade Rennais,NAN @ REN,Stade Rennais,169,1,Nantes,165,1,STATUS_FULL_TIME,Roazhon Park,2018-2019,0,11,11,2018
512251,2018-11-11 20:00:00+00:00,Paris Saint-Germain at AS Monaco,PSG @ MON,AS Monaco,174,0,Paris Saint-Germain,160,4,STATUS_FULL_TIME,Stade Louis II,2018-2019,0,11,11,2018
512249,2018-11-23 20:00:00+00:00,Saint-Étienne at Lyon,ASSE @ LYON,Lyon,167,1,Saint-Étienne,178,0,STATUS_FULL_TIME,Groupama Stadium,2018-2019,0,11,23,2018
512250,2018-11-24 16:00:00+00:00,Toulouse at Paris Saint-Germain,TOU @ PSG,Paris Saint-Germain,160,1,Toulouse,179,0,STATUS_FULL_TIME,Parc des Princes,2018-2019,0,11,24,2018
512246,2018-11-24 19:00:00+00:00,AS Monaco at Caen,MON @ CAN,Caen,2927,0,AS Monaco,174,1,STATUS_FULL_TIME,Stade Michel-d'Ornano,2018-2019,0,11,24,2018
512242,2018-11-24 19:00:00+00:00,Bordeaux at Dijon FCO,BOR @ DIJO,Dijon FCO,3170,0,Bordeaux,159,0,STATUS_FULL_TIME,Stade Gaston-Gérard,2018-2019,0,11,24,2018
512241,2018-11-24 19:00:00+00:00,Angers at Nantes,ANG @ NAN,Nantes,165,1,Angers,7868,1,STATUS_FULL_TIME,La Beaujoire-Louis-Fonteneau,2018-2019,0,11,24,2018
512243,2018-11-24 19:00:00+00:00,Guingamp at Stade de Reims,EAG @ REIM,Stade de Reims,3243,2,Guingamp,171,1,STATUS_FULL_TIME,Stade Auguste-Delaune II,2018-2019,0,11,24,2018
512247,2018-11-24 19:00:00+00:00,Nimes at Strasbourg,NIM @ STR,Strasbourg,180,0,Nimes,7730,1,STATUS_FULL_TIME,Stade de la Meinau,2018-2019,0,11,24,2018
512248,2018-11-25 14:00:00+00:00,Stade Rennais at Montpellier,REN @ MON,Montpellier,274,2,Stade Rennais,169,2,STATUS_FULL_TIME,Stade de la Mosson,2018-2019,0,11,25,2018
512244,2018-11-25 16:00:00+00:00,Lille at Nice,LILL @ NICE,Nice,2502,2,Lille,166,0,STATUS_FULL_TIME,Allianz Riviera,2018-2019,0,11,25,2018
512245,2018-11-25 20:00:00+00:00,Marseille at SC Amiens,OLM @ AMI,SC Amiens,3335,1,Marseille,176,3,STATUS_FULL_TIME,Stade Crédit Agricole de la Licorne,2018-2019,0,11,25,2018
512235,2018-11-30 19:45:00+00:00,Nantes at Saint-Étienne,NAN @ ASSE,Saint-Étienne,178,3,Nantes,165,0,STATUS_FULL_TIME,Stade Geoffroy-Guichard,2018-2019,0,11,30,2018
512233,2018-12-01 16:00:00+00:00,Lyon at Lille,LYON @ LILL,Lille,166,2,Lyon,167,2,STATUS_FULL_TIME,Decathlon Arena - Stade Pierre-Mauroy,2018-2019,0,12,1,2018
512231,2018-12-01 19:00:00+00:00,Caen at Angers,CAN @ ANG,Angers,7868,1,Caen,2927,1,STATUS_FULL_TIME,Stade Raymond Kopa,2018-2019,0,12,1,2018
512234,2018-12-01 19:00:00+00:00,Montpellier at AS Monaco,MON @ MON,AS Monaco,174,1,Montpellier,274,2,STATUS_FULL_TIME,Stade Louis II,2018-2019,0,12,1,2018
512236,2018-12-01 19:00:00+00:00,Nice at Guingamp,NICE @ EAG,Guingamp,171,0,Nice,2502,0,STATUS_FULL_TIME,Stade Municipal de Roudourou,2018-2019,0,12,1,2018
512239,2018-12-01 19:00:00+00:00,SC Amiens at Nimes,AMI @ NIM,Nimes,7730,3,SC Amiens,3335,0,STATUS_FULL_TIME,Stade des Costières,2018-2019,0,12,1,2018
512232,2018-12-02 14:00:00+00:00,Dijon FCO at Toulouse,DIJO @ TOU,Toulouse,179,2,Dijon FCO,3170,2,STATUS_FULL_TIME,Stadium de Toulouse,2018-2019,0,12,2,2018
512238,2018-12-02 16:00:00+00:00,Stade de Reims at Marseille,REIM @ OLM,Marseille,176,0,Stade de Reims,3243,0,STATUS_FULL_TIME,Orange Vélodrome,2018-2019,0,12,2,2018
512240,2018-12-02 16:00:00+00:00,Strasbourg at Stade Rennais,STR @ REN,Stade Rennais,169,1,Strasbourg,180,4,STATUS_FULL_TIME,Roazhon Park,2018-2019,0,12,2,2018
512237,2018-12-02 20:00:00+00:00,Paris Saint-Germain at Bordeaux,PSG @ BOR,Bordeaux,159,2,Paris Saint-Germain,160,2,STATUS_FULL_TIME,Stade Atlantique,2018-2019,0,12,2,2018
512221,2018-12-04 18:00:00+00:00,Angers at Nice,ANG @ NICE,Nice,2502,0,Angers,7868,0,STATUS_FULL_TIME,Allianz Riviera,2018-2019,0,12,4,2018
512225,2018-12-04 18:00:00+00:00,AS Monaco at SC Amiens,MON @ AMI,SC Amiens,3335,0,AS Monaco,174,2,STATUS_FULL_TIME,Stade Crédit Agricole de la Licorne,2018-2019,0,12,4,2018
512223,2018-12-04 20:00:00+00:00,Lille at Montpellier,LILL @ MON,Montpellier,274,0,Lille,166,1,STATUS_FULL_TIME,Stade de la Mosson,2018-2019,0,12,4,2018
512222,2018-12-05 18:00:00+00:00,Guingamp at Dijon FCO,EAG @ DIJO,Dijon FCO,3170,2,Guingamp,171,1,STATUS_FULL_TIME,Stade Gaston-Gérard,2018-2019,0,12,5,2018
512226,2018-12-05 18:00:00+00:00,Nimes at Caen,NIM @ CAN,Caen,2927,1,Nimes,7730,2,STATUS_FULL_TIME,Stade Michel-d'Ornano,2018-2019,0,12,5,2018
512229,2018-12-05 18:00:00+00:00,Saint-Étienne at Bordeaux,ASSE @ BOR,Bordeaux,159,3,Saint-Étienne,178,2,STATUS_FULL_TIME,Stade Atlantique,2018-2019,0,12,5,2018
512228,2018-12-05 18:00:00+00:00,Stade Rennais at Lyon,REN @ LYON,Lyon,167,0,Stade Rennais,169,2,STATUS_FULL_TIME,Groupama Stadium,2018-2019,0,12,5,2018
512230,2018-12-05 18:00:00+00:00,Toulouse at Stade de Reims,TOU @ REIM,Stade de Reims,3243,0,Toulouse,179,1,STATUS_FULL_TIME,Stade Auguste-Delaune II,2018-2019,0,12,5,2018
512224,2018-12-05 18:00:00+00:00,Marseille at Nantes,OLM @ NAN,Nantes,165,3,Marseille,176,2,STATUS_FULL_TIME,La Beaujoire-Louis-Fonteneau,2018-2019,0,12,5,2018
512227,2018-12-05 20:00:00+00:00,Paris Saint-Germain at Strasbourg,PSG @ STR,Strasbourg,180,1,Paris Saint-Germain,160,1,STATUS_FULL_TIME,Stade de la Meinau,2018-2019,0,12,5,2018
512220,2018-12-08 19:00:00+00:00,SC Amiens at Guingamp,AMI @ EAG,Guingamp,171,1,SC Amiens,3335,2,STATUS_FULL_TIME,Stade Municipal de Roudourou,2018-2019,0,12,8,2018
512213,2018-12-08 19:00:00+00:00,Dijon FCO at Stade Rennais,DIJO @ REN,Stade Rennais,169,2,Dijon FCO,3170,0,STATUS_FULL_TIME,Roazhon Park,2018-2019,0,12,8,2018
512212,2018-12-09 14:00:00+00:00,Caen at Strasbourg,CAN @ STR,Strasbourg,180,2,Caen,2927,2,STATUS_FULL_TIME,Stade de la Meinau,2018-2019,0,12,9,2018
512219,2018-12-09 16:00:00+00:00,Stade de Reims at Lille,REIM @ LILL,Lille,166,1,Stade de Reims,3243,1,STATUS_FULL_TIME,Decathlon Arena - Stade Pierre-Mauroy,2018-2019,0,12,9,2018
512209,2018-12-15 19:00:00+00:00,Strasbourg at Stade de Reims,STR @ REIM,Stade de Reims,3243,2,Strasbourg,180,1,STATUS_FULL_TIME,Stade Auguste-Delaune II,2018-2019,0,12,15,2018
512203,2018-12-16 14:00:00+00:00,Lille at Nimes,LILL @ NIM,Nimes,7730,2,Lille,166,3,STATUS_FULL_TIME,Stade des Costières,2018-2019,0,12,16,2018
512208,2018-12-16 16:00:00+00:00,Saint-Étienne at Nice,ASSE @ NICE,Nice,2502,1,Saint-Étienne,178,1,STATUS_FULL_TIME,Allianz Riviera,2018-2019,0,12,16,2018
512204,2018-12-16 20:00:00+00:00,AS Monaco at Lyon,MON @ LYON,Lyon,167,3,AS Monaco,174,0,STATUS_FULL_TIME,Groupama Stadium,2018-2019,0,12,16,2018
512210,2018-12-18 18:30:00+00:00,Toulouse at Caen,TOU @ CAN,Caen,2927,2,Toulouse,179,1,STATUS_FULL_TIME,Stade Michel-d'Ornano,2018-2019,0,12,18,2018
512196,2018-12-22 20:00:00+00:00,Nantes at Paris Saint-Germain,NAN @ PSG,Paris Saint-Germain,160,1,Nantes,165,0,STATUS_FULL_TIME,Parc des Princes,2018-2019,0,12,22,2018
512195,2018-12-22 20:00:00+00:00,Marseille at Angers,OLM @ ANG,Angers,7868,1,Marseille,176,1,STATUS_FULL_TIME,Stade Raymond Kopa,2018-2019,0,12,22,2018
512200,2018-12-22 20:00:00+00:00,Toulouse at Lille,TOU @ LILL,Lille,166,1,Toulouse,179,2,STATUS_FULL_TIME,Decathlon Arena - Stade Pierre-Mauroy,2018-2019,0,12,22,2018
512194,2018-12-22 20:00:00+00:00,Lyon at Montpellier,LYON @ MON,Montpellier,274,1,Lyon,167,1,STATUS_FULL_TIME,Stade de la Mosson,2018-2019,0,12,22,2018
512198,2018-12-22 20:00:00+00:00,Nimes at Stade Rennais,NIM @ REN,Stade Rennais,169,4,Nimes,7730,0,STATUS_FULL_TIME,Roazhon Park,2018-2019,0,12,22,2018
512192,2018-12-22 20:00:00+00:00,Dijon FCO at Saint-Étienne,DIJO @ ASSE,Saint-Étienne,178,3,Dijon FCO,3170,0,STATUS_FULL_TIME,Stade Geoffroy-Guichard,2018-2019,0,12,22,2018
512191,2018-12-22 20:00:00+00:00,Caen at Stade de Reims,CAN @ REIM,Stade de Reims,3243,2,Caen,2927,2,STATUS_FULL_TIME,Stade Auguste-Delaune II,2018-2019,0,12,22,2018
512197,2018-12-22 20:00:00+00:00,Nice at Strasbourg,NICE @ STR,Strasbourg,180,2,Nice,2502,0,STATUS_FULL_TIME,Stade de la Meinau,2018-2019,0,12,22,2018
512193,2018-12-22 20:00:00+00:00,Guingamp at AS Monaco,EAG @ MON,AS Monaco,174,0,Guingamp,171,2,STATUS_FULL_TIME,Stade Louis II,2018-2019,0,12,22,2018
512199,2018-12-23 16:00:00+00:00,SC Amiens at Bordeaux,AMI @ BOR,Bordeaux,159,1,SC Amiens,3335,1,STATUS_FULL_TIME,Stade Atlantique,2018-2019,0,12,23,2018
512205,2019-01-08 18:00:00+00:00,Montpellier at Nantes,MON @ NAN,Nantes,165,2,Montpellier,274,0,STATUS_FULL_TIME,La Beaujoire-Louis-Fonteneau,2018-2019,0,1,8,2019
512201,2019-01-08 18:00:00+00:00,Angers at SC Amiens,ANG @ AMI,SC Amiens,3335,0,Angers,7868,0,STATUS_FULL_TIME,Stade Crédit Agricole de la Licorne,2018-2019,0,1,8,2019
512184,2019-01-11 18:00:00+00:00,Lille at Caen,LILL @ CAN,Caen,2927,1,Lille,166,3,STATUS_FULL_TIME,Stade Michel-d'Ornano,2018-2019,0,1,11,2019
512187,2019-01-11 19:45:00+00:00,Stade de Reims at Lyon,REIM @ LYON,Lyon,167,1,Stade de Reims,3243,1,STATUS_FULL_TIME,Groupama Stadium,2018-2019,0,1,11,2019
512186,2019-01-12 16:00:00+00:00,Paris Saint-Germain at SC Amiens,PSG @ AMI,SC Amiens,3335,0,Paris Saint-Germain,160,3,STATUS_FULL_TIME,Stade Crédit Agricole de la Licorne,2018-2019,0,1,12,2019
512189,2019-01-12 19:00:00+00:00,Saint-Étienne at Guingamp,ASSE @ EAG,Guingamp,171,0,Saint-Étienne,178,1,STATUS_FULL_TIME,Stade Municipal de Roudourou,2018-2019,0,1,12,2019
512183,2019-01-12 19:00:00+00:00,Bordeaux at Nice,BOR @ NICE,Nice,2502,1,Bordeaux,159,0,STATUS_FULL_TIME,Allianz Riviera,2018-2019,0,1,12,2019
512188,2019-01-13 14:00:00+00:00,Stade Rennais at Nantes,REN @ NAN,Nantes,165,0,Stade Rennais,169,1,STATUS_FULL_TIME,La Beaujoire-Louis-Fonteneau,2018-2019,0,1,13,2019
512185,2019-01-13 16:00:00+00:00,Montpellier at Dijon FCO,MON @ DIJO,Dijon FCO,3170,1,Montpellier,274,1,STATUS_FULL_TIME,Stade Gaston-Gérard,2018-2019,0,1,13,2019
512190,2019-01-13 16:00:00+00:00,Strasbourg at Toulouse,STR @ TOU,Toulouse,179,1,Strasbourg,180,2,STATUS_FULL_TIME,Stadium de Toulouse,2018-2019,0,1,13,2019
512181,2019-01-13 20:00:00+00:00,AS Monaco at Marseille,MON @ OLM,Marseille,176,1,AS Monaco,174,1,STATUS_FULL_TIME,Orange Vélodrome,2018-2019,0,1,13,2019
512211,2019-01-15 18:00:00+00:00,Bordeaux at Angers,BOR @ ANG,Angers,7868,1,Bordeaux,159,2,STATUS_FULL_TIME,,2018-2019,0,1,15,2019
512218,2019-01-16 18:00:00+00:00,Nice at AS Monaco,NICE @ MON,AS Monaco,174,1,Nice,2502,1,STATUS_FULL_TIME,Stade Louis II,2018-2019,0,1,16,2019
512207,2019-01-16 18:00:00+00:00,Stade Rennais at Guingamp,REN @ EAG,Guingamp,171,2,Stade Rennais,169,1,STATUS_FULL_TIME,Stade Municipal de Roudourou,2018-2019,0,1,16,2019
512217,2019-01-16 18:00:00+00:00,Nantes at Nimes,NAN @ NIM,Nimes,7730,1,Nantes,165,0,STATUS_FULL_TIME,Stade des Costières,2018-2019,0,1,16,2019
512214,2019-01-16 18:00:00+00:00,Lyon at Toulouse,LYON @ TOU,Toulouse,179,2,Lyon,167,2,STATUS_FULL_TIME,Stadium de Toulouse,2018-2019,0,1,16,2019
512215,2019-01-16 20:00:00+00:00,Marseille at Saint-Étienne,OLM @ ASSE,Saint-Étienne,178,2,Marseille,176,1,STATUS_FULL_TIME,Stade Geoffroy-Guichard,2018-2019,0,1,16,2019
512178,2019-01-18 19:45:00+00:00,SC Amiens at Lille,AMI @ LILL,Lille,166,2,SC Amiens,3335,1,STATUS_FULL_TIME,Decathlon Arena - Stade Pierre-Mauroy,2018-2019,0,1,18,2019
512173,2019-01-19 16:00:00+00:00,Guingamp at Paris Saint-Germain,EAG @ PSG,Paris Saint-Germain,160,9,Guingamp,171,0,STATUS_FULL_TIME,Parc des Princes,2018-2019,0,1,19,2019
512179,2019-01-19 19:00:00+00:00,Strasbourg at AS Monaco,STR @ MON,AS Monaco,174,1,Strasbourg,180,5,STATUS_FULL_TIME,Stade Louis II,2018-2019,0,1,19,2019
512180,2019-01-19 19:00:00+00:00,Toulouse at Nimes,TOU @ NIM,Nimes,7730,0,Toulouse,179,1,STATUS_FULL_TIME,Stade des Costières,2018-2019,0,1,19,2019
512177,2019-01-19 19:00:00+00:00,Nice at Stade de Reims,NICE @ REIM,Stade de Reims,3243,1,Nice,2502,1,STATUS_FULL_TIME,Stade Auguste-Delaune II,2018-2019,0,1,19,2019
512175,2019-01-20 14:00:00+00:00,Montpellier at Stade Rennais,MON @ REN,Stade Rennais,169,0,Montpellier,274,0,STATUS_FULL_TIME,Roazhon Park,2018-2019,0,1,20,2019
512176,2019-01-20 16:00:00+00:00,Nantes at Angers,NAN @ ANG,Angers,7868,1,Nantes,165,0,STATUS_FULL_TIME,Stade Raymond Kopa,2018-2019,0,1,20,2019
512174,2019-01-20 16:00:00+00:00,Marseille at Caen,OLM @ CAN,Caen,2927,0,Marseille,176,1,STATUS_FULL_TIME,Stade Michel-d'Ornano,2018-2019,0,1,20,2019
512172,2019-01-20 18:00:00+00:00,Dijon FCO at Bordeaux,DIJO @ BOR,Bordeaux,159,1,Dijon FCO,3170,0,STATUS_FULL_TIME,Stade Atlantique,2018-2019,0,1,20,2019
512171,2019-01-20 20:00:00+00:00,Lyon at Saint-Étienne,LYON @ ASSE,Saint-Étienne,178,1,Lyon,167,2,STATUS_FULL_TIME,Stade Geoffroy-Guichard,2018-2019,0,1,20,2019
512182,2019-01-23 18:00:00+00:00,Angers at Nimes,ANG @ NIM,Nimes,7730,3,Angers,7868,1,STATUS_FULL_TIME,Stade des Costières,2018-2019,0,1,23,2019
511624,2019-01-25 19:45:00+00:00,Lille at Marseille,LILL @ OLM,Marseille,176,1,Lille,166,2,STATUS_FULL_TIME,Orange Vélodrome,2018-2019,0,1,25,2019
511626,2019-01-26 19:00:00+00:00,AS Monaco at Dijon FCO,MON @ DIJO,Dijon FCO,3170,2,AS Monaco,174,0,STATUS_FULL_TIME,Stade Gaston-Gérard,2018-2019,0,1,26,2019
511628,2019-01-26 19:00:00+00:00,Stade de Reims at Guingamp,REIM @ EAG,Guingamp,171,0,Stade de Reims,3243,1,STATUS_FULL_TIME,Stade Municipal de Roudourou,2018-2019,0,1,26,2019
511627,2019-01-26 19:00:00+00:00,Nimes at Nice,NIM @ NICE,Nice,2502,2,Nimes,7730,0,STATUS_FULL_TIME,Allianz Riviera,2018-2019,0,1,26,2019
511622,2019-01-26 19:00:00+00:00,Bordeaux at Strasbourg,BOR @ STR,Strasbourg,180,1,Bordeaux,159,0,STATUS_FULL_TIME,Stade de la Meinau,2018-2019,0,1,26,2019
511623,2019-01-27 14:00:00+00:00,Caen at Montpellier,CAN @ MON,Montpellier,274,2,Caen,2927,0,STATUS_FULL_TIME,Stade de la Mosson,2018-2019,0,1,27,2019
511625,2019-01-27 16:00:00+00:00,Lyon at SC Amiens,LYON @ AMI,SC Amiens,3335,0,Lyon,167,1,STATUS_FULL_TIME,Stade Crédit Agricole de la Licorne,2018-2019,0,1,27,2019
511621,2019-01-27 19:00:00+00:00,Angers at Toulouse,ANG @ TOU,Toulouse,179,0,Angers,7868,0,STATUS_FULL_TIME,Stadium de Toulouse,2018-2019,0,1,27,2019
511629,2019-01-27 20:00:00+00:00,Stade Rennais at Paris Saint-Germain,REN @ PSG,Paris Saint-Germain,160,4,Stade Rennais,169,1,STATUS_FULL_TIME,Parc des Princes,2018-2019,0,1,27,2019
511630,2019-01-30 20:00:00+00:00,Saint-Étienne at Nantes,ASSE @ NAN,Nantes,165,1,Saint-Étienne,178,1,STATUS_FULL_TIME,La Beaujoire-Louis-Fonteneau,2018-2019,0,1,30,2019
512167,2019-02-01 19:45:00+00:00,Nice at Lille,NICE @ LILL,Lille,166,4,Nice,2502,0,STATUS_FULL_TIME,Decathlon Arena - Stade Pierre-Mauroy,2018-2019,0,2,1,2019
512162,2019-02-02 19:00:00+00:00,Dijon FCO at Angers,DIJO @ ANG,Angers,7868,1,Dijon FCO,3170,0,STATUS_FULL_TIME,Stade Raymond Kopa,2018-2019,0,2,2,2019
512170,2019-02-02 19:00:00+00:00,Toulouse at AS Monaco,TOU @ MON,AS Monaco,174,2,Toulouse,179,1,STATUS_FULL_TIME,Stade Louis II,2018-2019,0,2,2,2019
512168,2019-02-02 19:00:00+00:00,SC Amiens at Stade Rennais,AMI @ REN,Stade Rennais,169,1,SC Amiens,3335,0,STATUS_FULL_TIME,Roazhon Park,2018-2019,0,2,2,2019
512164,2019-02-02 20:00:00+00:00,Marseille at Stade de Reims,OLM @ REIM,Stade de Reims,3243,2,Marseille,176,1,STATUS_FULL_TIME,Stade Auguste-Delaune II,2018-2019,0,2,2,2019
512165,2019-02-03 14:00:00+00:00,Montpellier at Nimes,MON @ NIM,Nimes,7730,1,Montpellier,274,1,STATUS_FULL_TIME,Stade des Costières,2018-2019,0,2,3,2019
512161,2019-02-03 20:00:00+00:00,Paris Saint-Germain at Lyon,PSG @ LYON,Lyon,167,2,Paris Saint-Germain,160,1,STATUS_FULL_TIME,Groupama Stadium,2018-2019,0,2,3,2019
512202,2019-02-05 18:00:00+00:00,Bordeaux at Marseille,BOR @ OLM,Marseille,176,1,Bordeaux,159,0,STATUS_FULL_TIME,Orange Vélodrome,2018-2019,0,2,5,2019
512156,2019-02-08 19:45:00+00:00,Marseille at Dijon FCO,OLM @ DIJO,Dijon FCO,3170,1,Marseille,176,2,STATUS_FULL_TIME,Stade Gaston-Gérard,2018-2019,0,2,8,2019
512152,2019-02-09 16:00:00+00:00,Bordeaux at Paris Saint-Germain,BOR @ PSG,Paris Saint-Germain,160,1,Bordeaux,159,0,STATUS_FULL_TIME,Parc des Princes,2018-2019,0,2,9,2019
512153,2019-02-09 19:00:00+00:00,Caen at SC Amiens,CAN @ AMI,SC Amiens,3335,1,Caen,2927,0,STATUS_FULL_TIME,Stade Crédit Agricole de la Licorne,2018-2019,0,2,9,2019
512151,2019-02-09 19:00:00+00:00,Angers at Strasbourg,ANG @ STR,Strasbourg,180,1,Angers,7868,2,STATUS_FULL_TIME,Stade de la Meinau,2018-2019,0,2,9,2019
512157,2019-02-10 14:00:00+00:00,AS Monaco at Montpellier,MON @ MON,Montpellier,274,2,AS Monaco,174,2,STATUS_FULL_TIME,Stade de la Mosson,2018-2019,0,2,10,2019
512158,2019-02-10 14:00:00+00:00,Nimes at Nantes,NIM @ NAN,Nantes,165,2,Nimes,7730,4,STATUS_FULL_TIME,La Beaujoire-Louis-Fonteneau,2018-2019,0,2,10,2019
512159,2019-02-10 14:00:00+00:00,Stade de Reims at Toulouse,REIM @ TOU,Toulouse,179,1,Stade de Reims,3243,1,STATUS_FULL_TIME,Stadium de Toulouse,2018-2019,0,2,10,2019
512154,2019-02-10 16:00:00+00:00,Lille at Guingamp,LILL @ EAG,Guingamp,171,0,Lille,166,2,STATUS_FULL_TIME,Stade Municipal de Roudourou,2018-2019,0,2,10,2019
512160,2019-02-10 16:00:00+00:00,Saint-Étienne at Stade Rennais,ASSE @ REN,Stade Rennais,169,3,Saint-Étienne,178,0,STATUS_FULL_TIME,Roazhon Park,2018-2019,0,2,10,2019
512155,2019-02-10 20:00:00+00:00,Lyon at Nice,LYON @ NICE,Nice,2502,1,Lyon,167,0,STATUS_FULL_TIME,Allianz Riviera,2018-2019,0,2,10,2019
512169,2019-02-13 18:00:00+00:00,Strasbourg at Saint-Étienne,STR @ ASSE,Saint-Étienne,178,2,Strasbourg,180,1,STATUS_FULL_TIME,Stade Geoffroy-Guichard,2018-2019,0,2,13,2019
512166,2019-02-13 18:30:00+00:00,Nantes at Caen,NAN @ CAN,Caen,2927,0,Nantes,165,1,STATUS_FULL_TIME,Stade Michel-d'Ornano,2018-2019,0,2,13,2019
512141,2019-02-15 18:00:00+00:00,Dijon FCO at Nimes,DIJO @ NIM,Nimes,7730,2,Dijon FCO,3170,0,STATUS_FULL_TIME,Stade des Costières,2018-2019,0,2,15,2019
512142,2019-02-15 19:45:00+00:00,Guingamp at Lyon,EAG @ LYON,Lyon,167,2,Guingamp,171,1,STATUS_FULL_TIME,Groupama Stadium,2018-2019,0,2,15,2019
512148,2019-02-16 16:00:00+00:00,SC Amiens at Marseille,AMI @ OLM,Marseille,176,2,SC Amiens,3335,0,STATUS_FULL_TIME,Orange Vélodrome,2018-2019,0,2,16,2019
512145,2019-02-16 19:00:00+00:00,Nice at Angers,NICE @ ANG,Angers,7868,3,Nice,2502,0,STATUS_FULL_TIME,Stade Raymond Kopa,2018-2019,0,2,16,2019
512144,2019-02-16 19:00:00+00:00,Nantes at AS Monaco,NAN @ MON,AS Monaco,174,1,Nantes,165,0,STATUS_FULL_TIME,Stade Louis II,2018-2019,0,2,16,2019
512150,2019-02-17 14:00:00+00:00,Toulouse at Bordeaux,TOU @ BOR,Bordeaux,159,2,Toulouse,179,1,STATUS_FULL_TIME,Stade Atlantique,2018-2019,0,2,17,2019
512149,2019-02-17 14:00:00+00:00,Strasbourg at Caen,STR @ CAN,Caen,2927,0,Strasbourg,180,0,STATUS_FULL_TIME,Stade Michel-d'Ornano,2018-2019,0,2,17,2019
512143,2019-02-17 14:00:00+00:00,Montpellier at Lille,MON @ LILL,Lille,166,0,Montpellier,274,0,STATUS_FULL_TIME,Decathlon Arena - Stade Pierre-Mauroy,2018-2019,0,2,17,2019
512147,2019-02-17 16:00:00+00:00,Stade Rennais at Stade de Reims,REN @ REIM,Stade de Reims,3243,2,Stade Rennais,169,0,STATUS_FULL_TIME,Stade Auguste-Delaune II,2018-2019,0,2,17,2019
512146,2019-02-17 20:00:00+00:00,Paris Saint-Germain at Saint-Étienne,PSG @ ASSE,Saint-Étienne,178,0,Paris Saint-Germain,160,1,STATUS_FULL_TIME,Stade Geoffroy-Guichard,2018-2019,0,2,17,2019
512163,2019-02-20 18:00:00+00:00,Guingamp at Bordeaux,EAG @ BOR,Bordeaux,159,0,Guingamp,171,0,STATUS_FULL_TIME,Stade Atlantique,2018-2019,0,2,20,2019
512216,2019-02-20 20:00:00+00:00,Montpellier at Paris Saint-Germain,MON @ PSG,Paris Saint-Germain,160,5,Montpellier,274,1,STATUS_FULL_TIME,Parc des Princes,2018-2019,0,2,20,2019
512140,2019-02-22 18:00:00+00:00,Saint-Étienne at Dijon FCO,ASSE @ DIJO,Dijon FCO,3170,0,Saint-Étienne,178,1,STATUS_FULL_TIME,Stade Gaston-Gérard,2018-2019,0,2,22,2019
512135,2019-02-22 19:45:00+00:00,Lille at Strasbourg,LILL @ STR,Strasbourg,180,1,Lille,166,1,STATUS_FULL_TIME,Stade de la Meinau,2018-2019,0,2,22,2019
512138,2019-02-23 16:00:00+00:00,Nimes at Paris Saint-Germain,NIM @ PSG,Paris Saint-Germain,160,3,Nimes,7730,0,STATUS_FULL_TIME,Parc des Princes,2018-2019,0,2,23,2019
512132,2019-02-23 19:00:00+00:00,Angers at Guingamp,ANG @ EAG,Guingamp,171,1,Angers,7868,0,STATUS_FULL_TIME,Stade Municipal de Roudourou,2018-2019,0,2,23,2019
512137,2019-02-23 19:00:00+00:00,Nice at SC Amiens,NICE @ AMI,SC Amiens,3335,1,Nice,2502,0,STATUS_FULL_TIME,Stade Crédit Agricole de la Licorne,2018-2019,0,2,23,2019
512139,2019-02-24 14:00:00+00:00,Stade de Reims at Montpellier,REIM @ MON,Montpellier,274,2,Stade de Reims,3243,4,STATUS_FULL_TIME,Stade de la Mosson,2018-2019,0,2,24,2019
512133,2019-02-24 14:00:00+00:00,Bordeaux at Nantes,BOR @ NAN,Nantes,165,1,Bordeaux,159,0,STATUS_FULL_TIME,La Beaujoire-Louis-Fonteneau,2018-2019,0,2,24,2019
512134,2019-02-24 14:00:00+00:00,Caen at Toulouse,CAN @ TOU,Toulouse,179,1,Caen,2927,1,STATUS_FULL_TIME,Stadium de Toulouse,2018-2019,0,2,24,2019
512136,2019-02-24 16:00:00+00:00,Marseille at Stade Rennais,OLM @ REN,Stade Rennais,169,1,Marseille,176,1,STATUS_FULL_TIME,Roazhon Park,2018-2019,0,2,24,2019
512131,2019-02-24 20:00:00+00:00,Lyon at AS Monaco,LYON @ MON,AS Monaco,174,2,Lyon,167,0,STATUS_FULL_TIME,Stade Louis II,2018-2019,0,2,24,2019
512125,2019-03-02 16:00:00+00:00,Paris Saint-Germain at Caen,PSG @ CAN,Caen,2927,1,Paris Saint-Germain,160,2,STATUS_FULL_TIME,Stade Michel-d'Ornano,2018-2019,0,3,2,2019
512122,2019-03-02 19:00:00+00:00,AS Monaco at Angers,MON @ ANG,Angers,7868,2,AS Monaco,174,2,STATUS_FULL_TIME,Stade Raymond Kopa,2018-2019,0,3,2,2019
512127,2019-03-02 19:00:00+00:00,SC Amiens at Stade de Reims,AMI @ REIM,Stade de Reims,3243,2,SC Amiens,3335,2,STATUS_FULL_TIME,Stade Auguste-Delaune II,2018-2019,0,3,2,2019
512124,2019-03-03 14:00:00+00:00,Nantes at Guingamp,NAN @ EAG,Guingamp,171,0,Nantes,165,0,STATUS_FULL_TIME,Stade Municipal de Roudourou,2018-2019,0,3,3,2019
512121,2019-03-03 14:00:00+00:00,Dijon FCO at Lille,DIJO @ LILL,Lille,166,1,Dijon FCO,3170,0,STATUS_FULL_TIME,Decathlon Arena - Stade Pierre-Mauroy,2018-2019,0,3,3,2019
512129,2019-03-03 14:00:00+00:00,Strasbourg at Nice,STR @ NICE,Nice,2502,1,Strasbourg,180,0,STATUS_FULL_TIME,Allianz Riviera,2018-2019,0,3,3,2019
512130,2019-03-03 16:00:00+00:00,Toulouse at Lyon,TOU @ LYON,Lyon,167,5,Toulouse,179,1,STATUS_FULL_TIME,Groupama Stadium,2018-2019,0,3,3,2019
512128,2019-03-03 20:00:00+00:00,Saint-Étienne at Marseille,ASSE @ OLM,Marseille,176,2,Saint-Étienne,178,0,STATUS_FULL_TIME,Orange Vélodrome,2018-2019,0,3,3,2019
512123,2019-03-05 18:00:00+00:00,Montpellier at Bordeaux,MON @ BOR,Bordeaux,159,1,Montpellier,274,2,STATUS_FULL_TIME,Stade Atlantique,2018-2019,0,3,5,2019
512116,2019-03-09 16:00:00+00:00,Lyon at Strasbourg,LYON @ STR,Strasbourg,180,2,Lyon,167,2,STATUS_FULL_TIME,Stade de la Meinau,2018-2019,0,3,9,2019
512112,2019-03-09 19:00:00+00:00,Bordeaux at AS Monaco,BOR @ MON,AS Monaco,174,1,Bordeaux,159,1,STATUS_FULL_TIME,Stade Louis II,2018-2019,0,3,9,2019
512120,2019-03-09 19:00:00+00:00,Stade de Reims at Dijon FCO,REIM @ DIJO,Dijon FCO,3170,1,Stade de Reims,3243,1,STATUS_FULL_TIME,Stade Gaston-Gérard,2018-2019,0,3,9,2019
512118,2019-03-09 19:00:00+00:00,Nimes at SC Amiens,NIM @ AMI,SC Amiens,3335,2,Nimes,7730,1,STATUS_FULL_TIME,Stade Crédit Agricole de la Licorne,2018-2019,0,3,9,2019
512111,2019-03-10 14:00:00+00:00,Angers at Montpellier,ANG @ MON,Montpellier,274,2,Angers,7868,2,STATUS_FULL_TIME,Stade de la Mosson,2018-2019,0,3,10,2019
512115,2019-03-10 14:00:00+00:00,Lille at Saint-Étienne,LILL @ ASSE,Saint-Étienne,178,0,Lille,166,1,STATUS_FULL_TIME,Stade Geoffroy-Guichard,2018-2019,0,3,10,2019
512114,2019-03-10 14:00:00+00:00,Guingamp at Toulouse,EAG @ TOU,Toulouse,179,1,Guingamp,171,0,STATUS_FULL_TIME,Stadium de Toulouse,2018-2019,0,3,10,2019
512113,2019-03-10 16:00:00+00:00,Caen at Stade Rennais,CAN @ REN,Stade Rennais,169,3,Caen,2927,1,STATUS_FULL_TIME,Roazhon Park,2018-2019,0,3,10,2019
512117,2019-03-10 20:00:00+00:00,Nice at Marseille,NICE @ OLM,Marseille,176,1,Nice,2502,0,STATUS_FULL_TIME,Orange Vélodrome,2018-2019,0,3,10,2019
512206,2019-03-12 18:00:00+00:00,Paris Saint-Germain at Dijon FCO,PSG @ DIJO,Dijon FCO,3170,0,Paris Saint-Germain,160,4,STATUS_FULL_TIME,Stade Gaston-Gérard,2018-2019,0,3,12,2019
512110,2019-03-15 18:00:00+00:00,Toulouse at Nice,TOU @ NICE,Nice,2502,1,Toulouse,179,1,STATUS_FULL_TIME,Allianz Riviera,2018-2019,0,3,15,2019
512103,2019-03-15 19:45:00+00:00,AS Monaco at Lille,MON @ LILL,Lille,166,0,AS Monaco,174,1,STATUS_FULL_TIME,Decathlon Arena - Stade Pierre-Mauroy,2018-2019,0,3,15,2019
512107,2019-03-16 19:00:00+00:00,SC Amiens at Angers,AMI @ ANG,Angers,7868,0,SC Amiens,3335,0,STATUS_FULL_TIME,Stade Raymond Kopa,2018-2019,0,3,16,2019
512108,2019-03-16 19:00:00+00:00,Saint-Étienne at Caen,ASSE @ CAN,Caen,2927,0,Saint-Étienne,178,5,STATUS_FULL_TIME,Stade Michel-d'Ornano,2018-2019,0,3,16,2019
512102,2019-03-16 19:00:00+00:00,Dijon FCO at Guingamp,DIJO @ EAG,Guingamp,171,1,Dijon FCO,3170,0,STATUS_FULL_TIME,Stade Municipal de Roudourou,2018-2019,0,3,16,2019
512109,2019-03-16 19:00:00+00:00,Strasbourg at Nimes,STR @ NIM,Nimes,7730,2,Strasbourg,180,2,STATUS_FULL_TIME,Stade des Costières,2018-2019,0,3,16,2019
512104,2019-03-17 13:30:00+00:00,Montpellier at Lyon,MON @ LYON,Lyon,167,3,Montpellier,274,2,STATUS_FULL_TIME,Groupama Stadium,2018-2019,0,3,17,2019
512105,2019-03-17 14:00:00+00:00,Nantes at Stade de Reims,NAN @ REIM,Stade de Reims,3243,1,Nantes,165,0,STATUS_FULL_TIME,Stade Auguste-Delaune II,2018-2019,0,3,17,2019
512106,2019-03-17 16:00:00+00:00,Stade Rennais at Bordeaux,REN @ BOR,Bordeaux,159,1,Stade Rennais,169,1,STATUS_FULL_TIME,Stade Atlantique,2018-2019,0,3,17,2019
512101,2019-03-17 20:00:00+00:00,Marseille at Paris Saint-Germain,OLM @ PSG,Paris Saint-Germain,160,3,Marseille,176,1,STATUS_FULL_TIME,Parc des Princes,2018-2019,0,3,17,2019
512096,2019-03-29 19:45:00+00:00,Lyon at Stade Rennais,LYON @ REN,Stade Rennais,169,0,Lyon,167,1,STATUS_FULL_TIME,Roazhon Park,2018-2019,0,3,29,2019
512091,2019-03-30 16:00:00+00:00,Angers at Marseille,ANG @ OLM,Marseille,176,2,Angers,7868,2,STATUS_FULL_TIME,Orange Vélodrome,2018-2019,0,3,30,2019
512092,2019-03-31 13:00:00+00:00,Bordeaux at SC Amiens,BOR @ AMI,SC Amiens,3335,0,Bordeaux,159,0,STATUS_FULL_TIME,Stade Crédit Agricole de la Licorne,2018-2019,0,3,31,2019
512093,2019-03-31 13:00:00+00:00,Caen at AS Monaco,CAN @ MON,AS Monaco,174,0,Caen,2927,1,STATUS_FULL_TIME,Stade Louis II,2018-2019,0,3,31,2019
512097,2019-03-31 13:00:00+00:00,Nice at Dijon FCO,NICE @ DIJO,Dijon FCO,3170,0,Nice,2502,1,STATUS_FULL_TIME,Stade Gaston-Gérard,2018-2019,0,3,31,2019
512095,2019-03-31 15:00:00+00:00,Lille at Nantes,LILL @ NAN,Nantes,165,2,Lille,166,3,STATUS_FULL_TIME,La Beaujoire-Louis-Fonteneau,2018-2019,0,3,31,2019
512099,2019-03-31 19:00:00+00:00,Paris Saint-Germain at Toulouse,PSG @ TOU,Toulouse,179,0,Paris Saint-Germain,160,1,STATUS_FULL_TIME,Stadium de Toulouse,2018-2019,0,3,31,2019
512098,2019-04-01 18:30:00+00:00,Nimes at Saint-Étienne,NIM @ ASSE,Saint-Étienne,178,2,Nimes,7730,1,STATUS_FULL_TIME,Stade Geoffroy-Guichard,2018-2019,0,4,1,2019
512094,2019-04-03 17:00:00+00:00,Guingamp at Montpellier,EAG @ MON,Montpellier,274,2,Guingamp,171,0,STATUS_FULL_TIME,Stade de la Mosson,2018-2019,0,4,3,2019
512100,2019-04-03 17:00:00+00:00,Stade de Reims at Strasbourg,REIM @ STR,Strasbourg,180,4,Stade de Reims,3243,0,STATUS_FULL_TIME,Stade de la Meinau,2018-2019,0,4,3,2019
512084,2019-04-05 18:45:00+00:00,Marseille at Bordeaux,OLM @ BOR,Bordeaux,159,2,Marseille,176,0,STATUS_FULL_TIME,Stade Atlantique,2018-2019,0,4,5,2019
512082,2019-04-06 15:00:00+00:00,Dijon FCO at Lyon,DIJO @ LYON,Lyon,167,1,Dijon FCO,3170,3,STATUS_FULL_TIME,Groupama Stadium,2018-2019,0,4,6,2019
512088,2019-04-06 18:00:00+00:00,Stade Rennais at Angers,REN @ ANG,Angers,7868,3,Stade Rennais,169,3,STATUS_FULL_TIME,Stade Raymond Kopa,2018-2019,0,4,6,2019
512085,2019-04-06 18:00:00+00:00,AS Monaco at Guingamp,MON @ EAG,Guingamp,171,1,AS Monaco,174,1,STATUS_FULL_TIME,Stade Municipal de Roudourou,2018-2019,0,4,6,2019
512081,2019-04-06 18:00:00+00:00,Caen at Nimes,CAN @ NIM,Nimes,7730,2,Caen,2927,0,STATUS_FULL_TIME,Stade des Costières,2018-2019,0,4,6,2019
512089,2019-04-06 18:00:00+00:00,Saint-Étienne at SC Amiens,ASSE @ AMI,SC Amiens,3335,2,Saint-Étienne,178,2,STATUS_FULL_TIME,Stade Crédit Agricole de la Licorne,2018-2019,0,4,6,2019
512083,2019-04-07 13:00:00+00:00,Lille at Stade de Reims,LILL @ REIM,Stade de Reims,3243,1,Lille,166,1,STATUS_FULL_TIME,Stade Auguste-Delaune II,2018-2019,0,4,7,2019
512087,2019-04-07 13:00:00+00:00,Nantes at Toulouse,NAN @ TOU,Toulouse,179,1,Nantes,165,0,STATUS_FULL_TIME,Stadium de Toulouse,2018-2019,0,4,7,2019
512086,2019-04-07 15:00:00+00:00,Montpellier at Nice,MON @ NICE,Nice,2502,1,Montpellier,274,0,STATUS_FULL_TIME,Allianz Riviera,2018-2019,0,4,7,2019
512090,2019-04-07 19:00:00+00:00,Strasbourg at Paris Saint-Germain,STR @ PSG,Paris Saint-Germain,160,2,Strasbourg,180,2,STATUS_FULL_TIME,Parc des Princes,2018-2019,0,4,7,2019
512126,2019-04-09 17:00:00+00:00,Stade Rennais at Nimes,REN @ NIM,Nimes,7730,3,Stade Rennais,169,1,STATUS_FULL_TIME,Stade des Costières,2018-2019,0,4,9,2019
512079,2019-04-12 17:00:00+00:00,SC Amiens at Dijon FCO,AMI @ DIJO,Dijon FCO,3170,0,SC Amiens,3335,0,STATUS_FULL_TIME,Stade Gaston-Gérard,2018-2019,0,4,12,2019
512074,2019-04-12 18:45:00+00:00,Lyon at Nantes,LYON @ NAN,Nantes,165,2,Lyon,167,1,STATUS_FULL_TIME,La Beaujoire-Louis-Fonteneau,2018-2019,0,4,12,2019
512076,2019-04-13 15:00:00+00:00,Nimes at Marseille,NIM @ OLM,Marseille,176,2,Nimes,7730,1,STATUS_FULL_TIME,Orange Vélodrome,2018-2019,0,4,13,2019
512078,2019-04-13 18:00:00+00:00,Stade de Reims at AS Monaco,REIM @ MON,AS Monaco,174,0,Stade de Reims,3243,0,STATUS_FULL_TIME,Stade Louis II,2018-2019,0,4,13,2019
512071,2019-04-13 18:00:00+00:00,Angers at Caen,ANG @ CAN,Caen,2927,0,Angers,7868,1,STATUS_FULL_TIME,Stade Michel-d'Ornano,2018-2019,0,4,13,2019
512073,2019-04-13 18:00:00+00:00,Guingamp at Strasbourg,EAG @ STR,Strasbourg,180,3,Guingamp,171,3,STATUS_FULL_TIME,Stade de la Meinau,2018-2019,0,4,13,2019
512080,2019-04-14 13:00:00+00:00,Toulouse at Montpellier,TOU @ MON,Montpellier,274,2,Toulouse,179,1,STATUS_FULL_TIME,Stade de la Mosson,2018-2019,0,4,14,2019
512075,2019-04-14 13:00:00+00:00,Nice at Stade Rennais,NICE @ REN,Stade Rennais,169,0,Nice,2502,0,STATUS_FULL_TIME,Roazhon Park,2018-2019,0,4,14,2019
512072,2019-04-14 15:00:00+00:00,Bordeaux at Saint-Étienne,BOR @ ASSE,Saint-Étienne,178,3,Bordeaux,159,0,STATUS_FULL_TIME,Stade Geoffroy-Guichard,2018-2019,0,4,14,2019
512077,2019-04-14 19:00:00+00:00,Paris Saint-Germain at Lille,PSG @ LILL,Lille,166,5,Paris Saint-Germain,160,1,STATUS_FULL_TIME,Decathlon Arena - Stade Pierre-Mauroy,2018-2019,0,4,14,2019
512119,2019-04-17 17:00:00+00:00,Paris Saint-Germain at Nantes,PSG @ NAN,Nantes,165,3,Paris Saint-Germain,160,2,STATUS_FULL_TIME,La Beaujoire-Louis-Fonteneau,2018-2019,0,4,17,2019
512068,2019-04-19 17:00:00+00:00,Stade Rennais at Dijon FCO,REN @ DIJO,Dijon FCO,3170,3,Stade Rennais,169,2,STATUS_FULL_TIME,Stade Gaston-Gérard,2018-2019,0,4,19,2019
512062,2019-04-19 18:45:00+00:00,Angers at Lyon,ANG @ LYON,Lyon,167,2,Angers,7868,1,STATUS_FULL_TIME,Groupama Stadium,2018-2019,0,4,19,2019
512066,2019-04-20 15:00:00+00:00,Marseille at Guingamp,OLM @ EAG,Guingamp,171,1,Marseille,176,3,STATUS_FULL_TIME,Stade Municipal de Roudourou,2018-2019,0,4,20,2019
512064,2019-04-20 18:00:00+00:00,Caen at Nice,CAN @ NICE,Nice,2502,0,Caen,2927,1,STATUS_FULL_TIME,Allianz Riviera,2018-2019,0,4,20,2019
512063,2019-04-20 18:00:00+00:00,Bordeaux at Nimes,BOR @ NIM,Nimes,7730,2,Bordeaux,159,1,STATUS_FULL_TIME,Stade des Costières,2018-2019,0,4,20,2019
512067,2019-04-20 18:00:00+00:00,Montpellier at Strasbourg,MON @ STR,Strasbourg,180,1,Montpellier,274,3,STATUS_FULL_TIME,Stade de la Meinau,2018-2019,0,4,20,2019
512069,2019-04-21 13:00:00+00:00,SC Amiens at Nantes,AMI @ NAN,Nantes,165,3,SC Amiens,3335,2,STATUS_FULL_TIME,La Beaujoire-Louis-Fonteneau,2018-2019,0,4,21,2019
512065,2019-04-21 13:00:00+00:00,Lille at Toulouse,LILL @ TOU,Toulouse,179,0,Lille,166,0,STATUS_FULL_TIME,Stadium de Toulouse,2018-2019,0,4,21,2019
512070,2019-04-21 15:00:00+00:00,Saint-Étienne at Stade de Reims,ASSE @ REIM,Stade de Reims,3243,0,Saint-Étienne,178,2,STATUS_FULL_TIME,Stade Auguste-Delaune II,2018-2019,0,4,21,2019
512061,2019-04-21 19:00:00+00:00,AS Monaco at Paris Saint-Germain,MON @ PSG,Paris Saint-Germain,160,3,AS Monaco,174,1,STATUS_FULL_TIME,Parc des Princes,2018-2019,0,4,21,2019
512053,2019-04-26 18:45:00+00:00,Lyon at Bordeaux,LYON @ BOR,Bordeaux,159,2,Lyon,167,3,STATUS_FULL_TIME,Stade Atlantique,2018-2019,0,4,26,2019
512056,2019-04-28 13:00:00+00:00,Nimes at Lille,NIM @ LILL,Lille,166,5,Nimes,7730,0,STATUS_FULL_TIME,Decathlon Arena - Stade Pierre-Mauroy,2018-2019,0,4,28,2019
512058,2019-04-28 13:00:00+00:00,Stade de Reims at Angers,REIM @ ANG,Angers,7868,1,Stade de Reims,3243,1,STATUS_FULL_TIME,Stade Raymond Kopa,2018-2019,0,4,28,2019
512052,2019-04-28 13:00:00+00:00,Guingamp at Nice,EAG @ NICE,Nice,2502,3,Guingamp,171,0,STATUS_FULL_TIME,Allianz Riviera,2018-2019,0,4,28,2019
512059,2019-04-28 13:00:00+00:00,Strasbourg at SC Amiens,STR @ AMI,SC Amiens,3335,0,Strasbourg,180,0,STATUS_FULL_TIME,Stade Crédit Agricole de la Licorne,2018-2019,0,4,28,2019
512051,2019-04-28 13:00:00+00:00,Dijon FCO at Caen,DIJO @ CAN,Caen,2927,1,Dijon FCO,3170,0,STATUS_FULL_TIME,Stade Michel-d'Ornano,2018-2019,0,4,28,2019
512060,2019-04-28 15:00:00+00:00,Toulouse at Saint-Étienne,TOU @ ASSE,Saint-Étienne,178,2,Toulouse,179,0,STATUS_FULL_TIME,Stade Geoffroy-Guichard,2018-2019,0,4,28,2019
512055,2019-04-28 19:00:00+00:00,Nantes at Marseille,NAN @ OLM,Marseille,176,1,Nantes,165,2,STATUS_FULL_TIME,Orange Vélodrome,2018-2019,0,4,28,2019
512057,2019-04-30 17:00:00+00:00,Paris Saint-Germain at Montpellier,PSG @ MON,Montpellier,274,3,Paris Saint-Germain,160,2,STATUS_FULL_TIME,Stade de la Mosson,2018-2019,0,4,30,2019
512054,2019-05-01 17:00:00+00:00,AS Monaco at Stade Rennais,MON @ REN,Stade Rennais,169,2,AS Monaco,174,2,STATUS_FULL_TIME,Roazhon Park,2018-2019,0,5,1,2019
512045,2019-05-03 18:45:00+00:00,Marseille at Strasbourg,OLM @ STR,Strasbourg,180,1,Marseille,176,1,STATUS_FULL_TIME,Stade de la Meinau,2018-2019,0,5,3,2019
512046,2019-05-04 15:00:00+00:00,Nice at Paris Saint-Germain,NICE @ PSG,Paris Saint-Germain,160,1,Nice,2502,1,STATUS_FULL_TIME,Parc des Princes,2018-2019,0,5,4,2019
512042,2019-05-04 18:00:00+00:00,Caen at Guingamp,CAN @ EAG,Guingamp,171,0,Caen,2927,0,STATUS_FULL_TIME,Stade Municipal de Roudourou,2018-2019,0,5,4,2019
512047,2019-05-04 18:00:00+00:00,Nimes at Stade de Reims,NIM @ REIM,Stade de Reims,3243,0,Nimes,7730,3,STATUS_FULL_TIME,Stade Auguste-Delaune II,2018-2019,0,5,4,2019
512041,2019-05-04 18:00:00+00:00,Angers at Bordeaux,ANG @ BOR,Bordeaux,159,0,Angers,7868,1,STATUS_FULL_TIME,Stade Atlantique,2018-2019,0,5,4,2019
512049,2019-05-05 13:00:00+00:00,SC Amiens at Montpellier,AMI @ MON,Montpellier,274,1,SC Amiens,3335,1,STATUS_FULL_TIME,Stade de la Mosson,2018-2019,0,5,5,2019
512043,2019-05-05 13:00:00+00:00,Dijon FCO at Nantes,DIJO @ NAN,Nantes,165,3,Dijon FCO,3170,0,STATUS_FULL_TIME,La Beaujoire-Louis-Fonteneau,2018-2019,0,5,5,2019
512048,2019-05-05 13:00:00+00:00,Stade Rennais at Toulouse,REN @ TOU,Toulouse,179,2,Stade Rennais,169,2,STATUS_FULL_TIME,Stadium de Toulouse,2018-2019,0,5,5,2019
512050,2019-05-05 15:00:00+00:00,Saint-Étienne at AS Monaco,ASSE @ MON,AS Monaco,174,2,Saint-Étienne,178,3,STATUS_FULL_TIME,Stade Louis II,2018-2019,0,5,5,2019
512044,2019-05-05 19:00:00+00:00,Lille at Lyon,LILL @ LYON,Lyon,167,2,Lille,166,2,STATUS_FULL_TIME,Groupama Stadium,2018-2019,0,5,5,2019
512035,2019-05-10 18:45:00+00:00,Montpellier at Saint-Étienne,MON @ ASSE,Saint-Étienne,178,0,Montpellier,274,1,STATUS_FULL_TIME,Stade Geoffroy-Guichard,2018-2019,0,5,10,2019
512037,2019-05-11 15:00:00+00:00,Paris Saint-Germain at Angers,PSG @ ANG,Angers,7868,1,Paris Saint-Germain,160,2,STATUS_FULL_TIME,Stade Raymond Kopa,2018-2019,0,5,11,2019
512038,2019-05-11 18:00:00+00:00,Stade de Reims at Caen,REIM @ CAN,Caen,2927,3,Stade de Reims,3243,2,STATUS_FULL_TIME,Stade Michel-d'Ornano,2018-2019,0,5,11,2019
512039,2019-05-11 18:00:00+00:00,Strasbourg at Dijon FCO,STR @ DIJO,Dijon FCO,3170,2,Strasbourg,180,1,STATUS_FULL_TIME,Stade Gaston-Gérard,2018-2019,0,5,11,2019
512036,2019-05-11 18:00:00+00:00,Nantes at Nice,NAN @ NICE,Nice,2502,1,Nantes,165,1,STATUS_FULL_TIME,Allianz Riviera,2018-2019,0,5,11,2019
512034,2019-05-11 18:00:00+00:00,AS Monaco at Nimes,MON @ NIM,Nimes,7730,1,AS Monaco,174,0,STATUS_FULL_TIME,Stade des Costières,2018-2019,0,5,11,2019
512040,2019-05-11 18:00:00+00:00,Toulouse at SC Amiens,TOU @ AMI,SC Amiens,3335,0,Toulouse,179,0,STATUS_FULL_TIME,Stade Crédit Agricole de la Licorne,2018-2019,0,5,11,2019
512033,2019-05-12 13:00:00+00:00,Guingamp at Stade Rennais,EAG @ REN,Stade Rennais,169,1,Guingamp,171,1,STATUS_FULL_TIME,Roazhon Park,2018-2019,0,5,12,2019
512032,2019-05-12 15:00:00+00:00,Bordeaux at Lille,BOR @ LILL,Lille,166,1,Bordeaux,159,0,STATUS_FULL_TIME,Decathlon Arena - Stade Pierre-Mauroy,2018-2019,0,5,12,2019
512031,2019-05-12 19:00:00+00:00,Lyon at Marseille,LYON @ OLM,Marseille,176,0,Lyon,167,3,STATUS_FULL_TIME,Orange Vélodrome,2018-2019,0,5,12,2019
512030,2019-05-18 19:00:00+00:00,SC Amiens at AS Monaco,AMI @ MON,AS Monaco,174,2,SC Amiens,3335,0,STATUS_FULL_TIME,Stade Louis II,2018-2019,0,5,18,2019
512028,2019-05-18 19:00:00+00:00,Stade de Reims at Bordeaux,REIM @ BOR,Bordeaux,159,0,Stade de Reims,3243,1,STATUS_FULL_TIME,Stade Atlantique,2018-2019,0,5,18,2019
512027,2019-05-18 19:00:00+00:00,Nimes at Guingamp,NIM @ EAG,Guingamp,171,2,Nimes,7730,2,STATUS_FULL_TIME,Stade Municipal de Roudourou,2018-2019,0,5,18,2019
512021,2019-05-18 19:00:00+00:00,Angers at Lille,ANG @ LILL,Lille,166,5,Angers,7868,0,STATUS_FULL_TIME,Decathlon Arena - Stade Pierre-Mauroy,2018-2019,0,5,18,2019
512022,2019-05-18 19:00:00+00:00,Caen at Lyon,CAN @ LYON,Lyon,167,4,Caen,2927,0,STATUS_FULL_TIME,Groupama Stadium,2018-2019,0,5,18,2019
512025,2019-05-18 19:00:00+00:00,Nantes at Montpellier,NAN @ MON,Montpellier,274,1,Nantes,165,1,STATUS_FULL_TIME,Stade de la Mosson,2018-2019,0,5,18,2019
512023,2019-05-18 19:00:00+00:00,Dijon FCO at Paris Saint-Germain,DIJO @ PSG,Paris Saint-Germain,160,4,Dijon FCO,3170,0,STATUS_FULL_TIME,Parc des Princes,2018-2019,0,5,18,2019
512026,2019-05-18 19:00:00+00:00,Nice at Saint-Étienne,NICE @ ASSE,Saint-Étienne,178,3,Nice,2502,0,STATUS_FULL_TIME,Stade Geoffroy-Guichard,2018-2019,0,5,18,2019
512029,2019-05-18 19:00:00+00:00,Stade Rennais at Strasbourg,REN @ STR,Strasbourg,180,0,Stade Rennais,169,2,STATUS_FULL_TIME,Stade de la Meinau,2018-2019,0,5,18,2019
512024,2019-05-18 19:00:00+00:00,Marseille at Toulouse,OLM @ TOU,Toulouse,179,2,Marseille,176,5,STATUS_FULL_TIME,Stadium de Toulouse,2018-2019,0,5,18,2019
540289,2019-05-21 18:45:00+00:00,Lens at Paris FC,RCL @ PAR,Paris FC,6851,1,Lens,175,1,STATUS_FINAL_PEN,Stade Charléty,2018-2019,0,5,21,2019
540288,2019-05-24 16:00:00+00:00,Lens at Troyes,RCL @ TRY,Troyes,170,1,Lens,175,2,STATUS_FINAL_AET,Stade de l'Aube,2018-2019,0,5,24,2019
512011,2019-05-24 19:05:00+00:00,Bordeaux at Caen,BOR @ CAN,Caen,2927,0,Bordeaux,159,1,STATUS_FULL_TIME,Stade Michel-d'Ornano,2018-2019,0,5,24,2019
512018,2019-05-24 19:05:00+00:00,Saint-Étienne at Angers,ASSE @ ANG,Angers,7868,1,Saint-Étienne,178,1,STATUS_FULL_TIME,Stade Raymond Kopa,2018-2019,0,5,24,2019
512020,2019-05-24 19:05:00+00:00,Toulouse at Dijon FCO,TOU @ DIJO,Dijon FCO,3170,2,Toulouse,179,1,STATUS_FULL_TIME,Stade Gaston-Gérard,2018-2019,0,5,24,2019
512016,2019-05-24 19:05:00+00:00,Montpellier at Marseille,MON @ OLM,Marseille,176,1,Montpellier,274,0,STATUS_FULL_TIME,Orange Vélodrome,2018-2019,0,5,24,2019
512019,2019-05-24 19:05:00+00:00,Strasbourg at Nantes,STR @ NAN,Nantes,165,0,Strasbourg,180,1,STATUS_FULL_TIME,La Beaujoire-Louis-Fonteneau,2018-2019,0,5,24,2019
512015,2019-05-24 19:05:00+00:00,AS Monaco at Nice,MON @ NICE,Nice,2502,2,AS Monaco,174,0,STATUS_FULL_TIME,Allianz Riviera,2018-2019,0,5,24,2019
512014,2019-05-24 19:05:00+00:00,Lyon at Nimes,LYON @ NIM,Nimes,7730,2,Lyon,167,3,STATUS_FULL_TIME,Stade des Costières,2018-2019,0,5,24,2019
512013,2019-05-24 19:05:00+00:00,Lille at Stade Rennais,LILL @ REN,Stade Rennais,169,3,Lille,166,1,STATUS_FULL_TIME,Roazhon Park,2018-2019,0,5,24,2019
512017,2019-05-24 19:05:00+00:00,Paris Saint-Germain at Stade de Reims,PSG @ REIM,Stade de Reims,3243,3,Paris Saint-Germain,160,1,STATUS_FULL_TIME,Stade Auguste-Delaune II,2018-2019,0,5,24,2019
512012,2019-05-24 19:05:00+00:00,Guingamp at SC Amiens,EAG @ AMI,SC Amiens,3335,2,Guingamp,171,1,STATUS_FULL_TIME,Stade Crédit Agricole de la Licorne,2018-2019,0,5,24,2019
540463,2019-05-30 18:45:00+00:00,Dijon FCO at Lens,DIJO @ RCL,Lens,175,1,Dijon FCO,3170,1,STATUS_FULL_TIME,Stade Félix Bollaert-Delélis,2018-2019,0,5,30,2019
540462,2019-06-02 19:00:00+00:00,Lens at Dijon FCO,RCL @ DIJO,Dijon FCO,3170,3,Lens,175,1,STATUS_FULL_TIME,Stade Gaston-Gérard,2018-2019,0,6,2,2019
542226,2019-08-09 18:45:00+00:00,Lyon at AS Monaco,LYON @ MON,AS Monaco,174,0,Lyon,167,3,STATUS_FULL_TIME,Stade Louis II,2019-2020,0,8,9,2019
542233,2019-08-10 15:30:00+00:00,Stade de Reims at Marseille,REIM @ OLM,Marseille,176,0,Stade de Reims,3243,2,STATUS_FULL_TIME,Orange Vélodrome,2019-2020,0,8,10,2019
542225,2019-08-10 18:00:00+00:00,Bordeaux at Angers,BOR @ ANG,Angers,7868,3,Bordeaux,159,1,STATUS_FULL_TIME,Stade Raymond Kopa,2019-2020,0,8,10,2019
542234,2019-08-10 18:00:00+00:00,Toulouse at Brest,TOU @ BRE,Brest,6997,1,Toulouse,179,1,STATUS_FULL_TIME,Stade Francis-Le Blé,2019-2020,0,8,10,2019
542231,2019-08-10 18:00:00+00:00,Saint-Étienne at Dijon FCO,ASSE @ DIJO,Dijon FCO,3170,1,Saint-Étienne,178,2,STATUS_FULL_TIME,Stade Gaston-Gérard,2019-2020,0,8,10,2019
542232,2019-08-10 18:00:00+00:00,Stade Rennais at Montpellier,REN @ MON,Montpellier,274,0,Stade Rennais,169,1,STATUS_FULL_TIME,Stade de la Mosson,2019-2020,0,8,10,2019
542230,2019-08-10 18:00:00+00:00,SC Amiens at Nice,AMI @ NICE,Nice,2502,2,SC Amiens,3335,1,STATUS_FULL_TIME,Allianz Riviera,2019-2020,0,8,10,2019
542228,2019-08-11 13:00:00+00:00,Nantes at Lille,NAN @ LILL,Lille,166,2,Nantes,165,1,STATUS_FULL_TIME,Decathlon Arena - Stade Pierre-Mauroy,2019-2020,0,8,11,2019
542227,2019-08-11 15:00:00+00:00,Metz at Strasbourg,METZ @ STR,Strasbourg,180,1,Metz,177,1,STATUS_FULL_TIME,Stade de la Meinau,2019-2020,0,8,11,2019
542229,2019-08-11 19:00:00+00:00,Nimes at Paris Saint-Germain,NIM @ PSG,Paris Saint-Germain,160,3,Nimes,7730,0,STATUS_FULL_TIME,Parc des Princes,2019-2020,0,8,11,2019
542216,2019-08-16 18:45:00+00:00,Angers at Lyon,ANG @ LYON,Lyon,167,6,Angers,7868,0,STATUS_FULL_TIME,Groupama Stadium,2019-2020,0,8,16,2019
542220,2019-08-17 15:30:00+00:00,Marseille at Nantes,OLM @ NAN,Nantes,165,0,Marseille,176,0,STATUS_FULL_TIME,La Beaujoire-Louis-Fonteneau,2019-2020,0,8,17,2019
542221,2019-08-17 18:00:00+00:00,Montpellier at Bordeaux,MON @ BOR,Bordeaux,159,1,Montpellier,274,1,STATUS_FULL_TIME,Stade Atlantique,2019-2020,0,8,17,2019
542215,2019-08-17 18:00:00+00:00,AS Monaco at Metz,MON @ METZ,Metz,177,3,AS Monaco,174,0,STATUS_FULL_TIME,Stade Saint-Symphorien,2019-2020,0,8,17,2019
542222,2019-08-17 18:00:00+00:00,Nice at Nimes,NICE @ NIM,Nimes,7730,1,Nice,2502,2,STATUS_FULL_TIME,Stade des Costières,2019-2020,0,8,17,2019
542219,2019-08-17 18:00:00+00:00,Lille at SC Amiens,LILL @ AMI,SC Amiens,3335,1,Lille,166,0,STATUS_FULL_TIME,Stade Crédit Agricole de la Licorne,2019-2020,0,8,17,2019
542218,2019-08-17 18:00:00+00:00,Dijon FCO at Toulouse,DIJO @ TOU,Toulouse,179,1,Dijon FCO,3170,0,STATUS_FULL_TIME,Stadium de Toulouse,2019-2020,0,8,17,2019
542217,2019-08-18 13:00:00+00:00,Brest at Saint-Étienne,BRE @ ASSE,Saint-Étienne,178,1,Brest,6997,1,STATUS_FULL_TIME,Stade Geoffroy-Guichard,2019-2020,0,8,18,2019
542224,2019-08-18 15:00:00+00:00,Strasbourg at Stade de Reims,STR @ REIM,Stade de Reims,3243,0,Strasbourg,180,0,STATUS_FULL_TIME,Stade Auguste-Delaune II,2019-2020,0,8,18,2019
542223,2019-08-18 19:00:00+00:00,Paris Saint-Germain at Stade Rennais,PSG @ REN,Stade Rennais,169,2,Paris Saint-Germain,160,1,STATUS_FULL_TIME,Roazhon Park,2019-2020,0,8,18,2019
542213,2019-08-24 18:00:00+00:00,Stade de Reims at Brest,REIM @ BRE,Brest,6997,1,Stade de Reims,3243,0,STATUS_FULL_TIME,Stade Francis-Le Blé,2019-2020,0,8,24,2019
542208,2019-08-24 18:00:00+00:00,Metz at Angers,METZ @ ANG,Angers,7868,3,Metz,177,0,STATUS_FULL_TIME,Stade Raymond Kopa,2019-2020,0,8,24,2019
542209,2019-08-24 18:00:00+00:00,Nantes at SC Amiens,NAN @ AMI,SC Amiens,3335,1,Nantes,165,2,STATUS_FULL_TIME,Stade Crédit Agricole de la Licorne,2019-2020,0,8,24,2019
542205,2019-08-24 18:00:00+00:00,Bordeaux at Dijon FCO,BOR @ DIJO,Dijon FCO,3170,0,Bordeaux,159,2,STATUS_FULL_TIME,Stade Gaston-Gérard,2019-2020,0,8,24,2019
542210,2019-08-25 13:00:00+00:00,Nimes at AS Monaco,NIM @ MON,AS Monaco,174,2,Nimes,7730,2,STATUS_FULL_TIME,Stade Louis II,2019-2020,0,8,25,2019
542212,2019-08-25 15:00:00+00:00,Stade Rennais at Strasbourg,REN @ STR,Strasbourg,180,0,Stade Rennais,169,2,STATUS_FULL_TIME,Stade de la Meinau,2019-2020,0,8,25,2019
542214,2019-08-25 19:00:00+00:00,Toulouse at Paris Saint-Germain,TOU @ PSG,Paris Saint-Germain,160,4,Toulouse,179,0,STATUS_FULL_TIME,Parc des Princes,2019-2020,0,8,25,2019
542206,2019-08-27 17:00:00+00:00,Lyon at Montpellier,LYON @ MON,Montpellier,274,1,Lyon,167,0,STATUS_FULL_TIME,Stade de la Mosson,2019-2020,0,8,27,2019
542211,2019-08-28 17:00:00+00:00,Saint-Étienne at Lille,ASSE @ LILL,Lille,166,3,Saint-Étienne,178,0,STATUS_FULL_TIME,Decathlon Arena - Stade Pierre-Mauroy,2019-2020,0,8,28,2019
542207,2019-08-28 19:00:00+00:00,Marseille at Nice,OLM @ NICE,Nice,2502,1,Marseille,176,2,STATUS_FULL_TIME,Allianz Riviera,2019-2020,0,8,28,2019
542202,2019-08-30 18:45:00+00:00,Paris Saint-Germain at Metz,PSG @ METZ,Metz,177,0,Paris Saint-Germain,160,2,STATUS_FULL_TIME,Stade Saint-Symphorien,2019-2020,0,8,30,2019
542196,2019-08-31 15:30:00+00:00,Bordeaux at Lyon,BOR @ LYON,Lyon,167,1,Bordeaux,159,1,STATUS_FULL_TIME,Groupama Stadium,2019-2020,0,8,31,2019
542198,2019-08-31 18:00:00+00:00,Dijon FCO at Angers,DIJO @ ANG,Angers,7868,2,Dijon FCO,3170,0,STATUS_FULL_TIME,Stade Raymond Kopa,2019-2020,0,8,31,2019
542200,2019-08-31 18:00:00+00:00,Montpellier at Nantes,MON @ NAN,Nantes,165,1,Montpellier,274,0,STATUS_FULL_TIME,La Beaujoire-Louis-Fonteneau,2019-2020,0,8,31,2019
542197,2019-08-31 18:00:00+00:00,Brest at Nimes,BRE @ NIM,Nimes,7730,3,Brest,6997,0,STATUS_FULL_TIME,Stade des Costières,2019-2020,0,8,31,2019
542203,2019-08-31 18:00:00+00:00,SC Amiens at Toulouse,AMI @ TOU,Toulouse,179,2,SC Amiens,3335,0,STATUS_FULL_TIME,Stadium de Toulouse,2019-2020,0,8,31,2019
542199,2019-09-01 13:00:00+00:00,Lille at Stade de Reims,LILL @ REIM,Stade de Reims,3243,2,Lille,166,0,STATUS_FULL_TIME,Stade Auguste-Delaune II,2019-2020,0,9,1,2019
542201,2019-09-01 13:00:00+00:00,Nice at Stade Rennais,NICE @ REN,Stade Rennais,169,1,Nice,2502,2,STATUS_FULL_TIME,Roazhon Park,2019-2020,0,9,1,2019
542195,2019-09-01 15:00:00+00:00,AS Monaco at Strasbourg,MON @ STR,Strasbourg,180,2,AS Monaco,174,2,STATUS_FULL_TIME,Stade de la Meinau,2019-2020,0,9,1,2019
542204,2019-09-01 19:00:00+00:00,Saint-Étienne at Marseille,ASSE @ OLM,Marseille,176,1,Saint-Étienne,178,0,STATUS_FULL_TIME,Orange Vélodrome,2019-2020,0,9,1,2019
542185,2019-09-13 17:00:00+00:00,Angers at Lille,ANG @ LILL,Lille,166,2,Angers,7868,1,STATUS_FULL_TIME,Decathlon Arena - Stade Pierre-Mauroy,2019-2020,0,9,13,2019
542186,2019-09-13 18:45:00+00:00,Lyon at SC Amiens,LYON @ AMI,SC Amiens,3335,2,Lyon,167,2,STATUS_FULL_TIME,Stade Crédit Agricole de la Licorne,2019-2020,0,9,13,2019
542193,2019-09-14 15:30:00+00:00,Strasbourg at Paris Saint-Germain,STR @ PSG,Paris Saint-Germain,160,1,Strasbourg,180,0,STATUS_FULL_TIME,Parc des Princes,2019-2020,0,9,14,2019
542188,2019-09-14 18:00:00+00:00,Metz at Bordeaux,METZ @ BOR,Bordeaux,159,2,Metz,177,0,STATUS_FULL_TIME,Stade Atlantique,2019-2020,0,9,14,2019
542191,2019-09-14 18:00:00+00:00,Stade Rennais at Brest,REN @ BRE,Brest,6997,0,Stade Rennais,169,0,STATUS_FULL_TIME,Stade Francis-Le Blé,2019-2020,0,9,14,2019
542190,2019-09-14 18:00:00+00:00,Nimes at Dijon FCO,NIM @ DIJO,Dijon FCO,3170,0,Nimes,7730,0,STATUS_FULL_TIME,Stade Gaston-Gérard,2019-2020,0,9,14,2019
542189,2019-09-14 18:00:00+00:00,Nice at Montpellier,NICE @ MON,Montpellier,274,2,Nice,2502,1,STATUS_FULL_TIME,Stade de la Mosson,2019-2020,0,9,14,2019
542192,2019-09-15 13:00:00+00:00,Stade de Reims at Nantes,REIM @ NAN,Nantes,165,1,Stade de Reims,3243,0,STATUS_FULL_TIME,La Beaujoire-Louis-Fonteneau,2019-2020,0,9,15,2019
542194,2019-09-15 15:00:00+00:00,Toulouse at Saint-Étienne,TOU @ ASSE,Saint-Étienne,178,2,Toulouse,179,2,STATUS_FULL_TIME,Stade Geoffroy-Guichard,2019-2020,0,9,15,2019
542187,2019-09-15 19:00:00+00:00,Marseille at AS Monaco,OLM @ MON,AS Monaco,174,3,Marseille,176,4,STATUS_FULL_TIME,Stade Louis II,2019-2020,0,9,15,2019
542180,2019-09-20 18:45:00+00:00,Nantes at Strasbourg,NAN @ STR,Strasbourg,180,2,Nantes,165,1,STATUS_FULL_TIME,Stade de la Meinau,2019-2020,0,9,20,2019
542179,2019-09-21 15:30:00+00:00,Montpellier at Marseille,MON @ OLM,Marseille,176,1,Montpellier,274,1,STATUS_FULL_TIME,Orange Vélodrome,2019-2020,0,9,21,2019
542176,2019-09-21 18:00:00+00:00,Brest at Bordeaux,BRE @ BOR,Bordeaux,159,2,Brest,6997,2,STATUS_FULL_TIME,Stade Atlantique,2019-2020,0,9,21,2019
542182,2019-09-21 18:00:00+00:00,SC Amiens at Metz,AMI @ METZ,Metz,177,1,SC Amiens,3335,2,STATUS_FULL_TIME,Stade Saint-Symphorien,2019-2020,0,9,21,2019
542177,2019-09-21 18:00:00+00:00,Dijon FCO at Nice,DIJO @ NICE,Nice,2502,2,Dijon FCO,3170,1,STATUS_FULL_TIME,Allianz Riviera,2019-2020,0,9,21,2019
542184,2019-09-21 18:00:00+00:00,Toulouse at Nimes,TOU @ NIM,Nimes,7730,1,Toulouse,179,0,STATUS_FULL_TIME,Stade des Costières,2019-2020,0,9,21,2019
542175,2019-09-21 18:00:00+00:00,AS Monaco at Stade de Reims,MON @ REIM,Stade de Reims,3243,0,AS Monaco,174,0,STATUS_FULL_TIME,Stade Auguste-Delaune II,2019-2020,0,9,21,2019
542178,2019-09-22 13:00:00+00:00,Lille at Stade Rennais,LILL @ REN,Stade Rennais,169,1,Lille,166,1,STATUS_FULL_TIME,Roazhon Park,2019-2020,0,9,22,2019
542183,2019-09-22 15:00:00+00:00,Saint-Étienne at Angers,ASSE @ ANG,Angers,7868,4,Saint-Étienne,178,1,STATUS_FULL_TIME,Stade Raymond Kopa,2019-2020,0,9,22,2019
542181,2019-09-22 19:00:00+00:00,Paris Saint-Germain at Lyon,PSG @ LYON,Lyon,167,0,Paris Saint-Germain,160,1,STATUS_FULL_TIME,Groupama Stadium,2019-2020,0,9,22,2019
542168,2019-09-24 17:00:00+00:00,Marseille at Dijon FCO,OLM @ DIJO,Dijon FCO,3170,0,Marseille,176,0,STATUS_FULL_TIME,Stade Gaston-Gérard,2019-2020,0,9,24,2019
542170,2019-09-24 19:00:00+00:00,Nice at AS Monaco,NICE @ MON,AS Monaco,174,3,Nice,2502,1,STATUS_FULL_TIME,Stade Louis II,2019-2020,0,9,24,2019
542167,2019-09-25 17:00:00+00:00,Lyon at Brest,LYON @ BRE,Brest,6997,2,Lyon,167,2,STATUS_FULL_TIME,Stade Francis-Le Blé,2019-2020,0,9,25,2019
542174,2019-09-25 17:00:00+00:00,Strasbourg at Lille,STR @ LILL,Lille,166,2,Strasbourg,180,0,STATUS_FULL_TIME,Decathlon Arena - Stade Pierre-Mauroy,2019-2020,0,9,25,2019
542171,2019-09-25 17:00:00+00:00,Nimes at Montpellier,NIM @ MON,Montpellier,274,1,Nimes,7730,0,STATUS_FULL_TIME,Stade de la Mosson,2019-2020,0,9,25,2019
542172,2019-09-25 17:00:00+00:00,Stade Rennais at Nantes,REN @ NAN,Nantes,165,1,Stade Rennais,169,0,STATUS_FULL_TIME,La Beaujoire-Louis-Fonteneau,2019-2020,0,9,25,2019
542169,2019-09-25 17:00:00+00:00,Metz at Saint-Étienne,METZ @ ASSE,Saint-Étienne,178,0,Metz,177,1,STATUS_FULL_TIME,Stade Geoffroy-Guichard,2019-2020,0,9,25,2019
542166,2019-09-25 17:00:00+00:00,Bordeaux at SC Amiens,BOR @ AMI,SC Amiens,3335,1,Bordeaux,159,3,STATUS_FULL_TIME,Stade Crédit Agricole de la Licorne,2019-2020,0,9,25,2019
542165,2019-09-25 17:00:00+00:00,Angers at Toulouse,ANG @ TOU,Toulouse,179,0,Angers,7868,2,STATUS_FULL_TIME,Stadium de Toulouse,2019-2020,0,9,25,2019
542173,2019-09-25 19:00:00+00:00,Stade de Reims at Paris Saint-Germain,REIM @ PSG,Paris Saint-Germain,160,0,Stade de Reims,3243,2,STATUS_FULL_TIME,Parc des Princes,2019-2020,0,9,25,2019
542159,2019-09-28 11:30:00+00:00,Nantes at Lyon,NAN @ LYON,Lyon,167,0,Nantes,165,1,STATUS_FULL_TIME,Groupama Stadium,2019-2020,0,9,28,2019
542160,2019-09-28 15:30:00+00:00,Paris Saint-Germain at Bordeaux,PSG @ BOR,Bordeaux,159,0,Paris Saint-Germain,160,1,STATUS_FULL_TIME,Stade Atlantique,2019-2020,0,9,28,2019
542161,2019-09-28 18:00:00+00:00,SC Amiens at Angers,AMI @ ANG,Angers,7868,1,SC Amiens,3335,1,STATUS_FULL_TIME,Stade Raymond Kopa,2019-2020,0,9,28,2019
542156,2019-09-28 18:00:00+00:00,Dijon FCO at Stade de Reims,DIJO @ REIM,Stade de Reims,3243,1,Dijon FCO,3170,2,STATUS_FULL_TIME,Stade Auguste-Delaune II,2019-2020,0,9,28,2019
542155,2019-09-28 18:00:00+00:00,Brest at AS Monaco,BRE @ MON,AS Monaco,174,4,Brest,6997,1,STATUS_FULL_TIME,Stade Louis II,2019-2020,0,9,28,2019
542157,2019-09-28 18:00:00+00:00,Lille at Nice,LILL @ NICE,Nice,2502,1,Lille,166,1,STATUS_FULL_TIME,Allianz Riviera,2019-2020,0,9,28,2019
542164,2019-09-28 18:00:00+00:00,Toulouse at Metz,TOU @ METZ,Metz,177,2,Toulouse,179,2,STATUS_FULL_TIME,Stade Saint-Symphorien,2019-2020,0,9,28,2019
542158,2019-09-29 13:00:00+00:00,Montpellier at Strasbourg,MON @ STR,Strasbourg,180,1,Montpellier,274,0,STATUS_FULL_TIME,Stade de la Meinau,2019-2020,0,9,29,2019
542162,2019-09-29 15:00:00+00:00,Saint-Étienne at Nimes,ASSE @ NIM,Nimes,7730,0,Saint-Étienne,178,1,STATUS_FULL_TIME,Stade des Costières,2019-2020,0,9,29,2019
542163,2019-09-29 19:00:00+00:00,Stade Rennais at Marseille,REN @ OLM,Marseille,176,1,Stade Rennais,169,1,STATUS_FULL_TIME,Orange Vélodrome,2019-2020,0,9,29,2019
542149,2019-10-04 18:45:00+00:00,Marseille at SC Amiens,OLM @ AMI,SC Amiens,3335,3,Marseille,176,1,STATUS_FULL_TIME,Stade Crédit Agricole de la Licorne,2019-2020,0,10,4,2019
542146,2019-10-05 15:30:00+00:00,Angers at Paris Saint-Germain,ANG @ PSG,Paris Saint-Germain,160,4,Angers,7868,0,STATUS_FULL_TIME,Parc des Princes,2019-2020,0,10,5,2019
542150,2019-10-05 18:00:00+00:00,Metz at Brest,METZ @ BRE,Brest,6997,2,Metz,177,0,STATUS_FULL_TIME,Stade Francis-Le Blé,2019-2020,0,10,5,2019
542154,2019-10-05 18:00:00+00:00,Strasbourg at Dijon FCO,STR @ DIJO,Dijon FCO,3170,1,Strasbourg,180,0,STATUS_FULL_TIME,Stade Gaston-Gérard,2019-2020,0,10,5,2019
542145,2019-10-05 18:00:00+00:00,AS Monaco at Montpellier,MON @ MON,Montpellier,274,3,AS Monaco,174,1,STATUS_FULL_TIME,Stade de la Mosson,2019-2020,0,10,5,2019
542151,2019-10-05 18:00:00+00:00,Nice at Nantes,NICE @ NAN,Nantes,165,1,Nice,2502,0,STATUS_FULL_TIME,La Beaujoire-Louis-Fonteneau,2019-2020,0,10,5,2019
542147,2019-10-05 18:00:00+00:00,Bordeaux at Toulouse,BOR @ TOU,Toulouse,179,1,Bordeaux,159,3,STATUS_FULL_TIME,Stadium de Toulouse,2019-2020,0,10,5,2019
542152,2019-10-06 13:00:00+00:00,Nimes at Lille,NIM @ LILL,Lille,166,2,Nimes,7730,2,STATUS_FULL_TIME,Decathlon Arena - Stade Pierre-Mauroy,2019-2020,0,10,6,2019
542153,2019-10-06 15:00:00+00:00,Stade de Reims at Stade Rennais,REIM @ REN,Stade Rennais,169,0,Stade de Reims,3243,1,STATUS_FULL_TIME,Roazhon Park,2019-2020,0,10,6,2019
542148,2019-10-06 19:00:00+00:00,Lyon at Saint-Étienne,LYON @ ASSE,Saint-Étienne,178,1,Lyon,167,0,STATUS_FULL_TIME,Stade Geoffroy-Guichard,2019-2020,0,10,6,2019
542140,2019-10-18 18:45:00+00:00,Paris Saint-Germain at Nice,PSG @ NICE,Nice,2502,1,Paris Saint-Germain,160,4,STATUS_FULL_TIME,Allianz Riviera,2019-2020,0,10,18,2019
542136,2019-10-19 15:30:00+00:00,Dijon FCO at Lyon,DIJO @ LYON,Lyon,167,0,Dijon FCO,3170,0,STATUS_FULL_TIME,Groupama Stadium,2019-2020,0,10,19,2019
542135,2019-10-19 18:00:00+00:00,Brest at Angers,BRE @ ANG,Angers,7868,0,Brest,6997,1,STATUS_FULL_TIME,Stade Raymond Kopa,2019-2020,0,10,19,2019
542139,2019-10-19 18:00:00+00:00,Nantes at Metz,NAN @ METZ,Metz,177,1,Nantes,165,0,STATUS_FULL_TIME,Stade Saint-Symphorien,2019-2020,0,10,19,2019
542141,2019-10-19 18:00:00+00:00,SC Amiens at Nimes,AMI @ NIM,Nimes,7730,1,SC Amiens,3335,1,STATUS_FULL_TIME,Stade des Costières,2019-2020,0,10,19,2019
542138,2019-10-19 18:00:00+00:00,Montpellier at Stade de Reims,MON @ REIM,Stade de Reims,3243,1,Montpellier,274,0,STATUS_FULL_TIME,Stade Auguste-Delaune II,2019-2020,0,10,19,2019
542137,2019-10-19 18:00:00+00:00,Lille at Toulouse,LILL @ TOU,Toulouse,179,2,Lille,166,1,STATUS_FULL_TIME,Stadium de Toulouse,2019-2020,0,10,19,2019
542142,2019-10-20 13:00:00+00:00,Saint-Étienne at Bordeaux,ASSE @ BOR,Bordeaux,159,0,Saint-Étienne,178,1,STATUS_FULL_TIME,Stade Atlantique,2019-2020,0,10,20,2019
542143,2019-10-20 15:00:00+00:00,Stade Rennais at AS Monaco,REN @ MON,AS Monaco,174,3,Stade Rennais,169,2,STATUS_FULL_TIME,Stade Louis II,2019-2020,0,10,20,2019
542144,2019-10-20 19:00:00+00:00,Strasbourg at Marseille,STR @ OLM,Marseille,176,2,Strasbourg,180,0,STATUS_FULL_TIME,Orange Vélodrome,2019-2020,0,10,20,2019
542125,2019-10-25 18:45:00+00:00,AS Monaco at Nantes,MON @ NAN,Nantes,165,0,AS Monaco,174,1,STATUS_FULL_TIME,La Beaujoire-Louis-Fonteneau,2019-2020,0,10,25,2019
542127,2019-10-26 15:30:00+00:00,Bordeaux at Lille,BOR @ LILL,Lille,166,3,Bordeaux,159,0,STATUS_FULL_TIME,Decathlon Arena - Stade Pierre-Mauroy,2019-2020,0,10,26,2019
542128,2019-10-26 18:00:00+00:00,Dijon FCO at Brest,DIJO @ BRE,Brest,6997,2,Dijon FCO,3170,0,STATUS_FULL_TIME,Stade Francis-Le Blé,2019-2020,0,10,26,2019
542131,2019-10-26 18:00:00+00:00,Nice at Strasbourg,NICE @ STR,Strasbourg,180,1,Nice,2502,0,STATUS_FULL_TIME,Stade de la Meinau,2019-2020,0,10,26,2019
542130,2019-10-26 18:00:00+00:00,Metz at Lyon,METZ @ LYON,Lyon,167,2,Metz,177,0,STATUS_FULL_TIME,Groupama Stadium,2019-2020,0,10,26,2019
542132,2019-10-26 18:00:00+00:00,Nimes at Stade de Reims,NIM @ REIM,Stade de Reims,3243,0,Nimes,7730,0,STATUS_FULL_TIME,Stade Auguste-Delaune II,2019-2020,0,10,26,2019
542126,2019-10-26 18:00:00+00:00,Angers at Montpellier,ANG @ MON,Montpellier,274,0,Angers,7868,0,STATUS_FULL_TIME,Stade de la Mosson,2019-2020,0,10,26,2019
542134,2019-10-27 14:00:00+00:00,Toulouse at Stade Rennais,TOU @ REN,Stade Rennais,169,3,Toulouse,179,2,STATUS_FULL_TIME,Roazhon Park,2019-2020,0,10,27,2019
542133,2019-10-27 16:00:00+00:00,SC Amiens at Saint-Étienne,AMI @ ASSE,Saint-Étienne,178,2,SC Amiens,3335,2,STATUS_FULL_TIME,Stade Geoffroy-Guichard,2019-2020,0,10,27,2019
542129,2019-10-27 20:00:00+00:00,Marseille at Paris Saint-Germain,OLM @ PSG,Paris Saint-Germain,160,4,Marseille,176,0,STATUS_FULL_TIME,Parc des Princes,2019-2020,0,10,27,2019
542121,2019-11-01 19:45:00+00:00,Paris Saint-Germain at Dijon FCO,PSG @ DIJO,Dijon FCO,3170,2,Paris Saint-Germain,160,1,STATUS_FULL_TIME,Stade Gaston-Gérard,2019-2020,0,11,1,2019
542117,2019-11-02 16:30:00+00:00,Lille at Marseille,LILL @ OLM,Marseille,176,2,Lille,166,1,STATUS_FULL_TIME,Orange Vélodrome,2019-2020,0,11,2,2019
542124,2019-11-02 19:00:00+00:00,Strasbourg at Angers,STR @ ANG,Angers,7868,1,Strasbourg,180,0,STATUS_FULL_TIME,Stade Raymond Kopa,2019-2020,0,11,2,2019
542119,2019-11-02 19:00:00+00:00,Montpellier at Metz,MON @ METZ,Metz,177,2,Montpellier,274,2,STATUS_FULL_TIME,Stade Saint-Symphorien,2019-2020,0,11,2,2019
542116,2019-11-02 19:00:00+00:00,Brest at SC Amiens,BRE @ AMI,SC Amiens,3335,1,Brest,6997,0,STATUS_FULL_TIME,Stade Crédit Agricole de la Licorne,2019-2020,0,11,2,2019
542118,2019-11-02 19:00:00+00:00,Lyon at Toulouse,LYON @ TOU,Toulouse,179,2,Lyon,167,3,STATUS_FULL_TIME,Stadium de Toulouse,2019-2020,0,11,2,2019
542120,2019-11-03 14:00:00+00:00,Nantes at Bordeaux,NAN @ BOR,Bordeaux,159,2,Nantes,165,0,STATUS_FULL_TIME,Stade Atlantique,2019-2020,0,11,3,2019
542123,2019-11-03 16:00:00+00:00,Stade de Reims at Nice,REIM @ NICE,Nice,2502,2,Stade de Reims,3243,0,STATUS_FULL_TIME,Allianz Riviera,2019-2020,0,11,3,2019
542115,2019-11-03 20:00:00+00:00,AS Monaco at Saint-Étienne,MON @ ASSE,Saint-Étienne,178,1,AS Monaco,174,0,STATUS_FULL_TIME,Stade Geoffroy-Guichard,2019-2020,0,11,3,2019
542106,2019-11-08 19:45:00+00:00,Bordeaux at Nice,BOR @ NICE,Nice,2502,1,Bordeaux,159,1,STATUS_FULL_TIME,Allianz Riviera,2019-2020,0,11,8,2019
542111,2019-11-09 16:30:00+00:00,Paris Saint-Germain at Brest,PSG @ BRE,Brest,6997,1,Paris Saint-Germain,160,2,STATUS_FULL_TIME,Stade Francis-Le Blé,2019-2020,0,11,9,2019
542107,2019-11-09 19:00:00+00:00,Dijon FCO at AS Monaco,DIJO @ MON,AS Monaco,174,1,Dijon FCO,3170,0,STATUS_FULL_TIME,Stade Louis II,2019-2020,0,11,9,2019
542109,2019-11-09 19:00:00+00:00,Metz at Lille,METZ @ LILL,Lille,166,0,Metz,177,0,STATUS_FULL_TIME,Decathlon Arena - Stade Pierre-Mauroy,2019-2020,0,11,9,2019
542105,2019-11-09 19:00:00+00:00,Angers at Stade de Reims,ANG @ REIM,Stade de Reims,3243,0,Angers,7868,0,STATUS_FULL_TIME,Stade Auguste-Delaune II,2019-2020,0,11,9,2019
542110,2019-11-09 19:00:00+00:00,Nimes at Strasbourg,NIM @ STR,Strasbourg,180,4,Nimes,7730,1,STATUS_FULL_TIME,Stade de la Meinau,2019-2020,0,11,9,2019
542112,2019-11-10 14:00:00+00:00,SC Amiens at Stade Rennais,AMI @ REN,Stade Rennais,169,3,SC Amiens,3335,1,STATUS_FULL_TIME,Roazhon Park,2019-2020,0,11,10,2019
542114,2019-11-10 16:00:00+00:00,Toulouse at Montpellier,TOU @ MON,Montpellier,274,3,Toulouse,179,0,STATUS_FULL_TIME,Stade de la Mosson,2019-2020,0,11,10,2019
542113,2019-11-10 16:05:00+00:00,Saint-Étienne at Nantes,ASSE @ NAN,Nantes,165,2,Saint-Étienne,178,3,STATUS_FULL_TIME,La Beaujoire-Louis-Fonteneau,2019-2020,0,11,10,2019
542108,2019-11-10 20:00:00+00:00,Lyon at Marseille,LYON @ OLM,Marseille,176,2,Lyon,167,1,STATUS_FULL_TIME,Orange Vélodrome,2019-2020,0,11,10,2019
542096,2019-11-22 19:45:00+00:00,Lille at Paris Saint-Germain,LILL @ PSG,Paris Saint-Germain,160,2,Lille,166,0,STATUS_FULL_TIME,Parc des Princes,2019-2020,0,11,22,2019
542100,2019-11-23 16:30:00+00:00,Nice at Lyon,NICE @ LYON,Lyon,167,2,Nice,2502,1,STATUS_FULL_TIME,Groupama Stadium,2019-2020,0,11,23,2019
542101,2019-11-23 19:00:00+00:00,Nimes at Angers,NIM @ ANG,Angers,7868,1,Nimes,7730,0,STATUS_FULL_TIME,Stade Raymond Kopa,2019-2020,0,11,23,2019
542099,2019-11-23 19:00:00+00:00,Nantes at Brest,NAN @ BRE,Brest,6997,1,Nantes,165,1,STATUS_FULL_TIME,Stade Francis-Le Blé,2019-2020,0,11,23,2019
542102,2019-11-23 19:00:00+00:00,Stade Rennais at Dijon FCO,REN @ DIJO,Dijon FCO,3170,2,Stade Rennais,169,1,STATUS_FULL_TIME,Stade Gaston-Gérard,2019-2020,0,11,23,2019
542103,2019-11-23 19:00:00+00:00,Stade de Reims at Metz,REIM @ METZ,Metz,177,1,Stade de Reims,3243,1,STATUS_FULL_TIME,Stade Saint-Symphorien,2019-2020,0,11,23,2019
542104,2019-11-23 19:00:00+00:00,Strasbourg at SC Amiens,STR @ AMI,SC Amiens,3335,0,Strasbourg,180,4,STATUS_FULL_TIME,Stade Crédit Agricole de la Licorne,2019-2020,0,11,23,2019
542095,2019-11-24 14:00:00+00:00,AS Monaco at Bordeaux,MON @ BOR,Bordeaux,159,2,AS Monaco,174,1,STATUS_FULL_TIME,Stade Atlantique,2019-2020,0,11,24,2019
542098,2019-11-24 16:00:00+00:00,Montpellier at Saint-Étienne,MON @ ASSE,Saint-Étienne,178,0,Montpellier,274,0,STATUS_FULL_TIME,Stade Geoffroy-Guichard,2019-2020,0,11,24,2019
542097,2019-11-24 20:00:00+00:00,Marseille at Toulouse,OLM @ TOU,Toulouse,179,0,Marseille,176,2,STATUS_FULL_TIME,Stadium de Toulouse,2019-2020,0,11,24,2019
542087,2019-11-29 19:45:00+00:00,Brest at Marseille,BRE @ OLM,Marseille,176,2,Brest,6997,1,STATUS_FULL_TIME,Orange Vélodrome,2019-2020,0,11,29,2019
542089,2019-11-30 16:30:00+00:00,Lyon at Strasbourg,LYON @ STR,Strasbourg,180,1,Lyon,167,2,STATUS_FULL_TIME,Stade de la Meinau,2019-2020,0,11,30,2019
542088,2019-11-30 19:00:00+00:00,Dijon FCO at Lille,DIJO @ LILL,Lille,166,1,Dijon FCO,3170,0,STATUS_FULL_TIME,Decathlon Arena - Stade Pierre-Mauroy,2019-2020,0,11,30,2019
542092,2019-11-30 19:00:00+00:00,SC Amiens at Montpellier,AMI @ MON,Montpellier,274,4,SC Amiens,3335,2,STATUS_FULL_TIME,Stade de la Mosson,2019-2020,0,11,30,2019
542085,2019-11-30 19:00:00+00:00,Angers at Nice,ANG @ NICE,Nice,2502,3,Angers,7868,1,STATUS_FULL_TIME,Allianz Riviera,2019-2020,0,11,30,2019
542090,2019-11-30 19:00:00+00:00,Metz at Nimes,METZ @ NIM,Nimes,7730,1,Metz,177,1,STATUS_FULL_TIME,Stade des Costières,2019-2020,0,11,30,2019
542086,2019-11-30 19:00:00+00:00,Bordeaux at Stade de Reims,BOR @ REIM,Stade de Reims,3243,1,Bordeaux,159,1,STATUS_FULL_TIME,Stade Auguste-Delaune II,2019-2020,0,11,30,2019
542094,2019-12-01 14:00:00+00:00,Toulouse at Nantes,TOU @ NAN,Nantes,165,2,Toulouse,179,1,STATUS_FULL_TIME,La Beaujoire-Louis-Fonteneau,2019-2020,0,12,1,2019
542093,2019-12-01 16:00:00+00:00,Saint-Étienne at Stade Rennais,ASSE @ REN,Stade Rennais,169,2,Saint-Étienne,178,1,STATUS_FULL_TIME,Roazhon Park,2019-2020,0,12,1,2019
542077,2019-12-03 18:00:00+00:00,Marseille at Angers,OLM @ ANG,Angers,7868,0,Marseille,176,2,STATUS_FULL_TIME,Stade Raymond Kopa,2019-2020,0,12,3,2019
542081,2019-12-03 18:00:00+00:00,Nimes at Bordeaux,NIM @ BOR,Bordeaux,159,6,Nimes,7730,0,STATUS_FULL_TIME,Stade Atlantique,2019-2020,0,12,3,2019
542084,2019-12-03 18:00:00+00:00,Strasbourg at Brest,STR @ BRE,Brest,6997,5,Strasbourg,180,0,STATUS_FULL_TIME,Stade Francis-Le Blé,2019-2020,0,12,3,2019
542076,2019-12-03 20:05:00+00:00,Lille at Lyon,LILL @ LYON,Lyon,167,0,Lille,166,1,STATUS_FULL_TIME,Groupama Stadium,2019-2020,0,12,3,2019
542078,2019-12-04 18:00:00+00:00,Montpellier at Dijon FCO,MON @ DIJO,Dijon FCO,3170,2,Montpellier,274,2,STATUS_FULL_TIME,Stade Gaston-Gérard,2019-2020,0,12,4,2019
542082,2019-12-04 18:00:00+00:00,Stade Rennais at Metz,REN @ METZ,Metz,177,0,Stade Rennais,169,1,STATUS_FULL_TIME,Stade Saint-Symphorien,2019-2020,0,12,4,2019
542080,2019-12-04 18:00:00+00:00,Nice at Saint-Étienne,NICE @ ASSE,Saint-Étienne,178,4,Nice,2502,1,STATUS_FULL_TIME,Stade Geoffroy-Guichard,2019-2020,0,12,4,2019
542075,2019-12-04 18:00:00+00:00,AS Monaco at Toulouse,MON @ TOU,Toulouse,179,1,AS Monaco,174,2,STATUS_FULL_TIME,Stadium de Toulouse,2019-2020,0,12,4,2019
542079,2019-12-04 20:05:00+00:00,Nantes at Paris Saint-Germain,NAN @ PSG,Paris Saint-Germain,160,2,Nantes,165,0,STATUS_FULL_TIME,Parc des Princes,2019-2020,0,12,4,2019
542067,2019-12-06 18:00:00+00:00,Brest at Lille,BRE @ LILL,Lille,166,1,Brest,6997,0,STATUS_FULL_TIME,Decathlon Arena - Stade Pierre-Mauroy,2019-2020,0,12,6,2019
542069,2019-12-06 19:45:00+00:00,Lyon at Nimes,LYON @ NIM,Nimes,7730,0,Lyon,167,4,STATUS_FULL_TIME,Stade des Costières,2019-2020,0,12,6,2019
542071,2019-12-07 16:30:00+00:00,Paris Saint-Germain at Montpellier,PSG @ MON,Montpellier,274,1,Paris Saint-Germain,160,3,STATUS_FULL_TIME,Stade de la Mosson,2019-2020,0,12,7,2019
542070,2019-12-07 19:00:00+00:00,Metz at Nice,METZ @ NICE,Nice,2502,4,Metz,177,1,STATUS_FULL_TIME,Allianz Riviera,2019-2020,0,12,7,2019
542072,2019-12-07 19:00:00+00:00,SC Amiens at AS Monaco,AMI @ MON,AS Monaco,174,3,SC Amiens,3335,0,STATUS_FULL_TIME,Stade Louis II,2019-2020,0,12,7,2019
542074,2019-12-07 19:00:00+00:00,Toulouse at Strasbourg,TOU @ STR,Strasbourg,180,4,Toulouse,179,2,STATUS_FULL_TIME,Stade de la Meinau,2019-2020,0,12,7,2019
542065,2019-12-07 19:00:00+00:00,Angers at Stade Rennais,ANG @ REN,Stade Rennais,169,2,Angers,7868,1,STATUS_FULL_TIME,Roazhon Park,2019-2020,0,12,7,2019
542073,2019-12-08 14:00:00+00:00,Saint-Étienne at Stade de Reims,ASSE @ REIM,Stade de Reims,3243,3,Saint-Étienne,178,1,STATUS_FULL_TIME,Stade Auguste-Delaune II,2019-2020,0,12,8,2019
542068,2019-12-08 16:00:00+00:00,Dijon FCO at Nantes,DIJO @ NAN,Nantes,165,1,Dijon FCO,3170,0,STATUS_FULL_TIME,La Beaujoire-Louis-Fonteneau,2019-2020,0,12,8,2019
542066,2019-12-08 20:00:00+00:00,Bordeaux at Marseille,BOR @ OLM,Marseille,176,3,Bordeaux,159,1,STATUS_FULL_TIME,Orange Vélodrome,2019-2020,0,12,8,2019
542058,2019-12-13 19:45:00+00:00,Montpellier at Lille,MON @ LILL,Lille,166,2,Montpellier,274,1,STATUS_FULL_TIME,Decathlon Arena - Stade Pierre-Mauroy,2019-2020,0,12,13,2019
542057,2019-12-14 16:30:00+00:00,Marseille at Metz,OLM @ METZ,Metz,177,1,Marseille,176,1,STATUS_FULL_TIME,Stade Saint-Symphorien,2019-2020,0,12,14,2019
542055,2019-12-14 19:00:00+00:00,AS Monaco at Angers,MON @ ANG,Angers,7868,0,AS Monaco,174,0,STATUS_FULL_TIME,Stade Raymond Kopa,2019-2020,0,12,14,2019
542060,2019-12-14 19:00:00+00:00,Nice at Brest,NICE @ BRE,Brest,6997,0,Nice,2502,0,STATUS_FULL_TIME,Stade Francis-Le Blé,2019-2020,0,12,14,2019
542059,2019-12-14 19:00:00+00:00,Nantes at Nimes,NAN @ NIM,Nimes,7730,0,Nantes,165,1,STATUS_FULL_TIME,Stade des Costières,2019-2020,0,12,14,2019
542056,2019-12-14 19:00:00+00:00,Dijon FCO at SC Amiens,DIJO @ AMI,SC Amiens,3335,1,Dijon FCO,3170,1,STATUS_FULL_TIME,Stade Crédit Agricole de la Licorne,2019-2020,0,12,14,2019
542063,2019-12-14 19:00:00+00:00,Stade de Reims at Toulouse,REIM @ TOU,Toulouse,179,0,Stade de Reims,3243,1,STATUS_FULL_TIME,Stadium de Toulouse,2019-2020,0,12,14,2019
542064,2019-12-15 14:00:00+00:00,Strasbourg at Bordeaux,STR @ BOR,Bordeaux,159,0,Strasbourg,180,1,STATUS_FULL_TIME,Stade Atlantique,2019-2020,0,12,15,2019
542062,2019-12-15 16:00:00+00:00,Stade Rennais at Lyon,REN @ LYON,Lyon,167,0,Stade Rennais,169,1,STATUS_FULL_TIME,Groupama Stadium,2019-2020,0,12,15,2019
542061,2019-12-15 20:00:00+00:00,Paris Saint-Germain at Saint-Étienne,PSG @ ASSE,Saint-Étienne,178,0,Paris Saint-Germain,160,4,STATUS_FULL_TIME,Stade Geoffroy-Guichard,2019-2020,0,12,15,2019
542051,2019-12-21 19:45:00+00:00,Nimes at Marseille,NIM @ OLM,Marseille,176,3,Nimes,7730,1,STATUS_FULL_TIME,Orange Vélodrome,2019-2020,0,12,21,2019
542047,2019-12-21 19:45:00+00:00,Brest at Montpellier,BRE @ MON,Montpellier,274,4,Brest,6997,0,STATUS_FULL_TIME,Stade de la Mosson,2019-2020,0,12,21,2019
542045,2019-12-21 19:45:00+00:00,Angers at Nantes,ANG @ NAN,Nantes,165,1,Angers,7868,2,STATUS_FULL_TIME,La Beaujoire-Louis-Fonteneau,2019-2020,0,12,21,2019
542054,2019-12-21 19:45:00+00:00,Toulouse at Nice,TOU @ NICE,Nice,2502,3,Toulouse,179,0,STATUS_FULL_TIME,Allianz Riviera,2019-2020,0,12,21,2019
542052,2019-12-21 19:45:00+00:00,SC Amiens at Paris Saint-Germain,AMI @ PSG,Paris Saint-Germain,160,4,SC Amiens,3335,1,STATUS_FULL_TIME,Parc des Princes,2019-2020,0,12,21,2019
542049,2019-12-21 19:45:00+00:00,Lyon at Stade de Reims,LYON @ REIM,Stade de Reims,3243,1,Lyon,167,1,STATUS_FULL_TIME,Stade Auguste-Delaune II,2019-2020,0,12,21,2019
542046,2019-12-21 19:45:00+00:00,Bordeaux at Stade Rennais,BOR @ REN,Stade Rennais,169,1,Bordeaux,159,0,STATUS_FULL_TIME,Roazhon Park,2019-2020,0,12,21,2019
542053,2019-12-21 19:45:00+00:00,Saint-Étienne at Strasbourg,ASSE @ STR,Strasbourg,180,2,Saint-Étienne,178,1,STATUS_FULL_TIME,Stade de la Meinau,2019-2020,0,12,21,2019
542048,2019-12-21 19:45:00+00:00,Lille at AS Monaco,LILL @ MON,AS Monaco,174,5,Lille,166,1,STATUS_FULL_TIME,Stade Louis II,2019-2020,0,12,21,2019
542050,2019-12-21 19:45:00+00:00,Metz at Dijon FCO,METZ @ DIJO,Dijon FCO,3170,2,Metz,177,2,STATUS_FULL_TIME,Stade Gaston-Gérard,2019-2020,0,12,21,2019
542039,2020-01-10 19:45:00+00:00,Marseille at Stade Rennais,OLM @ REN,Stade Rennais,169,0,Marseille,176,1,STATUS_FULL_TIME,Roazhon Park,2019-2020,0,1,10,2020
542038,2020-01-11 16:30:00+00:00,Lyon at Bordeaux,LYON @ BOR,Bordeaux,159,1,Lyon,167,2,STATUS_FULL_TIME,Stade Atlantique,2019-2020,0,1,11,2020
542044,2020-01-11 19:00:00+00:00,Strasbourg at Metz,STR @ METZ,Metz,177,1,Strasbourg,180,0,STATUS_FULL_TIME,Stade Saint-Symphorien,2019-2020,0,1,11,2020
542042,2020-01-11 19:00:00+00:00,Nice at Angers,NICE @ ANG,Angers,7868,1,Nice,2502,1,STATUS_FULL_TIME,Stade Raymond Kopa,2019-2020,0,1,11,2020
542043,2020-01-11 19:00:00+00:00,Stade de Reims at Nimes,REIM @ NIM,Nimes,7730,2,Stade de Reims,3243,0,STATUS_FULL_TIME,Stade des Costières,2019-2020,0,1,11,2020
542036,2020-01-11 19:00:00+00:00,Brest at Toulouse,BRE @ TOU,Toulouse,179,2,Brest,6997,5,STATUS_FULL_TIME,Stadium de Toulouse,2019-2020,0,1,11,2020
542040,2020-01-11 19:00:00+00:00,Montpellier at SC Amiens,MON @ AMI,SC Amiens,3335,1,Montpellier,274,2,STATUS_FULL_TIME,Stade Crédit Agricole de la Licorne,2019-2020,0,1,11,2020
542041,2020-01-12 14:00:00+00:00,Nantes at Saint-Étienne,NAN @ ASSE,Saint-Étienne,178,0,Nantes,165,2,STATUS_FULL_TIME,Stade Geoffroy-Guichard,2019-2020,0,1,12,2020
542037,2020-01-12 16:00:00+00:00,Lille at Dijon FCO,LILL @ DIJO,Dijon FCO,3170,1,Lille,166,0,STATUS_FULL_TIME,Stade Gaston-Gérard,2019-2020,0,1,12,2020
542035,2020-01-12 20:00:00+00:00,AS Monaco at Paris Saint-Germain,MON @ PSG,Paris Saint-Germain,160,3,AS Monaco,174,3,STATUS_FULL_TIME,Parc des Princes,2019-2020,0,1,12,2020
542122,2020-01-15 18:00:00+00:00,Stade Rennais at Nimes,REN @ NIM,Nimes,7730,0,Stade Rennais,169,1,STATUS_FULL_TIME,Stade des Costières,2019-2020,0,1,15,2020
542083,2020-01-15 18:00:00+00:00,Stade de Reims at SC Amiens,REIM @ AMI,SC Amiens,3335,1,Stade de Reims,3243,1,STATUS_FULL_TIME,Stade Crédit Agricole de la Licorne,2019-2020,0,1,15,2020
542091,2020-01-15 20:00:00+00:00,Paris Saint-Germain at AS Monaco,PSG @ MON,AS Monaco,174,1,Paris Saint-Germain,160,4,STATUS_FULL_TIME,Stade Louis II,2019-2020,0,1,15,2020
542032,2020-01-24 19:45:00+00:00,Stade Rennais at Nice,REN @ NICE,Nice,2502,1,Stade Rennais,169,1,STATUS_FULL_TIME,Allianz Riviera,2019-2020,0,1,24,2020
542025,2020-01-25 16:30:00+00:00,Angers at Marseille,ANG @ OLM,Marseille,176,0,Angers,7868,0,STATUS_FULL_TIME,Orange Vélodrome,2019-2020,0,1,25,2020
542033,2020-01-25 19:00:00+00:00,Strasbourg at AS Monaco,STR @ MON,AS Monaco,174,1,Strasbourg,180,3,STATUS_FULL_TIME,Stade Louis II,2019-2020,0,1,25,2020
542028,2020-01-25 19:00:00+00:00,Metz at Stade de Reims,METZ @ REIM,Stade de Reims,3243,0,Metz,177,1,STATUS_FULL_TIME,Stade Auguste-Delaune II,2019-2020,0,1,25,2020
542031,2020-01-25 19:00:00+00:00,SC Amiens at Brest,AMI @ BRE,Brest,6997,2,SC Amiens,3335,1,STATUS_FULL_TIME,Stade Francis-Le Blé,2019-2020,0,1,25,2020
542029,2020-01-25 19:00:00+00:00,Nimes at Saint-Étienne,NIM @ ASSE,Saint-Étienne,178,2,Nimes,7730,1,STATUS_FULL_TIME,Stade Geoffroy-Guichard,2019-2020,0,1,25,2020
542027,2020-01-25 19:00:00+00:00,Dijon FCO at Montpellier,DIJO @ MON,Montpellier,274,2,Dijon FCO,3170,1,STATUS_FULL_TIME,Stade de la Mosson,2019-2020,0,1,25,2020
542034,2020-01-26 14:00:00+00:00,Toulouse at Lyon,TOU @ LYON,Lyon,167,3,Toulouse,179,0,STATUS_FULL_TIME,Groupama Stadium,2019-2020,0,1,26,2020
542026,2020-01-26 16:00:00+00:00,Bordeaux at Nantes,BOR @ NAN,Nantes,165,0,Bordeaux,159,1,STATUS_FULL_TIME,La Beaujoire-Louis-Fonteneau,2019-2020,0,1,26,2020
542030,2020-01-26 20:00:00+00:00,Paris Saint-Germain at Lille,PSG @ LILL,Lille,166,0,Paris Saint-Germain,160,2,STATUS_FULL_TIME,Decathlon Arena - Stade Pierre-Mauroy,2019-2020,0,1,26,2020
542021,2020-01-31 19:45:00+00:00,Nantes at Stade Rennais,NAN @ REN,Stade Rennais,169,3,Nantes,165,2,STATUS_FULL_TIME,Roazhon Park,2019-2020,0,1,31,2020
542020,2020-02-01 16:30:00+00:00,Montpellier at Paris Saint-Germain,MON @ PSG,Paris Saint-Germain,160,5,Montpellier,274,0,STATUS_FULL_TIME,Parc des Princes,2019-2020,0,2,1,2020
542023,2020-02-01 19:00:00+00:00,Stade de Reims at Angers,REIM @ ANG,Angers,7868,1,Stade de Reims,3243,4,STATUS_FULL_TIME,Stade Raymond Kopa,2019-2020,0,2,1,2020
542016,2020-02-01 19:00:00+00:00,Brest at Dijon FCO,BRE @ DIJO,Dijon FCO,3170,3,Brest,6997,0,STATUS_FULL_TIME,Stade Gaston-Gérard,2019-2020,0,2,1,2020
542015,2020-02-01 19:00:00+00:00,AS Monaco at Nimes,MON @ NIM,Nimes,7730,3,AS Monaco,174,1,STATUS_FULL_TIME,Stade des Costières,2019-2020,0,2,1,2020
542024,2020-02-01 19:00:00+00:00,Toulouse at SC Amiens,TOU @ AMI,SC Amiens,3335,0,Toulouse,179,0,STATUS_FULL_TIME,Stade Crédit Agricole de la Licorne,2019-2020,0,2,1,2020
542017,2020-02-01 19:00:00+00:00,Lille at Strasbourg,LILL @ STR,Strasbourg,180,1,Lille,166,2,STATUS_FULL_TIME,Stade de la Meinau,2019-2020,0,2,1,2020
542018,2020-02-02 14:00:00+00:00,Lyon at Nice,LYON @ NICE,Nice,2502,2,Lyon,167,1,STATUS_FULL_TIME,Allianz Riviera,2019-2020,0,2,2,2020
542022,2020-02-02 16:00:00+00:00,Saint-Étienne at Metz,ASSE @ METZ,Metz,177,3,Saint-Étienne,178,1,STATUS_FULL_TIME,Stade Saint-Symphorien,2019-2020,0,2,2,2020
542019,2020-02-02 20:00:00+00:00,Marseille at Bordeaux,OLM @ BOR,Bordeaux,159,0,Marseille,176,0,STATUS_FULL_TIME,Stade Atlantique,2019-2020,0,2,2,2020
542005,2020-02-04 18:00:00+00:00,Angers at AS Monaco,ANG @ MON,AS Monaco,174,1,Angers,7868,0,STATUS_FULL_TIME,Stade Louis II,2019-2020,0,2,4,2020
542013,2020-02-04 18:00:00+00:00,Stade Rennais at Lille,REN @ LILL,Lille,166,1,Stade Rennais,169,0,STATUS_FULL_TIME,Decathlon Arena - Stade Pierre-Mauroy,2019-2020,0,2,4,2020
542011,2020-02-04 20:05:00+00:00,Paris Saint-Germain at Nantes,PSG @ NAN,Nantes,165,1,Paris Saint-Germain,160,2,STATUS_FULL_TIME,La Beaujoire-Louis-Fonteneau,2019-2020,0,2,4,2020
542006,2020-02-05 18:00:00+00:00,Bordeaux at Brest,BOR @ BRE,Brest,6997,1,Bordeaux,159,1,STATUS_FULL_TIME,Stade Francis-Le Blé,2019-2020,0,2,5,2020
542012,2020-02-05 18:00:00+00:00,SC Amiens at Lyon,AMI @ LYON,Lyon,167,0,SC Amiens,3335,0,STATUS_FULL_TIME,Groupama Stadium,2019-2020,0,2,5,2020
542009,2020-02-05 18:00:00+00:00,Metz at Montpellier,METZ @ MON,Montpellier,274,1,Metz,177,1,STATUS_FULL_TIME,Stade de la Mosson,2019-2020,0,2,5,2020
542007,2020-02-05 18:00:00+00:00,Dijon FCO at Nimes,DIJO @ NIM,Nimes,7730,2,Dijon FCO,3170,0,STATUS_FULL_TIME,Stade des Costières,2019-2020,0,2,5,2020
542010,2020-02-05 18:00:00+00:00,Nice at Stade de Reims,NICE @ REIM,Stade de Reims,3243,1,Nice,2502,1,STATUS_FULL_TIME,Stade Auguste-Delaune II,2019-2020,0,2,5,2020
542014,2020-02-05 18:00:00+00:00,Strasbourg at Toulouse,STR @ TOU,Toulouse,179,0,Strasbourg,180,1,STATUS_FULL_TIME,Stadium de Toulouse,2019-2020,0,2,5,2020
542008,2020-02-05 20:15:00+00:00,Marseille at Saint-Étienne,OLM @ ASSE,Saint-Étienne,178,0,Marseille,176,2,STATUS_FULL_TIME,Stade Geoffroy-Guichard,2019-2020,0,2,5,2020
541998,2020-02-07 19:45:00+00:00,Lille at Angers,LILL @ ANG,Angers,7868,0,Lille,166,2,STATUS_FULL_TIME,Stade Raymond Kopa,2019-2020,0,2,7,2020
542004,2020-02-08 16:30:00+00:00,Toulouse at Marseille,TOU @ OLM,Marseille,176,1,Toulouse,179,0,STATUS_FULL_TIME,Orange Vélodrome,2019-2020,0,2,8,2020
541996,2020-02-08 19:00:00+00:00,Bordeaux at Metz,BOR @ METZ,Metz,177,1,Bordeaux,159,2,STATUS_FULL_TIME,Stade Saint-Symphorien,2019-2020,0,2,8,2020
541995,2020-02-08 19:00:00+00:00,AS Monaco at SC Amiens,MON @ AMI,SC Amiens,3335,1,AS Monaco,174,2,STATUS_FULL_TIME,Stade Crédit Agricole de la Licorne,2019-2020,0,2,8,2020
542000,2020-02-08 19:00:00+00:00,Nantes at Dijon FCO,NAN @ DIJO,Dijon FCO,3170,3,Nantes,165,3,STATUS_FULL_TIME,Stade Gaston-Gérard,2019-2020,0,2,8,2020
541997,2020-02-08 19:00:00+00:00,Brest at Stade Rennais,BRE @ REN,Stade Rennais,169,0,Brest,6997,0,STATUS_FULL_TIME,Roazhon Park,2019-2020,0,2,8,2020
542001,2020-02-08 19:00:00+00:00,Nimes at Nice,NIM @ NICE,Nice,2502,1,Nimes,7730,3,STATUS_FULL_TIME,Allianz Riviera,2019-2020,0,2,8,2020
542002,2020-02-09 14:00:00+00:00,Saint-Étienne at Montpellier,ASSE @ MON,Montpellier,274,1,Saint-Étienne,178,0,STATUS_FULL_TIME,Stade de la Mosson,2019-2020,0,2,9,2020
542003,2020-02-09 16:00:00+00:00,Stade de Reims at Strasbourg,REIM @ STR,Strasbourg,180,3,Stade de Reims,3243,0,STATUS_FULL_TIME,Stade de la Meinau,2019-2020,0,2,9,2020
541999,2020-02-09 20:05:00+00:00,Lyon at Paris Saint-Germain,LYON @ PSG,Paris Saint-Germain,160,4,Lyon,167,2,STATUS_FULL_TIME,Parc des Princes,2019-2020,0,2,9,2020
541989,2020-02-14 19:45:00+00:00,Montpellier at AS Monaco,MON @ MON,AS Monaco,174,1,Montpellier,274,0,STATUS_FULL_TIME,Stade Louis II,2019-2020,0,2,14,2020
541991,2020-02-15 16:30:00+00:00,Paris Saint-Germain at SC Amiens,PSG @ AMI,SC Amiens,3335,4,Paris Saint-Germain,160,4,STATUS_FULL_TIME,Stade Crédit Agricole de la Licorne,2019-2020,0,2,15,2020
541986,2020-02-15 19:00:00+00:00,Dijon FCO at Bordeaux,DIJO @ BOR,Bordeaux,159,2,Dijon FCO,3170,2,STATUS_FULL_TIME,Stade Atlantique,2019-2020,0,2,15,2020
541988,2020-02-15 19:00:00+00:00,Metz at Nantes,METZ @ NAN,Nantes,165,0,Metz,177,0,STATUS_FULL_TIME,La Beaujoire-Louis-Fonteneau,2019-2020,0,2,15,2020
541985,2020-02-15 19:00:00+00:00,Angers at Nimes,ANG @ NIM,Nimes,7730,1,Angers,7868,0,STATUS_FULL_TIME,Stade des Costières,2019-2020,0,2,15,2020
541990,2020-02-15 19:00:00+00:00,Nice at Toulouse,NICE @ TOU,Toulouse,179,0,Nice,2502,2,STATUS_FULL_TIME,Stadium de Toulouse,2019-2020,0,2,15,2020
541994,2020-02-16 14:00:00+00:00,Strasbourg at Lyon,STR @ LYON,Lyon,167,1,Strasbourg,180,1,STATUS_FULL_TIME,Groupama Stadium,2019-2020,0,2,16,2020
541992,2020-02-16 16:00:00+00:00,Saint-Étienne at Brest,ASSE @ BRE,Brest,6997,3,Saint-Étienne,178,2,STATUS_FULL_TIME,Stade Francis-Le Blé,2019-2020,0,2,16,2020
541993,2020-02-16 16:00:00+00:00,Stade Rennais at Stade de Reims,REN @ REIM,Stade de Reims,3243,1,Stade Rennais,169,0,STATUS_FULL_TIME,Stade Auguste-Delaune II,2019-2020,0,2,16,2020
541987,2020-02-16 20:00:00+00:00,Marseille at Lille,OLM @ LILL,Lille,166,1,Marseille,176,2,STATUS_FULL_TIME,Decathlon Arena - Stade Pierre-Mauroy,2019-2020,0,2,16,2020
541977,2020-02-21 18:00:00+00:00,Brest at Nice,BRE @ NICE,Nice,2502,2,Brest,6997,2,STATUS_FULL_TIME,Allianz Riviera,2019-2020,0,2,21,2020
541978,2020-02-21 19:45:00+00:00,Lyon at Metz,LYON @ METZ,Metz,177,0,Lyon,167,2,STATUS_FULL_TIME,Stade Saint-Symphorien,2019-2020,0,2,21,2020
541980,2020-02-22 16:30:00+00:00,Nantes at Marseille,NAN @ OLM,Marseille,176,1,Nantes,165,3,STATUS_FULL_TIME,Orange Vélodrome,2019-2020,0,2,22,2020
541979,2020-02-22 19:00:00+00:00,Montpellier at Angers,MON @ ANG,Angers,7868,1,Montpellier,274,0,STATUS_FULL_TIME,Stade Raymond Kopa,2019-2020,0,2,22,2020
541975,2020-02-22 19:00:00+00:00,AS Monaco at Dijon FCO,MON @ DIJO,Dijon FCO,3170,1,AS Monaco,174,1,STATUS_FULL_TIME,Stade Gaston-Gérard,2019-2020,0,2,22,2020
541984,2020-02-22 19:00:00+00:00,Toulouse at Lille,TOU @ LILL,Lille,166,3,Toulouse,179,0,STATUS_FULL_TIME,Decathlon Arena - Stade Pierre-Mauroy,2019-2020,0,2,22,2020
541982,2020-02-22 19:00:00+00:00,SC Amiens at Strasbourg,AMI @ STR,Strasbourg,180,0,SC Amiens,3335,0,STATUS_FULL_TIME,Stade de la Meinau,2019-2020,0,2,22,2020
541983,2020-02-23 14:00:00+00:00,Stade de Reims at Saint-Étienne,REIM @ ASSE,Saint-Étienne,178,1,Stade de Reims,3243,1,STATUS_FULL_TIME,Stade Geoffroy-Guichard,2019-2020,0,2,23,2020
541981,2020-02-23 16:00:00+00:00,Nimes at Stade Rennais,NIM @ REN,Stade Rennais,169,2,Nimes,7730,1,STATUS_FULL_TIME,Roazhon Park,2019-2020,0,2,23,2020
541976,2020-02-23 20:00:00+00:00,Bordeaux at Paris Saint-Germain,BOR @ PSG,Paris Saint-Germain,160,4,Bordeaux,159,3,STATUS_FULL_TIME,Parc des Princes,2019-2020,0,2,23,2020
541968,2020-02-28 19:45:00+00:00,Marseille at Nimes,OLM @ NIM,Nimes,7730,2,Marseille,176,3,STATUS_FULL_TIME,Stade des Costières,2019-2020,0,2,28,2020
541966,2020-02-29 16:30:00+00:00,Dijon FCO at Paris Saint-Germain,DIJO @ PSG,Paris Saint-Germain,160,4,Dijon FCO,3170,0,STATUS_FULL_TIME,Parc des Princes,2019-2020,0,2,29,2020
541974,2020-02-29 19:00:00+00:00,Strasbourg at Montpellier,STR @ MON,Montpellier,274,3,Strasbourg,180,0,STATUS_FULL_TIME,Stade de la Mosson,2019-2020,0,2,29,2020
541973,2020-02-29 19:00:00+00:00,Stade de Reims at AS Monaco,REIM @ MON,AS Monaco,174,1,Stade de Reims,3243,1,STATUS_FULL_TIME,Stade Louis II,2019-2020,0,2,29,2020
541969,2020-02-29 19:00:00+00:00,Metz at SC Amiens,METZ @ AMI,SC Amiens,3335,0,Metz,177,1,STATUS_FULL_TIME,Stade Crédit Agricole de la Licorne,2019-2020,0,2,29,2020
541972,2020-02-29 19:00:00+00:00,Stade Rennais at Toulouse,REN @ TOU,Toulouse,179,0,Stade Rennais,169,2,STATUS_FULL_TIME,Stadium de Toulouse,2019-2020,0,2,29,2020
541965,2020-02-29 19:00:00+00:00,Angers at Brest,ANG @ BRE,Brest,6997,0,Angers,7868,1,STATUS_FULL_TIME,Stade Francis-Le Blé,2019-2020,0,2,29,2020
541967,2020-03-01 14:00:00+00:00,Lille at Nantes,LILL @ NAN,Nantes,165,0,Lille,166,1,STATUS_FULL_TIME,La Beaujoire-Louis-Fonteneau,2019-2020,0,3,1,2020
541970,2020-03-01 16:00:00+00:00,Nice at Bordeaux,NICE @ BOR,Bordeaux,159,1,Nice,2502,1,STATUS_FULL_TIME,Stade Atlantique,2019-2020,0,3,1,2020
541971,2020-03-01 20:00:00+00:00,Saint-Étienne at Lyon,ASSE @ LYON,Lyon,167,2,Saint-Étienne,178,0,STATUS_FULL_TIME,Groupama Stadium,2019-2020,0,3,1,2020
541963,2020-03-06 20:00:00+00:00,SC Amiens at Marseille,AMI @ OLM,Marseille,176,2,SC Amiens,3335,2,STATUS_FULL_TIME,Orange Vélodrome,2019-2020,0,3,6,2020
541960,2020-03-07 19:00:00+00:00,Nantes at Angers,NAN @ ANG,Angers,7868,2,Nantes,165,0,STATUS_FULL_TIME,Stade Raymond Kopa,2019-2020,0,3,7,2020
541964,2020-03-07 19:00:00+00:00,Toulouse at Dijon FCO,TOU @ DIJO,Dijon FCO,3170,2,Toulouse,179,1,STATUS_FULL_TIME,Stade Gaston-Gérard,2019-2020,0,3,7,2020
541961,2020-03-07 19:00:00+00:00,Nimes at Metz,NIM @ METZ,Metz,177,2,Nimes,7730,1,STATUS_FULL_TIME,Stade Saint-Symphorien,2019-2020,0,3,7,2020
541955,2020-03-07 19:00:00+00:00,AS Monaco at Nice,MON @ NICE,Nice,2502,2,AS Monaco,174,1,STATUS_FULL_TIME,Allianz Riviera,2019-2020,0,3,7,2020
541957,2020-03-07 19:00:00+00:00,Brest at Stade de Reims,BRE @ REIM,Stade de Reims,3243,1,Brest,6997,0,STATUS_FULL_TIME,Stade Auguste-Delaune II,2019-2020,0,3,7,2020
541956,2020-03-08 14:00:00+00:00,Bordeaux at Saint-Étienne,BOR @ ASSE,Saint-Étienne,178,1,Bordeaux,159,1,STATUS_FULL_TIME,Stade Geoffroy-Guichard,2019-2020,0,3,8,2020
541959,2020-03-08 16:00:00+00:00,Montpellier at Stade Rennais,MON @ REN,Stade Rennais,169,5,Montpellier,274,0,STATUS_FULL_TIME,Roazhon Park,2019-2020,0,3,8,2020
541958,2020-03-08 20:00:00+00:00,Lyon at Lille,LYON @ LILL,Lille,166,1,Lyon,167,0,STATUS_FULL_TIME,Decathlon Arena - Stade Pierre-Mauroy,2019-2020,0,3,8,2020
541954,2020-03-13 19:45:00+00:00,Stade de Reims at Lyon,REIM @ LYON,Lyon,167,0,Stade de Reims,3243,0,STATUS_CANCELED,Groupama Stadium,2019-2020,0,3,13,2020
541948,2020-03-14 16:30:00+00:00,Marseille at Montpellier,OLM @ MON,Montpellier,274,0,Marseille,176,0,STATUS_CANCELED,Stade de la Mosson,2019-2020,0,3,14,2020
541947,2020-03-14 19:00:00+00:00,Lille at Brest,LILL @ BRE,Brest,6997,0,Lille,166,0,STATUS_CANCELED,Stade Francis-Le Blé,2019-2020,0,3,14,2020
541951,2020-03-14 19:00:00+00:00,Nimes at Nantes,NIM @ NAN,Nantes,165,0,Nimes,7730,0,STATUS_CANCELED,La Beaujoire-Louis-Fonteneau,2019-2020,0,3,14,2020
541945,2020-03-14 19:00:00+00:00,Angers at SC Amiens,ANG @ AMI,SC Amiens,3335,0,Angers,7868,0,STATUS_CANCELED,Stade Crédit Agricole de la Licorne,2019-2020,0,3,14,2020
541946,2020-03-14 19:00:00+00:00,Dijon FCO at Strasbourg,DIJO @ STR,Strasbourg,180,0,Dijon FCO,3170,0,STATUS_CANCELED,Stade de la Meinau,2019-2020,0,3,14,2020
541949,2020-03-14 19:00:00+00:00,Metz at Toulouse,METZ @ TOU,Toulouse,179,0,Metz,177,0,STATUS_CANCELED,Stadium de Toulouse,2019-2020,0,3,14,2020
541953,2020-03-15 14:00:00+00:00,Stade Rennais at Bordeaux,REN @ BOR,Bordeaux,159,0,Stade Rennais,169,0,STATUS_CANCELED,Stade Atlantique,2019-2020,0,3,15,2020
541952,2020-03-15 16:00:00+00:00,Saint-Étienne at AS Monaco,ASSE @ MON,AS Monaco,174,0,Saint-Étienne,178,0,STATUS_CANCELED,Stade Louis II,2019-2020,0,3,15,2020
541950,2020-03-15 20:00:00+00:00,Nice at Paris Saint-Germain,NICE @ PSG,Paris Saint-Germain,160,0,Nice,2502,0,STATUS_CANCELED,Parc des Princes,2019-2020,0,3,15,2020
541962,2020-03-18 20:00:00+00:00,Paris Saint-Germain at Strasbourg,PSG @ STR,Strasbourg,180,0,Paris Saint-Germain,160,0,STATUS_CANCELED,Stade de la Meinau,2019-2020,0,3,18,2020
541935,2020-03-20 19:45:00+00:00,AS Monaco at Lille,MON @ LILL,Lille,166,0,AS Monaco,174,0,STATUS_CANCELED,Decathlon Arena - Stade Pierre-Mauroy,2019-2020,0,3,20,2020
541938,2020-03-21 16:30:00+00:00,Lyon at Stade Rennais,LYON @ REN,Stade Rennais,169,0,Lyon,167,0,STATUS_CANCELED,Roazhon Park,2019-2020,0,3,21,2020
541944,2020-03-21 19:00:00+00:00,Toulouse at Angers,TOU @ ANG,Angers,7868,0,Toulouse,179,0,STATUS_CANCELED,Stade Raymond Kopa,2019-2020,0,3,21,2020
541942,2020-03-21 19:00:00+00:00,SC Amiens at Dijon FCO,AMI @ DIJO,Dijon FCO,3170,0,SC Amiens,3335,0,STATUS_CANCELED,Stade Gaston-Gérard,2019-2020,0,3,21,2020
541937,2020-03-21 19:00:00+00:00,Brest at Metz,BRE @ METZ,Metz,177,0,Brest,6997,0,STATUS_CANCELED,Stade Saint-Symphorien,2019-2020,0,3,21,2020
541939,2020-03-21 19:00:00+00:00,Montpellier at Nice,MON @ NICE,Nice,2502,0,Montpellier,274,0,STATUS_CANCELED,Allianz Riviera,2019-2020,0,3,21,2020
541936,2020-03-21 19:00:00+00:00,Bordeaux at Nimes,BOR @ NIM,Nimes,7730,0,Bordeaux,159,0,STATUS_CANCELED,Stade des Costières,2019-2020,0,3,21,2020
541943,2020-03-22 14:00:00+00:00,Strasbourg at Saint-Étienne,STR @ ASSE,Saint-Étienne,178,0,Strasbourg,180,0,STATUS_CANCELED,Stade Geoffroy-Guichard,2019-2020,0,3,22,2020
541940,2020-03-22 16:00:00+00:00,Nantes at Stade de Reims,NAN @ REIM,Stade de Reims,3243,0,Nantes,165,0,STATUS_CANCELED,Stade Auguste-Delaune II,2019-2020,0,3,22,2020
541941,2020-03-22 20:00:00+00:00,Paris Saint-Germain at Marseille,PSG @ OLM,Marseille,176,0,Paris Saint-Germain,160,0,STATUS_CANCELED,Orange Vélodrome,2019-2020,0,3,22,2020
541926,2020-04-04 15:30:00+00:00,Lille at Montpellier,LILL @ MON,Montpellier,274,0,Lille,166,0,STATUS_CANCELED,Stade de la Mosson,2019-2020,0,4,4,2020
541932,2020-04-04 17:15:00+00:00,Saint-Étienne at Toulouse,ASSE @ TOU,Toulouse,179,0,Saint-Étienne,178,0,STATUS_CANCELED,Stadium de Toulouse,2019-2020,0,4,4,2020
541929,2020-04-05 13:00:00+00:00,Nantes at AS Monaco,NAN @ MON,AS Monaco,174,0,Nantes,165,0,STATUS_CANCELED,Stade Louis II,2019-2020,0,4,5,2020
541934,2020-04-05 15:00:00+00:00,Stade de Reims at Bordeaux,REIM @ BOR,Bordeaux,159,0,Stade de Reims,3243,0,STATUS_CANCELED,Stade Atlantique,2019-2020,0,4,5,2020
541930,2020-04-05 15:00:00+00:00,Nice at Dijon FCO,NICE @ DIJO,Dijon FCO,3170,0,Nice,2502,0,STATUS_CANCELED,Stade Gaston-Gérard,2019-2020,0,4,5,2020
541933,2020-04-05 15:00:00+00:00,Stade Rennais at SC Amiens,REN @ AMI,SC Amiens,3335,0,Stade Rennais,169,0,STATUS_CANCELED,Stade Crédit Agricole de la Licorne,2019-2020,0,4,5,2020
541925,2020-04-05 15:00:00+00:00,Angers at Strasbourg,ANG @ STR,Strasbourg,180,0,Angers,7868,0,STATUS_CANCELED,Stade de la Meinau,2019-2020,0,4,5,2020
541927,2020-04-05 19:00:00+00:00,Marseille at Brest,OLM @ BRE,Brest,6997,0,Marseille,176,0,STATUS_CANCELED,Stade Francis-Le Blé,2019-2020,0,4,5,2020
541931,2020-04-05 23:00:00+00:00,Nimes at Lyon,NIM @ LYON,Lyon,167,0,Nimes,7730,0,STATUS_CANCELED,Groupama Stadium,2019-2020,0,4,5,2020
541928,2020-04-05 23:00:00+00:00,Metz at Paris Saint-Germain,METZ @ PSG,Paris Saint-Germain,160,0,Metz,177,0,STATUS_CANCELED,Parc des Princes,2019-2020,0,4,5,2020
541920,2020-04-11 18:00:00+00:00,Paris Saint-Germain at Angers,PSG @ ANG,Angers,7868,0,Paris Saint-Germain,160,0,STATUS_CANCELED,Stade Raymond Kopa,2019-2020,0,4,11,2020
541921,2020-04-11 18:00:00+00:00,SC Amiens at Bordeaux,AMI @ BOR,Bordeaux,159,0,SC Amiens,3335,0,STATUS_CANCELED,Stade Atlantique,2019-2020,0,4,11,2020
541915,2020-04-11 18:00:00+00:00,AS Monaco at Brest,MON @ BRE,Brest,6997,0,AS Monaco,174,0,STATUS_CANCELED,Stade Francis-Le Blé,2019-2020,0,4,11,2020
541916,2020-04-11 18:00:00+00:00,Dijon FCO at Marseille,DIJO @ OLM,Marseille,176,0,Dijon FCO,3170,0,STATUS_CANCELED,Orange Vélodrome,2019-2020,0,4,11,2020
541917,2020-04-11 18:00:00+00:00,Lille at Metz,LILL @ METZ,Metz,177,0,Lille,166,0,STATUS_CANCELED,Stade Saint-Symphorien,2019-2020,0,4,11,2020
541918,2020-04-11 18:00:00+00:00,Lyon at Nantes,LYON @ NAN,Nantes,165,0,Lyon,167,0,STATUS_CANCELED,La Beaujoire-Louis-Fonteneau,2019-2020,0,4,11,2020
541923,2020-04-11 18:00:00+00:00,Strasbourg at Nice,STR @ NICE,Nice,2502,0,Strasbourg,180,0,STATUS_CANCELED,Allianz Riviera,2019-2020,0,4,11,2020
541919,2020-04-11 18:00:00+00:00,Montpellier at Nimes,MON @ NIM,Nimes,7730,0,Montpellier,274,0,STATUS_CANCELED,Stade des Costières,2019-2020,0,4,11,2020
541922,2020-04-11 18:00:00+00:00,Stade Rennais at Saint-Étienne,REN @ ASSE,Saint-Étienne,178,0,Stade Rennais,169,0,STATUS_CANCELED,Stade Geoffroy-Guichard,2019-2020,0,4,11,2020
541924,2020-04-11 18:00:00+00:00,Toulouse at Stade de Reims,TOU @ REIM,Stade de Reims,3243,0,Toulouse,179,0,STATUS_CANCELED,Stade Auguste-Delaune II,2019-2020,0,4,11,2020
541914,2020-04-18 18:00:00+00:00,Stade de Reims at Montpellier,REIM @ MON,Montpellier,274,0,Stade de Reims,3243,0,STATUS_CANCELED,Stade de la Mosson,2019-2020,0,4,18,2020
541906,2020-04-18 18:00:00+00:00,Bordeaux at AS Monaco,BOR @ MON,AS Monaco,174,0,Bordeaux,159,0,STATUS_CANCELED,Stade Louis II,2019-2020,0,4,18,2020
541905,2020-04-18 18:00:00+00:00,Angers at Dijon FCO,ANG @ DIJO,Dijon FCO,3170,0,Angers,7868,0,STATUS_CANCELED,Stade Gaston-Gérard,2019-2020,0,4,18,2020
541911,2020-04-18 18:00:00+00:00,Nice at Lille,NICE @ LILL,Lille,166,0,Nice,2502,0,STATUS_CANCELED,Decathlon Arena - Stade Pierre-Mauroy,2019-2020,0,4,18,2020
541913,2020-04-18 18:00:00+00:00,Saint-Étienne at Paris Saint-Germain,ASSE @ PSG,Paris Saint-Germain,160,0,Saint-Étienne,178,0,STATUS_CANCELED,Parc des Princes,2019-2020,0,4,18,2020
541909,2020-04-18 18:00:00+00:00,Metz at Stade Rennais,METZ @ REN,Stade Rennais,169,0,Metz,177,0,STATUS_CANCELED,Roazhon Park,2019-2020,0,4,18,2020
541907,2020-04-18 18:00:00+00:00,Brest at Strasbourg,BRE @ STR,Strasbourg,180,0,Brest,6997,0,STATUS_CANCELED,Stade de la Meinau,2019-2020,0,4,18,2020
541910,2020-04-18 18:00:00+00:00,Nantes at Toulouse,NAN @ TOU,Toulouse,179,0,Nantes,165,0,STATUS_CANCELED,Stadium de Toulouse,2019-2020,0,4,18,2020
541912,2020-04-18 18:00:00+00:00,Nimes at SC Amiens,NIM @ AMI,SC Amiens,3335,0,Nimes,7730,0,STATUS_CANCELED,Stade Crédit Agricole de la Licorne,2019-2020,0,4,18,2020
541908,2020-04-19 19:00:00+00:00,Marseille at Lyon,OLM @ LYON,Lyon,167,0,Marseille,176,0,STATUS_CANCELED,Groupama Stadium,2019-2020,0,4,19,2020
541897,2020-04-26 18:00:00+00:00,Dijon FCO at Metz,DIJO @ METZ,Metz,177,0,Dijon FCO,3170,0,STATUS_CANCELED,Stade Saint-Symphorien,2019-2020,0,4,26,2020
541904,2020-04-26 18:00:00+00:00,Toulouse at Bordeaux,TOU @ BOR,Bordeaux,159,0,Toulouse,179,0,STATUS_CANCELED,Stade Atlantique,2019-2020,0,4,26,2020
541899,2020-04-26 18:00:00+00:00,Montpellier at Brest,MON @ BRE,Brest,6997,0,Montpellier,274,0,STATUS_CANCELED,Stade Francis-Le Blé,2019-2020,0,4,26,2020
541895,2020-04-26 18:00:00+00:00,AS Monaco at Lyon,MON @ LYON,Lyon,167,0,AS Monaco,174,0,STATUS_CANCELED,Groupama Stadium,2019-2020,0,4,26,2020
541900,2020-04-26 18:00:00+00:00,Nice at Marseille,NICE @ OLM,Marseille,176,0,Nice,2502,0,STATUS_CANCELED,Orange Vélodrome,2019-2020,0,4,26,2020
541896,2020-04-26 18:00:00+00:00,Angers at Saint-Étienne,ANG @ ASSE,Saint-Étienne,178,0,Angers,7868,0,STATUS_CANCELED,Stade Geoffroy-Guichard,2019-2020,0,4,26,2020
541902,2020-04-26 18:00:00+00:00,SC Amiens at Nantes,AMI @ NAN,Nantes,165,0,SC Amiens,3335,0,STATUS_CANCELED,La Beaujoire-Louis-Fonteneau,2019-2020,0,4,26,2020
541901,2020-04-26 18:00:00+00:00,Paris Saint-Germain at Stade de Reims,PSG @ REIM,Stade de Reims,3243,0,Paris Saint-Germain,160,0,STATUS_CANCELED,Stade Auguste-Delaune II,2019-2020,0,4,26,2020
541903,2020-04-26 18:00:00+00:00,Strasbourg at Stade Rennais,STR @ REN,Stade Rennais,169,0,Strasbourg,180,0,STATUS_CANCELED,Roazhon Park,2019-2020,0,4,26,2020
541898,2020-04-26 18:00:00+00:00,Lille at Nimes,LILL @ NIM,Nimes,7730,0,Lille,166,0,STATUS_CANCELED,Stade des Costières,2019-2020,0,4,26,2020
541885,2020-05-02 18:00:00+00:00,Bordeaux at Montpellier,BOR @ MON,Montpellier,274,0,Bordeaux,159,0,STATUS_CANCELED,Stade de la Mosson,2019-2020,0,5,2,2020
541893,2020-05-02 18:00:00+00:00,Stade Rennais at Angers,REN @ ANG,Angers,7868,0,Stade Rennais,169,0,STATUS_CANCELED,Stade Raymond Kopa,2019-2020,0,5,2,2020
541889,2020-05-02 18:00:00+00:00,Metz at AS Monaco,METZ @ MON,AS Monaco,174,0,Metz,177,0,STATUS_CANCELED,Stade Louis II,2019-2020,0,5,2,2020
541887,2020-05-02 18:00:00+00:00,Lyon at Dijon FCO,LYON @ DIJO,Dijon FCO,3170,0,Lyon,167,0,STATUS_CANCELED,Stade Gaston-Gérard,2019-2020,0,5,2,2020
541894,2020-05-02 18:00:00+00:00,Stade de Reims at Lille,REIM @ LILL,Lille,166,0,Stade de Reims,3243,0,STATUS_CANCELED,Decathlon Arena - Stade Pierre-Mauroy,2019-2020,0,5,2,2020
541886,2020-05-02 18:00:00+00:00,Brest at Paris Saint-Germain,BRE @ PSG,Paris Saint-Germain,160,0,Brest,6997,0,STATUS_CANCELED,Parc des Princes,2019-2020,0,5,2,2020
541892,2020-05-02 18:00:00+00:00,Saint-Étienne at SC Amiens,ASSE @ AMI,SC Amiens,3335,0,Saint-Étienne,178,0,STATUS_CANCELED,Stade Crédit Agricole de la Licorne,2019-2020,0,5,2,2020
541888,2020-05-02 18:00:00+00:00,Marseille at Strasbourg,OLM @ STR,Strasbourg,180,0,Marseille,176,0,STATUS_CANCELED,Stade de la Meinau,2019-2020,0,5,2,2020
541891,2020-05-02 18:00:00+00:00,Nimes at Toulouse,NIM @ TOU,Toulouse,179,0,Nimes,7730,0,STATUS_CANCELED,Stadium de Toulouse,2019-2020,0,5,2,2020
541890,2020-05-02 18:00:00+00:00,Nantes at Nice,NAN @ NICE,Nice,2502,0,Nantes,165,0,STATUS_CANCELED,Allianz Riviera,2019-2020,0,5,2,2020
541881,2020-05-09 18:00:00+00:00,Nice at Metz,NICE @ METZ,Metz,177,0,Nice,2502,0,STATUS_CANCELED,Stade Saint-Symphorien,2019-2020,0,5,9,2020
541877,2020-05-09 18:00:00+00:00,Brest at Nantes,BRE @ NAN,Nantes,165,0,Brest,6997,0,STATUS_CANCELED,La Beaujoire-Louis-Fonteneau,2019-2020,0,5,9,2020
541880,2020-05-09 18:00:00+00:00,Montpellier at Lyon,MON @ LYON,Lyon,167,0,Montpellier,274,0,STATUS_CANCELED,Groupama Stadium,2019-2020,0,5,9,2020
541875,2020-05-09 18:00:00+00:00,AS Monaco at Marseille,MON @ OLM,Marseille,176,0,AS Monaco,174,0,STATUS_CANCELED,Orange Vélodrome,2019-2020,0,5,9,2020
541876,2020-05-09 18:00:00+00:00,Angers at Bordeaux,ANG @ BOR,Bordeaux,159,0,Angers,7868,0,STATUS_CANCELED,Stade Atlantique,2019-2020,0,5,9,2020
541879,2020-05-09 18:00:00+00:00,Lille at Saint-Étienne,LILL @ ASSE,Saint-Étienne,178,0,Lille,166,0,STATUS_CANCELED,Stade Geoffroy-Guichard,2019-2020,0,5,9,2020
541883,2020-05-09 18:00:00+00:00,SC Amiens at Stade de Reims,AMI @ REIM,Stade de Reims,3243,0,SC Amiens,3335,0,STATUS_CANCELED,Stade Auguste-Delaune II,2019-2020,0,5,9,2020
541878,2020-05-09 18:00:00+00:00,Dijon FCO at Stade Rennais,DIJO @ REN,Stade Rennais,169,0,Dijon FCO,3170,0,STATUS_CANCELED,Roazhon Park,2019-2020,0,5,9,2020
541882,2020-05-09 18:00:00+00:00,Paris Saint-Germain at Toulouse,PSG @ TOU,Toulouse,179,0,Paris Saint-Germain,160,0,STATUS_CANCELED,Stadium de Toulouse,2019-2020,0,5,9,2020
541884,2020-05-09 18:00:00+00:00,Strasbourg at Nimes,STR @ NIM,Nimes,7730,0,Strasbourg,180,0,STATUS_CANCELED,Stade des Costières,2019-2020,0,5,9,2020
541873,2020-05-16 18:00:00+00:00,Stade de Reims at Dijon FCO,REIM @ DIJO,Dijon FCO,3170,0,Stade de Reims,3243,0,STATUS_CANCELED,Stade Gaston-Gérard,2019-2020,0,5,16,2020
541870,2020-05-16 18:00:00+00:00,SC Amiens at Lille,AMI @ LILL,Lille,166,0,SC Amiens,3335,0,STATUS_CANCELED,Decathlon Arena - Stade Pierre-Mauroy,2019-2020,0,5,16,2020
541866,2020-05-16 18:00:00+00:00,Lyon at Angers,LYON @ ANG,Angers,7868,0,Lyon,167,0,STATUS_CANCELED,Stade Raymond Kopa,2019-2020,0,5,16,2020
541874,2020-05-16 18:00:00+00:00,Toulouse at AS Monaco,TOU @ MON,AS Monaco,174,0,Toulouse,179,0,STATUS_CANCELED,Stade Louis II,2019-2020,0,5,16,2020
541869,2020-05-16 18:00:00+00:00,Nimes at Brest,NIM @ BRE,Brest,6997,0,Nimes,7730,0,STATUS_CANCELED,Stade Francis-Le Blé,2019-2020,0,5,16,2020
541872,2020-05-16 18:00:00+00:00,Stade Rennais at Paris Saint-Germain,REN @ PSG,Paris Saint-Germain,160,0,Stade Rennais,169,0,STATUS_CANCELED,Parc des Princes,2019-2020,0,5,16,2020
541871,2020-05-16 18:00:00+00:00,Saint-Étienne at Nice,ASSE @ NICE,Nice,2502,0,Saint-Étienne,178,0,STATUS_CANCELED,Allianz Riviera,2019-2020,0,5,16,2020
541865,2020-05-16 18:00:00+00:00,Bordeaux at Strasbourg,BOR @ STR,Strasbourg,180,0,Bordeaux,159,0,STATUS_CANCELED,Stade de la Meinau,2019-2020,0,5,16,2020
541868,2020-05-16 18:00:00+00:00,Nantes at Montpellier,NAN @ MON,Montpellier,274,0,Nantes,165,0,STATUS_CANCELED,Stade de la Mosson,2019-2020,0,5,16,2020
541867,2020-05-16 18:00:00+00:00,Metz at Marseille,METZ @ OLM,Marseille,176,0,Metz,177,0,STATUS_CANCELED,Orange Vélodrome,2019-2020,0,5,16,2020
541863,2020-05-23 18:00:00+00:00,Paris Saint-Germain at Nimes,PSG @ NIM,Nimes,7730,0,Paris Saint-Germain,160,0,STATUS_CANCELED,Stade des Costières,2019-2020,0,5,23,2020
541859,2020-05-23 18:00:00+00:00,Lille at Bordeaux,LILL @ BOR,Bordeaux,159,0,Lille,166,0,STATUS_CANCELED,Stade Atlantique,2019-2020,0,5,23,2020
541856,2020-05-23 18:00:00+00:00,Angers at Metz,ANG @ METZ,Metz,177,0,Angers,7868,0,STATUS_CANCELED,Stade Saint-Symphorien,2019-2020,0,5,23,2020
541864,2020-05-23 18:00:00+00:00,Strasbourg at Nantes,STR @ NAN,Nantes,165,0,Strasbourg,180,0,STATUS_CANCELED,La Beaujoire-Louis-Fonteneau,2019-2020,0,5,23,2020
541857,2020-05-23 18:00:00+00:00,Brest at Lyon,BRE @ LYON,Lyon,167,0,Brest,6997,0,STATUS_CANCELED,Groupama Stadium,2019-2020,0,5,23,2020
541858,2020-05-23 18:00:00+00:00,Dijon FCO at Saint-Étienne,DIJO @ ASSE,Saint-Étienne,178,0,Dijon FCO,3170,0,STATUS_CANCELED,Stade Geoffroy-Guichard,2019-2020,0,5,23,2020
541862,2020-05-23 18:00:00+00:00,Nice at SC Amiens,NICE @ AMI,SC Amiens,3335,0,Nice,2502,0,STATUS_CANCELED,Stade Crédit Agricole de la Licorne,2019-2020,0,5,23,2020
541855,2020-05-23 18:00:00+00:00,AS Monaco at Stade Rennais,MON @ REN,Stade Rennais,169,0,AS Monaco,174,0,STATUS_CANCELED,Roazhon Park,2019-2020,0,5,23,2020
541861,2020-05-23 18:00:00+00:00,Montpellier at Toulouse,MON @ TOU,Toulouse,179,0,Montpellier,274,0,STATUS_CANCELED,Stadium de Toulouse,2019-2020,0,5,23,2020
541860,2020-05-23 18:00:00+00:00,Marseille at Stade de Reims,OLM @ REIM,Stade de Reims,3243,0,Marseille,176,0,STATUS_CANCELED,Stade Auguste-Delaune II,2019-2020,0,5,23,2020
573268,2020-08-21 17:00:00+00:00,Nantes at Bordeaux,NAN @ BOR,Bordeaux,159,0,Nantes,165,0,STATUS_FULL_TIME,,2020-2021,0,8,21,2020
573263,2020-08-22 15:00:00+00:00,Angers at Dijon FCO,ANG @ DIJO,Dijon FCO,3170,0,Angers,7868,1,STATUS_FULL_TIME,,2020-2021,0,8,22,2020
573270,2020-08-22 19:00:00+00:00,Stade Rennais at Lille,REN @ LILL,Lille,166,1,Stade Rennais,169,1,STATUS_FULL_TIME,,2020-2021,0,8,22,2020
573271,2020-08-23 11:00:00+00:00,Stade de Reims at AS Monaco,REIM @ MON,AS Monaco,174,2,Stade de Reims,3243,2,STATUS_FULL_TIME,,2020-2021,0,8,23,2020
573272,2020-08-23 13:00:00+00:00,Strasbourg at Lorient,STR @ LOR,Lorient,273,3,Strasbourg,180,1,STATUS_FULL_TIME,,2020-2021,0,8,23,2020
573264,2020-08-23 13:00:00+00:00,Brest at Nimes,BRE @ NIM,Nimes,7730,4,Brest,6997,0,STATUS_FULL_TIME,,2020-2021,0,8,23,2020
573265,2020-08-23 15:00:00+00:00,Lens at Nice,RCL @ NICE,Nice,2502,2,Lens,175,1,STATUS_FULL_TIME,,2020-2021,0,8,23,2020
573255,2020-08-28 19:00:00+00:00,Dijon FCO at Lyon,DIJO @ LYON,Lyon,167,4,Dijon FCO,3170,1,STATUS_FULL_TIME,,2020-2021,0,8,28,2020
573259,2020-08-29 15:00:00+00:00,Montpellier at Stade Rennais,MON @ REN,Stade Rennais,169,2,Montpellier,274,1,STATUS_FULL_TIME,,2020-2021,0,8,29,2020
573260,2020-08-29 19:00:00+00:00,Nice at Strasbourg,NICE @ STR,Strasbourg,180,0,Nice,2502,2,STATUS_FULL_TIME,,2020-2021,0,8,29,2020
573256,2020-08-30 11:00:00+00:00,Lille at Stade de Reims,LILL @ REIM,Stade de Reims,3243,0,Lille,166,1,STATUS_FULL_TIME,,2020-2021,0,8,30,2020
573254,2020-08-30 13:00:00+00:00,Bordeaux at Angers,BOR @ ANG,Angers,7868,0,Bordeaux,159,2,STATUS_FULL_TIME,,2020-2021,0,8,30,2020
573253,2020-08-30 13:00:00+00:00,AS Monaco at Metz,MON @ METZ,Metz,177,0,AS Monaco,174,1,STATUS_FULL_TIME,,2020-2021,0,8,30,2020
573261,2020-08-30 13:00:00+00:00,Nimes at Nantes,NIM @ NAN,Nantes,165,2,Nimes,7730,1,STATUS_FULL_TIME,,2020-2021,0,8,30,2020
573257,2020-08-30 13:00:00+00:00,Lorient at Saint-Étienne,LOR @ ASSE,Saint-Étienne,178,2,Lorient,273,0,STATUS_FULL_TIME,,2020-2021,0,8,30,2020
573258,2020-08-30 19:00:00+00:00,Marseille at Brest,OLM @ BRE,Brest,6997,2,Marseille,176,3,STATUS_FULL_TIME,,2020-2021,0,8,30,2020
573262,2020-09-10 19:00:00+00:00,Paris Saint-Germain at Lens,PSG @ RCL,Lens,175,1,Paris Saint-Germain,160,0,STATUS_FULL_TIME,,2020-2021,0,9,10,2020
573245,2020-09-11 19:00:00+00:00,Lyon at Bordeaux,LYON @ BOR,Bordeaux,159,0,Lyon,167,0,STATUS_FULL_TIME,,2020-2021,0,9,11,2020
573249,2020-09-12 15:00:00+00:00,Nice at Montpellier,NICE @ MON,Montpellier,274,3,Nice,2502,1,STATUS_FULL_TIME,,2020-2021,0,9,12,2020
573252,2020-09-12 19:00:00+00:00,Strasbourg at Saint-Étienne,STR @ ASSE,Saint-Étienne,178,2,Strasbourg,180,0,STATUS_FULL_TIME,,2020-2021,0,9,12,2020
573247,2020-09-13 11:00:00+00:00,Metz at Lille,METZ @ LILL,Lille,166,1,Metz,177,0,STATUS_FULL_TIME,,2020-2021,0,9,13,2020
573251,2020-09-13 13:00:00+00:00,Stade de Reims at Angers,REIM @ ANG,Angers,7868,1,Stade de Reims,3243,0,STATUS_FULL_TIME,,2020-2021,0,9,13,2020
573243,2020-09-13 13:00:00+00:00,Brest at Dijon FCO,BRE @ DIJO,Dijon FCO,3170,0,Brest,6997,2,STATUS_FULL_TIME,,2020-2021,0,9,13,2020
573244,2020-09-13 13:00:00+00:00,Lens at Lorient,RCL @ LOR,Lorient,273,2,Lens,175,3,STATUS_FULL_TIME,,2020-2021,0,9,13,2020
573250,2020-09-13 13:00:00+00:00,Stade Rennais at Nimes,REN @ NIM,Nimes,7730,2,Stade Rennais,169,4,STATUS_FULL_TIME,,2020-2021,0,9,13,2020
573248,2020-09-13 15:00:00+00:00,Nantes at AS Monaco,NAN @ MON,AS Monaco,174,2,Nantes,165,1,STATUS_FULL_TIME,,2020-2021,0,9,13,2020
573246,2020-09-13 19:00:00+00:00,Marseille at Paris Saint-Germain,OLM @ PSG,Paris Saint-Germain,160,0,Marseille,176,1,STATUS_FULL_TIME,,2020-2021,0,9,13,2020
573266,2020-09-15 19:00:00+00:00,Lyon at Montpellier,LYON @ MON,Montpellier,274,2,Lyon,167,1,STATUS_FULL_TIME,,2020-2021,0,9,15,2020
573267,2020-09-16 19:00:00+00:00,Metz at Paris Saint-Germain,METZ @ PSG,Paris Saint-Germain,160,1,Metz,177,0,STATUS_FULL_TIME,,2020-2021,0,9,16,2020
573269,2020-09-17 19:00:00+00:00,Saint-Étienne at Marseille,ASSE @ OLM,Marseille,176,0,Saint-Étienne,178,2,STATUS_FULL_TIME,,2020-2021,0,9,17,2020
573239,2020-09-18 19:00:00+00:00,Nimes at Lyon,NIM @ LYON,Lyon,167,0,Nimes,7730,0,STATUS_FULL_TIME,,2020-2021,0,9,18,2020
573235,2020-09-19 15:00:00+00:00,Bordeaux at Lens,BOR @ RCL,Lens,175,2,Bordeaux,159,1,STATUS_FULL_TIME,,2020-2021,0,9,19,2020
573233,2020-09-19 19:00:00+00:00,AS Monaco at Stade Rennais,MON @ REN,Stade Rennais,169,2,AS Monaco,174,1,STATUS_FULL_TIME,,2020-2021,0,9,19,2020
573240,2020-09-20 11:00:00+00:00,Paris Saint-Germain at Nice,PSG @ NICE,Nice,2502,0,Paris Saint-Germain,160,3,STATUS_FULL_TIME,,2020-2021,0,9,20,2020
573238,2020-09-20 13:00:00+00:00,Lorient at Brest,LOR @ BRE,Brest,6997,3,Lorient,273,2,STATUS_FULL_TIME,,2020-2021,0,9,20,2020
573242,2020-09-20 13:00:00+00:00,Stade de Reims at Metz,REIM @ METZ,Metz,177,2,Stade de Reims,3243,1,STATUS_FULL_TIME,,2020-2021,0,9,20,2020
573234,2020-09-20 13:00:00+00:00,Angers at Montpellier,ANG @ MON,Montpellier,274,4,Angers,7868,1,STATUS_FULL_TIME,,2020-2021,0,9,20,2020
573236,2020-09-20 13:00:00+00:00,Dijon FCO at Strasbourg,DIJO @ STR,Strasbourg,180,1,Dijon FCO,3170,0,STATUS_FULL_TIME,,2020-2021,0,9,20,2020
573241,2020-09-20 15:00:00+00:00,Saint-Étienne at Nantes,ASSE @ NAN,Nantes,165,2,Saint-Étienne,178,2,STATUS_FULL_TIME,,2020-2021,0,9,20,2020
573237,2020-09-20 19:00:00+00:00,Lille at Marseille,LILL @ OLM,Marseille,176,1,Lille,166,1,STATUS_FULL_TIME,,2020-2021,0,9,20,2020
573228,2020-09-25 19:00:00+00:00,Nantes at Lille,NAN @ LILL,Lille,166,2,Nantes,165,0,STATUS_FULL_TIME,,2020-2021,0,9,25,2020
573231,2020-09-26 15:00:00+00:00,Stade Rennais at Saint-Étienne,REN @ ASSE,Saint-Étienne,178,0,Stade Rennais,169,3,STATUS_FULL_TIME,,2020-2021,0,9,26,2020
573226,2020-09-26 19:00:00+00:00,Metz at Marseille,METZ @ OLM,Marseille,176,1,Metz,177,1,STATUS_FULL_TIME,,2020-2021,0,9,26,2020
573229,2020-09-27 11:00:00+00:00,Nice at Bordeaux,NICE @ BOR,Bordeaux,159,0,Nice,2502,0,STATUS_FULL_TIME,,2020-2021,0,9,27,2020
573223,2020-09-27 13:00:00+00:00,Brest at Angers,BRE @ ANG,Angers,7868,3,Brest,6997,2,STATUS_FULL_TIME,,2020-2021,0,9,27,2020
573232,2020-09-27 13:00:00+00:00,Strasbourg at AS Monaco,STR @ MON,AS Monaco,174,3,Strasbourg,180,2,STATUS_FULL_TIME,,2020-2021,0,9,27,2020
573227,2020-09-27 13:00:00+00:00,Montpellier at Dijon FCO,MON @ DIJO,Dijon FCO,3170,2,Montpellier,274,2,STATUS_FULL_TIME,,2020-2021,0,9,27,2020
573224,2020-09-27 13:00:00+00:00,Lens at Nimes,RCL @ NIM,Nimes,7730,1,Lens,175,1,STATUS_FULL_TIME,,2020-2021,0,9,27,2020
573225,2020-09-27 15:00:00+00:00,Lyon at Lorient,LYON @ LOR,Lorient,273,1,Lyon,167,1,STATUS_FULL_TIME,,2020-2021,0,9,27,2020
573230,2020-09-27 19:00:00+00:00,Paris Saint-Germain at Stade de Reims,PSG @ REIM,Stade de Reims,3243,0,Paris Saint-Germain,160,2,STATUS_FULL_TIME,,2020-2021,0,9,27,2020
573214,2020-10-02 19:00:00+00:00,Angers at Paris Saint-Germain,ANG @ PSG,Paris Saint-Germain,160,6,Angers,7868,1,STATUS_FULL_TIME,,2020-2021,0,10,2,2020
573221,2020-10-03 15:00:00+00:00,Saint-Étienne at Lens,ASSE @ RCL,Lens,175,2,Saint-Étienne,178,0,STATUS_FULL_TIME,,2020-2021,0,10,3,2020
573219,2020-10-03 19:00:00+00:00,Nantes at Nice,NAN @ NICE,Nice,2502,2,Nantes,165,1,STATUS_FULL_TIME,,2020-2021,0,10,3,2020
573220,2020-10-04 11:00:00+00:00,Nimes at Montpellier,NIM @ MON,Montpellier,274,0,Nimes,7730,1,STATUS_FULL_TIME,,2020-2021,0,10,4,2020
573215,2020-10-04 13:00:00+00:00,Dijon FCO at Bordeaux,DIJO @ BOR,Bordeaux,159,3,Dijon FCO,3170,0,STATUS_FULL_TIME,,2020-2021,0,10,4,2020
573213,2020-10-04 13:00:00+00:00,AS Monaco at Brest,MON @ BRE,Brest,6997,1,AS Monaco,174,0,STATUS_FULL_TIME,,2020-2021,0,10,4,2020
573217,2020-10-04 13:00:00+00:00,Lorient at Metz,LOR @ METZ,Metz,177,3,Lorient,273,1,STATUS_FULL_TIME,,2020-2021,0,10,4,2020
573216,2020-10-04 13:00:00+00:00,Lille at Strasbourg,LILL @ STR,Strasbourg,180,0,Lille,166,3,STATUS_FULL_TIME,,2020-2021,0,10,4,2020
573222,2020-10-04 15:00:00+00:00,Stade de Reims at Stade Rennais,REIM @ REN,Stade Rennais,169,2,Stade de Reims,3243,2,STATUS_FULL_TIME,,2020-2021,0,10,4,2020
573218,2020-10-04 19:00:00+00:00,Marseille at Lyon,OLM @ LYON,Lyon,167,1,Marseille,176,1,STATUS_FULL_TIME,,2020-2021,0,10,4,2020
573212,2020-10-16 17:00:00+00:00,Stade Rennais at Dijon FCO,REN @ DIJO,Dijon FCO,3170,1,Stade Rennais,169,1,STATUS_FULL_TIME,,2020-2021,0,10,16,2020
573211,2020-10-16 19:00:00+00:00,Paris Saint-Germain at Nimes,PSG @ NIM,Nimes,7730,0,Paris Saint-Germain,160,4,STATUS_FULL_TIME,,2020-2021,0,10,16,2020
573206,2020-10-17 15:00:00+00:00,Lorient at Stade de Reims,LOR @ REIM,Stade de Reims,3243,1,Lorient,273,3,STATUS_FULL_TIME,,2020-2021,0,10,17,2020
573203,2020-10-17 19:00:00+00:00,Bordeaux at Marseille,BOR @ OLM,Marseille,176,3,Bordeaux,159,1,STATUS_FULL_TIME,,2020-2021,0,10,17,2020
573207,2020-10-18 11:00:00+00:00,Lyon at Strasbourg,LYON @ STR,Strasbourg,180,2,Lyon,167,3,STATUS_FULL_TIME,,2020-2021,0,10,18,2020
573209,2020-10-18 13:00:00+00:00,Montpellier at AS Monaco,MON @ MON,AS Monaco,174,1,Montpellier,274,1,STATUS_FULL_TIME,,2020-2021,0,10,18,2020
573204,2020-10-18 13:00:00+00:00,Brest at Nantes,BRE @ NAN,Nantes,165,3,Brest,6997,1,STATUS_FULL_TIME,,2020-2021,0,10,18,2020
573208,2020-10-18 13:00:00+00:00,Metz at Angers,METZ @ ANG,Angers,7868,1,Metz,177,1,STATUS_FULL_TIME,,2020-2021,0,10,18,2020
573210,2020-10-18 15:00:00+00:00,Nice at Saint-Étienne,NICE @ ASSE,Saint-Étienne,178,1,Nice,2502,3,STATUS_FULL_TIME,,2020-2021,0,10,18,2020
573205,2020-10-18 19:00:00+00:00,Lens at Lille,RCL @ LILL,Lille,166,4,Lens,175,0,STATUS_FULL_TIME,,2020-2021,0,10,18,2020
573194,2020-10-23 19:00:00+00:00,Angers at Stade Rennais,ANG @ REN,Stade Rennais,169,1,Angers,7868,2,STATUS_FULL_TIME,,2020-2021,0,10,23,2020
573197,2020-10-24 15:00:00+00:00,Marseille at Lorient,OLM @ LOR,Lorient,273,0,Marseille,176,1,STATUS_FULL_TIME,,2020-2021,0,10,24,2020
573195,2020-10-24 19:00:00+00:00,Dijon FCO at Paris Saint-Germain,DIJO @ PSG,Paris Saint-Germain,160,4,Dijon FCO,3170,0,STATUS_FULL_TIME,,2020-2021,0,10,24,2020
573199,2020-10-25 14:00:00+00:00,Nimes at Bordeaux,NIM @ BOR,Bordeaux,159,2,Nimes,7730,0,STATUS_FULL_TIME,,2020-2021,0,10,25,2020
573202,2020-10-25 14:00:00+00:00,Strasbourg at Brest,STR @ BRE,Brest,6997,0,Strasbourg,180,3,STATUS_FULL_TIME,,2020-2021,0,10,25,2020
573200,2020-10-25 14:00:00+00:00,Saint-Étienne at Metz,ASSE @ METZ,Metz,177,2,Saint-Étienne,178,0,STATUS_FULL_TIME,,2020-2021,0,10,25,2020
573201,2020-10-25 14:00:00+00:00,Stade de Reims at Montpellier,REIM @ MON,Montpellier,274,0,Stade de Reims,3243,4,STATUS_FULL_TIME,,2020-2021,0,10,25,2020
573196,2020-10-25 16:00:00+00:00,Lille at Nice,LILL @ NICE,Nice,2502,1,Lille,166,1,STATUS_FULL_TIME,,2020-2021,0,10,25,2020
573193,2020-10-25 20:00:00+00:00,AS Monaco at Lyon,MON @ LYON,Lyon,167,4,AS Monaco,174,1,STATUS_FULL_TIME,,2020-2021,0,10,25,2020
573184,2020-10-31 16:00:00+00:00,Brest at Stade Rennais,BRE @ REN,Stade Rennais,169,2,Brest,6997,1,STATUS_FULL_TIME,,2020-2021,0,10,31,2020
573191,2020-10-31 20:00:00+00:00,Paris Saint-Germain at Nantes,PSG @ NAN,Nantes,165,0,Paris Saint-Germain,160,3,STATUS_FULL_TIME,,2020-2021,0,10,31,2020
573189,2020-11-01 12:00:00+00:00,Montpellier at Saint-Étienne,MON @ ASSE,Saint-Étienne,178,0,Montpellier,274,1,STATUS_FULL_TIME,,2020-2021,0,11,1,2020
573190,2020-11-01 14:00:00+00:00,Nice at Angers,NICE @ ANG,Angers,7868,0,Nice,2502,3,STATUS_FULL_TIME,,2020-2021,0,11,1,2020
573186,2020-11-01 14:00:00+00:00,Lorient at Dijon FCO,LOR @ DIJO,Dijon FCO,3170,0,Lorient,273,0,STATUS_FULL_TIME,,2020-2021,0,11,1,2020
573188,2020-11-01 14:00:00+00:00,Metz at Nimes,METZ @ NIM,Nimes,7730,0,Metz,177,1,STATUS_FULL_TIME,,2020-2021,0,11,1,2020
573192,2020-11-01 14:00:00+00:00,Strasbourg at Stade de Reims,STR @ REIM,Stade de Reims,3243,2,Strasbourg,180,1,STATUS_FULL_TIME,,2020-2021,0,11,1,2020
573183,2020-11-01 16:00:00+00:00,Bordeaux at AS Monaco,BOR @ MON,AS Monaco,174,4,Bordeaux,159,0,STATUS_FULL_TIME,,2020-2021,0,11,1,2020
573187,2020-11-01 20:00:00+00:00,Lyon at Lille,LYON @ LILL,Lille,166,1,Lyon,167,1,STATUS_FULL_TIME,,2020-2021,0,11,1,2020
573177,2020-11-06 20:00:00+00:00,Marseille at Strasbourg,OLM @ STR,Strasbourg,180,0,Marseille,176,1,STATUS_FULL_TIME,,2020-2021,0,11,6,2020
573178,2020-11-07 16:00:00+00:00,Montpellier at Bordeaux,MON @ BOR,Bordeaux,159,0,Montpellier,274,2,STATUS_FULL_TIME,,2020-2021,0,11,7,2020
573181,2020-11-07 20:00:00+00:00,Stade Rennais at Paris Saint-Germain,REN @ PSG,Paris Saint-Germain,160,3,Stade Rennais,169,0,STATUS_FULL_TIME,,2020-2021,0,11,7,2020
573176,2020-11-08 12:00:00+00:00,Lille at Brest,LILL @ BRE,Brest,6997,3,Lille,166,2,STATUS_FULL_TIME,,2020-2021,0,11,8,2020
573179,2020-11-08 14:00:00+00:00,Nantes at Lorient,NAN @ LOR,Lorient,273,0,Nantes,165,2,STATUS_FULL_TIME,,2020-2021,0,11,8,2020
573182,2020-11-08 14:00:00+00:00,Stade de Reims at Lens,REIM @ RCL,Lens,175,4,Stade de Reims,3243,4,STATUS_FULL_TIME,,2020-2021,0,11,8,2020
573174,2020-11-08 14:00:00+00:00,Angers at Nimes,ANG @ NIM,Nimes,7730,1,Angers,7868,5,STATUS_FULL_TIME,,2020-2021,0,11,8,2020
573175,2020-11-08 14:00:00+00:00,Dijon FCO at Metz,DIJO @ METZ,Metz,177,1,Dijon FCO,3170,1,STATUS_FULL_TIME,,2020-2021,0,11,8,2020
573173,2020-11-08 16:00:00+00:00,AS Monaco at Nice,MON @ NICE,Nice,2502,1,AS Monaco,174,2,STATUS_FULL_TIME,,2020-2021,0,11,8,2020
573180,2020-11-08 20:00:00+00:00,Saint-Étienne at Lyon,ASSE @ LYON,Lyon,167,2,Saint-Étienne,178,1,STATUS_FULL_TIME,,2020-2021,0,11,8,2020
573163,2020-11-20 18:00:00+00:00,Bordeaux at Stade Rennais,BOR @ REN,Stade Rennais,169,0,Bordeaux,159,1,STATUS_FULL_TIME,,2020-2021,0,11,20,2020
573170,2020-11-20 20:00:00+00:00,Paris Saint-Germain at AS Monaco,PSG @ MON,AS Monaco,174,3,Paris Saint-Germain,160,2,STATUS_FULL_TIME,,2020-2021,0,11,20,2020
573171,2020-11-21 16:00:00+00:00,Saint-Étienne at Brest,ASSE @ BRE,Brest,6997,4,Saint-Étienne,178,1,STATUS_FULL_TIME,,2020-2021,0,11,21,2020
573167,2020-11-22 12:00:00+00:00,Metz at Nantes,METZ @ NAN,Nantes,165,1,Metz,177,1,STATUS_FULL_TIME,,2020-2021,0,11,22,2020
573164,2020-11-22 14:00:00+00:00,Lens at Dijon FCO,RCL @ DIJO,Dijon FCO,3170,0,Lens,175,1,STATUS_FULL_TIME,,2020-2021,0,11,22,2020
573172,2020-11-22 14:00:00+00:00,Strasbourg at Montpellier,STR @ MON,Montpellier,274,4,Strasbourg,180,3,STATUS_FULL_TIME,,2020-2021,0,11,22,2020
573169,2020-11-22 14:00:00+00:00,Nimes at Stade de Reims,NIM @ REIM,Stade de Reims,3243,0,Nimes,7730,1,STATUS_FULL_TIME,,2020-2021,0,11,22,2020
573166,2020-11-22 16:00:00+00:00,Lyon at Angers,LYON @ ANG,Angers,7868,0,Lyon,167,1,STATUS_FULL_TIME,,2020-2021,0,11,22,2020
573165,2020-11-22 20:00:00+00:00,Lorient at Lille,LOR @ LILL,Lille,166,4,Lorient,273,0,STATUS_FULL_TIME,,2020-2021,0,11,22,2020
573198,2020-11-25 18:00:00+00:00,Nantes at Lens,NAN @ RCL,Lens,175,1,Nantes,165,1,STATUS_FULL_TIME,,2020-2021,0,11,25,2020
573161,2020-11-27 20:00:00+00:00,Stade Rennais at Strasbourg,REN @ STR,Strasbourg,180,1,Stade Rennais,169,1,STATUS_FULL_TIME,,2020-2021,0,11,27,2020
573159,2020-11-28 16:00:00+00:00,Nantes at Marseille,NAN @ OLM,Marseille,176,3,Nantes,165,1,STATUS_FULL_TIME,,2020-2021,0,11,28,2020
573154,2020-11-28 20:00:00+00:00,Bordeaux at Paris Saint-Germain,BOR @ PSG,Paris Saint-Germain,160,2,Bordeaux,159,2,STATUS_FULL_TIME,,2020-2021,0,11,28,2020
573162,2020-11-29 12:00:00+00:00,Stade de Reims at Lyon,REIM @ LYON,Lyon,167,3,Stade de Reims,3243,0,STATUS_FULL_TIME,,2020-2021,0,11,29,2020
573160,2020-11-29 14:00:00+00:00,Nimes at AS Monaco,NIM @ MON,AS Monaco,174,3,Nimes,7730,0,STATUS_FULL_TIME,,2020-2021,0,11,29,2020
573153,2020-11-29 14:00:00+00:00,Angers at Lens,ANG @ RCL,Lens,175,1,Angers,7868,3,STATUS_FULL_TIME,,2020-2021,0,11,29,2020
573158,2020-11-29 14:00:00+00:00,Montpellier at Lorient,MON @ LOR,Lorient,273,0,Montpellier,274,1,STATUS_FULL_TIME,,2020-2021,0,11,29,2020
573155,2020-11-29 14:00:00+00:00,Brest at Metz,BRE @ METZ,Metz,177,0,Brest,6997,2,STATUS_FULL_TIME,,2020-2021,0,11,29,2020
573156,2020-11-29 16:00:00+00:00,Dijon FCO at Nice,DIJO @ NICE,Nice,2502,1,Dijon FCO,3170,3,STATUS_FULL_TIME,,2020-2021,0,11,29,2020
573157,2020-11-29 20:00:00+00:00,Lille at Saint-Étienne,LILL @ ASSE,Saint-Étienne,178,1,Lille,166,1,STATUS_FULL_TIME,,2020-2021,0,11,29,2020
573148,2020-12-04 20:00:00+00:00,Marseille at Nimes,OLM @ NIM,Nimes,7730,0,Marseille,176,2,STATUS_FULL_TIME,,2020-2021,0,12,4,2020
573145,2020-12-05 16:00:00+00:00,Lens at Stade Rennais,RCL @ REN,Stade Rennais,169,0,Lens,175,2,STATUS_FULL_TIME,,2020-2021,0,12,5,2020
573150,2020-12-05 20:00:00+00:00,Paris Saint-Germain at Montpellier,PSG @ MON,Montpellier,274,1,Paris Saint-Germain,160,3,STATUS_FULL_TIME,,2020-2021,0,12,5,2020
573143,2020-12-06 12:00:00+00:00,AS Monaco at Lille,MON @ LILL,Lille,166,2,AS Monaco,174,1,STATUS_FULL_TIME,,2020-2021,0,12,6,2020
573144,2020-12-06 14:00:00+00:00,Brest at Bordeaux,BRE @ BOR,Bordeaux,159,1,Brest,6997,0,STATUS_FULL_TIME,,2020-2021,0,12,6,2020
573146,2020-12-06 14:00:00+00:00,Lorient at Angers,LOR @ ANG,Angers,7868,2,Lorient,273,0,STATUS_FULL_TIME,,2020-2021,0,12,6,2020
573152,2020-12-06 14:00:00+00:00,Strasbourg at Nantes,STR @ NAN,Nantes,165,0,Strasbourg,180,4,STATUS_FULL_TIME,,2020-2021,0,12,6,2020
573151,2020-12-06 14:00:00+00:00,Saint-Étienne at Dijon FCO,ASSE @ DIJO,Dijon FCO,3170,0,Saint-Étienne,178,0,STATUS_FULL_TIME,,2020-2021,0,12,6,2020
573149,2020-12-06 16:00:00+00:00,Nice at Stade de Reims,NICE @ REIM,Stade de Reims,3243,0,Nice,2502,0,STATUS_FULL_TIME,,2020-2021,0,12,6,2020
573147,2020-12-06 20:00:00+00:00,Lyon at Metz,LYON @ METZ,Metz,177,1,Lyon,167,3,STATUS_FULL_TIME,,2020-2021,0,12,6,2020
573134,2020-12-11 20:00:00+00:00,Angers at Saint-Étienne,ANG @ ASSE,Saint-Étienne,178,0,Angers,7868,0,STATUS_FULL_TIME,,2020-2021,0,12,11,2020
573133,2020-12-12 16:00:00+00:00,AS Monaco at Marseille,MON @ OLM,Marseille,176,2,AS Monaco,174,1,STATUS_FULL_TIME,,2020-2021,0,12,12,2020
573139,2020-12-12 20:00:00+00:00,Montpellier at Lens,MON @ RCL,Lens,175,2,Montpellier,274,3,STATUS_FULL_TIME,,2020-2021,0,12,12,2020
573141,2020-12-13 12:00:00+00:00,Stade Rennais at Nice,REN @ NICE,Nice,2502,0,Stade Rennais,169,1,STATUS_FULL_TIME,,2020-2021,0,12,13,2020
573142,2020-12-13 14:00:00+00:00,Stade de Reims at Brest,REIM @ BRE,Brest,6997,2,Stade de Reims,3243,1,STATUS_FULL_TIME,,2020-2021,0,12,13,2020
573140,2020-12-13 14:00:00+00:00,Nimes at Lorient,NIM @ LOR,Lorient,273,3,Nimes,7730,0,STATUS_FULL_TIME,,2020-2021,0,12,13,2020
573136,2020-12-13 14:00:00+00:00,Dijon FCO at Nantes,DIJO @ NAN,Nantes,165,1,Dijon FCO,3170,1,STATUS_FULL_TIME,,2020-2021,0,12,13,2020
573138,2020-12-13 14:00:00+00:00,Metz at Strasbourg,METZ @ STR,Strasbourg,180,2,Metz,177,2,STATUS_FULL_TIME,,2020-2021,0,12,13,2020
573135,2020-12-13 16:00:00+00:00,Bordeaux at Lille,BOR @ LILL,Lille,166,2,Bordeaux,159,1,STATUS_FULL_TIME,,2020-2021,0,12,13,2020
573137,2020-12-13 20:00:00+00:00,Lyon at Paris Saint-Germain,LYON @ PSG,Paris Saint-Germain,160,0,Lyon,167,1,STATUS_FULL_TIME,,2020-2021,0,12,13,2020
573132,2020-12-16 18:00:00+00:00,Strasbourg at Angers,STR @ ANG,Angers,7868,0,Strasbourg,180,2,STATUS_FULL_TIME,,2020-2021,0,12,16,2020
573125,2020-12-16 18:00:00+00:00,Lille at Dijon FCO,LILL @ DIJO,Dijon FCO,3170,0,Lille,166,2,STATUS_FULL_TIME,,2020-2021,0,12,16,2020
573128,2020-12-16 18:00:00+00:00,Metz at Montpellier,METZ @ MON,Montpellier,274,0,Metz,177,2,STATUS_FULL_TIME,,2020-2021,0,12,16,2020
573130,2020-12-16 18:00:00+00:00,Nice at Nimes,NICE @ NIM,Nimes,7730,0,Nice,2502,2,STATUS_FULL_TIME,,2020-2021,0,12,16,2020
573129,2020-12-16 18:00:00+00:00,Nantes at Stade de Reims,NAN @ REIM,Stade de Reims,3243,3,Nantes,165,2,STATUS_FULL_TIME,,2020-2021,0,12,16,2020
573124,2020-12-16 20:00:00+00:00,Lens at AS Monaco,RCL @ MON,AS Monaco,174,0,Lens,175,3,STATUS_FULL_TIME,,2020-2021,0,12,16,2020
573131,2020-12-16 20:00:00+00:00,Saint-Étienne at Bordeaux,ASSE @ BOR,Bordeaux,159,1,Saint-Étienne,178,2,STATUS_FULL_TIME,,2020-2021,0,12,16,2020
573123,2020-12-16 20:00:00+00:00,Brest at Lyon,BRE @ LYON,Lyon,167,2,Brest,6997,2,STATUS_FULL_TIME,,2020-2021,0,12,16,2020
573126,2020-12-16 20:00:00+00:00,Lorient at Paris Saint-Germain,LOR @ PSG,Paris Saint-Germain,160,2,Lorient,273,0,STATUS_FULL_TIME,,2020-2021,0,12,16,2020
573127,2020-12-16 20:00:00+00:00,Marseille at Stade Rennais,OLM @ REN,Stade Rennais,169,2,Marseille,176,1,STATUS_FULL_TIME,,2020-2021,0,12,16,2020
573116,2020-12-19 16:00:00+00:00,Lens at Metz,RCL @ METZ,Metz,177,2,Lens,175,0,STATUS_FULL_TIME,,2020-2021,0,12,19,2020
573122,2020-12-19 18:00:00+00:00,Stade de Reims at Marseille,REIM @ OLM,Marseille,176,1,Stade de Reims,3243,1,STATUS_FULL_TIME,,2020-2021,0,12,19,2020
573117,2020-12-19 20:00:00+00:00,Lyon at Nice,LYON @ NICE,Nice,2502,1,Lyon,167,4,STATUS_FULL_TIME,,2020-2021,0,12,19,2020
573118,2020-12-20 12:00:00+00:00,Montpellier at Brest,MON @ BRE,Brest,6997,2,Montpellier,274,2,STATUS_FULL_TIME,,2020-2021,0,12,20,2020
573113,2020-12-20 14:00:00+00:00,AS Monaco at Dijon FCO,MON @ DIJO,Dijon FCO,3170,0,AS Monaco,174,1,STATUS_FULL_TIME,,2020-2021,0,12,20,2020
573114,2020-12-20 14:00:00+00:00,Angers at Nantes,ANG @ NAN,Nantes,165,1,Angers,7868,1,STATUS_FULL_TIME,,2020-2021,0,12,20,2020
573119,2020-12-20 14:00:00+00:00,Nimes at Saint-Étienne,NIM @ ASSE,Saint-Étienne,178,2,Nimes,7730,2,STATUS_FULL_TIME,,2020-2021,0,12,20,2020
573115,2020-12-20 14:00:00+00:00,Bordeaux at Strasbourg,BOR @ STR,Strasbourg,180,0,Bordeaux,159,2,STATUS_FULL_TIME,,2020-2021,0,12,20,2020
573121,2020-12-20 16:00:00+00:00,Stade Rennais at Lorient,REN @ LOR,Lorient,273,0,Stade Rennais,169,3,STATUS_FULL_TIME,,2020-2021,0,12,20,2020
573120,2020-12-20 20:00:00+00:00,Paris Saint-Germain at Lille,PSG @ LILL,Lille,166,0,Paris Saint-Germain,160,0,STATUS_FULL_TIME,,2020-2021,0,12,20,2020
573111,2020-12-23 18:00:00+00:00,Stade de Reims at Bordeaux,REIM @ BOR,Bordeaux,159,1,Stade de Reims,3243,3,STATUS_FULL_TIME,,2020-2021,0,12,23,2020
573108,2020-12-23 18:00:00+00:00,Metz at Stade Rennais,METZ @ REN,Stade Rennais,169,1,Metz,177,0,STATUS_FULL_TIME,,2020-2021,0,12,23,2020
573103,2020-12-23 18:00:00+00:00,Brest at Lens,BRE @ RCL,Lens,175,2,Brest,6997,1,STATUS_FULL_TIME,,2020-2021,0,12,23,2020
573104,2020-12-23 18:00:00+00:00,Dijon FCO at Nimes,DIJO @ NIM,Nimes,7730,1,Dijon FCO,3170,3,STATUS_FULL_TIME,,2020-2021,0,12,23,2020
573106,2020-12-23 18:00:00+00:00,Lorient at Nice,LOR @ NICE,Nice,2502,2,Lorient,273,2,STATUS_FULL_TIME,,2020-2021,0,12,23,2020
573107,2020-12-23 20:00:00+00:00,Marseille at Angers,OLM @ ANG,Angers,7868,2,Marseille,176,1,STATUS_FULL_TIME,,2020-2021,0,12,23,2020
573110,2020-12-23 20:00:00+00:00,Saint-Étienne at AS Monaco,ASSE @ MON,AS Monaco,174,2,Saint-Étienne,178,2,STATUS_FULL_TIME,,2020-2021,0,12,23,2020
573109,2020-12-23 20:00:00+00:00,Nantes at Lyon,NAN @ LYON,Lyon,167,3,Nantes,165,0,STATUS_FULL_TIME,,2020-2021,0,12,23,2020
573105,2020-12-23 20:00:00+00:00,Lille at Montpellier,LILL @ MON,Montpellier,274,2,Lille,166,3,STATUS_FULL_TIME,,2020-2021,0,12,23,2020
573112,2020-12-23 20:00:00+00:00,Strasbourg at Paris Saint-Germain,STR @ PSG,Paris Saint-Germain,160,4,Strasbourg,180,0,STATUS_FULL_TIME,,2020-2021,0,12,23,2020
573099,2021-01-06 18:00:00+00:00,Nice at Brest,NICE @ BRE,Brest,6997,2,Nice,2502,0,STATUS_FULL_TIME,,2020-2021,0,1,6,2021
573093,2021-01-06 18:00:00+00:00,AS Monaco at Lorient,MON @ LOR,Lorient,273,2,AS Monaco,174,5,STATUS_FULL_TIME,,2020-2021,0,1,6,2021
573095,2021-01-06 18:00:00+00:00,Bordeaux at Metz,BOR @ METZ,Metz,177,0,Bordeaux,159,0,STATUS_FULL_TIME,,2020-2021,0,1,6,2021
573102,2021-01-06 18:00:00+00:00,Stade Rennais at Nantes,REN @ NAN,Nantes,165,0,Stade Rennais,169,0,STATUS_FULL_TIME,,2020-2021,0,1,6,2021
573100,2021-01-06 18:00:00+00:00,Nimes at Strasbourg,NIM @ STR,Strasbourg,180,5,Nimes,7730,0,STATUS_FULL_TIME,,2020-2021,0,1,6,2021
573094,2021-01-06 20:00:00+00:00,Angers at Lille,ANG @ LILL,Lille,166,1,Angers,7868,2,STATUS_FULL_TIME,,2020-2021,0,1,6,2021
573096,2021-01-06 20:00:00+00:00,Dijon FCO at Stade de Reims,DIJO @ REIM,Stade de Reims,3243,0,Dijon FCO,3170,0,STATUS_FULL_TIME,,2020-2021,0,1,6,2021
573097,2021-01-06 20:00:00+00:00,Lens at Lyon,RCL @ LYON,Lyon,167,3,Lens,175,2,STATUS_FULL_TIME,,2020-2021,0,1,6,2021
573101,2021-01-06 20:00:00+00:00,Paris Saint-Germain at Saint-Étienne,PSG @ ASSE,Saint-Étienne,178,1,Paris Saint-Germain,160,1,STATUS_FULL_TIME,,2020-2021,0,1,6,2021
573098,2021-01-06 20:00:00+00:00,Montpellier at Marseille,MON @ OLM,Marseille,176,3,Montpellier,274,1,STATUS_FULL_TIME,,2020-2021,0,1,6,2021
573090,2021-01-09 20:00:00+00:00,Nice at Metz,NICE @ METZ,Metz,177,1,Nice,2502,1,STATUS_FULL_TIME,,2020-2021,0,1,9,2021
573092,2021-01-09 20:00:00+00:00,Strasbourg at Lens,STR @ RCL,Lens,175,0,Strasbourg,180,1,STATUS_FULL_TIME,,2020-2021,0,1,9,2021
573086,2021-01-09 20:00:00+00:00,Lorient at Bordeaux,LOR @ BOR,Bordeaux,159,2,Lorient,273,1,STATUS_FULL_TIME,,2020-2021,0,1,9,2021
573088,2021-01-09 20:00:00+00:00,Marseille at Dijon FCO,OLM @ DIJO,Dijon FCO,3170,0,Marseille,176,0,STATUS_FULL_TIME,,2020-2021,0,1,9,2021
573083,2021-01-09 20:00:00+00:00,Angers at AS Monaco,ANG @ MON,AS Monaco,174,3,Angers,7868,0,STATUS_FULL_TIME,,2020-2021,0,1,9,2021
573087,2021-01-09 20:00:00+00:00,Lyon at Stade Rennais,LYON @ REN,Stade Rennais,169,2,Lyon,167,2,STATUS_FULL_TIME,,2020-2021,0,1,9,2021
573084,2021-01-09 20:00:00+00:00,Brest at Paris Saint-Germain,BRE @ PSG,Paris Saint-Germain,160,3,Brest,6997,0,STATUS_FULL_TIME,,2020-2021,0,1,9,2021
573091,2021-01-09 20:00:00+00:00,Saint-Étienne at Stade de Reims,ASSE @ REIM,Stade de Reims,3243,3,Saint-Étienne,178,1,STATUS_FULL_TIME,,2020-2021,0,1,9,2021
573085,2021-01-09 20:00:00+00:00,Lille at Nimes,LILL @ NIM,Nimes,7730,0,Lille,166,1,STATUS_FULL_TIME,,2020-2021,0,1,9,2021
573089,2021-01-09 20:00:00+00:00,Nantes at Montpellier,NAN @ MON,Montpellier,274,1,Nantes,165,1,STATUS_FULL_TIME,,2020-2021,0,1,9,2021
573073,2021-01-15 20:00:00+00:00,AS Monaco at Montpellier,MON @ MON,Montpellier,274,2,AS Monaco,174,3,STATUS_FULL_TIME,,2020-2021,0,1,15,2021
573078,2021-01-16 16:00:00+00:00,Nimes at Marseille,NIM @ OLM,Marseille,176,1,Nimes,7730,2,STATUS_FULL_TIME,,2020-2021,0,1,16,2021
573079,2021-01-16 20:00:00+00:00,Paris Saint-Germain at Angers,PSG @ ANG,Angers,7868,0,Paris Saint-Germain,160,1,STATUS_FULL_TIME,,2020-2021,0,1,16,2021
573081,2021-01-17 12:00:00+00:00,Stade Rennais at Brest,REN @ BRE,Brest,6997,1,Stade Rennais,169,2,STATUS_FULL_TIME,,2020-2021,0,1,17,2021
573076,2021-01-17 14:00:00+00:00,Lens at Nantes,RCL @ NAN,Nantes,165,1,Lens,175,1,STATUS_FULL_TIME,,2020-2021,0,1,17,2021
573074,2021-01-17 14:00:00+00:00,Bordeaux at Nice,BOR @ NICE,Nice,2502,0,Bordeaux,159,3,STATUS_FULL_TIME,,2020-2021,0,1,17,2021
573080,2021-01-17 14:00:00+00:00,Saint-Étienne at Strasbourg,ASSE @ STR,Strasbourg,180,1,Saint-Étienne,178,0,STATUS_FULL_TIME,,2020-2021,0,1,17,2021
573082,2021-01-17 16:00:00+00:00,Stade de Reims at Lille,REIM @ LILL,Lille,166,2,Stade de Reims,3243,1,STATUS_FULL_TIME,,2020-2021,0,1,17,2021
573077,2021-01-17 20:00:00+00:00,Metz at Lyon,METZ @ LYON,Lyon,167,0,Metz,177,1,STATUS_FULL_TIME,,2020-2021,0,1,17,2021
573185,2021-01-20 20:00:00+00:00,Lens at Marseille,RCL @ OLM,Marseille,176,0,Lens,175,1,STATUS_FULL_TIME,,2020-2021,0,1,20,2021
573069,2021-01-22 20:00:00+00:00,Montpellier at Paris Saint-Germain,MON @ PSG,Paris Saint-Germain,160,4,Montpellier,274,0,STATUS_FULL_TIME,,2020-2021,0,1,22,2021
573071,2021-01-23 16:00:00+00:00,Nice at Lens,NICE @ RCL,Lens,175,0,Nice,2502,1,STATUS_FULL_TIME,,2020-2021,0,1,23,2021
573068,2021-01-23 20:00:00+00:00,Marseille at AS Monaco,OLM @ MON,AS Monaco,174,3,Marseille,176,1,STATUS_FULL_TIME,,2020-2021,0,1,23,2021
573063,2021-01-24 12:00:00+00:00,Angers at Bordeaux,ANG @ BOR,Bordeaux,159,2,Angers,7868,1,STATUS_FULL_TIME,,2020-2021,0,1,24,2021
573072,2021-01-24 14:00:00+00:00,Strasbourg at Dijon FCO,STR @ DIJO,Dijon FCO,3170,1,Strasbourg,180,1,STATUS_FULL_TIME,,2020-2021,0,1,24,2021
573070,2021-01-24 14:00:00+00:00,Nantes at Metz,NAN @ METZ,Metz,177,2,Nantes,165,0,STATUS_FULL_TIME,,2020-2021,0,1,24,2021
573064,2021-01-24 14:00:00+00:00,Brest at Stade de Reims,BRE @ REIM,Stade de Reims,3243,1,Brest,6997,0,STATUS_FULL_TIME,,2020-2021,0,1,24,2021
573065,2021-01-24 16:00:00+00:00,Lille at Stade Rennais,LILL @ REN,Stade Rennais,169,0,Lille,166,1,STATUS_FULL_TIME,,2020-2021,0,1,24,2021
573067,2021-01-24 20:00:00+00:00,Lyon at Saint-Étienne,LYON @ ASSE,Saint-Étienne,178,0,Lyon,167,5,STATUS_FULL_TIME,,2020-2021,0,1,24,2021
573075,2021-01-27 20:00:00+00:00,Dijon FCO at Lorient,DIJO @ LOR,Lorient,273,3,Dijon FCO,3170,2,STATUS_FULL_TIME,,2020-2021,0,1,27,2021
573054,2021-01-29 20:00:00+00:00,Bordeaux at Lyon,BOR @ LYON,Lyon,167,2,Bordeaux,159,1,STATUS_FULL_TIME,,2020-2021,0,1,29,2021
573056,2021-01-30 16:00:00+00:00,Lens at Montpellier,RCL @ MON,Montpellier,274,1,Lens,175,2,STATUS_FULL_TIME,,2020-2021,0,1,30,2021
573060,2021-01-31 12:00:00+00:00,Saint-Étienne at Nice,ASSE @ NICE,Nice,2502,0,Saint-Étienne,178,1,STATUS_FULL_TIME,,2020-2021,0,1,31,2021
573058,2021-01-31 14:00:00+00:00,Nimes at Angers,NIM @ ANG,Angers,7868,3,Nimes,7730,1,STATUS_FULL_TIME,,2020-2021,0,1,31,2021
573057,2021-01-31 14:00:00+00:00,Metz at Brest,METZ @ BRE,Brest,6997,2,Metz,177,4,STATUS_FULL_TIME,,2020-2021,0,1,31,2021
573059,2021-01-31 14:00:00+00:00,Paris Saint-Germain at Lorient,PSG @ LOR,Lorient,273,3,Paris Saint-Germain,160,2,STATUS_FULL_TIME,,2020-2021,0,1,31,2021
573062,2021-01-31 14:00:00+00:00,Stade de Reims at Strasbourg,REIM @ STR,Strasbourg,180,0,Stade de Reims,3243,1,STATUS_FULL_TIME,,2020-2021,0,1,31,2021
573055,2021-01-31 16:00:00+00:00,Dijon FCO at Lille,DIJO @ LILL,Lille,166,1,Dijon FCO,3170,0,STATUS_FULL_TIME,,2020-2021,0,1,31,2021
573053,2021-01-31 20:00:00+00:00,AS Monaco at Nantes,MON @ NAN,Nantes,165,1,AS Monaco,174,2,STATUS_FULL_TIME,,2020-2021,0,1,31,2021
573045,2021-02-03 18:00:00+00:00,Lille at Bordeaux,LILL @ BOR,Bordeaux,159,0,Lille,166,3,STATUS_FULL_TIME,,2020-2021,0,2,3,2021
573049,2021-02-03 18:00:00+00:00,Montpellier at Metz,MON @ METZ,Metz,177,1,Montpellier,274,1,STATUS_FULL_TIME,,2020-2021,0,2,3,2021
573043,2021-02-03 18:00:00+00:00,Angers at Stade de Reims,ANG @ REIM,Stade de Reims,3243,0,Angers,7868,0,STATUS_FULL_TIME,,2020-2021,0,2,3,2021
573046,2021-02-03 18:00:00+00:00,Lorient at Stade Rennais,LOR @ REN,Stade Rennais,169,1,Lorient,273,1,STATUS_FULL_TIME,,2020-2021,0,2,3,2021
573044,2021-02-03 18:00:00+00:00,Brest at Strasbourg,BRE @ STR,Strasbourg,180,2,Brest,6997,2,STATUS_FULL_TIME,,2020-2021,0,2,3,2021
573048,2021-02-03 20:00:00+00:00,Marseille at Lens,OLM @ RCL,Lens,175,2,Marseille,176,2,STATUS_FULL_TIME,,2020-2021,0,2,3,2021
573047,2021-02-03 20:00:00+00:00,Lyon at Dijon FCO,LYON @ DIJO,Dijon FCO,3170,0,Lyon,167,1,STATUS_FULL_TIME,,2020-2021,0,2,3,2021
573050,2021-02-03 20:00:00+00:00,Nantes at Saint-Étienne,NAN @ ASSE,Saint-Étienne,178,1,Nantes,165,1,STATUS_FULL_TIME,,2020-2021,0,2,3,2021
573052,2021-02-03 20:00:00+00:00,Nimes at Paris Saint-Germain,NIM @ PSG,Paris Saint-Germain,160,3,Nimes,7730,0,STATUS_FULL_TIME,,2020-2021,0,2,3,2021
573051,2021-02-03 20:00:00+00:00,Nice at AS Monaco,NICE @ MON,AS Monaco,174,2,Nice,2502,1,STATUS_FULL_TIME,,2020-2021,0,2,3,2021
573041,2021-02-06 16:00:00+00:00,Stade de Reims at Lorient,REIM @ LOR,Lorient,273,1,Stade de Reims,3243,0,STATUS_FULL_TIME,,2020-2021,0,2,6,2021
573042,2021-02-06 18:00:00+00:00,Strasbourg at Lyon,STR @ LYON,Lyon,167,3,Strasbourg,180,0,STATUS_FULL_TIME,,2020-2021,0,2,6,2021
573040,2021-02-06 20:00:00+00:00,Stade Rennais at Lens,REN @ RCL,Lens,175,0,Stade Rennais,169,0,STATUS_FULL_TIME,,2020-2021,0,2,6,2021
573035,2021-02-07 12:00:00+00:00,Bordeaux at Brest,BOR @ BRE,Brest,6997,2,Bordeaux,159,1,STATUS_FULL_TIME,,2020-2021,0,2,7,2021
573034,2021-02-07 14:00:00+00:00,Angers at Nice,ANG @ NICE,Nice,2502,3,Angers,7868,0,STATUS_FULL_TIME,,2020-2021,0,2,7,2021
573033,2021-02-07 14:00:00+00:00,AS Monaco at Nimes,MON @ NIM,Nimes,7730,3,AS Monaco,174,4,STATUS_FULL_TIME,,2020-2021,0,2,7,2021
573036,2021-02-07 14:00:00+00:00,Dijon FCO at Montpellier,DIJO @ MON,Montpellier,274,4,Dijon FCO,3170,2,STATUS_FULL_TIME,,2020-2021,0,2,7,2021
573038,2021-02-07 14:00:00+00:00,Metz at Saint-Étienne,METZ @ ASSE,Saint-Étienne,178,1,Metz,177,0,STATUS_FULL_TIME,,2020-2021,0,2,7,2021
573037,2021-02-07 16:00:00+00:00,Lille at Nantes,LILL @ NAN,Nantes,165,0,Lille,166,2,STATUS_FULL_TIME,,2020-2021,0,2,7,2021
573039,2021-02-07 20:00:00+00:00,Paris Saint-Germain at Marseille,PSG @ OLM,Marseille,176,0,Paris Saint-Germain,160,2,STATUS_FULL_TIME,,2020-2021,0,2,7,2021
573029,2021-02-13 16:00:00+00:00,Nice at Paris Saint-Germain,NICE @ PSG,Paris Saint-Germain,160,2,Nice,2502,1,STATUS_FULL_TIME,,2020-2021,0,2,13,2021
573024,2021-02-13 18:00:00+00:00,Lens at Stade de Reims,RCL @ REIM,Stade de Reims,3243,1,Lens,175,1,STATUS_FULL_TIME,,2020-2021,0,2,13,2021
573027,2021-02-13 20:00:00+00:00,Montpellier at Lyon,MON @ LYON,Lyon,167,1,Montpellier,274,2,STATUS_FULL_TIME,,2020-2021,0,2,13,2021
573025,2021-02-14 12:00:00+00:00,Lorient at AS Monaco,LOR @ MON,AS Monaco,174,2,Lorient,273,2,STATUS_FULL_TIME,,2020-2021,0,2,14,2021
573028,2021-02-14 14:00:00+00:00,Nantes at Angers,NAN @ ANG,Angers,7868,1,Nantes,165,3,STATUS_FULL_TIME,,2020-2021,0,2,14,2021
573030,2021-02-14 14:00:00+00:00,Nimes at Dijon FCO,NIM @ DIJO,Dijon FCO,3170,0,Nimes,7730,2,STATUS_FULL_TIME,,2020-2021,0,2,14,2021
573032,2021-02-14 14:00:00+00:00,Strasbourg at Metz,STR @ METZ,Metz,177,1,Strasbourg,180,2,STATUS_FULL_TIME,,2020-2021,0,2,14,2021
573031,2021-02-14 14:00:00+00:00,Saint-Étienne at Stade Rennais,ASSE @ REN,Stade Rennais,169,0,Saint-Étienne,178,2,STATUS_FULL_TIME,,2020-2021,0,2,14,2021
573023,2021-02-14 16:00:00+00:00,Brest at Lille,BRE @ LILL,Lille,166,0,Brest,6997,0,STATUS_FULL_TIME,,2020-2021,0,2,14,2021
573026,2021-02-14 20:00:00+00:00,Marseille at Bordeaux,OLM @ BOR,Bordeaux,159,0,Marseille,176,0,STATUS_FULL_TIME,Stade Atlantique,2020-2021,0,2,14,2021
573168,2021-02-17 20:00:00+00:00,Nice at Marseille,NICE @ OLM,Marseille,176,3,Nice,2502,2,STATUS_FULL_TIME,,2020-2021,0,2,17,2021
573018,2021-02-19 20:00:00+00:00,Lyon at Brest,LYON @ BRE,Brest,6997,2,Lyon,167,3,STATUS_FULL_TIME,,2020-2021,0,2,19,2021
573022,2021-02-20 12:00:00+00:00,Stade de Reims at Saint-Étienne,REIM @ ASSE,Saint-Étienne,178,1,Stade de Reims,3243,1,STATUS_FULL_TIME,,2020-2021,0,2,20,2021
573019,2021-02-20 16:00:00+00:00,Marseille at Nantes,OLM @ NAN,Nantes,165,1,Marseille,176,1,STATUS_FULL_TIME,,2020-2021,0,2,20,2021
573021,2021-02-21 12:00:00+00:00,Stade Rennais at Montpellier,REN @ MON,Montpellier,274,2,Stade Rennais,169,1,STATUS_FULL_TIME,,2020-2021,0,2,21,2021
573016,2021-02-21 14:00:00+00:00,Dijon FCO at Lens,DIJO @ RCL,Lens,175,2,Dijon FCO,3170,1,STATUS_FULL_TIME,,2020-2021,0,2,21,2021
573020,2021-02-21 14:00:00+00:00,Metz at Nice,METZ @ NICE,Nice,2502,1,Metz,177,2,STATUS_FULL_TIME,,2020-2021,0,2,21,2021
573015,2021-02-21 14:00:00+00:00,Bordeaux at Nimes,BOR @ NIM,Nimes,7730,2,Bordeaux,159,0,STATUS_FULL_TIME,,2020-2021,0,2,21,2021
573014,2021-02-21 14:00:00+00:00,Angers at Strasbourg,ANG @ STR,Strasbourg,180,0,Angers,7868,0,STATUS_FULL_TIME,,2020-2021,0,2,21,2021
573017,2021-02-21 16:05:00+00:00,Lille at Lorient,LILL @ LOR,Lorient,273,1,Lille,166,4,STATUS_FULL_TIME,,2020-2021,0,2,21,2021
573013,2021-02-21 20:00:00+00:00,AS Monaco at Paris Saint-Germain,MON @ PSG,Paris Saint-Germain,160,0,AS Monaco,174,2,STATUS_FULL_TIME,,2020-2021,0,2,21,2021
573066,2021-02-24 18:00:00+00:00,Lorient at Nimes,LOR @ NIM,Nimes,7730,1,Lorient,273,0,STATUS_FULL_TIME,,2020-2021,0,2,24,2021
573009,2021-02-26 20:00:00+00:00,Nice at Stade Rennais,NICE @ REN,Stade Rennais,169,1,Nice,2502,2,STATUS_FULL_TIME,,2020-2021,0,2,26,2021
573006,2021-02-27 12:00:00+00:00,Metz at Bordeaux,METZ @ BOR,Bordeaux,159,1,Metz,177,2,STATUS_FULL_TIME,,2020-2021,0,2,27,2021
573010,2021-02-27 16:00:00+00:00,Paris Saint-Germain at Dijon FCO,PSG @ DIJO,Dijon FCO,3170,0,Paris Saint-Germain,160,4,STATUS_FULL_TIME,,2020-2021,0,2,27,2021
573003,2021-02-28 12:00:00+00:00,Brest at AS Monaco,BRE @ MON,AS Monaco,174,2,Brest,6997,0,STATUS_FULL_TIME,,2020-2021,0,2,28,2021
573004,2021-02-28 14:00:00+00:00,Lens at Angers,RCL @ ANG,Angers,7868,2,Lens,175,2,STATUS_FULL_TIME,,2020-2021,0,2,28,2021
573011,2021-02-28 14:00:00+00:00,Saint-Étienne at Lorient,ASSE @ LOR,Lorient,273,2,Saint-Étienne,178,1,STATUS_FULL_TIME,,2020-2021,0,2,28,2021
573008,2021-02-28 14:00:00+00:00,Nantes at Nimes,NAN @ NIM,Nimes,7730,1,Nantes,165,1,STATUS_FULL_TIME,,2020-2021,0,2,28,2021
573007,2021-02-28 14:00:00+00:00,Montpellier at Stade de Reims,MON @ REIM,Stade de Reims,3243,0,Montpellier,274,0,STATUS_FULL_TIME,,2020-2021,0,2,28,2021
573012,2021-02-28 16:05:00+00:00,Strasbourg at Lille,STR @ LILL,Lille,166,1,Strasbourg,180,1,STATUS_FULL_TIME,,2020-2021,0,2,28,2021
573005,2021-02-28 20:00:00+00:00,Lyon at Marseille,LYON @ OLM,Marseille,176,1,Lyon,167,1,STATUS_FULL_TIME,,2020-2021,0,2,28,2021
572995,2021-03-03 18:00:00+00:00,Dijon FCO at Brest,DIJO @ BRE,Brest,6997,3,Dijon FCO,3170,1,STATUS_FULL_TIME,,2020-2021,0,3,3,2021
573001,2021-03-03 18:00:00+00:00,Stade Rennais at Lyon,REN @ LYON,Lyon,167,1,Stade Rennais,169,0,STATUS_FULL_TIME,,2020-2021,0,3,3,2021
572994,2021-03-03 18:00:00+00:00,Angers at Metz,ANG @ METZ,Metz,177,0,Angers,7868,1,STATUS_FULL_TIME,,2020-2021,0,3,3,2021
572999,2021-03-03 18:00:00+00:00,Nimes at Nice,NIM @ NICE,Nice,2502,2,Nimes,7730,1,STATUS_FULL_TIME,,2020-2021,0,3,3,2021
572996,2021-03-03 18:00:00+00:00,Lens at Saint-Étienne,RCL @ ASSE,Saint-Étienne,178,2,Lens,175,3,STATUS_FULL_TIME,,2020-2021,0,3,3,2021
572997,2021-03-03 20:00:00+00:00,Lorient at Montpellier,LOR @ MON,Montpellier,274,1,Lorient,273,1,STATUS_FULL_TIME,,2020-2021,0,3,3,2021
572998,2021-03-03 20:00:00+00:00,Marseille at Lille,OLM @ LILL,Lille,166,2,Marseille,176,0,STATUS_FULL_TIME,,2020-2021,0,3,3,2021
572993,2021-03-03 20:00:00+00:00,AS Monaco at Strasbourg,MON @ STR,Strasbourg,180,1,AS Monaco,174,0,STATUS_FULL_TIME,,2020-2021,0,3,3,2021
573002,2021-03-03 20:00:00+00:00,Stade de Reims at Nantes,REIM @ NAN,Nantes,165,1,Stade de Reims,3243,2,STATUS_FULL_TIME,,2020-2021,0,3,3,2021
573000,2021-03-03 20:00:00+00:00,Paris Saint-Germain at Bordeaux,PSG @ BOR,Bordeaux,159,0,Paris Saint-Germain,160,1,STATUS_FULL_TIME,,2020-2021,0,3,3,2021
573061,2021-03-10 18:00:00+00:00,Stade Rennais at Marseille,REN @ OLM,Marseille,176,1,Stade Rennais,169,0,STATUS_FULL_TIME,,2020-2021,0,3,10,2021
572986,2021-03-12 20:00:00+00:00,Lyon at Stade de Reims,LYON @ REIM,Stade de Reims,3243,1,Lyon,167,1,STATUS_FULL_TIME,,2020-2021,0,3,12,2021
572991,2021-03-13 12:00:00+00:00,Saint-Étienne at Angers,ASSE @ ANG,Angers,7868,0,Saint-Étienne,178,1,STATUS_FULL_TIME,,2020-2021,0,3,13,2021
572984,2021-03-13 16:00:00+00:00,Brest at Marseille,BRE @ OLM,Marseille,176,3,Brest,6997,1,STATUS_FULL_TIME,,2020-2021,0,3,13,2021
572988,2021-03-14 12:00:00+00:00,Montpellier at Nimes,MON @ NIM,Nimes,7730,1,Montpellier,274,1,STATUS_FULL_TIME,,2020-2021,0,3,14,2021
572987,2021-03-14 14:00:00+00:00,Metz at Lens,METZ @ RCL,Lens,175,2,Metz,177,2,STATUS_FULL_TIME,,2020-2021,0,3,14,2021
572990,2021-03-14 14:00:00+00:00,Nice at Lorient,NICE @ LOR,Lorient,273,1,Nice,2502,1,STATUS_FULL_TIME,,2020-2021,0,3,14,2021
572983,2021-03-14 14:00:00+00:00,Bordeaux at Dijon FCO,BOR @ DIJO,Dijon FCO,3170,1,Bordeaux,159,3,STATUS_FULL_TIME,,2020-2021,0,3,14,2021
572992,2021-03-14 14:00:00+00:00,Strasbourg at Stade Rennais,STR @ REN,Stade Rennais,169,1,Strasbourg,180,0,STATUS_FULL_TIME,,2020-2021,0,3,14,2021
572985,2021-03-14 16:05:00+00:00,Lille at AS Monaco,LILL @ MON,AS Monaco,174,0,Lille,166,0,STATUS_FULL_TIME,,2020-2021,0,3,14,2021
572989,2021-03-14 20:00:00+00:00,Nantes at Paris Saint-Germain,NAN @ PSG,Paris Saint-Germain,160,1,Nantes,165,2,STATUS_FULL_TIME,,2020-2021,0,3,14,2021
572973,2021-03-19 20:00:00+00:00,AS Monaco at Saint-Étienne,MON @ ASSE,Saint-Étienne,178,0,AS Monaco,174,4,STATUS_FULL_TIME,,2020-2021,0,3,19,2021
572981,2021-03-20 12:00:00+00:00,Stade Rennais at Metz,REN @ METZ,Metz,177,1,Stade Rennais,169,3,STATUS_FULL_TIME,,2020-2021,0,3,20,2021
572978,2021-03-20 16:00:00+00:00,Marseille at Nice,OLM @ NICE,Nice,2502,3,Marseille,176,0,STATUS_FULL_TIME,,2020-2021,0,3,20,2021
572976,2021-03-21 12:00:00+00:00,Lens at Strasbourg,RCL @ STR,Strasbourg,180,1,Lens,175,2,STATUS_FULL_TIME,,2020-2021,0,3,21,2021
572974,2021-03-21 14:00:00+00:00,Angers at Brest,ANG @ BRE,Brest,6997,0,Angers,7868,0,STATUS_FULL_TIME,,2020-2021,0,3,21,2021
572982,2021-03-21 14:00:00+00:00,Stade de Reims at Dijon FCO,REIM @ DIJO,Dijon FCO,3170,0,Stade de Reims,3243,1,STATUS_FULL_TIME,,2020-2021,0,3,21,2021
572975,2021-03-21 14:00:00+00:00,Bordeaux at Montpellier,BOR @ MON,Montpellier,274,3,Bordeaux,159,1,STATUS_FULL_TIME,,2020-2021,0,3,21,2021
572977,2021-03-21 14:00:00+00:00,Lorient at Nantes,LOR @ NAN,Nantes,165,1,Lorient,273,1,STATUS_FULL_TIME,,2020-2021,0,3,21,2021
572979,2021-03-21 16:05:00+00:00,Nimes at Lille,NIM @ LILL,Lille,166,1,Nimes,7730,2,STATUS_FULL_TIME,,2020-2021,0,3,21,2021
572980,2021-03-21 20:00:00+00:00,Paris Saint-Germain at Lyon,PSG @ LYON,Lyon,167,2,Paris Saint-Germain,160,4,STATUS_FULL_TIME,,2020-2021,0,3,21,2021
572967,2021-04-03 11:00:00+00:00,Metz at AS Monaco,METZ @ MON,AS Monaco,174,4,Metz,177,0,STATUS_FULL_TIME,,2020-2021,0,4,3,2021
572965,2021-04-03 15:00:00+00:00,Lille at Paris Saint-Germain,LILL @ PSG,Paris Saint-Germain,160,0,Lille,166,1,STATUS_FULL_TIME,,2020-2021,0,4,3,2021
572966,2021-04-03 19:00:00+00:00,Lyon at Lens,LYON @ RCL,Lens,175,1,Lyon,167,1,STATUS_FULL_TIME,,2020-2021,0,4,3,2021
572968,2021-04-04 11:00:00+00:00,Montpellier at Angers,MON @ ANG,Angers,7868,1,Montpellier,274,1,STATUS_FULL_TIME,,2020-2021,0,4,4,2021
572972,2021-04-04 13:00:00+00:00,Strasbourg at Bordeaux,STR @ BOR,Bordeaux,159,2,Strasbourg,180,3,STATUS_FULL_TIME,,2020-2021,0,4,4,2021
572963,2021-04-04 13:00:00+00:00,Brest at Lorient,BRE @ LOR,Lorient,273,1,Brest,6997,0,STATUS_FULL_TIME,,2020-2021,0,4,4,2021
572969,2021-04-04 13:00:00+00:00,Nice at Nantes,NICE @ NAN,Nantes,165,1,Nice,2502,2,STATUS_FULL_TIME,,2020-2021,0,4,4,2021
572971,2021-04-04 13:00:00+00:00,Stade Rennais at Stade de Reims,REN @ REIM,Stade de Reims,3243,2,Stade Rennais,169,2,STATUS_FULL_TIME,,2020-2021,0,4,4,2021
572970,2021-04-04 15:05:00+00:00,Saint-Étienne at Nimes,ASSE @ NIM,Nimes,7730,0,Saint-Étienne,178,2,STATUS_FULL_TIME,,2020-2021,0,4,4,2021
572964,2021-04-04 19:00:00+00:00,Dijon FCO at Marseille,DIJO @ OLM,Marseille,176,2,Dijon FCO,3170,0,STATUS_FULL_TIME,,2020-2021,0,4,4,2021
572956,2021-04-09 19:00:00+00:00,Lille at Metz,LILL @ METZ,Metz,177,0,Lille,166,2,STATUS_FULL_TIME,,2020-2021,0,4,9,2021
572961,2021-04-10 15:00:00+00:00,Paris Saint-Germain at Strasbourg,PSG @ STR,Strasbourg,180,1,Paris Saint-Germain,160,4,STATUS_FULL_TIME,,2020-2021,0,4,10,2021
572958,2021-04-10 19:00:00+00:00,Marseille at Montpellier,OLM @ MON,Montpellier,274,3,Marseille,176,3,STATUS_FULL_TIME,,2020-2021,0,4,10,2021
572959,2021-04-11 11:00:00+00:00,Nantes at Stade Rennais,NAN @ REN,Stade Rennais,169,1,Nantes,165,0,STATUS_FULL_TIME,,2020-2021,0,4,11,2021
572960,2021-04-11 13:00:00+00:00,Nimes at Brest,NIM @ BRE,Brest,6997,1,Nimes,7730,1,STATUS_FULL_TIME,,2020-2021,0,4,11,2021
572957,2021-04-11 13:00:00+00:00,Lorient at Lens,LOR @ RCL,Lens,175,4,Lorient,273,1,STATUS_FULL_TIME,,2020-2021,0,4,11,2021
572962,2021-04-11 13:00:00+00:00,Stade de Reims at Nice,REIM @ NICE,Nice,2502,0,Stade de Reims,3243,0,STATUS_FULL_TIME,,2020-2021,0,4,11,2021
572954,2021-04-11 13:00:00+00:00,Bordeaux at Saint-Étienne,BOR @ ASSE,Saint-Étienne,178,4,Bordeaux,159,1,STATUS_FULL_TIME,,2020-2021,0,4,11,2021
572955,2021-04-11 15:05:00+00:00,Dijon FCO at AS Monaco,DIJO @ MON,AS Monaco,174,3,Dijon FCO,3170,0,STATUS_FULL_TIME,,2020-2021,0,4,11,2021
572953,2021-04-11 19:00:00+00:00,Angers at Lyon,ANG @ LYON,Lyon,167,3,Angers,7868,0,STATUS_FULL_TIME,,2020-2021,0,4,11,2021
572948,2021-04-16 19:00:00+00:00,Montpellier at Lille,MON @ LILL,Lille,166,1,Montpellier,274,1,STATUS_FULL_TIME,,2020-2021,0,4,16,2021
572951,2021-04-17 10:45:00+00:00,Stade Rennais at Angers,REN @ ANG,Angers,7868,0,Stade Rennais,169,3,STATUS_FULL_TIME,,2020-2021,0,4,17,2021
572945,2021-04-17 15:00:00+00:00,Lorient at Marseille,LOR @ OLM,Marseille,176,3,Lorient,273,2,STATUS_FULL_TIME,,2020-2021,0,4,17,2021
572950,2021-04-18 11:00:00+00:00,Saint-Étienne at Paris Saint-Germain,ASSE @ PSG,Paris Saint-Germain,160,3,Saint-Étienne,178,2,STATUS_FULL_TIME,,2020-2021,0,4,18,2021
572944,2021-04-18 13:00:00+00:00,Lens at Brest,RCL @ BRE,Brest,6997,1,Lens,175,1,STATUS_FULL_TIME,,2020-2021,0,4,18,2021
572949,2021-04-18 13:00:00+00:00,Nice at Dijon FCO,NICE @ DIJO,Dijon FCO,3170,2,Nice,2502,0,STATUS_FULL_TIME,,2020-2021,0,4,18,2021
572952,2021-04-18 13:00:00+00:00,Strasbourg at Nimes,STR @ NIM,Nimes,7730,1,Strasbourg,180,1,STATUS_FULL_TIME,,2020-2021,0,4,18,2021
572947,2021-04-18 13:00:00+00:00,Metz at Stade de Reims,METZ @ REIM,Stade de Reims,3243,0,Metz,177,0,STATUS_FULL_TIME,,2020-2021,0,4,18,2021
572943,2021-04-18 15:05:00+00:00,AS Monaco at Bordeaux,MON @ BOR,Bordeaux,159,0,AS Monaco,174,3,STATUS_FULL_TIME,,2020-2021,0,4,18,2021
572946,2021-04-18 19:00:00+00:00,Lyon at Nantes,LYON @ NAN,Nantes,165,1,Lyon,167,2,STATUS_FULL_TIME,,2020-2021,0,4,18,2021
572938,2021-04-23 19:00:00+00:00,Marseille at Stade de Reims,OLM @ REIM,Stade de Reims,3243,1,Marseille,176,3,STATUS_FULL_TIME,,2020-2021,0,4,23,2021
572935,2021-04-24 11:00:00+00:00,Brest at Saint-Étienne,BRE @ ASSE,Saint-Étienne,178,1,Brest,6997,2,STATUS_FULL_TIME,,2020-2021,0,4,24,2021
572942,2021-04-24 15:00:00+00:00,Paris Saint-Germain at Metz,PSG @ METZ,Metz,177,1,Paris Saint-Germain,160,3,STATUS_FULL_TIME,,2020-2021,0,4,24,2021
572939,2021-04-25 11:00:00+00:00,Montpellier at Nice,MON @ NICE,Nice,2502,3,Montpellier,274,1,STATUS_FULL_TIME,,2020-2021,0,4,25,2021
572941,2021-04-25 13:00:00+00:00,Nimes at Lens,NIM @ RCL,Lens,175,2,Nimes,7730,1,STATUS_FULL_TIME,,2020-2021,0,4,25,2021
572934,2021-04-25 13:00:00+00:00,Bordeaux at Lorient,BOR @ LOR,Lorient,273,4,Bordeaux,159,1,STATUS_FULL_TIME,,2020-2021,0,4,25,2021
572936,2021-04-25 13:00:00+00:00,Dijon FCO at Stade Rennais,DIJO @ REN,Stade Rennais,169,5,Dijon FCO,3170,1,STATUS_FULL_TIME,,2020-2021,0,4,25,2021
572940,2021-04-25 13:00:00+00:00,Nantes at Strasbourg,NAN @ STR,Strasbourg,180,1,Nantes,165,2,STATUS_FULL_TIME,,2020-2021,0,4,25,2021
572933,2021-04-25 15:05:00+00:00,AS Monaco at Angers,MON @ ANG,Angers,7868,0,AS Monaco,174,1,STATUS_FULL_TIME,,2020-2021,0,4,25,2021
572937,2021-04-25 19:00:00+00:00,Lille at Lyon,LILL @ LYON,Lyon,167,2,Lille,166,3,STATUS_FULL_TIME,,2020-2021,0,4,25,2021
572932,2021-04-30 19:00:00+00:00,Strasbourg at Marseille,STR @ OLM,Marseille,176,1,Strasbourg,180,1,STATUS_FULL_TIME,,2020-2021,0,4,30,2021
572924,2021-05-01 15:00:00+00:00,Lens at Paris Saint-Germain,RCL @ PSG,Paris Saint-Germain,160,2,Lens,175,1,STATUS_FULL_TIME,,2020-2021,0,5,1,2021
572928,2021-05-01 19:00:00+00:00,Nice at Lille,NICE @ LILL,Lille,166,2,Nice,2502,0,STATUS_FULL_TIME,,2020-2021,0,5,1,2021
572930,2021-05-02 11:00:00+00:00,Stade Rennais at Bordeaux,REN @ BOR,Bordeaux,159,1,Stade Rennais,169,0,STATUS_FULL_TIME,,2020-2021,0,5,2,2021
572927,2021-05-02 13:00:00+00:00,Nantes at Brest,NAN @ BRE,Brest,6997,1,Nantes,165,4,STATUS_FULL_TIME,,2020-2021,0,5,2,2021
572926,2021-05-02 13:00:00+00:00,Metz at Dijon FCO,METZ @ DIJO,Dijon FCO,3170,1,Metz,177,5,STATUS_FULL_TIME,,2020-2021,0,5,2,2021
572923,2021-05-02 13:00:00+00:00,Angers at Lorient,ANG @ LOR,Lorient,273,2,Angers,7868,0,STATUS_FULL_TIME,,2020-2021,0,5,2,2021
572931,2021-05-02 13:00:00+00:00,Stade de Reims at Nimes,REIM @ NIM,Nimes,7730,2,Stade de Reims,3243,2,STATUS_FULL_TIME,,2020-2021,0,5,2,2021
572929,2021-05-02 15:05:00+00:00,Saint-Étienne at Montpellier,ASSE @ MON,Montpellier,274,1,Saint-Étienne,178,2,STATUS_FULL_TIME,,2020-2021,0,5,2,2021
572925,2021-05-02 19:00:00+00:00,Lyon at AS Monaco,LYON @ MON,AS Monaco,174,2,Lyon,167,3,STATUS_FULL_TIME,,2020-2021,0,5,2,2021
572917,2021-05-07 19:00:00+00:00,Lille at Lens,LILL @ RCL,Lens,175,0,Lille,166,3,STATUS_FULL_TIME,,2020-2021,0,5,7,2021
572914,2021-05-08 11:00:00+00:00,Bordeaux at Nantes,BOR @ NAN,Nantes,165,3,Bordeaux,159,0,STATUS_FULL_TIME,,2020-2021,0,5,8,2021
572918,2021-05-08 15:00:00+00:00,Lorient at Lyon,LOR @ LYON,Lyon,167,4,Lorient,273,1,STATUS_FULL_TIME,,2020-2021,0,5,8,2021
572919,2021-05-09 11:00:00+00:00,Marseille at Saint-Étienne,OLM @ ASSE,Saint-Étienne,178,1,Marseille,176,0,STATUS_FULL_TIME,,2020-2021,0,5,9,2021
572916,2021-05-09 13:00:00+00:00,Dijon FCO at Angers,DIJO @ ANG,Angers,7868,3,Dijon FCO,3170,0,STATUS_FULL_TIME,,2020-2021,0,5,9,2021
572921,2021-05-09 13:00:00+00:00,Nimes at Metz,NIM @ METZ,Metz,177,0,Nimes,7730,3,STATUS_FULL_TIME,,2020-2021,0,5,9,2021
572915,2021-05-09 13:00:00+00:00,Brest at Nice,BRE @ NICE,Nice,2502,3,Brest,6997,2,STATUS_FULL_TIME,,2020-2021,0,5,9,2021
572920,2021-05-09 13:00:00+00:00,Montpellier at Strasbourg,MON @ STR,Strasbourg,180,2,Montpellier,274,3,STATUS_FULL_TIME,,2020-2021,0,5,9,2021
572913,2021-05-09 15:05:00+00:00,AS Monaco at Stade de Reims,MON @ REIM,Stade de Reims,3243,0,AS Monaco,174,1,STATUS_FULL_TIME,,2020-2021,0,5,9,2021
572922,2021-05-09 19:00:00+00:00,Paris Saint-Germain at Stade Rennais,PSG @ REN,Stade Rennais,169,1,Paris Saint-Germain,160,1,STATUS_FULL_TIME,,2020-2021,0,5,9,2021
572907,2021-05-16 19:00:00+00:00,Metz at Lorient,METZ @ LOR,Lorient,273,2,Metz,177,1,STATUS_FULL_TIME,,2020-2021,0,5,16,2021
572905,2021-05-16 19:00:00+00:00,Lens at Bordeaux,RCL @ BOR,Bordeaux,159,3,Lens,175,0,STATUS_FULL_TIME,,2020-2021,0,5,16,2021
572908,2021-05-16 19:00:00+00:00,Nantes at Dijon FCO,NAN @ DIJO,Dijon FCO,3170,0,Nantes,165,4,STATUS_FULL_TIME,,2020-2021,0,5,16,2021
572909,2021-05-16 19:00:00+00:00,Saint-Étienne at Lille,ASSE @ LILL,Lille,166,0,Saint-Étienne,178,0,STATUS_FULL_TIME,,2020-2021,0,5,16,2021
572910,2021-05-16 19:00:00+00:00,Stade Rennais at AS Monaco,REN @ MON,AS Monaco,174,2,Stade Rennais,169,1,STATUS_FULL_TIME,,2020-2021,0,5,16,2021
572911,2021-05-16 19:00:00+00:00,Stade de Reims at Paris Saint-Germain,REIM @ PSG,Paris Saint-Germain,160,4,Stade de Reims,3243,0,STATUS_FULL_TIME,,2020-2021,0,5,16,2021
572904,2021-05-16 19:00:00+00:00,Brest at Montpellier,BRE @ MON,Montpellier,274,0,Brest,6997,0,STATUS_FULL_TIME,,2020-2021,0,5,16,2021
572912,2021-05-16 19:00:00+00:00,Strasbourg at Nice,STR @ NICE,Nice,2502,0,Strasbourg,180,2,STATUS_FULL_TIME,,2020-2021,0,5,16,2021
572906,2021-05-16 19:00:00+00:00,Lyon at Nimes,LYON @ NIM,Nimes,7730,2,Lyon,167,5,STATUS_FULL_TIME,,2020-2021,0,5,16,2021
572903,2021-05-16 19:00:00+00:00,Angers at Marseille,ANG @ OLM,Marseille,176,3,Angers,7868,2,STATUS_FULL_TIME,,2020-2021,0,5,16,2021
572893,2021-05-23 19:00:00+00:00,AS Monaco at Lens,MON @ RCL,Lens,175,0,AS Monaco,174,0,STATUS_FULL_TIME,,2020-2021,0,5,23,2021
572899,2021-05-23 19:00:00+00:00,Montpellier at Nantes,MON @ NAN,Nantes,165,1,Montpellier,274,2,STATUS_FULL_TIME,,2020-2021,0,5,23,2021
572896,2021-05-23 19:00:00+00:00,Lille at Angers,LILL @ ANG,Angers,7868,1,Lille,166,2,STATUS_FULL_TIME,,2020-2021,0,5,23,2021
572902,2021-05-23 19:00:00+00:00,Paris Saint-Germain at Brest,PSG @ BRE,Brest,6997,0,Paris Saint-Germain,160,2,STATUS_FULL_TIME,,2020-2021,0,5,23,2021
572898,2021-05-23 19:00:00+00:00,Marseille at Metz,OLM @ METZ,Metz,177,1,Marseille,176,1,STATUS_FULL_TIME,,2020-2021,0,5,23,2021
572894,2021-05-23 19:00:00+00:00,Bordeaux at Stade de Reims,BOR @ REIM,Stade de Reims,3243,1,Bordeaux,159,2,STATUS_FULL_TIME,,2020-2021,0,5,23,2021
572901,2021-05-23 19:00:00+00:00,Nimes at Stade Rennais,NIM @ REN,Stade Rennais,169,2,Nimes,7730,0,STATUS_FULL_TIME,,2020-2021,0,5,23,2021
572897,2021-05-23 19:00:00+00:00,Lorient at Strasbourg,LOR @ STR,Strasbourg,180,1,Lorient,273,1,STATUS_FULL_TIME,,2020-2021,0,5,23,2021
572895,2021-05-23 19:00:00+00:00,Dijon FCO at Saint-Étienne,DIJO @ ASSE,Saint-Étienne,178,0,Dijon FCO,3170,1,STATUS_FULL_TIME,,2020-2021,0,5,23,2021
572900,2021-05-23 19:00:00+00:00,Nice at Lyon,NICE @ LYON,Lyon,167,2,Nice,2502,3,STATUS_FULL_TIME,,2020-2021,0,5,23,2021
609528,2021-08-06 19:00:00+00:00,Nantes at AS Monaco,NAN @ MON,AS Monaco,174,1,Nantes,165,1,STATUS_FULL_TIME,Stade Louis II,2021-2022,0,8,6,2021
609522,2021-08-07 15:00:00+00:00,Brest at Lyon,BRE @ LYON,Lyon,167,1,Brest,6997,1,STATUS_FULL_TIME,Groupama Stadium,2021-2022,0,8,7,2021
609529,2021-08-07 19:00:00+00:00,Paris Saint-Germain at Troyes,PSG @ TRY,Troyes,170,1,Paris Saint-Germain,160,2,STATUS_FULL_TIME,Stade de l'Aube,2021-2022,0,8,7,2021
609524,2021-08-08 11:00:00+00:00,Lens at Stade Rennais,RCL @ REN,Stade Rennais,169,1,Lens,175,1,STATUS_FULL_TIME,Roazhon Park,2021-2022,0,8,8,2021
609526,2021-08-08 13:00:00+00:00,Lorient at Saint-Étienne,LOR @ ASSE,Saint-Étienne,178,1,Lorient,273,1,STATUS_FULL_TIME,Stade Geoffroy-Guichard,2021-2022,0,8,8,2021
609521,2021-08-08 13:00:00+00:00,Angers at Strasbourg,ANG @ STR,Strasbourg,180,0,Angers,7868,2,STATUS_FULL_TIME,Stade de la Meinau,2021-2022,0,8,8,2021
609523,2021-08-08 13:00:00+00:00,Clermont Foot at Bordeaux,CLE @ BOR,Bordeaux,159,0,Clermont Foot,3171,2,STATUS_FULL_TIME,Stade Atlantique,2021-2022,0,8,8,2021
609530,2021-08-08 13:00:00+00:00,Stade de Reims at Nice,REIM @ NICE,Nice,2502,0,Stade de Reims,3243,0,STATUS_FULL_TIME,Allianz Riviera,2021-2022,0,8,8,2021
609525,2021-08-08 15:00:00+00:00,Lille at Metz,LILL @ METZ,Metz,177,3,Lille,166,3,STATUS_FULL_TIME,Stade Saint-Symphorien,2021-2022,0,8,8,2021
609527,2021-08-08 18:45:00+00:00,Marseille at Montpellier,OLM @ MON,Montpellier,274,2,Marseille,176,3,STATUS_FULL_TIME,Stade de la Mosson,2021-2022,0,8,8,2021
609511,2021-08-13 19:00:00+00:00,AS Monaco at Lorient,MON @ LOR,Lorient,273,1,AS Monaco,174,0,STATUS_FULL_TIME,Stade du Moustoir - Yves Allainmat,2021-2022,0,8,13,2021
609516,2021-08-14 15:00:00+00:00,Nice at Lille,NICE @ LILL,Lille,166,0,Nice,2502,4,STATUS_FULL_TIME,Decathlon Arena - Stade Pierre-Mauroy,2021-2022,0,8,14,2021
609519,2021-08-14 19:00:00+00:00,Strasbourg at Paris Saint-Germain,STR @ PSG,Paris Saint-Germain,160,4,Strasbourg,180,2,STATUS_FULL_TIME,Parc des Princes,2021-2022,0,8,14,2021
609513,2021-08-15 11:00:00+00:00,Lyon at Angers,LYON @ ANG,Angers,7868,3,Lyon,167,0,STATUS_FULL_TIME,Stade Raymond Kopa,2021-2022,0,8,15,2021
609518,2021-08-15 13:00:00+00:00,Stade Rennais at Brest,REN @ BRE,Brest,6997,1,Stade Rennais,169,1,STATUS_FULL_TIME,Stade Francis-Le Blé,2021-2022,0,8,15,2021
609520,2021-08-15 13:00:00+00:00,Troyes at Clermont Foot,TRY @ CLE,Clermont Foot,3171,2,Troyes,170,0,STATUS_FULL_TIME,Stade Gabriel-Montpied,2021-2022,0,8,15,2021
609514,2021-08-15 13:00:00+00:00,Metz at Nantes,METZ @ NAN,Nantes,165,2,Metz,177,0,STATUS_FULL_TIME,La Beaujoire-Louis-Fonteneau,2021-2022,0,8,15,2021
609515,2021-08-15 13:00:00+00:00,Montpellier at Stade de Reims,MON @ REIM,Stade de Reims,3243,3,Montpellier,274,3,STATUS_FULL_TIME,Stade Auguste-Delaune II,2021-2022,0,8,15,2021
609517,2021-08-15 15:00:00+00:00,Saint-Étienne at Lens,ASSE @ RCL,Lens,175,2,Saint-Étienne,178,2,STATUS_FULL_TIME,Stade Félix Bollaert-Delélis,2021-2022,0,8,15,2021
609512,2021-08-15 18:45:00+00:00,Bordeaux at Marseille,BOR @ OLM,Marseille,176,2,Bordeaux,159,2,STATUS_FULL_TIME,Orange Vélodrome,2021-2022,0,8,15,2021
609508,2021-08-20 19:00:00+00:00,Paris Saint-Germain at Brest,PSG @ BRE,Brest,6997,2,Paris Saint-Germain,160,4,STATUS_FULL_TIME,Stade Francis-Le Blé,2021-2022,0,8,20,2021
609503,2021-08-21 15:00:00+00:00,Lens at AS Monaco,RCL @ MON,AS Monaco,174,0,Lens,175,2,STATUS_FULL_TIME,Stade Louis II,2021-2022,0,8,21,2021
609504,2021-08-21 19:00:00+00:00,Lille at Saint-Étienne,LILL @ ASSE,Saint-Étienne,178,1,Lille,166,1,STATUS_FULL_TIME,Stade Geoffroy-Guichard,2021-2022,0,8,21,2021
609502,2021-08-22 11:00:00+00:00,Clermont Foot at Lyon,CLE @ LYON,Lyon,167,3,Clermont Foot,3171,3,STATUS_FULL_TIME,Groupama Stadium,2021-2022,0,8,22,2021
609501,2021-08-22 13:00:00+00:00,Angers at Bordeaux,ANG @ BOR,Bordeaux,159,1,Angers,7868,1,STATUS_FULL_TIME,Stade Atlantique,2021-2022,0,8,22,2021
609509,2021-08-22 13:00:00+00:00,Stade de Reims at Metz,REIM @ METZ,Metz,177,1,Stade de Reims,3243,1,STATUS_FULL_TIME,Stade Saint-Symphorien,2021-2022,0,8,22,2021
609505,2021-08-22 13:00:00+00:00,Lorient at Montpellier,LOR @ MON,Montpellier,274,3,Lorient,273,1,STATUS_FULL_TIME,Stade de la Mosson,2021-2022,0,8,22,2021
609510,2021-08-22 13:00:00+00:00,Troyes at Strasbourg,TRY @ STR,Strasbourg,180,1,Troyes,170,1,STATUS_FULL_TIME,Stade de la Meinau,2021-2022,0,8,22,2021
609507,2021-08-22 15:00:00+00:00,Nantes at Stade Rennais,NAN @ REN,Stade Rennais,169,1,Nantes,165,0,STATUS_FULL_TIME,Roazhon Park,2021-2022,0,8,22,2021
609495,2021-08-27 19:00:00+00:00,Lyon at Nantes,LYON @ NAN,Nantes,165,0,Lyon,167,1,STATUS_FULL_TIME,La Beaujoire-Louis-Fonteneau,2021-2022,0,8,27,2021
609492,2021-08-28 15:00:00+00:00,Bordeaux at Nice,BOR @ NICE,Nice,2502,4,Bordeaux,159,0,STATUS_FULL_TIME,Allianz Riviera,2021-2022,0,8,28,2021
609499,2021-08-28 19:00:00+00:00,Saint-Étienne at Marseille,ASSE @ OLM,Marseille,176,3,Saint-Étienne,178,1,STATUS_FULL_TIME,Orange Vélodrome,2021-2022,0,8,28,2021
609491,2021-08-29 11:00:00+00:00,AS Monaco at Troyes,MON @ TRY,Troyes,170,1,AS Monaco,174,2,STATUS_FULL_TIME,Stade de l'Aube,2021-2022,0,8,29,2021
609500,2021-08-29 13:00:00+00:00,Stade Rennais at Angers,REN @ ANG,Angers,7868,2,Stade Rennais,169,0,STATUS_FULL_TIME,Stade Raymond Kopa,2021-2022,0,8,29,2021
609496,2021-08-29 13:00:00+00:00,Metz at Clermont Foot,METZ @ CLE,Clermont Foot,3171,2,Metz,177,2,STATUS_FULL_TIME,Stade Gabriel-Montpied,2021-2022,0,8,29,2021
609494,2021-08-29 13:00:00+00:00,Lorient at Lens,LOR @ RCL,Lens,175,2,Lorient,273,2,STATUS_FULL_TIME,Stade Félix Bollaert-Delélis,2021-2022,0,8,29,2021
609493,2021-08-29 13:00:00+00:00,Brest at Strasbourg,BRE @ STR,Strasbourg,180,3,Brest,6997,1,STATUS_FULL_TIME,Stade de la Meinau,2021-2022,0,8,29,2021
609497,2021-08-29 15:00:00+00:00,Montpellier at Lille,MON @ LILL,Lille,166,2,Montpellier,274,1,STATUS_FULL_TIME,Decathlon Arena - Stade Pierre-Mauroy,2021-2022,0,8,29,2021
609498,2021-08-29 18:45:00+00:00,Paris Saint-Germain at Stade de Reims,PSG @ REIM,Stade de Reims,3243,0,Paris Saint-Germain,160,2,STATUS_FULL_TIME,Stade Auguste-Delaune II,2021-2022,0,8,29,2021
609484,2021-09-10 19:00:00+00:00,Lille at Lorient,LILL @ LOR,Lorient,273,2,Lille,166,1,STATUS_FULL_TIME,Stade du Moustoir - Yves Allainmat,2021-2022,0,9,10,2021
609482,2021-09-11 15:00:00+00:00,Clermont Foot at Paris Saint-Germain,CLE @ PSG,Paris Saint-Germain,160,4,Clermont Foot,3171,0,STATUS_FULL_TIME,Parc des Princes,2021-2022,0,9,11,2021
609485,2021-09-11 19:00:00+00:00,Marseille at AS Monaco,OLM @ MON,AS Monaco,174,0,Marseille,176,2,STATUS_FULL_TIME,Stade Louis II,2021-2022,0,9,11,2021
609487,2021-09-12 11:00:00+00:00,Saint-Étienne at Montpellier,ASSE @ MON,Montpellier,274,2,Saint-Étienne,178,0,STATUS_FULL_TIME,Stade de la Mosson,2021-2022,0,9,12,2021
609483,2021-09-12 13:00:00+00:00,Lens at Bordeaux,RCL @ BOR,Bordeaux,159,2,Lens,175,3,STATUS_FULL_TIME,Stade Atlantique,2021-2022,0,9,12,2021
609481,2021-09-12 13:00:00+00:00,Angers at Brest,ANG @ BRE,Brest,6997,1,Angers,7868,1,STATUS_FULL_TIME,Stade Francis-Le Blé,2021-2022,0,9,12,2021
609490,2021-09-12 13:00:00+00:00,Troyes at Metz,TRY @ METZ,Metz,177,0,Troyes,170,2,STATUS_FULL_TIME,Stade Saint-Symphorien,2021-2022,0,9,12,2021
609488,2021-09-12 13:00:00+00:00,Stade de Reims at Stade Rennais,REIM @ REN,Stade Rennais,169,0,Stade de Reims,3243,2,STATUS_FULL_TIME,Roazhon Park,2021-2022,0,9,12,2021
609486,2021-09-12 15:00:00+00:00,Nice at Nantes,NICE @ NAN,Nantes,165,0,Nice,2502,2,STATUS_FULL_TIME,La Beaujoire-Louis-Fonteneau,2021-2022,0,9,12,2021
609489,2021-09-12 18:45:00+00:00,Strasbourg at Lyon,STR @ LYON,Lyon,167,3,Strasbourg,180,1,STATUS_FULL_TIME,Groupama Stadium,2021-2022,0,9,12,2021
609477,2021-09-17 19:00:00+00:00,Metz at Strasbourg,METZ @ STR,Strasbourg,180,3,Metz,177,0,STATUS_FULL_TIME,Stade de la Meinau,2021-2022,0,9,17,2021
609474,2021-09-18 15:00:00+00:00,Lille at Lens,LILL @ RCL,Lens,175,1,Lille,166,0,STATUS_FULL_TIME,Stade Félix Bollaert-Delélis,2021-2022,0,9,18,2021
609472,2021-09-18 19:00:00+00:00,Bordeaux at Saint-Étienne,BOR @ ASSE,Saint-Étienne,178,1,Bordeaux,159,2,STATUS_FULL_TIME,Stade Geoffroy-Guichard,2021-2022,0,9,18,2021
609471,2021-09-19 11:00:00+00:00,AS Monaco at Nice,MON @ NICE,Nice,2502,2,AS Monaco,174,2,STATUS_FULL_TIME,Allianz Riviera,2021-2022,0,9,19,2021
609479,2021-09-19 13:00:00+00:00,Nantes at Angers,NAN @ ANG,Angers,7868,1,Nantes,165,4,STATUS_FULL_TIME,Stade Raymond Kopa,2021-2022,0,9,19,2021
609473,2021-09-19 13:00:00+00:00,Brest at Clermont Foot,BRE @ CLE,Clermont Foot,3171,1,Brest,6997,1,STATUS_FULL_TIME,Stade Gabriel-Montpied,2021-2022,0,9,19,2021
609475,2021-09-19 13:00:00+00:00,Lorient at Stade de Reims,LOR @ REIM,Stade de Reims,3243,0,Lorient,273,0,STATUS_FULL_TIME,Stade Auguste-Delaune II,2021-2022,0,9,19,2021
609478,2021-09-19 13:00:00+00:00,Montpellier at Troyes,MON @ TRY,Troyes,170,1,Montpellier,274,1,STATUS_FULL_TIME,Stade de l'Aube,2021-2022,0,9,19,2021
609480,2021-09-19 15:00:00+00:00,Stade Rennais at Marseille,REN @ OLM,Marseille,176,2,Stade Rennais,169,0,STATUS_FULL_TIME,Orange Vélodrome,2021-2022,0,9,19,2021
609476,2021-09-19 18:45:00+00:00,Lyon at Paris Saint-Germain,LYON @ PSG,Paris Saint-Germain,160,2,Lyon,167,1,STATUS_FULL_TIME,Parc des Princes,2021-2022,0,9,19,2021
609467,2021-09-22 17:00:00+00:00,Saint-Étienne at AS Monaco,ASSE @ MON,AS Monaco,174,3,Saint-Étienne,178,1,STATUS_FULL_TIME,Stade Louis II,2021-2022,0,9,22,2021
609468,2021-09-22 17:00:00+00:00,Stade de Reims at Lille,REIM @ LILL,Lille,166,2,Stade de Reims,3243,1,STATUS_FULL_TIME,Decathlon Arena - Stade Pierre-Mauroy,2021-2022,0,9,22,2021
609461,2021-09-22 17:00:00+00:00,Bordeaux at Montpellier,BOR @ MON,Montpellier,274,3,Bordeaux,159,3,STATUS_FULL_TIME,Stade de la Mosson,2021-2022,0,9,22,2021
609462,2021-09-22 17:00:00+00:00,Brest at Nantes,BRE @ NAN,Nantes,165,3,Brest,6997,1,STATUS_FULL_TIME,La Beaujoire-Louis-Fonteneau,2021-2022,0,9,22,2021
609463,2021-09-22 17:00:00+00:00,Clermont Foot at Stade Rennais,CLE @ REN,Stade Rennais,169,6,Clermont Foot,3171,0,STATUS_FULL_TIME,Roazhon Park,2021-2022,0,9,22,2021
609465,2021-09-22 19:00:00+00:00,Nice at Lorient,NICE @ LOR,Lorient,273,1,Nice,2502,0,STATUS_FULL_TIME,Stade du Moustoir - Yves Allainmat,2021-2022,0,9,22,2021
609464,2021-09-22 19:00:00+00:00,Marseille at Angers,OLM @ ANG,Angers,7868,0,Marseille,176,0,STATUS_FULL_TIME,Stade Raymond Kopa,2021-2022,0,9,22,2021
609470,2021-09-22 19:00:00+00:00,Troyes at Lyon,TRY @ LYON,Lyon,167,3,Troyes,170,1,STATUS_FULL_TIME,Groupama Stadium,2021-2022,0,9,22,2021
609466,2021-09-22 19:00:00+00:00,Paris Saint-Germain at Metz,PSG @ METZ,Metz,177,1,Paris Saint-Germain,160,2,STATUS_FULL_TIME,Stade Saint-Symphorien,2021-2022,0,9,22,2021
609469,2021-09-22 19:00:00+00:00,Strasbourg at Lens,STR @ RCL,Lens,175,0,Strasbourg,180,1,STATUS_FULL_TIME,Stade Félix Bollaert-Delélis,2021-2022,0,9,22,2021
609459,2021-09-25 15:00:00+00:00,Nice at Saint-Étienne,NICE @ ASSE,Saint-Étienne,178,0,Nice,2502,3,STATUS_FULL_TIME,Stade Geoffroy-Guichard,2021-2022,0,9,25,2021
609454,2021-09-25 17:00:00+00:00,Lille at Strasbourg,LILL @ STR,Strasbourg,180,1,Lille,166,2,STATUS_FULL_TIME,Stade de la Meinau,2021-2022,0,9,25,2021
609455,2021-09-25 19:00:00+00:00,Lorient at Lyon,LOR @ LYON,Lyon,167,1,Lorient,273,1,STATUS_FULL_TIME,Groupama Stadium,2021-2022,0,9,25,2021
609457,2021-09-25 19:00:00+00:00,Montpellier at Paris Saint-Germain,MON @ PSG,Paris Saint-Germain,160,2,Montpellier,274,0,STATUS_FULL_TIME,Parc des Princes,2021-2022,0,9,25,2021
609460,2021-09-26 11:00:00+00:00,Stade Rennais at Bordeaux,REN @ BOR,Bordeaux,159,1,Stade Rennais,169,1,STATUS_FULL_TIME,Stade Atlantique,2021-2022,0,9,26,2021
609456,2021-09-26 13:00:00+00:00,Metz at Brest,METZ @ BRE,Brest,6997,1,Metz,177,2,STATUS_FULL_TIME,Stade Francis-Le Blé,2021-2022,0,9,26,2021
609458,2021-09-26 13:00:00+00:00,Nantes at Stade de Reims,NAN @ REIM,Stade de Reims,3243,3,Nantes,165,1,STATUS_FULL_TIME,Stade Auguste-Delaune II,2021-2022,0,9,26,2021
609452,2021-09-26 13:00:00+00:00,Angers at Troyes,ANG @ TRY,Troyes,170,1,Angers,7868,1,STATUS_FULL_TIME,Stade de l'Aube,2021-2022,0,9,26,2021
609451,2021-09-26 15:00:00+00:00,AS Monaco at Clermont Foot,MON @ CLE,Clermont Foot,3171,1,AS Monaco,174,3,STATUS_FULL_TIME,Stade Gabriel-Montpied,2021-2022,0,9,26,2021
609453,2021-09-26 18:45:00+00:00,Lens at Marseille,RCL @ OLM,Marseille,176,2,Lens,175,3,STATUS_FULL_TIME,Orange Vélodrome,2021-2022,0,9,26,2021
609448,2021-10-01 19:00:00+00:00,Stade de Reims at Lens,REIM @ RCL,Lens,175,2,Stade de Reims,3243,0,STATUS_FULL_TIME,Stade Félix Bollaert-Delélis,2021-2022,0,10,1,2021
609449,2021-10-02 15:00:00+00:00,Strasbourg at Montpellier,STR @ MON,Montpellier,274,1,Strasbourg,180,1,STATUS_FULL_TIME,Stade de la Mosson,2021-2022,0,10,2,2021
609442,2021-10-02 19:00:00+00:00,Brest at Nice,BRE @ NICE,Nice,2502,2,Brest,6997,1,STATUS_FULL_TIME,Allianz Riviera,2021-2022,0,10,2,2021
609447,2021-10-03 11:00:00+00:00,Paris Saint-Germain at Stade Rennais,PSG @ REN,Stade Rennais,169,2,Paris Saint-Germain,160,0,STATUS_FULL_TIME,Roazhon Park,2021-2022,0,10,3,2021
609446,2021-10-03 13:00:00+00:00,Metz at Angers,METZ @ ANG,Angers,7868,3,Metz,177,2,STATUS_FULL_TIME,Stade Raymond Kopa,2021-2022,0,10,3,2021
609441,2021-10-03 13:00:00+00:00,Bordeaux at AS Monaco,BOR @ MON,AS Monaco,174,3,Bordeaux,159,0,STATUS_FULL_TIME,Stade Louis II,2021-2022,0,10,3,2021
609443,2021-10-03 13:00:00+00:00,Clermont Foot at Lorient,CLE @ LOR,Lorient,273,1,Clermont Foot,3171,1,STATUS_FULL_TIME,Stade du Moustoir - Yves Allainmat,2021-2022,0,10,3,2021
609450,2021-10-03 13:00:00+00:00,Troyes at Nantes,TRY @ NAN,Nantes,165,2,Troyes,170,0,STATUS_FULL_TIME,La Beaujoire-Louis-Fonteneau,2021-2022,0,10,3,2021
609445,2021-10-03 15:00:00+00:00,Marseille at Lille,OLM @ LILL,Lille,166,2,Marseille,176,0,STATUS_FULL_TIME,Decathlon Arena - Stade Pierre-Mauroy,2021-2022,0,10,3,2021
609444,2021-10-03 18:45:00+00:00,Lyon at Saint-Étienne,LYON @ ASSE,Saint-Étienne,178,1,Lyon,167,1,STATUS_FULL_TIME,Stade Geoffroy-Guichard,2021-2022,0,10,3,2021
609432,2021-10-15 19:00:00+00:00,Angers at Paris Saint-Germain,ANG @ PSG,Paris Saint-Germain,160,2,Angers,7868,1,STATUS_FULL_TIME,Parc des Princes,2021-2022,0,10,15,2021
609434,2021-10-16 15:00:00+00:00,Lille at Clermont Foot,LILL @ CLE,Clermont Foot,3171,1,Lille,166,0,STATUS_FULL_TIME,Stade Gabriel-Montpied,2021-2022,0,10,16,2021
609431,2021-10-16 19:00:00+00:00,AS Monaco at Lyon,MON @ LYON,Lyon,167,2,AS Monaco,174,0,STATUS_FULL_TIME,Groupama Stadium,2021-2022,0,10,16,2021
609437,2021-10-17 11:00:00+00:00,Nice at Troyes,NICE @ TRY,Troyes,170,1,Nice,2502,0,STATUS_FULL_TIME,Stade de l'Aube,2021-2022,0,10,17,2021
609440,2021-10-17 13:00:00+00:00,Stade de Reims at Brest,REIM @ BRE,Brest,6997,1,Stade de Reims,3243,1,STATUS_FULL_TIME,Stade Francis-Le Blé,2021-2022,0,10,17,2021
609436,2021-10-17 13:00:00+00:00,Nantes at Bordeaux,NAN @ BOR,Bordeaux,159,1,Nantes,165,1,STATUS_FULL_TIME,Stade Atlantique,2021-2022,0,10,17,2021
609438,2021-10-17 13:00:00+00:00,Saint-Étienne at Strasbourg,ASSE @ STR,Strasbourg,180,5,Saint-Étienne,178,1,STATUS_FULL_TIME,Stade de la Meinau,2021-2022,0,10,17,2021
609439,2021-10-17 13:00:00+00:00,Stade Rennais at Metz,REN @ METZ,Metz,177,0,Stade Rennais,169,3,STATUS_FULL_TIME,Stade Saint-Symphorien,2021-2022,0,10,17,2021
609433,2021-10-17 15:00:00+00:00,Lens at Montpellier,RCL @ MON,Montpellier,274,1,Lens,175,0,STATUS_FULL_TIME,Stade de la Mosson,2021-2022,0,10,17,2021
609435,2021-10-17 18:45:00+00:00,Lorient at Marseille,LOR @ OLM,Marseille,176,4,Lorient,273,1,STATUS_FULL_TIME,Orange Vélodrome,2021-2022,0,10,17,2021
609421,2021-10-22 19:00:00+00:00,Angers at Saint-Étienne,ANG @ ASSE,Saint-Étienne,178,2,Angers,7868,2,STATUS_FULL_TIME,Stade Geoffroy-Guichard,2021-2022,0,10,22,2021
609424,2021-10-23 15:00:00+00:00,Clermont Foot at Nantes,CLE @ NAN,Nantes,165,2,Clermont Foot,3171,1,STATUS_FULL_TIME,La Beaujoire-Louis-Fonteneau,2021-2022,0,10,23,2021
609423,2021-10-23 19:00:00+00:00,Brest at Lille,BRE @ LILL,Lille,166,1,Brest,6997,1,STATUS_FULL_TIME,Decathlon Arena - Stade Pierre-Mauroy,2021-2022,0,10,23,2021
609425,2021-10-24 11:00:00+00:00,Lyon at Nice,LYON @ NICE,Nice,2502,3,Lyon,167,2,STATUS_FULL_TIME,Allianz Riviera,2021-2022,0,10,24,2021
609422,2021-10-24 13:00:00+00:00,Bordeaux at Lorient,BOR @ LOR,Lorient,273,1,Bordeaux,159,1,STATUS_FULL_TIME,Stade du Moustoir - Yves Allainmat,2021-2022,0,10,24,2021
609430,2021-10-24 13:00:00+00:00,Troyes at Stade de Reims,TRY @ REIM,Stade de Reims,3243,1,Troyes,170,2,STATUS_FULL_TIME,Stade Auguste-Delaune II,2021-2022,0,10,24,2021
609426,2021-10-24 13:00:00+00:00,Metz at Lens,METZ @ RCL,Lens,175,4,Metz,177,1,STATUS_FULL_TIME,Stade Félix Bollaert-Delélis,2021-2022,0,10,24,2021
609429,2021-10-24 13:00:00+00:00,Strasbourg at Stade Rennais,STR @ REN,Stade Rennais,169,1,Strasbourg,180,0,STATUS_FULL_TIME,Roazhon Park,2021-2022,0,10,24,2021
609427,2021-10-24 15:00:00+00:00,Montpellier at AS Monaco,MON @ MON,AS Monaco,174,3,Montpellier,274,1,STATUS_FULL_TIME,Stade Louis II,2021-2022,0,10,24,2021
609428,2021-10-24 18:45:00+00:00,Paris Saint-Germain at Marseille,PSG @ OLM,Marseille,176,0,Paris Saint-Germain,160,0,STATUS_FULL_TIME,Orange Vélodrome,2021-2022,0,10,24,2021
609506,2021-10-27 19:00:00+00:00,Marseille at Nice,OLM @ NICE,Nice,2502,1,Marseille,176,1,STATUS_FULL_TIME,Stade de l'Aube,2021-2022,0,10,27,2021
609413,2021-10-29 19:00:00+00:00,Lille at Paris Saint-Germain,LILL @ PSG,Paris Saint-Germain,160,2,Lille,166,1,STATUS_FULL_TIME,Parc des Princes,2021-2022,0,10,29,2021
609418,2021-10-30 15:00:00+00:00,Saint-Étienne at Metz,ASSE @ METZ,Metz,177,1,Saint-Étienne,178,1,STATUS_FULL_TIME,Stade Saint-Symphorien,2021-2022,0,10,30,2021
609412,2021-10-30 19:00:00+00:00,Lens at Lyon,RCL @ LYON,Lyon,167,2,Lens,175,1,STATUS_FULL_TIME,Groupama Stadium,2021-2022,0,10,30,2021
609417,2021-10-31 12:00:00+00:00,Nice at Angers,NICE @ ANG,Angers,7868,1,Nice,2502,2,STATUS_FULL_TIME,Stade Raymond Kopa,2021-2022,0,10,31,2021
609420,2021-10-31 14:00:00+00:00,Stade de Reims at Bordeaux,REIM @ BOR,Bordeaux,159,3,Stade de Reims,3243,2,STATUS_FULL_TIME,Stade Atlantique,2021-2022,0,10,31,2021
609416,2021-10-31 14:00:00+00:00,Nantes at Montpellier,NAN @ MON,Montpellier,274,2,Nantes,165,0,STATUS_FULL_TIME,Stade de la Mosson,2021-2022,0,10,31,2021
609414,2021-10-31 14:00:00+00:00,Lorient at Strasbourg,LOR @ STR,Strasbourg,180,4,Lorient,273,0,STATUS_FULL_TIME,Stade de la Meinau,2021-2022,0,10,31,2021
609419,2021-10-31 14:00:00+00:00,Stade Rennais at Troyes,REN @ TRY,Troyes,170,2,Stade Rennais,169,2,STATUS_FULL_TIME,Stade de l'Aube,2021-2022,0,10,31,2021
609411,2021-10-31 16:00:00+00:00,AS Monaco at Brest,MON @ BRE,Brest,6997,2,AS Monaco,174,0,STATUS_FULL_TIME,Stade Francis-Le Blé,2021-2022,0,10,31,2021
609415,2021-10-31 19:45:00+00:00,Marseille at Clermont Foot,OLM @ CLE,Clermont Foot,3171,0,Marseille,176,1,STATUS_FULL_TIME,Stade Gabriel-Montpied,2021-2022,0,10,31,2021
609410,2021-11-05 20:00:00+00:00,Troyes at Lens,TRY @ RCL,Lens,175,4,Troyes,170,0,STATUS_FULL_TIME,Stade Félix Bollaert-Delélis,2021-2022,0,11,5,2021
609402,2021-11-06 16:00:00+00:00,Angers at Lille,ANG @ LILL,Lille,166,1,Angers,7868,1,STATUS_FULL_TIME,Decathlon Arena - Stade Pierre-Mauroy,2021-2022,0,11,6,2021
609408,2021-11-06 20:00:00+00:00,Paris Saint-Germain at Bordeaux,PSG @ BOR,Bordeaux,159,2,Paris Saint-Germain,160,3,STATUS_FULL_TIME,Stade Atlantique,2021-2022,0,11,6,2021
609406,2021-11-07 12:00:00+00:00,Metz at Marseille,METZ @ OLM,Marseille,176,0,Metz,177,0,STATUS_FULL_TIME,Orange Vélodrome,2021-2022,0,11,7,2021
609403,2021-11-07 14:00:00+00:00,Brest at Lorient,BRE @ LOR,Lorient,273,1,Brest,6997,2,STATUS_FULL_TIME,Stade du Moustoir - Yves Allainmat,2021-2022,0,11,7,2021
609409,2021-11-07 14:00:00+00:00,Strasbourg at Nantes,STR @ NAN,Nantes,165,2,Strasbourg,180,2,STATUS_FULL_TIME,La Beaujoire-Louis-Fonteneau,2021-2022,0,11,7,2021
609404,2021-11-07 14:00:00+00:00,Clermont Foot at Saint-Étienne,CLE @ ASSE,Saint-Étienne,178,3,Clermont Foot,3171,2,STATUS_FULL_TIME,Stade Geoffroy-Guichard,2021-2022,0,11,7,2021
609401,2021-11-07 14:00:00+00:00,AS Monaco at Stade de Reims,MON @ REIM,Stade de Reims,3243,0,AS Monaco,174,0,STATUS_FULL_TIME,Stade Auguste-Delaune II,2021-2022,0,11,7,2021
609407,2021-11-07 16:00:00+00:00,Montpellier at Nice,MON @ NICE,Nice,2502,0,Montpellier,274,1,STATUS_FULL_TIME,Allianz Riviera,2021-2022,0,11,7,2021
609405,2021-11-07 19:45:00+00:00,Lyon at Stade Rennais,LYON @ REN,Stade Rennais,169,4,Lyon,167,1,STATUS_FULL_TIME,Roazhon Park,2021-2022,0,11,7,2021
609393,2021-11-19 20:00:00+00:00,Lille at AS Monaco,LILL @ MON,AS Monaco,174,2,Lille,166,2,STATUS_FULL_TIME,Stade Louis II,2021-2022,0,11,19,2021
609397,2021-11-20 16:00:00+00:00,Nantes at Paris Saint-Germain,NAN @ PSG,Paris Saint-Germain,160,3,Nantes,165,1,STATUS_FULL_TIME,Parc des Princes,2021-2022,0,11,20,2021
609396,2021-11-20 20:00:00+00:00,Montpellier at Stade Rennais,MON @ REN,Stade Rennais,169,2,Montpellier,274,0,STATUS_FULL_TIME,Roazhon Park,2021-2022,0,11,20,2021
609392,2021-11-21 12:00:00+00:00,Lens at Brest,RCL @ BRE,Brest,6997,4,Lens,175,0,STATUS_FULL_TIME,Stade Francis-Le Blé,2021-2022,0,11,21,2021
609391,2021-11-21 14:00:00+00:00,Bordeaux at Metz,BOR @ METZ,Metz,177,3,Bordeaux,159,3,STATUS_FULL_TIME,Stade Saint-Symphorien,2021-2022,0,11,21,2021
609394,2021-11-21 14:00:00+00:00,Lorient at Angers,LOR @ ANG,Angers,7868,1,Lorient,273,0,STATUS_FULL_TIME,Stade Raymond Kopa,2021-2022,0,11,21,2021
609399,2021-11-21 14:00:00+00:00,Saint-Étienne at Troyes,ASSE @ TRY,Troyes,170,0,Saint-Étienne,178,1,STATUS_FULL_TIME,Stade de l'Aube,2021-2022,0,11,21,2021
609400,2021-11-21 14:00:00+00:00,Stade de Reims at Strasbourg,REIM @ STR,Strasbourg,180,1,Stade de Reims,3243,1,STATUS_FULL_TIME,Stade de la Meinau,2021-2022,0,11,21,2021
609398,2021-11-21 16:00:00+00:00,Nice at Clermont Foot,NICE @ CLE,Clermont Foot,3171,1,Nice,2502,2,STATUS_FULL_TIME,Stade Gabriel-Montpied,2021-2022,0,11,21,2021
609381,2021-11-26 20:00:00+00:00,Angers at Lens,ANG @ RCL,Lens,175,2,Angers,7868,2,STATUS_FULL_TIME,Stade Félix Bollaert-Delélis,2021-2022,0,11,26,2021
609386,2021-11-27 16:00:00+00:00,Nantes at Lille,NAN @ LILL,Lille,166,1,Nantes,165,1,STATUS_FULL_TIME,Decathlon Arena - Stade Pierre-Mauroy,2021-2022,0,11,27,2021
609385,2021-11-27 20:00:00+00:00,Metz at Nice,METZ @ NICE,Nice,2502,0,Metz,177,1,STATUS_FULL_TIME,Allianz Riviera,2021-2022,0,11,27,2021
609387,2021-11-28 12:00:00+00:00,Paris Saint-Germain at Saint-Étienne,PSG @ ASSE,Saint-Étienne,178,1,Paris Saint-Germain,160,3,STATUS_FULL_TIME,Stade Geoffroy-Guichard,2021-2022,0,11,28,2021
609389,2021-11-28 14:00:00+00:00,Strasbourg at AS Monaco,STR @ MON,AS Monaco,174,1,Strasbourg,180,1,STATUS_FULL_TIME,Stade Louis II,2021-2022,0,11,28,2021
609382,2021-11-28 14:00:00+00:00,Brest at Bordeaux,BRE @ BOR,Bordeaux,159,1,Brest,6997,2,STATUS_FULL_TIME,Stade Atlantique,2021-2022,0,11,28,2021
609388,2021-11-28 14:00:00+00:00,Stade Rennais at Lorient,REN @ LOR,Lorient,273,0,Stade Rennais,169,2,STATUS_FULL_TIME,Stade du Moustoir - Yves Allainmat,2021-2022,0,11,28,2021
609383,2021-11-28 14:00:00+00:00,Clermont Foot at Stade de Reims,CLE @ REIM,Stade de Reims,3243,1,Clermont Foot,3171,0,STATUS_FULL_TIME,Stade Auguste-Delaune II,2021-2022,0,11,28,2021
609384,2021-11-28 16:00:00+00:00,Lyon at Montpellier,LYON @ MON,Montpellier,274,0,Lyon,167,1,STATUS_FULL_TIME,Stade de la Mosson,2021-2022,0,11,28,2021
609390,2021-11-28 19:45:00+00:00,Troyes at Marseille,TRY @ OLM,Marseille,176,1,Troyes,170,0,STATUS_FULL_TIME,Orange Vélodrome,2021-2022,0,11,28,2021
609377,2021-12-01 18:00:00+00:00,Montpellier at Metz,MON @ METZ,Metz,177,1,Montpellier,274,3,STATUS_FULL_TIME,Stade Saint-Symphorien,2021-2022,0,12,1,2021
609371,2021-12-01 18:00:00+00:00,AS Monaco at Angers,MON @ ANG,Angers,7868,1,AS Monaco,174,3,STATUS_FULL_TIME,Stade Raymond Kopa,2021-2022,0,12,1,2021
609372,2021-12-01 18:00:00+00:00,Bordeaux at Strasbourg,BOR @ STR,Strasbourg,180,5,Bordeaux,159,2,STATUS_FULL_TIME,Stade de la Meinau,2021-2022,0,12,1,2021
609375,2021-12-01 18:00:00+00:00,Lorient at Troyes,LOR @ TRY,Troyes,170,2,Lorient,273,0,STATUS_FULL_TIME,Stade de l'Aube,2021-2022,0,12,1,2021
609379,2021-12-01 18:00:00+00:00,Saint-Étienne at Brest,ASSE @ BRE,Brest,6997,1,Saint-Étienne,178,0,STATUS_FULL_TIME,Stade Francis-Le Blé,2021-2022,0,12,1,2021
609373,2021-12-01 20:00:00+00:00,Lens at Clermont Foot,RCL @ CLE,Clermont Foot,3171,2,Lens,175,2,STATUS_FULL_TIME,Stade Gabriel-Montpied,2021-2022,0,12,1,2021
609380,2021-12-01 20:00:00+00:00,Stade de Reims at Lyon,REIM @ LYON,Lyon,167,1,Stade de Reims,3243,2,STATUS_FULL_TIME,Groupama Stadium,2021-2022,0,12,1,2021
609376,2021-12-01 20:00:00+00:00,Marseille at Nantes,OLM @ NAN,Nantes,165,0,Marseille,176,1,STATUS_FULL_TIME,La Beaujoire-Louis-Fonteneau,2021-2022,0,12,1,2021
609374,2021-12-01 20:00:00+00:00,Lille at Stade Rennais,LILL @ REN,Stade Rennais,169,1,Lille,166,2,STATUS_FULL_TIME,Roazhon Park,2021-2022,0,12,1,2021
609378,2021-12-01 20:05:00+00:00,Nice at Paris Saint-Germain,NICE @ PSG,Paris Saint-Germain,160,0,Nice,2502,0,STATUS_FULL_TIME,Parc des Princes,2021-2022,0,12,1,2021
609362,2021-12-04 16:00:00+00:00,Brest at Marseille,BRE @ OLM,Marseille,176,1,Brest,6997,2,STATUS_FULL_TIME,Orange Vélodrome,2021-2022,0,12,4,2021
609370,2021-12-04 18:00:00+00:00,Troyes at Lille,TRY @ LILL,Lille,166,2,Troyes,170,1,STATUS_FULL_TIME,Decathlon Arena - Stade Pierre-Mauroy,2021-2022,0,12,4,2021
609367,2021-12-04 20:00:00+00:00,Paris Saint-Germain at Lens,PSG @ RCL,Lens,175,1,Paris Saint-Germain,160,1,STATUS_FULL_TIME,Stade Félix Bollaert-Delélis,2021-2022,0,12,4,2021
609368,2021-12-05 12:00:00+00:00,Stade Rennais at Saint-Étienne,REN @ ASSE,Saint-Étienne,178,0,Stade Rennais,169,5,STATUS_FULL_TIME,Stade Geoffroy-Guichard,2021-2022,0,12,5,2021
609366,2021-12-05 14:00:00+00:00,Nantes at Lorient,NAN @ LOR,Lorient,273,0,Nantes,165,1,STATUS_FULL_TIME,Stade du Moustoir - Yves Allainmat,2021-2022,0,12,5,2021
609365,2021-12-05 14:00:00+00:00,Metz at AS Monaco,METZ @ MON,AS Monaco,174,4,Metz,177,0,STATUS_FULL_TIME,Stade Louis II,2021-2022,0,12,5,2021
609361,2021-12-05 14:00:00+00:00,Angers at Stade de Reims,ANG @ REIM,Stade de Reims,3243,1,Angers,7868,2,STATUS_FULL_TIME,Stade Auguste-Delaune II,2021-2022,0,12,5,2021
609363,2021-12-05 14:00:00+00:00,Clermont Foot at Montpellier,CLE @ MON,Montpellier,274,1,Clermont Foot,3171,0,STATUS_FULL_TIME,Stade de la Mosson,2021-2022,0,12,5,2021
609369,2021-12-05 16:00:00+00:00,Strasbourg at Nice,STR @ NICE,Nice,2502,0,Strasbourg,180,3,STATUS_FULL_TIME,Allianz Riviera,2021-2022,0,12,5,2021
609364,2021-12-05 19:45:00+00:00,Lyon at Bordeaux,LYON @ BOR,Bordeaux,159,2,Lyon,167,2,STATUS_FULL_TIME,Stade Atlantique,2021-2022,0,12,5,2021
609354,2021-12-10 20:00:00+00:00,Lens at Nantes,RCL @ NAN,Nantes,165,3,Lens,175,2,STATUS_FULL_TIME,La Beaujoire-Louis-Fonteneau,2021-2022,0,12,10,2021
609358,2021-12-11 16:00:00+00:00,Montpellier at Brest,MON @ BRE,Brest,6997,0,Montpellier,274,4,STATUS_FULL_TIME,Stade Francis-Le Blé,2021-2022,0,12,11,2021
609360,2021-12-11 20:00:00+00:00,Saint-Étienne at Stade de Reims,ASSE @ REIM,Stade de Reims,3243,2,Saint-Étienne,178,0,STATUS_FULL_TIME,Stade Auguste-Delaune II,2021-2022,0,12,11,2021
609356,2021-12-12 12:00:00+00:00,Lyon at Lille,LYON @ LILL,Lille,166,0,Lyon,167,0,STATUS_FULL_TIME,Decathlon Arena - Stade Pierre-Mauroy,2021-2022,0,12,12,2021
609359,2021-12-12 14:00:00+00:00,Nice at Stade Rennais,NICE @ REN,Stade Rennais,169,1,Nice,2502,2,STATUS_FULL_TIME,Roazhon Park,2021-2022,0,12,12,2021
609352,2021-12-12 14:00:00+00:00,Bordeaux at Troyes,BOR @ TRY,Troyes,170,1,Bordeaux,159,2,STATUS_FULL_TIME,Stade de l'Aube,2021-2022,0,12,12,2021
609353,2021-12-12 14:00:00+00:00,Clermont Foot at Angers,CLE @ ANG,Angers,7868,0,Clermont Foot,3171,1,STATUS_FULL_TIME,Stade Raymond Kopa,2021-2022,0,12,12,2021
609355,2021-12-12 14:00:00+00:00,Lorient at Metz,LOR @ METZ,Metz,177,4,Lorient,273,1,STATUS_FULL_TIME,Stade Saint-Symphorien,2021-2022,0,12,12,2021
609357,2021-12-12 16:00:00+00:00,Marseille at Strasbourg,OLM @ STR,Strasbourg,180,0,Marseille,176,2,STATUS_FULL_TIME,Stade de la Meinau,2021-2022,0,12,12,2021
609351,2021-12-12 19:45:00+00:00,AS Monaco at Paris Saint-Germain,MON @ PSG,Paris Saint-Germain,160,2,AS Monaco,174,0,STATUS_FULL_TIME,Parc des Princes,2021-2022,0,12,12,2021
609348,2021-12-22 20:00:00+00:00,Stade Rennais at AS Monaco,REN @ MON,AS Monaco,174,2,Stade Rennais,169,1,STATUS_FULL_TIME,Stade Louis II,2021-2022,0,12,22,2021
609344,2021-12-22 20:00:00+00:00,Lille at Bordeaux,LILL @ BOR,Bordeaux,159,2,Lille,166,3,STATUS_FULL_TIME,Stade Atlantique,2021-2022,0,12,22,2021
609347,2021-12-22 20:00:00+00:00,Paris Saint-Germain at Lorient,PSG @ LOR,Lorient,273,1,Paris Saint-Germain,160,1,STATUS_FULL_TIME,Stade du Moustoir - Yves Allainmat,2021-2022,0,12,22,2021
609345,2021-12-22 20:00:00+00:00,Metz at Lyon,METZ @ LYON,Lyon,167,1,Metz,177,1,STATUS_FULL_TIME,Groupama Stadium,2021-2022,0,12,22,2021
609349,2021-12-22 20:00:00+00:00,Stade de Reims at Marseille,REIM @ OLM,Marseille,176,1,Stade de Reims,3243,1,STATUS_FULL_TIME,Orange Vélodrome,2021-2022,0,12,22,2021
609341,2021-12-22 20:00:00+00:00,Angers at Montpellier,ANG @ MON,Montpellier,274,4,Angers,7868,1,STATUS_FULL_TIME,Stade de la Mosson,2021-2022,0,12,22,2021
609343,2021-12-22 20:00:00+00:00,Lens at Nice,RCL @ NICE,Nice,2502,2,Lens,175,1,STATUS_FULL_TIME,Allianz Riviera,2021-2022,0,12,22,2021
609346,2021-12-22 20:00:00+00:00,Nantes at Saint-Étienne,NAN @ ASSE,Saint-Étienne,178,0,Nantes,165,1,STATUS_FULL_TIME,Stade Geoffroy-Guichard,2021-2022,0,12,22,2021
609342,2021-12-22 20:00:00+00:00,Brest at Troyes,BRE @ TRY,Troyes,170,1,Brest,6997,1,STATUS_FULL_TIME,Stade de l'Aube,2021-2022,0,12,22,2021
609333,2022-01-07 20:00:00+00:00,Marseille at Bordeaux,OLM @ BOR,Bordeaux,159,0,Marseille,176,1,STATUS_FULL_TIME,Stade Atlantique,2021-2022,0,1,7,2022
609337,2022-01-08 20:00:00+00:00,Stade Rennais at Lens,REN @ RCL,Lens,175,1,Stade Rennais,169,0,STATUS_FULL_TIME,Stade Félix Bollaert-Delélis,2021-2022,0,1,8,2022
609334,2022-01-09 12:00:00+00:00,Nice at Brest,NICE @ BRE,Brest,6997,0,Nice,2502,3,STATUS_FULL_TIME,Stade Francis-Le Blé,2021-2022,0,1,9,2022
609338,2022-01-09 14:00:00+00:00,Stade de Reims at Clermont Foot,REIM @ CLE,Clermont Foot,3171,0,Stade de Reims,3243,0,STATUS_FULL_TIME,Stade Gabriel-Montpied,2021-2022,0,1,9,2022
609339,2022-01-09 14:00:00+00:00,Strasbourg at Metz,STR @ METZ,Metz,177,0,Strasbourg,180,2,STATUS_FULL_TIME,Stade Saint-Symphorien,2021-2022,0,1,9,2022
609331,2022-01-09 16:05:00+00:00,AS Monaco at Nantes,MON @ NAN,Nantes,165,0,AS Monaco,174,0,STATUS_FULL_TIME,La Beaujoire-Louis-Fonteneau,2021-2022,0,1,9,2022
609335,2022-01-09 19:45:00+00:00,Paris Saint-Germain at Lyon,PSG @ LYON,Lyon,167,1,Paris Saint-Germain,160,1,STATUS_FULL_TIME,Groupama Stadium,2021-2022,0,1,9,2022
609330,2022-01-14 20:00:00+00:00,Nantes at Nice,NAN @ NICE,Nice,2502,2,Nantes,165,1,STATUS_FULL_TIME,Allianz Riviera,2021-2022,0,1,14,2022
609325,2022-01-15 16:00:00+00:00,Lens at Saint-Étienne,RCL @ ASSE,Saint-Étienne,178,1,Lens,175,2,STATUS_FULL_TIME,Stade Geoffroy-Guichard,2021-2022,0,1,15,2022
609323,2022-01-15 20:00:00+00:00,Brest at Paris Saint-Germain,BRE @ PSG,Paris Saint-Germain,160,2,Brest,6997,0,STATUS_FULL_TIME,Parc des Princes,2021-2022,0,1,15,2022
609322,2022-01-16 12:00:00+00:00,Bordeaux at Stade Rennais,BOR @ REN,Stade Rennais,169,6,Bordeaux,159,0,STATUS_FULL_TIME,Roazhon Park,2021-2022,0,1,16,2022
609324,2022-01-16 14:00:00+00:00,Clermont Foot at AS Monaco,CLE @ MON,AS Monaco,174,4,Clermont Foot,3171,0,STATUS_FULL_TIME,Stade Louis II,2021-2022,0,1,16,2022
609321,2022-01-16 14:00:00+00:00,Angers at Lorient,ANG @ LOR,Lorient,273,0,Angers,7868,0,STATUS_FULL_TIME,Stade du Moustoir - Yves Allainmat,2021-2022,0,1,16,2022
609328,2022-01-16 14:00:00+00:00,Metz at Stade de Reims,METZ @ REIM,Stade de Reims,3243,0,Metz,177,1,STATUS_FULL_TIME,Stade Auguste-Delaune II,2021-2022,0,1,16,2022
609329,2022-01-16 14:00:00+00:00,Montpellier at Strasbourg,MON @ STR,Strasbourg,180,3,Montpellier,274,1,STATUS_FULL_TIME,Stade de la Meinau,2021-2022,0,1,16,2022
609327,2022-01-16 16:05:00+00:00,Lyon at Troyes,LYON @ TRY,Troyes,170,0,Lyon,167,1,STATUS_FULL_TIME,Stade de l'Aube,2021-2022,0,1,16,2022
609326,2022-01-16 19:45:00+00:00,Lille at Marseille,LILL @ OLM,Marseille,176,1,Lille,166,1,STATUS_FULL_TIME,Orange Vélodrome,2021-2022,0,1,16,2022
609350,2022-01-19 18:00:00+00:00,Strasbourg at Clermont Foot,STR @ CLE,Clermont Foot,3171,0,Strasbourg,180,2,STATUS_FULL_TIME,Stade Gabriel-Montpied,2021-2022,0,1,19,2022
609332,2022-01-19 18:00:00+00:00,Lorient at Lille,LOR @ LILL,Lille,166,3,Lorient,273,1,STATUS_FULL_TIME,Decathlon Arena - Stade Pierre-Mauroy,2021-2022,0,1,19,2022
609340,2022-01-19 18:00:00+00:00,Troyes at Montpellier,TRY @ MON,Montpellier,274,0,Troyes,170,1,STATUS_FULL_TIME,Stade de la Mosson,2021-2022,0,1,19,2022
609316,2022-01-21 20:00:00+00:00,Saint-Étienne at Lyon,ASSE @ LYON,Lyon,167,1,Saint-Étienne,178,0,STATUS_FULL_TIME,Groupama Stadium,2021-2022,0,1,21,2022
609312,2022-01-22 16:00:00+00:00,Lille at Brest,LILL @ BRE,Brest,6997,2,Lille,166,0,STATUS_FULL_TIME,Stade Francis-Le Blé,2021-2022,0,1,22,2022
609314,2022-01-22 20:00:00+00:00,Marseille at Lens,OLM @ RCL,Lens,175,0,Marseille,176,2,STATUS_FULL_TIME,Stade Félix Bollaert-Delélis,2021-2022,0,1,22,2022
609315,2022-01-23 12:00:00+00:00,Nice at Metz,NICE @ METZ,Metz,177,0,Nice,2502,2,STATUS_FULL_TIME,Stade Saint-Symphorien,2021-2022,0,1,23,2022
609320,2022-01-23 14:00:00+00:00,Troyes at Angers,TRY @ ANG,Angers,7868,2,Troyes,170,1,STATUS_FULL_TIME,Stade Raymond Kopa,2021-2022,0,1,23,2022
609319,2022-01-23 14:00:00+00:00,Strasbourg at Bordeaux,STR @ BOR,Bordeaux,159,4,Strasbourg,180,3,STATUS_FULL_TIME,Stade Atlantique,2021-2022,0,1,23,2022
609317,2022-01-23 14:00:00+00:00,Stade Rennais at Clermont Foot,REN @ CLE,Clermont Foot,3171,2,Stade Rennais,169,1,STATUS_FULL_TIME,Stade Gabriel-Montpied,2021-2022,0,1,23,2022
609313,2022-01-23 14:00:00+00:00,Lorient at Nantes,LOR @ NAN,Nantes,165,4,Lorient,273,2,STATUS_FULL_TIME,La Beaujoire-Louis-Fonteneau,2021-2022,0,1,23,2022
609311,2022-01-23 16:05:00+00:00,AS Monaco at Montpellier,MON @ MON,Montpellier,274,3,AS Monaco,174,2,STATUS_FULL_TIME,Stade de la Mosson,2021-2022,0,1,23,2022
609318,2022-01-23 19:45:00+00:00,Stade de Reims at Paris Saint-Germain,REIM @ PSG,Paris Saint-Germain,160,4,Stade de Reims,3243,0,STATUS_FULL_TIME,Parc des Princes,2021-2022,0,1,23,2022
609336,2022-01-26 18:00:00+00:00,Saint-Étienne at Angers,ASSE @ ANG,Angers,7868,0,Saint-Étienne,178,1,STATUS_FULL_TIME,Stade Raymond Kopa,2021-2022,0,1,26,2022
609395,2022-02-01 20:00:00+00:00,Marseille at Lyon,OLM @ LYON,Lyon,167,2,Marseille,176,1,STATUS_FULL_TIME,Groupama Stadium,2021-2022,0,2,1,2022
609301,2022-02-04 20:00:00+00:00,Angers at Marseille,ANG @ OLM,Marseille,176,5,Angers,7868,2,STATUS_FULL_TIME,Orange Vélodrome,2021-2022,0,2,4,2022
609308,2022-02-05 16:00:00+00:00,Montpellier at Saint-Étienne,MON @ ASSE,Saint-Étienne,178,3,Montpellier,274,1,STATUS_FULL_TIME,Stade Geoffroy-Guichard,2021-2022,0,2,5,2022
609306,2022-02-05 20:00:00+00:00,Lyon at AS Monaco,LYON @ MON,AS Monaco,174,2,Lyon,167,0,STATUS_FULL_TIME,Stade Louis II,2021-2022,0,2,5,2022
609305,2022-02-06 12:00:00+00:00,Lens at Lorient,RCL @ LOR,Lorient,273,2,Lens,175,0,STATUS_FULL_TIME,Stade du Moustoir - Yves Allainmat,2021-2022,0,2,6,2022
609304,2022-02-06 14:00:00+00:00,Clermont Foot at Nice,CLE @ NICE,Nice,2502,0,Clermont Foot,3171,1,STATUS_FULL_TIME,Allianz Riviera,2021-2022,0,2,6,2022
609302,2022-02-06 14:00:00+00:00,Bordeaux at Stade de Reims,BOR @ REIM,Stade de Reims,3243,5,Bordeaux,159,0,STATUS_FULL_TIME,Stade Auguste-Delaune II,2021-2022,0,2,6,2022
609309,2022-02-06 14:00:00+00:00,Nantes at Strasbourg,NAN @ STR,Strasbourg,180,1,Nantes,165,0,STATUS_FULL_TIME,Stade de la Meinau,2021-2022,0,2,6,2022
609307,2022-02-06 14:00:00+00:00,Metz at Troyes,METZ @ TRY,Troyes,170,0,Metz,177,0,STATUS_FULL_TIME,Stade de l'Aube,2021-2022,0,2,6,2022
609303,2022-02-06 16:00:00+00:00,Brest at Stade Rennais,BRE @ REN,Stade Rennais,169,2,Brest,6997,0,STATUS_FULL_TIME,Roazhon Park,2021-2022,0,2,6,2022
609310,2022-02-06 19:45:00+00:00,Paris Saint-Germain at Lille,PSG @ LILL,Lille,166,1,Paris Saint-Germain,160,5,STATUS_FULL_TIME,Decathlon Arena - Stade Pierre-Mauroy,2021-2022,0,2,6,2022
609297,2022-02-11 20:00:00+00:00,Stade Rennais at Paris Saint-Germain,REN @ PSG,Paris Saint-Germain,160,1,Stade Rennais,169,0,STATUS_FULL_TIME,Parc des Princes,2021-2022,0,2,11,2022
609292,2022-02-12 16:00:00+00:00,Lille at Montpellier,LILL @ MON,Montpellier,274,0,Lille,166,1,STATUS_FULL_TIME,Stade de la Mosson,2021-2022,0,2,12,2022
609295,2022-02-12 20:00:00+00:00,Nice at Lyon,NICE @ LYON,Lyon,167,2,Nice,2502,0,STATUS_FULL_TIME,Groupama Stadium,2021-2022,0,2,12,2022
609293,2022-02-13 12:00:00+00:00,Lorient at AS Monaco,LOR @ MON,AS Monaco,174,0,Lorient,273,0,STATUS_FULL_TIME,Stade Louis II,2021-2022,0,2,13,2022
609299,2022-02-13 14:00:00+00:00,Strasbourg at Angers,STR @ ANG,Angers,7868,0,Strasbourg,180,1,STATUS_FULL_TIME,Stade Raymond Kopa,2021-2022,0,2,13,2022
609300,2022-02-13 14:00:00+00:00,Troyes at Brest,TRY @ BRE,Brest,6997,5,Troyes,170,1,STATUS_FULL_TIME,Stade Francis-Le Blé,2021-2022,0,2,13,2022
609296,2022-02-13 14:00:00+00:00,Saint-Étienne at Clermont Foot,ASSE @ CLE,Clermont Foot,3171,1,Saint-Étienne,178,2,STATUS_FULL_TIME,Stade Gabriel-Montpied,2021-2022,0,2,13,2022
609298,2022-02-13 14:00:00+00:00,Stade de Reims at Nantes,REIM @ NAN,Nantes,165,1,Stade de Reims,3243,0,STATUS_FULL_TIME,La Beaujoire-Louis-Fonteneau,2021-2022,0,2,13,2022
609291,2022-02-13 16:05:00+00:00,Bordeaux at Lens,BOR @ RCL,Lens,175,3,Bordeaux,159,2,STATUS_FULL_TIME,Stade Félix Bollaert-Delélis,2021-2022,0,2,13,2022
609294,2022-02-13 19:45:00+00:00,Marseille at Metz,OLM @ METZ,Metz,177,1,Marseille,176,2,STATUS_FULL_TIME,Stade Saint-Symphorien,2021-2022,0,2,13,2022
609286,2022-02-18 20:00:00+00:00,Metz at Lille,METZ @ LILL,Lille,166,0,Metz,177,0,STATUS_FULL_TIME,Decathlon Arena - Stade Pierre-Mauroy,2021-2022,0,2,18,2022
609285,2022-02-19 16:00:00+00:00,Lyon at Lens,LYON @ RCL,Lens,175,1,Lyon,167,1,STATUS_FULL_TIME,Stade Félix Bollaert-Delélis,2021-2022,0,2,19,2022
609288,2022-02-19 20:00:00+00:00,Paris Saint-Germain at Nantes,PSG @ NAN,Nantes,165,3,Paris Saint-Germain,160,1,STATUS_FULL_TIME,La Beaujoire-Louis-Fonteneau,2021-2022,0,2,19,2022
609282,2022-02-20 12:00:00+00:00,Angers at Nice,ANG @ NICE,Nice,2502,1,Angers,7868,0,STATUS_FULL_TIME,Allianz Riviera,2021-2022,0,2,20,2022
609287,2022-02-20 14:00:00+00:00,Montpellier at Lorient,MON @ LOR,Lorient,273,0,Montpellier,274,1,STATUS_FULL_TIME,Stade du Moustoir - Yves Allainmat,2021-2022,0,2,20,2022
609289,2022-02-20 14:00:00+00:00,Strasbourg at Saint-Étienne,STR @ ASSE,Saint-Étienne,178,2,Strasbourg,180,2,STATUS_FULL_TIME,Stade Geoffroy-Guichard,2021-2022,0,2,20,2022
609283,2022-02-20 14:00:00+00:00,Brest at Stade de Reims,BRE @ REIM,Stade de Reims,3243,1,Brest,6997,1,STATUS_FULL_TIME,Stade Auguste-Delaune II,2021-2022,0,2,20,2022
609290,2022-02-20 14:00:00+00:00,Troyes at Stade Rennais,TRY @ REN,Stade Rennais,169,4,Troyes,170,1,STATUS_FULL_TIME,Roazhon Park,2021-2022,0,2,20,2022
609281,2022-02-20 16:05:00+00:00,AS Monaco at Bordeaux,MON @ BOR,Bordeaux,159,1,AS Monaco,174,1,STATUS_FULL_TIME,Stade Atlantique,2021-2022,0,2,20,2022
609284,2022-02-20 19:45:00+00:00,Clermont Foot at Marseille,CLE @ OLM,Marseille,176,0,Clermont Foot,3171,2,STATUS_FULL_TIME,Orange Vélodrome,2021-2022,0,2,20,2022
609279,2022-02-25 20:00:00+00:00,Stade Rennais at Montpellier,REN @ MON,Montpellier,274,2,Stade Rennais,169,4,STATUS_FULL_TIME,Stade de la Mosson,2021-2022,0,2,25,2022
609277,2022-02-26 16:00:00+00:00,Nice at Strasbourg,NICE @ STR,Strasbourg,180,0,Nice,2502,0,STATUS_FULL_TIME,Stade de la Meinau,2021-2022,0,2,26,2022
609278,2022-02-26 20:00:00+00:00,Saint-Étienne at Paris Saint-Germain,ASSE @ PSG,Paris Saint-Germain,160,3,Saint-Étienne,178,1,STATUS_FULL_TIME,Parc des Princes,2021-2022,0,2,26,2022
609280,2022-02-27 12:00:00+00:00,Stade de Reims at AS Monaco,REIM @ MON,AS Monaco,174,1,Stade de Reims,3243,2,STATUS_FULL_TIME,Stade Louis II,2021-2022,0,2,27,2022
609272,2022-02-27 14:00:00+00:00,Lens at Angers,RCL @ ANG,Angers,7868,1,Lens,175,2,STATUS_FULL_TIME,Stade Raymond Kopa,2021-2022,0,2,27,2022
609274,2022-02-27 14:00:00+00:00,Lorient at Brest,LOR @ BRE,Brest,6997,0,Lorient,273,1,STATUS_FULL_TIME,Stade Francis-Le Blé,2021-2022,0,2,27,2022
609271,2022-02-27 14:00:00+00:00,Bordeaux at Clermont Foot,BOR @ CLE,Clermont Foot,3171,1,Bordeaux,159,1,STATUS_FULL_TIME,Stade Gabriel-Montpied,2021-2022,0,2,27,2022
609276,2022-02-27 14:00:00+00:00,Nantes at Metz,NAN @ METZ,Metz,177,0,Nantes,165,0,STATUS_FULL_TIME,Stade Saint-Symphorien,2021-2022,0,2,27,2022
609275,2022-02-27 16:05:00+00:00,Marseille at Troyes,OLM @ TRY,Troyes,170,1,Marseille,176,1,STATUS_FULL_TIME,Stade de l'Aube,2021-2022,0,2,27,2022
609273,2022-02-27 19:45:00+00:00,Lille at Lyon,LILL @ LYON,Lyon,167,0,Lille,166,1,STATUS_FULL_TIME,Groupama Stadium,2021-2022,0,2,27,2022
609265,2022-03-04 20:00:00+00:00,Lyon at Lorient,LYON @ LOR,Lorient,273,1,Lyon,167,4,STATUS_FULL_TIME,Stade du Moustoir - Yves Allainmat,2021-2022,0,3,4,2022
609263,2022-03-05 16:00:00+00:00,Brest at Lens,BRE @ RCL,Lens,175,0,Brest,6997,1,STATUS_FULL_TIME,Stade Félix Bollaert-Delélis,2021-2022,0,3,5,2022
609268,2022-03-05 20:00:00+00:00,Paris Saint-Germain at Nice,PSG @ NICE,Nice,2502,1,Paris Saint-Germain,160,0,STATUS_FULL_TIME,Allianz Riviera,2021-2022,0,3,5,2022
609266,2022-03-06 12:00:00+00:00,Metz at Saint-Étienne,METZ @ ASSE,Saint-Étienne,178,1,Metz,177,0,STATUS_FULL_TIME,Stade Geoffroy-Guichard,2021-2022,0,3,6,2022
609270,2022-03-06 14:00:00+00:00,Troyes at Bordeaux,TRY @ BOR,Bordeaux,159,0,Troyes,170,2,STATUS_FULL_TIME,Stade Atlantique,2021-2022,0,3,6,2022
609267,2022-03-06 14:00:00+00:00,Montpellier at Nantes,MON @ NAN,Nantes,165,2,Montpellier,274,0,STATUS_FULL_TIME,La Beaujoire-Louis-Fonteneau,2021-2022,0,3,6,2022
609269,2022-03-06 14:00:00+00:00,Strasbourg at Stade de Reims,STR @ REIM,Stade de Reims,3243,1,Strasbourg,180,1,STATUS_FULL_TIME,Stade Auguste-Delaune II,2021-2022,0,3,6,2022
609262,2022-03-06 14:00:00+00:00,Angers at Stade Rennais,ANG @ REN,Stade Rennais,169,2,Angers,7868,0,STATUS_FULL_TIME,Roazhon Park,2021-2022,0,3,6,2022
609264,2022-03-06 16:05:00+00:00,Clermont Foot at Lille,CLE @ LILL,Lille,166,4,Clermont Foot,3171,0,STATUS_FULL_TIME,Decathlon Arena - Stade Pierre-Mauroy,2021-2022,0,3,6,2022
609261,2022-03-06 19:45:00+00:00,AS Monaco at Marseille,MON @ OLM,Marseille,176,0,AS Monaco,174,1,STATUS_FULL_TIME,Orange Vélodrome,2021-2022,0,3,6,2022
609258,2022-03-11 20:00:00+00:00,Saint-Étienne at Lille,ASSE @ LILL,Lille,166,0,Saint-Étienne,178,0,STATUS_FULL_TIME,Decathlon Arena - Stade Pierre-Mauroy,2021-2022,0,3,11,2022
609257,2022-03-12 16:00:00+00:00,Nice at Montpellier,NICE @ MON,Montpellier,274,0,Nice,2502,0,STATUS_FULL_TIME,Stade de la Mosson,2021-2022,0,3,12,2022
609256,2022-03-12 20:00:00+00:00,Nantes at Troyes,NAN @ TRY,Troyes,170,1,Nantes,165,0,STATUS_FULL_TIME,Stade de l'Aube,2021-2022,0,3,12,2022
609252,2022-03-13 12:00:00+00:00,Bordeaux at Paris Saint-Germain,BOR @ PSG,Paris Saint-Germain,160,3,Bordeaux,159,0,STATUS_FULL_TIME,Parc des Princes,2021-2022,0,3,13,2022
609260,2022-03-13 14:00:00+00:00,Stade de Reims at Angers,REIM @ ANG,Angers,7868,0,Stade de Reims,3243,1,STATUS_FULL_TIME,Stade Raymond Kopa,2021-2022,0,3,13,2022
609254,2022-03-13 14:00:00+00:00,Lorient at Clermont Foot,LOR @ CLE,Clermont Foot,3171,0,Lorient,273,2,STATUS_FULL_TIME,Stade Gabriel-Montpied,2021-2022,0,3,13,2022
609253,2022-03-13 14:00:00+00:00,Lens at Metz,RCL @ METZ,Metz,177,0,Lens,175,0,STATUS_FULL_TIME,Stade Saint-Symphorien,2021-2022,0,3,13,2022
609251,2022-03-13 14:00:00+00:00,AS Monaco at Strasbourg,MON @ STR,Strasbourg,180,1,AS Monaco,174,0,STATUS_FULL_TIME,Stade de la Meinau,2021-2022,0,3,13,2022
609259,2022-03-13 16:05:00+00:00,Stade Rennais at Lyon,REN @ LYON,Lyon,167,2,Stade Rennais,169,4,STATUS_FULL_TIME,Groupama Stadium,2021-2022,0,3,13,2022
609255,2022-03-13 19:45:00+00:00,Marseille at Brest,OLM @ BRE,Brest,6997,1,Marseille,176,4,STATUS_FULL_TIME,Stade Francis-Le Blé,2021-2022,0,3,13,2022
609250,2022-03-18 20:00:00+00:00,Troyes at Saint-Étienne,TRY @ ASSE,Saint-Étienne,178,1,Troyes,170,1,STATUS_FULL_TIME,Stade Geoffroy-Guichard,2021-2022,0,3,18,2022
609242,2022-03-19 16:00:00+00:00,Clermont Foot at Lens,CLE @ RCL,Lens,175,3,Clermont Foot,3171,1,STATUS_FULL_TIME,Stade Félix Bollaert-Delélis,2021-2022,0,3,19,2022
609243,2022-03-19 20:00:00+00:00,Lille at Nantes,LILL @ NAN,Nantes,165,0,Lille,166,1,STATUS_FULL_TIME,La Beaujoire-Louis-Fonteneau,2021-2022,0,3,19,2022
609248,2022-03-20 12:00:00+00:00,Paris Saint-Germain at AS Monaco,PSG @ MON,AS Monaco,174,3,Paris Saint-Germain,160,0,STATUS_FULL_TIME,Stade Louis II,2021-2022,0,3,20,2022
609246,2022-03-20 14:00:00+00:00,Montpellier at Bordeaux,MON @ BOR,Bordeaux,159,0,Montpellier,274,2,STATUS_FULL_TIME,Stade Atlantique,2021-2022,0,3,20,2022
609241,2022-03-20 14:00:00+00:00,Brest at Angers,BRE @ ANG,Angers,7868,1,Brest,6997,0,STATUS_FULL_TIME,Stade Raymond Kopa,2021-2022,0,3,20,2022
609245,2022-03-20 14:00:00+00:00,Metz at Stade Rennais,METZ @ REN,Stade Rennais,169,6,Metz,177,1,STATUS_FULL_TIME,Roazhon Park,2021-2022,0,3,20,2022
609249,2022-03-20 14:00:00+00:00,Strasbourg at Lorient,STR @ LOR,Lorient,273,0,Strasbourg,180,0,STATUS_FULL_TIME,Stade du Moustoir - Yves Allainmat,2021-2022,0,3,20,2022
609244,2022-03-20 16:05:00+00:00,Lyon at Stade de Reims,LYON @ REIM,Stade de Reims,3243,0,Lyon,167,0,STATUS_FULL_TIME,Stade Auguste-Delaune II,2021-2022,0,3,20,2022
609247,2022-03-20 19:45:00+00:00,Nice at Marseille,NICE @ OLM,Marseille,176,2,Nice,2502,1,STATUS_FULL_TIME,Orange Vélodrome,2021-2022,0,3,20,2022
609239,2022-04-02 15:00:00+00:00,Stade Rennais at Nice,REN @ NICE,Nice,2502,1,Stade Rennais,169,1,STATUS_FULL_TIME,Allianz Riviera,2021-2022,0,4,2,2022
609233,2022-04-02 17:00:00+00:00,Bordeaux at Lille,BOR @ LILL,Lille,166,0,Bordeaux,159,0,STATUS_FULL_TIME,Decathlon Arena - Stade Pierre-Mauroy,2021-2022,0,4,2,2022
609235,2022-04-03 11:00:00+00:00,Lens at Strasbourg,RCL @ STR,Strasbourg,180,1,Lens,175,0,STATUS_FULL_TIME,Stade de la Meinau,2021-2022,0,4,3,2022
609238,2022-04-03 13:00:00+00:00,Nantes at Clermont Foot,NAN @ CLE,Clermont Foot,3171,2,Nantes,165,3,STATUS_FULL_TIME,Stade Gabriel-Montpied,2021-2022,0,4,3,2022
609231,2022-04-03 13:00:00+00:00,AS Monaco at Metz,MON @ METZ,Metz,177,1,AS Monaco,174,2,STATUS_FULL_TIME,Stade Saint-Symphorien,2021-2022,0,4,3,2022
609234,2022-04-03 13:00:00+00:00,Brest at Montpellier,BRE @ MON,Montpellier,274,1,Brest,6997,2,STATUS_FULL_TIME,Stade de la Mosson,2021-2022,0,4,3,2022
609237,2022-04-03 13:00:00+00:00,Marseille at Saint-Étienne,OLM @ ASSE,Saint-Étienne,178,2,Marseille,176,4,STATUS_FULL_TIME,Stade Geoffroy-Guichard,2021-2022,0,4,3,2022
609240,2022-04-03 13:00:00+00:00,Stade de Reims at Troyes,REIM @ TRY,Troyes,170,1,Stade de Reims,3243,0,STATUS_FULL_TIME,Stade de l'Aube,2021-2022,0,4,3,2022
609232,2022-04-03 15:05:00+00:00,Angers at Lyon,ANG @ LYON,Lyon,167,3,Angers,7868,2,STATUS_FULL_TIME,Groupama Stadium,2021-2022,0,4,3,2022
609236,2022-04-03 18:45:00+00:00,Lorient at Paris Saint-Germain,LOR @ PSG,Paris Saint-Germain,160,5,Lorient,273,1,STATUS_FULL_TIME,Parc des Princes,2021-2022,0,4,3,2022
609228,2022-04-08 19:00:00+00:00,Saint-Étienne at Lorient,ASSE @ LOR,Lorient,273,6,Saint-Étienne,178,2,STATUS_FULL_TIME,Stade du Moustoir - Yves Allainmat,2021-2022,0,4,8,2022
609229,2022-04-09 15:00:00+00:00,Stade Rennais at Stade de Reims,REN @ REIM,Stade de Reims,3243,2,Stade Rennais,169,3,STATUS_FULL_TIME,Stade Auguste-Delaune II,2021-2022,0,4,9,2022
609227,2022-04-09 19:00:00+00:00,Paris Saint-Germain at Clermont Foot,PSG @ CLE,Clermont Foot,3171,1,Paris Saint-Germain,160,6,STATUS_FULL_TIME,Stade Gabriel-Montpied,2021-2022,0,4,9,2022
609223,2022-04-10 11:00:00+00:00,Metz at Bordeaux,METZ @ BOR,Bordeaux,159,3,Metz,177,1,STATUS_FULL_TIME,Stade Atlantique,2021-2022,0,4,10,2022
609221,2022-04-10 13:00:00+00:00,Lille at Angers,LILL @ ANG,Angers,7868,1,Lille,166,1,STATUS_FULL_TIME,Stade Raymond Kopa,2021-2022,0,4,10,2022
609230,2022-04-10 13:00:00+00:00,Troyes at AS Monaco,TRY @ MON,AS Monaco,174,2,Troyes,170,1,STATUS_FULL_TIME,Stade Louis II,2021-2022,0,4,10,2022
609225,2022-04-10 13:00:00+00:00,Nantes at Brest,NAN @ BRE,Brest,6997,1,Nantes,165,1,STATUS_FULL_TIME,Stade Francis-Le Blé,2021-2022,0,4,10,2022
609226,2022-04-10 15:05:00+00:00,Nice at Lens,NICE @ RCL,Lens,175,3,Nice,2502,0,STATUS_FULL_TIME,Stade Félix Bollaert-Delélis,2021-2022,0,4,10,2022
609222,2022-04-10 17:00:00+00:00,Lyon at Strasbourg,LYON @ STR,Strasbourg,180,1,Lyon,167,1,STATUS_FULL_TIME,Stade de la Meinau,2021-2022,0,4,10,2022
609224,2022-04-10 19:00:00+00:00,Montpellier at Marseille,MON @ OLM,Marseille,176,2,Montpellier,274,0,STATUS_FULL_TIME,Orange Vélodrome,2021-2022,0,4,10,2022
609211,2022-04-15 19:00:00+00:00,AS Monaco at Stade Rennais,MON @ REN,Stade Rennais,169,2,AS Monaco,174,3,STATUS_FULL_TIME,Roazhon Park,2021-2022,0,4,15,2022
609214,2022-04-16 15:00:00+00:00,Brest at Saint-Étienne,BRE @ ASSE,Saint-Étienne,178,2,Brest,6997,1,STATUS_FULL_TIME,Stade Geoffroy-Guichard,2021-2022,0,4,16,2022
609216,2022-04-16 19:00:00+00:00,Lens at Lille,RCL @ LILL,Lille,166,1,Lens,175,2,STATUS_FULL_TIME,Decathlon Arena - Stade Pierre-Mauroy,2021-2022,0,4,16,2022
609217,2022-04-17 11:00:00+00:00,Lorient at Nice,LOR @ NICE,Nice,2502,2,Lorient,273,1,STATUS_FULL_TIME,Allianz Riviera,2021-2022,0,4,17,2022
609215,2022-04-17 13:00:00+00:00,Clermont Foot at Metz,CLE @ METZ,Metz,177,1,Clermont Foot,3171,1,STATUS_FULL_TIME,Stade Saint-Symphorien,2021-2022,0,4,17,2022
609219,2022-04-17 13:00:00+00:00,Stade de Reims at Montpellier,REIM @ MON,Montpellier,274,0,Stade de Reims,3243,0,STATUS_FULL_TIME,Stade de la Mosson,2021-2022,0,4,17,2022
609212,2022-04-17 13:00:00+00:00,Angers at Nantes,ANG @ NAN,Nantes,165,1,Angers,7868,1,STATUS_FULL_TIME,La Beaujoire-Louis-Fonteneau,2021-2022,0,4,17,2022
609220,2022-04-17 13:00:00+00:00,Strasbourg at Troyes,STR @ TRY,Troyes,170,1,Strasbourg,180,1,STATUS_FULL_TIME,Stade de l'Aube,2021-2022,0,4,17,2022
609213,2022-04-17 15:05:00+00:00,Bordeaux at Lyon,BOR @ LYON,Lyon,167,6,Bordeaux,159,1,STATUS_FULL_TIME,Groupama Stadium,2021-2022,0,4,17,2022
609218,2022-04-17 18:45:00+00:00,Marseille at Paris Saint-Germain,OLM @ PSG,Paris Saint-Germain,160,2,Marseille,176,1,STATUS_FULL_TIME,Parc des Princes,2021-2022,0,4,17,2022
609207,2022-04-20 17:00:00+00:00,Nice at AS Monaco,NICE @ MON,AS Monaco,174,1,Nice,2502,0,STATUS_FULL_TIME,Stade Louis II,2021-2022,0,4,20,2022
609209,2022-04-20 17:00:00+00:00,Saint-Étienne at Bordeaux,ASSE @ BOR,Bordeaux,159,2,Saint-Étienne,178,2,STATUS_FULL_TIME,Stade Atlantique,2021-2022,0,4,20,2022
609204,2022-04-20 17:00:00+00:00,Metz at Lorient,METZ @ LOR,Lorient,273,1,Metz,177,0,STATUS_FULL_TIME,Stade du Moustoir - Yves Allainmat,2021-2022,0,4,20,2022
609202,2022-04-20 17:00:00+00:00,Lille at Stade de Reims,LILL @ REIM,Stade de Reims,3243,2,Lille,166,1,STATUS_FULL_TIME,Stade Auguste-Delaune II,2021-2022,0,4,20,2022
609201,2022-04-20 17:00:00+00:00,Clermont Foot at Troyes,CLE @ TRY,Troyes,170,0,Clermont Foot,3171,1,STATUS_FULL_TIME,Stade de l'Aube,2021-2022,0,4,20,2022
609205,2022-04-20 19:00:00+00:00,Montpellier at Lens,MON @ RCL,Lens,175,2,Montpellier,274,0,STATUS_FULL_TIME,Stade Félix Bollaert-Delélis,2021-2022,0,4,20,2022
609208,2022-04-20 19:00:00+00:00,Paris Saint-Germain at Angers,PSG @ ANG,Angers,7868,0,Paris Saint-Germain,160,3,STATUS_FULL_TIME,Stade Raymond Kopa,2021-2022,0,4,20,2022
609206,2022-04-20 19:00:00+00:00,Nantes at Marseille,NAN @ OLM,Marseille,176,3,Nantes,165,2,STATUS_FULL_TIME,Orange Vélodrome,2021-2022,0,4,20,2022
609210,2022-04-20 19:00:00+00:00,Stade Rennais at Strasbourg,REN @ STR,Strasbourg,180,2,Stade Rennais,169,1,STATUS_FULL_TIME,Stade de la Meinau,2021-2022,0,4,20,2022
609203,2022-04-20 19:00:00+00:00,Lyon at Brest,LYON @ BRE,Brest,6997,2,Lyon,167,1,STATUS_FULL_TIME,Stade Francis-Le Blé,2021-2022,0,4,20,2022
609198,2022-04-23 15:00:00+00:00,Montpellier at Lyon,MON @ LYON,Lyon,167,5,Montpellier,274,2,STATUS_FULL_TIME,Groupama Stadium,2021-2022,0,4,23,2022
609191,2022-04-23 17:00:00+00:00,AS Monaco at Saint-Étienne,MON @ ASSE,Saint-Étienne,178,1,AS Monaco,174,4,STATUS_FULL_TIME,Stade Geoffroy Guichard,2021-2022,0,4,23,2022
609195,2022-04-23 19:00:00+00:00,Lens at Paris Saint-Germain,RCL @ PSG,Paris Saint-Germain,160,1,Lens,175,1,STATUS_FULL_TIME,Parc des Princes,2021-2022,0,4,23,2022
609196,2022-04-24 11:00:00+00:00,Lorient at Stade Rennais,LOR @ REN,Stade Rennais,169,5,Lorient,273,0,STATUS_FULL_TIME,Roazhon Park,2021-2022,0,4,24,2022
609192,2022-04-24 13:00:00+00:00,Angers at Clermont Foot,ANG @ CLE,Clermont Foot,3171,2,Angers,7868,2,STATUS_FULL_TIME,Stade Gabriel-Montpied,2021-2022,0,4,24,2022
609194,2022-04-24 13:00:00+00:00,Brest at Metz,BRE @ METZ,Metz,177,0,Brest,6997,1,STATUS_FULL_TIME,Stade Saint-Symphorien,2021-2022,0,4,24,2022
609193,2022-04-24 13:00:00+00:00,Bordeaux at Nantes,BOR @ NAN,Nantes,165,5,Bordeaux,159,3,STATUS_FULL_TIME,La Beaujoire-Louis-Fonteneau,2021-2022,0,4,24,2022
609200,2022-04-24 13:00:00+00:00,Troyes at Nice,TRY @ NICE,Nice,2502,1,Troyes,170,0,STATUS_FULL_TIME,Allianz Riviera,2021-2022,0,4,24,2022
609199,2022-04-24 15:05:00+00:00,Strasbourg at Lille,STR @ LILL,Lille,166,1,Strasbourg,180,0,STATUS_FULL_TIME,Decathlon Arena - Stade Pierre-Mauroy,2021-2022,0,4,24,2022
609197,2022-04-24 18:45:00+00:00,Marseille at Stade de Reims,OLM @ REIM,Stade de Reims,3243,0,Marseille,176,1,STATUS_FULL_TIME,Stade Auguste-Delaune II,2021-2022,0,4,24,2022
609188,2022-04-29 19:00:00+00:00,Paris Saint-Germain at Strasbourg,PSG @ STR,Strasbourg,180,3,Paris Saint-Germain,160,3,STATUS_FULL_TIME,Stade de la Meinau,2021-2022,0,4,29,2022
609186,2022-04-30 15:00:00+00:00,Nantes at Lens,NAN @ RCL,Lens,175,2,Nantes,165,2,STATUS_FULL_TIME,Stade Félix Bollaert-Delélis,2021-2022,0,4,30,2022
609189,2022-04-30 19:00:00+00:00,Saint-Étienne at Stade Rennais,ASSE @ REN,Stade Rennais,169,2,Saint-Étienne,178,0,STATUS_FULL_TIME,Roazhon Park,2021-2022,0,4,30,2022
609183,2022-05-01 11:00:00+00:00,Lille at Troyes,LILL @ TRY,Troyes,170,3,Lille,166,0,STATUS_FULL_TIME,Stade de l'Aube,2021-2022,0,5,1,2022
609181,2022-05-01 13:00:00+00:00,Angers at AS Monaco,ANG @ MON,AS Monaco,174,2,Angers,7868,0,STATUS_FULL_TIME,Stade Louis II,2021-2022,0,5,1,2022
609182,2022-05-01 13:00:00+00:00,Clermont Foot at Brest,CLE @ BRE,Brest,6997,2,Clermont Foot,3171,0,STATUS_FULL_TIME,Stade Francis-Le Blé,2021-2022,0,5,1,2022
609190,2022-05-01 13:00:00+00:00,Stade de Reims at Lorient,REIM @ LOR,Lorient,273,1,Stade de Reims,3243,2,STATUS_FULL_TIME,Stade du Moustoir - Yves Allainmat,2021-2022,0,5,1,2022
609185,2022-05-01 13:00:00+00:00,Metz at Montpellier,METZ @ MON,Montpellier,274,2,Metz,177,2,STATUS_FULL_TIME,Stade de la Mosson,2021-2022,0,5,1,2022
609187,2022-05-01 15:05:00+00:00,Nice at Bordeaux,NICE @ BOR,Bordeaux,159,0,Nice,2502,1,STATUS_FULL_TIME,Stade Atlantique,2021-2022,0,5,1,2022
609184,2022-05-01 18:45:00+00:00,Lyon at Marseille,LYON @ OLM,Marseille,176,0,Lyon,167,3,STATUS_FULL_TIME,Orange Vélodrome,2021-2022,0,5,1,2022
609171,2022-05-06 19:00:00+00:00,AS Monaco at Lille,MON @ LILL,Lille,166,1,AS Monaco,174,2,STATUS_FULL_TIME,Decathlon Arena - Stade Pierre-Mauroy,2021-2022,0,5,6,2022
609179,2022-05-07 15:00:00+00:00,Strasbourg at Brest,STR @ BRE,Brest,6997,0,Strasbourg,180,1,STATUS_FULL_TIME,Stade Francis-Le Blé,2021-2022,0,5,7,2022
609174,2022-05-08 11:00:00+00:00,Lyon at Metz,LYON @ METZ,Metz,177,3,Lyon,167,2,STATUS_FULL_TIME,Stade Saint-Symphorien,2021-2022,0,5,8,2022
609172,2022-05-08 13:00:00+00:00,Bordeaux at Angers,BOR @ ANG,Angers,7868,4,Bordeaux,159,1,STATUS_FULL_TIME,Stade Raymond Kopa,2021-2022,0,5,8,2022
609176,2022-05-08 13:00:00+00:00,Montpellier at Clermont Foot,MON @ CLE,Clermont Foot,3171,2,Montpellier,274,1,STATUS_FULL_TIME,Stade Gabriel-Montpied,2021-2022,0,5,8,2022
609173,2022-05-08 13:00:00+00:00,Lens at Stade de Reims,RCL @ REIM,Stade de Reims,3243,1,Lens,175,2,STATUS_FULL_TIME,Stade Auguste-Delaune II,2021-2022,0,5,8,2022
609175,2022-05-08 15:05:00+00:00,Marseille at Lorient,OLM @ LOR,Lorient,273,0,Marseille,176,3,STATUS_FULL_TIME,Stade du Moustoir - Yves Allainmat,2021-2022,0,5,8,2022
609180,2022-05-08 18:45:00+00:00,Troyes at Paris Saint-Germain,TRY @ PSG,Paris Saint-Germain,160,2,Troyes,170,2,STATUS_FULL_TIME,Parc des Princes,2021-2022,0,5,8,2022
609177,2022-05-11 17:00:00+00:00,Saint-Étienne at Nice,ASSE @ NICE,Nice,2502,4,Saint-Étienne,178,2,STATUS_FULL_TIME,Allianz Riviera,2021-2022,0,5,11,2022
609178,2022-05-11 19:00:00+00:00,Stade Rennais at Nantes,REN @ NAN,Nantes,165,2,Stade Rennais,169,1,STATUS_FULL_TIME,La Beaujoire-Louis-Fonteneau,2021-2022,0,5,11,2022
609162,2022-05-14 19:00:00+00:00,Brest at AS Monaco,BRE @ MON,AS Monaco,174,4,Brest,6997,2,STATUS_FULL_TIME,Stade Louis II,2021-2022,0,5,14,2022
609166,2022-05-14 19:00:00+00:00,Lorient at Bordeaux,LOR @ BOR,Bordeaux,159,0,Lorient,273,0,STATUS_FULL_TIME,Stade Atlantique,2021-2022,0,5,14,2022
609168,2022-05-14 19:00:00+00:00,Nantes at Lyon,NAN @ LYON,Lyon,167,3,Nantes,165,2,STATUS_FULL_TIME,Groupama Stadium,2021-2022,0,5,14,2022
609161,2022-05-14 19:00:00+00:00,Angers at Metz,ANG @ METZ,Metz,177,1,Angers,7868,0,STATUS_FULL_TIME,Stade Saint-Symphorien,2021-2022,0,5,14,2022
609169,2022-05-14 19:00:00+00:00,Paris Saint-Germain at Montpellier,PSG @ MON,Montpellier,274,0,Paris Saint-Germain,160,4,STATUS_FULL_TIME,Stade de la Mosson,2021-2022,0,5,14,2022
609165,2022-05-14 19:00:00+00:00,Lille at Nice,LILL @ NICE,Nice,2502,1,Lille,166,3,STATUS_FULL_TIME,Allianz Riviera,2021-2022,0,5,14,2022
609170,2022-05-14 19:00:00+00:00,Stade de Reims at Saint-Étienne,REIM @ ASSE,Saint-Étienne,178,1,Stade de Reims,3243,2,STATUS_FULL_TIME,Stade Geoffroy-Guichard,2021-2022,0,5,14,2022
609167,2022-05-14 19:00:00+00:00,Marseille at Stade Rennais,OLM @ REN,Stade Rennais,169,2,Marseille,176,0,STATUS_FULL_TIME,Roazhon Park,2021-2022,0,5,14,2022
609163,2022-05-14 19:00:00+00:00,Clermont Foot at Strasbourg,CLE @ STR,Strasbourg,180,1,Clermont Foot,3171,0,STATUS_FULL_TIME,Stade de la Meinau,2021-2022,0,5,14,2022
609164,2022-05-14 19:00:00+00:00,Lens at Troyes,RCL @ TRY,Troyes,170,1,Lens,175,3,STATUS_FULL_TIME,Stade de l'Aube,2021-2022,0,5,14,2022
609158,2022-05-21 19:00:00+00:00,Stade Rennais at Lille,REN @ LILL,Lille,166,2,Stade Rennais,169,2,STATUS_FULL_TIME,Decathlon Arena - Stade Pierre-Mauroy,2021-2022,0,5,21,2022
609155,2022-05-21 19:00:00+00:00,Montpellier at Angers,MON @ ANG,Angers,7868,2,Montpellier,274,0,STATUS_FULL_TIME,Stade Raymond Kopa,2021-2022,0,5,21,2022
609153,2022-05-21 19:00:00+00:00,Lyon at Clermont Foot,LYON @ CLE,Clermont Foot,3171,1,Lyon,167,2,STATUS_FULL_TIME,Stade Gabriel-Montpied,2021-2022,0,5,21,2022
609151,2022-05-21 19:00:00+00:00,AS Monaco at Lens,MON @ RCL,Lens,175,2,AS Monaco,174,2,STATUS_FULL_TIME,Stade Félix Bollaert-Delélis,2021-2022,0,5,21,2022
609152,2022-05-21 19:00:00+00:00,Bordeaux at Brest,BOR @ BRE,Brest,6997,2,Bordeaux,159,4,STATUS_FULL_TIME,Stade Francis-Le Blé,2021-2022,0,5,21,2022
609154,2022-05-21 19:00:00+00:00,Metz at Paris Saint-Germain,METZ @ PSG,Paris Saint-Germain,160,5,Metz,177,0,STATUS_FULL_TIME,Parc des Princes,2021-2022,0,5,21,2022
609159,2022-05-21 19:00:00+00:00,Strasbourg at Marseille,STR @ OLM,Marseille,176,4,Strasbourg,180,0,STATUS_FULL_TIME,Orange Vélodrome,2021-2022,0,5,21,2022
609157,2022-05-21 19:00:00+00:00,Saint-Étienne at Nantes,ASSE @ NAN,Nantes,165,1,Saint-Étienne,178,1,STATUS_FULL_TIME,La Beaujoire-Louis-Fonteneau,2021-2022,0,5,21,2022
609156,2022-05-21 19:00:00+00:00,Nice at Stade de Reims,NICE @ REIM,Stade de Reims,3243,2,Nice,2502,3,STATUS_FULL_TIME,Stade Auguste-Delaune II,2021-2022,0,5,21,2022
609160,2022-05-21 19:00:00+00:00,Troyes at Lorient,TRY @ LOR,Lorient,273,1,Troyes,170,1,STATUS_FULL_TIME,Stade du Moustoir - Yves Allainmat,2021-2022,0,5,21,2022
639617,2022-08-05 19:00:00+00:00,AC Ajaccio at Lyon,ACA @ LYON,Lyon,167,2,AC Ajaccio,2503,1,STATUS_FULL_TIME,Groupama Stadium,2022-2023,0,8,5,2022
639613,2022-08-06 15:00:00+00:00,AS Monaco at Strasbourg,MON @ STR,Strasbourg,180,1,AS Monaco,174,2,STATUS_FULL_TIME,Stade de la Meinau,2022-2023,0,8,6,2022
639619,2022-08-06 19:00:00+00:00,Paris Saint-Germain at Clermont Foot,PSG @ CLE,Clermont Foot,3171,0,Paris Saint-Germain,160,5,STATUS_FULL_TIME,Stade Gabriel-Montpied,2022-2023,0,8,6,2022
639612,2022-08-07 11:00:00+00:00,Nice at Toulouse,NICE @ TOU,Toulouse,179,1,Nice,2502,1,STATUS_FULL_TIME,Stadium de Toulouse,2022-2023,0,8,7,2022
639611,2022-08-07 13:00:00+00:00,Brest at Lens,BRE @ RCL,Lens,175,3,Brest,6997,2,STATUS_FULL_TIME,Stade Félix Bollaert-Delélis,2022-2023,0,8,7,2022
639618,2022-08-07 13:00:00+00:00,Nantes at Angers,NAN @ ANG,Angers,7868,0,Nantes,165,0,STATUS_FULL_TIME,Stade Raymond Kopa,2022-2023,0,8,7,2022
639615,2022-08-07 13:00:00+00:00,Troyes at Montpellier,TRY @ MON,Montpellier,274,3,Troyes,170,2,STATUS_FULL_TIME,Stade de la Mosson,2022-2023,0,8,7,2022
639610,2022-08-07 13:00:00+00:00,AJ Auxerre at Lille,AUX @ LILL,Lille,166,4,AJ Auxerre,172,1,STATUS_FULL_TIME,Decathlon Arena - Stade Pierre-Mauroy,2022-2023,0,8,7,2022
639614,2022-08-07 15:05:00+00:00,Lorient at Stade Rennais,LOR @ REN,Stade Rennais,169,0,Lorient,273,1,STATUS_FULL_TIME,Roazhon Park,2022-2023,0,8,7,2022
639616,2022-08-07 18:45:00+00:00,Stade de Reims at Marseille,REIM @ OLM,Marseille,176,4,Stade de Reims,3243,1,STATUS_FULL_TIME,Orange Vélodrome,2022-2023,0,8,7,2022
639629,2022-08-12 19:00:00+00:00,Lille at Nantes,LILL @ NAN,Nantes,165,1,Lille,166,1,STATUS_FULL_TIME,La Beaujoire-Louis-Fonteneau,2022-2023,0,8,12,2022
639625,2022-08-13 15:00:00+00:00,Stade Rennais at AS Monaco,REN @ MON,AS Monaco,174,1,Stade Rennais,169,1,STATUS_FULL_TIME,Stade Louis II,2022-2023,0,8,13,2022
639622,2022-08-13 19:00:00+00:00,Montpellier at Paris Saint-Germain,MON @ PSG,Paris Saint-Germain,160,5,Montpellier,274,2,STATUS_FULL_TIME,Parc des Princes,2022-2023,0,8,13,2022
639620,2022-08-14 13:00:00+00:00,Lens at AC Ajaccio,RCL @ ACA,AC Ajaccio,2503,0,Lens,175,0,STATUS_FULL_TIME,Stade Michel-Moretti,2022-2023,0,8,14,2022
639628,2022-08-14 13:00:00+00:00,Angers at AJ Auxerre,ANG @ AUX,AJ Auxerre,172,2,Angers,7868,2,STATUS_FULL_TIME,Stade de l'Abbé-Deschamps,2022-2023,0,8,14,2022
639621,2022-08-14 13:00:00+00:00,Clermont Foot at Stade de Reims,CLE @ REIM,Stade de Reims,3243,2,Clermont Foot,3171,4,STATUS_FULL_TIME,Stade Auguste-Delaune II,2022-2023,0,8,14,2022
639624,2022-08-14 13:00:00+00:00,Toulouse at Troyes,TOU @ TRY,Troyes,170,0,Toulouse,179,3,STATUS_FULL_TIME,Stade de l'Aube,2022-2023,0,8,14,2022
639623,2022-08-14 15:05:00+00:00,Strasbourg at Nice,STR @ NICE,Nice,2502,1,Strasbourg,180,1,STATUS_FULL_TIME,Allianz Riviera,2022-2023,0,8,14,2022
639627,2022-08-14 18:45:00+00:00,Marseille at Brest,OLM @ BRE,Brest,6997,1,Marseille,176,1,STATUS_FULL_TIME,Stade Francis-Le Blé,2022-2023,0,8,14,2022
639630,2022-08-19 19:00:00+00:00,Troyes at Lyon,TRY @ LYON,Lyon,167,4,Troyes,170,1,STATUS_FULL_TIME,Groupama Stadium,2022-2023,0,8,19,2022
639639,2022-08-20 15:00:00+00:00,Lens at AS Monaco,RCL @ MON,AS Monaco,174,1,Lens,175,4,STATUS_FULL_TIME,Stade Louis II,2022-2023,0,8,20,2022
639634,2022-08-20 19:00:00+00:00,Nantes at Marseille,NAN @ OLM,Marseille,176,2,Nantes,165,1,STATUS_FULL_TIME,Orange Vélodrome,2022-2023,0,8,20,2022
639636,2022-08-21 11:00:00+00:00,Stade de Reims at Strasbourg,REIM @ STR,Strasbourg,180,1,Stade de Reims,3243,1,STATUS_FULL_TIME,Stade de la Meinau,2022-2023,0,8,21,2022
639633,2022-08-21 13:00:00+00:00,Brest at Angers,BRE @ ANG,Angers,7868,1,Brest,6997,3,STATUS_FULL_TIME,Stade Raymond Kopa,2022-2023,0,8,21,2022
639632,2022-08-21 13:00:00+00:00,Nice at Clermont Foot,NICE @ CLE,Clermont Foot,3171,1,Nice,2502,0,STATUS_FULL_TIME,Stade Gabriel-Montpied,2022-2023,0,8,21,2022
639638,2022-08-21 13:00:00+00:00,AJ Auxerre at Montpellier,AUX @ MON,Montpellier,274,1,AJ Auxerre,172,2,STATUS_FULL_TIME,Stade de la Mosson,2022-2023,0,8,21,2022
639635,2022-08-21 13:00:00+00:00,Lorient at Toulouse,LOR @ TOU,Toulouse,179,2,Lorient,273,2,STATUS_FULL_TIME,Stadium de Toulouse,2022-2023,0,8,21,2022
639637,2022-08-21 15:05:00+00:00,AC Ajaccio at Stade Rennais,ACA @ REN,Stade Rennais,169,2,AC Ajaccio,2503,1,STATUS_FULL_TIME,Roazhon Park,2022-2023,0,8,21,2022
639631,2022-08-21 18:45:00+00:00,Paris Saint-Germain at Lille,PSG @ LILL,Lille,166,1,Paris Saint-Germain,160,7,STATUS_FULL_TIME,Decathlon Arena - Stade Pierre-Mauroy,2022-2023,0,8,21,2022
639640,2022-08-26 19:00:00+00:00,Lille at AC Ajaccio,LILL @ ACA,AC Ajaccio,2503,1,Lille,166,3,STATUS_FULL_TIME,Stade Michel-Moretti,2022-2023,0,8,26,2022
639641,2022-08-27 15:00:00+00:00,Strasbourg at AJ Auxerre,STR @ AUX,AJ Auxerre,172,1,Strasbourg,180,0,STATUS_FULL_TIME,Stade de l'Abbé-Deschamps,2022-2023,0,8,27,2022
639648,2022-08-27 19:00:00+00:00,Stade Rennais at Lens,REN @ RCL,Lens,175,2,Stade Rennais,169,1,STATUS_FULL_TIME,Stade Félix Bollaert-Delélis,2022-2023,0,8,27,2022
639646,2022-08-28 11:00:00+00:00,Toulouse at Nantes,TOU @ NAN,Nantes,165,3,Toulouse,179,1,STATUS_FULL_TIME,La Beaujoire-Louis-Fonteneau,2022-2023,0,8,28,2022
639649,2022-08-28 13:00:00+00:00,Montpellier at Brest,MON @ BRE,Brest,6997,0,Montpellier,274,7,STATUS_FULL_TIME,Stade Francis-Le Blé,2022-2023,0,8,28,2022
639647,2022-08-28 13:00:00+00:00,Clermont Foot at Lorient,CLE @ LOR,Lorient,273,2,Clermont Foot,3171,1,STATUS_FULL_TIME,Stade du Moustoir - Yves Allainmat,2022-2023,0,8,28,2022
639645,2022-08-28 13:00:00+00:00,Marseille at Nice,OLM @ NICE,Nice,2502,0,Marseille,176,3,STATUS_FULL_TIME,Allianz Riviera,2022-2023,0,8,28,2022
639642,2022-08-28 13:00:00+00:00,Angers at Troyes,ANG @ TRY,Troyes,170,3,Angers,7868,1,STATUS_FULL_TIME,Stade de l'Aube,2022-2023,0,8,28,2022
639643,2022-08-28 15:05:00+00:00,Lyon at Stade de Reims,LYON @ REIM,Stade de Reims,3243,1,Lyon,167,1,STATUS_FULL_TIME,Stade Auguste-Delaune II,2022-2023,0,8,28,2022
639644,2022-08-28 18:45:00+00:00,AS Monaco at Paris Saint-Germain,MON @ PSG,Paris Saint-Germain,160,1,AS Monaco,174,1,STATUS_FULL_TIME,Parc des Princes,2022-2023,0,8,28,2022
639650,2022-08-31 17:00:00+00:00,Stade de Reims at Angers,REIM @ ANG,Angers,7868,2,Stade de Reims,3243,4,STATUS_FULL_TIME,Stade Raymond Kopa,2022-2023,0,8,31,2022
639652,2022-08-31 17:00:00+00:00,Troyes at AS Monaco,TRY @ MON,AS Monaco,174,2,Troyes,170,4,STATUS_FULL_TIME,Stade Louis II,2022-2023,0,8,31,2022
639656,2022-08-31 17:00:00+00:00,AJ Auxerre at Lyon,AUX @ LYON,Lyon,167,2,AJ Auxerre,172,1,STATUS_FULL_TIME,Groupama Stadium,2022-2023,0,8,31,2022
639653,2022-08-31 17:00:00+00:00,AC Ajaccio at Montpellier,ACA @ MON,Montpellier,274,2,AC Ajaccio,2503,0,STATUS_FULL_TIME,Stade de la Mosson,2022-2023,0,8,31,2022
639655,2022-08-31 17:00:00+00:00,Nantes at Strasbourg,NAN @ STR,Strasbourg,180,1,Nantes,165,1,STATUS_FULL_TIME,Stade de la Meinau,2022-2023,0,8,31,2022
639658,2022-08-31 19:00:00+00:00,Lorient at Lens,LOR @ RCL,Lens,175,5,Lorient,273,2,STATUS_FULL_TIME,Stade Félix Bollaert-Delélis,2022-2023,0,8,31,2022
639654,2022-08-31 19:00:00+00:00,Paris Saint-Germain at Toulouse,PSG @ TOU,Toulouse,179,0,Paris Saint-Germain,160,3,STATUS_FULL_TIME,Stadium de Toulouse,2022-2023,0,8,31,2022
639657,2022-08-31 19:00:00+00:00,Nice at Lille,NICE @ LILL,Lille,166,1,Nice,2502,2,STATUS_FULL_TIME,Decathlon Arena - Stade Pierre-Mauroy,2022-2023,0,8,31,2022
639659,2022-08-31 19:00:00+00:00,Brest at Stade Rennais,BRE @ REN,Stade Rennais,169,3,Brest,6997,1,STATUS_FULL_TIME,Roazhon Park,2022-2023,0,8,31,2022
639651,2022-08-31 19:00:00+00:00,Clermont Foot at Marseille,CLE @ OLM,Marseille,176,1,Clermont Foot,3171,0,STATUS_FULL_TIME,Orange Vélodrome,2022-2023,0,8,31,2022
639662,2022-09-03 15:00:00+00:00,Marseille at AJ Auxerre,OLM @ AUX,AJ Auxerre,172,0,Marseille,176,2,STATUS_FULL_TIME,Stade de l'Abbé-Deschamps,2022-2023,0,9,3,2022
639669,2022-09-03 17:00:00+00:00,Angers at Lyon,ANG @ LYON,Lyon,167,5,Angers,7868,0,STATUS_FULL_TIME,Groupama Stadium,2022-2023,0,9,3,2022
639666,2022-09-03 19:00:00+00:00,Paris Saint-Germain at Nantes,PSG @ NAN,Nantes,165,0,Paris Saint-Germain,160,3,STATUS_FULL_TIME,La Beaujoire-Louis-Fonteneau,2022-2023,0,9,3,2022
639665,2022-09-04 11:00:00+00:00,Lille at Montpellier,LILL @ MON,Montpellier,274,1,Lille,166,3,STATUS_FULL_TIME,Stade de la Mosson,2022-2023,0,9,4,2022
639663,2022-09-04 13:00:00+00:00,Lorient at AC Ajaccio,LOR @ ACA,AC Ajaccio,2503,0,Lorient,273,1,STATUS_FULL_TIME,Stade Michel-Moretti,2022-2023,0,9,4,2022
639661,2022-09-04 13:00:00+00:00,Strasbourg at Brest,STR @ BRE,Brest,6997,1,Strasbourg,180,1,STATUS_FULL_TIME,Stade Francis-Le Blé,2022-2023,0,9,4,2022
639660,2022-09-04 13:00:00+00:00,Toulouse at Clermont Foot,TOU @ CLE,Clermont Foot,3171,2,Toulouse,179,0,STATUS_FULL_TIME,Stade Gabriel-Montpied,2022-2023,0,9,4,2022
639668,2022-09-04 13:00:00+00:00,Lens at Stade de Reims,RCL @ REIM,Stade de Reims,3243,1,Lens,175,1,STATUS_FULL_TIME,Stade Auguste-Delaune II,2022-2023,0,9,4,2022
639664,2022-09-04 15:05:00+00:00,Stade Rennais at Troyes,REN @ TRY,Troyes,170,1,Stade Rennais,169,1,STATUS_FULL_TIME,Stade de l'Aube,2022-2023,0,9,4,2022
639667,2022-09-04 18:45:00+00:00,AS Monaco at Nice,MON @ NICE,Nice,2502,0,AS Monaco,174,1,STATUS_FULL_TIME,Allianz Riviera,2022-2023,0,9,4,2022
639626,2022-09-07 17:00:00+00:00,Lyon at Lorient,LYON @ LOR,Lorient,273,3,Lyon,167,1,STATUS_FULL_TIME,Stade du Moustoir - Yves Allainmat,2022-2023,0,9,7,2022
639671,2022-09-09 19:00:00+00:00,Troyes at Lens,TRY @ RCL,Lens,175,1,Troyes,170,0,STATUS_FULL_TIME,Stade Félix Bollaert-Delélis,2022-2023,0,9,9,2022
639678,2022-09-10 15:00:00+00:00,Brest at Paris Saint-Germain,BRE @ PSG,Paris Saint-Germain,160,1,Brest,6997,0,STATUS_FULL_TIME,Parc des Princes,2022-2023,0,9,10,2022
639674,2022-09-10 19:00:00+00:00,Lille at Marseille,LILL @ OLM,Marseille,176,2,Lille,166,1,STATUS_FULL_TIME,Orange Vélodrome,2022-2023,0,9,10,2022
639676,2022-09-11 11:00:00+00:00,Clermont Foot at Strasbourg,CLE @ STR,Strasbourg,180,0,Clermont Foot,3171,0,STATUS_FULL_TIME,Stade de la Meinau,2022-2023,0,9,11,2022
639673,2022-09-11 13:00:00+00:00,Nice at AC Ajaccio,NICE @ ACA,AC Ajaccio,2503,0,Nice,2502,1,STATUS_FULL_TIME,Stade Michel-Moretti,2022-2023,0,9,11,2022
639672,2022-09-11 13:00:00+00:00,Montpellier at Angers,MON @ ANG,Angers,7868,2,Montpellier,274,1,STATUS_FULL_TIME,Stade Raymond Kopa,2022-2023,0,9,11,2022
639670,2022-09-11 13:00:00+00:00,Nantes at Lorient,NAN @ LOR,Lorient,273,3,Nantes,165,2,STATUS_FULL_TIME,Stade du Moustoir - Yves Allainmat,2022-2023,0,9,11,2022
639675,2022-09-11 13:00:00+00:00,Stade de Reims at Toulouse,REIM @ TOU,Toulouse,179,1,Stade de Reims,3243,0,STATUS_FULL_TIME,Stadium de Toulouse,2022-2023,0,9,11,2022
639677,2022-09-11 15:05:00+00:00,AJ Auxerre at Stade Rennais,AUX @ REN,Stade Rennais,169,5,AJ Auxerre,172,0,STATUS_FULL_TIME,Roazhon Park,2022-2023,0,9,11,2022
639679,2022-09-11 18:45:00+00:00,Lyon at AS Monaco,LYON @ MON,AS Monaco,174,2,Lyon,167,1,STATUS_FULL_TIME,Stade Louis II,2022-2023,0,9,11,2022
639680,2022-09-16 19:00:00+00:00,Lorient at AJ Auxerre,LOR @ AUX,AJ Auxerre,172,1,Lorient,273,3,STATUS_FULL_TIME,Stade de l'Abbé-Deschamps,2022-2023,0,9,16,2022
639686,2022-09-17 15:00:00+00:00,Strasbourg at Montpellier,STR @ MON,Montpellier,274,2,Strasbourg,180,1,STATUS_FULL_TIME,Stade de la Mosson,2022-2023,0,9,17,2022
639683,2022-09-17 19:00:00+00:00,Toulouse at Lille,TOU @ LILL,Lille,166,2,Toulouse,179,1,STATUS_FULL_TIME,Decathlon Arena - Stade Pierre-Mauroy,2022-2023,0,9,17,2022
639684,2022-09-18 11:00:00+00:00,AS Monaco at Stade de Reims,MON @ REIM,Stade de Reims,3243,0,AS Monaco,174,3,STATUS_FULL_TIME,Stade Auguste-Delaune II,2022-2023,0,9,18,2022
639682,2022-09-18 13:00:00+00:00,Troyes at Clermont Foot,TRY @ CLE,Clermont Foot,3171,1,Troyes,170,3,STATUS_FULL_TIME,Stade Gabriel-Montpied,2022-2023,0,9,18,2022
639681,2022-09-18 13:00:00+00:00,AC Ajaccio at Brest,ACA @ BRE,Brest,6997,0,AC Ajaccio,2503,1,STATUS_FULL_TIME,Stade Francis-Le Blé,2022-2023,0,9,18,2022
639689,2022-09-18 13:00:00+00:00,Angers at Nice,ANG @ NICE,Nice,2502,0,Angers,7868,1,STATUS_FULL_TIME,Allianz Riviera,2022-2023,0,9,18,2022
639687,2022-09-18 13:00:00+00:00,Stade Rennais at Marseille,REN @ OLM,Marseille,176,1,Stade Rennais,169,1,STATUS_FULL_TIME,Orange Vélodrome,2022-2023,0,9,18,2022
639685,2022-09-18 15:05:00+00:00,Lens at Nantes,RCL @ NAN,Nantes,165,0,Lens,175,0,STATUS_FULL_TIME,La Beaujoire-Louis-Fonteneau,2022-2023,0,9,18,2022
639688,2022-09-18 18:45:00+00:00,Paris Saint-Germain at Lyon,PSG @ LYON,Lyon,167,0,Paris Saint-Germain,160,1,STATUS_FULL_TIME,Groupama Stadium,2022-2023,0,9,18,2022
639699,2022-09-30 19:00:00+00:00,Marseille at Angers,OLM @ ANG,Angers,7868,0,Marseille,176,3,STATUS_FULL_TIME,Stade Raymond Kopa,2022-2023,0,9,30,2022
639694,2022-10-01 15:00:00+00:00,Stade Rennais at Strasbourg,REN @ STR,Strasbourg,180,1,Stade Rennais,169,3,STATUS_FULL_TIME,Stade de la Meinau,2022-2023,0,10,1,2022
639695,2022-10-01 19:00:00+00:00,Nice at Paris Saint-Germain,NICE @ PSG,Paris Saint-Germain,160,2,Nice,2502,1,STATUS_FULL_TIME,Parc des Princes,2022-2023,0,10,1,2022
639697,2022-10-02 11:00:00+00:00,Lille at Lorient,LILL @ LOR,Lorient,273,2,Lille,166,1,STATUS_FULL_TIME,Stade du Moustoir - Yves Allainmat,2022-2023,0,10,2,2022
639698,2022-10-02 13:00:00+00:00,Clermont Foot at AC Ajaccio,CLE @ ACA,AC Ajaccio,2503,1,Clermont Foot,3171,3,STATUS_FULL_TIME,Stade Michel-Moretti,2022-2023,0,10,2,2022
639691,2022-10-02 13:00:00+00:00,Brest at AJ Auxerre,BRE @ AUX,AJ Auxerre,172,1,Brest,6997,1,STATUS_FULL_TIME,Stade de l'Abbé-Deschamps,2022-2023,0,10,2,2022
639693,2022-10-02 13:00:00+00:00,Montpellier at Toulouse,MON @ TOU,Toulouse,179,4,Montpellier,274,2,STATUS_FULL_TIME,Stadium de Toulouse,2022-2023,0,10,2,2022
639692,2022-10-02 13:00:00+00:00,Stade de Reims at Troyes,REIM @ TRY,Troyes,170,2,Stade de Reims,3243,2,STATUS_FULL_TIME,Stade de l'Aube,2022-2023,0,10,2,2022
639696,2022-10-02 15:05:00+00:00,Nantes at AS Monaco,NAN @ MON,AS Monaco,174,4,Nantes,165,1,STATUS_FULL_TIME,Stade Louis II,2022-2023,0,10,2,2022
639690,2022-10-02 18:45:00+00:00,Lyon at Lens,LYON @ RCL,Lens,175,1,Lyon,167,0,STATUS_FULL_TIME,Stade Félix Bollaert-Delélis,2022-2023,0,10,2,2022
639705,2022-10-07 19:00:00+00:00,Toulouse at Lyon,TOU @ LYON,Lyon,167,1,Toulouse,179,1,STATUS_FULL_TIME,Groupama Stadium,2022-2023,0,10,7,2022
639709,2022-10-08 15:00:00+00:00,AC Ajaccio at Marseille,ACA @ OLM,Marseille,176,1,AC Ajaccio,2503,2,STATUS_FULL_TIME,Orange Vélodrome,2022-2023,0,10,8,2022
639701,2022-10-08 19:00:00+00:00,Paris Saint-Germain at Stade de Reims,PSG @ REIM,Stade de Reims,3243,0,Paris Saint-Germain,160,0,STATUS_FULL_TIME,Stade Auguste-Delaune II,2022-2023,0,10,8,2022
639703,2022-10-09 11:00:00+00:00,AS Monaco at Montpellier,MON @ MON,Montpellier,274,0,AS Monaco,174,2,STATUS_FULL_TIME,Stade de la Mosson,2022-2023,0,10,9,2022
639700,2022-10-09 13:00:00+00:00,Strasbourg at Angers,STR @ ANG,Angers,7868,2,Strasbourg,180,3,STATUS_FULL_TIME,Stade Raymond Kopa,2022-2023,0,10,9,2022
639708,2022-10-09 13:00:00+00:00,Lorient at Brest,LOR @ BRE,Brest,6997,1,Lorient,273,2,STATUS_FULL_TIME,Stade Francis-Le Blé,2022-2023,0,10,9,2022
639707,2022-10-09 13:00:00+00:00,AJ Auxerre at Clermont Foot,AUX @ CLE,Clermont Foot,3171,2,AJ Auxerre,172,1,STATUS_FULL_TIME,Stade Gabriel-Montpied,2022-2023,0,10,9,2022
639702,2022-10-09 13:00:00+00:00,Troyes at Nice,TRY @ NICE,Nice,2502,3,Troyes,170,2,STATUS_FULL_TIME,Allianz Riviera,2022-2023,0,10,9,2022
639704,2022-10-09 15:05:00+00:00,Nantes at Stade Rennais,NAN @ REN,Stade Rennais,169,3,Nantes,165,0,STATUS_FULL_TIME,Roazhon Park,2022-2023,0,10,9,2022
639706,2022-10-09 18:45:00+00:00,Lens at Lille,RCL @ LILL,Lille,166,1,Lens,175,0,STATUS_FULL_TIME,Decathlon Arena - Stade Pierre-Mauroy,2022-2023,0,10,9,2022
639717,2022-10-14 19:00:00+00:00,Lille at Strasbourg,LILL @ STR,Strasbourg,180,0,Lille,166,3,STATUS_FULL_TIME,Stade de la Meinau,2022-2023,0,10,14,2022
639711,2022-10-15 15:00:00+00:00,Stade de Reims at Lorient,REIM @ LOR,Lorient,273,0,Stade de Reims,3243,0,STATUS_FULL_TIME,Stade du Moustoir - Yves Allainmat,2022-2023,0,10,15,2022
639712,2022-10-15 19:00:00+00:00,Montpellier at Lens,MON @ RCL,Lens,175,1,Montpellier,274,0,STATUS_FULL_TIME,Stade Félix Bollaert-Delélis,2022-2023,0,10,15,2022
639716,2022-10-16 11:00:00+00:00,Angers at Toulouse,ANG @ TOU,Toulouse,179,3,Angers,7868,2,STATUS_FULL_TIME,Stadium de Toulouse,2022-2023,0,10,16,2022
639713,2022-10-16 13:00:00+00:00,Nice at AJ Auxerre,NICE @ AUX,AJ Auxerre,172,1,Nice,2502,1,STATUS_FULL_TIME,Stade de l'Abbé-Deschamps,2022-2023,0,10,16,2022
639714,2022-10-16 13:00:00+00:00,Brest at Nantes,BRE @ NAN,Nantes,165,4,Brest,6997,1,STATUS_FULL_TIME,La Beaujoire-Louis-Fonteneau,2022-2023,0,10,16,2022
639718,2022-10-16 13:00:00+00:00,Lyon at Stade Rennais,LYON @ REN,Stade Rennais,169,3,Lyon,167,2,STATUS_FULL_TIME,Roazhon Park,2022-2023,0,10,16,2022
639715,2022-10-16 13:00:00+00:00,AC Ajaccio at Troyes,ACA @ TRY,Troyes,170,1,AC Ajaccio,2503,1,STATUS_FULL_TIME,Stade de l'Aube,2022-2023,0,10,16,2022
639710,2022-10-16 15:05:00+00:00,Clermont Foot at AS Monaco,CLE @ MON,AS Monaco,174,1,Clermont Foot,3171,1,STATUS_FULL_TIME,Stade Louis II,2022-2023,0,10,16,2022
639719,2022-10-16 18:45:00+00:00,Marseille at Paris Saint-Germain,OLM @ PSG,Paris Saint-Germain,160,1,Marseille,176,0,STATUS_FULL_TIME,Parc des Princes,2022-2023,0,10,16,2022
639720,2022-10-21 19:00:00+00:00,Paris Saint-Germain at AC Ajaccio,PSG @ ACA,AC Ajaccio,2503,0,Paris Saint-Germain,160,3,STATUS_FULL_TIME,Stade Michel-Moretti,2022-2023,0,10,21,2022
639726,2022-10-22 15:00:00+00:00,Lyon at Montpellier,LYON @ MON,Montpellier,274,1,Lyon,167,2,STATUS_FULL_TIME,Stade de la Mosson,2022-2023,0,10,22,2022
639727,2022-10-22 19:00:00+00:00,Lens at Marseille,RCL @ OLM,Marseille,176,0,Lens,175,1,STATUS_FULL_TIME,Orange Vélodrome,2022-2023,0,10,22,2022
639721,2022-10-23 11:00:00+00:00,Stade Rennais at Angers,REN @ ANG,Angers,7868,1,Stade Rennais,169,2,STATUS_FULL_TIME,Stade Raymond Kopa,2022-2023,0,10,23,2022
639729,2022-10-23 13:00:00+00:00,Brest at Clermont Foot,BRE @ CLE,Clermont Foot,3171,1,Brest,6997,3,STATUS_FULL_TIME,Stade Gabriel-Montpied,2022-2023,0,10,23,2022
639724,2022-10-23 13:00:00+00:00,AJ Auxerre at Stade de Reims,AUX @ REIM,Stade de Reims,3243,2,AJ Auxerre,172,1,STATUS_FULL_TIME,Stade Auguste-Delaune II,2022-2023,0,10,23,2022
639723,2022-10-23 13:00:00+00:00,Strasbourg at Toulouse,STR @ TOU,Toulouse,179,2,Strasbourg,180,2,STATUS_FULL_TIME,Stadium de Toulouse,2022-2023,0,10,23,2022
639722,2022-10-23 13:00:00+00:00,Lorient at Troyes,LOR @ TRY,Troyes,170,2,Lorient,273,2,STATUS_FULL_TIME,Stade de l'Aube,2022-2023,0,10,23,2022
639725,2022-10-23 15:05:00+00:00,Nantes at Nice,NAN @ NICE,Nice,2502,1,Nantes,165,1,STATUS_FULL_TIME,Allianz Riviera,2022-2023,0,10,23,2022
639728,2022-10-23 18:45:00+00:00,AS Monaco at Lille,MON @ LILL,Lille,166,4,AS Monaco,174,3,STATUS_FULL_TIME,Decathlon Arena - Stade Pierre-Mauroy,2022-2023,0,10,23,2022
639737,2022-10-28 19:00:00+00:00,Toulouse at Lens,TOU @ RCL,Lens,175,3,Toulouse,179,0,STATUS_FULL_TIME,Stade Félix Bollaert-Delélis,2022-2023,0,10,28,2022
639739,2022-10-29 15:00:00+00:00,Troyes at Paris Saint-Germain,TRY @ PSG,Paris Saint-Germain,160,4,Troyes,170,3,STATUS_FULL_TIME,Parc des Princes,2022-2023,0,10,29,2022
639734,2022-10-29 19:00:00+00:00,Marseille at Strasbourg,OLM @ STR,Strasbourg,180,2,Marseille,176,2,STATUS_FULL_TIME,Stade de la Meinau,2022-2023,0,10,29,2022
639730,2022-10-30 12:00:00+00:00,AC Ajaccio at AJ Auxerre,ACA @ AUX,AJ Auxerre,172,1,AC Ajaccio,2503,0,STATUS_FULL_TIME,Stade de l'Abbé-Deschamps,2022-2023,0,10,30,2022
639732,2022-10-30 14:00:00+00:00,Angers at AS Monaco,ANG @ MON,AS Monaco,174,2,Angers,7868,0,STATUS_FULL_TIME,Stade Louis II,2022-2023,0,10,30,2022
639738,2022-10-30 14:00:00+00:00,Stade de Reims at Brest,REIM @ BRE,Brest,6997,0,Stade de Reims,3243,0,STATUS_FULL_TIME,Stade Francis-Le Blé,2022-2023,0,10,30,2022
639733,2022-10-30 14:00:00+00:00,Clermont Foot at Nantes,CLE @ NAN,Nantes,165,1,Clermont Foot,3171,1,STATUS_FULL_TIME,La Beaujoire-Louis-Fonteneau,2022-2023,0,10,30,2022
639735,2022-10-30 14:00:00+00:00,Montpellier at Stade Rennais,MON @ REN,Stade Rennais,169,3,Montpellier,274,0,STATUS_FULL_TIME,Roazhon Park,2022-2023,0,10,30,2022
639736,2022-10-30 16:05:00+00:00,Nice at Lorient,NICE @ LOR,Lorient,273,1,Nice,2502,2,STATUS_FULL_TIME,Stade du Moustoir - Yves Allainmat,2022-2023,0,10,30,2022
639731,2022-10-30 19:45:00+00:00,Lille at Lyon,LILL @ LYON,Lyon,167,1,Lille,166,0,STATUS_FULL_TIME,Groupama Stadium,2022-2023,0,10,30,2022
639744,2022-11-04 20:00:00+00:00,AJ Auxerre at Troyes,AUX @ TRY,Troyes,170,1,AJ Auxerre,172,1,STATUS_FULL_TIME,Stade de l'Aube,2022-2023,0,11,4,2022
639740,2022-11-05 16:00:00+00:00,Strasbourg at AC Ajaccio,STR @ ACA,AC Ajaccio,2503,4,Strasbourg,180,2,STATUS_FULL_TIME,Stade Michel-Moretti,2022-2023,0,11,5,2022
639741,2022-11-05 20:00:00+00:00,Lens at Angers,RCL @ ANG,Angers,7868,1,Lens,175,2,STATUS_FULL_TIME,Stade Raymond Kopa,2022-2023,0,11,5,2022
639749,2022-11-06 12:00:00+00:00,Paris Saint-Germain at Lorient,PSG @ LOR,Lorient,273,1,Paris Saint-Germain,160,2,STATUS_FULL_TIME,Stade du Moustoir - Yves Allainmat,2022-2023,0,11,6,2022
639742,2022-11-06 14:00:00+00:00,Montpellier at Clermont Foot,MON @ CLE,Clermont Foot,3171,1,Montpellier,274,1,STATUS_FULL_TIME,Stade Gabriel-Montpied,2022-2023,0,11,6,2022
639746,2022-11-06 14:00:00+00:00,Brest at Nice,BRE @ NICE,Nice,2502,1,Brest,6997,0,STATUS_FULL_TIME,Allianz Riviera,2022-2023,0,11,6,2022
639747,2022-11-06 14:00:00+00:00,Nantes at Stade de Reims,NAN @ REIM,Stade de Reims,3243,1,Nantes,165,0,STATUS_FULL_TIME,Stade Auguste-Delaune II,2022-2023,0,11,6,2022
639748,2022-11-06 14:00:00+00:00,AS Monaco at Toulouse,MON @ TOU,Toulouse,179,0,AS Monaco,174,2,STATUS_FULL_TIME,Stadium de Toulouse,2022-2023,0,11,6,2022
639743,2022-11-06 16:05:00+00:00,Stade Rennais at Lille,REN @ LILL,Lille,166,1,Stade Rennais,169,1,STATUS_FULL_TIME,Decathlon Arena - Stade Pierre-Mauroy,2022-2023,0,11,6,2022
639745,2022-11-06 19:45:00+00:00,Lyon at Marseille,LYON @ OLM,Marseille,176,1,Lyon,167,0,STATUS_FULL_TIME,Orange Vélodrome,2022-2023,0,11,6,2022
639752,2022-11-11 20:00:00+00:00,Nice at Lyon,NICE @ LYON,Lyon,167,1,Nice,2502,1,STATUS_FULL_TIME,Groupama Stadium,2022-2023,0,11,11,2022
639750,2022-11-12 16:00:00+00:00,Clermont Foot at Lens,CLE @ RCL,Lens,175,2,Clermont Foot,3171,1,STATUS_FULL_TIME,Stade Félix Bollaert-Delélis,2022-2023,0,11,12,2022
639757,2022-11-12 20:00:00+00:00,Toulouse at Stade Rennais,TOU @ REN,Stade Rennais,169,2,Toulouse,179,1,STATUS_FULL_TIME,Roazhon Park,2022-2023,0,11,12,2022
639756,2022-11-13 12:00:00+00:00,AJ Auxerre at Paris Saint-Germain,AUX @ PSG,Paris Saint-Germain,160,5,AJ Auxerre,172,0,STATUS_FULL_TIME,Parc des Princes,2022-2023,0,11,13,2022
639759,2022-11-13 14:00:00+00:00,Troyes at Brest,TRY @ BRE,Brest,6997,2,Troyes,170,1,STATUS_FULL_TIME,Stade Francis-Le Blé,2022-2023,0,11,13,2022
639751,2022-11-13 14:00:00+00:00,Angers at Lille,ANG @ LILL,Lille,166,1,Angers,7868,0,STATUS_FULL_TIME,Decathlon Arena - Stade Pierre-Mauroy,2022-2023,0,11,13,2022
639754,2022-11-13 14:00:00+00:00,Stade de Reims at Montpellier,REIM @ MON,Montpellier,274,1,Stade de Reims,3243,1,STATUS_FULL_TIME,Stade de la Mosson,2022-2023,0,11,13,2022
639755,2022-11-13 14:00:00+00:00,AC Ajaccio at Nantes,ACA @ NAN,Nantes,165,2,AC Ajaccio,2503,2,STATUS_FULL_TIME,La Beaujoire-Louis-Fonteneau,2022-2023,0,11,13,2022
639758,2022-11-13 16:05:00+00:00,Lorient at Strasbourg,LOR @ STR,Strasbourg,180,1,Lorient,273,1,STATUS_FULL_TIME,Stade de la Meinau,2022-2023,0,11,13,2022
639753,2022-11-13 19:45:00+00:00,Marseille at AS Monaco,OLM @ MON,AS Monaco,174,2,Marseille,176,3,STATUS_FULL_TIME,Stade Louis II,2022-2023,0,11,13,2022
639760,2022-12-28 14:00:00+00:00,Angers at AC Ajaccio,ANG @ ACA,AC Ajaccio,2503,1,Angers,7868,0,STATUS_FULL_TIME,Stade Michel-Moretti,2022-2023,0,12,28,2022
639764,2022-12-28 14:00:00+00:00,Nantes at Troyes,NAN @ TRY,Troyes,170,0,Nantes,165,0,STATUS_FULL_TIME,Stade de l'Aube,2022-2023,0,12,28,2022
639761,2022-12-28 16:00:00+00:00,AS Monaco at AJ Auxerre,MON @ AUX,AJ Auxerre,172,2,AS Monaco,174,3,STATUS_FULL_TIME,Stade de l'Abbé-Deschamps,2022-2023,0,12,28,2022
639763,2022-12-28 18:00:00+00:00,Lille at Clermont Foot,LILL @ CLE,Clermont Foot,3171,0,Lille,166,2,STATUS_FULL_TIME,Stade Gabriel-Montpied,2022-2023,0,12,28,2022
639762,2022-12-28 20:00:00+00:00,Lyon at Brest,LYON @ BRE,Brest,6997,2,Lyon,167,4,STATUS_FULL_TIME,Stade Francis-Le Blé,2022-2023,0,12,28,2022
639767,2022-12-28 20:00:00+00:00,Strasbourg at Paris Saint-Germain,STR @ PSG,Paris Saint-Germain,160,2,Strasbourg,180,1,STATUS_FULL_TIME,Parc des Princes,2022-2023,0,12,28,2022
639769,2022-12-29 16:00:00+00:00,Montpellier at Lorient,MON @ LOR,Lorient,273,0,Montpellier,274,2,STATUS_FULL_TIME,Stade du Moustoir - Yves Allainmat,2022-2023,0,12,29,2022
639768,2022-12-29 18:00:00+00:00,Stade Rennais at Stade de Reims,REN @ REIM,Stade de Reims,3243,3,Stade Rennais,169,1,STATUS_FULL_TIME,Stade Auguste-Delaune II,2022-2023,0,12,29,2022
639765,2022-12-29 20:00:00+00:00,Toulouse at Marseille,TOU @ OLM,Marseille,176,6,Toulouse,179,1,STATUS_FULL_TIME,Orange Vélodrome,2022-2023,0,12,29,2022
639766,2022-12-29 20:00:00+00:00,Lens at Nice,RCL @ NICE,Nice,2502,0,Lens,175,0,STATUS_FULL_TIME,Allianz Riviera,2022-2023,0,12,29,2022
639818,2023-01-01 14:00:00+00:00,Lorient at Angers,LOR @ ANG,Angers,7868,1,Lorient,273,2,STATUS_FULL_TIME,Stade Raymond Kopa,2022-2023,0,1,1,2023
639779,2023-01-01 14:00:00+00:00,Brest at AS Monaco,BRE @ MON,AS Monaco,174,1,Brest,6997,0,STATUS_FULL_TIME,Stade Louis II,2022-2023,0,1,1,2023
639772,2023-01-01 14:00:00+00:00,AJ Auxerre at Nantes,AUX @ NAN,Nantes,165,1,AJ Auxerre,172,0,STATUS_FULL_TIME,La Beaujoire-Louis-Fonteneau,2022-2023,0,1,1,2023
639774,2023-01-01 14:00:00+00:00,AC Ajaccio at Toulouse,ACA @ TOU,Toulouse,179,2,AC Ajaccio,2503,0,STATUS_FULL_TIME,Stadium de Toulouse,2022-2023,0,1,1,2023
639776,2023-01-01 16:00:00+00:00,Clermont Foot at Lyon,CLE @ LYON,Lyon,167,0,Clermont Foot,3171,1,STATUS_FULL_TIME,Groupama Stadium,2022-2023,0,1,1,2023
639778,2023-01-01 19:45:00+00:00,Paris Saint-Germain at Lens,PSG @ RCL,Lens,175,3,Paris Saint-Germain,160,1,STATUS_FULL_TIME,Stade Félix Bollaert-Delélis,2022-2023,0,1,1,2023
639816,2023-01-02 14:00:00+00:00,Troyes at Strasbourg,TRY @ STR,Strasbourg,180,2,Troyes,170,3,STATUS_FULL_TIME,Stade de la Meinau,2022-2023,0,1,2,2023
639777,2023-01-02 16:00:00+00:00,Stade de Reims at Lille,REIM @ LILL,Lille,166,1,Stade de Reims,3243,1,STATUS_FULL_TIME,Decathlon Arena - Stade Pierre-Mauroy,2022-2023,0,1,2,2023
639814,2023-01-02 18:00:00+00:00,Marseille at Montpellier,OLM @ MON,Montpellier,274,1,Marseille,176,2,STATUS_FULL_TIME,Stade de la Mosson,2022-2023,0,1,2,2023
639770,2023-01-02 20:00:00+00:00,Nice at Stade Rennais,NICE @ REN,Stade Rennais,169,2,Nice,2502,1,STATUS_FULL_TIME,Roazhon Park,2022-2023,0,1,2,2023
639788,2023-01-11 18:00:00+00:00,Stade de Reims at AC Ajaccio,REIM @ ACA,AC Ajaccio,2503,0,Stade de Reims,3243,1,STATUS_FULL_TIME,Stade Michel-Moretti,2022-2023,0,1,11,2023
639787,2023-01-11 18:00:00+00:00,Toulouse at AJ Auxerre,TOU @ AUX,AJ Auxerre,172,0,Toulouse,179,5,STATUS_FULL_TIME,Stade de l'Abbé-Deschamps,2022-2023,0,1,11,2023
639786,2023-01-11 18:00:00+00:00,Lille at Brest,LILL @ BRE,Brest,6997,0,Lille,166,0,STATUS_FULL_TIME,Stade Francis-Le Blé,2022-2023,0,1,11,2023
639785,2023-01-11 18:00:00+00:00,Stade Rennais at Clermont Foot,REN @ CLE,Clermont Foot,3171,2,Stade Rennais,169,1,STATUS_FULL_TIME,Stade Gabriel-Montpied,2022-2023,0,1,11,2023
639783,2023-01-11 18:00:00+00:00,Lyon at Nantes,LYON @ NAN,Nantes,165,0,Lyon,167,0,STATUS_FULL_TIME,La Beaujoire-Louis-Fonteneau,2022-2023,0,1,11,2023
639784,2023-01-11 20:00:00+00:00,AS Monaco at Lorient,MON @ LOR,Lorient,273,2,AS Monaco,174,2,STATUS_FULL_TIME,Stade du Moustoir - Yves Allainmat,2022-2023,0,1,11,2023
639782,2023-01-11 20:00:00+00:00,Montpellier at Nice,MON @ NICE,Nice,2502,6,Montpellier,274,1,STATUS_FULL_TIME,Allianz Riviera,2022-2023,0,1,11,2023
639781,2023-01-11 20:00:00+00:00,Angers at Paris Saint-Germain,ANG @ PSG,Paris Saint-Germain,160,2,Angers,7868,0,STATUS_FULL_TIME,Parc des Princes,2022-2023,0,1,11,2023
639780,2023-01-11 20:00:00+00:00,Lens at Strasbourg,RCL @ STR,Strasbourg,180,2,Lens,175,2,STATUS_FULL_TIME,Stade de la Meinau,2022-2023,0,1,11,2023
639789,2023-01-11 20:00:00+00:00,Marseille at Troyes,OLM @ TRY,Troyes,170,0,Marseille,176,2,STATUS_FULL_TIME,Stade de l'Aube,2022-2023,0,1,11,2023
639791,2023-01-14 16:00:00+00:00,AJ Auxerre at Lens,AUX @ RCL,Lens,175,1,AJ Auxerre,172,0,STATUS_FULL_TIME,Stade Félix Bollaert-Delélis,2022-2023,0,1,14,2023
639797,2023-01-14 18:00:00+00:00,Lorient at Marseille,LOR @ OLM,Marseille,176,3,Lorient,273,1,STATUS_FULL_TIME,Orange Vélodrome,2022-2023,0,1,14,2023
639798,2023-01-14 20:00:00+00:00,Strasbourg at Lyon,STR @ LYON,Lyon,167,1,Strasbourg,180,2,STATUS_FULL_TIME,Groupama Stadium,2022-2023,0,1,14,2023
639799,2023-01-15 12:00:00+00:00,Troyes at Lille,TRY @ LILL,Lille,166,5,Troyes,170,1,STATUS_FULL_TIME,Decathlon Arena - Stade Pierre-Mauroy,2022-2023,0,1,15,2023
639795,2023-01-15 14:00:00+00:00,Nantes at Montpellier,NAN @ MON,Montpellier,274,0,Nantes,165,3,STATUS_FULL_TIME,Stade de la Mosson,2022-2023,0,1,15,2023
639790,2023-01-15 14:00:00+00:00,Clermont Foot at Angers,CLE @ ANG,Angers,7868,1,Clermont Foot,3171,2,STATUS_FULL_TIME,Stade Raymond Kopa,2022-2023,0,1,15,2023
639792,2023-01-15 14:00:00+00:00,Brest at Toulouse,BRE @ TOU,Toulouse,179,1,Brest,6997,1,STATUS_FULL_TIME,Stadium de Toulouse,2022-2023,0,1,15,2023
639794,2023-01-15 14:00:00+00:00,Nice at Stade de Reims,NICE @ REIM,Stade de Reims,3243,0,Nice,2502,0,STATUS_FULL_TIME,Stade Auguste-Delaune II,2022-2023,0,1,15,2023
639796,2023-01-15 16:05:00+00:00,AC Ajaccio at AS Monaco,ACA @ MON,AS Monaco,174,7,AC Ajaccio,2503,1,STATUS_FULL_TIME,Stade Louis II,2022-2023,0,1,15,2023
639793,2023-01-15 19:45:00+00:00,Paris Saint-Germain at Stade Rennais,PSG @ REN,Stade Rennais,169,1,Paris Saint-Germain,160,0,STATUS_FULL_TIME,Roazhon Park,2022-2023,0,1,15,2023
639805,2023-01-27 20:00:00+00:00,Stade Rennais at Lorient,REN @ LOR,Lorient,273,2,Stade Rennais,169,1,STATUS_FULL_TIME,Stade du Moustoir - Yves Allainmat,2022-2023,0,1,27,2023
639804,2023-01-28 16:00:00+00:00,Lens at Troyes,RCL @ TRY,Troyes,170,1,Lens,175,1,STATUS_FULL_TIME,Stade de l'Aube,2022-2023,0,1,28,2023
639809,2023-01-28 20:00:00+00:00,AS Monaco at Marseille,MON @ OLM,Marseille,176,1,AS Monaco,174,1,STATUS_FULL_TIME,Orange Vélodrome,2022-2023,0,1,28,2023
639803,2023-01-29 12:00:00+00:00,Lille at Nice,LILL @ NICE,Nice,2502,1,Lille,166,0,STATUS_FULL_TIME,Allianz Riviera,2022-2023,0,1,29,2023
639808,2023-01-29 14:00:00+00:00,Montpellier at AJ Auxerre,MON @ AUX,AJ Auxerre,172,0,Montpellier,274,2,STATUS_FULL_TIME,Stade de l'Abbé-Deschamps,2022-2023,0,1,29,2023
639807,2023-01-29 14:00:00+00:00,Angers at Brest,ANG @ BRE,Brest,6997,4,Angers,7868,0,STATUS_FULL_TIME,Stade Francis-Le Blé,2022-2023,0,1,29,2023
639806,2023-01-29 14:00:00+00:00,Nantes at Clermont Foot,NAN @ CLE,Clermont Foot,3171,0,Nantes,165,0,STATUS_FULL_TIME,Stade Gabriel-Montpied,2022-2023,0,1,29,2023
639801,2023-01-29 14:00:00+00:00,Toulouse at Strasbourg,TOU @ STR,Strasbourg,180,1,Toulouse,179,2,STATUS_FULL_TIME,Stade de la Meinau,2022-2023,0,1,29,2023
639800,2023-01-29 16:05:00+00:00,Lyon at AC Ajaccio,LYON @ ACA,AC Ajaccio,2503,0,Lyon,167,2,STATUS_FULL_TIME,Stade Michel-Moretti,2022-2023,0,1,29,2023
639802,2023-01-29 19:45:00+00:00,Stade de Reims at Paris Saint-Germain,REIM @ PSG,Paris Saint-Germain,160,1,Stade de Reims,3243,1,STATUS_FULL_TIME,Parc des Princes,2022-2023,0,1,29,2023
639819,2023-02-01 18:00:00+00:00,AC Ajaccio at Angers,ACA @ ANG,Angers,7868,1,AC Ajaccio,2503,2,STATUS_FULL_TIME,Stade Raymond Kopa,2022-2023,0,2,1,2023
639811,2023-02-01 18:00:00+00:00,Clermont Foot at Lille,CLE @ LILL,Lille,166,0,Clermont Foot,3171,0,STATUS_FULL_TIME,Decathlon Arena - Stade Pierre-Mauroy,2022-2023,0,2,1,2023
639773,2023-02-01 18:00:00+00:00,Marseille at Nantes,OLM @ NAN,Nantes,165,0,Marseille,176,2,STATUS_FULL_TIME,La Beaujoire-Louis-Fonteneau,2022-2023,0,2,1,2023
639771,2023-02-01 18:00:00+00:00,Lorient at Stade de Reims,LOR @ REIM,Stade de Reims,3243,4,Lorient,273,2,STATUS_FULL_TIME,Stade Auguste-Delaune II,2022-2023,0,2,1,2023
639810,2023-02-01 18:00:00+00:00,Troyes at Toulouse,TRY @ TOU,Toulouse,179,4,Troyes,170,1,STATUS_FULL_TIME,Stadium de Toulouse,2022-2023,0,2,1,2023
639815,2023-02-01 20:00:00+00:00,AJ Auxerre at AS Monaco,AUX @ MON,AS Monaco,174,3,AJ Auxerre,172,2,STATUS_FULL_TIME,Stade Louis II,2022-2023,0,2,1,2023
639817,2023-02-01 20:00:00+00:00,Nice at Lens,NICE @ RCL,Lens,175,0,Nice,2502,1,STATUS_FULL_TIME,Stade Félix Bollaert-Delélis,2022-2023,0,2,1,2023
639775,2023-02-01 20:00:00+00:00,Brest at Lyon,BRE @ LYON,Lyon,167,0,Brest,6997,0,STATUS_FULL_TIME,Groupama Stadium,2022-2023,0,2,1,2023
639813,2023-02-01 20:00:00+00:00,Paris Saint-Germain at Montpellier,PSG @ MON,Montpellier,274,1,Paris Saint-Germain,160,3,STATUS_FULL_TIME,Stade de la Mosson,2022-2023,0,2,1,2023
639812,2023-02-01 20:00:00+00:00,Strasbourg at Stade Rennais,STR @ REN,Stade Rennais,169,3,Strasbourg,180,0,STATUS_FULL_TIME,Roazhon Park,2022-2023,0,2,1,2023
639826,2023-02-04 16:00:00+00:00,Toulouse at Paris Saint-Germain,TOU @ PSG,Paris Saint-Germain,160,2,Toulouse,179,1,STATUS_FULL_TIME,Parc des Princes,2022-2023,0,2,4,2023
639824,2023-02-04 18:00:00+00:00,Lyon at Troyes,LYON @ TRY,Troyes,170,1,Lyon,167,3,STATUS_FULL_TIME,Stade de l'Aube,2022-2023,0,2,4,2023
639827,2023-02-04 20:00:00+00:00,Lille at Stade Rennais,LILL @ REN,Stade Rennais,169,1,Lille,166,3,STATUS_FULL_TIME,Roazhon Park,2022-2023,0,2,4,2023
639822,2023-02-05 12:00:00+00:00,AS Monaco at Clermont Foot,MON @ CLE,Clermont Foot,3171,0,AS Monaco,174,2,STATUS_FULL_TIME,Stade Gabriel-Montpied,2022-2023,0,2,5,2023
639829,2023-02-05 14:00:00+00:00,Stade de Reims at AJ Auxerre,REIM @ AUX,AJ Auxerre,172,0,Stade de Reims,3243,0,STATUS_FULL_TIME,Stade de l'Abbé-Deschamps,2022-2023,0,2,5,2023
639825,2023-02-05 14:00:00+00:00,Nantes at AC Ajaccio,NAN @ ACA,AC Ajaccio,2503,0,Nantes,165,2,STATUS_FULL_TIME,Stade Michel-Moretti,2022-2023,0,2,5,2023
639828,2023-02-05 14:00:00+00:00,Montpellier at Strasbourg,MON @ STR,Strasbourg,180,2,Montpellier,274,0,STATUS_FULL_TIME,Stade de la Meinau,2022-2023,0,2,5,2023
639821,2023-02-05 14:00:00+00:00,Angers at Lorient,ANG @ LOR,Lorient,273,0,Angers,7868,0,STATUS_FULL_TIME,Stade du Moustoir - Yves Allainmat,2022-2023,0,2,5,2023
639823,2023-02-05 16:05:00+00:00,Lens at Brest,RCL @ BRE,Brest,6997,1,Lens,175,1,STATUS_FULL_TIME,Stade Francis-Le Blé,2022-2023,0,2,5,2023
639820,2023-02-05 19:45:00+00:00,Nice at Marseille,NICE @ OLM,Marseille,176,1,Nice,2502,3,STATUS_FULL_TIME,Orange Vélodrome,2022-2023,0,2,5,2023
639832,2023-02-10 20:00:00+00:00,AC Ajaccio at Nice,ACA @ NICE,Nice,2502,3,AC Ajaccio,2503,0,STATUS_FULL_TIME,Allianz Riviera,2022-2023,0,2,10,2023
639835,2023-02-11 16:00:00+00:00,Paris Saint-Germain at AS Monaco,PSG @ MON,AS Monaco,174,3,Paris Saint-Germain,160,1,STATUS_FULL_TIME,Stade Louis II,2022-2023,0,2,11,2023
639838,2023-02-11 20:00:00+00:00,Marseille at Clermont Foot,OLM @ CLE,Clermont Foot,3171,0,Marseille,176,2,STATUS_FULL_TIME,Stade Gabriel-Montpied,2022-2023,0,2,11,2023
639830,2023-02-12 12:00:00+00:00,Stade Rennais at Toulouse,REN @ TOU,Toulouse,179,3,Stade Rennais,169,1,STATUS_FULL_TIME,Stadium de Toulouse,2022-2023,0,2,12,2023
639839,2023-02-12 14:00:00+00:00,AJ Auxerre at Angers,AUX @ ANG,Angers,7868,1,AJ Auxerre,172,1,STATUS_FULL_TIME,Stade Raymond Kopa,2022-2023,0,2,12,2023
639837,2023-02-12 14:00:00+00:00,Strasbourg at Lille,STR @ LILL,Lille,166,2,Strasbourg,180,0,STATUS_FULL_TIME,Decathlon Arena - Stade Pierre-Mauroy,2022-2023,0,2,12,2023
639836,2023-02-12 14:00:00+00:00,Brest at Montpellier,BRE @ MON,Montpellier,274,3,Brest,6997,0,STATUS_FULL_TIME,Stade de la Mosson,2022-2023,0,2,12,2023
639831,2023-02-12 14:00:00+00:00,Troyes at Stade de Reims,TRY @ REIM,Stade de Reims,3243,4,Troyes,170,0,STATUS_FULL_TIME,Stade Auguste-Delaune II,2022-2023,0,2,12,2023
639833,2023-02-12 16:05:00+00:00,Lorient at Nantes,LOR @ NAN,Nantes,165,1,Lorient,273,0,STATUS_FULL_TIME,La Beaujoire-Louis-Fonteneau,2022-2023,0,2,12,2023
639834,2023-02-12 19:45:00+00:00,Lens at Lyon,RCL @ LYON,Lyon,167,2,Lens,175,1,STATUS_FULL_TIME,Groupama Stadium,2022-2023,0,2,12,2023
639845,2023-02-17 20:00:00+00:00,Lyon at AJ Auxerre,LYON @ AUX,AJ Auxerre,172,2,Lyon,167,1,STATUS_FULL_TIME,Stade de l'Abbé-Deschamps,2022-2023,0,2,17,2023
639841,2023-02-18 16:00:00+00:00,Stade de Reims at Nice,REIM @ NICE,Nice,2502,0,Stade de Reims,3243,0,STATUS_FULL_TIME,Allianz Riviera,2022-2023,0,2,18,2023
639847,2023-02-18 20:00:00+00:00,Angers at Strasbourg,ANG @ STR,Strasbourg,180,2,Angers,7868,1,STATUS_FULL_TIME,Stade de la Meinau,2022-2023,0,2,18,2023
639840,2023-02-19 12:00:00+00:00,Lille at Paris Saint-Germain,LILL @ PSG,Paris Saint-Germain,160,4,Lille,166,3,STATUS_FULL_TIME,Parc des Princes,2022-2023,0,2,19,2023
639849,2023-02-19 14:00:00+00:00,AS Monaco at Brest,MON @ BRE,Brest,6997,1,AS Monaco,174,2,STATUS_FULL_TIME,Stade Francis-Le Blé,2022-2023,0,2,19,2023
639842,2023-02-19 14:00:00+00:00,AC Ajaccio at Lorient,ACA @ LOR,Lorient,273,3,AC Ajaccio,2503,0,STATUS_FULL_TIME,Stade du Moustoir - Yves Allainmat,2022-2023,0,2,19,2023
639846,2023-02-19 14:00:00+00:00,Clermont Foot at Stade Rennais,CLE @ REN,Stade Rennais,169,2,Clermont Foot,3171,0,STATUS_FULL_TIME,Roazhon Park,2022-2023,0,2,19,2023
639844,2023-02-19 14:00:00+00:00,Montpellier at Troyes,MON @ TRY,Troyes,170,0,Montpellier,274,1,STATUS_FULL_TIME,Stade de l'Aube,2022-2023,0,2,19,2023
639843,2023-02-19 16:05:00+00:00,Nantes at Lens,NAN @ RCL,Lens,175,3,Nantes,165,1,STATUS_FULL_TIME,Stade Félix Bollaert-Delélis,2022-2023,0,2,19,2023
639848,2023-02-19 19:45:00+00:00,Marseille at Toulouse,OLM @ TOU,Toulouse,179,2,Marseille,176,3,STATUS_FULL_TIME,Stadium de Toulouse,2022-2023,0,2,19,2023
639853,2023-02-24 20:00:00+00:00,Brest at Lille,BRE @ LILL,Lille,166,2,Brest,6997,1,STATUS_FULL_TIME,Decathlon Arena - Stade Pierre-Mauroy,2022-2023,0,2,24,2023
639851,2023-02-25 16:00:00+00:00,Lyon at Angers,LYON @ ANG,Angers,7868,1,Lyon,167,3,STATUS_FULL_TIME,Stade Raymond Kopa,2022-2023,0,2,25,2023
639857,2023-02-25 20:00:00+00:00,Lens at Montpellier,RCL @ MON,Montpellier,274,1,Lens,175,1,STATUS_FULL_TIME,Stade de la Mosson,2022-2023,0,2,25,2023
639854,2023-02-26 12:00:00+00:00,AJ Auxerre at Lorient,AUX @ LOR,Lorient,273,0,AJ Auxerre,172,1,STATUS_FULL_TIME,Stade du Moustoir - Yves Allainmat,2022-2023,0,2,26,2023
639852,2023-02-26 14:00:00+00:00,Strasbourg at Clermont Foot,STR @ CLE,Clermont Foot,3171,1,Strasbourg,180,1,STATUS_FULL_TIME,Stade Gabriel-Montpied,2022-2023,0,2,26,2023
639850,2023-02-26 14:00:00+00:00,Troyes at AC Ajaccio,TRY @ ACA,AC Ajaccio,2503,2,Troyes,170,1,STATUS_FULL_TIME,Stade Michel-Moretti,2022-2023,0,2,26,2023
639859,2023-02-26 14:00:00+00:00,Toulouse at Stade de Reims,TOU @ REIM,Stade de Reims,3243,3,Toulouse,179,0,STATUS_FULL_TIME,Stade Auguste-Delaune II,2022-2023,0,2,26,2023
639858,2023-02-26 14:00:00+00:00,Stade Rennais at Nantes,REN @ NAN,Nantes,165,0,Stade Rennais,169,1,STATUS_FULL_TIME,La Beaujoire-Louis-Fonteneau,2022-2023,0,2,26,2023
639856,2023-02-26 16:05:00+00:00,Nice at AS Monaco,NICE @ MON,AS Monaco,174,0,Nice,2502,3,STATUS_FULL_TIME,Stade Louis II,2022-2023,0,2,26,2023
639855,2023-02-26 19:45:00+00:00,Paris Saint-Germain at Marseille,PSG @ OLM,Marseille,176,0,Paris Saint-Germain,160,3,STATUS_FULL_TIME,Orange Vélodrome,2022-2023,0,2,26,2023
639860,2023-03-03 20:00:00+00:00,AJ Auxerre at Nice,AUX @ NICE,Nice,2502,1,AJ Auxerre,172,1,STATUS_FULL_TIME,Allianz Riviera,2022-2023,0,3,3,2023
639863,2023-03-04 16:00:00+00:00,Lille at Lens,LILL @ RCL,Lens,175,1,Lille,166,1,STATUS_FULL_TIME,Stade Félix Bollaert-Delélis,2022-2023,0,3,4,2023
639869,2023-03-04 20:00:00+00:00,Nantes at Paris Saint-Germain,NAN @ PSG,Paris Saint-Germain,160,4,Nantes,165,2,STATUS_FULL_TIME,Parc des Princes,2022-2023,0,3,4,2023
639864,2023-03-05 12:00:00+00:00,AS Monaco at Troyes,MON @ TRY,Troyes,170,2,AS Monaco,174,2,STATUS_FULL_TIME,Stade de l'Aube,2022-2023,0,3,5,2023
639867,2023-03-05 14:00:00+00:00,Brest at Strasbourg,BRE @ STR,Strasbourg,180,0,Brest,6997,1,STATUS_FULL_TIME,Stade de la Meinau,2022-2023,0,3,5,2023
639868,2023-03-05 14:00:00+00:00,Clermont Foot at Toulouse,CLE @ TOU,Toulouse,179,0,Clermont Foot,3171,1,STATUS_FULL_TIME,Stadium de Toulouse,2022-2023,0,3,5,2023
639861,2023-03-05 14:00:00+00:00,Angers at Montpellier,ANG @ MON,Montpellier,274,5,Angers,7868,0,STATUS_FULL_TIME,Stade de la Mosson,2022-2023,0,3,5,2023
639865,2023-03-05 14:00:00+00:00,AC Ajaccio at Stade de Reims,ACA @ REIM,Stade de Reims,3243,1,AC Ajaccio,2503,0,STATUS_FULL_TIME,Stade Auguste-Delaune II,2022-2023,0,3,5,2023
639862,2023-03-05 16:05:00+00:00,Lorient at Lyon,LOR @ LYON,Lyon,167,0,Lorient,273,0,STATUS_FULL_TIME,Groupama Stadium,2022-2023,0,3,5,2023
639866,2023-03-05 19:45:00+00:00,Marseille at Stade Rennais,OLM @ REN,Stade Rennais,169,0,Marseille,176,1,STATUS_FULL_TIME,Roazhon Park,2022-2023,0,3,5,2023
639879,2023-03-10 20:00:00+00:00,Lyon at Lille,LYON @ LILL,Lille,166,3,Lyon,167,3,STATUS_FULL_TIME,Decathlon Arena - Stade Pierre-Mauroy,2022-2023,0,3,10,2023
639871,2023-03-11 16:00:00+00:00,Stade Rennais at AJ Auxerre,REN @ AUX,AJ Auxerre,172,0,Stade Rennais,169,0,STATUS_FULL_TIME,Stade de l'Abbé-Deschamps,2022-2023,0,3,11,2023
639870,2023-03-11 20:00:00+00:00,Paris Saint-Germain at Brest,PSG @ BRE,Brest,6997,1,Paris Saint-Germain,160,2,STATUS_FULL_TIME,Stade Francis-Le Blé,2022-2023,0,3,11,2023
639874,2023-03-12 12:00:00+00:00,Lens at Clermont Foot,RCL @ CLE,Clermont Foot,3171,0,Lens,175,4,STATUS_FULL_TIME,Stade Gabriel-Montpied,2022-2023,0,3,12,2023
639873,2023-03-12 14:00:00+00:00,Montpellier at AC Ajaccio,MON @ ACA,AC Ajaccio,2503,0,Montpellier,274,1,STATUS_FULL_TIME,Stade Michel-Moretti,2022-2023,0,3,12,2023
639872,2023-03-12 14:00:00+00:00,Toulouse at Angers,TOU @ ANG,Angers,7868,0,Toulouse,179,2,STATUS_FULL_TIME,Stade Raymond Kopa,2022-2023,0,3,12,2023
639878,2023-03-12 14:00:00+00:00,Troyes at Lorient,TRY @ LOR,Lorient,273,2,Troyes,170,0,STATUS_FULL_TIME,Stade du Moustoir - Yves Allainmat,2022-2023,0,3,12,2023
639875,2023-03-12 14:00:00+00:00,Nice at Nantes,NICE @ NAN,Nantes,165,2,Nice,2502,2,STATUS_FULL_TIME,La Beaujoire-Louis-Fonteneau,2022-2023,0,3,12,2023
639876,2023-03-12 16:05:00+00:00,Stade de Reims at AS Monaco,REIM @ MON,AS Monaco,174,0,Stade de Reims,3243,1,STATUS_FULL_TIME,Stade Louis II,2022-2023,0,3,12,2023
639877,2023-03-12 19:45:00+00:00,Strasbourg at Marseille,STR @ OLM,Marseille,176,2,Strasbourg,180,2,STATUS_FULL_TIME,Orange Vélodrome,2022-2023,0,3,12,2023
639882,2023-03-17 20:00:00+00:00,Nantes at Lyon,NAN @ LYON,Lyon,167,1,Nantes,165,1,STATUS_FULL_TIME,Groupama Stadium,2022-2023,0,3,17,2023
639889,2023-03-18 16:00:00+00:00,Lille at Toulouse,LILL @ TOU,Toulouse,179,0,Lille,166,2,STATUS_FULL_TIME,Stadium de Toulouse,2022-2023,0,3,18,2023
639881,2023-03-18 20:00:00+00:00,Angers at Lens,ANG @ RCL,Lens,175,3,Angers,7868,0,STATUS_FULL_TIME,Stade Félix Bollaert-Delélis,2022-2023,0,3,18,2023
639880,2023-03-19 12:00:00+00:00,AS Monaco at AC Ajaccio,MON @ ACA,AC Ajaccio,2503,0,AS Monaco,174,2,STATUS_FULL_TIME,Stade Michel-Moretti,2022-2023,0,3,19,2023
639883,2023-03-19 14:00:00+00:00,Clermont Foot at Montpellier,CLE @ MON,Montpellier,274,2,Clermont Foot,3171,1,STATUS_FULL_TIME,Stade de la Mosson,2022-2023,0,3,19,2023
639888,2023-03-19 14:00:00+00:00,Lorient at Nice,LOR @ NICE,Nice,2502,1,Lorient,273,1,STATUS_FULL_TIME,Allianz Riviera,2022-2023,0,3,19,2023
639885,2023-03-19 14:00:00+00:00,AJ Auxerre at Strasbourg,AUX @ STR,Strasbourg,180,2,AJ Auxerre,172,0,STATUS_FULL_TIME,Stade de la Meinau,2022-2023,0,3,19,2023
639884,2023-03-19 14:00:00+00:00,Brest at Troyes,BRE @ TRY,Troyes,170,2,Brest,6997,2,STATUS_FULL_TIME,Stade de l'Aube,2022-2023,0,3,19,2023
639887,2023-03-19 16:05:00+00:00,Stade Rennais at Paris Saint-Germain,REN @ PSG,Paris Saint-Germain,160,0,Stade Rennais,169,2,STATUS_FULL_TIME,Parc des Princes,2022-2023,0,3,19,2023
639886,2023-03-19 19:45:00+00:00,Marseille at Stade de Reims,OLM @ REIM,Stade de Reims,3243,1,Marseille,176,2,STATUS_FULL_TIME,Stade Auguste-Delaune II,2022-2023,0,3,19,2023
639894,2023-03-31 19:00:00+00:00,Montpellier at Marseille,MON @ OLM,Marseille,176,1,Montpellier,274,1,STATUS_FULL_TIME,Orange Vélodrome,2022-2023,0,3,31,2023
639898,2023-04-01 15:00:00+00:00,Troyes at AJ Auxerre,TRY @ AUX,AJ Auxerre,172,1,Troyes,170,0,STATUS_FULL_TIME,Stade de l'Abbé-Deschamps,2022-2023,0,4,1,2023
639892,2023-04-01 19:00:00+00:00,Lens at Stade Rennais,RCL @ REN,Stade Rennais,169,0,Lens,175,1,STATUS_FULL_TIME,Roazhon Park,2022-2023,0,4,1,2023
639895,2023-04-02 11:00:00+00:00,Lorient at Lille,LOR @ LILL,Lille,166,3,Lorient,273,1,STATUS_FULL_TIME,Decathlon Arena - Stade Pierre-Mauroy,2022-2023,0,4,2,2023
639899,2023-04-02 13:00:00+00:00,Nice at Angers,NICE @ ANG,Angers,7868,1,Nice,2502,1,STATUS_FULL_TIME,Stade Raymond Kopa,2022-2023,0,4,2,2023
639897,2023-04-02 13:00:00+00:00,Toulouse at Brest,TOU @ BRE,Brest,6997,3,Toulouse,179,1,STATUS_FULL_TIME,Stade Francis-Le Blé,2022-2023,0,4,2,2023
639896,2023-04-02 13:00:00+00:00,AC Ajaccio at Clermont Foot,ACA @ CLE,Clermont Foot,3171,2,AC Ajaccio,2503,1,STATUS_FULL_TIME,Stade Gabriel-Montpied,2022-2023,0,4,2,2023
639891,2023-04-02 13:00:00+00:00,Stade de Reims at Nantes,REIM @ NAN,Nantes,165,0,Stade de Reims,3243,3,STATUS_FULL_TIME,La Beaujoire-Louis-Fonteneau,2022-2023,0,4,2,2023
639893,2023-04-02 15:05:00+00:00,Strasbourg at AS Monaco,STR @ MON,AS Monaco,174,4,Strasbourg,180,3,STATUS_FULL_TIME,Stade Louis II,2022-2023,0,4,2,2023
639890,2023-04-02 18:45:00+00:00,Lyon at Paris Saint-Germain,LYON @ PSG,Paris Saint-Germain,160,0,Lyon,167,1,STATUS_FULL_TIME,Parc des Princes,2022-2023,0,4,2,2023
639904,2023-04-07 19:00:00+00:00,Strasbourg at Lens,STR @ RCL,Lens,175,2,Strasbourg,180,1,STATUS_FULL_TIME,Stade Félix Bollaert-Delélis,2022-2023,0,4,7,2023
639903,2023-04-08 15:00:00+00:00,Lille at Angers,LILL @ ANG,Angers,7868,1,Lille,166,0,STATUS_FULL_TIME,Stade Raymond Kopa,2022-2023,0,4,8,2023
639909,2023-04-08 19:00:00+00:00,Paris Saint-Germain at Nice,PSG @ NICE,Nice,2502,0,Paris Saint-Germain,160,2,STATUS_FULL_TIME,Allianz Riviera,2022-2023,0,4,8,2023
639906,2023-04-09 11:00:00+00:00,Stade Rennais at Lyon,REN @ LYON,Lyon,167,3,Stade Rennais,169,1,STATUS_FULL_TIME,Groupama Stadium,2022-2023,0,4,9,2023
639901,2023-04-09 13:00:00+00:00,AJ Auxerre at AC Ajaccio,AUX @ ACA,AC Ajaccio,2503,0,AJ Auxerre,172,3,STATUS_FULL_TIME,Stade Michel-Moretti,2022-2023,0,4,9,2023
639907,2023-04-09 13:00:00+00:00,Toulouse at Montpellier,TOU @ MON,Montpellier,274,1,Toulouse,179,2,STATUS_FULL_TIME,Stade de la Mosson,2022-2023,0,4,9,2023
639900,2023-04-09 13:00:00+00:00,Brest at Stade de Reims,BRE @ REIM,Stade de Reims,3243,1,Brest,6997,1,STATUS_FULL_TIME,Stade Auguste-Delaune II,2022-2023,0,4,9,2023
639902,2023-04-09 13:00:00+00:00,Clermont Foot at Troyes,CLE @ TRY,Troyes,170,0,Clermont Foot,3171,2,STATUS_FULL_TIME,Stade de l'Aube,2022-2023,0,4,9,2023
639908,2023-04-09 15:05:00+00:00,AS Monaco at Nantes,MON @ NAN,Nantes,165,2,AS Monaco,174,2,STATUS_FULL_TIME,La Beaujoire-Louis-Fonteneau,2022-2023,0,4,9,2023
639905,2023-04-09 18:45:00+00:00,Marseille at Lorient,OLM @ LOR,Lorient,273,0,Marseille,176,0,STATUS_FULL_TIME,Stade du Moustoir - Yves Allainmat,2022-2023,0,4,9,2023
639912,2023-04-14 19:00:00+00:00,Lyon at Toulouse,LYON @ TOU,Toulouse,179,1,Lyon,167,2,STATUS_FULL_TIME,Stadium de Toulouse,2022-2023,0,4,14,2023
639919,2023-04-15 15:00:00+00:00,Stade de Reims at Stade Rennais,REIM @ REN,Stade Rennais,169,3,Stade de Reims,3243,0,STATUS_FULL_TIME,Roazhon Park,2022-2023,0,4,15,2023
639918,2023-04-15 19:00:00+00:00,Lens at Paris Saint-Germain,RCL @ PSG,Paris Saint-Germain,160,3,Lens,175,1,STATUS_FULL_TIME,Parc des Princes,2022-2023,0,4,15,2023
639915,2023-04-16 11:00:00+00:00,Montpellier at Lille,MON @ LILL,Lille,166,2,Montpellier,274,1,STATUS_FULL_TIME,Decathlon Arena - Stade Pierre-Mauroy,2022-2023,0,4,16,2023
639911,2023-04-16 13:00:00+00:00,Nantes at AJ Auxerre,NAN @ AUX,AJ Auxerre,172,2,Nantes,165,1,STATUS_FULL_TIME,Stade de l'Abbé-Deschamps,2022-2023,0,4,16,2023
639913,2023-04-16 13:00:00+00:00,Nice at Brest,NICE @ BRE,Brest,6997,1,Nice,2502,0,STATUS_FULL_TIME,Stade Francis-Le Blé,2022-2023,0,4,16,2023
639914,2023-04-16 13:00:00+00:00,Angers at Clermont Foot,ANG @ CLE,Clermont Foot,3171,2,Angers,7868,1,STATUS_FULL_TIME,Stade Gabriel-Montpied,2022-2023,0,4,16,2023
639910,2023-04-16 13:00:00+00:00,AC Ajaccio at Strasbourg,ACA @ STR,Strasbourg,180,3,AC Ajaccio,2503,1,STATUS_FULL_TIME,Stade de la Meinau,2022-2023,0,4,16,2023
639917,2023-04-16 15:05:00+00:00,Lorient at AS Monaco,LOR @ MON,AS Monaco,174,3,Lorient,273,1,STATUS_FULL_TIME,Stade Louis II,2022-2023,0,4,16,2023
639916,2023-04-16 18:45:00+00:00,Troyes at Marseille,TRY @ OLM,Marseille,176,3,Troyes,170,1,STATUS_FULL_TIME,Orange Vélodrome,2022-2023,0,4,16,2023
639923,2023-04-21 19:00:00+00:00,Paris Saint-Germain at Angers,PSG @ ANG,Angers,7868,1,Paris Saint-Germain,160,2,STATUS_FULL_TIME,Stade Raymond Kopa,2022-2023,0,4,21,2023
639924,2023-04-22 15:00:00+00:00,Lille at AJ Auxerre,LILL @ AUX,AJ Auxerre,172,1,Lille,166,1,STATUS_FULL_TIME,Stade de l'Abbé-Deschamps,2022-2023,0,4,22,2023
639925,2023-04-22 19:00:00+00:00,AS Monaco at Lens,MON @ RCL,Lens,175,3,AS Monaco,174,0,STATUS_FULL_TIME,Stade Félix Bollaert-Delélis,2022-2023,0,4,22,2023
639922,2023-04-23 11:00:00+00:00,Strasbourg at Stade de Reims,STR @ REIM,Stade de Reims,3243,0,Strasbourg,180,2,STATUS_FULL_TIME,Stade Auguste-Delaune II,2022-2023,0,4,23,2023
639926,2023-04-23 13:00:00+00:00,Toulouse at Lorient,TOU @ LOR,Lorient,273,0,Toulouse,179,1,STATUS_FULL_TIME,Stade du Moustoir - Yves Allainmat,2022-2023,0,4,23,2023
639921,2023-04-23 13:00:00+00:00,Brest at AC Ajaccio,BRE @ ACA,AC Ajaccio,2503,0,Brest,6997,0,STATUS_FULL_TIME,Stade Michel-Moretti,2022-2023,0,4,23,2023
639920,2023-04-23 13:00:00+00:00,Clermont Foot at Nice,CLE @ NICE,Nice,2502,1,Clermont Foot,3171,2,STATUS_FULL_TIME,Allianz Riviera,2022-2023,0,4,23,2023
639929,2023-04-23 13:00:00+00:00,Troyes at Nantes,TRY @ NAN,Nantes,165,2,Troyes,170,2,STATUS_FULL_TIME,La Beaujoire-Louis-Fonteneau,2022-2023,0,4,23,2023
639928,2023-04-23 15:05:00+00:00,Stade Rennais at Montpellier,REN @ MON,Montpellier,274,1,Stade Rennais,169,0,STATUS_FULL_TIME,Stade de la Mosson,2022-2023,0,4,23,2023
639927,2023-04-23 18:45:00+00:00,Marseille at Lyon,OLM @ LYON,Lyon,167,1,Marseille,176,2,STATUS_FULL_TIME,Groupama Stadium,2022-2023,0,4,23,2023
639932,2023-04-28 19:00:00+00:00,Lyon at Strasbourg,LYON @ STR,Strasbourg,180,1,Lyon,167,2,STATUS_FULL_TIME,Stade de la Meinau,2022-2023,0,4,28,2023
639937,2023-04-29 15:00:00+00:00,AC Ajaccio at Lille,ACA @ LILL,Lille,166,3,AC Ajaccio,2503,0,STATUS_FULL_TIME,Decathlon Arena - Stade Pierre-Mauroy,2022-2023,0,4,29,2023
639935,2023-04-30 11:00:00+00:00,Montpellier at AS Monaco,MON @ MON,AS Monaco,174,0,Montpellier,274,4,STATUS_FULL_TIME,Stade Louis II,2022-2023,0,4,30,2023
639938,2023-04-30 13:00:00+00:00,Stade de Reims at Clermont Foot,REIM @ CLE,Clermont Foot,3171,1,Stade de Reims,3243,0,STATUS_FULL_TIME,Stade Gabriel-Montpied,2022-2023,0,4,30,2023
639933,2023-04-30 13:00:00+00:00,Angers at Stade Rennais,ANG @ REN,Stade Rennais,169,4,Angers,7868,2,STATUS_FULL_TIME,Roazhon Park,2022-2023,0,4,30,2023
639931,2023-04-30 13:00:00+00:00,Nice at Troyes,NICE @ TRY,Troyes,170,0,Nice,2502,1,STATUS_FULL_TIME,Stade de l'Aube,2022-2023,0,4,30,2023
639939,2023-04-30 15:05:00+00:00,Lorient at Paris Saint-Germain,LOR @ PSG,Paris Saint-Germain,160,1,Lorient,273,3,STATUS_FULL_TIME,Parc des Princes,2022-2023,0,4,30,2023
639936,2023-04-30 18:45:00+00:00,AJ Auxerre at Marseille,AUX @ OLM,Marseille,176,2,AJ Auxerre,172,1,STATUS_FULL_TIME,Orange Vélodrome,2022-2023,0,4,30,2023
639930,2023-05-02 19:00:00+00:00,Lens at Toulouse,RCL @ TOU,Toulouse,179,0,Lens,175,1,STATUS_FULL_TIME,Stadium de Toulouse,2022-2023,0,5,2,2023
639934,2023-05-03 19:00:00+00:00,Nantes at Brest,NAN @ BRE,Brest,6997,2,Nantes,165,0,STATUS_FULL_TIME,Stade Francis-Le Blé,2022-2023,0,5,3,2023
639942,2023-05-06 15:00:00+00:00,Stade Rennais at Nice,REN @ NICE,Nice,2502,2,Stade Rennais,169,1,STATUS_FULL_TIME,Allianz Riviera,2022-2023,0,5,6,2023
639948,2023-05-06 17:00:00+00:00,Lille at Stade de Reims,LILL @ REIM,Stade de Reims,3243,1,Lille,166,0,STATUS_FULL_TIME,Stade Auguste-Delaune II,2022-2023,0,5,6,2023
639946,2023-05-06 19:00:00+00:00,Marseille at Lens,OLM @ RCL,Lens,175,2,Marseille,176,1,STATUS_FULL_TIME,Stade Félix Bollaert-Delélis,2022-2023,0,5,6,2023
639941,2023-05-07 11:00:00+00:00,AS Monaco at Angers,MON @ ANG,Angers,7868,1,AS Monaco,174,2,STATUS_FULL_TIME,Stade Raymond Kopa,2022-2023,0,5,7,2023
639949,2023-05-07 13:00:00+00:00,Toulouse at AC Ajaccio,TOU @ ACA,AC Ajaccio,2503,0,Toulouse,179,0,STATUS_FULL_TIME,Stade Michel-Moretti,2022-2023,0,5,7,2023
639947,2023-05-07 13:00:00+00:00,Clermont Foot at AJ Auxerre,CLE @ AUX,AJ Auxerre,172,1,Clermont Foot,3171,1,STATUS_FULL_TIME,Stade de l'Abbé-Deschamps,2022-2023,0,5,7,2023
639945,2023-05-07 13:00:00+00:00,Brest at Lorient,BRE @ LOR,Lorient,273,2,Brest,6997,1,STATUS_FULL_TIME,Stade du Moustoir - Yves Allainmat,2022-2023,0,5,7,2023
639943,2023-05-07 13:00:00+00:00,Strasbourg at Nantes,STR @ NAN,Nantes,165,0,Strasbourg,180,2,STATUS_FULL_TIME,La Beaujoire-Louis-Fonteneau,2022-2023,0,5,7,2023
639944,2023-05-07 15:05:00+00:00,Montpellier at Lyon,MON @ LYON,Lyon,167,5,Montpellier,274,4,STATUS_FULL_TIME,Groupama Stadium,2022-2023,0,5,7,2023
639940,2023-05-07 18:45:00+00:00,Paris Saint-Germain at Troyes,PSG @ TRY,Troyes,170,1,Paris Saint-Germain,160,3,STATUS_FULL_TIME,Stade de l'Aube,2022-2023,0,5,7,2023
639955,2023-05-12 19:00:00+00:00,Stade de Reims at Lens,REIM @ RCL,Lens,175,2,Stade de Reims,3243,1,STATUS_FULL_TIME,Stade Félix Bollaert-Delélis,2022-2023,0,5,12,2023
639958,2023-05-13 15:00:00+00:00,Nice at Strasbourg,NICE @ STR,Strasbourg,180,2,Nice,2502,0,STATUS_FULL_TIME,Stade de la Meinau,2022-2023,0,5,13,2023
639951,2023-05-13 19:00:00+00:00,AC Ajaccio at Paris Saint-Germain,ACA @ PSG,Paris Saint-Germain,160,5,AC Ajaccio,2503,0,STATUS_FULL_TIME,Parc des Princes,2022-2023,0,5,13,2023
639956,2023-05-14 11:00:00+00:00,Lyon at Clermont Foot,LYON @ CLE,Clermont Foot,3171,2,Lyon,167,1,STATUS_FULL_TIME,Stade Gabriel-Montpied,2022-2023,0,5,14,2023
639957,2023-05-14 13:00:00+00:00,AJ Auxerre at Brest,AUX @ BRE,Brest,6997,1,AJ Auxerre,172,0,STATUS_FULL_TIME,Stade Francis-Le Blé,2022-2023,0,5,14,2023
639952,2023-05-14 13:00:00+00:00,Lorient at Montpellier,LOR @ MON,Montpellier,274,1,Lorient,273,1,STATUS_FULL_TIME,Stade de la Mosson,2022-2023,0,5,14,2023
639950,2023-05-14 13:00:00+00:00,Troyes at Stade Rennais,TRY @ REN,Stade Rennais,169,4,Troyes,170,0,STATUS_FULL_TIME,Roazhon Park,2022-2023,0,5,14,2023
639954,2023-05-14 14:30:00+00:00,Nantes at Toulouse,NAN @ TOU,Toulouse,179,0,Nantes,165,0,STATUS_FULL_TIME,Stadium de Toulouse,2022-2023,0,5,14,2023
639953,2023-05-14 15:05:00+00:00,Lille at AS Monaco,LILL @ MON,AS Monaco,174,0,Lille,166,0,STATUS_FULL_TIME,Stade Louis II,2022-2023,0,5,14,2023
639959,2023-05-14 18:45:00+00:00,Angers at Marseille,ANG @ OLM,Marseille,176,3,Angers,7868,1,STATUS_FULL_TIME,Orange Vélodrome,2022-2023,0,5,14,2023
639964,2023-05-19 19:00:00+00:00,AS Monaco at Lyon,MON @ LYON,Lyon,167,3,AS Monaco,174,1,STATUS_FULL_TIME,Groupama Stadium,2022-2023,0,5,19,2023
639963,2023-05-20 15:00:00+00:00,Montpellier at Nantes,MON @ NAN,Nantes,165,0,Montpellier,274,3,STATUS_FULL_TIME,La Beaujoire-Louis-Fonteneau,2022-2023,0,5,20,2023
639968,2023-05-20 19:00:00+00:00,Marseille at Lille,OLM @ LILL,Lille,166,2,Marseille,176,1,STATUS_FULL_TIME,Decathlon Arena - Stade Pierre-Mauroy,2022-2023,0,5,20,2023
639969,2023-05-21 11:00:00+00:00,Stade Rennais at AC Ajaccio,REN @ ACA,AC Ajaccio,2503,0,Stade Rennais,169,5,STATUS_FULL_TIME,Stade Michel-Moretti,2022-2023,0,5,21,2023
639967,2023-05-21 13:00:00+00:00,Clermont Foot at Brest,CLE @ BRE,Brest,6997,2,Clermont Foot,3171,1,STATUS_FULL_TIME,Stade Francis-Le Blé,2022-2023,0,5,21,2023
639962,2023-05-21 13:00:00+00:00,Toulouse at Nice,TOU @ NICE,Nice,2502,0,Toulouse,179,0,STATUS_FULL_TIME,Allianz Riviera,2022-2023,0,5,21,2023
639961,2023-05-21 13:00:00+00:00,Angers at Stade de Reims,ANG @ REIM,Stade de Reims,3243,2,Angers,7868,2,STATUS_FULL_TIME,Stade Auguste-Delaune II,2022-2023,0,5,21,2023
639960,2023-05-21 13:00:00+00:00,Strasbourg at Troyes,STR @ TRY,Troyes,170,1,Strasbourg,180,1,STATUS_FULL_TIME,Stade de l'Aube,2022-2023,0,5,21,2023
639965,2023-05-21 15:05:00+00:00,Lens at Lorient,RCL @ LOR,Lorient,273,1,Lens,175,3,STATUS_FULL_TIME,Stade du Moustoir - Yves Allainmat,2022-2023,0,5,21,2023
639966,2023-05-21 18:45:00+00:00,Paris Saint-Germain at AJ Auxerre,PSG @ AUX,AJ Auxerre,172,1,Paris Saint-Germain,160,2,STATUS_FULL_TIME,Stade de l'Abbé-Deschamps,2022-2023,0,5,21,2023
639978,2023-05-27 19:00:00+00:00,Paris Saint-Germain at Strasbourg,PSG @ STR,Strasbourg,180,1,Paris Saint-Germain,160,1,STATUS_FULL_TIME,Stade de la Meinau,2022-2023,0,5,27,2023
639974,2023-05-27 19:00:00+00:00,AJ Auxerre at Toulouse,AUX @ TOU,Toulouse,179,1,AJ Auxerre,172,1,STATUS_FULL_TIME,Stadium de Toulouse,2022-2023,0,5,27,2023
639977,2023-05-27 19:00:00+00:00,Troyes at Angers,TRY @ ANG,Angers,7868,2,Troyes,170,1,STATUS_FULL_TIME,Stade Raymond Kopa,2022-2023,0,5,27,2023
639976,2023-05-27 19:00:00+00:00,Lorient at Clermont Foot,LOR @ CLE,Clermont Foot,3171,2,Lorient,273,0,STATUS_FULL_TIME,Stade Gabriel-Montpied,2022-2023,0,5,27,2023
639975,2023-05-27 19:00:00+00:00,AC Ajaccio at Lens,ACA @ RCL,Lens,175,3,AC Ajaccio,2503,0,STATUS_FULL_TIME,Stade Félix Bollaert-Delélis,2022-2023,0,5,27,2023
639979,2023-05-27 19:00:00+00:00,Nantes at Lille,NAN @ LILL,Lille,166,2,Nantes,165,1,STATUS_FULL_TIME,Decathlon Arena - Stade Pierre-Mauroy,2022-2023,0,5,27,2023
639973,2023-05-27 19:00:00+00:00,Stade de Reims at Lyon,REIM @ LYON,Lyon,167,3,Stade de Reims,3243,0,STATUS_FULL_TIME,Groupama Stadium,2022-2023,0,5,27,2023
639972,2023-05-27 19:00:00+00:00,Brest at Marseille,BRE @ OLM,Marseille,176,1,Brest,6997,2,STATUS_FULL_TIME,Orange Vélodrome,2022-2023,0,5,27,2023
639971,2023-05-27 19:00:00+00:00,Nice at Montpellier,NICE @ MON,Montpellier,274,2,Nice,2502,3,STATUS_FULL_TIME,Stade de la Mosson,2022-2023,0,5,27,2023
639970,2023-05-27 19:00:00+00:00,AS Monaco at Stade Rennais,MON @ REN,Stade Rennais,169,2,AS Monaco,174,0,STATUS_FULL_TIME,Roazhon Park,2022-2023,0,5,27,2023
639989,2023-06-03 19:00:00+00:00,Toulouse at AS Monaco,TOU @ MON,AS Monaco,174,1,Toulouse,179,2,STATUS_FULL_TIME,Stade Louis II,2022-2023,0,6,3,2023
639981,2023-06-03 19:00:00+00:00,Lens at AJ Auxerre,RCL @ AUX,AJ Auxerre,172,1,Lens,175,3,STATUS_FULL_TIME,Stade de l'Abbé-Deschamps,2022-2023,0,6,3,2023
639982,2023-06-03 19:00:00+00:00,Stade Rennais at Brest,REN @ BRE,Brest,6997,1,Stade Rennais,169,2,STATUS_FULL_TIME,Stade Francis-Le Blé,2022-2023,0,6,3,2023
639985,2023-06-03 19:00:00+00:00,Angers at Nantes,ANG @ NAN,Nantes,165,1,Angers,7868,0,STATUS_FULL_TIME,La Beaujoire-Louis-Fonteneau,2022-2023,0,6,3,2023
639983,2023-06-03 19:00:00+00:00,Strasbourg at Lorient,STR @ LOR,Lorient,273,2,Strasbourg,180,1,STATUS_FULL_TIME,Stade du Moustoir - Yves Allainmat,2022-2023,0,6,3,2023
639988,2023-06-03 19:00:00+00:00,Montpellier at Stade de Reims,MON @ REIM,Stade de Reims,3243,1,Montpellier,274,3,STATUS_FULL_TIME,Stade Auguste-Delaune II,2022-2023,0,6,3,2023
639986,2023-06-03 19:00:00+00:00,Lyon at Nice,LYON @ NICE,Nice,2502,3,Lyon,167,1,STATUS_FULL_TIME,Allianz Riviera,2022-2023,0,6,3,2023
639984,2023-06-03 19:00:00+00:00,Lille at Troyes,LILL @ TRY,Troyes,170,1,Lille,166,1,STATUS_FULL_TIME,Stade de l'Aube,2022-2023,0,6,3,2023
639987,2023-06-03 19:00:00+00:00,Clermont Foot at Paris Saint-Germain,CLE @ PSG,Paris Saint-Germain,160,2,Clermont Foot,3171,3,STATUS_FULL_TIME,Parc des Princes,2022-2023,0,6,3,2023
639980,2023-06-03 19:00:00+00:00,Marseille at AC Ajaccio,OLM @ ACA,AC Ajaccio,2503,1,Marseille,176,0,STATUS_FULL_TIME,Stade Michel-Moretti,2022-2023,0,6,3,2023
677197,2023-08-11 19:00:00+00:00,Lille at Nice,LILL @ NICE,Nice,2502,1,Lille,166,1,STATUS_FULL_TIME,Allianz Riviera,2023-2024,0,8,11,2023
677191,2023-08-12 15:00:00+00:00,Stade de Reims at Marseille,REIM @ OLM,Marseille,176,2,Stade de Reims,3243,1,STATUS_FULL_TIME,Orange Vélodrome,2023-2024,0,8,12,2023
677199,2023-08-12 19:00:00+00:00,Lorient at Paris Saint-Germain,LOR @ PSG,Paris Saint-Germain,160,0,Lorient,273,0,STATUS_FULL_TIME,Parc des Princes,2023-2024,0,8,12,2023
677185,2023-08-13 11:00:00+00:00,Lens at Brest,RCL @ BRE,Brest,6997,3,Lens,175,2,STATUS_FULL_TIME,Stade Francis-Le Blé,2023-2024,0,8,13,2023
677188,2023-08-13 13:00:00+00:00,AS Monaco at Clermont Foot,MON @ CLE,Clermont Foot,3171,2,AS Monaco,174,4,STATUS_FULL_TIME,Stade Gabriel-Montpied,2023-2024,0,8,13,2023
677193,2023-08-13 13:00:00+00:00,Le Havre AC at Montpellier,HAC @ MON,Montpellier,274,2,Le Havre AC,3236,2,STATUS_FULL_TIME,Stade de la Mosson,2023-2024,0,8,13,2023
677195,2023-08-13 13:00:00+00:00,Toulouse at Nantes,TOU @ NAN,Nantes,165,1,Toulouse,179,2,STATUS_FULL_TIME,La Beaujoire-Louis-Fonteneau,2023-2024,0,8,13,2023
677201,2023-08-13 15:05:00+00:00,Metz at Stade Rennais,METZ @ REN,Stade Rennais,169,5,Metz,177,1,STATUS_FULL_TIME,Roazhon Park,2023-2024,0,8,13,2023
677203,2023-08-13 18:45:00+00:00,Lyon at Strasbourg,LYON @ STR,Strasbourg,180,2,Lyon,167,1,STATUS_FULL_TIME,Stade de la Meinau,2023-2024,0,8,13,2023
677214,2023-08-18 19:00:00+00:00,Marseille at Metz,OLM @ METZ,Metz,177,2,Marseille,176,2,STATUS_FULL_TIME,Stade Saint-Symphorien,2023-2024,0,8,18,2023
677212,2023-08-19 17:00:00+00:00,Montpellier at Lyon,MON @ LYON,Lyon,167,1,Montpellier,274,4,STATUS_FULL_TIME,Groupama Stadium,2023-2024,0,8,19,2023
677220,2023-08-19 19:00:00+00:00,Paris Saint-Germain at Toulouse,PSG @ TOU,Toulouse,179,1,Paris Saint-Germain,160,1,STATUS_FULL_TIME,Stadium de Toulouse,2023-2024,0,8,19,2023
677208,2023-08-20 11:00:00+00:00,Nantes at Lille,NAN @ LILL,Lille,166,2,Nantes,165,0,STATUS_FULL_TIME,Decathlon Arena - Stade Pierre-Mauroy,2023-2024,0,8,20,2023
677205,2023-08-20 13:00:00+00:00,Brest at Le Havre AC,BRE @ HAC,Le Havre AC,3236,1,Brest,6997,2,STATUS_FULL_TIME,Stade Océane,2023-2024,0,8,20,2023
677210,2023-08-20 13:00:00+00:00,Nice at Lorient,NICE @ LOR,Lorient,273,1,Nice,2502,1,STATUS_FULL_TIME,Stade du Moustoir - Yves Allainmat,2023-2024,0,8,20,2023
677218,2023-08-20 13:00:00+00:00,Clermont Foot at Stade de Reims,CLE @ REIM,Stade de Reims,3243,2,Clermont Foot,3171,0,STATUS_FULL_TIME,Stade Auguste-Delaune II,2023-2024,0,8,20,2023
677216,2023-08-20 17:00:00+00:00,Strasbourg at AS Monaco,STR @ MON,AS Monaco,174,3,Strasbourg,180,0,STATUS_FULL_TIME,Stade Louis II,2023-2024,0,8,20,2023
677206,2023-08-20 18:45:00+00:00,Stade Rennais at Lens,REN @ RCL,Lens,175,1,Stade Rennais,169,1,STATUS_FULL_TIME,Stade Félix Bollaert-Delélis,2023-2024,0,8,20,2023
677236,2023-08-25 19:00:00+00:00,AS Monaco at Nantes,MON @ NAN,Nantes,165,3,AS Monaco,174,3,STATUS_FULL_TIME,La Beaujoire-Louis-Fonteneau,2023-2024,0,8,25,2023
677225,2023-08-26 17:00:00+00:00,Brest at Marseille,BRE @ OLM,Marseille,176,2,Brest,6997,0,STATUS_FULL_TIME,Orange Vélodrome,2023-2024,0,8,26,2023
677232,2023-08-26 19:00:00+00:00,Lens at Paris Saint-Germain,RCL @ PSG,Paris Saint-Germain,160,3,Lens,175,1,STATUS_FULL_TIME,Parc des Princes,2023-2024,0,8,26,2023
677229,2023-08-27 11:00:00+00:00,Le Havre AC at Stade Rennais,HAC @ REN,Stade Rennais,169,2,Le Havre AC,3236,2,STATUS_FULL_TIME,Roazhon Park,2023-2024,0,8,27,2023
677221,2023-08-27 13:00:00+00:00,Metz at Clermont Foot,METZ @ CLE,Clermont Foot,3171,0,Metz,177,1,STATUS_FULL_TIME,Stade Gabriel-Montpied,2023-2024,0,8,27,2023
677227,2023-08-27 13:00:00+00:00,Stade de Reims at Montpellier,REIM @ MON,Montpellier,274,1,Stade de Reims,3243,3,STATUS_FULL_TIME,Stade de la Mosson,2023-2024,0,8,27,2023
677234,2023-08-27 13:00:00+00:00,Toulouse at Strasbourg,TOU @ STR,Strasbourg,180,2,Toulouse,179,0,STATUS_FULL_TIME,Stade de la Meinau,2023-2024,0,8,27,2023
677223,2023-08-27 15:05:00+00:00,Lille at Lorient,LILL @ LOR,Lorient,273,4,Lille,166,1,STATUS_FULL_TIME,Stade du Moustoir - Yves Allainmat,2023-2024,0,8,27,2023
677231,2023-08-27 18:45:00+00:00,Lyon at Nice,LYON @ NICE,Nice,2502,0,Lyon,167,0,STATUS_FULL_TIME,Allianz Riviera,2023-2024,0,8,27,2023
677249,2023-09-01 19:00:00+00:00,Marseille at Nantes,OLM @ NAN,Nantes,165,1,Marseille,176,1,STATUS_FULL_TIME,La Beaujoire-Louis-Fonteneau,2023-2024,0,9,1,2023
677238,2023-09-02 15:00:00+00:00,Stade Rennais at Brest,REN @ BRE,Brest,6997,0,Stade Rennais,169,0,STATUS_FULL_TIME,Stade Francis-Le Blé,2023-2024,0,9,2,2023
677247,2023-09-02 19:00:00+00:00,Lens at AS Monaco,RCL @ MON,AS Monaco,174,3,Lens,175,0,STATUS_FULL_TIME,Stade Louis II,2023-2024,0,9,2,2023
677253,2023-09-03 11:00:00+00:00,Clermont Foot at Toulouse,CLE @ TOU,Toulouse,179,2,Clermont Foot,3171,2,STATUS_FULL_TIME,Stadium de Toulouse,2023-2024,0,9,3,2023
677242,2023-09-03 13:00:00+00:00,Montpellier at Lille,MON @ LILL,Lille,166,1,Montpellier,274,0,STATUS_FULL_TIME,Decathlon Arena - Stade Pierre-Mauroy,2023-2024,0,9,3,2023
677246,2023-09-03 13:00:00+00:00,Stade de Reims at Metz,REIM @ METZ,Metz,177,2,Stade de Reims,3243,2,STATUS_FULL_TIME,Stade Saint-Symphorien,2023-2024,0,9,3,2023
677240,2023-09-03 13:00:00+00:00,Lorient at Le Havre AC,LOR @ HAC,Le Havre AC,3236,3,Lorient,273,0,STATUS_FULL_TIME,Stade Océane,2023-2024,0,9,3,2023
677251,2023-09-03 15:05:00+00:00,Strasbourg at Nice,STR @ NICE,Nice,2502,2,Strasbourg,180,0,STATUS_FULL_TIME,Allianz Riviera,2023-2024,0,9,3,2023
677244,2023-09-03 18:45:00+00:00,Paris Saint-Germain at Lyon,PSG @ LYON,Lyon,167,1,Paris Saint-Germain,160,4,STATUS_FULL_TIME,Groupama Stadium,2023-2024,0,9,3,2023
677265,2023-09-15 19:00:00+00:00,Nice at Paris Saint-Germain,NICE @ PSG,Paris Saint-Germain,160,2,Nice,2502,3,STATUS_FULL_TIME,Parc des Princes,2023-2024,0,9,15,2023
677268,2023-09-16 15:00:00+00:00,Lille at Stade Rennais,LILL @ REN,Stade Rennais,169,2,Lille,166,2,STATUS_FULL_TIME,Roazhon Park,2023-2024,0,9,16,2023
677257,2023-09-16 19:00:00+00:00,Metz at Lens,METZ @ RCL,Lens,175,0,Metz,177,1,STATUS_FULL_TIME,Stade Félix Bollaert-Delélis,2023-2024,0,9,16,2023
677259,2023-09-17 11:00:00+00:00,AS Monaco at Lorient,MON @ LOR,Lorient,273,2,AS Monaco,174,2,STATUS_FULL_TIME,Stade du Moustoir - Yves Allainmat,2023-2024,0,9,17,2023
677267,2023-09-17 13:00:00+00:00,Brest at Stade de Reims,BRE @ REIM,Stade de Reims,3243,1,Brest,6997,2,STATUS_FULL_TIME,Stade Auguste-Delaune II,2023-2024,0,9,17,2023
677270,2023-09-17 13:00:00+00:00,Montpellier at Strasbourg,MON @ STR,Strasbourg,180,2,Montpellier,274,2,STATUS_FULL_TIME,Stade de la Meinau,2023-2024,0,9,17,2023
677255,2023-09-17 13:00:00+00:00,Nantes at Clermont Foot,NAN @ CLE,Clermont Foot,3171,0,Nantes,165,1,STATUS_FULL_TIME,Stade Gabriel-Montpied,2023-2024,0,9,17,2023
677263,2023-09-17 15:05:00+00:00,Toulouse at Marseille,TOU @ OLM,Marseille,176,0,Toulouse,179,0,STATUS_FULL_TIME,Orange Vélodrome,2023-2024,0,9,17,2023
677261,2023-09-17 18:45:00+00:00,Le Havre AC at Lyon,HAC @ LYON,Lyon,167,0,Le Havre AC,3236,0,STATUS_FULL_TIME,Groupama Stadium,2023-2024,0,9,17,2023
677281,2023-09-22 19:00:00+00:00,Nice at AS Monaco,NICE @ MON,AS Monaco,174,0,Nice,2502,1,STATUS_FULL_TIME,Stade Louis II,2023-2024,0,9,22,2023
677279,2023-09-23 15:00:00+00:00,Lorient at Nantes,LOR @ NAN,Nantes,165,5,Lorient,273,3,STATUS_FULL_TIME,La Beaujoire-Louis-Fonteneau,2023-2024,0,9,23,2023
677272,2023-09-23 19:00:00+00:00,Lyon at Brest,LYON @ BRE,Brest,6997,1,Lyon,167,0,STATUS_FULL_TIME,Stade Francis-Le Blé,2023-2024,0,9,23,2023
677287,2023-09-24 11:00:00+00:00,Strasbourg at Metz,STR @ METZ,Metz,177,0,Strasbourg,180,1,STATUS_FULL_TIME,Stade Saint-Symphorien,2023-2024,0,9,24,2023
677274,2023-09-24 13:00:00+00:00,Clermont Foot at Le Havre AC,CLE @ HAC,Le Havre AC,3236,2,Clermont Foot,3171,1,STATUS_FULL_TIME,Stade Océane,2023-2024,0,9,24,2023
677275,2023-09-24 13:00:00+00:00,Toulouse at Lens,TOU @ RCL,Lens,175,2,Toulouse,179,1,STATUS_FULL_TIME,Stade Félix Bollaert-Delélis,2023-2024,0,9,24,2023
677283,2023-09-24 15:05:00+00:00,Stade Rennais at Montpellier,REN @ MON,Montpellier,274,0,Stade Rennais,169,0,STATUS_FULL_TIME,Stade de la Mosson,2023-2024,0,9,24,2023
677285,2023-09-24 18:45:00+00:00,Marseille at Paris Saint-Germain,OLM @ PSG,Paris Saint-Germain,160,4,Marseille,176,0,STATUS_FULL_TIME,Parc des Princes,2023-2024,0,9,24,2023
677277,2023-09-26 19:00:00+00:00,Stade de Reims at Lille,REIM @ LILL,Lille,166,1,Stade de Reims,3243,2,STATUS_FULL_TIME,Decathlon Arena - Stade Pierre-Mauroy,2023-2024,0,9,26,2023
677298,2023-09-29 19:00:00+00:00,Lens at Strasbourg,RCL @ STR,Strasbourg,180,0,Lens,175,1,STATUS_FULL_TIME,Stade de la Meinau,2023-2024,0,9,29,2023
677302,2023-09-30 15:00:00+00:00,Paris Saint-Germain at Clermont Foot,PSG @ CLE,Clermont Foot,3171,0,Paris Saint-Germain,160,0,STATUS_FULL_TIME,Stade Gabriel-Montpied,2023-2024,0,9,30,2023
677291,2023-09-30 19:00:00+00:00,Marseille at AS Monaco,OLM @ MON,AS Monaco,174,3,Marseille,176,2,STATUS_FULL_TIME,Stade Louis II,2023-2024,0,9,30,2023
677295,2023-10-01 11:00:00+00:00,Lyon at Stade de Reims,LYON @ REIM,Stade de Reims,3243,2,Lyon,167,0,STATUS_FULL_TIME,Stade Auguste-Delaune II,2023-2024,0,10,1,2023
677296,2023-10-01 13:00:00+00:00,Lille at Le Havre AC,LILL @ HAC,Le Havre AC,3236,0,Lille,166,2,STATUS_FULL_TIME,Stade Océane,2023-2024,0,10,1,2023
677293,2023-10-01 13:00:00+00:00,Brest at Nice,BRE @ NICE,Nice,2502,0,Brest,6997,0,STATUS_FULL_TIME,Allianz Riviera,2023-2024,0,10,1,2023
677300,2023-10-01 13:00:00+00:00,Metz at Toulouse,METZ @ TOU,Toulouse,179,3,Metz,177,0,STATUS_FULL_TIME,Stadium de Toulouse,2023-2024,0,10,1,2023
677289,2023-10-01 15:05:00+00:00,Montpellier at Lorient,MON @ LOR,Lorient,273,0,Montpellier,274,3,STATUS_FULL_TIME,Stade du Moustoir - Yves Allainmat,2023-2024,0,10,1,2023
677304,2023-10-01 18:45:00+00:00,Nantes at Stade Rennais,NAN @ REN,Stade Rennais,169,3,Nantes,165,1,STATUS_FULL_TIME,Roazhon Park,2023-2024,0,10,1,2023
677317,2023-10-06 19:00:00+00:00,Nantes at Strasbourg,NAN @ STR,Strasbourg,180,1,Nantes,165,2,STATUS_FULL_TIME,Stade de la Meinau,2023-2024,0,10,6,2023
677310,2023-10-07 15:00:00+00:00,Nice at Metz,NICE @ METZ,Metz,177,0,Nice,2502,1,STATUS_FULL_TIME,Stade Saint-Symphorien,2023-2024,0,10,7,2023
677314,2023-10-07 19:00:00+00:00,AS Monaco at Stade de Reims,MON @ REIM,Stade de Reims,3243,1,AS Monaco,174,3,STATUS_FULL_TIME,Stade Auguste-Delaune II,2023-2024,0,10,7,2023
677308,2023-10-08 11:00:00+00:00,Le Havre AC at Marseille,HAC @ OLM,Marseille,176,3,Le Havre AC,3236,0,STATUS_FULL_TIME,Orange Vélodrome,2023-2024,0,10,8,2023
677319,2023-10-08 13:00:00+00:00,Toulouse at Brest,TOU @ BRE,Brest,6997,1,Toulouse,179,1,STATUS_FULL_TIME,Stade Francis-Le Blé,2023-2024,0,10,8,2023
677306,2023-10-08 13:00:00+00:00,Lorient at Lyon,LOR @ LYON,Lyon,167,3,Lorient,273,3,STATUS_FULL_TIME,Groupama Stadium,2023-2024,0,10,8,2023
677311,2023-10-08 15:05:00+00:00,Lille at Lens,LILL @ RCL,Lens,175,1,Lille,166,1,STATUS_FULL_TIME,Stade Félix Bollaert-Delélis,2023-2024,0,10,8,2023
677315,2023-10-08 18:45:00+00:00,Paris Saint-Germain at Stade Rennais,PSG @ REN,Stade Rennais,169,1,Paris Saint-Germain,160,3,STATUS_FULL_TIME,Roazhon Park,2023-2024,0,10,8,2023
677323,2023-10-20 19:00:00+00:00,Lens at Le Havre AC,RCL @ HAC,Le Havre AC,3236,0,Lens,175,0,STATUS_FULL_TIME,Stade Océane,2023-2024,0,10,20,2023
677328,2023-10-21 15:00:00+00:00,Strasbourg at Paris Saint-Germain,STR @ PSG,Paris Saint-Germain,160,3,Strasbourg,180,0,STATUS_FULL_TIME,Parc des Princes,2023-2024,0,10,21,2023
677329,2023-10-21 19:00:00+00:00,Marseille at Nice,OLM @ NICE,Nice,2502,1,Marseille,176,0,STATUS_FULL_TIME,Allianz Riviera,2023-2024,0,10,21,2023
677337,2023-10-22 11:00:00+00:00,Stade Rennais at Lorient,REN @ LOR,Lorient,273,2,Stade Rennais,169,1,STATUS_FULL_TIME,Stade du Moustoir - Yves Allainmat,2023-2024,0,10,22,2023
677325,2023-10-22 13:00:00+00:00,Brest at Lille,BRE @ LILL,Lille,166,1,Brest,6997,0,STATUS_FULL_TIME,Decathlon Arena - Stade Pierre-Mauroy,2023-2024,0,10,22,2023
677331,2023-10-22 13:00:00+00:00,Montpellier at Nantes,MON @ NAN,Nantes,165,2,Montpellier,274,0,STATUS_FULL_TIME,La Beaujoire-Louis-Fonteneau,2023-2024,0,10,22,2023
677327,2023-10-22 13:00:00+00:00,Stade de Reims at Toulouse,REIM @ TOU,Toulouse,179,1,Stade de Reims,3243,1,STATUS_FULL_TIME,Stadium de Toulouse,2023-2024,0,10,22,2023
677333,2023-10-22 15:05:00+00:00,Metz at AS Monaco,METZ @ MON,AS Monaco,174,2,Metz,177,1,STATUS_FULL_TIME,Stade Louis II,2023-2024,0,10,22,2023
677335,2023-10-22 18:45:00+00:00,Clermont Foot at Lyon,CLE @ LYON,Lyon,167,1,Clermont Foot,3171,2,STATUS_FULL_TIME,Groupama Stadium,2023-2024,0,10,22,2023
677348,2023-10-27 19:00:00+00:00,Nice at Clermont Foot,NICE @ CLE,Clermont Foot,3171,0,Nice,2502,1,STATUS_FULL_TIME,Stade Gabriel-Montpied,2023-2024,0,10,27,2023
677341,2023-10-28 15:00:00+00:00,Lorient at Stade de Reims,LOR @ REIM,Stade de Reims,3243,1,Lorient,273,0,STATUS_FULL_TIME,Stade Auguste-Delaune II,2023-2024,0,10,28,2023
677347,2023-10-28 19:00:00+00:00,Nantes at Lens,NAN @ RCL,Lens,175,4,Nantes,165,0,STATUS_FULL_TIME,Stade Félix Bollaert-Delélis,2023-2024,0,10,28,2023
677339,2023-10-29 12:00:00+00:00,Paris Saint-Germain at Brest,PSG @ BRE,Brest,6997,2,Paris Saint-Germain,160,3,STATUS_FULL_TIME,Stade Francis-Le Blé,2023-2024,0,10,29,2023
677346,2023-10-29 14:00:00+00:00,AS Monaco at Lille,MON @ LILL,Lille,166,2,AS Monaco,174,0,STATUS_FULL_TIME,Decathlon Arena - Stade Pierre-Mauroy,2023-2024,0,10,29,2023
677344,2023-10-29 14:00:00+00:00,Le Havre AC at Metz,HAC @ METZ,Metz,177,0,Le Havre AC,3236,0,STATUS_FULL_TIME,Stade Saint-Symphorien,2023-2024,0,10,29,2023
677343,2023-10-29 14:00:00+00:00,Toulouse at Montpellier,TOU @ MON,Montpellier,274,3,Toulouse,179,0,STATUS_FULL_TIME,Stade de la Mosson,2023-2024,0,10,29,2023
677349,2023-10-29 16:05:00+00:00,Strasbourg at Stade Rennais,STR @ REN,Stade Rennais,169,1,Strasbourg,180,1,STATUS_FULL_TIME,Roazhon Park,2023-2024,0,10,29,2023
677356,2023-11-03 20:00:00+00:00,Montpellier at Paris Saint-Germain,MON @ PSG,Paris Saint-Germain,160,3,Montpellier,274,0,STATUS_FULL_TIME,Parc des Princes,2023-2024,0,11,3,2023
677353,2023-11-04 16:00:00+00:00,Lens at Lorient,RCL @ LOR,Lorient,273,0,Lens,175,0,STATUS_FULL_TIME,Stade du Moustoir - Yves Allainmat,2023-2024,0,11,4,2023
677351,2023-11-04 20:00:00+00:00,Lille at Marseille,LILL @ OLM,Marseille,176,0,Lille,166,0,STATUS_FULL_TIME,Orange Vélodrome,2023-2024,0,11,4,2023
677352,2023-11-05 12:00:00+00:00,Metz at Lyon,METZ @ LYON,Lyon,167,1,Metz,177,1,STATUS_FULL_TIME,Groupama Stadium,2023-2024,0,11,5,2023
677354,2023-11-05 14:00:00+00:00,Stade de Reims at Nantes,REIM @ NAN,Nantes,165,0,Stade de Reims,3243,1,STATUS_FULL_TIME,La Beaujoire-Louis-Fonteneau,2023-2024,0,11,5,2023
677357,2023-11-05 14:00:00+00:00,Clermont Foot at Strasbourg,CLE @ STR,Strasbourg,180,0,Clermont Foot,3171,0,STATUS_FULL_TIME,Stade de la Meinau,2023-2024,0,11,5,2023
677358,2023-11-05 14:00:00+00:00,Le Havre AC at Toulouse,HAC @ TOU,Toulouse,179,1,Le Havre AC,3236,2,STATUS_FULL_TIME,Stadium de Toulouse,2023-2024,0,11,5,2023
677350,2023-11-05 16:05:00+00:00,Brest at AS Monaco,BRE @ MON,AS Monaco,174,2,Brest,6997,0,STATUS_FULL_TIME,Stade Louis II,2023-2024,0,11,5,2023
677355,2023-11-05 19:45:00+00:00,Stade Rennais at Nice,REN @ NICE,Nice,2502,2,Stade Rennais,169,0,STATUS_FULL_TIME,Allianz Riviera,2023-2024,0,11,5,2023
677360,2023-11-10 20:00:00+00:00,Nice at Montpellier,NICE @ MON,Montpellier,274,0,Nice,2502,0,STATUS_FULL_TIME,Stade de la Mosson,2023-2024,0,11,10,2023
677359,2023-11-11 16:00:00+00:00,Paris Saint-Germain at Stade de Reims,PSG @ REIM,Stade de Reims,3243,0,Paris Saint-Germain,160,3,STATUS_FULL_TIME,Stade Auguste-Delaune II,2023-2024,0,11,11,2023
677363,2023-11-11 20:00:00+00:00,AS Monaco at Le Havre AC,MON @ HAC,Le Havre AC,3236,0,AS Monaco,174,0,STATUS_FULL_TIME,Stade Océane,2023-2024,0,11,11,2023
677361,2023-11-12 14:00:00+00:00,Nantes at Metz,NAN @ METZ,Metz,177,3,Nantes,165,1,STATUS_FULL_TIME,Stade Saint-Symphorien,2023-2024,0,11,12,2023
677364,2023-11-12 14:00:00+00:00,Lorient at Clermont Foot,LOR @ CLE,Clermont Foot,3171,1,Lorient,273,0,STATUS_FULL_TIME,Stade Gabriel-Montpied,2023-2024,0,11,12,2023
677366,2023-11-12 14:00:00+00:00,Toulouse at Lille,TOU @ LILL,Lille,166,1,Toulouse,179,1,STATUS_FULL_TIME,Decathlon Arena - Stade Pierre-Mauroy,2023-2024,0,11,12,2023
677367,2023-11-12 16:05:00+00:00,Lyon at Stade Rennais,LYON @ REN,Stade Rennais,169,0,Lyon,167,1,STATUS_FULL_TIME,Roazhon Park,2023-2024,0,11,12,2023
677362,2023-11-12 19:45:00+00:00,Marseille at Lens,OLM @ RCL,Lens,175,1,Marseille,176,0,STATUS_FULL_TIME,Stade Félix Bollaert-Delélis,2023-2024,0,11,12,2023
677373,2023-11-24 20:00:00+00:00,AS Monaco at Paris Saint-Germain,MON @ PSG,Paris Saint-Germain,160,5,AS Monaco,174,2,STATUS_FULL_TIME,Parc des Princes,2023-2024,0,11,24,2023
677375,2023-11-25 16:00:00+00:00,Lens at Clermont Foot,RCL @ CLE,Clermont Foot,3171,0,Lens,175,3,STATUS_FULL_TIME,Stade Gabriel-Montpied,2023-2024,0,11,25,2023
677374,2023-11-25 20:00:00+00:00,Marseille at Strasbourg,OLM @ STR,Strasbourg,180,1,Marseille,176,1,STATUS_FULL_TIME,Stade de la Meinau,2023-2024,0,11,25,2023
677372,2023-11-26 12:00:00+00:00,Toulouse at Nice,TOU @ NICE,Nice,2502,1,Toulouse,179,0,STATUS_FULL_TIME,Allianz Riviera,2023-2024,0,11,26,2023
677376,2023-11-26 14:00:00+00:00,Metz at Lorient,METZ @ LOR,Lorient,273,2,Metz,177,3,STATUS_FULL_TIME,Stade du Moustoir - Yves Allainmat,2023-2024,0,11,26,2023
677368,2023-11-26 14:00:00+00:00,Brest at Montpellier,BRE @ MON,Montpellier,274,1,Brest,6997,3,STATUS_FULL_TIME,Stade de la Mosson,2023-2024,0,11,26,2023
677371,2023-11-26 14:00:00+00:00,Le Havre AC at Nantes,HAC @ NAN,Nantes,165,0,Le Havre AC,3236,0,STATUS_FULL_TIME,La Beaujoire-Louis-Fonteneau,2023-2024,0,11,26,2023
677370,2023-11-26 16:05:00+00:00,Stade de Reims at Stade Rennais,REIM @ REN,Stade Rennais,169,3,Stade de Reims,3243,1,STATUS_FULL_TIME,Roazhon Park,2023-2024,0,11,26,2023
677369,2023-11-26 19:45:00+00:00,Lille at Lyon,LILL @ LYON,Lyon,167,0,Lille,166,2,STATUS_FULL_TIME,Groupama Stadium,2023-2024,0,11,26,2023
677321,2023-11-29 18:00:00+00:00,Clermont Foot at Montpellier,CLE @ MON,Montpellier,274,1,Clermont Foot,3171,1,STATUS_FULL_TIME,Stade de la Mosson,2023-2024,0,11,29,2023
677385,2023-12-01 20:00:00+00:00,Strasbourg at Stade de Reims,STR @ REIM,Stade de Reims,3243,2,Strasbourg,180,1,STATUS_FULL_TIME,Stade Auguste-Delaune II,2023-2024,0,12,1,2023
677383,2023-12-02 16:00:00+00:00,Lyon at Lens,LYON @ RCL,Lens,175,3,Lyon,167,2,STATUS_FULL_TIME,Stade Félix Bollaert-Delélis,2023-2024,0,12,2,2023
677379,2023-12-02 20:00:00+00:00,Nice at Nantes,NICE @ NAN,Nantes,165,1,Nice,2502,0,STATUS_FULL_TIME,La Beaujoire-Louis-Fonteneau,2023-2024,0,12,2,2023
677384,2023-12-03 12:00:00+00:00,Paris Saint-Germain at Le Havre AC,PSG @ HAC,Le Havre AC,3236,0,Paris Saint-Germain,160,2,STATUS_FULL_TIME,Stade Océane,2023-2024,0,12,3,2023
677380,2023-12-03 14:00:00+00:00,Montpellier at AS Monaco,MON @ MON,AS Monaco,174,2,Montpellier,274,0,STATUS_FULL_TIME,Stade Louis II,2023-2024,0,12,3,2023
677377,2023-12-03 14:00:00+00:00,Clermont Foot at Brest,CLE @ BRE,Brest,6997,3,Clermont Foot,3171,0,STATUS_FULL_TIME,Stade Francis-Le Blé,2023-2024,0,12,3,2023
677378,2023-12-03 14:00:00+00:00,Lorient at Toulouse,LOR @ TOU,Toulouse,179,1,Lorient,273,1,STATUS_FULL_TIME,Stadium de Toulouse,2023-2024,0,12,3,2023
677382,2023-12-03 16:05:00+00:00,Metz at Lille,METZ @ LILL,Lille,166,2,Metz,177,0,STATUS_FULL_TIME,Decathlon Arena - Stade Pierre-Mauroy,2023-2024,0,12,3,2023
677381,2023-12-03 19:45:00+00:00,Stade Rennais at Marseille,REN @ OLM,Marseille,176,2,Stade Rennais,169,0,STATUS_FULL_TIME,Orange Vélodrome,2023-2024,0,12,3,2023
677345,2023-12-06 20:00:00+00:00,Lyon at Marseille,LYON @ OLM,Marseille,176,3,Lyon,167,0,STATUS_FULL_TIME,Orange Vélodrome,2023-2024,0,12,6,2023
677365,2023-12-07 19:30:00+00:00,Strasbourg at Brest,STR @ BRE,Brest,6997,1,Strasbourg,180,1,STATUS_FULL_TIME,Stade Francis-Le Blé,2023-2024,0,12,7,2023
677390,2023-12-08 20:00:00+00:00,Lens at Montpellier,RCL @ MON,Montpellier,274,0,Lens,175,0,STATUS_FULL_TIME,Stade de la Mosson,2023-2024,0,12,8,2023
677388,2023-12-09 16:00:00+00:00,AS Monaco at Stade Rennais,MON @ REN,Stade Rennais,169,1,AS Monaco,174,2,STATUS_FULL_TIME,Roazhon Park,2023-2024,0,12,9,2023
677387,2023-12-09 20:00:00+00:00,Nantes at Paris Saint-Germain,NAN @ PSG,Paris Saint-Germain,160,2,Nantes,165,1,STATUS_FULL_TIME,Parc des Princes,2023-2024,0,12,9,2023
677386,2023-12-10 12:00:00+00:00,Stade de Reims at Nice,REIM @ NICE,Nice,2502,2,Stade de Reims,3243,1,STATUS_FULL_TIME,Allianz Riviera,2023-2024,0,12,10,2023
677391,2023-12-10 14:00:00+00:00,Lille at Clermont Foot,LILL @ CLE,Clermont Foot,3171,0,Lille,166,0,STATUS_FULL_TIME,Stade Gabriel-Montpied,2023-2024,0,12,10,2023
677392,2023-12-10 14:00:00+00:00,Brest at Metz,BRE @ METZ,Metz,177,0,Brest,6997,1,STATUS_FULL_TIME,Stade Saint-Symphorien,2023-2024,0,12,10,2023
677389,2023-12-10 14:00:00+00:00,Le Havre AC at Strasbourg,HAC @ STR,Strasbourg,180,2,Le Havre AC,3236,1,STATUS_FULL_TIME,Stade de la Meinau,2023-2024,0,12,10,2023
677393,2023-12-10 16:05:00+00:00,Toulouse at Lyon,TOU @ LYON,Lyon,167,3,Toulouse,179,0,STATUS_FULL_TIME,Groupama Stadium,2023-2024,0,12,10,2023
677394,2023-12-10 19:45:00+00:00,Marseille at Lorient,OLM @ LOR,Lorient,273,2,Marseille,176,4,STATUS_FULL_TIME,Stade du Moustoir - Yves Allainmat,2023-2024,0,12,10,2023
677398,2023-12-15 20:00:00+00:00,Lyon at AS Monaco,LYON @ MON,AS Monaco,174,0,Lyon,167,1,STATUS_FULL_TIME,Stade Louis II,2023-2024,0,12,15,2023
677396,2023-12-16 16:00:00+00:00,Nice at Le Havre AC,NICE @ HAC,Le Havre AC,3236,3,Nice,2502,1,STATUS_FULL_TIME,Stade Océane,2023-2024,0,12,16,2023
677403,2023-12-16 20:00:00+00:00,Stade de Reims at Lens,REIM @ RCL,Lens,175,2,Stade de Reims,3243,0,STATUS_FULL_TIME,Stade Félix Bollaert-Delélis,2023-2024,0,12,16,2023
677401,2023-12-17 12:00:00+00:00,Brest at Nantes,BRE @ NAN,Nantes,165,0,Brest,6997,2,STATUS_FULL_TIME,La Beaujoire-Louis-Fonteneau,2023-2024,0,12,17,2023
677397,2023-12-17 14:00:00+00:00,Strasbourg at Lorient,STR @ LOR,Lorient,273,1,Strasbourg,180,2,STATUS_FULL_TIME,Stade du Moustoir - Yves Allainmat,2023-2024,0,12,17,2023
677399,2023-12-17 14:00:00+00:00,Montpellier at Metz,MON @ METZ,Metz,177,0,Montpellier,274,1,STATUS_FULL_TIME,Stade Saint-Symphorien,2023-2024,0,12,17,2023
677395,2023-12-17 14:00:00+00:00,Stade Rennais at Toulouse,REN @ TOU,Toulouse,179,0,Stade Rennais,169,0,STATUS_FULL_TIME,Stadium de Toulouse,2023-2024,0,12,17,2023
677400,2023-12-17 16:05:00+00:00,Clermont Foot at Marseille,CLE @ OLM,Marseille,176,2,Clermont Foot,3171,1,STATUS_FULL_TIME,Orange Vélodrome,2023-2024,0,12,17,2023
677402,2023-12-17 19:45:00+00:00,Paris Saint-Germain at Lille,PSG @ LILL,Lille,166,1,Paris Saint-Germain,160,1,STATUS_FULL_TIME,Decathlon Arena - Stade Pierre-Mauroy,2023-2024,0,12,17,2023
677407,2023-12-20 20:00:00+00:00,Lorient at Brest,LOR @ BRE,Brest,6997,4,Lorient,273,0,STATUS_FULL_TIME,Stade Francis-Le Blé,2023-2024,0,12,20,2023
677404,2023-12-20 20:00:00+00:00,Stade Rennais at Clermont Foot,REN @ CLE,Clermont Foot,3171,1,Stade Rennais,169,3,STATUS_FULL_TIME,Stade Gabriel-Montpied,2023-2024,0,12,20,2023
677412,2023-12-20 20:00:00+00:00,Nantes at Lyon,NAN @ LYON,Lyon,167,1,Nantes,165,0,STATUS_FULL_TIME,Groupama Stadium,2023-2024,0,12,20,2023
677408,2023-12-20 20:00:00+00:00,Marseille at Montpellier,OLM @ MON,Montpellier,274,1,Marseille,176,1,STATUS_FULL_TIME,Stade de la Mosson,2023-2024,0,12,20,2023
677406,2023-12-20 20:00:00+00:00,Lens at Nice,RCL @ NICE,Nice,2502,2,Lens,175,0,STATUS_FULL_TIME,Allianz Riviera,2023-2024,0,12,20,2023
677405,2023-12-20 20:00:00+00:00,Metz at Paris Saint-Germain,METZ @ PSG,Paris Saint-Germain,160,3,Metz,177,1,STATUS_FULL_TIME,Parc des Princes,2023-2024,0,12,20,2023
677409,2023-12-20 20:00:00+00:00,Le Havre AC at Stade de Reims,HAC @ REIM,Stade de Reims,3243,1,Le Havre AC,3236,0,STATUS_FULL_TIME,Stade Auguste-Delaune II,2023-2024,0,12,20,2023
677410,2023-12-20 20:00:00+00:00,Lille at Strasbourg,LILL @ STR,Strasbourg,180,2,Lille,166,1,STATUS_FULL_TIME,Stade de la Meinau,2023-2024,0,12,20,2023
677411,2023-12-20 20:00:00+00:00,AS Monaco at Toulouse,MON @ TOU,Toulouse,179,1,AS Monaco,174,2,STATUS_FULL_TIME,Stadium de Toulouse,2023-2024,0,12,20,2023
677419,2024-01-12 20:00:00+00:00,Strasbourg at Marseille,STR @ OLM,Marseille,176,1,Strasbourg,180,1,STATUS_FULL_TIME,Orange Vélodrome,2023-2024,0,1,12,2024
677417,2024-01-13 16:00:00+00:00,Stade de Reims at AS Monaco,REIM @ MON,AS Monaco,174,1,Stade de Reims,3243,3,STATUS_FULL_TIME,Stade Louis II,2023-2024,0,1,13,2024
677415,2024-01-13 20:00:00+00:00,Nice at Stade Rennais,NICE @ REN,Stade Rennais,169,2,Nice,2502,0,STATUS_FULL_TIME,Roazhon Park,2023-2024,0,1,13,2024
677420,2024-01-14 12:00:00+00:00,Lorient at Lille,LOR @ LILL,Lille,166,3,Lorient,273,0,STATUS_FULL_TIME,Decathlon Arena - Stade Pierre-Mauroy,2023-2024,0,1,14,2024
677413,2024-01-14 14:00:00+00:00,Montpellier at Brest,MON @ BRE,Brest,6997,2,Montpellier,274,0,STATUS_FULL_TIME,Stade Francis-Le Blé,2023-2024,0,1,14,2024
677418,2024-01-14 14:00:00+00:00,Toulouse at Metz,TOU @ METZ,Metz,177,0,Toulouse,179,1,STATUS_FULL_TIME,Stade Saint-Symphorien,2023-2024,0,1,14,2024
677416,2024-01-14 14:00:00+00:00,Clermont Foot at Nantes,CLE @ NAN,Nantes,165,1,Clermont Foot,3171,2,STATUS_FULL_TIME,La Beaujoire-Louis-Fonteneau,2023-2024,0,1,14,2024
677414,2024-01-14 16:05:00+00:00,Lyon at Le Havre AC,LYON @ HAC,Le Havre AC,3236,3,Lyon,167,1,STATUS_FULL_TIME,Stade Océane,2023-2024,0,1,14,2024
677421,2024-01-14 19:45:00+00:00,Paris Saint-Germain at Lens,PSG @ RCL,Lens,175,0,Paris Saint-Germain,160,2,STATUS_FULL_TIME,Stade Félix Bollaert-Delélis,2023-2024,0,1,14,2024
677428,2024-01-26 20:00:00+00:00,Stade Rennais at Lyon,REN @ LYON,Lyon,167,2,Stade Rennais,169,3,STATUS_FULL_TIME,Groupama Stadium,2023-2024,0,1,26,2024
677430,2024-01-27 16:00:00+00:00,Metz at Nice,METZ @ NICE,Nice,2502,1,Metz,177,0,STATUS_FULL_TIME,Allianz Riviera,2023-2024,0,1,27,2024
677427,2024-01-27 20:00:00+00:00,AS Monaco at Marseille,MON @ OLM,Marseille,176,2,AS Monaco,174,2,STATUS_FULL_TIME,Orange Vélodrome,2023-2024,0,1,27,2024
677425,2024-01-28 12:00:00+00:00,Lille at Montpellier,LILL @ MON,Montpellier,274,0,Lille,166,0,STATUS_FULL_TIME,Stade de la Mosson,2023-2024,0,1,28,2024
677422,2024-01-28 14:00:00+00:00,Strasbourg at Clermont Foot,STR @ CLE,Clermont Foot,3171,1,Strasbourg,180,1,STATUS_FULL_TIME,Stade Gabriel-Montpied,2023-2024,0,1,28,2024
677423,2024-01-28 14:00:00+00:00,Le Havre AC at Lorient,HAC @ LOR,Lorient,273,3,Le Havre AC,3236,3,STATUS_FULL_TIME,Stade du Moustoir - Yves Allainmat,2023-2024,0,1,28,2024
677429,2024-01-28 14:00:00+00:00,Nantes at Stade de Reims,NAN @ REIM,Stade de Reims,3243,0,Nantes,165,0,STATUS_FULL_TIME,Stade Auguste-Delaune II,2023-2024,0,1,28,2024
677426,2024-01-28 16:05:00+00:00,Lens at Toulouse,RCL @ TOU,Toulouse,179,0,Lens,175,2,STATUS_FULL_TIME,Stadium de Toulouse,2023-2024,0,1,28,2024
677424,2024-01-28 19:45:00+00:00,Brest at Paris Saint-Germain,BRE @ PSG,Paris Saint-Germain,160,2,Brest,6997,2,STATUS_FULL_TIME,Parc des Princes,2023-2024,0,1,28,2024
677434,2024-02-02 20:00:00+00:00,Paris Saint-Germain at Strasbourg,PSG @ STR,Strasbourg,180,1,Paris Saint-Germain,160,2,STATUS_FULL_TIME,Stade de la Meinau,2023-2024,0,2,2,2024
677438,2024-02-03 16:00:00+00:00,Montpellier at Stade Rennais,MON @ REN,Stade Rennais,169,2,Montpellier,274,1,STATUS_FULL_TIME,Roazhon Park,2023-2024,0,2,3,2024
677436,2024-02-03 20:00:00+00:00,Lens at Nantes,RCL @ NAN,Nantes,165,0,Lens,175,1,STATUS_FULL_TIME,La Beaujoire-Louis-Fonteneau,2023-2024,0,2,3,2024
677439,2024-02-04 12:00:00+00:00,Le Havre AC at AS Monaco,HAC @ MON,AS Monaco,174,1,Le Havre AC,3236,1,STATUS_FULL_TIME,Stade Louis II,2023-2024,0,2,4,2024
677432,2024-02-04 14:00:00+00:00,Clermont Foot at Lille,CLE @ LILL,Lille,166,4,Clermont Foot,3171,0,STATUS_FULL_TIME,Decathlon Arena - Stade Pierre-Mauroy,2023-2024,0,2,4,2024
677435,2024-02-04 14:00:00+00:00,Lorient at Metz,LOR @ METZ,Metz,177,1,Lorient,273,2,STATUS_FULL_TIME,Stade Saint-Symphorien,2023-2024,0,2,4,2024
677437,2024-02-04 14:00:00+00:00,Toulouse at Stade de Reims,TOU @ REIM,Stade de Reims,3243,2,Toulouse,179,3,STATUS_FULL_TIME,Stade Auguste-Delaune II,2023-2024,0,2,4,2024
677431,2024-02-04 16:05:00+00:00,Nice at Brest,NICE @ BRE,Brest,6997,0,Nice,2502,0,STATUS_FULL_TIME,Stade Francis-Le Blé,2023-2024,0,2,4,2024
677433,2024-02-04 19:45:00+00:00,Marseille at Lyon,OLM @ LYON,Lyon,167,1,Marseille,176,0,STATUS_FULL_TIME,Groupama Stadium,2023-2024,0,2,4,2024
677444,2024-02-09 20:00:00+00:00,Metz at Marseille,METZ @ OLM,Marseille,176,1,Metz,177,1,STATUS_FULL_TIME,Orange Vélodrome,2023-2024,0,2,9,2024
677442,2024-02-10 16:00:00+00:00,Strasbourg at Lens,STR @ RCL,Lens,175,3,Strasbourg,180,1,STATUS_FULL_TIME,Stade Félix Bollaert-Delélis,2023-2024,0,2,10,2024
677447,2024-02-10 20:00:00+00:00,Lille at Paris Saint-Germain,LILL @ PSG,Paris Saint-Germain,160,3,Lille,166,1,STATUS_FULL_TIME,Parc des Princes,2023-2024,0,2,10,2024
677441,2024-02-11 12:00:00+00:00,Stade Rennais at Le Havre AC,REN @ HAC,Le Havre AC,3236,0,Stade Rennais,169,1,STATUS_FULL_TIME,Stade Océane,2023-2024,0,2,11,2024
677448,2024-02-11 14:00:00+00:00,Nantes at Toulouse,NAN @ TOU,Toulouse,179,1,Nantes,165,2,STATUS_FULL_TIME,Stadium de Toulouse,2023-2024,0,2,11,2024
677440,2024-02-11 14:00:00+00:00,Brest at Clermont Foot,BRE @ CLE,Clermont Foot,3171,1,Brest,6997,1,STATUS_FULL_TIME,Stade Gabriel-Montpied,2023-2024,0,2,11,2024
677443,2024-02-11 14:00:00+00:00,Stade de Reims at Lorient,REIM @ LOR,Lorient,273,2,Stade de Reims,3243,0,STATUS_FULL_TIME,Stade du Moustoir - Yves Allainmat,2023-2024,0,2,11,2024
677445,2024-02-11 16:05:00+00:00,Lyon at Montpellier,LYON @ MON,Montpellier,274,1,Lyon,167,2,STATUS_FULL_TIME,Stade de la Mosson,2023-2024,0,2,11,2024
677446,2024-02-11 19:45:00+00:00,AS Monaco at Nice,MON @ NICE,Nice,2502,2,AS Monaco,174,3,STATUS_FULL_TIME,Allianz Riviera,2023-2024,0,2,11,2024
677451,2024-02-16 20:00:00+00:00,Nice at Lyon,NICE @ LYON,Lyon,167,1,Nice,2502,0,STATUS_FULL_TIME,Groupama Stadium,2023-2024,0,2,16,2024
677450,2024-02-17 16:00:00+00:00,Le Havre AC at Lille,HAC @ LILL,Lille,166,3,Le Havre AC,3236,0,STATUS_FULL_TIME,Decathlon Arena - Stade Pierre-Mauroy,2023-2024,0,2,17,2024
677454,2024-02-17 20:00:00+00:00,Paris Saint-Germain at Nantes,PSG @ NAN,Nantes,165,0,Paris Saint-Germain,160,2,STATUS_FULL_TIME,La Beaujoire-Louis-Fonteneau,2023-2024,0,2,17,2024
677457,2024-02-18 12:00:00+00:00,Lorient at Strasbourg,LOR @ STR,Strasbourg,180,1,Lorient,273,3,STATUS_FULL_TIME,Stade de la Meinau,2023-2024,0,2,18,2024
677452,2024-02-18 14:00:00+00:00,Toulouse at AS Monaco,TOU @ MON,AS Monaco,174,1,Toulouse,179,2,STATUS_FULL_TIME,Stade Louis II,2023-2024,0,2,18,2024
677453,2024-02-18 14:00:00+00:00,Metz at Montpellier,METZ @ MON,Montpellier,274,3,Metz,177,0,STATUS_FULL_TIME,Stade de la Mosson,2023-2024,0,2,18,2024
677456,2024-02-18 14:00:00+00:00,Clermont Foot at Stade Rennais,CLE @ REN,Stade Rennais,169,3,Clermont Foot,3171,1,STATUS_FULL_TIME,Roazhon Park,2023-2024,0,2,18,2024
677455,2024-02-18 16:05:00+00:00,Lens at Stade de Reims,RCL @ REIM,Stade de Reims,3243,1,Lens,175,1,STATUS_FULL_TIME,Stade Auguste-Delaune II,2023-2024,0,2,18,2024
677449,2024-02-18 19:45:00+00:00,Marseille at Brest,OLM @ BRE,Brest,6997,1,Marseille,176,0,STATUS_FULL_TIME,Stade Francis-Le Blé,2023-2024,0,2,18,2024
677462,2024-02-23 20:00:00+00:00,Lyon at Metz,LYON @ METZ,Metz,177,1,Lyon,167,2,STATUS_FULL_TIME,Stade Saint-Symphorien,2023-2024,0,2,23,2024
677460,2024-02-24 16:00:00+00:00,Nantes at Lorient,NAN @ LOR,Lorient,273,0,Nantes,165,1,STATUS_FULL_TIME,Stade du Moustoir - Yves Allainmat,2023-2024,0,2,24,2024
677465,2024-02-24 20:00:00+00:00,Brest at Strasbourg,BRE @ STR,Strasbourg,180,0,Brest,6997,3,STATUS_FULL_TIME,Stade de la Meinau,2023-2024,0,2,24,2024
677459,2024-02-25 12:00:00+00:00,AS Monaco at Lens,MON @ RCL,Lens,175,2,AS Monaco,174,3,STATUS_FULL_TIME,Stade Félix Bollaert-Delélis,2023-2024,0,2,25,2024
677458,2024-02-25 14:00:00+00:00,Stade de Reims at Le Havre AC,REIM @ HAC,Le Havre AC,3236,1,Stade de Reims,3243,2,STATUS_FULL_TIME,Stade Océane,2023-2024,0,2,25,2024
677463,2024-02-25 14:00:00+00:00,Clermont Foot at Nice,CLE @ NICE,Nice,2502,0,Clermont Foot,3171,0,STATUS_FULL_TIME,Allianz Riviera,2023-2024,0,2,25,2024
677466,2024-02-25 14:00:00+00:00,Lille at Toulouse,LILL @ TOU,Toulouse,179,3,Lille,166,1,STATUS_FULL_TIME,Stadium de Toulouse,2023-2024,0,2,25,2024
677464,2024-02-25 16:05:00+00:00,Stade Rennais at Paris Saint-Germain,REN @ PSG,Paris Saint-Germain,160,1,Stade Rennais,169,1,STATUS_FULL_TIME,Parc des Princes,2023-2024,0,2,25,2024
677461,2024-02-25 19:45:00+00:00,Montpellier at Marseille,MON @ OLM,Marseille,176,4,Montpellier,274,1,STATUS_FULL_TIME,Orange Vélodrome,2023-2024,0,2,25,2024
677468,2024-03-01 20:00:00+00:00,Paris Saint-Germain at AS Monaco,PSG @ MON,AS Monaco,174,0,Paris Saint-Germain,160,0,STATUS_FULL_TIME,Stade Louis II,2023-2024,0,3,1,2024
677475,2024-03-02 16:00:00+00:00,Lille at Stade de Reims,LILL @ REIM,Stade de Reims,3243,0,Lille,166,1,STATUS_FULL_TIME,Stade Auguste-Delaune II,2023-2024,0,3,2,2024
677470,2024-03-02 20:00:00+00:00,Marseille at Clermont Foot,OLM @ CLE,Clermont Foot,3171,1,Marseille,176,5,STATUS_FULL_TIME,Stade Gabriel-Montpied,2023-2024,0,3,2,2024
677472,2024-03-03 12:00:00+00:00,Nice at Toulouse,NICE @ TOU,Toulouse,179,2,Nice,2502,1,STATUS_FULL_TIME,Stadium de Toulouse,2023-2024,0,3,3,2024
677469,2024-03-03 14:00:00+00:00,Le Havre AC at Brest,HAC @ BRE,Brest,6997,1,Le Havre AC,3236,0,STATUS_FULL_TIME,Stade Francis-Le Blé,2023-2024,0,3,3,2024
677473,2024-03-03 14:00:00+00:00,Strasbourg at Montpellier,STR @ MON,Montpellier,274,2,Strasbourg,180,2,STATUS_FULL_TIME,Stade de la Mosson,2023-2024,0,3,3,2024
677474,2024-03-03 14:00:00+00:00,Metz at Nantes,METZ @ NAN,Nantes,165,0,Metz,177,2,STATUS_FULL_TIME,La Beaujoire-Louis-Fonteneau,2023-2024,0,3,3,2024
677467,2024-03-03 16:05:00+00:00,Lorient at Stade Rennais,LOR @ REN,Stade Rennais,169,1,Lorient,273,2,STATUS_FULL_TIME,Roazhon Park,2023-2024,0,3,3,2024
677471,2024-03-03 19:45:00+00:00,Lens at Lyon,RCL @ LYON,Lyon,167,0,Lens,175,3,STATUS_FULL_TIME,Groupama Stadium,2023-2024,0,3,3,2024
677480,2024-03-08 20:00:00+00:00,Montpellier at Nice,MON @ NICE,Nice,2502,1,Montpellier,274,2,STATUS_FULL_TIME,Allianz Riviera,2023-2024,0,3,8,2024
677481,2024-03-09 16:00:00+00:00,Lyon at Lorient,LYON @ LOR,Lorient,273,0,Lyon,167,2,STATUS_FULL_TIME,Stade du Moustoir - Yves Allainmat,2023-2024,0,3,9,2024
677479,2024-03-09 20:00:00+00:00,Brest at Lens,BRE @ RCL,Lens,175,1,Brest,6997,0,STATUS_FULL_TIME,Stade Félix Bollaert-Delélis,2023-2024,0,3,9,2024
677476,2024-03-10 12:00:00+00:00,Stade de Reims at Paris Saint-Germain,REIM @ PSG,Paris Saint-Germain,160,2,Stade de Reims,3243,2,STATUS_FULL_TIME,Parc des Princes,2023-2024,0,3,10,2024
677478,2024-03-10 14:00:00+00:00,Toulouse at Le Havre AC,TOU @ HAC,Le Havre AC,3236,1,Toulouse,179,0,STATUS_FULL_TIME,Stade Océane,2023-2024,0,3,10,2024
677483,2024-03-10 14:00:00+00:00,Clermont Foot at Metz,CLE @ METZ,Metz,177,1,Clermont Foot,3171,0,STATUS_FULL_TIME,Stade Saint-Symphorien,2023-2024,0,3,10,2024
677477,2024-03-10 14:00:00+00:00,AS Monaco at Strasbourg,MON @ STR,Strasbourg,180,0,AS Monaco,174,1,STATUS_FULL_TIME,Stade de la Meinau,2023-2024,0,3,10,2024
677484,2024-03-10 16:05:00+00:00,Stade Rennais at Lille,REN @ LILL,Lille,166,2,Stade Rennais,169,2,STATUS_FULL_TIME,Decathlon Arena - Stade Pierre-Mauroy,2023-2024,0,3,10,2024
677482,2024-03-10 19:45:00+00:00,Nantes at Marseille,NAN @ OLM,Marseille,176,2,Nantes,165,0,STATUS_FULL_TIME,Orange Vélodrome,2023-2024,0,3,10,2024
677487,2024-03-15 20:00:00+00:00,Lyon at Toulouse,LYON @ TOU,Toulouse,179,2,Lyon,167,3,STATUS_FULL_TIME,Stadium de Toulouse,2023-2024,0,3,15,2024
677490,2024-03-16 16:00:00+00:00,Strasbourg at Nantes,STR @ NAN,Nantes,165,1,Strasbourg,180,3,STATUS_FULL_TIME,La Beaujoire-Louis-Fonteneau,2023-2024,0,3,16,2024
677493,2024-03-16 20:00:00+00:00,Nice at Lens,NICE @ RCL,Lens,175,1,Nice,2502,3,STATUS_FULL_TIME,Stade Félix Bollaert-Delélis,2023-2024,0,3,16,2024
677485,2024-03-17 12:00:00+00:00,Lille at Brest,LILL @ BRE,Brest,6997,1,Lille,166,1,STATUS_FULL_TIME,Stade Francis-Le Blé,2023-2024,0,3,17,2024
677492,2024-03-17 14:00:00+00:00,Lorient at AS Monaco,LOR @ MON,AS Monaco,174,2,Lorient,273,2,STATUS_FULL_TIME,Stade Louis II,2023-2024,0,3,17,2024
677486,2024-03-17 14:00:00+00:00,Le Havre AC at Clermont Foot,HAC @ CLE,Clermont Foot,3171,2,Le Havre AC,3236,1,STATUS_FULL_TIME,Stade Gabriel-Montpied,2023-2024,0,3,17,2024
677489,2024-03-17 14:00:00+00:00,Metz at Stade de Reims,METZ @ REIM,Stade de Reims,3243,2,Metz,177,1,STATUS_FULL_TIME,Stade Auguste-Delaune II,2023-2024,0,3,17,2024
677488,2024-03-17 16:05:00+00:00,Marseille at Stade Rennais,OLM @ REN,Stade Rennais,169,2,Marseille,176,0,STATUS_FULL_TIME,Roazhon Park,2023-2024,0,3,17,2024
677491,2024-03-17 19:45:00+00:00,Paris Saint-Germain at Montpellier,PSG @ MON,Montpellier,274,2,Paris Saint-Germain,160,6,STATUS_FULL_TIME,Stade de la Mosson,2023-2024,0,3,17,2024
677500,2024-03-29 20:00:00+00:00,Lens at Lille,RCL @ LILL,Lille,166,2,Lens,175,1,STATUS_FULL_TIME,Decathlon Arena - Stade Pierre-Mauroy,2023-2024,0,3,29,2024
677496,2024-03-30 16:00:00+00:00,AS Monaco at Metz,MON @ METZ,Metz,177,2,AS Monaco,174,5,STATUS_FULL_TIME,Stade Saint-Symphorien,2023-2024,0,3,30,2024
677498,2024-03-30 20:00:00+00:00,Stade de Reims at Lyon,REIM @ LYON,Lyon,167,1,Stade de Reims,3243,1,STATUS_FULL_TIME,Groupama Stadium,2023-2024,0,3,30,2024
677499,2024-03-31 11:00:00+00:00,Brest at Lorient,BRE @ LOR,Lorient,273,0,Brest,6997,1,STATUS_FULL_TIME,Stade du Moustoir - Yves Allainmat,2023-2024,0,3,31,2024
677494,2024-03-31 13:00:00+00:00,Toulouse at Clermont Foot,TOU @ CLE,Clermont Foot,3171,0,Toulouse,179,3,STATUS_FULL_TIME,Stade Gabriel-Montpied,2023-2024,0,3,31,2024
677501,2024-03-31 13:00:00+00:00,Montpellier at Le Havre AC,MON @ HAC,Le Havre AC,3236,0,Montpellier,274,2,STATUS_FULL_TIME,Stade Océane,2023-2024,0,3,31,2024
677495,2024-03-31 13:00:00+00:00,Nantes at Nice,NAN @ NICE,Nice,2502,1,Nantes,165,2,STATUS_FULL_TIME,Allianz Riviera,2023-2024,0,3,31,2024
677502,2024-03-31 15:05:00+00:00,Stade Rennais at Strasbourg,REN @ STR,Strasbourg,180,2,Stade Rennais,169,0,STATUS_FULL_TIME,Stade de la Meinau,2023-2024,0,3,31,2024
677497,2024-03-31 18:45:00+00:00,Paris Saint-Germain at Marseille,PSG @ OLM,Marseille,176,0,Paris Saint-Germain,160,2,STATUS_FULL_TIME,Orange Vélodrome,2023-2024,0,3,31,2024
677505,2024-04-05 19:00:00+00:00,Marseille at Lille,OLM @ LILL,Lille,166,3,Marseille,176,1,STATUS_FULL_TIME,Decathlon Arena - Stade Pierre-Mauroy,2023-2024,0,4,5,2024
677504,2024-04-06 15:00:00+00:00,Le Havre AC at Lens,HAC @ RCL,Lens,175,1,Le Havre AC,3236,1,STATUS_FULL_TIME,Stade Félix Bollaert-Delélis,2023-2024,0,4,6,2024
677509,2024-04-06 19:00:00+00:00,Clermont Foot at Paris Saint-Germain,CLE @ PSG,Paris Saint-Germain,160,1,Clermont Foot,3171,1,STATUS_FULL_TIME,Parc des Princes,2023-2024,0,4,6,2024
677503,2024-04-07 11:00:00+00:00,Metz at Brest,METZ @ BRE,Brest,6997,4,Metz,177,3,STATUS_FULL_TIME,Stade Francis-Le Blé,2023-2024,0,4,7,2024
677511,2024-04-07 13:00:00+00:00,Lorient at Montpellier,LOR @ MON,Montpellier,274,2,Lorient,273,0,STATUS_FULL_TIME,Stade de la Mosson,2023-2024,0,4,7,2024
677510,2024-04-07 13:00:00+00:00,Nice at Stade de Reims,NICE @ REIM,Stade de Reims,3243,0,Nice,2502,0,STATUS_FULL_TIME,Stade Auguste-Delaune II,2023-2024,0,4,7,2024
677506,2024-04-07 13:00:00+00:00,Strasbourg at Toulouse,STR @ TOU,Toulouse,179,0,Strasbourg,180,0,STATUS_FULL_TIME,Stadium de Toulouse,2023-2024,0,4,7,2024
677507,2024-04-07 15:05:00+00:00,Stade Rennais at AS Monaco,REN @ MON,AS Monaco,174,1,Stade Rennais,169,0,STATUS_FULL_TIME,Stade Louis II,2023-2024,0,4,7,2024
677508,2024-04-07 18:45:00+00:00,Lyon at Nantes,LYON @ NAN,Nantes,165,1,Lyon,167,3,STATUS_FULL_TIME,La Beaujoire-Louis-Fonteneau,2023-2024,0,4,7,2024
677517,2024-04-12 19:00:00+00:00,Lens at Metz,RCL @ METZ,Metz,177,2,Lens,175,1,STATUS_FULL_TIME,Stade Saint-Symphorien,2023-2024,0,4,12,2024
677520,2024-04-13 15:00:00+00:00,Stade de Reims at Strasbourg,REIM @ STR,Strasbourg,180,3,Stade de Reims,3243,1,STATUS_FULL_TIME,Stade de la Meinau,2023-2024,0,4,13,2024
677519,2024-04-13 19:00:00+00:00,Toulouse at Stade Rennais,TOU @ REN,Stade Rennais,169,1,Toulouse,179,2,STATUS_FULL_TIME,Roazhon Park,2023-2024,0,4,13,2024
677513,2024-04-14 11:00:00+00:00,Nantes at Le Havre AC,NAN @ HAC,Le Havre AC,3236,0,Nantes,165,1,STATUS_FULL_TIME,Stade Océane,2023-2024,0,4,14,2024
677512,2024-04-14 13:00:00+00:00,Montpellier at Clermont Foot,MON @ CLE,Clermont Foot,3171,1,Montpellier,274,1,STATUS_FULL_TIME,Stade Gabriel-Montpied,2023-2024,0,4,14,2024
677515,2024-04-14 18:45:00+00:00,Brest at Lyon,BRE @ LYON,Lyon,167,4,Brest,6997,3,STATUS_FULL_TIME,Groupama Stadium,2023-2024,0,4,14,2024
677526,2024-04-19 19:00:00+00:00,Lorient at Nice,LOR @ NICE,Nice,2502,3,Lorient,273,0,STATUS_FULL_TIME,Allianz Riviera,2023-2024,0,4,19,2024
677525,2024-04-20 15:00:00+00:00,Stade Rennais at Nantes,REN @ NAN,Nantes,165,0,Stade Rennais,169,3,STATUS_FULL_TIME,La Beaujoire-Louis-Fonteneau,2023-2024,0,4,20,2024
677523,2024-04-20 19:00:00+00:00,Clermont Foot at Lens,CLE @ RCL,Lens,175,1,Clermont Foot,3171,0,STATUS_FULL_TIME,Stade Félix Bollaert-Delélis,2023-2024,0,4,20,2024
677522,2024-04-21 13:00:00+00:00,Metz at Le Havre AC,METZ @ HAC,Le Havre AC,3236,0,Metz,177,1,STATUS_FULL_TIME,Stade Océane,2023-2024,0,4,21,2024
677524,2024-04-21 13:00:00+00:00,Strasbourg at Lille,STR @ LILL,Lille,166,1,Strasbourg,180,0,STATUS_FULL_TIME,Decathlon Arena - Stade Pierre-Mauroy,2023-2024,0,4,21,2024
677528,2024-04-21 13:00:00+00:00,Montpellier at Stade de Reims,MON @ REIM,Stade de Reims,3243,1,Montpellier,274,2,STATUS_FULL_TIME,Stade Auguste-Delaune II,2023-2024,0,4,21,2024
677521,2024-04-21 15:05:00+00:00,AS Monaco at Brest,MON @ BRE,Brest,6997,0,AS Monaco,174,2,STATUS_FULL_TIME,Stade Francis-Le Blé,2023-2024,0,4,21,2024
677529,2024-04-21 17:15:00+00:00,Marseille at Toulouse,OLM @ TOU,Toulouse,179,2,Marseille,176,2,STATUS_FULL_TIME,Stadium de Toulouse,2023-2024,0,4,21,2024
677527,2024-04-21 19:00:00+00:00,Lyon at Paris Saint-Germain,LYON @ PSG,Paris Saint-Germain,160,4,Lyon,167,1,STATUS_FULL_TIME,Parc des Princes,2023-2024,0,4,21,2024
677514,2024-04-24 17:00:00+00:00,Paris Saint-Germain at Lorient,PSG @ LOR,Lorient,273,1,Paris Saint-Germain,160,4,STATUS_FULL_TIME,Stade du Moustoir - Yves Allainmat,2023-2024,0,4,24,2024
677518,2024-04-24 19:00:00+00:00,Lille at AS Monaco,LILL @ MON,AS Monaco,174,1,Lille,166,0,STATUS_FULL_TIME,Stade Louis II,2023-2024,0,4,24,2024
677516,2024-04-24 19:00:00+00:00,Nice at Marseille,NICE @ OLM,Marseille,176,2,Nice,2502,2,STATUS_FULL_TIME,Orange Vélodrome,2023-2024,0,4,24,2024
677535,2024-04-26 19:00:00+00:00,Nantes at Montpellier,NAN @ MON,Montpellier,274,1,Nantes,165,1,STATUS_FULL_TIME,Stade de la Mosson,2023-2024,0,4,26,2024
677536,2024-04-27 19:00:00+00:00,Le Havre AC at Paris Saint-Germain,HAC @ PSG,Paris Saint-Germain,160,3,Le Havre AC,3236,3,STATUS_FULL_TIME,Parc des Princes,2023-2024,0,4,27,2024
677534,2024-04-28 11:00:00+00:00,Lille at Metz,LILL @ METZ,Metz,177,1,Lille,166,2,STATUS_FULL_TIME,Stade Saint-Symphorien,2023-2024,0,4,28,2024
677530,2024-04-28 13:00:00+00:00,Stade de Reims at Clermont Foot,REIM @ CLE,Clermont Foot,3171,4,Stade de Reims,3243,1,STATUS_FULL_TIME,Stade Gabriel-Montpied,2023-2024,0,4,28,2024
677531,2024-04-28 13:00:00+00:00,Toulouse at Lorient,TOU @ LOR,Lorient,273,1,Toulouse,179,2,STATUS_FULL_TIME,Stade du Moustoir - Yves Allainmat,2023-2024,0,4,28,2024
677538,2024-04-28 13:00:00+00:00,Nice at Strasbourg,NICE @ STR,Strasbourg,180,1,Nice,2502,3,STATUS_FULL_TIME,Stade de la Meinau,2023-2024,0,4,28,2024
677537,2024-04-28 15:05:00+00:00,Brest at Stade Rennais,BRE @ REN,Stade Rennais,169,4,Brest,6997,5,STATUS_FULL_TIME,Roazhon Park,2023-2024,0,4,28,2024
677532,2024-04-28 17:00:00+00:00,AS Monaco at Lyon,MON @ LYON,Lyon,167,3,AS Monaco,174,2,STATUS_FULL_TIME,Groupama Stadium,2023-2024,0,4,28,2024
677533,2024-04-28 19:00:00+00:00,Lens at Marseille,RCL @ OLM,Marseille,176,2,Lens,175,1,STATUS_FULL_TIME,Orange Vélodrome,2023-2024,0,4,28,2024
677541,2024-05-03 17:00:00+00:00,Montpellier at Toulouse,MON @ TOU,Toulouse,179,1,Montpellier,274,2,STATUS_FULL_TIME,Stadium de Toulouse,2023-2024,0,5,3,2024
677540,2024-05-03 19:00:00+00:00,Lorient at Lens,LOR @ RCL,Lens,175,2,Lorient,273,0,STATUS_FULL_TIME,Stade Félix Bollaert-Delélis,2023-2024,0,5,3,2024
677539,2024-05-04 13:00:00+00:00,Strasbourg at Le Havre AC,STR @ HAC,Le Havre AC,3236,3,Strasbourg,180,1,STATUS_FULL_TIME,Stade Océane,2023-2024,0,5,4,2024
677542,2024-05-04 15:00:00+00:00,Clermont Foot at AS Monaco,CLE @ MON,AS Monaco,174,4,Clermont Foot,3171,1,STATUS_FULL_TIME,Stade Louis II,2023-2024,0,5,4,2024
677545,2024-05-04 17:00:00+00:00,Stade Rennais at Metz,REN @ METZ,Metz,177,2,Stade Rennais,169,3,STATUS_FULL_TIME,Stade Saint-Symphorien,2023-2024,0,5,4,2024
677546,2024-05-04 19:00:00+00:00,Nantes at Brest,NAN @ BRE,Brest,6997,0,Nantes,165,0,STATUS_FULL_TIME,Stade Francis-Le Blé,2023-2024,0,5,4,2024
677547,2024-05-06 19:00:00+00:00,Lyon at Lille,LYON @ LILL,Lille,166,3,Lyon,167,4,STATUS_FULL_TIME,Decathlon Arena - Stade Pierre-Mauroy,2023-2024,0,5,6,2024
677555,2024-05-10 19:00:00+00:00,Stade de Reims at Brest,REIM @ BRE,Brest,6997,1,Stade de Reims,3243,1,STATUS_FULL_TIME,Stade Francis-Le Blé,2023-2024,0,5,10,2024
677554,2024-05-10 19:00:00+00:00,Le Havre AC at Nice,HAC @ NICE,Nice,2502,1,Le Havre AC,3236,0,STATUS_FULL_TIME,Allianz Riviera,2023-2024,0,5,10,2024
677548,2024-05-12 19:00:00+00:00,Lyon at Clermont Foot,LYON @ CLE,Clermont Foot,3171,0,Lyon,167,1,STATUS_FULL_TIME,Stade Gabriel-Montpied,2023-2024,0,5,12,2024
677556,2024-05-12 19:00:00+00:00,Lorient at Marseille,LOR @ OLM,Marseille,176,3,Lorient,273,1,STATUS_FULL_TIME,Orange Vélodrome,2023-2024,0,5,12,2024
677549,2024-05-12 19:00:00+00:00,AS Monaco at Montpellier,MON @ MON,Montpellier,274,0,AS Monaco,174,2,STATUS_FULL_TIME,Stade de la Mosson,2023-2024,0,5,12,2024
677550,2024-05-12 19:00:00+00:00,Lille at Nantes,LILL @ NAN,Nantes,165,1,Lille,166,2,STATUS_FULL_TIME,La Beaujoire-Louis-Fonteneau,2023-2024,0,5,12,2024
677553,2024-05-12 19:00:00+00:00,Toulouse at Paris Saint-Germain,TOU @ PSG,Paris Saint-Germain,160,1,Toulouse,179,3,STATUS_FULL_TIME,Parc des Princes,2023-2024,0,5,12,2024
677552,2024-05-12 19:00:00+00:00,Lens at Stade Rennais,RCL @ REN,Stade Rennais,169,1,Lens,175,1,STATUS_FULL_TIME,Roazhon Park,2023-2024,0,5,12,2024
677551,2024-05-12 19:00:00+00:00,Metz at Strasbourg,METZ @ STR,Strasbourg,180,2,Metz,177,1,STATUS_FULL_TIME,Stade de la Meinau,2023-2024,0,5,12,2024
677543,2024-05-15 19:00:00+00:00,Paris Saint-Germain at Nice,PSG @ NICE,Nice,2502,1,Paris Saint-Germain,160,2,STATUS_FULL_TIME,Allianz Riviera,2023-2024,0,5,15,2024
677544,2024-05-15 19:00:00+00:00,Marseille at Stade de Reims,OLM @ REIM,Stade de Reims,3243,1,Marseille,176,0,STATUS_FULL_TIME,Stade Auguste-Delaune II,2023-2024,0,5,15,2024
677560,2024-05-19 19:00:00+00:00,Nantes at AS Monaco,NAN @ MON,AS Monaco,174,4,Nantes,165,0,STATUS_FULL_TIME,Stade Louis II,2023-2024,0,5,19,2024
677558,2024-05-19 19:00:00+00:00,Clermont Foot at Lorient,CLE @ LOR,Lorient,273,5,Clermont Foot,3171,0,STATUS_FULL_TIME,Stade du Moustoir - Yves Allainmat,2023-2024,0,5,19,2024
677564,2024-05-19 19:00:00+00:00,Montpellier at Lens,MON @ RCL,Lens,175,2,Montpellier,274,2,STATUS_FULL_TIME,Stade Félix Bollaert-Delélis,2023-2024,0,5,19,2024
677557,2024-05-19 19:00:00+00:00,Nice at Lille,NICE @ LILL,Lille,166,2,Nice,2502,2,STATUS_FULL_TIME,Decathlon Arena - Stade Pierre-Mauroy,2023-2024,0,5,19,2024
677563,2024-05-19 19:00:00+00:00,Stade Rennais at Stade de Reims,REN @ REIM,Stade de Reims,3243,2,Stade Rennais,169,1,STATUS_FULL_TIME,Stade Auguste-Delaune II,2023-2024,0,5,19,2024
677562,2024-05-19 19:00:00+00:00,Strasbourg at Lyon,STR @ LYON,Lyon,167,2,Strasbourg,180,1,STATUS_FULL_TIME,Groupama Stadium,2023-2024,0,5,19,2024
677565,2024-05-19 19:00:00+00:00,Paris Saint-Germain at Metz,PSG @ METZ,Metz,177,0,Paris Saint-Germain,160,2,STATUS_FULL_TIME,Stade Saint-Symphorien,2023-2024,0,5,19,2024
677561,2024-05-19 19:00:00+00:00,Marseille at Le Havre AC,OLM @ HAC,Le Havre AC,3236,1,Marseille,176,2,STATUS_FULL_TIME,Stade Océane,2023-2024,0,5,19,2024
677559,2024-05-19 19:00:00+00:00,Brest at Toulouse,BRE @ TOU,Toulouse,179,0,Brest,6997,3,STATUS_FULL_TIME,Stadium de Toulouse,2023-2024,0,5,19,2024
706429,2024-08-16 18:45:00+00:00,Paris Saint-Germain at Le Havre AC,PSG @ HAC,Le Havre AC,3236,1,Paris Saint-Germain,160,4,STATUS_FULL_TIME,Stade Océane,2024-2025,0,8,16,2024
706428,2024-08-17 15:00:00+00:00,Marseille at Brest,OLM @ BRE,Brest,6997,1,Marseille,176,5,STATUS_FULL_TIME,Stade Francis-Le Blé,2024-2025,0,8,17,2024
706432,2024-08-17 17:00:00+00:00,Lille at Stade de Reims,LILL @ REIM,Stade de Reims,3243,0,Lille,166,2,STATUS_FULL_TIME,Stade Auguste-Delaune II,2024-2025,0,8,17,2024
706430,2024-08-17 19:00:00+00:00,Saint-Étienne at AS Monaco,ASSE @ MON,AS Monaco,174,1,Saint-Étienne,178,0,STATUS_FULL_TIME,Stade Louis II,2024-2025,0,8,17,2024
706427,2024-08-18 13:00:00+00:00,Nice at AJ Auxerre,NICE @ AUX,AJ Auxerre,172,2,Nice,2502,1,STATUS_FULL_TIME,Stade de l'Abbé-Deschamps,2024-2025,0,8,18,2024
706434,2024-08-18 15:00:00+00:00,Nantes at Toulouse,NAN @ TOU,Toulouse,179,0,Nantes,165,0,STATUS_FULL_TIME,Stadium de Toulouse,2024-2025,0,8,18,2024
706426,2024-08-18 15:00:00+00:00,Lens at Angers,RCL @ ANG,Angers,7868,0,Lens,175,1,STATUS_FULL_TIME,Stade Raymond Kopa,2024-2025,0,8,18,2024
706431,2024-08-18 15:00:00+00:00,Strasbourg at Montpellier,STR @ MON,Montpellier,274,1,Strasbourg,180,1,STATUS_FULL_TIME,Stade de la Mosson,2024-2025,0,8,18,2024
706433,2024-08-18 18:45:00+00:00,Lyon at Stade Rennais,LYON @ REN,Stade Rennais,169,3,Lyon,167,0,STATUS_FULL_TIME,Roazhon Park,2024-2025,0,8,18,2024
706441,2024-08-23 18:45:00+00:00,Montpellier at Paris Saint-Germain,MON @ PSG,Paris Saint-Germain,160,6,Montpellier,274,0,STATUS_FULL_TIME,Parc des Princes,2024-2025,0,8,23,2024
706437,2024-08-24 15:00:00+00:00,AS Monaco at Lyon,MON @ LYON,Lyon,167,0,AS Monaco,174,2,STATUS_FULL_TIME,Groupama Stadium,2024-2025,0,8,24,2024
706436,2024-08-24 17:00:00+00:00,Angers at Lille,ANG @ LILL,Lille,166,2,Angers,7868,0,STATUS_FULL_TIME,Decathlon Arena - Stade Pierre-Mauroy,2024-2025,0,8,24,2024
706442,2024-08-24 19:00:00+00:00,Le Havre AC at Saint-Étienne,HAC @ ASSE,Saint-Étienne,178,0,Le Havre AC,3236,2,STATUS_FULL_TIME,Stade Geoffroy-Guichard,2024-2025,0,8,24,2024
706435,2024-08-25 13:00:00+00:00,Brest at Lens,BRE @ RCL,Lens,175,2,Brest,6997,0,STATUS_FULL_TIME,Stade Félix Bollaert-Delélis,2024-2025,0,8,25,2024
706439,2024-08-25 15:00:00+00:00,AJ Auxerre at Nantes,AUX @ NAN,Nantes,165,2,AJ Auxerre,172,0,STATUS_FULL_TIME,La Beaujoire-Louis-Fonteneau,2024-2025,0,8,25,2024
706440,2024-08-25 15:00:00+00:00,Toulouse at Nice,TOU @ NICE,Nice,2502,1,Toulouse,179,1,STATUS_FULL_TIME,Allianz Riviera,2024-2025,0,8,25,2024
706443,2024-08-25 15:00:00+00:00,Stade Rennais at Strasbourg,REN @ STR,Strasbourg,180,3,Stade Rennais,169,1,STATUS_FULL_TIME,Stade de la Meinau,2024-2025,0,8,25,2024
706438,2024-08-25 18:45:00+00:00,Stade de Reims at Marseille,REIM @ OLM,Marseille,176,2,Stade de Reims,3243,2,STATUS_FULL_TIME,Orange Vélodrome,2024-2025,0,8,25,2024
706452,2024-08-30 18:45:00+00:00,Strasbourg at Lyon,STR @ LYON,Lyon,167,4,Strasbourg,180,3,STATUS_FULL_TIME,Groupama Stadium,2024-2025,0,8,30,2024
706445,2024-08-31 15:00:00+00:00,Saint-Étienne at Brest,ASSE @ BRE,Brest,6997,4,Saint-Étienne,178,0,STATUS_FULL_TIME,Stade Francis-Le Blé,2024-2025,0,8,31,2024
706450,2024-08-31 17:00:00+00:00,Nantes at Montpellier,NAN @ MON,Montpellier,274,1,Nantes,165,3,STATUS_FULL_TIME,Stade de la Mosson,2024-2025,0,8,31,2024
706447,2024-08-31 19:00:00+00:00,Marseille at Toulouse,OLM @ TOU,Toulouse,179,1,Marseille,176,3,STATUS_FULL_TIME,Stadium de Toulouse,2024-2025,0,8,31,2024
706449,2024-09-01 13:00:00+00:00,Lens at AS Monaco,RCL @ MON,AS Monaco,174,1,Lens,175,1,STATUS_FULL_TIME,Stade Louis II,2024-2025,0,9,1,2024
706444,2024-09-01 15:00:00+00:00,Nice at Angers,NICE @ ANG,Angers,7868,1,Nice,2502,4,STATUS_FULL_TIME,Stade Raymond Kopa,2024-2025,0,9,1,2024
706446,2024-09-01 15:00:00+00:00,AJ Auxerre at Le Havre AC,AUX @ HAC,Le Havre AC,3236,3,AJ Auxerre,172,1,STATUS_FULL_TIME,Stade Océane,2024-2025,0,9,1,2024
706451,2024-09-01 15:00:00+00:00,Stade Rennais at Stade de Reims,REN @ REIM,Stade de Reims,3243,2,Stade Rennais,169,1,STATUS_FULL_TIME,Stade Auguste-Delaune II,2024-2025,0,9,1,2024
706448,2024-09-01 18:45:00+00:00,Paris Saint-Germain at Lille,PSG @ LILL,Lille,166,1,Paris Saint-Germain,160,3,STATUS_FULL_TIME,Decathlon Arena - Stade Pierre-Mauroy,2024-2025,0,9,1,2024
706459,2024-09-13 18:45:00+00:00,Lille at Saint-Étienne,LILL @ ASSE,Saint-Étienne,178,1,Lille,166,0,STATUS_FULL_TIME,Stade Geoffroy-Guichard,2024-2025,0,9,13,2024
706455,2024-09-14 15:00:00+00:00,Nice at Marseille,NICE @ OLM,Marseille,176,2,Nice,2502,0,STATUS_FULL_TIME,Orange Vélodrome,2024-2025,0,9,14,2024
706453,2024-09-14 17:00:00+00:00,AS Monaco at AJ Auxerre,MON @ AUX,AJ Auxerre,172,0,AS Monaco,174,3,STATUS_FULL_TIME,Stade de l'Abbé-Deschamps,2024-2025,0,9,14,2024
706457,2024-09-14 19:00:00+00:00,Brest at Paris Saint-Germain,BRE @ PSG,Paris Saint-Germain,160,3,Brest,6997,1,STATUS_FULL_TIME,Parc des Princes,2024-2025,0,9,14,2024
706458,2024-09-15 13:00:00+00:00,Montpellier at Stade Rennais,MON @ REN,Stade Rennais,169,3,Montpellier,274,0,STATUS_FULL_TIME,Roazhon Park,2024-2025,0,9,15,2024
706461,2024-09-15 15:00:00+00:00,Le Havre AC at Toulouse,HAC @ TOU,Toulouse,179,2,Le Havre AC,3236,0,STATUS_FULL_TIME,Stadium de Toulouse,2024-2025,0,9,15,2024
706456,2024-09-15 15:00:00+00:00,Stade de Reims at Nantes,REIM @ NAN,Nantes,165,1,Stade de Reims,3243,2,STATUS_FULL_TIME,La Beaujoire-Louis-Fonteneau,2024-2025,0,9,15,2024
706460,2024-09-15 15:00:00+00:00,Angers at Strasbourg,ANG @ STR,Strasbourg,180,1,Angers,7868,1,STATUS_FULL_TIME,Stade de la Meinau,2024-2025,0,9,15,2024
706454,2024-09-15 18:45:00+00:00,Lyon at Lens,LYON @ RCL,Lens,175,0,Lyon,167,0,STATUS_FULL_TIME,Stade Félix Bollaert-Delélis,2024-2025,0,9,15,2024
706468,2024-09-20 18:45:00+00:00,Saint-Étienne at Nice,ASSE @ NICE,Nice,2502,8,Saint-Étienne,178,0,STATUS_FULL_TIME,Allianz Riviera,2024-2025,0,9,20,2024
706464,2024-09-21 15:00:00+00:00,Strasbourg at Lille,STR @ LILL,Lille,166,3,Strasbourg,180,3,STATUS_FULL_TIME,Decathlon Arena - Stade Pierre-Mauroy,2024-2025,0,9,21,2024
706470,2024-09-21 17:00:00+00:00,Lens at Stade Rennais,RCL @ REN,Stade Rennais,169,1,Lens,175,1,STATUS_FULL_TIME,Roazhon Park,2024-2025,0,9,21,2024
706469,2024-09-21 19:00:00+00:00,Paris Saint-Germain at Stade de Reims,PSG @ REIM,Stade de Reims,3243,1,Paris Saint-Germain,160,1,STATUS_FULL_TIME,Stade Auguste-Delaune II,2024-2025,0,9,21,2024
706466,2024-09-22 13:00:00+00:00,Le Havre AC at AS Monaco,HAC @ MON,AS Monaco,174,3,Le Havre AC,3236,1,STATUS_FULL_TIME,Stade Louis II,2024-2025,0,9,22,2024
706462,2024-09-22 15:00:00+00:00,Nantes at Angers,NAN @ ANG,Angers,7868,1,Nantes,165,1,STATUS_FULL_TIME,Stade Raymond Kopa,2024-2025,0,9,22,2024
706463,2024-09-22 15:00:00+00:00,Toulouse at Brest,TOU @ BRE,Brest,6997,2,Toulouse,179,0,STATUS_FULL_TIME,Stade Francis-Le Blé,2024-2025,0,9,22,2024
706467,2024-09-22 15:00:00+00:00,AJ Auxerre at Montpellier,AUX @ MON,Montpellier,274,3,AJ Auxerre,172,2,STATUS_FULL_TIME,Stade de la Mosson,2024-2025,0,9,22,2024
706465,2024-09-22 18:45:00+00:00,Marseille at Lyon,OLM @ LYON,Lyon,167,2,Marseille,176,3,STATUS_FULL_TIME,Groupama Stadium,2024-2025,0,9,22,2024
706472,2024-09-27 17:00:00+00:00,Brest at AJ Auxerre,BRE @ AUX,AJ Auxerre,172,3,Brest,6997,0,STATUS_FULL_TIME,Stade de l'Abbé-Deschamps,2024-2025,0,9,27,2024
706477,2024-09-27 19:00:00+00:00,Stade Rennais at Paris Saint-Germain,REN @ PSG,Paris Saint-Germain,160,3,Stade Rennais,169,1,STATUS_FULL_TIME,Parc des Princes,2024-2025,0,9,27,2024
706474,2024-09-28 15:00:00+00:00,Nice at Lens,NICE @ RCL,Lens,175,0,Nice,2502,0,STATUS_FULL_TIME,Stade Félix Bollaert-Delélis,2024-2025,0,9,28,2024
706473,2024-09-28 17:00:00+00:00,Lille at Le Havre AC,LILL @ HAC,Le Havre AC,3236,0,Lille,166,3,STATUS_FULL_TIME,Stade Océane,2024-2025,0,9,28,2024
706475,2024-09-28 19:00:00+00:00,Montpellier at AS Monaco,MON @ MON,AS Monaco,174,2,Montpellier,274,1,STATUS_FULL_TIME,Stade Louis II,2024-2025,0,9,28,2024
706479,2024-09-29 13:00:00+00:00,Lyon at Toulouse,LYON @ TOU,Toulouse,179,1,Lyon,167,2,STATUS_FULL_TIME,Stadium de Toulouse,2024-2025,0,9,29,2024
706471,2024-09-29 15:00:00+00:00,Stade de Reims at Angers,REIM @ ANG,Angers,7868,1,Stade de Reims,3243,3,STATUS_FULL_TIME,Stade Raymond Kopa,2024-2025,0,9,29,2024
706476,2024-09-29 15:00:00+00:00,Saint-Étienne at Nantes,ASSE @ NAN,Nantes,165,2,Saint-Étienne,178,2,STATUS_FULL_TIME,La Beaujoire-Louis-Fonteneau,2024-2025,0,9,29,2024
706478,2024-09-29 18:45:00+00:00,Marseille at Strasbourg,OLM @ STR,Strasbourg,180,1,Marseille,176,0,STATUS_FULL_TIME,Stade de la Meinau,2024-2025,0,9,29,2024
706480,2024-10-04 18:45:00+00:00,Angers at Marseille,ANG @ OLM,Marseille,176,1,Angers,7868,1,STATUS_FULL_TIME,Orange Vélodrome,2024-2025,0,10,4,2024
706487,2024-10-05 15:00:00+00:00,AJ Auxerre at Saint-Étienne,AUX @ ASSE,Saint-Étienne,178,3,AJ Auxerre,172,1,STATUS_FULL_TIME,Stade Geoffroy-Guichard,2024-2025,0,10,5,2024
706482,2024-10-05 17:00:00+00:00,Toulouse at Lille,TOU @ LILL,Lille,166,2,Toulouse,179,1,STATUS_FULL_TIME,Decathlon Arena - Stade Pierre-Mauroy,2024-2025,0,10,5,2024
706486,2024-10-05 19:00:00+00:00,AS Monaco at Stade Rennais,MON @ REN,Stade Rennais,169,1,AS Monaco,174,2,STATUS_FULL_TIME,Roazhon Park,2024-2025,0,10,5,2024
706481,2024-10-06 13:00:00+00:00,Nantes at Lyon,NAN @ LYON,Lyon,167,2,Nantes,165,0,STATUS_FULL_TIME,Groupama Stadium,2024-2025,0,10,6,2024
706483,2024-10-06 15:00:00+00:00,Le Havre AC at Brest,HAC @ BRE,Brest,6997,2,Le Havre AC,3236,0,STATUS_FULL_TIME,Stade Francis-Le Blé,2024-2025,0,10,6,2024
706485,2024-10-06 15:00:00+00:00,Montpellier at Stade de Reims,MON @ REIM,Stade de Reims,3243,4,Montpellier,274,2,STATUS_FULL_TIME,Stade Auguste-Delaune II,2024-2025,0,10,6,2024
706488,2024-10-06 15:00:00+00:00,Lens at Strasbourg,RCL @ STR,Strasbourg,180,2,Lens,175,2,STATUS_FULL_TIME,Stade de la Meinau,2024-2025,0,10,6,2024
706484,2024-10-06 18:45:00+00:00,Paris Saint-Germain at Nice,PSG @ NICE,Nice,2502,1,Paris Saint-Germain,160,1,STATUS_FULL_TIME,Allianz Riviera,2024-2025,0,10,6,2024
706497,2024-10-18 18:45:00+00:00,Lille at AS Monaco,LILL @ MON,AS Monaco,174,0,Lille,166,0,STATUS_FULL_TIME,Stade Louis II,2024-2025,0,10,18,2024
706495,2024-10-19 15:00:00+00:00,Stade Rennais at Brest,REN @ BRE,Brest,6997,1,Stade Rennais,169,1,STATUS_FULL_TIME,Stade Francis-Le Blé,2024-2025,0,10,19,2024
706491,2024-10-19 17:00:00+00:00,Lens at Saint-Étienne,RCL @ ASSE,Saint-Étienne,178,0,Lens,175,2,STATUS_FULL_TIME,Stade Geoffroy-Guichard,2024-2025,0,10,19,2024
706490,2024-10-19 19:00:00+00:00,Strasbourg at Paris Saint-Germain,STR @ PSG,Paris Saint-Germain,160,4,Strasbourg,180,2,STATUS_FULL_TIME,Parc des Princes,2024-2025,0,10,19,2024
706494,2024-10-20 13:00:00+00:00,Lyon at Le Havre AC,LYON @ HAC,Le Havre AC,3236,0,Lyon,167,4,STATUS_FULL_TIME,Stade Océane,2024-2025,0,10,20,2024
706496,2024-10-20 15:00:00+00:00,Stade de Reims at AJ Auxerre,REIM @ AUX,AJ Auxerre,172,2,Stade de Reims,3243,1,STATUS_FULL_TIME,Stade de l'Abbé-Deschamps,2024-2025,0,10,20,2024
706489,2024-10-20 15:00:00+00:00,Nice at Nantes,NICE @ NAN,Nantes,165,1,Nice,2502,1,STATUS_FULL_TIME,La Beaujoire-Louis-Fonteneau,2024-2025,0,10,20,2024
706492,2024-10-20 15:00:00+00:00,Angers at Toulouse,ANG @ TOU,Toulouse,179,1,Angers,7868,1,STATUS_FULL_TIME,Stadium de Toulouse,2024-2025,0,10,20,2024
706493,2024-10-20 18:45:00+00:00,Marseille at Montpellier,OLM @ MON,Montpellier,274,0,Marseille,176,5,STATUS_FULL_TIME,Stade de la Mosson,2024-2025,0,10,20,2024
706498,2024-10-25 18:45:00+00:00,Le Havre AC at Stade Rennais,HAC @ REN,Stade Rennais,169,1,Le Havre AC,3236,0,STATUS_FULL_TIME,Roazhon Park,2024-2025,0,10,25,2024
706506,2024-10-26 15:00:00+00:00,Saint-Étienne at Angers,ASSE @ ANG,Angers,7868,4,Saint-Étienne,178,2,STATUS_FULL_TIME,Stade Raymond Kopa,2024-2025,0,10,26,2024
706499,2024-10-26 17:00:00+00:00,Brest at Stade de Reims,BRE @ REIM,Stade de Reims,3243,1,Brest,6997,2,STATUS_FULL_TIME,Stade Auguste-Delaune II,2024-2025,0,10,26,2024
706503,2024-10-26 19:00:00+00:00,Lille at Lens,LILL @ RCL,Lens,175,0,Lille,166,2,STATUS_FULL_TIME,Stade Félix Bollaert-Delélis,2024-2025,0,10,26,2024
706504,2024-10-27 14:00:00+00:00,AJ Auxerre at Lyon,AUX @ LYON,Lyon,167,2,AJ Auxerre,172,2,STATUS_FULL_TIME,Groupama Stadium,2024-2025,0,10,27,2024
706501,2024-10-27 16:00:00+00:00,Toulouse at Montpellier,TOU @ MON,Montpellier,274,0,Toulouse,179,3,STATUS_FULL_TIME,Stade de la Mosson,2024-2025,0,10,27,2024
706500,2024-10-27 16:00:00+00:00,AS Monaco at Nice,MON @ NICE,Nice,2502,2,AS Monaco,174,1,STATUS_FULL_TIME,Allianz Riviera,2024-2025,0,10,27,2024
706505,2024-10-27 16:00:00+00:00,Nantes at Strasbourg,NAN @ STR,Strasbourg,180,3,Nantes,165,1,STATUS_FULL_TIME,Stade de la Meinau,2024-2025,0,10,27,2024
706502,2024-10-27 19:45:00+00:00,Paris Saint-Germain at Marseille,PSG @ OLM,Marseille,176,0,Paris Saint-Germain,160,3,STATUS_FULL_TIME,Orange Vélodrome,2024-2025,0,10,27,2024
706509,2024-11-01 18:00:00+00:00,Angers at AS Monaco,ANG @ MON,AS Monaco,174,0,Angers,7868,1,STATUS_FULL_TIME,Stade Louis II,2024-2025,0,11,1,2024
706514,2024-11-01 20:00:00+00:00,Lyon at Lille,LYON @ LILL,Lille,166,1,Lyon,167,1,STATUS_FULL_TIME,Decathlon Arena - Stade Pierre-Mauroy,2024-2025,0,11,1,2024
706511,2024-11-02 16:00:00+00:00,Lens at Paris Saint-Germain,RCL @ PSG,Paris Saint-Germain,160,1,Lens,175,0,STATUS_FULL_TIME,Parc des Princes,2024-2025,0,11,2,2024
706508,2024-11-02 18:00:00+00:00,Nice at Brest,NICE @ BRE,Brest,6997,0,Nice,2502,1,STATUS_FULL_TIME,Stade Francis-Le Blé,2024-2025,0,11,2,2024
706510,2024-11-02 20:00:00+00:00,Strasbourg at Saint-Étienne,STR @ ASSE,Saint-Étienne,178,2,Strasbourg,180,0,STATUS_FULL_TIME,Stade Geoffroy-Guichard,2024-2025,0,11,2,2024
706513,2024-11-03 14:00:00+00:00,Stade de Reims at Toulouse,REIM @ TOU,Toulouse,179,1,Stade de Reims,3243,0,STATUS_FULL_TIME,Stadium de Toulouse,2024-2025,0,11,3,2024
706507,2024-11-03 16:00:00+00:00,Stade Rennais at AJ Auxerre,REN @ AUX,AJ Auxerre,172,4,Stade Rennais,169,0,STATUS_FULL_TIME,Stade de l'Abbé-Deschamps,2024-2025,0,11,3,2024
706515,2024-11-03 16:00:00+00:00,Montpellier at Le Havre AC,MON @ HAC,Le Havre AC,3236,1,Montpellier,274,0,STATUS_FULL_TIME,Stade Océane,2024-2025,0,11,3,2024
706512,2024-11-03 19:45:00+00:00,Marseille at Nantes,OLM @ NAN,Nantes,165,1,Marseille,176,2,STATUS_FULL_TIME,La Beaujoire-Louis-Fonteneau,2024-2025,0,11,3,2024
706524,2024-11-08 19:45:00+00:00,AJ Auxerre at Marseille,AUX @ OLM,Marseille,176,1,AJ Auxerre,172,3,STATUS_FULL_TIME,Orange Vélodrome,2024-2025,0,11,8,2024
706520,2024-11-09 16:00:00+00:00,AS Monaco at Strasbourg,MON @ STR,Strasbourg,180,1,AS Monaco,174,3,STATUS_FULL_TIME,Stade de la Meinau,2024-2025,0,11,9,2024
706522,2024-11-09 18:00:00+00:00,Nantes at Lens,NAN @ RCL,Lens,175,3,Nantes,165,2,STATUS_FULL_TIME,Stade Félix Bollaert-Delélis,2024-2025,0,11,9,2024
706516,2024-11-09 20:00:00+00:00,Paris Saint-Germain at Angers,PSG @ ANG,Angers,7868,2,Paris Saint-Germain,160,4,STATUS_FULL_TIME,Stade Raymond Kopa,2024-2025,0,11,9,2024
706518,2024-11-10 14:00:00+00:00,Lille at Nice,LILL @ NICE,Nice,2502,2,Lille,166,2,STATUS_FULL_TIME,Allianz Riviera,2024-2025,0,11,10,2024
706523,2024-11-10 16:00:00+00:00,Stade de Reims at Le Havre AC,REIM @ HAC,Le Havre AC,3236,0,Stade de Reims,3243,3,STATUS_FULL_TIME,Stade Océane,2024-2025,0,11,10,2024
706519,2024-11-10 16:00:00+00:00,Brest at Montpellier,BRE @ MON,Montpellier,274,3,Brest,6997,1,STATUS_FULL_TIME,Stade de la Mosson,2024-2025,0,11,10,2024
706517,2024-11-10 16:00:00+00:00,Toulouse at Stade Rennais,TOU @ REN,Stade Rennais,169,0,Toulouse,179,2,STATUS_FULL_TIME,Roazhon Park,2024-2025,0,11,10,2024
706521,2024-11-10 19:45:00+00:00,Saint-Étienne at Lyon,ASSE @ LYON,Lyon,167,1,Saint-Étienne,178,0,STATUS_FULL_TIME,Groupama Stadium,2024-2025,0,11,10,2024
706533,2024-11-22 18:00:00+00:00,Brest at AS Monaco,BRE @ MON,AS Monaco,174,3,Brest,6997,2,STATUS_FULL_TIME,Stade Louis II,2024-2025,0,11,22,2024
706530,2024-11-22 20:00:00+00:00,Toulouse at Paris Saint-Germain,TOU @ PSG,Paris Saint-Germain,160,3,Toulouse,179,0,STATUS_FULL_TIME,Parc des Princes,2024-2025,0,11,22,2024
706531,2024-11-23 16:00:00+00:00,Marseille at Lens,OLM @ RCL,Lens,175,1,Marseille,176,3,STATUS_FULL_TIME,Stade Félix Bollaert-Delélis,2024-2025,0,11,23,2024
706528,2024-11-23 18:00:00+00:00,Montpellier at Saint-Étienne,MON @ ASSE,Saint-Étienne,178,1,Montpellier,274,0,STATUS_FULL_TIME,Stade Geoffroy-Guichard,2024-2025,0,11,23,2024
706529,2024-11-23 20:00:00+00:00,Lyon at Stade de Reims,LYON @ REIM,Stade de Reims,3243,1,Lyon,167,1,STATUS_FULL_TIME,Stade Auguste-Delaune II,2024-2025,0,11,23,2024
706525,2024-11-24 14:00:00+00:00,Stade Rennais at Lille,REN @ LILL,Lille,166,1,Stade Rennais,169,0,STATUS_FULL_TIME,Decathlon Arena - Stade Pierre-Mauroy,2024-2025,0,11,24,2024
706527,2024-11-24 16:00:00+00:00,Angers at AJ Auxerre,ANG @ AUX,AJ Auxerre,172,1,Angers,7868,0,STATUS_FULL_TIME,Stade de l'Abbé-Deschamps,2024-2025,0,11,24,2024
706532,2024-11-24 16:00:00+00:00,Le Havre AC at Nantes,HAC @ NAN,Nantes,165,0,Le Havre AC,3236,2,STATUS_FULL_TIME,La Beaujoire-Louis-Fonteneau,2024-2025,0,11,24,2024
706526,2024-11-24 19:45:00+00:00,Strasbourg at Nice,STR @ NICE,Nice,2502,2,Strasbourg,180,1,STATUS_FULL_TIME,Allianz Riviera,2024-2025,0,11,24,2024
706539,2024-11-29 19:45:00+00:00,Lens at Stade de Reims,RCL @ REIM,Stade de Reims,3243,0,Lens,175,2,STATUS_FULL_TIME,Stade Auguste-Delaune II,2024-2025,0,11,29,2024
706540,2024-11-30 16:00:00+00:00,Saint-Étienne at Stade Rennais,ASSE @ REN,Stade Rennais,169,5,Saint-Étienne,178,0,STATUS_FULL_TIME,Roazhon Park,2024-2025,0,11,30,2024
706537,2024-11-30 18:00:00+00:00,Strasbourg at Brest,STR @ BRE,Brest,6997,3,Strasbourg,180,1,STATUS_FULL_TIME,Stade Francis-Le Blé,2024-2025,0,11,30,2024
706542,2024-11-30 20:00:00+00:00,Nantes at Paris Saint-Germain,NAN @ PSG,Paris Saint-Germain,160,1,Nantes,165,1,STATUS_FULL_TIME,Parc des Princes,2024-2025,0,11,30,2024
706534,2024-12-01 14:00:00+00:00,Lille at Montpellier,LILL @ MON,Montpellier,274,2,Lille,166,2,STATUS_FULL_TIME,Stade de la Mosson,2024-2025,0,12,1,2024
706541,2024-12-01 16:00:00+00:00,Angers at Le Havre AC,ANG @ HAC,Le Havre AC,3236,0,Angers,7868,1,STATUS_FULL_TIME,Stade Océane,2024-2025,0,12,1,2024
706536,2024-12-01 16:00:00+00:00,Nice at Lyon,NICE @ LYON,Lyon,167,4,Nice,2502,1,STATUS_FULL_TIME,Groupama Stadium,2024-2025,0,12,1,2024
706538,2024-12-01 16:00:00+00:00,AJ Auxerre at Toulouse,AUX @ TOU,Toulouse,179,2,AJ Auxerre,172,0,STATUS_FULL_TIME,Stadium de Toulouse,2024-2025,0,12,1,2024
706535,2024-12-01 19:45:00+00:00,AS Monaco at Marseille,MON @ OLM,Marseille,176,2,AS Monaco,174,1,STATUS_FULL_TIME,Orange Vélodrome,2024-2025,0,12,1,2024
706544,2024-12-06 18:00:00+00:00,Brest at Lille,BRE @ LILL,Lille,166,3,Brest,6997,1,STATUS_FULL_TIME,Decathlon Arena - Stade Pierre-Mauroy,2024-2025,0,12,6,2024
706549,2024-12-06 20:00:00+00:00,Paris Saint-Germain at AJ Auxerre,PSG @ AUX,AJ Auxerre,172,0,Paris Saint-Germain,160,0,STATUS_FULL_TIME,Stade de l'Abbé-Deschamps,2024-2025,0,12,6,2024
706543,2024-12-07 16:00:00+00:00,Toulouse at AS Monaco,TOU @ MON,AS Monaco,174,2,Toulouse,179,0,STATUS_FULL_TIME,Stade Louis II,2024-2025,0,12,7,2024
706551,2024-12-07 18:00:00+00:00,Le Havre AC at Nice,HAC @ NICE,Nice,2502,2,Le Havre AC,3236,1,STATUS_FULL_TIME,Allianz Riviera,2024-2025,0,12,7,2024
706546,2024-12-07 20:00:00+00:00,Lyon at Angers,LYON @ ANG,Angers,7868,0,Lyon,167,3,STATUS_FULL_TIME,Stade Raymond Kopa,2024-2025,0,12,7,2024
706545,2024-12-08 14:00:00+00:00,Montpellier at Lens,MON @ RCL,Lens,175,2,Montpellier,274,0,STATUS_FULL_TIME,Stade Félix Bollaert-Delélis,2024-2025,0,12,8,2024
706547,2024-12-08 16:00:00+00:00,Stade Rennais at Nantes,REN @ NAN,Nantes,165,1,Stade Rennais,169,0,STATUS_FULL_TIME,La Beaujoire-Louis-Fonteneau,2024-2025,0,12,8,2024
706548,2024-12-08 16:00:00+00:00,Stade de Reims at Strasbourg,REIM @ STR,Strasbourg,180,0,Stade de Reims,3243,0,STATUS_FULL_TIME,Stade de la Meinau,2024-2025,0,12,8,2024
706550,2024-12-08 19:45:00+00:00,Marseille at Saint-Étienne,OLM @ ASSE,Saint-Étienne,178,0,Marseille,176,2,STATUS_FULL_TIME,Stade Geoffroy-Guichard,2024-2025,0,12,8,2024
706553,2024-12-13 19:45:00+00:00,Saint-Étienne at Toulouse,ASSE @ TOU,Toulouse,179,2,Saint-Étienne,178,1,STATUS_FULL_TIME,Stadium de Toulouse,2024-2025,0,12,13,2024
706556,2024-12-14 16:00:00+00:00,Lille at Marseille,LILL @ OLM,Marseille,176,1,Lille,166,1,STATUS_FULL_TIME,Orange Vélodrome,2024-2025,0,12,14,2024
706552,2024-12-14 18:00:00+00:00,Lens at AJ Auxerre,RCL @ AUX,AJ Auxerre,172,2,Lens,175,2,STATUS_FULL_TIME,Stade de l'Abbé-Deschamps,2024-2025,0,12,14,2024
706555,2024-12-14 20:00:00+00:00,AS Monaco at Stade de Reims,MON @ REIM,Stade de Reims,3243,0,AS Monaco,174,0,STATUS_FULL_TIME,Stade Auguste-Delaune II,2024-2025,0,12,14,2024
706558,2024-12-15 14:00:00+00:00,Nice at Montpellier,NICE @ MON,Montpellier,274,2,Nice,2502,2,STATUS_FULL_TIME,Stade de la Mosson,2024-2025,0,12,15,2024
706557,2024-12-15 16:00:00+00:00,Nantes at Brest,NAN @ BRE,Brest,6997,4,Nantes,165,1,STATUS_FULL_TIME,Stade Francis-Le Blé,2024-2025,0,12,15,2024
706560,2024-12-15 16:00:00+00:00,Strasbourg at Le Havre AC,STR @ HAC,Le Havre AC,3236,0,Strasbourg,180,3,STATUS_FULL_TIME,Stade Océane,2024-2025,0,12,15,2024
706554,2024-12-15 16:00:00+00:00,Angers at Stade Rennais,ANG @ REN,Stade Rennais,169,2,Angers,7868,0,STATUS_FULL_TIME,Roazhon Park,2024-2025,0,12,15,2024
706559,2024-12-15 19:45:00+00:00,Lyon at Paris Saint-Germain,LYON @ PSG,Paris Saint-Germain,160,3,Lyon,167,1,STATUS_FULL_TIME,Parc des Princes,2024-2025,0,12,15,2024
706563,2024-12-18 20:00:00+00:00,Paris Saint-Germain at AS Monaco,PSG @ MON,AS Monaco,174,2,Paris Saint-Germain,160,4,STATUS_FULL_TIME,Stade Louis II,2024-2025,0,12,18,2024
706564,2025-01-03 20:00:00+00:00,Stade Rennais at Nice,REN @ NICE,Nice,2502,3,Stade Rennais,169,2,STATUS_FULL_TIME,Allianz Riviera,2024-2025,0,1,3,2025
706569,2025-01-04 16:00:00+00:00,Stade de Reims at Saint-Étienne,REIM @ ASSE,Saint-Étienne,178,3,Stade de Reims,3243,1,STATUS_FULL_TIME,Stade Geoffroy-Guichard,2024-2025,0,1,4,2025
706565,2025-01-04 18:00:00+00:00,Nantes at Lille,NAN @ LILL,Lille,166,1,Nantes,165,1,STATUS_FULL_TIME,Decathlon Arena - Stade Pierre-Mauroy,2024-2025,0,1,4,2025
706561,2025-01-04 20:00:00+00:00,Montpellier at Lyon,MON @ LYON,Lyon,167,1,Montpellier,274,0,STATUS_FULL_TIME,Groupama Stadium,2024-2025,0,1,4,2025
706568,2025-01-05 14:00:00+00:00,Brest at Angers,BRE @ ANG,Angers,7868,2,Brest,6997,0,STATUS_FULL_TIME,Stade Raymond Kopa,2024-2025,0,1,5,2025
706567,2025-01-05 14:00:00+00:00,Toulouse at Lens,TOU @ RCL,Lens,175,0,Toulouse,179,1,STATUS_FULL_TIME,Stade Félix Bollaert-Delélis,2024-2025,0,1,5,2025
706566,2025-01-05 14:00:00+00:00,AJ Auxerre at Strasbourg,AUX @ STR,Strasbourg,180,3,AJ Auxerre,172,1,STATUS_FULL_TIME,Stade de la Meinau,2024-2025,0,1,5,2025
706562,2025-01-05 19:45:00+00:00,Le Havre AC at Marseille,HAC @ OLM,Marseille,176,5,Le Havre AC,3236,1,STATUS_FULL_TIME,Orange Vélodrome,2024-2025,0,1,5,2025
706578,2025-01-10 18:00:00+00:00,AS Monaco at Nantes,MON @ NAN,Nantes,165,2,AS Monaco,174,2,STATUS_FULL_TIME,La Beaujoire-Louis-Fonteneau,2024-2025,0,1,10,2025
706577,2025-01-10 20:05:00+00:00,Lille at AJ Auxerre,LILL @ AUX,AJ Auxerre,172,0,Lille,166,0,STATUS_FULL_TIME,Stade de l'Abbé-Deschamps,2024-2025,0,1,10,2025
706570,2025-01-11 16:00:00+00:00,Lyon at Brest,LYON @ BRE,Brest,6997,2,Lyon,167,1,STATUS_FULL_TIME,Stade Francis-Le Blé,2024-2025,0,1,11,2025
706575,2025-01-11 18:00:00+00:00,Nice at Stade de Reims,NICE @ REIM,Stade de Reims,3243,2,Nice,2502,4,STATUS_FULL_TIME,Stade Auguste-Delaune II,2024-2025,0,1,11,2025
706576,2025-01-11 20:05:00+00:00,Marseille at Stade Rennais,OLM @ REN,Stade Rennais,169,1,Marseille,176,2,STATUS_FULL_TIME,Roazhon Park,2024-2025,0,1,11,2025
706571,2025-01-12 14:00:00+00:00,Lens at Le Havre AC,RCL @ HAC,Le Havre AC,3236,1,Lens,175,2,STATUS_FULL_TIME,Stade Océane,2024-2025,0,1,12,2025
706572,2025-01-12 16:15:00+00:00,Angers at Montpellier,ANG @ MON,Montpellier,274,1,Angers,7868,3,STATUS_FULL_TIME,Stade de la Mosson,2024-2025,0,1,12,2025
706573,2025-01-12 16:15:00+00:00,Strasbourg at Toulouse,STR @ TOU,Toulouse,179,1,Strasbourg,180,2,STATUS_FULL_TIME,Stadium de Toulouse,2024-2025,0,1,12,2025
706574,2025-01-12 19:45:00+00:00,Saint-Étienne at Paris Saint-Germain,ASSE @ PSG,Paris Saint-Germain,160,2,Saint-Étienne,178,1,STATUS_FULL_TIME,Parc des Princes,2024-2025,0,1,12,2025
706584,2025-01-17 18:00:00+00:00,AS Monaco at Montpellier,MON @ MON,Montpellier,274,2,AS Monaco,174,1,STATUS_FULL_TIME,Stade de la Mosson,2024-2025,0,1,17,2025
706587,2025-01-17 20:05:00+00:00,Nice at Lille,NICE @ LILL,Lille,166,2,Nice,2502,1,STATUS_FULL_TIME,Decathlon Arena - Stade Pierre-Mauroy,2024-2025,0,1,17,2025
706580,2025-01-18 16:00:00+00:00,Paris Saint-Germain at Lens,PSG @ RCL,Lens,175,1,Paris Saint-Germain,160,2,STATUS_FULL_TIME,Stade Félix Bollaert-Delélis,2024-2025,0,1,18,2025
706582,2025-01-18 18:00:00+00:00,Brest at Stade Rennais,BRE @ REN,Stade Rennais,169,1,Brest,6997,2,STATUS_FULL_TIME,Roazhon Park,2024-2025,0,1,18,2025
706586,2025-01-18 20:05:00+00:00,Toulouse at Lyon,TOU @ LYON,Lyon,167,0,Toulouse,179,0,STATUS_FULL_TIME,Groupama Stadium,2024-2025,0,1,18,2025
706581,2025-01-19 14:00:00+00:00,Nantes at Saint-Étienne,NAN @ ASSE,Saint-Étienne,178,1,Nantes,165,1,STATUS_FULL_TIME,Stade Geoffroy-Guichard,2024-2025,0,1,19,2025
706579,2025-01-19 16:15:00+00:00,AJ Auxerre at Angers,AUX @ ANG,Angers,7868,2,AJ Auxerre,172,0,STATUS_FULL_TIME,Stade Raymond Kopa,2024-2025,0,1,19,2025
706583,2025-01-19 16:15:00+00:00,Le Havre AC at Stade de Reims,HAC @ REIM,Stade de Reims,3243,1,Le Havre AC,3236,1,STATUS_FULL_TIME,Stade Auguste-Delaune II,2024-2025,0,1,19,2025
706585,2025-01-19 19:45:00+00:00,Strasbourg at Marseille,STR @ OLM,Marseille,176,1,Strasbourg,180,1,STATUS_FULL_TIME,Orange Vélodrome,2024-2025,0,1,19,2025
706588,2025-01-24 19:45:00+00:00,Saint-Étienne at AJ Auxerre,ASSE @ AUX,AJ Auxerre,172,1,Saint-Étienne,178,1,STATUS_FULL_TIME,Stade de l'Abbé-Deschamps,2024-2025,0,1,24,2025
706593,2025-01-25 16:00:00+00:00,Stade Rennais at AS Monaco,REN @ MON,AS Monaco,174,3,Stade Rennais,169,2,STATUS_FULL_TIME,Stade Louis II,2024-2025,0,1,25,2025
706589,2025-01-25 18:00:00+00:00,Lille at Strasbourg,LILL @ STR,Strasbourg,180,2,Lille,166,1,STATUS_FULL_TIME,Stade de la Meinau,2024-2025,0,1,25,2025
706590,2025-01-25 20:05:00+00:00,Stade de Reims at Paris Saint-Germain,REIM @ PSG,Paris Saint-Germain,160,1,Stade de Reims,3243,1,STATUS_FULL_TIME,Parc des Princes,2024-2025,0,1,25,2025
706595,2025-01-26 14:00:00+00:00,Brest at Le Havre AC,BRE @ HAC,Le Havre AC,3236,0,Brest,6997,1,STATUS_FULL_TIME,Stade Océane,2024-2025,0,1,26,2025
706594,2025-01-26 16:15:00+00:00,Angers at Lens,ANG @ RCL,Lens,175,1,Angers,7868,0,STATUS_FULL_TIME,Stade Félix Bollaert-Delélis,2024-2025,0,1,26,2025
706592,2025-01-26 16:15:00+00:00,Lyon at Nantes,LYON @ NAN,Nantes,165,1,Lyon,167,1,STATUS_FULL_TIME,La Beaujoire-Louis-Fonteneau,2024-2025,0,1,26,2025
706596,2025-01-26 16:15:00+00:00,Montpellier at Toulouse,MON @ TOU,Toulouse,179,1,Montpellier,274,2,STATUS_FULL_TIME,Stadium de Toulouse,2024-2025,0,1,26,2025
706591,2025-01-26 19:45:00+00:00,Marseille at Nice,OLM @ NICE,Nice,2502,2,Marseille,176,0,STATUS_FULL_TIME,Allianz Riviera,2024-2025,0,1,26,2025
706604,2025-01-31 19:45:00+00:00,Lens at Montpellier,RCL @ MON,Montpellier,274,0,Lens,175,2,STATUS_FULL_TIME,Stade de la Mosson,2024-2025,0,1,31,2025
706600,2025-02-01 16:00:00+00:00,Paris Saint-Germain at Brest,PSG @ BRE,Brest,6997,2,Paris Saint-Germain,160,5,STATUS_FULL_TIME,Stade Francis-Le Blé,2024-2025,0,2,1,2025
706603,2025-02-01 18:00:00+00:00,AJ Auxerre at AS Monaco,AUX @ MON,AS Monaco,174,4,AJ Auxerre,172,2,STATUS_FULL_TIME,Stade Louis II,2024-2025,0,2,1,2025
706601,2025-02-01 20:05:00+00:00,Saint-Étienne at Lille,ASSE @ LILL,Lille,166,4,Saint-Étienne,178,1,STATUS_FULL_TIME,Decathlon Arena - Stade Pierre-Mauroy,2024-2025,0,2,1,2025
706602,2025-02-02 14:00:00+00:00,Nice at Toulouse,NICE @ TOU,Toulouse,179,1,Nice,2502,1,STATUS_FULL_TIME,Stadium de Toulouse,2024-2025,0,2,2,2025
706599,2025-02-02 16:15:00+00:00,Le Havre AC at Angers,HAC @ ANG,Angers,7868,1,Le Havre AC,3236,1,STATUS_FULL_TIME,Stade Raymond Kopa,2024-2025,0,2,2,2025
706605,2025-02-02 16:15:00+00:00,Nantes at Stade de Reims,NAN @ REIM,Stade de Reims,3243,1,Nantes,165,2,STATUS_FULL_TIME,Stade Auguste-Delaune II,2024-2025,0,2,2,2025
706597,2025-02-02 16:15:00+00:00,Strasbourg at Stade Rennais,STR @ REN,Stade Rennais,169,1,Strasbourg,180,0,STATUS_FULL_TIME,Roazhon Park,2024-2025,0,2,2,2025
706598,2025-02-02 19:45:00+00:00,Lyon at Marseille,LYON @ OLM,Marseille,176,3,Lyon,167,2,STATUS_FULL_TIME,Orange Vélodrome,2024-2025,0,2,2,2025
706609,2025-02-07 18:00:00+00:00,Brest at Nantes,BRE @ NAN,Nantes,165,0,Brest,6997,2,STATUS_FULL_TIME,La Beaujoire-Louis-Fonteneau,2024-2025,0,2,7,2025
706607,2025-02-07 20:05:00+00:00,AS Monaco at Paris Saint-Germain,MON @ PSG,Paris Saint-Germain,160,4,AS Monaco,174,1,STATUS_FULL_TIME,Parc des Princes,2024-2025,0,2,7,2025
706608,2025-02-08 16:00:00+00:00,Lens at Nice,RCL @ NICE,Nice,2502,2,Lens,175,0,STATUS_FULL_TIME,Allianz Riviera,2024-2025,0,2,8,2025
706611,2025-02-08 18:00:00+00:00,Le Havre AC at Lille,HAC @ LILL,Lille,166,1,Le Havre AC,3236,2,STATUS_FULL_TIME,Decathlon Arena - Stade Pierre-Mauroy,2024-2025,0,2,8,2025
706606,2025-02-08 20:05:00+00:00,Stade Rennais at Saint-Étienne,REN @ ASSE,Saint-Étienne,178,0,Stade Rennais,169,2,STATUS_FULL_TIME,Stade Geoffroy-Guichard,2024-2025,0,2,8,2025
706614,2025-02-09 14:00:00+00:00,Stade de Reims at Lyon,REIM @ LYON,Lyon,167,4,Stade de Reims,3243,0,STATUS_FULL_TIME,Groupama Stadium,2024-2025,0,2,9,2025
706612,2025-02-09 16:15:00+00:00,Toulouse at AJ Auxerre,TOU @ AUX,AJ Auxerre,172,2,Toulouse,179,2,STATUS_FULL_TIME,Stade de l'Abbé-Deschamps,2024-2025,0,2,9,2025
706610,2025-02-09 16:15:00+00:00,Montpellier at Strasbourg,MON @ STR,Strasbourg,180,2,Montpellier,274,0,STATUS_FULL_TIME,Stade de la Meinau,2024-2025,0,2,9,2025
706613,2025-02-09 19:45:00+00:00,Marseille at Angers,OLM @ ANG,Angers,7868,0,Marseille,176,2,STATUS_FULL_TIME,Stade Raymond Kopa,2024-2025,0,2,9,2025
706623,2025-02-14 19:45:00+00:00,AJ Auxerre at Brest,AUX @ BRE,Brest,6997,2,AJ Auxerre,172,2,STATUS_FULL_TIME,Stade Francis-Le Blé,2024-2025,0,2,14,2025
706616,2025-02-15 16:00:00+00:00,Saint-Étienne at Marseille,ASSE @ OLM,Marseille,176,5,Saint-Étienne,178,1,STATUS_FULL_TIME,Orange Vélodrome,2024-2025,0,2,15,2025
706617,2025-02-15 18:00:00+00:00,Nantes at AS Monaco,NAN @ MON,AS Monaco,174,7,Nantes,165,1,STATUS_FULL_TIME,Stade Louis II,2024-2025,0,2,15,2025
706621,2025-02-15 20:05:00+00:00,Paris Saint-Germain at Toulouse,PSG @ TOU,Toulouse,179,0,Paris Saint-Germain,160,1,STATUS_FULL_TIME,Stadium de Toulouse,2024-2025,0,2,15,2025
706618,2025-02-16 14:00:00+00:00,Lyon at Montpellier,LYON @ MON,Montpellier,274,1,Lyon,167,4,STATUS_FULL_TIME,Stade de la Mosson,2024-2025,0,2,16,2025
706622,2025-02-16 16:15:00+00:00,Nice at Le Havre AC,NICE @ HAC,Le Havre AC,3236,1,Nice,2502,3,STATUS_FULL_TIME,Stade Océane,2024-2025,0,2,16,2025
706615,2025-02-16 16:15:00+00:00,Strasbourg at Lens,STR @ RCL,Lens,175,0,Strasbourg,180,2,STATUS_FULL_TIME,Stade Félix Bollaert-Delélis,2024-2025,0,2,16,2025
706619,2025-02-16 16:15:00+00:00,Angers at Stade de Reims,ANG @ REIM,Stade de Reims,3243,0,Angers,7868,1,STATUS_FULL_TIME,Stade Auguste-Delaune II,2024-2025,0,2,16,2025
706620,2025-02-16 19:45:00+00:00,Lille at Stade Rennais,LILL @ REN,Stade Rennais,169,0,Lille,166,2,STATUS_FULL_TIME,Roazhon Park,2024-2025,0,2,16,2025
706626,2025-02-21 19:45:00+00:00,Stade de Reims at Stade Rennais,REIM @ REN,Stade Rennais,169,1,Stade de Reims,3243,0,STATUS_FULL_TIME,Roazhon Park,2024-2025,0,2,21,2025
706630,2025-02-22 16:00:00+00:00,AS Monaco at Lille,MON @ LILL,Lille,166,2,AS Monaco,174,1,STATUS_FULL_TIME,Decathlon Arena - Stade Pierre-Mauroy,2024-2025,0,2,22,2025
706625,2025-02-22 18:00:00+00:00,Angers at Saint-Étienne,ANG @ ASSE,Saint-Étienne,178,3,Angers,7868,3,STATUS_FULL_TIME,Stade Geoffroy-Guichard,2024-2025,0,2,22,2025
706624,2025-02-22 20:05:00+00:00,Marseille at AJ Auxerre,OLM @ AUX,AJ Auxerre,172,3,Marseille,176,0,STATUS_FULL_TIME,Stade de l'Abbé-Deschamps,2024-2025,0,2,22,2025
706628,2025-02-23 14:00:00+00:00,Lens at Nantes,RCL @ NAN,Nantes,165,3,Lens,175,1,STATUS_FULL_TIME,La Beaujoire-Louis-Fonteneau,2024-2025,0,2,23,2025
706631,2025-02-23 16:15:00+00:00,Toulouse at Le Havre AC,TOU @ HAC,Le Havre AC,3236,1,Toulouse,179,4,STATUS_FULL_TIME,Stade Océane,2024-2025,0,2,23,2025
706627,2025-02-23 16:15:00+00:00,Montpellier at Nice,MON @ NICE,Nice,2502,2,Montpellier,274,0,STATUS_FULL_TIME,Allianz Riviera,2024-2025,0,2,23,2025
706632,2025-02-23 16:15:00+00:00,Brest at Strasbourg,BRE @ STR,Strasbourg,180,0,Brest,6997,0,STATUS_FULL_TIME,Stade de la Meinau,2024-2025,0,2,23,2025
706629,2025-02-23 19:45:00+00:00,Paris Saint-Germain at Lyon,PSG @ LYON,Lyon,167,2,Paris Saint-Germain,160,3,STATUS_FULL_TIME,Groupama Stadium,2024-2025,0,2,23,2025
706634,2025-02-28 19:45:00+00:00,Stade de Reims at AS Monaco,REIM @ MON,AS Monaco,174,3,Stade de Reims,3243,0,STATUS_FULL_TIME,Stade Louis II,2024-2025,0,2,28,2025
706641,2025-03-01 16:00:00+00:00,Nice at Saint-Étienne,NICE @ ASSE,Saint-Étienne,178,1,Nice,2502,3,STATUS_FULL_TIME,Stade Geoffroy-Guichard,2024-2025,0,3,1,2025
706638,2025-03-01 18:00:00+00:00,Le Havre AC at Lens,HAC @ RCL,Lens,175,3,Le Havre AC,3236,4,STATUS_FULL_TIME,Stade Félix Bollaert-Delélis,2024-2025,0,3,1,2025
706636,2025-03-01 20:05:00+00:00,Lille at Paris Saint-Germain,LILL @ PSG,Paris Saint-Germain,160,4,Lille,166,1,STATUS_FULL_TIME,Parc des Princes,2024-2025,0,3,1,2025
706637,2025-03-02 14:00:00+00:00,Brest at Lyon,BRE @ LYON,Lyon,167,2,Brest,6997,1,STATUS_FULL_TIME,Groupama Stadium,2024-2025,0,3,2,2025
706639,2025-03-02 16:15:00+00:00,Strasbourg at AJ Auxerre,STR @ AUX,AJ Auxerre,172,0,Strasbourg,180,1,STATUS_FULL_TIME,Stade de l'Abbé-Deschamps,2024-2025,0,3,2,2025
706640,2025-03-02 16:15:00+00:00,Toulouse at Angers,TOU @ ANG,Angers,7868,0,Toulouse,179,4,STATUS_FULL_TIME,Stade Raymond Kopa,2024-2025,0,3,2,2025
706635,2025-03-02 16:15:00+00:00,Stade Rennais at Montpellier,REN @ MON,Montpellier,274,0,Stade Rennais,169,4,STATUS_FULL_TIME,Stade de la Mosson,2024-2025,0,3,2,2025
706633,2025-03-02 19:45:00+00:00,Nantes at Marseille,NAN @ OLM,Marseille,176,2,Nantes,165,0,STATUS_FULL_TIME,Orange Vélodrome,2024-2025,0,3,2,2025
706647,2025-03-07 19:45:00+00:00,AS Monaco at Toulouse,MON @ TOU,Toulouse,179,1,AS Monaco,174,1,STATUS_FULL_TIME,Stadium de Toulouse,2024-2025,0,3,7,2025
706645,2025-03-08 16:00:00+00:00,Paris Saint-Germain at Stade Rennais,PSG @ REN,Stade Rennais,169,1,Paris Saint-Germain,160,4,STATUS_FULL_TIME,Roazhon Park,2024-2025,0,3,8,2025
706650,2025-03-08 18:00:00+00:00,Montpellier at Lille,MON @ LILL,Lille,166,1,Montpellier,274,0,STATUS_FULL_TIME,Decathlon Arena - Stade Pierre-Mauroy,2024-2025,0,3,8,2025
706646,2025-03-08 20:05:00+00:00,Lens at Marseille,RCL @ OLM,Marseille,176,0,Lens,175,1,STATUS_FULL_TIME,Orange Vélodrome,2024-2025,0,3,8,2025
706648,2025-03-09 14:00:00+00:00,Angers at Brest,ANG @ BRE,Brest,6997,2,Angers,7868,0,STATUS_FULL_TIME,Stade Francis-Le Blé,2024-2025,0,3,9,2025
706649,2025-03-09 16:15:00+00:00,Saint-Étienne at Le Havre AC,ASSE @ HAC,Le Havre AC,3236,1,Saint-Étienne,178,1,STATUS_FULL_TIME,Stade Océane,2024-2025,0,3,9,2025
706642,2025-03-09 16:15:00+00:00,Strasbourg at Nantes,STR @ NAN,Nantes,165,0,Strasbourg,180,1,STATUS_FULL_TIME,La Beaujoire-Louis-Fonteneau,2024-2025,0,3,9,2025
706644,2025-03-09 16:15:00+00:00,AJ Auxerre at Stade de Reims,AUX @ REIM,Stade de Reims,3243,0,AJ Auxerre,172,2,STATUS_FULL_TIME,Stade Auguste-Delaune II,2024-2025,0,3,9,2025
706643,2025-03-09 19:45:00+00:00,Lyon at Nice,LYON @ NICE,Nice,2502,0,Lyon,167,2,STATUS_FULL_TIME,Allianz Riviera,2024-2025,0,3,9,2025
706658,2025-03-14 19:45:00+00:00,AJ Auxerre at Nice,AUX @ NICE,Nice,2502,1,AJ Auxerre,172,1,STATUS_FULL_TIME,Allianz Riviera,2024-2025,0,3,14,2025
706657,2025-03-15 16:00:00+00:00,Lille at Nantes,LILL @ NAN,Nantes,165,1,Lille,166,0,STATUS_FULL_TIME,La Beaujoire-Louis-Fonteneau,2024-2025,0,3,15,2025
706651,2025-03-15 18:00:00+00:00,AS Monaco at Angers,MON @ ANG,Angers,7868,0,AS Monaco,174,2,STATUS_FULL_TIME,Stade Raymond Kopa,2024-2025,0,3,15,2025
706655,2025-03-15 20:05:00+00:00,Stade Rennais at Lens,REN @ RCL,Lens,175,1,Stade Rennais,169,0,STATUS_FULL_TIME,Stade Félix Bollaert-Delélis,2024-2025,0,3,15,2025
706659,2025-03-16 14:00:00+00:00,Le Havre AC at Lyon,HAC @ LYON,Lyon,167,4,Le Havre AC,3236,2,STATUS_FULL_TIME,Groupama Stadium,2024-2025,0,3,16,2025
706656,2025-03-16 16:15:00+00:00,Saint-Étienne at Montpellier,ASSE @ MON,Montpellier,274,0,Saint-Étienne,178,2,STATUS_FULL_TIME,Stade de la Mosson,2024-2025,0,3,16,2025
706653,2025-03-16 16:15:00+00:00,Toulouse at Strasbourg,TOU @ STR,Strasbourg,180,2,Toulouse,179,1,STATUS_FULL_TIME,Stade de la Meinau,2024-2025,0,3,16,2025
706652,2025-03-16 16:15:00+00:00,Stade de Reims at Brest,REIM @ BRE,Brest,6997,0,Stade de Reims,3243,0,STATUS_FULL_TIME,Stade Francis-Le Blé,2024-2025,0,3,16,2025
706654,2025-03-16 19:45:00+00:00,Marseille at Paris Saint-Germain,OLM @ PSG,Paris Saint-Germain,160,3,Marseille,176,1,STATUS_FULL_TIME,Parc des Princes,2024-2025,0,3,16,2025
706661,2025-03-28 19:45:00+00:00,Lyon at Strasbourg,LYON @ STR,Strasbourg,180,4,Lyon,167,2,STATUS_FULL_TIME,Stade de la Meinau,2024-2025,0,3,28,2025
706663,2025-03-29 16:00:00+00:00,Marseille at Stade de Reims,OLM @ REIM,Stade de Reims,3243,3,Marseille,176,1,STATUS_FULL_TIME,Stade Auguste-Delaune II,2024-2025,0,3,29,2025
706662,2025-03-29 18:00:00+00:00,Paris Saint-Germain at Saint-Étienne,PSG @ ASSE,Saint-Étienne,178,1,Paris Saint-Germain,160,6,STATUS_FULL_TIME,Stade Geoffroy-Guichard,2024-2025,0,3,29,2025
706668,2025-03-29 20:05:00+00:00,Nice at AS Monaco,NICE @ MON,AS Monaco,174,2,Nice,2502,1,STATUS_FULL_TIME,Stade Louis II,2024-2025,0,3,29,2025
706664,2025-03-30 13:00:00+00:00,Brest at Toulouse,BRE @ TOU,Toulouse,179,2,Brest,6997,4,STATUS_FULL_TIME,Stadium de Toulouse,2024-2025,0,3,30,2025
706667,2025-03-30 15:15:00+00:00,Montpellier at AJ Auxerre,MON @ AUX,AJ Auxerre,172,1,Montpellier,274,0,STATUS_FULL_TIME,Stade de l'Abbé-Deschamps,2024-2025,0,3,30,2025
706660,2025-03-30 15:15:00+00:00,Stade Rennais at Angers,REN @ ANG,Angers,7868,0,Stade Rennais,169,3,STATUS_FULL_TIME,Stade Raymond Kopa,2024-2025,0,3,30,2025
706666,2025-03-30 15:15:00+00:00,Nantes at Le Havre AC,NAN @ HAC,Le Havre AC,3236,3,Nantes,165,2,STATUS_FULL_TIME,Stade Océane,2024-2025,0,3,30,2025
706665,2025-03-30 18:45:00+00:00,Lens at Lille,RCL @ LILL,Lille,166,1,Lens,175,0,STATUS_FULL_TIME,Decathlon Arena - Stade Pierre-Mauroy,2024-2025,0,3,30,2025
706671,2025-04-04 18:45:00+00:00,Nantes at Nice,NAN @ NICE,Nice,2502,1,Nantes,165,2,STATUS_FULL_TIME,Allianz Riviera,2024-2025,0,4,4,2025
706676,2025-04-05 15:00:00+00:00,Angers at Paris Saint-Germain,ANG @ PSG,Paris Saint-Germain,160,1,Angers,7868,0,STATUS_FULL_TIME,Parc des Princes,2024-2025,0,4,5,2025
706670,2025-04-05 17:00:00+00:00,AS Monaco at Brest,MON @ BRE,Brest,6997,2,AS Monaco,174,1,STATUS_FULL_TIME,Stade Francis-Le Blé,2024-2025,0,4,5,2025
706674,2025-04-05 19:05:00+00:00,Lille at Lyon,LILL @ LYON,Lyon,167,2,Lille,166,1,STATUS_FULL_TIME,Groupama Stadium,2024-2025,0,4,5,2025
706675,2025-04-06 13:00:00+00:00,Saint-Étienne at Lens,ASSE @ RCL,Lens,175,1,Saint-Étienne,178,0,STATUS_FULL_TIME,Stade Félix Bollaert-Delélis,2024-2025,0,4,6,2025
706672,2025-04-06 15:15:00+00:00,Le Havre AC at Montpellier,HAC @ MON,Montpellier,274,0,Le Havre AC,3236,2,STATUS_FULL_TIME,Stade de la Mosson,2024-2025,0,4,6,2025
706669,2025-04-06 15:15:00+00:00,Strasbourg at Stade de Reims,STR @ REIM,Stade de Reims,3243,0,Strasbourg,180,1,STATUS_FULL_TIME,Stade Auguste-Delaune II,2024-2025,0,4,6,2025
706673,2025-04-06 15:15:00+00:00,AJ Auxerre at Stade Rennais,AUX @ REN,Stade Rennais,169,0,AJ Auxerre,172,1,STATUS_FULL_TIME,Roazhon Park,2024-2025,0,4,6,2025
706677,2025-04-06 18:45:00+00:00,Toulouse at Marseille,TOU @ OLM,Marseille,176,3,Toulouse,179,2,STATUS_FULL_TIME,Orange Vélodrome,2024-2025,0,4,6,2025
706680,2025-04-11 18:45:00+00:00,Stade de Reims at Lens,REIM @ RCL,Lens,175,0,Stade de Reims,3243,2,STATUS_FULL_TIME,Stade Félix Bollaert-Delélis,2024-2025,0,4,11,2025
706681,2025-04-12 15:00:00+00:00,Marseille at AS Monaco,OLM @ MON,AS Monaco,174,3,Marseille,176,0,STATUS_FULL_TIME,Stade Louis II,2024-2025,0,4,12,2025
706682,2025-04-12 17:00:00+00:00,Lille at Toulouse,LILL @ TOU,Toulouse,179,1,Lille,166,2,STATUS_FULL_TIME,Stadium de Toulouse,2024-2025,0,4,12,2025
706684,2025-04-12 19:05:00+00:00,Nice at Strasbourg,NICE @ STR,Strasbourg,180,2,Nice,2502,2,STATUS_FULL_TIME,Stade de la Meinau,2024-2025,0,4,12,2025
706683,2025-04-13 13:00:00+00:00,Brest at Saint-Étienne,BRE @ ASSE,Saint-Étienne,178,3,Brest,6997,3,STATUS_FULL_TIME,Stade Geoffroy-Guichard,2024-2025,0,4,13,2025
706685,2025-04-13 15:15:00+00:00,Montpellier at Angers,MON @ ANG,Angers,7868,2,Montpellier,274,0,STATUS_FULL_TIME,Stade Raymond Kopa,2024-2025,0,4,13,2025
706679,2025-04-13 15:15:00+00:00,Stade Rennais at Le Havre AC,REN @ HAC,Le Havre AC,3236,1,Stade Rennais,169,5,STATUS_FULL_TIME,Stade Océane,2024-2025,0,4,13,2025
706678,2025-04-13 18:45:00+00:00,Lyon at AJ Auxerre,LYON @ AUX,AJ Auxerre,172,1,Lyon,167,3,STATUS_FULL_TIME,Stade de l'Abbé-Deschamps,2024-2025,0,4,13,2025
706694,2025-04-18 18:45:00+00:00,Nantes at Stade Rennais,NAN @ REN,Stade Rennais,169,2,Nantes,165,1,STATUS_FULL_TIME,Roazhon Park,2024-2025,0,4,18,2025
706690,2025-04-19 15:00:00+00:00,Le Havre AC at Paris Saint-Germain,HAC @ PSG,Paris Saint-Germain,160,2,Le Havre AC,3236,1,STATUS_FULL_TIME,Parc des Princes,2024-2025,0,4,19,2025
706688,2025-04-19 17:00:00+00:00,Strasbourg at AS Monaco,STR @ MON,AS Monaco,174,0,Strasbourg,180,0,STATUS_FULL_TIME,Stade Louis II,2024-2025,0,4,19,2025
706687,2025-04-19 19:05:00+00:00,Montpellier at Marseille,MON @ OLM,Marseille,176,5,Montpellier,274,1,STATUS_FULL_TIME,Orange Vélodrome,2024-2025,0,4,19,2025
706692,2025-04-20 13:00:00+00:00,AJ Auxerre at Lille,AUX @ LILL,Lille,166,3,AJ Auxerre,172,1,STATUS_FULL_TIME,Decathlon Arena - Stade Pierre-Mauroy,2024-2025,0,4,20,2025
706695,2025-04-20 15:15:00+00:00,Lens at Brest,RCL @ BRE,Brest,6997,1,Lens,175,3,STATUS_FULL_TIME,Stade Francis-Le Blé,2024-2025,0,4,20,2025
706689,2025-04-20 15:15:00+00:00,Angers at Nice,ANG @ NICE,Nice,2502,2,Angers,7868,1,STATUS_FULL_TIME,Allianz Riviera,2024-2025,0,4,20,2025
706691,2025-04-20 15:15:00+00:00,Toulouse at Stade de Reims,TOU @ REIM,Stade de Reims,3243,1,Toulouse,179,0,STATUS_FULL_TIME,Stade Auguste-Delaune II,2024-2025,0,4,20,2025
706693,2025-04-20 18:45:00+00:00,Lyon at Saint-Étienne,LYON @ ASSE,Saint-Étienne,178,2,Lyon,167,1,STATUS_FULL_TIME,Stade Geoffroy-Guichard,2024-2025,0,4,20,2025
706686,2025-04-22 18:45:00+00:00,Paris Saint-Germain at Nantes,PSG @ NAN,Nantes,165,1,Paris Saint-Germain,160,1,STATUS_FULL_TIME,La Beaujoire-Louis-Fonteneau,2024-2025,0,4,22,2025
706700,2025-04-25 18:45:00+00:00,Nice at Paris Saint-Germain,NICE @ PSG,Paris Saint-Germain,160,1,Nice,2502,3,STATUS_FULL_TIME,Parc des Princes,2024-2025,0,4,25,2025
706701,2025-04-26 15:00:00+00:00,Saint-Étienne at Strasbourg,ASSE @ STR,Strasbourg,180,3,Saint-Étienne,178,1,STATUS_FULL_TIME,Stade de la Meinau,2024-2025,0,4,26,2025
706698,2025-04-26 17:00:00+00:00,AS Monaco at Le Havre AC,MON @ HAC,Le Havre AC,3236,1,AS Monaco,174,1,STATUS_FULL_TIME,Stade Océane,2024-2025,0,4,26,2025
706704,2025-04-26 19:05:00+00:00,Stade Rennais at Lyon,REN @ LYON,Lyon,167,4,Stade Rennais,169,1,STATUS_FULL_TIME,Groupama Stadium,2024-2025,0,4,26,2025
706696,2025-04-27 13:00:00+00:00,Lille at Angers,LILL @ ANG,Angers,7868,0,Lille,166,2,STATUS_FULL_TIME,Stade Raymond Kopa,2024-2025,0,4,27,2025
706699,2025-04-27 15:15:00+00:00,AJ Auxerre at Lens,AUX @ RCL,Lens,175,0,AJ Auxerre,172,4,STATUS_FULL_TIME,Stade Félix Bollaert-Delélis,2024-2025,0,4,27,2025
706702,2025-04-27 15:15:00+00:00,Stade de Reims at Montpellier,REIM @ MON,Montpellier,274,0,Stade de Reims,3243,0,STATUS_FULL_TIME,Stade de la Mosson,2024-2025,0,4,27,2025
706703,2025-04-27 15:15:00+00:00,Toulouse at Nantes,TOU @ NAN,Nantes,165,0,Toulouse,179,0,STATUS_FULL_TIME,La Beaujoire-Louis-Fonteneau,2024-2025,0,4,27,2025
706697,2025-04-27 18:45:00+00:00,Brest at Marseille,BRE @ OLM,Marseille,176,4,Brest,6997,1,STATUS_FULL_TIME,Orange Vélodrome,2024-2025,0,4,27,2025
706707,2025-05-02 18:45:00+00:00,Stade de Reims at Nice,REIM @ NICE,Nice,2502,1,Stade de Reims,3243,0,STATUS_FULL_TIME,Allianz Riviera,2024-2025,0,5,2,2025
706711,2025-05-03 15:00:00+00:00,Paris Saint-Germain at Strasbourg,PSG @ STR,Strasbourg,180,2,Paris Saint-Germain,160,1,STATUS_FULL_TIME,Stade de la Meinau,2024-2025,0,5,3,2025
706708,2025-05-03 17:00:00+00:00,Stade Rennais at Toulouse,REN @ TOU,Toulouse,179,2,Stade Rennais,169,1,STATUS_FULL_TIME,Stadium de Toulouse,2024-2025,0,5,3,2025
706706,2025-05-03 19:05:00+00:00,AS Monaco at Saint-Étienne,MON @ ASSE,Saint-Étienne,178,1,AS Monaco,174,3,STATUS_FULL_TIME,Stade Geoffroy-Guichard,2024-2025,0,5,3,2025
706705,2025-05-04 13:00:00+00:00,Angers at Nantes,ANG @ NAN,Nantes,165,0,Angers,7868,1,STATUS_FULL_TIME,La Beaujoire-Louis-Fonteneau,2024-2025,0,5,4,2025
706712,2025-05-04 15:15:00+00:00,Lens at Lyon,RCL @ LYON,Lyon,167,1,Lens,175,2,STATUS_FULL_TIME,Groupama Stadium,2024-2025,0,5,4,2025
706709,2025-05-04 15:15:00+00:00,Le Havre AC at AJ Auxerre,HAC @ AUX,AJ Auxerre,172,1,Le Havre AC,3236,2,STATUS_FULL_TIME,Stade de l'Abbé-Deschamps,2024-2025,0,5,4,2025
706710,2025-05-04 15:15:00+00:00,Montpellier at Brest,MON @ BRE,Brest,6997,1,Montpellier,274,0,STATUS_FULL_TIME,Stade Francis-Le Blé,2024-2025,0,5,4,2025
706713,2025-05-04 18:45:00+00:00,Marseille at Lille,OLM @ LILL,Lille,166,1,Marseille,176,1,STATUS_FULL_TIME,Decathlon Arena - Stade Pierre-Mauroy,2024-2025,0,5,4,2025
706720,2025-05-10 19:00:00+00:00,Nantes at AJ Auxerre,NAN @ AUX,AJ Auxerre,172,1,Nantes,165,1,STATUS_FULL_TIME,Stade de l'Abbé-Deschamps,2024-2025,0,5,10,2025
706721,2025-05-10 19:00:00+00:00,Strasbourg at Angers,STR @ ANG,Angers,7868,2,Strasbourg,180,1,STATUS_FULL_TIME,Stade Raymond Kopa,2024-2025,0,5,10,2025
706718,2025-05-10 19:00:00+00:00,Lyon at AS Monaco,LYON @ MON,AS Monaco,174,2,Lyon,167,0,STATUS_FULL_TIME,Stade Louis II,2024-2025,0,5,10,2025
706722,2025-05-10 19:00:00+00:00,Lille at Brest,LILL @ BRE,Brest,6997,2,Lille,166,0,STATUS_FULL_TIME,Stade Francis-Le Blé,2024-2025,0,5,10,2025
706719,2025-05-10 19:00:00+00:00,Marseille at Le Havre AC,OLM @ HAC,Le Havre AC,3236,1,Marseille,176,3,STATUS_FULL_TIME,Stade Océane,2024-2025,0,5,10,2025
706714,2025-05-10 19:00:00+00:00,Paris Saint-Germain at Montpellier,PSG @ MON,Montpellier,274,1,Paris Saint-Germain,160,4,STATUS_FULL_TIME,Stade de la Mosson,2024-2025,0,5,10,2025
706715,2025-05-10 19:00:00+00:00,Saint-Étienne at Stade de Reims,ASSE @ REIM,Stade de Reims,3243,0,Saint-Étienne,178,2,STATUS_FULL_TIME,Stade Auguste-Delaune II,2024-2025,0,5,10,2025
706716,2025-05-10 19:00:00+00:00,Nice at Stade Rennais,NICE @ REN,Stade Rennais,169,2,Nice,2502,0,STATUS_FULL_TIME,Roazhon Park,2024-2025,0,5,10,2025
706717,2025-05-10 19:00:00+00:00,Lens at Toulouse,RCL @ TOU,Toulouse,179,1,Lens,175,1,STATUS_FULL_TIME,Stadium de Toulouse,2024-2025,0,5,10,2025
706729,2025-05-17 19:00:00+00:00,AS Monaco at Lens,MON @ RCL,Lens,175,4,AS Monaco,174,0,STATUS_FULL_TIME,Stade Félix Bollaert-Delélis,2024-2025,0,5,17,2025
706728,2025-05-17 19:00:00+00:00,Stade de Reims at Lille,REIM @ LILL,Lille,166,2,Stade de Reims,3243,1,STATUS_FULL_TIME,Decathlon Arena - Stade Pierre-Mauroy,2024-2025,0,5,17,2025
706730,2025-05-17 19:00:00+00:00,Montpellier at Nantes,MON @ NAN,Nantes,165,3,Montpellier,274,0,STATUS_FULL_TIME,La Beaujoire-Louis-Fonteneau,2024-2025,0,5,17,2025
706726,2025-05-17 19:00:00+00:00,Stade Rennais at Marseille,REN @ OLM,Marseille,176,4,Stade Rennais,169,2,STATUS_FULL_TIME,Orange Vélodrome,2024-2025,0,5,17,2025
706727,2025-05-17 19:00:00+00:00,Toulouse at Saint-Étienne,TOU @ ASSE,Saint-Étienne,178,2,Toulouse,179,3,STATUS_FULL_TIME,Stade Geoffroy-Guichard,2024-2025,0,5,17,2025
706723,2025-05-17 19:00:00+00:00,Brest at Nice,BRE @ NICE,Nice,2502,6,Brest,6997,0,STATUS_FULL_TIME,Allianz Riviera,2024-2025,0,5,17,2025
706724,2025-05-17 19:00:00+00:00,AJ Auxerre at Paris Saint-Germain,AUX @ PSG,Paris Saint-Germain,160,3,AJ Auxerre,172,1,STATUS_FULL_TIME,Parc des Princes,2024-2025,0,5,17,2025
706731,2025-05-17 19:00:00+00:00,Angers at Lyon,ANG @ LYON,Lyon,167,2,Angers,7868,0,STATUS_FULL_TIME,Groupama Stadium,2024-2025,0,5,17,2025
706725,2025-05-17 19:00:00+00:00,Le Havre AC at Strasbourg,HAC @ STR,Strasbourg,180,2,Le Havre AC,3236,3,STATUS_FULL_TIME,Stade de la Meinau,2024-2025,0,5,17,2025
746420,2025-08-15 18:45:00+00:00,Marseille at Stade Rennais,OLM @ REN,Stade Rennais,169,1,Marseille,176,0,STATUS_FULL_TIME,Roazhon Park,2025-2026,0,8,15,2025
746415,2025-08-16 15:00:00+00:00,Lyon at Lens,LYON @ RCL,Lens,175,0,Lyon,167,1,STATUS_FULL_TIME,Stade Félix Bollaert-Delélis,2025-2026,0,8,16,2025
746417,2025-08-16 17:00:00+00:00,Le Havre AC at AS Monaco,HAC @ MON,AS Monaco,174,3,Le Havre AC,3236,1,STATUS_FULL_TIME,Stade Louis II,2025-2026,0,8,16,2025
746419,2025-08-16 19:05:00+00:00,Toulouse at Nice,TOU @ NICE,Nice,2502,0,Toulouse,179,1,STATUS_FULL_TIME,Allianz Riviera,2025-2026,0,8,16,2025
746414,2025-08-17 13:00:00+00:00,Lille at Brest,LILL @ BRE,Brest,6997,3,Lille,166,3,STATUS_FULL_TIME,Stade Francis-Le Blé,2025-2026,0,8,17,2025
746413,2025-08-17 15:15:00+00:00,Lorient at AJ Auxerre,LOR @ AUX,AJ Auxerre,172,1,Lorient,273,0,STATUS_FULL_TIME,Stade de l'Abbé-Deschamps,2025-2026,0,8,17,2025
746412,2025-08-17 15:15:00+00:00,Paris FC at Angers,PAR @ ANG,Angers,7868,1,Paris FC,6851,0,STATUS_FULL_TIME,Stade Raymond Kopa,2025-2026,0,8,17,2025
746416,2025-08-17 15:15:00+00:00,Strasbourg at Metz,STR @ METZ,Metz,177,0,Strasbourg,180,1,STATUS_FULL_TIME,Stade Saint-Symphorien,2025-2026,0,8,17,2025
746418,2025-08-17 18:45:00+00:00,Paris Saint-Germain at Nantes,PSG @ NAN,Nantes,165,0,Paris Saint-Germain,160,1,STATUS_FULL_TIME,La Beaujoire-Louis-Fonteneau,2025-2026,0,8,17,2025
746427,2025-08-22 18:45:00+00:00,Angers at Paris Saint-Germain,ANG @ PSG,Paris Saint-Germain,160,1,Angers,7868,0,STATUS_FULL_TIME,Parc des Princes,2025-2026,0,8,22,2025
746425,2025-08-23 15:00:00+00:00,Paris FC at Marseille,PAR @ OLM,Marseille,176,5,Paris FC,6851,2,STATUS_FULL_TIME,Orange Vélodrome,2025-2026,0,8,23,2025
746426,2025-08-23 17:00:00+00:00,AJ Auxerre at Nice,AUX @ NICE,Nice,2502,3,AJ Auxerre,172,1,STATUS_FULL_TIME,Allianz Riviera,2025-2026,0,8,23,2025
746424,2025-08-23 19:05:00+00:00,Metz at Lyon,METZ @ LYON,Lyon,167,3,Metz,177,0,STATUS_FULL_TIME,Groupama Stadium,2025-2026,0,8,23,2025
746423,2025-08-24 13:00:00+00:00,Stade Rennais at Lorient,REN @ LOR,Lorient,273,4,Stade Rennais,169,0,STATUS_FULL_TIME,Stade du Moustoir - Yves Allainmat,2025-2026,0,8,24,2025
746421,2025-08-24 15:15:00+00:00,Lens at Le Havre AC,RCL @ HAC,Le Havre AC,3236,1,Lens,175,2,STATUS_FULL_TIME,Stade Océane,2025-2026,0,8,24,2025
746428,2025-08-24 15:15:00+00:00,Nantes at Strasbourg,NAN @ STR,Strasbourg,180,1,Nantes,165,0,STATUS_FULL_TIME,Stade de la Meinau,2025-2026,0,8,24,2025
746429,2025-08-24 15:15:00+00:00,Brest at Toulouse,BRE @ TOU,Toulouse,179,2,Brest,6997,0,STATUS_FULL_TIME,Stadium de Toulouse,2025-2026,0,8,24,2025
746422,2025-08-24 18:45:00+00:00,AS Monaco at Lille,MON @ LILL,Lille,166,1,AS Monaco,174,0,STATUS_FULL_TIME,Decathlon Arena - Stade Pierre-Mauroy,2025-2026,0,8,24,2025
746432,2025-08-29 18:45:00+00:00,Brest at Lens,BRE @ RCL,Lens,175,3,Brest,6997,1,STATUS_FULL_TIME,Stade Félix Bollaert-Delélis,2025-2026,0,8,29,2025
746433,2025-08-30 15:00:00+00:00,Lille at Lorient,LILL @ LOR,Lorient,273,1,Lille,166,7,STATUS_FULL_TIME,Stade du Moustoir - Yves Allainmat,2025-2026,0,8,30,2025
746436,2025-08-30 17:00:00+00:00,AJ Auxerre at Nantes,AUX @ NAN,Nantes,165,1,AJ Auxerre,172,0,STATUS_FULL_TIME,La Beaujoire-Louis-Fonteneau,2025-2026,0,8,30,2025
746437,2025-08-30 19:05:00+00:00,Paris Saint-Germain at Toulouse,PSG @ TOU,Toulouse,179,3,Paris Saint-Germain,160,6,STATUS_FULL_TIME,Stadium de Toulouse,2025-2026,0,8,30,2025
746430,2025-08-31 13:00:00+00:00,Stade Rennais at Angers,REN @ ANG,Angers,7868,1,Stade Rennais,169,1,STATUS_FULL_TIME,Stade Raymond Kopa,2025-2026,0,8,31,2025
746435,2025-08-31 15:15:00+00:00,Strasbourg at AS Monaco,STR @ MON,AS Monaco,174,3,Strasbourg,180,2,STATUS_FULL_TIME,Stade Louis II,2025-2026,0,8,31,2025
746431,2025-08-31 15:15:00+00:00,Nice at Le Havre AC,NICE @ HAC,Le Havre AC,3236,3,Nice,2502,1,STATUS_FULL_TIME,Stade Océane,2025-2026,0,8,31,2025
746434,2025-08-31 15:15:00+00:00,Metz at Paris FC,METZ @ PAR,Paris FC,6851,3,Metz,177,2,STATUS_FULL_TIME,Stade Jean Bouin,2025-2026,0,8,31,2025
746438,2025-08-31 18:45:00+00:00,Marseille at Lyon,OLM @ LYON,Lyon,167,1,Marseille,176,0,STATUS_FULL_TIME,Groupama Stadium,2025-2026,0,8,31,2025
746442,2025-09-12 18:45:00+00:00,Lorient at Marseille,LOR @ OLM,Marseille,176,4,Lorient,273,0,STATUS_FULL_TIME,Orange Vélodrome,2025-2026,0,9,12,2025
746444,2025-09-13 15:00:00+00:00,Nantes at Nice,NAN @ NICE,Nice,2502,1,Nantes,165,0,STATUS_FULL_TIME,Allianz Riviera,2025-2026,0,9,13,2025
746439,2025-09-13 19:05:00+00:00,AS Monaco at AJ Auxerre,MON @ AUX,AJ Auxerre,172,1,AS Monaco,174,2,STATUS_FULL_TIME,Stade de l'Abbé-Deschamps,2025-2026,0,9,13,2025
746441,2025-09-14 13:00:00+00:00,Toulouse at Lille,TOU @ LILL,Lille,166,2,Toulouse,179,1,STATUS_FULL_TIME,Decathlon Arena - Stade Pierre-Mauroy,2025-2026,0,9,14,2025
746440,2025-09-14 15:15:00+00:00,Paris FC at Brest,PAR @ BRE,Brest,6997,1,Paris FC,6851,2,STATUS_FULL_TIME,Stade Francis-Le Blé,2025-2026,0,9,14,2025
746443,2025-09-14 15:15:00+00:00,Angers at Metz,ANG @ METZ,Metz,177,1,Angers,7868,1,STATUS_FULL_TIME,Stade Saint-Symphorien,2025-2026,0,9,14,2025
746445,2025-09-14 15:15:00+00:00,Lens at Paris Saint-Germain,RCL @ PSG,Paris Saint-Germain,160,2,Lens,175,0,STATUS_FULL_TIME,Parc des Princes,2025-2026,0,9,14,2025
746447,2025-09-14 15:15:00+00:00,Le Havre AC at Strasbourg,HAC @ STR,Strasbourg,180,1,Le Havre AC,3236,0,STATUS_FULL_TIME,Stade de la Meinau,2025-2026,0,9,14,2025
746446,2025-09-14 18:45:00+00:00,Lyon at Stade Rennais,LYON @ REN,Stade Rennais,169,3,Lyon,167,1,STATUS_FULL_TIME,Roazhon Park,2025-2026,0,9,14,2025
746452,2025-09-19 18:45:00+00:00,Angers at Lyon,ANG @ LYON,Lyon,167,1,Angers,7868,0,STATUS_FULL_TIME,Groupama Stadium,2025-2026,0,9,19,2025
746455,2025-09-20 15:00:00+00:00,Stade Rennais at Nantes,REN @ NAN,Nantes,165,2,Stade Rennais,169,2,STATUS_FULL_TIME,La Beaujoire-Louis-Fonteneau,2025-2026,0,9,20,2025
746449,2025-09-20 17:00:00+00:00,Nice at Brest,NICE @ BRE,Brest,6997,4,Nice,2502,1,STATUS_FULL_TIME,Stade Francis-Le Blé,2025-2026,0,9,20,2025
746451,2025-09-20 19:05:00+00:00,Lille at Lens,LILL @ RCL,Lens,175,3,Lille,166,0,STATUS_FULL_TIME,Stade Félix Bollaert-Delélis,2025-2026,0,9,20,2025
746456,2025-09-21 13:00:00+00:00,Strasbourg at Paris FC,STR @ PAR,Paris FC,6851,2,Strasbourg,180,3,STATUS_FULL_TIME,Stade Jean Bouin,2025-2026,0,9,21,2025
746448,2025-09-21 15:15:00+00:00,Toulouse at AJ Auxerre,TOU @ AUX,AJ Auxerre,172,1,Toulouse,179,0,STATUS_FULL_TIME,Stade de l'Abbé-Deschamps,2025-2026,0,9,21,2025
746454,2025-09-21 15:15:00+00:00,Metz at AS Monaco,METZ @ MON,AS Monaco,174,5,Metz,177,2,STATUS_FULL_TIME,Stade Louis II,2025-2026,0,9,21,2025
746450,2025-09-21 15:15:00+00:00,Lorient at Le Havre AC,LOR @ HAC,Le Havre AC,3236,1,Lorient,273,1,STATUS_FULL_TIME,Stade Océane,2025-2026,0,9,21,2025
746453,2025-09-22 18:00:00+00:00,Paris Saint-Germain at Marseille,PSG @ OLM,Marseille,176,1,Paris Saint-Germain,160,0,STATUS_FULL_TIME,Orange Vélodrome,2025-2026,0,9,22,2025
746461,2025-09-26 18:45:00+00:00,Marseille at Strasbourg,OLM @ STR,Strasbourg,180,1,Marseille,176,2,STATUS_FULL_TIME,Stade de la Meinau,2025-2026,0,9,26,2025
746459,2025-09-27 15:00:00+00:00,AS Monaco at Lorient,MON @ LOR,Lorient,273,3,AS Monaco,174,1,STATUS_FULL_TIME,Stade du Moustoir - Yves Allainmat,2025-2026,0,9,27,2025
746464,2025-09-27 17:00:00+00:00,Nantes at Toulouse,NAN @ TOU,Toulouse,179,2,Nantes,165,2,STATUS_FULL_TIME,Stadium de Toulouse,2025-2026,0,9,27,2025
746462,2025-09-27 19:05:00+00:00,AJ Auxerre at Paris Saint-Germain,AUX @ PSG,Paris Saint-Germain,160,2,AJ Auxerre,172,0,STATUS_FULL_TIME,Parc des Princes,2025-2026,0,9,27,2025
746465,2025-09-28 13:00:00+00:00,Paris FC at Nice,PAR @ NICE,Nice,2502,1,Paris FC,6851,1,STATUS_FULL_TIME,Allianz Riviera,2025-2026,0,9,28,2025
746458,2025-09-28 15:15:00+00:00,Lyon at Lille,LYON @ LILL,Lille,166,0,Lyon,167,1,STATUS_FULL_TIME,Decathlon Arena - Stade Pierre-Mauroy,2025-2026,0,9,28,2025
746460,2025-09-28 15:15:00+00:00,Le Havre AC at Metz,HAC @ METZ,Metz,177,0,Le Havre AC,3236,0,STATUS_FULL_TIME,Stade Saint-Symphorien,2025-2026,0,9,28,2025
746457,2025-09-28 15:15:00+00:00,Brest at Angers,BRE @ ANG,Angers,7868,0,Brest,6997,2,STATUS_FULL_TIME,Stade Raymond Kopa,2025-2026,0,9,28,2025
746463,2025-09-28 18:45:00+00:00,Lens at Stade Rennais,RCL @ REN,Stade Rennais,169,0,Lens,175,0,STATUS_FULL_TIME,Roazhon Park,2025-2026,0,9,28,2025
746473,2025-10-03 18:45:00+00:00,Lorient at Paris FC,LOR @ PAR,Paris FC,6851,2,Lorient,273,0,STATUS_FULL_TIME,Stade Jean Bouin,2025-2026,0,10,3,2025
746471,2025-10-04 15:00:00+00:00,Marseille at Metz,OLM @ METZ,Metz,177,0,Marseille,176,3,STATUS_FULL_TIME,Stade Saint-Symphorien,2025-2026,0,10,4,2025
746467,2025-10-04 17:00:00+00:00,Nantes at Brest,NAN @ BRE,Brest,6997,0,Nantes,165,0,STATUS_FULL_TIME,Stade Francis-Le Blé,2025-2026,0,10,4,2025
746466,2025-10-04 19:05:00+00:00,Lens at AJ Auxerre,RCL @ AUX,AJ Auxerre,172,1,Lens,175,2,STATUS_FULL_TIME,Stade de l'Abbé-Deschamps,2025-2026,0,10,4,2025
746470,2025-10-05 13:00:00+00:00,Toulouse at Lyon,TOU @ LYON,Lyon,167,1,Toulouse,179,2,STATUS_FULL_TIME,Groupama Stadium,2025-2026,0,10,5,2025
746472,2025-10-05 15:15:00+00:00,Nice at AS Monaco,NICE @ MON,AS Monaco,174,2,Nice,2502,2,STATUS_FULL_TIME,Stade Louis II,2025-2026,0,10,5,2025
746468,2025-10-05 15:15:00+00:00,Stade Rennais at Le Havre AC,REN @ HAC,Le Havre AC,3236,2,Stade Rennais,169,2,STATUS_FULL_TIME,Stade Océane,2025-2026,0,10,5,2025
746474,2025-10-05 15:15:00+00:00,Angers at Strasbourg,ANG @ STR,Strasbourg,180,5,Angers,7868,0,STATUS_FULL_TIME,Stade de la Meinau,2025-2026,0,10,5,2025
746469,2025-10-05 18:45:00+00:00,Paris Saint-Germain at Lille,PSG @ LILL,Lille,166,1,Paris Saint-Germain,160,1,STATUS_FULL_TIME,Decathlon Arena - Stade Pierre-Mauroy,2025-2026,0,10,5,2025
746483,2025-10-17 18:45:00+00:00,Strasbourg at Paris Saint-Germain,STR @ PSG,Paris Saint-Germain,160,3,Strasbourg,180,3,STATUS_FULL_TIME,Parc des Princes,2025-2026,0,10,17,2025
746480,2025-10-18 15:00:00+00:00,Lyon at Nice,LYON @ NICE,Nice,2502,3,Lyon,167,2,STATUS_FULL_TIME,Allianz Riviera,2025-2026,0,10,18,2025
746477,2025-10-18 17:00:00+00:00,AS Monaco at Angers,MON @ ANG,Angers,7868,1,AS Monaco,174,1,STATUS_FULL_TIME,Stade Raymond Kopa,2025-2026,0,10,18,2025
746478,2025-10-18 19:05:00+00:00,Le Havre AC at Marseille,HAC @ OLM,Marseille,176,6,Le Havre AC,3236,2,STATUS_FULL_TIME,Orange Vélodrome,2025-2026,0,10,18,2025
746476,2025-10-19 13:00:00+00:00,Paris FC at Lens,PAR @ RCL,Lens,175,2,Paris FC,6851,1,STATUS_FULL_TIME,Stade Félix Bollaert-Delélis,2025-2026,0,10,19,2025
746475,2025-10-19 15:15:00+00:00,Brest at Lorient,BRE @ LOR,Lorient,273,3,Brest,6997,3,STATUS_FULL_TIME,Stade du Moustoir - Yves Allainmat,2025-2026,0,10,19,2025
746482,2025-10-19 15:15:00+00:00,AJ Auxerre at Stade Rennais,AUX @ REN,Stade Rennais,169,2,AJ Auxerre,172,2,STATUS_FULL_TIME,Roazhon Park,2025-2026,0,10,19,2025
746481,2025-10-19 15:15:00+00:00,Metz at Toulouse,METZ @ TOU,Toulouse,179,4,Metz,177,0,STATUS_FULL_TIME,Stadium de Toulouse,2025-2026,0,10,19,2025
746479,2025-10-19 18:45:00+00:00,Lille at Nantes,LILL @ NAN,Nantes,165,0,Lille,166,2,STATUS_FULL_TIME,Stade de la Beaujoire,2025-2026,0,10,19,2025
746491,2025-10-24 18:45:00+00:00,Nantes at Paris FC,NAN @ PAR,Paris FC,6851,1,Nantes,165,2,STATUS_FULL_TIME,Stade Jean Bouin,2025-2026,0,10,24,2025
746486,2025-10-25 15:00:00+00:00,Paris Saint-Germain at Brest,PSG @ BRE,Brest,6997,0,Paris Saint-Germain,160,3,STATUS_FULL_TIME,Stade Francis-Le Blé,2025-2026,0,10,25,2025
746490,2025-10-25 17:00:00+00:00,Toulouse at AS Monaco,TOU @ MON,AS Monaco,174,1,Toulouse,179,0,STATUS_FULL_TIME,Stade Louis II,2025-2026,0,10,25,2025
746488,2025-10-25 19:05:00+00:00,Marseille at Lens,OLM @ RCL,Lens,175,2,Marseille,176,1,STATUS_FULL_TIME,Stade Félix Bollaert-Delélis,2025-2026,0,10,25,2025
746492,2025-10-26 14:00:00+00:00,Metz at Lille,METZ @ LILL,Lille,166,6,Metz,177,1,STATUS_FULL_TIME,Decathlon Arena - Stade Pierre-Mauroy,2025-2026,0,10,26,2025
746485,2025-10-26 16:15:00+00:00,Le Havre AC at AJ Auxerre,HAC @ AUX,AJ Auxerre,172,0,Le Havre AC,3236,1,STATUS_FULL_TIME,Stade de l'Abbé-Deschamps,2025-2026,0,10,26,2025
746484,2025-10-26 16:15:00+00:00,Lorient at Angers,LOR @ ANG,Angers,7868,2,Lorient,273,0,STATUS_FULL_TIME,Stade Raymond Kopa,2025-2026,0,10,26,2025
746487,2025-10-26 16:15:00+00:00,Nice at Stade Rennais,NICE @ REN,Stade Rennais,169,1,Nice,2502,2,STATUS_FULL_TIME,Roazhon Park,2025-2026,0,10,26,2025
746489,2025-10-26 19:45:00+00:00,Strasbourg at Lyon,STR @ LYON,Lyon,167,2,Strasbourg,180,1,STATUS_FULL_TIME,Groupama Stadium,2025-2026,0,10,26,2025
746493,2025-10-29 18:00:00+00:00,Brest at Le Havre AC,BRE @ HAC,Le Havre AC,3236,1,Brest,6997,0,STATUS_FULL_TIME,Stade Océane,2025-2026,0,10,29,2025
746494,2025-10-29 18:00:00+00:00,Paris Saint-Germain at Lorient,PSG @ LOR,Lorient,273,1,Paris Saint-Germain,160,1,STATUS_FULL_TIME,Stade du Moustoir - Yves Allainmat,2025-2026,0,10,29,2025
746496,2025-10-29 18:00:00+00:00,Lens at Metz,RCL @ METZ,Metz,177,2,Lens,175,0,STATUS_FULL_TIME,Stade Saint-Symphorien,2025-2026,0,10,29,2025
746498,2025-10-29 18:00:00+00:00,Lille at Nice,LILL @ NICE,Nice,2502,2,Lille,166,0,STATUS_FULL_TIME,Allianz Riviera,2025-2026,0,10,29,2025
746495,2025-10-29 20:05:00+00:00,Angers at Marseille,ANG @ OLM,Marseille,176,2,Angers,7868,2,STATUS_FULL_TIME,Orange Vélodrome,2025-2026,0,10,29,2025
746497,2025-10-29 20:05:00+00:00,AS Monaco at Nantes,MON @ NAN,Nantes,165,3,AS Monaco,174,5,STATUS_FULL_TIME,La Beaujoire-Louis-Fonteneau,2025-2026,0,10,29,2025
746499,2025-10-29 20:05:00+00:00,Lyon at Paris FC,LYON @ PAR,Paris FC,6851,3,Lyon,167,3,STATUS_FULL_TIME,Stade Jean Bouin,2025-2026,0,10,29,2025
746500,2025-10-29 20:05:00+00:00,AJ Auxerre at Strasbourg,AUX @ STR,Strasbourg,180,3,AJ Auxerre,172,0,STATUS_FULL_TIME,Stade de la Meinau,2025-2026,0,10,29,2025
746501,2025-10-29 20:05:00+00:00,Stade Rennais at Toulouse,REN @ TOU,Toulouse,179,2,Stade Rennais,169,2,STATUS_FULL_TIME,Stadium de Toulouse,2025-2026,0,10,29,2025
746508,2025-11-01 16:00:00+00:00,Nice at Paris Saint-Germain,NICE @ PSG,Paris Saint-Germain,160,1,Nice,2502,0,STATUS_FULL_TIME,Parc des Princes,2025-2026,0,11,1,2025
746506,2025-11-01 18:00:00+00:00,Paris FC at AS Monaco,PAR @ MON,AS Monaco,174,0,Paris FC,6851,1,STATUS_FULL_TIME,Stade Louis II,2025-2026,0,11,1,2025
746502,2025-11-01 20:05:00+00:00,Marseille at AJ Auxerre,OLM @ AUX,AJ Auxerre,172,0,Marseille,176,1,STATUS_FULL_TIME,Stade de l'Abbé-Deschamps,2025-2026,0,11,1,2025
746509,2025-11-02 14:00:00+00:00,Strasbourg at Stade Rennais,STR @ REN,Stade Rennais,169,4,Strasbourg,180,1,STATUS_FULL_TIME,Roazhon Park,2025-2026,0,11,2,2025
746504,2025-11-02 16:15:00+00:00,Lorient at Lens,LOR @ RCL,Lens,175,3,Lorient,273,0,STATUS_FULL_TIME,Stade Félix Bollaert-Delélis,2025-2026,0,11,2,2025
746505,2025-11-02 16:15:00+00:00,Angers at Lille,ANG @ LILL,Lille,166,1,Angers,7868,0,STATUS_FULL_TIME,Decathlon Arena - Stade Pierre-Mauroy,2025-2026,0,11,2,2025
746507,2025-11-02 16:15:00+00:00,Metz at Nantes,METZ @ NAN,Nantes,165,0,Metz,177,2,STATUS_FULL_TIME,La Beaujoire-Louis-Fonteneau,2025-2026,0,11,2,2025
746510,2025-11-02 16:15:00+00:00,Le Havre AC at Toulouse,HAC @ TOU,Toulouse,179,0,Le Havre AC,3236,0,STATUS_FULL_TIME,Stadium de Toulouse,2025-2026,0,11,2,2025
746503,2025-11-02 19:45:00+00:00,Lyon at Brest,LYON @ BRE,Brest,6997,0,Lyon,167,0,STATUS_FULL_TIME,Stade Francis-Le Blé,2025-2026,0,11,2,2025
746518,2025-11-07 19:45:00+00:00,Stade Rennais at Paris FC,REN @ PAR,Paris FC,6851,0,Stade Rennais,169,1,STATUS_FULL_TIME,Stade Jean Bouin,2025-2026,0,11,7,2025
746519,2025-11-08 16:00:00+00:00,Brest at Marseille,BRE @ OLM,Marseille,176,3,Brest,6997,0,STATUS_FULL_TIME,Orange Vélodrome,2025-2026,0,11,8,2025
746512,2025-11-08 18:00:00+00:00,Nantes at Le Havre AC,NAN @ HAC,Le Havre AC,3236,1,Nantes,165,1,STATUS_FULL_TIME,Stade Océane,2025-2026,0,11,8,2025
746517,2025-11-08 20:05:00+00:00,Lens at AS Monaco,RCL @ MON,AS Monaco,174,1,Lens,175,4,STATUS_FULL_TIME,Stade Louis II,2025-2026,0,11,8,2025
746515,2025-11-09 14:00:00+00:00,Toulouse at Lorient,TOU @ LOR,Lorient,273,1,Toulouse,179,1,STATUS_FULL_TIME,Stade du Moustoir - Yves Allainmat,2025-2026,0,11,9,2025
746513,2025-11-09 16:15:00+00:00,Lille at Strasbourg,LILL @ STR,Strasbourg,180,2,Lille,166,0,STATUS_FULL_TIME,Stade de la Meinau,2025-2026,0,11,9,2025
746511,2025-11-09 16:15:00+00:00,AJ Auxerre at Angers,AUX @ ANG,Angers,7868,2,AJ Auxerre,172,0,STATUS_FULL_TIME,Stade Raymond Kopa,2025-2026,0,11,9,2025
746516,2025-11-09 16:15:00+00:00,Nice at Metz,NICE @ METZ,Metz,177,2,Nice,2502,1,STATUS_FULL_TIME,Stade Saint-Symphorien,2025-2026,0,11,9,2025
746514,2025-11-09 19:45:00+00:00,Paris Saint-Germain at Lyon,PSG @ LYON,Lyon,167,2,Paris Saint-Germain,160,3,STATUS_FULL_TIME,Groupama Stadium,2025-2026,0,11,9,2025
746521,2025-11-21 19:45:00+00:00,Marseille at Nice,OLM @ NICE,Nice,2502,1,Marseille,176,5,STATUS_FULL_TIME,Allianz Riviera,2025-2026,0,11,21,2025
746528,2025-11-22 16:00:00+00:00,Strasbourg at Lens,STR @ RCL,Lens,175,1,Strasbourg,180,0,STATUS_FULL_TIME,Stade Bollaert-Delelis,2025-2026,0,11,22,2025
746527,2025-11-22 18:00:00+00:00,AS Monaco at Stade Rennais,MON @ REN,Stade Rennais,169,4,AS Monaco,174,1,STATUS_FULL_TIME,Roazhon Park,2025-2026,0,11,22,2025
746522,2025-11-22 20:05:00+00:00,Le Havre AC at Paris Saint-Germain,HAC @ PSG,Paris Saint-Germain,160,3,Le Havre AC,3236,0,STATUS_FULL_TIME,Parc des Princes,2025-2026,0,11,22,2025
746526,2025-11-23 14:00:00+00:00,Lyon at AJ Auxerre,LYON @ AUX,AJ Auxerre,172,0,Lyon,167,0,STATUS_FULL_TIME,Stade de l'Abbé-Deschamps,2025-2026,0,11,23,2025
746523,2025-11-23 16:15:00+00:00,Metz at Brest,METZ @ BRE,Brest,6997,3,Metz,177,2,STATUS_FULL_TIME,Stade Francis-Le Blé,2025-2026,0,11,23,2025
746520,2025-11-23 16:15:00+00:00,Lorient at Nantes,LOR @ NAN,Nantes,165,1,Lorient,273,1,STATUS_FULL_TIME,Stade de la Beaujoire,2025-2026,0,11,23,2025
746524,2025-11-23 16:15:00+00:00,Angers at Toulouse,ANG @ TOU,Toulouse,179,0,Angers,7868,1,STATUS_FULL_TIME,Stadium Municipal de Toulouse,2025-2026,0,11,23,2025
746525,2025-11-23 19:45:00+00:00,Paris FC at Lille,PAR @ LILL,Lille,166,4,Paris FC,6851,2,STATUS_FULL_TIME,Decathlon Arena - Stade Pierre-Mauroy,2025-2026,0,11,23,2025
746530,2025-11-28 19:45:00+00:00,Stade Rennais at Metz,REN @ METZ,Metz,177,0,Stade Rennais,169,1,STATUS_FULL_TIME,Stade Saint-Symphorien,2025-2026,0,11,28,2025
746535,2025-11-29 16:00:00+00:00,Paris Saint-Germain at AS Monaco,PSG @ MON,AS Monaco,174,1,Paris Saint-Germain,160,0,STATUS_FULL_TIME,Stade Louis II,2025-2026,0,11,29,2025
746532,2025-11-29 18:00:00+00:00,AJ Auxerre at Paris FC,AUX @ PAR,Paris FC,6851,1,AJ Auxerre,172,1,STATUS_FULL_TIME,Stade Jean Bouin,2025-2026,0,11,29,2025
746529,2025-11-29 20:05:00+00:00,Toulouse at Marseille,TOU @ OLM,Marseille,176,2,Toulouse,179,2,STATUS_FULL_TIME,Stade Vélodrome,2025-2026,0,11,29,2025
746537,2025-11-30 14:00:00+00:00,Brest at Strasbourg,BRE @ STR,Strasbourg,180,1,Brest,6997,2,STATUS_FULL_TIME,Stade de la Meinau,2025-2026,0,11,30,2025
746531,2025-11-30 16:15:00+00:00,Lens at Angers,RCL @ ANG,Angers,7868,1,Lens,175,2,STATUS_FULL_TIME,Stade Raymond Kopa,2025-2026,0,11,30,2025
746534,2025-11-30 16:15:00+00:00,Lille at Le Havre AC,LILL @ HAC,Le Havre AC,3236,0,Lille,166,1,STATUS_FULL_TIME,Stade Océane,2025-2026,0,11,30,2025
746533,2025-11-30 16:15:00+00:00,Nice at Lorient,NICE @ LOR,Lorient,273,3,Nice,2502,1,STATUS_FULL_TIME,Stade du Moustoir - Yves Allainmat,2025-2026,0,11,30,2025
746536,2025-11-30 19:45:00+00:00,Nantes at Lyon,NAN @ LYON,Lyon,167,3,Nantes,165,0,STATUS_FULL_TIME,Groupama Stadium,2025-2026,0,11,30,2025
746541,2025-12-05 18:00:00+00:00,AS Monaco at Brest,MON @ BRE,Brest,6997,1,AS Monaco,174,0,STATUS_FULL_TIME,Stade Francis-Le Blé,2025-2026,0,12,5,2025
746539,2025-12-05 20:00:00+00:00,Marseille at Lille,OLM @ LILL,Lille,166,1,Marseille,176,0,STATUS_FULL_TIME,Decathlon Arena - Stade Pierre-Mauroy,2025-2026,0,12,5,2025
746545,2025-12-06 16:00:00+00:00,Lens at Nantes,RCL @ NAN,Nantes,165,1,Lens,175,2,STATUS_FULL_TIME,Stade de la Beaujoire,2025-2026,0,12,6,2025
746546,2025-12-06 18:00:00+00:00,Strasbourg at Toulouse,STR @ TOU,Toulouse,179,1,Strasbourg,180,0,STATUS_FULL_TIME,Stadium Municipal de Toulouse,2025-2026,0,12,6,2025
746543,2025-12-06 20:05:00+00:00,Stade Rennais at Paris Saint-Germain,REN @ PSG,Paris Saint-Germain,160,5,Stade Rennais,169,0,STATUS_FULL_TIME,Parc des Princes,2025-2026,0,12,6,2025
746544,2025-12-07 14:00:00+00:00,Angers at Nice,ANG @ NICE,Nice,2502,0,Angers,7868,1,STATUS_FULL_TIME,Allianz Riviera,2025-2026,0,12,7,2025
746538,2025-12-07 16:15:00+00:00,Metz at AJ Auxerre,METZ @ AUX,AJ Auxerre,172,3,Metz,177,1,STATUS_FULL_TIME,Stade de l'Abbé-Deschamps,2025-2026,0,12,7,2025
746540,2025-12-07 16:15:00+00:00,Paris FC at Le Havre AC,PAR @ HAC,Le Havre AC,3236,0,Paris FC,6851,0,STATUS_FULL_TIME,Stade Océane,2025-2026,0,12,7,2025
746542,2025-12-07 19:45:00+00:00,Lyon at Lorient,LYON @ LOR,Lorient,273,1,Lyon,167,0,STATUS_FULL_TIME,Stade du Moustoir - Yves Allainmat,2025-2026,0,12,7,2025
746547,2025-12-12 19:45:00+00:00,Nantes at Angers,NAN @ ANG,Angers,7868,4,Nantes,165,1,STATUS_FULL_TIME,Stade Raymond Kopa,2025-2026,0,12,12,2025
746554,2025-12-13 16:00:00+00:00,Brest at Stade Rennais,BRE @ REN,Stade Rennais,169,3,Brest,6997,1,STATUS_FULL_TIME,Roazhon Park,2025-2026,0,12,13,2025
746552,2025-12-13 18:00:00+00:00,Paris Saint-Germain at Metz,PSG @ METZ,Metz,177,2,Paris Saint-Germain,160,3,STATUS_FULL_TIME,Stade Saint-Symphorien,2025-2026,0,12,13,2025
746553,2025-12-13 20:05:00+00:00,Toulouse at Paris FC,TOU @ PAR,Paris FC,6851,0,Toulouse,179,3,STATUS_FULL_TIME,Stade Jean Bouin,2025-2026,0,12,13,2025
746550,2025-12-14 14:00:00+00:00,Le Havre AC at Lyon,HAC @ LYON,Lyon,167,1,Le Havre AC,3236,0,STATUS_FULL_TIME,Groupama Stadium,2025-2026,0,12,14,2025
746548,2025-12-14 16:15:00+00:00,Lille at AJ Auxerre,LILL @ AUX,AJ Auxerre,172,3,Lille,166,4,STATUS_FULL_TIME,Stade de l'Abbé-Deschamps,2025-2026,0,12,14,2025
746551,2025-12-14 16:15:00+00:00,Nice at Lens,NICE @ RCL,Lens,175,2,Nice,2502,0,STATUS_FULL_TIME,Stade Bollaert-Delelis,2025-2026,0,12,14,2025
746549,2025-12-14 16:15:00+00:00,Lorient at Strasbourg,LOR @ STR,Strasbourg,180,0,Lorient,273,0,STATUS_FULL_TIME,Stade de la Meinau,2025-2026,0,12,14,2025
746555,2025-12-14 19:45:00+00:00,AS Monaco at Marseille,MON @ OLM,Marseille,176,1,AS Monaco,174,0,STATUS_FULL_TIME,Stade Vélodrome,2025-2026,0,12,14,2025
746564,2026-01-02 19:45:00+00:00,Lens at Toulouse,RCL @ TOU,Toulouse,179,0,Lens,175,3,STATUS_FULL_TIME,Stadium Municipal de Toulouse,2025-2026,0,1,2,2026
746561,2026-01-03 16:00:00+00:00,Lyon at AS Monaco,LYON @ MON,AS Monaco,174,1,Lyon,167,3,STATUS_FULL_TIME,Stade Louis II,2025-2026,0,1,3,2026
746562,2026-01-03 18:00:00+00:00,Strasbourg at Nice,STR @ NICE,Nice,2502,1,Strasbourg,180,1,STATUS_FULL_TIME,Allianz Riviera,2025-2026,0,1,3,2026
746558,2026-01-03 20:05:00+00:00,Stade Rennais at Lille,REN @ LILL,Lille,166,0,Stade Rennais,169,2,STATUS_FULL_TIME,Decathlon Arena - Stade Pierre-Mauroy,2025-2026,0,1,3,2026
746560,2026-01-04 14:00:00+00:00,Nantes at Marseille,NAN @ OLM,Marseille,176,0,Nantes,165,2,STATUS_FULL_TIME,Stade Vélodrome,2025-2026,0,1,4,2026
746556,2026-01-04 16:15:00+00:00,AJ Auxerre at Brest,AUX @ BRE,Brest,6997,2,AJ Auxerre,172,0,STATUS_FULL_TIME,Stade Francis-Le Blé,2025-2026,0,1,4,2026
746557,2026-01-04 16:15:00+00:00,Angers at Le Havre AC,ANG @ HAC,Le Havre AC,3236,2,Angers,7868,1,STATUS_FULL_TIME,Stade Océane,2025-2026,0,1,4,2026
746559,2026-01-04 16:15:00+00:00,Metz at Lorient,METZ @ LOR,Lorient,273,1,Metz,177,1,STATUS_FULL_TIME,Stade du Moustoir - Yves Allainmat,2025-2026,0,1,4,2026
746563,2026-01-04 19:45:00+00:00,Paris FC at Paris Saint-Germain,PAR @ PSG,Paris Saint-Germain,160,2,Paris FC,6851,1,STATUS_FULL_TIME,Parc des Princes,2025-2026,0,1,4,2026
746568,2026-01-16 18:00:00+00:00,Lorient at AS Monaco,LOR @ MON,AS Monaco,174,1,Lorient,273,3,STATUS_FULL_TIME,Stade Louis II,2025-2026,0,1,16,2026
746570,2026-01-16 20:00:00+00:00,Lille at Paris Saint-Germain,LILL @ PSG,Paris Saint-Germain,160,3,Lille,166,0,STATUS_FULL_TIME,Parc des Princes,2025-2026,0,1,16,2026
746566,2026-01-17 16:00:00+00:00,AJ Auxerre at Lens,AUX @ RCL,Lens,175,1,AJ Auxerre,172,0,STATUS_FULL_TIME,Stade Bollaert-Delelis,2025-2026,0,1,17,2026
746573,2026-01-17 18:00:00+00:00,Nice at Toulouse,NICE @ TOU,Toulouse,179,5,Nice,2502,1,STATUS_FULL_TIME,Stadium Municipal de Toulouse,2025-2026,0,1,17,2026
746565,2026-01-17 20:05:00+00:00,Marseille at Angers,OLM @ ANG,Angers,7868,2,Marseille,176,5,STATUS_FULL_TIME,Stade Raymond Kopa,2025-2026,0,1,17,2026
746572,2026-01-18 14:00:00+00:00,Metz at Strasbourg,METZ @ STR,Strasbourg,180,2,Metz,177,1,STATUS_FULL_TIME,Stade de la Meinau,2025-2026,0,1,18,2026
746569,2026-01-18 16:15:00+00:00,Paris FC at Nantes,PAR @ NAN,Nantes,165,1,Paris FC,6851,2,STATUS_FULL_TIME,Stade de la Beaujoire,2025-2026,0,1,18,2026
746571,2026-01-18 16:15:00+00:00,Le Havre AC at Stade Rennais,HAC @ REN,Stade Rennais,169,1,Le Havre AC,3236,1,STATUS_FULL_TIME,Roazhon Park,2025-2026,0,1,18,2026
746567,2026-01-18 19:45:00+00:00,Brest at Lyon,BRE @ LYON,Lyon,167,2,Brest,6997,1,STATUS_FULL_TIME,Groupama Stadium,2025-2026,0,1,18,2026
746574,2026-01-23 19:00:00+00:00,Paris Saint-Germain at AJ Auxerre,PSG @ AUX,AJ Auxerre,172,0,Paris Saint-Germain,160,1,STATUS_FULL_TIME,Stade de l'Abbé-Deschamps,2025-2026,0,1,23,2026
746582,2026-01-24 16:00:00+00:00,Lorient at Stade Rennais,LOR @ REN,Stade Rennais,169,0,Lorient,273,2,STATUS_FULL_TIME,Roazhon Park,2025-2026,0,1,24,2026
746576,2026-01-24 18:00:00+00:00,AS Monaco at Le Havre AC,MON @ HAC,Le Havre AC,3236,0,AS Monaco,174,0,STATUS_FULL_TIME,Stade Océane,2025-2026,0,1,24,2026
746578,2026-01-24 20:05:00+00:00,Lens at Marseille,RCL @ OLM,Marseille,176,3,Lens,175,1,STATUS_FULL_TIME,Stade Vélodrome,2025-2026,0,1,24,2026
746580,2026-01-25 14:00:00+00:00,Nice at Nantes,NICE @ NAN,Nantes,165,1,Nice,2502,4,STATUS_FULL_TIME,Stade de la Beaujoire,2025-2026,0,1,25,2026
746575,2026-01-25 16:15:00+00:00,Toulouse at Brest,TOU @ BRE,Brest,6997,0,Toulouse,179,2,STATUS_FULL_TIME,Stade Francis-Le Blé,2025-2026,0,1,25,2026
746579,2026-01-25 16:15:00+00:00,Lyon at Metz,LYON @ METZ,Metz,177,2,Lyon,167,5,STATUS_FULL_TIME,Stade Saint-Symphorien,2025-2026,0,1,25,2026
746581,2026-01-25 16:15:00+00:00,Angers at Paris FC,ANG @ PAR,Paris FC,6851,0,Angers,7868,0,STATUS_FULL_TIME,Stade Jean Bouin,2025-2026,0,1,25,2026
746577,2026-01-25 19:45:00+00:00,Strasbourg at Lille,STR @ LILL,Lille,166,1,Strasbourg,180,4,STATUS_FULL_TIME,Decathlon Arena - Stade Pierre-Mauroy,2025-2026,0,1,25,2026
746589,2026-01-30 19:45:00+00:00,Le Havre AC at Lens,HAC @ RCL,Lens,175,1,Le Havre AC,3236,0,STATUS_FULL_TIME,Stade Bollaert-Delelis,2025-2026,0,1,30,2026
746586,2026-01-31 16:00:00+00:00,Marseille at Paris FC,OLM @ PAR,Paris FC,6851,2,Marseille,176,2,STATUS_FULL_TIME,Stade Jean Bouin,2025-2026,0,1,31,2026
746587,2026-01-31 18:00:00+00:00,Nantes at Lorient,NAN @ LOR,Lorient,273,2,Nantes,165,1,STATUS_FULL_TIME,Stade du Moustoir - Yves Allainmat,2025-2026,0,1,31,2026
746584,2026-01-31 20:05:00+00:00,Stade Rennais at AS Monaco,REN @ MON,AS Monaco,174,4,Stade Rennais,169,0,STATUS_FULL_TIME,Stade Louis II,2025-2026,0,1,31,2026
746583,2026-02-01 14:00:00+00:00,Lille at Lyon,LILL @ LYON,Lyon,167,1,Lille,166,0,STATUS_FULL_TIME,Groupama Stadium,2025-2026,0,2,1,2026
746590,2026-02-01 16:15:00+00:00,Metz at Angers,METZ @ ANG,Angers,7868,1,Metz,177,0,STATUS_FULL_TIME,Stade Raymond Kopa,2025-2026,0,2,1,2026
746585,2026-02-01 16:15:00+00:00,Brest at Nice,BRE @ NICE,Nice,2502,2,Brest,6997,2,STATUS_FULL_TIME,Allianz Riviera,2025-2026,0,2,1,2026
746588,2026-02-01 16:15:00+00:00,AJ Auxerre at Toulouse,AUX @ TOU,Toulouse,179,0,AJ Auxerre,172,0,STATUS_FULL_TIME,Stadium Municipal de Toulouse,2025-2026,0,2,1,2026
746591,2026-02-01 19:45:00+00:00,Paris Saint-Germain at Strasbourg,PSG @ STR,Strasbourg,180,1,Paris Saint-Germain,160,2,STATUS_FULL_TIME,Stade de la Meinau,2025-2026,0,2,1,2026
746597,2026-02-06 19:45:00+00:00,Lille at Metz,LILL @ METZ,Metz,177,0,Lille,166,0,STATUS_FULL_TIME,Stade Saint-Symphorien,2025-2026,0,2,6,2026
746596,2026-02-07 16:00:00+00:00,Stade Rennais at Lens,REN @ RCL,Lens,175,3,Stade Rennais,169,1,STATUS_FULL_TIME,Stade Bollaert-Delelis,2025-2026,0,2,7,2026
746594,2026-02-07 18:00:00+00:00,Lorient at Brest,LOR @ BRE,Brest,6997,2,Lorient,273,0,STATUS_FULL_TIME,Stade Francis-Le Blé,2025-2026,0,2,7,2026
746598,2026-02-07 20:05:00+00:00,Lyon at Nantes,LYON @ NAN,Nantes,165,0,Lyon,167,1,STATUS_FULL_TIME,Stade de la Beaujoire,2025-2026,0,2,7,2026
746599,2026-02-08 14:00:00+00:00,AS Monaco at Nice,MON @ NICE,Nice,2502,0,AS Monaco,174,0,STATUS_FULL_TIME,Allianz Riviera,2025-2026,0,2,8,2026
746593,2026-02-08 16:15:00+00:00,Paris FC at AJ Auxerre,PAR @ AUX,AJ Auxerre,172,0,Paris FC,6851,0,STATUS_FULL_TIME,Stade de l'Abbé-Deschamps,2025-2026,0,2,8,2026
746592,2026-02-08 16:15:00+00:00,Toulouse at Angers,TOU @ ANG,Angers,7868,1,Toulouse,179,0,STATUS_FULL_TIME,Stade Raymond Kopa,2025-2026,0,2,8,2026
746600,2026-02-08 16:15:00+00:00,Strasbourg at Le Havre AC,STR @ HAC,Le Havre AC,3236,2,Strasbourg,180,1,STATUS_FULL_TIME,Stade Océane,2025-2026,0,2,8,2026
746595,2026-02-08 19:45:00+00:00,Marseille at Paris Saint-Germain,OLM @ PSG,Paris Saint-Germain,160,5,Marseille,176,0,STATUS_FULL_TIME,Parc des Princes,2025-2026,0,2,8,2026
746601,2026-02-13 18:00:00+00:00,Paris Saint-Germain at Stade Rennais,PSG @ REN,Stade Rennais,169,3,Paris Saint-Germain,160,1,STATUS_FULL_TIME,Roazhon Park,2025-2026,0,2,13,2026
746609,2026-02-13 20:05:00+00:00,Nantes at AS Monaco,NAN @ MON,AS Monaco,174,3,Nantes,165,1,STATUS_FULL_TIME,Stade Louis II,2025-2026,0,2,13,2026
746607,2026-02-14 16:00:00+00:00,Strasbourg at Marseille,STR @ OLM,Marseille,176,2,Strasbourg,180,2,STATUS_FULL_TIME,Stade Vélodrome,2025-2026,0,2,14,2026
746604,2026-02-14 18:00:00+00:00,Brest at Lille,BRE @ LILL,Lille,166,1,Brest,6997,1,STATUS_FULL_TIME,Decathlon Arena - Stade Pierre-Mauroy,2025-2026,0,2,14,2026
746602,2026-02-14 20:05:00+00:00,Lens at Paris FC,RCL @ PAR,Paris FC,6851,0,Lens,175,5,STATUS_FULL_TIME,Stade Jean Bouin,2025-2026,0,2,14,2026
746603,2026-02-15 14:00:00+00:00,Toulouse at Le Havre AC,TOU @ HAC,Le Havre AC,3236,2,Toulouse,179,1,STATUS_FULL_TIME,Stade Océane,2025-2026,0,2,15,2026
746605,2026-02-15 16:15:00+00:00,Angers at Lorient,ANG @ LOR,Lorient,273,2,Angers,7868,0,STATUS_FULL_TIME,Stade du Moustoir - Yves Allainmat,2025-2026,0,2,15,2026
746608,2026-02-15 16:15:00+00:00,AJ Auxerre at Metz,AUX @ METZ,Metz,177,1,AJ Auxerre,172,3,STATUS_FULL_TIME,Stade Saint-Symphorien,2025-2026,0,2,15,2026
746606,2026-02-15 19:45:00+00:00,Nice at Lyon,NICE @ LYON,Lyon,167,2,Nice,2502,0,STATUS_FULL_TIME,Groupama Stadium,2025-2026,0,2,15,2026
746613,2026-02-20 19:45:00+00:00,Marseille at Brest,OLM @ BRE,Brest,6997,2,Marseille,176,0,STATUS_FULL_TIME,Stade Francis-Le Blé,2025-2026,0,2,20,2026
746614,2026-02-21 16:00:00+00:00,AS Monaco at Lens,MON @ RCL,Lens,175,2,AS Monaco,174,3,STATUS_FULL_TIME,Stade Bollaert-Delelis,2025-2026,0,2,21,2026
746610,2026-02-21 18:00:00+00:00,Paris FC at Toulouse,PAR @ TOU,Toulouse,179,1,Paris FC,6851,1,STATUS_FULL_TIME,Stadium Municipal de Toulouse,2025-2026,0,2,21,2026
746617,2026-02-21 20:05:00+00:00,Metz at Paris Saint-Germain,METZ @ PSG,Paris Saint-Germain,160,3,Metz,177,0,STATUS_FULL_TIME,Parc des Princes,2025-2026,0,2,21,2026
746612,2026-02-22 14:00:00+00:00,Stade Rennais at AJ Auxerre,REN @ AUX,AJ Auxerre,172,0,Stade Rennais,169,3,STATUS_FULL_TIME,Stade de l'Abbé-Deschamps,2025-2026,0,2,22,2026
746615,2026-02-22 16:15:00+00:00,Le Havre AC at Nantes,HAC @ NAN,Nantes,165,2,Le Havre AC,3236,0,STATUS_FULL_TIME,Stade de la Beaujoire,2025-2026,0,2,22,2026
746616,2026-02-22 16:15:00+00:00,Lorient at Nice,LOR @ NICE,Nice,2502,3,Lorient,273,3,STATUS_FULL_TIME,Allianz Riviera,2025-2026,0,2,22,2026
746611,2026-02-22 16:15:00+00:00,Lille at Angers,LILL @ ANG,Angers,7868,0,Lille,166,1,STATUS_FULL_TIME,Stade Raymond Kopa,2025-2026,0,2,22,2026
746618,2026-02-22 19:45:00+00:00,Lyon at Strasbourg,LYON @ STR,Strasbourg,180,3,Lyon,167,1,STATUS_FULL_TIME,Stade de la Meinau,2025-2026,0,2,22,2026
746622,2026-02-27 19:45:00+00:00,Lens at Strasbourg,RCL @ STR,Strasbourg,180,1,Lens,175,1,STATUS_FULL_TIME,Stade de la Meinau,2025-2026,0,2,27,2026
746626,2026-02-28 16:00:00+00:00,Toulouse at Stade Rennais,TOU @ REN,Stade Rennais,169,1,Toulouse,179,0,STATUS_FULL_TIME,Roazhon Park,2025-2026,0,2,28,2026
746624,2026-02-28 18:00:00+00:00,Angers at AS Monaco,ANG @ MON,AS Monaco,174,2,Angers,7868,0,STATUS_FULL_TIME,Stade Louis II,2025-2026,0,2,28,2026
746619,2026-02-28 20:05:00+00:00,Paris Saint-Germain at Le Havre AC,PSG @ HAC,Le Havre AC,3236,0,Paris Saint-Germain,160,1,STATUS_FULL_TIME,Stade Océane,2025-2026,0,2,28,2026
746625,2026-03-01 14:00:00+00:00,Nice at Paris FC,NICE @ PAR,Paris FC,6851,1,Nice,2502,0,STATUS_FULL_TIME,Stade Jean Bouin,2025-2026,0,3,1,2026
746620,2026-03-01 16:15:00+00:00,Nantes at Lille,NAN @ LILL,Lille,166,1,Nantes,165,0,STATUS_FULL_TIME,Decathlon Arena - Stade Pierre-Mauroy,2025-2026,0,3,1,2026
746621,2026-03-01 16:15:00+00:00,AJ Auxerre at Lorient,AUX @ LOR,Lorient,273,2,AJ Auxerre,172,2,STATUS_FULL_TIME,Stade du Moustoir - Yves Allainmat,2025-2026,0,3,1,2026
746627,2026-03-01 16:15:00+00:00,Brest at Metz,BRE @ METZ,Metz,177,0,Brest,6997,1,STATUS_FULL_TIME,Stade Saint-Symphorien,2025-2026,0,3,1,2026
746623,2026-03-01 19:45:00+00:00,Lyon at Marseille,LYON @ OLM,Marseille,176,3,Lyon,167,2,STATUS_FULL_TIME,Stade Vélodrome,2025-2026,0,3,1,2026
746635,2026-03-06 19:45:00+00:00,AS Monaco at Paris Saint-Germain,MON @ PSG,Paris Saint-Germain,160,1,AS Monaco,174,3,STATUS_FULL_TIME,Parc des Princes,2025-2026,0,3,6,2026
746633,2026-03-07 16:00:00+00:00,Angers at Nantes,ANG @ NAN,Nantes,165,0,Angers,7868,1,STATUS_FULL_TIME,Stade de la Beaujoire,2025-2026,0,3,7,2026
746628,2026-03-07 18:00:00+00:00,Strasbourg at AJ Auxerre,STR @ AUX,AJ Auxerre,172,0,Strasbourg,180,0,STATUS_FULL_TIME,Stade de l'Abbé-Deschamps,2025-2026,0,3,7,2026
746636,2026-03-07 20:05:00+00:00,Marseille at Toulouse,OLM @ TOU,Toulouse,179,0,Marseille,176,1,STATUS_FULL_TIME,Stadium Municipal de Toulouse,2025-2026,0,3,7,2026
746630,2026-03-08 14:00:00+00:00,Metz at Lens,METZ @ RCL,Lens,175,3,Metz,177,0,STATUS_FULL_TIME,Stade Bollaert-Delelis,2025-2026,0,3,8,2026
746629,2026-03-08 16:15:00+00:00,Le Havre AC at Brest,HAC @ BRE,Brest,6997,2,Le Havre AC,3236,0,STATUS_FULL_TIME,Stade Francis-Le Blé,2025-2026,0,3,8,2026
746631,2026-03-08 16:15:00+00:00,Lorient at Lille,LOR @ LILL,Lille,166,1,Lorient,273,1,STATUS_FULL_TIME,Decathlon Arena - Stade Pierre-Mauroy,2025-2026,0,3,8,2026
746634,2026-03-08 16:15:00+00:00,Stade Rennais at Nice,REN @ NICE,Nice,2502,0,Stade Rennais,169,4,STATUS_FULL_TIME,Allianz Riviera,2025-2026,0,3,8,2026
746632,2026-03-08 19:45:00+00:00,Paris FC at Lyon,PAR @ LYON,Lyon,167,1,Paris FC,6851,1,STATUS_FULL_TIME,Groupama Stadium,2025-2026,0,3,8,2026
746640,2026-03-13 19:45:00+00:00,AJ Auxerre at Marseille,AUX @ OLM,Marseille,176,1,AJ Auxerre,172,0,STATUS_FULL_TIME,Stade Vélodrome,2025-2026,0,3,13,2026
746639,2026-03-14 16:00:00+00:00,Lens at Lorient,RCL @ LOR,Lorient,273,2,Lens,175,1,STATUS_FULL_TIME,Stade du Moustoir - Yves Allainmat,2025-2026,0,3,14,2026
746637,2026-03-14 18:00:00+00:00,Nice at Angers,NICE @ ANG,Angers,7868,0,Nice,2502,2,STATUS_FULL_TIME,Stade Raymond Kopa,2025-2026,0,3,14,2026
746642,2026-03-14 20:05:00+00:00,Brest at AS Monaco,BRE @ MON,AS Monaco,174,2,Brest,6997,0,STATUS_FULL_TIME,Stade Louis II,2025-2026,0,3,14,2026
746645,2026-03-15 14:00:00+00:00,Paris FC at Strasbourg,PAR @ STR,Strasbourg,180,0,Paris FC,6851,0,STATUS_FULL_TIME,Stade de la Meinau,2025-2026,0,3,15,2026
746638,2026-03-15 16:15:00+00:00,Lyon at Le Havre AC,LYON @ HAC,Le Havre AC,3236,0,Lyon,167,0,STATUS_FULL_TIME,Stade Océane,2025-2026,0,3,15,2026
746641,2026-03-15 16:15:00+00:00,Toulouse at Metz,TOU @ METZ,Metz,177,3,Toulouse,179,4,STATUS_FULL_TIME,Stade Saint-Symphorien,2025-2026,0,3,15,2026
746644,2026-03-15 19:45:00+00:00,Lille at Stade Rennais,LILL @ REN,Stade Rennais,169,1,Lille,166,2,STATUS_FULL_TIME,Roazhon Park,2025-2026,0,3,15,2026
746647,2026-03-20 19:45:00+00:00,Angers at Lens,ANG @ RCL,Lens,175,5,Angers,7868,1,STATUS_FULL_TIME,Stade Bollaert-Delelis,2025-2026,0,3,20,2026
746654,2026-03-21 16:00:00+00:00,Lorient at Toulouse,LOR @ TOU,Toulouse,179,1,Lorient,273,0,STATUS_FULL_TIME,Stadium Municipal de Toulouse,2025-2026,0,3,21,2026
746646,2026-03-21 18:00:00+00:00,Brest at AJ Auxerre,BRE @ AUX,AJ Auxerre,172,3,Brest,6997,0,STATUS_FULL_TIME,Stade de l'Abbé-Deschamps,2025-2026,0,3,21,2026
746651,2026-03-21 20:05:00+00:00,Paris Saint-Germain at Nice,PSG @ NICE,Nice,2502,0,Paris Saint-Germain,160,4,STATUS_FULL_TIME,Allianz Riviera,2025-2026,0,3,21,2026
746648,2026-03-22 14:00:00+00:00,AS Monaco at Lyon,MON @ LYON,Lyon,167,1,AS Monaco,174,2,STATUS_FULL_TIME,Groupama Stadium,2025-2026,0,3,22,2026
746649,2026-03-22 16:15:00+00:00,Lille at Marseille,LILL @ OLM,Marseille,176,1,Lille,166,2,STATUS_FULL_TIME,Stade Vélodrome,2025-2026,0,3,22,2026
746652,2026-03-22 16:15:00+00:00,Le Havre AC at Paris FC,HAC @ PAR,Paris FC,6851,3,Le Havre AC,3236,2,STATUS_FULL_TIME,Stade Jean Bouin,2025-2026,0,3,22,2026
746653,2026-03-22 16:15:00+00:00,Metz at Stade Rennais,METZ @ REN,Stade Rennais,169,0,Metz,177,0,STATUS_FULL_TIME,Roazhon Park,2025-2026,0,3,22,2026
746650,2026-03-22 19:45:00+00:00,Strasbourg at Nantes,STR @ NAN,Nantes,165,2,Strasbourg,180,3,STATUS_FULL_TIME,Stade de la Beaujoire,2025-2026,0,3,22,2026
746662,2026-04-03 18:45:00+00:00,Toulouse at Paris Saint-Germain,TOU @ PSG,Paris Saint-Germain,160,3,Toulouse,179,1,STATUS_FULL_TIME,Parc des Princes,2025-2026,0,4,3,2026
746658,2026-04-04 15:00:00+00:00,Nice at Strasbourg,NICE @ STR,Strasbourg,180,3,Nice,2502,1,STATUS_FULL_TIME,Stade de la Meinau,2025-2026,0,4,4,2026
746656,2026-04-04 17:00:00+00:00,Stade Rennais at Brest,REN @ BRE,Brest,6997,3,Stade Rennais,169,4,STATUS_FULL_TIME,Stade Francis-Le Blé,2025-2026,0,4,4,2026
746659,2026-04-04 19:05:00+00:00,Lens at Lille,RCL @ LILL,Lille,166,3,Lens,175,0,STATUS_FULL_TIME,Decathlon Arena - Stade Pierre-Mauroy,2025-2026,0,4,4,2026
746655,2026-04-05 13:00:00+00:00,Lyon at Angers,LYON @ ANG,Angers,7868,0,Lyon,167,0,STATUS_FULL_TIME,Stade Raymond Kopa,2025-2026,0,4,5,2026
746657,2026-04-05 15:15:00+00:00,AJ Auxerre at Le Havre AC,AUX @ HAC,Le Havre AC,3236,1,AJ Auxerre,172,1,STATUS_FULL_TIME,Stade Océane,2025-2026,0,4,5,2026
746663,2026-04-05 15:15:00+00:00,Paris FC at Lorient,PAR @ LOR,Lorient,273,1,Paris FC,6851,1,STATUS_FULL_TIME,Stade du Moustoir - Yves Allainmat,2025-2026,0,4,5,2026
746660,2026-04-05 15:15:00+00:00,Nantes at Metz,NAN @ METZ,Metz,177,0,Nantes,165,0,STATUS_FULL_TIME,Stade Saint-Symphorien,2025-2026,0,4,5,2026
746661,2026-04-05 18:45:00+00:00,Marseille at AS Monaco,OLM @ MON,AS Monaco,174,2,Marseille,176,1,STATUS_FULL_TIME,Stade Louis II,2025-2026,0,4,5,2026
746670,2026-04-10 17:00:00+00:00,AS Monaco at Paris FC,MON @ PAR,Paris FC,6851,4,AS Monaco,174,1,STATUS_FULL_TIME,Stade Jean Bouin,2025-2026,0,4,10,2026
746668,2026-04-10 19:05:00+00:00,Metz at Marseille,METZ @ OLM,Marseille,176,3,Metz,177,1,STATUS_FULL_TIME,Stade Vélodrome,2025-2026,0,4,10,2026
746664,2026-04-11 17:00:00+00:00,Nantes at AJ Auxerre,NAN @ AUX,AJ Auxerre,172,0,Nantes,165,0,STATUS_FULL_TIME,Stade de l'Abbé-Deschamps,2025-2026,0,4,11,2026
746671,2026-04-11 19:05:00+00:00,Angers at Stade Rennais,ANG @ REN,Stade Rennais,169,2,Angers,7868,1,STATUS_FULL_TIME,Roazhon Park,2025-2026,0,4,11,2026
746669,2026-04-12 15:15:00+00:00,Le Havre AC at Nice,HAC @ NICE,Nice,2502,1,Le Havre AC,3236,1,STATUS_FULL_TIME,Allianz Riviera,2025-2026,0,4,12,2026
746672,2026-04-12 15:15:00+00:00,Lille at Toulouse,LILL @ TOU,Toulouse,179,0,Lille,166,4,STATUS_FULL_TIME,Stadium Municipal de Toulouse,2025-2026,0,4,12,2026
746667,2026-04-12 18:45:00+00:00,Lorient at Lyon,LOR @ LYON,Lyon,167,2,Lorient,273,0,STATUS_FULL_TIME,Groupama Stadium,2025-2026,0,4,12,2026
746674,2026-04-17 18:45:00+00:00,Toulouse at Lens,TOU @ RCL,Lens,175,3,Toulouse,179,2,STATUS_FULL_TIME,Stade Bollaert-Delelis,2025-2026,0,4,17,2026
746676,2026-04-18 15:00:00+00:00,Marseille at Lorient,OLM @ LOR,Lorient,273,2,Marseille,176,0,STATUS_FULL_TIME,Stade du Moustoir - Yves Allainmat,2025-2026,0,4,18,2026
746673,2026-04-18 17:00:00+00:00,Le Havre AC at Angers,HAC @ ANG,Angers,7868,1,Le Havre AC,3236,1,STATUS_FULL_TIME,Stade Raymond Kopa,2025-2026,0,4,18,2026
746675,2026-04-18 19:05:00+00:00,Nice at Lille,NICE @ LILL,Lille,166,0,Nice,2502,0,STATUS_FULL_TIME,Decathlon Arena - Stade Pierre-Mauroy,2025-2026,0,4,18,2026
746678,2026-04-19 13:00:00+00:00,AJ Auxerre at AS Monaco,AUX @ MON,AS Monaco,174,2,AJ Auxerre,172,2,STATUS_FULL_TIME,Stade Louis II,2025-2026,0,4,19,2026
746677,2026-04-19 15:15:00+00:00,Paris FC at Metz,PAR @ METZ,Metz,177,1,Paris FC,6851,3,STATUS_FULL_TIME,Stade Saint-Symphorien,2025-2026,0,4,19,2026
746679,2026-04-19 15:15:00+00:00,Brest at Nantes,BRE @ NAN,Nantes,165,1,Brest,6997,1,STATUS_FULL_TIME,Stade de la Beaujoire,2025-2026,0,4,19,2026
746681,2026-04-19 15:15:00+00:00,Stade Rennais at Strasbourg,REN @ STR,Strasbourg,180,0,Stade Rennais,169,3,STATUS_FULL_TIME,Stade de la Meinau,2025-2026,0,4,19,2026
746680,2026-04-19 18:45:00+00:00,Lyon at Paris Saint-Germain,LYON @ PSG,Paris Saint-Germain,160,1,Lyon,167,2,STATUS_FULL_TIME,Parc des Princes,2025-2026,0,4,19,2026
746643,2026-04-22 17:00:00+00:00,Nantes at Paris Saint-Germain,NAN @ PSG,Paris Saint-Germain,160,3,Nantes,165,0,STATUS_FULL_TIME,Parc des Princes,2025-2026,0,4,22,2026
746683,2026-04-24 18:45:00+00:00,Lens at Brest,RCL @ BRE,Brest,6997,3,Lens,175,3,STATUS_FULL_TIME,Stade Francis-Le Blé,2025-2026,0,4,24,2026
746686,2026-04-25 13:00:00+00:00,AJ Auxerre at Lyon,AUX @ LYON,Lyon,167,3,AJ Auxerre,172,2,STATUS_FULL_TIME,Groupama Stadium,2025-2026,0,4,25,2026
746682,2026-04-25 17:00:00+00:00,Paris Saint-Germain at Angers,PSG @ ANG,Angers,7868,0,Paris Saint-Germain,160,3,STATUS_FULL_TIME,Stade Raymond Kopa,2025-2026,0,4,25,2026
746690,2026-04-25 19:05:00+00:00,AS Monaco at Toulouse,MON @ TOU,Toulouse,179,2,AS Monaco,174,2,STATUS_FULL_TIME,Stadium Municipal de Toulouse,2025-2026,0,4,25,2026
746685,2026-04-26 13:00:00+00:00,Strasbourg at Lorient,STR @ LOR,Lorient,273,2,Strasbourg,180,3,STATUS_FULL_TIME,Stade du Moustoir - Yves Allainmat,2025-2026,0,4,26,2026
746684,2026-04-26 15:15:00+00:00,Metz at Le Havre AC,METZ @ HAC,Le Havre AC,3236,4,Metz,177,4,STATUS_FULL_TIME,Stade Océane,2025-2026,0,4,26,2026
746688,2026-04-26 15:15:00+00:00,Lille at Paris FC,LILL @ PAR,Paris FC,6851,0,Lille,166,1,STATUS_FULL_TIME,Stade Jean Bouin,2025-2026,0,4,26,2026
746689,2026-04-26 15:15:00+00:00,Nantes at Stade Rennais,NAN @ REN,Stade Rennais,169,2,Nantes,165,1,STATUS_FULL_TIME,Roazhon Park,2025-2026,0,4,26,2026
746687,2026-04-26 18:45:00+00:00,Nice at Marseille,NICE @ OLM,Marseille,176,1,Nice,2502,1,STATUS_FULL_TIME,Stade Vélodrome,2025-2026,0,4,26,2026
746694,2026-05-02 13:00:00+00:00,Marseille at Nantes,OLM @ NAN,Nantes,165,3,Marseille,176,0,STATUS_FULL_TIME,Stade de la Beaujoire,2025-2026,0,5,2,2026
746695,2026-05-02 15:00:00+00:00,Lorient at Paris Saint-Germain,LOR @ PSG,Paris Saint-Germain,160,2,Lorient,273,2,STATUS_FULL_TIME,Parc des Princes,2025-2026,0,5,2,2026
746693,2026-05-02 17:00:00+00:00,AS Monaco at Metz,MON @ METZ,Metz,177,1,AS Monaco,174,2,STATUS_FULL_TIME,Stade Saint-Symphorien,2025-2026,0,5,2,2026
746697,2026-05-02 19:05:00+00:00,Lens at Nice,RCL @ NICE,Nice,2502,1,Lens,175,1,STATUS_FULL_TIME,Allianz Riviera,2025-2026,0,5,2,2026
746691,2026-05-03 13:00:00+00:00,Le Havre AC at Lille,HAC @ LILL,Lille,166,1,Le Havre AC,3236,1,STATUS_FULL_TIME,Decathlon Arena - Stade Pierre-Mauroy,2025-2026,0,5,3,2026
746699,2026-05-03 15:15:00+00:00,Angers at AJ Auxerre,ANG @ AUX,AJ Auxerre,172,3,Angers,7868,1,STATUS_FULL_TIME,Stade de l'Abbé-Deschamps,2025-2026,0,5,3,2026
746698,2026-05-03 15:15:00+00:00,Brest at Paris FC,BRE @ PAR,Paris FC,6851,4,Brest,6997,0,STATUS_FULL_TIME,Stade Jean Bouin,2025-2026,0,5,3,2026
746696,2026-05-03 15:15:00+00:00,Toulouse at Strasbourg,TOU @ STR,Strasbourg,180,1,Toulouse,179,2,STATUS_FULL_TIME,Stade de la Meinau,2025-2026,0,5,3,2026
746692,2026-05-03 18:45:00+00:00,Stade Rennais at Lyon,REN @ LYON,Lyon,167,4,Stade Rennais,169,2,STATUS_FULL_TIME,Groupama Stadium,2025-2026,0,5,3,2026
746702,2026-05-08 18:45:00+00:00,Nantes at Lens,NAN @ RCL,Lens,175,1,Nantes,165,0,STATUS_FULL_TIME,Stade Bollaert-Delelis,2025-2026,0,5,8,2026
746700,2026-05-10 19:00:00+00:00,Nice at AJ Auxerre,NICE @ AUX,AJ Auxerre,172,2,Nice,2502,1,STATUS_FULL_TIME,Stade de l'Abbé-Deschamps,2025-2026,0,5,10,2026
746704,2026-05-10 19:00:00+00:00,Strasbourg at Angers,STR @ ANG,Angers,7868,1,Strasbourg,180,1,STATUS_FULL_TIME,Stade Raymond Kopa,2025-2026,0,5,10,2026
746703,2026-05-10 19:00:00+00:00,Lille at AS Monaco,LILL @ MON,AS Monaco,174,0,Lille,166,1,STATUS_FULL_TIME,Stade Louis II,2025-2026,0,5,10,2026
746701,2026-05-10 19:00:00+00:00,Marseille at Le Havre AC,OLM @ HAC,Le Havre AC,3236,0,Marseille,176,1,STATUS_FULL_TIME,Stade Océane,2025-2026,0,5,10,2026
746708,2026-05-10 19:00:00+00:00,Lorient at Metz,LOR @ METZ,Metz,177,0,Lorient,273,4,STATUS_FULL_TIME,Stade Saint-Symphorien,2025-2026,0,5,10,2026
746705,2026-05-10 19:00:00+00:00,Brest at Paris Saint-Germain,BRE @ PSG,Paris Saint-Germain,160,1,Brest,6997,0,STATUS_FULL_TIME,Parc des Princes,2025-2026,0,5,10,2026
746706,2026-05-10 19:00:00+00:00,Paris FC at Stade Rennais,PAR @ REN,Stade Rennais,169,2,Paris FC,6851,1,STATUS_FULL_TIME,Roazhon Park,2025-2026,0,5,10,2026
746707,2026-05-10 19:00:00+00:00,Lyon at Toulouse,LYON @ TOU,Toulouse,179,2,Lyon,167,1,STATUS_FULL_TIME,Stadium Municipal de Toulouse,2025-2026,0,5,10,2026
746665,2026-05-13 17:00:00+00:00,Strasbourg at Brest,STR @ BRE,Brest,6997,1,Strasbourg,180,2,STATUS_FULL_TIME,Stade Francis-Le Blé,2025-2026,0,5,13,2026
746666,2026-05-13 19:00:00+00:00,Paris Saint-Germain at Lens,PSG @ RCL,Lens,175,0,Paris Saint-Germain,160,2,STATUS_FULL_TIME,Stade Bollaert-Delelis,2025-2026,0,5,13,2026
746717,2026-05-17 19:00:00+00:00,Stade Rennais at Marseille,REN @ OLM,Marseille,176,3,Stade Rennais,169,1,STATUS_FULL_TIME,Stade Vélodrome,2025-2026,0,5,17,2026
746709,2026-05-17 19:00:00+00:00,Angers at Brest,ANG @ BRE,Brest,6997,1,Angers,7868,1,STATUS_FULL_TIME,Stade Francis-Le Blé,2025-2026,0,5,17,2026
746710,2026-05-17 19:00:00+00:00,AJ Auxerre at Lille,AUX @ LILL,Lille,166,0,AJ Auxerre,172,2,STATUS_FULL_TIME,Decathlon Arena - Stade Pierre-Mauroy,2025-2026,0,5,17,2026
746711,2026-05-17 19:00:00+00:00,Le Havre AC at Lorient,HAC @ LOR,Lorient,273,0,Le Havre AC,3236,2,STATUS_FULL_TIME,Stade du Moustoir - Yves Allainmat,2025-2026,0,5,17,2026
746714,2026-05-17 19:00:00+00:00,Toulouse at Nantes,TOU @ NAN,Nantes,165,0,Toulouse,179,0,STATUS_ABANDONED,Stade de la Beaujoire,2025-2026,0,5,17,2026
746715,2026-05-17 19:00:00+00:00,Metz at Nice,METZ @ NICE,Nice,2502,0,Metz,177,0,STATUS_FULL_TIME,Allianz Riviera,2025-2026,0,5,17,2026
746713,2026-05-17 19:00:00+00:00,Paris Saint-Germain at Paris FC,PSG @ PAR,Paris FC,6851,2,Paris Saint-Germain,160,1,STATUS_FULL_TIME,Stade Jean Bouin,2025-2026,0,5,17,2026
746716,2026-05-17 19:00:00+00:00,AS Monaco at Strasbourg,MON @ STR,Strasbourg,180,5,AS Monaco,174,4,STATUS_FULL_TIME,Stade de la Meinau,2025-2026,0,5,17,2026
746712,2026-05-17 19:00:00+00:00,Lens at Lyon,RCL @ LYON,Lyon,167,0,Lens,175,4,STATUS_FULL_TIME,Groupama Stadium,2025-2026,0,5,17,2026
401876489,2026-08-21 18:45:00+00:00,Strasbourg at Marseille,STR @ OLM,Marseille,176,4,Strasbourg,180,0,STATUS_FULL_TIME,Stade Vélodrome,2026-2027,0,8,21,2026
401876490,2026-08-22 15:15:00+00:00,AJ Auxerre at Lens,AUX @ RCL,Lens,175,5,AJ Auxerre,172,2,STATUS_FULL_TIME,Stade Bollaert-Delelis,2026-2027,0,8,22,2026
401876491,2026-08-22 18:45:00+00:00,Brest at Le Mans,BRE @ MNS,Le Mans,2697,2,Brest,6997,2,STATUS_FULL_TIME,Stade Marie-Marvingt,2026-2027,0,8,22,2026
401876488,2026-08-22 18:45:00+00:00,Lorient at Nice,LOR @ NICE,Nice,2502,0,Lorient,273,0,STATUS_FULL_TIME,Allianz Riviera,2026-2027,0,8,22,2026
401876486,2026-08-22 18:45:00+00:00,Lyon at Toulouse,LYON @ TOU,Toulouse,179,0,Lyon,167,2,STATUS_FULL_TIME,Stadium Municipal de Toulouse,2026-2027,0,8,22,2026
401876485,2026-08-22 18:45:00+00:00,Paris FC at Troyes,PAR @ TRY,Troyes,170,0,Paris FC,6851,0,STATUS_FULL_TIME,Stade de l'Aube,2026-2027,0,8,22,2026
401876493,2026-08-23 13:00:00+00:00,Lille at Angers,LILL @ ANG,Angers,7868,0,Lille,166,2,STATUS_FULL_TIME,Stade Raymond Kopa,2026-2027,0,8,23,2026
401876492,2026-08-23 15:15:00+00:00,AS Monaco at Le Havre AC,MON @ HAC,Le Havre AC,3236,0,AS Monaco,174,1,STATUS_FULL_TIME,Stade Océane,2026-2027,0,8,23,2026
401876487,2026-08-23 18:45:00+00:00,Paris Saint-Germain at Stade Rennais,PSG @ REN,Stade Rennais,169,2,Paris Saint-Germain,160,2,STATUS_FULL_TIME,Roazhon Park,2026-2027,0,8,23,2026
401876476,2026-08-28 19:00:00+00:00,Paris Saint-Germain at Lille,PSG @ LILL,Lille,166,2,Paris Saint-Germain,160,2,STATUS_FULL_TIME,Decathlon Arena - Stade Pierre-Mauroy,2026-2027,0,8,28,2026
401876477,2026-08-29 15:15:00+00:00,Lens at Strasbourg,RCL @ STR,Strasbourg,180,2,Lens,175,1,STATUS_FULL_TIME,Stade de la Meinau,2026-2027,0,8,29,2026
401876484,2026-08-29 18:45:00+00:00,Angers at AJ Auxerre,ANG @ AUX,AJ Auxerre,172,1,Angers,7868,3,STATUS_FULL_TIME,Stade de l'Abbé-Deschamps,2026-2027,0,8,29,2026
401876483,2026-08-29 18:45:00+00:00,Toulouse at Brest,TOU @ BRE,Brest,6997,2,Toulouse,179,2,STATUS_FULL_TIME,Stade Francis-Le Blé,2026-2027,0,8,29,2026
401876482,2026-08-29 18:45:00+00:00,Troyes at Lorient,TRY @ LOR,Lorient,273,1,Troyes,170,2,STATUS_FULL_TIME,Stade du Moustoir - Yves Allainmat,2026-2027,0,8,29,2026
401876481,2026-08-29 18:45:00+00:00,Le Havre AC at Lyon,HAC @ LYON,Lyon,167,1,Le Havre AC,3236,1,STATUS_FULL_TIME,Groupama Stadium,2026-2027,0,8,29,2026
401876479,2026-08-30 13:00:00+00:00,Nice at Paris FC,NICE @ PAR,Paris FC,6851,3,Nice,2502,0,STATUS_FULL_TIME,Stade Jean Bouin,2026-2027,0,8,30,2026
401876478,2026-08-30 15:15:00+00:00,Le Mans at Stade Rennais,MNS @ REN,Stade Rennais,169,3,Le Mans,2697,2,STATUS_FULL_TIME,Roazhon Park,2026-2027,0,8,30,2026
401876480,2026-08-30 18:45:00+00:00,Marseille at AS Monaco,OLM @ MON,AS Monaco,174,2,Marseille,176,0,STATUS_FULL_TIME,Stade Louis II,2026-2027,0,8,30,2026
401876468,2026-09-03 18:45:00+00:00,,,Toulouse,179,0,Lille,166,1,STATUS_FULL_TIME,Stadium Municipal de Toulouse,2026-2027,0,9,3,2026
401876472,2026-09-04 17:00:00+00:00,,,Lyon,167,3,AJ Auxerre,172,1,STATUS_FULL_TIME,Groupama Stadium,2026-2027,0,9,4,2026
401876469,2026-09-04 19:05:00+00:00,,,Paris Saint-Germain,160,1,AS Monaco,174,2,STATUS_FULL_TIME,Parc des Princes,2026-2027,0,9,4,2026
401876473,2026-09-05 15:15:00+00:00,,,Lens,175,0,Lorient,273,0,STATUS_FIRST_HALF,Stade Bollaert-Delelis,2026-2027,0,9,5,2026
401876474,2026-09-05 18:45:00+00:00,,,Le Havre AC,3236,0,Brest,6997,0,STATUS_SCHEDULED,Stade Océane,2026-2027,0,9,5,2026
401876470,2026-09-05 18:45:00+00:00,,,Nice,2502,0,Le Mans,2697,0,STATUS_SCHEDULED,Allianz Riviera,2026-2027,0,9,5,2026
