game_id,date,month,day,year,home_id,home_name,home_score,away_id,away_name,away_score,venue_full_name,is_postseason,season,home_win_pct,home_point_diff,home_recent_win_pct,home_recent_point_diff,away_win_pct,away_point_diff,away_recent_win_pct,away_recent_point_diff,home_playoff_wins,away_playoff_wins,playoff_wins,home_win_badness,away_win_badness,home_point_diff_badness,away_point_diff_badness,home_badness,away_badness,team_badness,total_points,scoring_mean,scoring_std,ideal_scoring,scoring_badness,actual_margin,team_quality,competitiveness,uncompetitiveness,scoring_entertainment,team_quality_weight,competitiveness_weight,scoring_weight,actual_watchability,uncompetitiveness_weight,team_weight,actual_slop,slop_percentile,watchability_percentile
608571,2021-09-11 13:30:00+00:00,9,11,2021,598,1. FC Union Berlin,0,3841,FC Augsburg,0,Stadion An der Alten Försterei,0,2021-2022,,,,,,,,,0,0,0,,,,,,,,0,,,,,0,,,,,,,,,,,,,
608572,2021-09-11 13:30:00+00:00,9,11,2021,131,Bayer Leverkusen,3,124,Borussia Dortmund,4,BayArena,0,2021-2022,,,,,,,,,0,0,0,,,,,,,,7,,,,,1,,,,,,,,,,,,,
608570,2021-09-11 13:30:00+00:00,9,11,2021,126,SC Freiburg,1,122,FC Cologne,1,Dreisamstadion,0,2021-2022,,,,,,,,,0,0,0,,,,,,,,2,,,,,0,,,,,,,,,,,,,
608566,2021-09-11 13:30:00+00:00,9,11,2021,3070,SpVgg Greuther Fürth,0,138,VfL Wolfsburg,2,Sportpark Ronhof | Thomas Sommer,0,2021-2022,,,,,,,,,0,0,0,,,,,,,,2,,,,,2,,,,,,,,,,,,,
608569,2021-09-11 13:30:00+00:00,9,11,2021,7911,TSG Hoffenheim,0,2950,Mainz,2,PreZero Arena,0,2021-2022,,,,,,,,,0,0,0,,,,,,,,2,,,,,2,,,,,,,,,,,,,
608567,2021-09-11 16:30:00+00:00,9,11,2021,11420,RB Leipzig,1,132,Bayern Munich,4,Red Bull Arena,0,2021-2022,,,,,,,,,0,0,0,,,,,,,,5,,,,,3,,,,,,,,,,,,,
608574,2021-09-12 13:30:00+00:00,9,12,2021,125,Eintracht Frankfurt,1,134,VfB Stuttgart,1,Deutsche Bank Park,0,2021-2022,,,,,,,,,0,0,0,,,,,,,,2,,,,,0,,,,,,,,,,,,,
608568,2021-09-12 15:30:00+00:00,9,12,2021,121,VfL Bochum,1,129,Hertha Berlin,3,Vonovia Ruhrstadion,0,2021-2022,,,,,,,,,0,0,0,,,,,,,,4,,,,,2,,,,,,,,,,,,,
608573,2021-09-12 17:30:00+00:00,9,12,2021,268,Borussia Mönchengladbach,3,2506,Arminia Bielefeld,1,BORUSSIA-PARK,0,2021-2022,,,,,,,,,0,0,0,,,,,,,,4,,,,,2,,,,,,,,,,,,,
608579,2021-09-17 18:30:00+00:00,9,17,2021,129,Hertha Berlin,2,3070,SpVgg Greuther Fürth,1,Olympiastadion Berlin,0,2021-2022,1.0,2.0,1.0,2.0,0.0,-2.0,0.0,-2.0,0,0,0,0.0,1.0,0.16666666666666663,0.8333333333333334,,,,3,,,,,1,,,,,,,,,,,,,
608576,2021-09-18 13:30:00+00:00,9,18,2021,2506,Arminia Bielefeld,0,7911,TSG Hoffenheim,0,SchücoArena,0,2021-2022,0.0,-2.0,0.0,-2.0,0.0,-2.0,0.0,-2.0,0,0,0,1.0,1.0,0.8333333333333334,0.8333333333333334,,,,0,,,,,0,,,,,,,,,,,,,
608582,2021-09-18 13:30:00+00:00,9,18,2021,132,Bayern Munich,7,121,VfL Bochum,0,Allianz Arena,0,2021-2022,1.0,3.0,1.0,3.0,0.0,-2.0,0.0,-2.0,0,0,0,0.0,1.0,0.0,0.8333333333333334,,,,7,,,,,7,,,,,,,,,,,,,
608575,2021-09-18 13:30:00+00:00,9,18,2021,3841,FC Augsburg,1,268,Borussia Mönchengladbach,0,WWK Arena,0,2021-2022,0.0,0.0,0.0,0.0,1.0,2.0,1.0,2.0,0,0,0,1.0,0.0,0.5,0.16666666666666663,,,,1,,,,,1,,,,,,,,,,,,,
608580,2021-09-18 13:30:00+00:00,9,18,2021,2950,Mainz,0,126,SC Freiburg,0,MEWA ARENA,0,2021-2022,1.0,2.0,1.0,2.0,0.0,0.0,0.0,0.0,0,0,0,0.0,1.0,0.16666666666666663,0.5,,,,0,,,,,0,,,,,,,,,,,,,
608581,2021-09-18 16:30:00+00:00,9,18,2021,122,FC Cologne,1,11420,RB Leipzig,1,RheinEnergieStadion,0,2021-2022,0.0,0.0,0.0,0.0,0.0,-3.0,0.0,-3.0,0,0,0,1.0,1.0,0.5,1.0,,,,2,,,,,0,,,,,,,,,,,,,
608577,2021-09-19 13:30:00+00:00,9,19,2021,134,VfB Stuttgart,1,131,Bayer Leverkusen,3,MHPArena,0,2021-2022,0.0,0.0,0.0,0.0,0.0,-1.0,0.0,-1.0,0,0,0,1.0,1.0,0.5,0.6666666666666667,,,,4,,,,,2,,,,,,,,,,,,,
608583,2021-09-19 15:30:00+00:00,9,19,2021,124,Borussia Dortmund,4,598,1. FC Union Berlin,2,SIGNAL IDUNA PARK,0,2021-2022,1.0,1.0,1.0,1.0,0.0,0.0,0.0,0.0,0,0,0,0.0,1.0,0.33333333333333337,0.5,,,,6,,,,,2,,,,,,,,,,,,,
608578,2021-09-19 17:30:00+00:00,9,19,2021,138,VfL Wolfsburg,1,125,Eintracht Frankfurt,1,Volkswagen Arena,0,2021-2022,1.0,2.0,1.0,2.0,0.0,0.0,0.0,0.0,0,0,0,0.0,1.0,0.16666666666666663,0.5,,,,2,,,,,0,,,,,,,,,,,,,
608584,2021-09-24 18:30:00+00:00,9,24,2021,3070,SpVgg Greuther Fürth,1,132,Bayern Munich,3,Sportpark Ronhof | Thomas Sommer,0,2021-2022,0.0,-1.5,0.0,-1.5,1.0,5.0,1.0,5.0,0,0,0,1.0,0.0,0.75,0.0,,,,4,,,,,2,,,,,,,,,,,,,
608589,2021-09-25 13:30:00+00:00,9,25,2021,598,1. FC Union Berlin,1,2506,Arminia Bielefeld,0,Stadion An der Alten Försterei,0,2021-2022,0.0,-1.0,0.0,-1.0,0.0,-1.0,0.0,-1.0,0,0,0,1.0,1.0,0.6666666666666667,0.6666666666666667,,,,1,,,,,1,,,,,,,,,,,,,
608586,2021-09-25 13:30:00+00:00,9,25,2021,125,Eintracht Frankfurt,1,122,FC Cologne,1,Deutsche Bank Park,0,2021-2022,0.0,0.0,0.0,0.0,0.0,0.0,0.0,0.0,0,0,0,1.0,1.0,0.5,0.5,,,,2,,,,,0,,,,,,,,,,,,,
608591,2021-09-25 13:30:00+00:00,9,25,2021,7911,TSG Hoffenheim,3,138,VfL Wolfsburg,1,PreZero Arena,0,2021-2022,0.0,-1.0,0.0,-1.0,0.5,1.0,0.5,1.0,0,0,0,1.0,0.5,0.6666666666666667,0.33333333333333337,,,,4,,,,,2,,,,,,,,,,,,,
608585,2021-09-25 13:30:00+00:00,9,25,2021,11420,RB Leipzig,6,129,Hertha Berlin,0,Red Bull Arena,0,2021-2022,0.0,-1.5,0.0,-1.5,1.0,1.5,1.0,1.5,0,0,0,1.0,0.0,0.75,0.25,,,,6,,,,,6,,,,,,,,,,,,,
608588,2021-09-25 13:30:00+00:00,9,25,2021,131,Bayer Leverkusen,1,2950,Mainz,0,BayArena,0,2021-2022,0.5,0.5,0.5,0.5,0.5,1.0,0.5,1.0,0,0,0,0.5,0.5,0.41666666666666663,0.33333333333333337,,,,1,,,,,1,,,,,,,,,,,,,
608587,2021-09-25 16:30:00+00:00,9,25,2021,268,Borussia Mönchengladbach,1,124,Borussia Dortmund,0,BORUSSIA-PARK,0,2021-2022,0.5,0.5,0.5,0.5,1.0,1.5,1.0,1.5,0,0,0,0.5,0.0,0.41666666666666663,0.25,,,,1,,,,,1,,,,,,,,,,,,,
608592,2021-09-26 13:30:00+00:00,9,26,2021,121,VfL Bochum,0,134,VfB Stuttgart,0,Vonovia Ruhrstadion,0,2021-2022,0.0,-4.5,0.0,-4.5,0.0,-1.0,0.0,-1.0,0,0,0,1.0,1.0,1.0,0.6666666666666667,,,,0,,,,,0,,,,,,,,,,,,,
608590,2021-09-26 15:30:00+00:00,9,26,2021,126,SC Freiburg,3,3841,FC Augsburg,0,Dreisamstadion,0,2021-2022,0.0,0.0,0.0,0.0,0.5,0.5,0.5,0.5,0,0,0,1.0,0.5,0.5,0.41666666666666663,,,,3,,,,,3,,,,,,,,,,,,,
608600,2021-10-01 18:30:00+00:00,10,1,2021,122,FC Cologne,3,3070,SpVgg Greuther Fürth,1,RheinEnergieStadion,0,2021-2022,0.0,0.0,0.0,0.0,0.0,-1.6666666666666667,0.0,-1.6666666666666667,0,0,0,1.0,1.0,0.5,0.7777777777777778,,,,4,,,,,2,,,,,,,,,,,,,
608598,2021-10-02 13:30:00+00:00,10,2,2021,124,Borussia Dortmund,2,3841,FC Augsburg,1,SIGNAL IDUNA PARK,0,2021-2022,0.6666666666666666,0.6666666666666666,0.6666666666666666,0.6666666666666666,0.3333333333333333,-0.6666666666666666,0.3333333333333333,-0.6666666666666666,0,0,0,0.33333333333333337,0.6666666666666667,0.38888888888888895,0.6111111111111112,,,,3,,,,,1,,,,,,,,,,,,,
608595,2021-10-02 13:30:00+00:00,10,2,2021,129,Hertha Berlin,1,126,SC Freiburg,2,Olympiastadion Berlin,0,2021-2022,0.6666666666666666,-1.0,0.6666666666666666,-1.0,0.3333333333333333,1.0,0.3333333333333333,1.0,0,0,0,0.33333333333333337,0.6666666666666667,0.6666666666666667,0.33333333333333337,,,,3,,,,,1,,0.6896551724137931,0.31034482758620685,0.5172413793103449,,,,,,,,,
608593,2021-10-02 13:30:00+00:00,10,2,2021,134,VfB Stuttgart,3,7911,TSG Hoffenheim,1,MHPArena,0,2021-2022,0.0,-0.6666666666666666,0.0,-0.6666666666666666,0.3333333333333333,0.0,0.3333333333333333,0.0,0,0,0,1.0,0.6666666666666667,0.6111111111111112,0.5,,,,4,2.8333333333333335,2.0185917476493755,3.3379812702456775,0.05235858740458854,2,,0.43333333333333335,0.5666666666666667,0.6333333333333333,,,,,,,,,
608597,2021-10-02 13:30:00+00:00,10,2,2021,138,VfL Wolfsburg,1,268,Borussia Mönchengladbach,3,Volkswagen Arena,0,2021-2022,0.3333333333333333,0.0,0.3333333333333333,0.0,0.6666666666666666,0.6666666666666666,0.6666666666666666,0.6666666666666666,0,0,0,0.6666666666666667,0.33333333333333337,0.5,0.38888888888888895,,,,4,2.870967741935484,1.9956942899464163,3.369891314422088,0.04862217428450344,2,,0.45161290322580644,0.5483870967741935,0.6129032258064516,,,,,,,,,
608594,2021-10-02 16:30:00+00:00,10,2,2021,11420,RB Leipzig,3,121,VfL Bochum,0,Red Bull Arena,0,2021-2022,0.3333333333333333,1.0,0.3333333333333333,1.0,0.0,-3.0,0.0,-3.0,0,0,0,0.6666666666666667,1.0,0.33333333333333337,1.0,,,,3,2.90625,1.9733608959859448,3.399590223996486,0.020292821189787036,3,,0.125,0.875,0.46875,,,,,,,,,
608599,2021-10-03 13:30:00+00:00,10,3,2021,2950,Mainz,1,598,1. FC Union Berlin,2,MEWA ARENA,0,2021-2022,0.3333333333333333,0.3333333333333333,0.3333333333333333,0.3333333333333333,0.3333333333333333,-0.3333333333333333,0.3333333333333333,-0.3333333333333333,0,0,0,0.6666666666666667,0.6666666666666667,0.4444444444444444,0.5555555555555556,,,,3,2.909090909090909,1.9423509653837723,3.3946786504368522,0.02043274446137089,1,,0.7272727272727273,0.2727272727272727,0.45454545454545453,,,,,,,,,
608596,2021-10-03 15:30:00+00:00,10,3,2021,132,Bayern Munich,1,125,Eintracht Frankfurt,2,Allianz Arena,0,2021-2022,1.0,4.0,1.0,4.0,0.0,0.0,0.0,0.0,0,0,0,0.0,1.0,0.0,0.5,,,,3,2.911764705882353,1.912758551488487,3.3899543437544746,0.020567068316404202,1,,0.7352941176470589,0.2647058823529411,0.4411764705882353,,,,,,,,,
608601,2021-10-03 17:30:00+00:00,10,3,2021,2506,Arminia Bielefeld,0,131,Bayer Leverkusen,4,SchücoArena,0,2021-2022,0.0,-1.0,0.0,-1.0,0.6666666666666666,0.6666666666666666,0.6666666666666666,0.6666666666666666,0,0,0,1.0,0.33333333333333337,0.6666666666666667,0.38888888888888895,,,,4,2.914285714285714,1.884478841537278,3.385405424670034,0.05179260631194316,4,,0.05714285714285714,0.9428571428571428,0.6285714285714286,,,,,,,,,
608610,2021-10-15 18:30:00+00:00,10,15,2021,7911,TSG Hoffenheim,5,122,FC Cologne,0,PreZero Arena,0,2021-2022,0.25,-0.5,0.25,-0.5,0.25,0.5,0.25,0.5,0,0,0,0.75,0.75,0.5833333333333333,0.41666666666666663,,,,5,2.9444444444444446,1.866156392840558,3.4109835426545843,0.3040788785099059,5,,0.05555555555555555,0.9444444444444444,0.8611111111111112,,,,,,,,,
608609,2021-10-16 13:30:00+00:00,10,16,2021,598,1. FC Union Berlin,2,138,VfL Wolfsburg,0,Stadion An der Alten Försterei,0,2021-2022,0.5,0.0,0.5,0.0,0.25,-0.5,0.25,-0.5,0,0,0,0.5,0.75,0.5,0.5833333333333333,,,,2,3.0,1.8708286933869709,3.4677071733467426,0.26489193532895927,2,,0.4864864864864865,0.5135135135135135,0.21621621621621623,,,,,,,,,
608607,2021-10-16 13:30:00+00:00,10,16,2021,124,Borussia Dortmund,3,2950,Mainz,1,SIGNAL IDUNA PARK,0,2021-2022,0.75,0.75,0.75,0.75,0.25,0.0,0.25,0.0,0,0,0,0.25,0.75,0.375,0.5,,,,4,2.973684210526316,1.8524905384047416,3.436806845127501,0.04516231188116093,2,,0.5,0.5,0.6052631578947368,,,,,,,,,
608605,2021-10-16 13:30:00+00:00,10,16,2021,125,Eintracht Frankfurt,1,129,Hertha Berlin,2,Deutsche Bank Park,0,2021-2022,0.25,0.25,0.25,0.25,0.5,-1.0,0.5,-1.0,0,0,0,0.75,0.5,0.45833333333333337,0.6666666666666667,,,,3,3.0,1.8353258709644942,3.4588314677411236,0.03076676552365587,1,,0.7692307692307693,0.23076923076923073,0.41025641025641024,,,,,,,,,
608602,2021-10-16 13:30:00+00:00,10,16,2021,126,SC Freiburg,1,11420,RB Leipzig,1,Europa-Park Stadion,0,2021-2022,0.5,1.0,0.5,1.0,0.5,1.5,0.5,1.5,0,0,0,0.5,0.5,0.33333333333333337,0.25,,,,2,3.0,1.8116432546313532,3.452910813657838,0.27500463230666106,0,,1.0,0.0,0.2,,,,,,,,,
608603,2021-10-16 13:30:00+00:00,10,16,2021,3070,SpVgg Greuther Fürth,0,121,VfL Bochum,1,Sportpark Ronhof | Thomas Sommer,0,2021-2022,0.0,-1.75,0.0,-1.75,0.0,-3.0,0.0,-3.0,0,0,0,1.0,1.0,0.7916666666666666,1.0,,,,1,2.975609756097561,1.7956587214452635,3.424524436458877,0.5980950227391079,1,,0.7560975609756098,0.24390243902439024,0.0975609756097561,,,,,,,,,
608606,2021-10-16 16:30:00+00:00,10,16,2021,268,Borussia Mönchengladbach,1,134,VfB Stuttgart,1,BORUSSIA-PARK,0,2021-2022,0.75,1.0,0.75,1.0,0.25,0.0,0.25,0.0,0,0,0,0.25,0.75,0.33333333333333337,0.5,,,,2,2.9285714285714284,1.7996321730254083,3.3784794718277804,0.2542474952679217,0,,1.0,0.0,0.21428571428571427,,,,,,,,,
608608,2021-10-17 13:30:00+00:00,10,17,2021,131,Bayer Leverkusen,1,132,Bayern Munich,5,BayArena,0,2021-2022,0.75,1.5,0.75,1.5,0.75,2.75,0.75,2.75,0,0,0,0.25,0.25,0.25,0.04166666666666663,,,,6,2.9069767441860463,1.783708729804175,3.35290392663709,0.6675241881419758,4,,0.09302325581395349,0.9069767441860466,0.9069767441860465,,,,,,,,,
608604,2021-10-17 15:30:00+00:00,10,17,2021,3841,FC Augsburg,1,2506,Arminia Bielefeld,1,WWK Arena,0,2021-2022,0.25,-0.75,0.25,-0.75,0.0,-1.75,0.0,-1.75,0,0,0,0.75,1.0,0.625,0.7916666666666666,,,,2,2.977272727272727,1.8234727456484294,3.4331409136848343,0.26570994818203486,0,,1.0,0.0,0.20454545454545456,,,,,,,,,
608612,2021-10-22 18:30:00+00:00,10,22,2021,2950,Mainz,4,3841,FC Augsburg,1,MEWA ARENA,0,2021-2022,0.2,-0.4,0.2,-0.4,0.2,-0.6,0.2,-0.6,0,0,0,0.8,0.8,0.5666666666666667,0.6000000000000001,,,,5,2.9555555555555557,1.8085096269323728,3.407682962288649,0.32131846064420544,3,,0.17777777777777778,0.8222222222222222,0.8444444444444444,,,,,,,,,
608619,2021-10-23 13:30:00+00:00,10,23,2021,2506,Arminia Bielefeld,1,124,Borussia Dortmund,3,SchücoArena,0,2021-2022,0.0,-1.4,0.0,-1.4,0.8,1.0,0.8,1.0,0,0,0,1.0,0.19999999999999996,0.7333333333333334,0.33333333333333337,,,,4,3.0408163265306123,1.7907073052459535,3.488493152842101,0.03997559629673153,2,,0.5102040816326531,0.4897959183673469,0.5918367346938775,,,,,,,,,
608618,2021-10-23 13:30:00+00:00,10,23,2021,132,Bayern Munich,4,7911,TSG Hoffenheim,0,Allianz Arena,0,2021-2022,0.8,3.0,0.8,3.0,0.4,0.6,0.4,0.6,0,0,0,0.19999999999999996,0.6,0.0,0.4,,,,4,3.0208333333333335,1.804127458503091,3.471865197959106,0.04194248493328545,4,,0.10416666666666667,0.8958333333333334,0.6041666666666666,,,,,,,,,
608616,2021-10-23 13:30:00+00:00,10,23,2021,11420,RB Leipzig,4,3070,SpVgg Greuther Fürth,1,Red Bull Arena,0,2021-2022,0.4,1.2,0.4,1.2,0.0,-1.6,0.0,-1.6,0,0,0,0.6,1.0,0.29999999999999993,0.7666666666666667,,,,5,3.0,1.8135294011647258,3.4533823502911813,0.30486737537432496,3,,0.1956521739130435,0.8043478260869565,0.8260869565217391,,,,,,,,,
608613,2021-10-23 13:30:00+00:00,10,23,2021,138,VfL Wolfsburg,0,126,SC Freiburg,2,Volkswagen Arena,0,2021-2022,0.2,-0.8,0.2,-0.8,0.4,0.8,0.4,0.8,0,0,0,0.8,0.6,0.6333333333333333,0.3666666666666667,,,,2,3.0425531914893615,1.8172775482370738,3.49687257854863,0.2876830137505191,2,,0.48936170212765956,0.5106382978723405,0.19148936170212766,,,,,,,,,
608617,2021-10-23 16:30:00+00:00,10,23,2021,129,Hertha Berlin,1,268,Borussia Mönchengladbach,0,Olympiastadion Berlin,0,2021-2022,0.6,-0.6,0.6,-0.6,0.6,0.8,0.6,0.8,0,0,0,0.4,0.4,0.6000000000000001,0.3666666666666667,,,,1,3.06,1.7775240748678185,3.5043810187169546,0.6293589789207681,1,,0.76,0.24,0.08,,,,,,,,,
608611,2021-10-24 13:30:00+00:00,10,24,2021,122,FC Cologne,2,131,Bayer Leverkusen,2,RheinEnergieStadion,0,2021-2022,0.2,-0.6,0.2,-0.6,0.6,0.4,0.6,0.4,0,0,0,0.8,0.4,0.6000000000000001,0.43333333333333335,,,,4,3.019607843137255,1.7831454912982436,3.465394215961816,0.043948192198183245,0,,1.0,0.0,0.5882352941176471,,,,,,,,,
608615,2021-10-24 15:30:00+00:00,10,24,2021,134,VfB Stuttgart,1,598,1. FC Union Berlin,1,MHPArena,0,2021-2022,0.2,0.0,0.2,0.0,0.6,0.4,0.6,0.4,0,0,0,0.8,0.4,0.5,0.43333333333333335,,,,2,3.0384615384615383,1.7708039435055596,3.481162524337928,0.29517928607669974,0,,1.0,0.0,0.19230769230769232,,,,,,,,,
608614,2021-10-24 17:30:00+00:00,10,24,2021,121,VfL Bochum,2,125,Eintracht Frankfurt,0,Vonovia Ruhrstadion,0,2021-2022,0.2,-2.2,0.2,-2.2,0.2,0.0,0.2,0.0,0,0,0,0.8,0.8,0.8666666666666667,0.5,,,,2,3.018867924528302,1.7594860049035284,3.4587394257541844,0.2908439275015521,2,,0.49056603773584906,0.5094339622641509,0.18867924528301888,,,,,,,,,
608624,2021-10-29 18:30:00+00:00,10,29,2021,7911,TSG Hoffenheim,2,129,Hertha Berlin,0,PreZero Arena,0,2021-2022,0.3333333333333333,-0.16666666666666666,0.3333333333333333,-0.16666666666666666,0.6666666666666666,-0.3333333333333333,0.6666666666666666,-0.3333333333333333,0,0,0,0.6666666666666667,0.33333333333333337,0.5277777777777777,0.5555555555555556,,,,2,3.0,1.7483145522430756,3.4370786380607687,0.28667997045786553,2,,0.5,0.5,0.18518518518518517,,,,,,,,,
608620,2021-10-30 13:30:00+00:00,10,30,2021,598,1. FC Union Berlin,2,132,Bayern Munich,5,Stadion An der Alten Försterei,0,2021-2022,0.5,0.3333333333333333,0.5,0.3333333333333333,0.8333333333333334,3.1666666666666665,0.8333333333333334,3.1666666666666665,0,0,0,0.5,0.16666666666666663,0.4444444444444444,0.0,,,,7,2.9482758620689653,1.7005924023869627,3.373423962665706,0.8970855068489287,3,,0.1896551724137931,0.8103448275862069,0.9655172413793104,,,,,,,,,
608627,2021-10-30 13:30:00+00:00,10,30,2021,131,Bayer Leverkusen,0,138,VfL Wolfsburg,2,BayArena,0,2021-2022,0.5,0.3333333333333333,0.5,0.3333333333333333,0.16666666666666666,-1.0,0.16666666666666666,-1.0,0,0,0,0.5,0.8333333333333334,0.4444444444444444,0.6666666666666667,,,,2,2.9649122807017543,1.710940763363638,3.3926474715426638,0.2819889061418017,2,,0.5087719298245614,0.49122807017543857,0.17543859649122806,,,,,,,,,
608621,2021-10-30 13:30:00+00:00,10,30,2021,126,SC Freiburg,3,3070,SpVgg Greuther Fürth,1,Europa-Park Stadion,0,2021-2022,0.5,1.0,0.5,1.0,0.0,-1.8333333333333333,0.0,-1.8333333333333333,0,0,0,0.5,1.0,0.33333333333333337,0.8055555555555556,,,,4,3.016949152542373,1.7664646694469839,3.458565319904119,0.04588724776027031,2,,0.5254237288135594,0.47457627118644063,0.6101694915254238,,,,,,,,,
608626,2021-10-30 13:30:00+00:00,10,30,2021,124,Borussia Dortmund,2,122,FC Cologne,0,SIGNAL IDUNA PARK,0,2021-2022,0.8333333333333334,1.1666666666666667,0.8333333333333334,1.1666666666666667,0.16666666666666666,-0.5,0.16666666666666666,-0.5,0,0,0,0.16666666666666663,0.8333333333333334,0.30555555555555547,0.5833333333333333,,,,2,2.981818181818182,1.7372915179041823,3.4161410612942276,0.2826770165176603,2,,0.509090909090909,0.49090909090909096,0.18181818181818182,,,,,,,,,
608628,2021-10-30 13:30:00+00:00,10,30,2021,2506,Arminia Bielefeld,1,2950,Mainz,2,SchücoArena,0,2021-2022,0.0,-1.5,0.0,-1.5,0.3333333333333333,0.16666666666666666,0.3333333333333333,0.16666666666666666,0,0,0,1.0,0.6666666666666667,0.75,0.4722222222222222,,,,3,2.9642857142857144,1.7264181070990539,3.395890241060478,0.025949611082645263,1,,0.75,0.25,0.4642857142857143,,,,,,,,,
608623,2021-10-30 16:30:00+00:00,10,30,2021,125,Eintracht Frankfurt,1,11420,RB Leipzig,1,Deutsche Bank Park,0,2021-2022,0.16666666666666666,-0.3333333333333333,0.16666666666666666,-0.3333333333333333,0.5,1.5,0.5,1.5,0,0,0,0.8333333333333334,0.5,0.5555555555555556,0.25,,,,2,3.033333333333333,1.756022727418139,3.472339015187868,0.29636817910184865,0,,1.0,0.0,0.16666666666666666,,,,,,,,,
608622,2021-10-31 14:30:00+00:00,10,31,2021,3841,FC Augsburg,4,134,VfB Stuttgart,1,WWK Arena,0,2021-2022,0.16666666666666666,-1.0,0.16666666666666666,-1.0,0.16666666666666666,0.0,0.16666666666666666,0.0,0,0,0,0.8333333333333334,0.8333333333333334,0.6666666666666667,0.5,,,,5,3.0163934426229506,1.7463466940892018,3.452980116145251,0.32454894337668505,3,,0.19672131147540983,0.8032786885245902,0.8360655737704918,,,,,,,,,
608625,2021-10-31 16:30:00+00:00,10,31,2021,268,Borussia Mönchengladbach,2,121,VfL Bochum,1,BORUSSIA-PARK,0,2021-2022,0.5,0.5,0.5,0.5,0.3333333333333333,-1.5,0.3333333333333333,-1.5,0,0,0,0.5,0.6666666666666667,0.41666666666666663,0.75,,,,3,3.0483870967741935,1.7501982965389455,3.48593667090893,0.037810466532296694,1,,0.7580645161290323,0.24193548387096775,0.45161290322580644,,,,,,,,,
608631,2021-11-05 19:30:00+00:00,11,5,2021,2950,Mainz,1,268,Borussia Mönchengladbach,1,MEWA ARENA,0,2021-2022,0.42857142857142855,0.2857142857142857,0.42857142857142855,0.2857142857142857,0.5714285714285714,0.5714285714285714,0.5714285714285714,0.5714285714285714,0,0,0,0.5714285714285714,0.4285714285714286,0.45238095238095244,0.40476190476190477,,,,2,3.0476190476190474,1.736037120799157,3.4816283278188367,0.30524228958098065,0,,1.0,0.0,0.15873015873015872,,,,,,,,,
608630,2021-11-06 14:30:00+00:00,11,6,2021,132,Bayern Munich,2,126,SC Freiburg,1,Allianz Arena,0,2021-2022,0.8571428571428571,3.142857142857143,0.8571428571428571,3.142857142857143,0.5714285714285714,1.1428571428571428,0.5714285714285714,1.1428571428571428,0,0,0,0.1428571428571429,0.4285714285714286,0.0,0.30952380952380965,,,,3,3.03125,1.7271754168685125,3.463043854217128,0.03529889534032982,1,,0.75,0.25,0.453125,,,,,,,,,
608635,2021-11-06 14:30:00+00:00,11,6,2021,134,VfB Stuttgart,0,2506,Arminia Bielefeld,1,MHPArena,0,2021-2022,0.14285714285714285,-0.42857142857142855,0.14285714285714285,-0.42857142857142855,0.0,-1.4285714285714286,0.0,-1.4285714285714286,0,0,0,0.8571428571428572,1.0,0.5714285714285714,0.7380952380952381,,,,1,3.0307692307692307,1.7136331175425097,3.4591775101548583,0.6428887620116303,1,,0.7538461538461538,0.24615384615384617,0.06153846153846154,,,,,,,,,
608636,2021-11-06 14:30:00+00:00,11,6,2021,121,VfL Bochum,2,7911,TSG Hoffenheim,0,Vonovia Ruhrstadion,0,2021-2022,0.2857142857142857,-1.4285714285714286,0.2857142857142857,-1.4285714285714286,0.42857142857142855,0.14285714285714285,0.42857142857142855,0.14285714285714285,0,0,0,0.7142857142857143,0.5714285714285714,0.7380952380952381,0.47619047619047616,,,,2,3.0,1.7186756976946387,3.42966892442366,0.2924745420349122,2,,0.5,0.5,0.16666666666666666,,,,,,,,,
608633,2021-11-06 14:30:00+00:00,11,6,2021,138,VfL Wolfsburg,1,3841,FC Augsburg,0,Volkswagen Arena,0,2021-2022,0.2857142857142857,-0.5714285714285714,0.2857142857142857,-0.5714285714285714,0.2857142857142857,-0.42857142857142855,0.2857142857142857,-0.42857142857142855,0,0,0,0.7142857142857143,0.7142857142857143,0.5952380952380951,0.5714285714285714,,,,1,2.985074626865672,1.7099755209432785,3.4125685071014913,0.6303836630324902,1,,0.7611940298507462,0.23880597014925375,0.05970149253731343,,,,,,,,,
608637,2021-11-06 17:30:00+00:00,11,6,2021,11420,RB Leipzig,2,124,Borussia Dortmund,1,Red Bull Arena,0,2021-2022,0.42857142857142855,1.2857142857142858,0.42857142857142855,1.2857142857142858,0.8571428571428571,1.2857142857142858,0.8571428571428571,1.2857142857142858,0,0,0,0.5714285714285714,0.1428571428571429,0.2857142857142857,0.2857142857142857,,,,3,2.9558823529411766,1.714153753439347,3.3844207913010136,0.024833335696137437,1,,0.7647058823529411,0.23529411764705888,0.47058823529411764,,,,,,,,,
608629,2021-11-07 14:30:00+00:00,11,7,2021,129,Hertha Berlin,1,131,Bayer Leverkusen,1,Olympiastadion Berlin,0,2021-2022,0.5714285714285714,-0.5714285714285714,0.5714285714285714,-0.5714285714285714,0.42857142857142855,0.0,0.42857142857142855,0.0,0,0,0,0.4285714285714286,0.5714285714285714,0.5952380952380951,0.5,,,,2,2.9565217391304346,1.7015112885201897,3.381899561260482,0.2809339098277448,0,,1.0,0.0,0.17391304347826086,,,,,,,,,
608632,2021-11-07 16:30:00+00:00,11,7,2021,122,FC Cologne,2,598,1. FC Union Berlin,2,RheinEnergieStadion,0,2021-2022,0.14285714285714285,-0.7142857142857143,0.14285714285714285,-0.7142857142857143,0.42857142857142855,-0.14285714285714285,0.42857142857142855,-0.14285714285714285,0,0,0,0.8571428571428572,0.5714285714285714,0.6190476190476191,0.5238095238095237,,,,4,2.942857142857143,1.6930010596546352,3.366107407770802,0.06769473185989905,0,,1.0,0.0,0.6428571428571429,,,,,,,,,
608634,2021-11-07 18:30:00+00:00,11,7,2021,3070,SpVgg Greuther Fürth,1,125,Eintracht Frankfurt,2,Sportpark Ronhof | Thomas Sommer,0,2021-2022,0.0,-1.8571428571428572,0.0,-1.8571428571428572,0.14285714285714285,-0.2857142857142857,0.14285714285714285,-0.2857142857142857,0,0,0,1.0,0.8571428571428572,0.8095238095238095,0.5476190476190477,,,,3,2.9577464788732395,1.6855403518355754,3.3791315668321333,0.024979857790959237,1,,0.7464788732394366,0.2535211267605634,0.4647887323943662,,,,,,,,,
608645,2021-11-19 19:30:00+00:00,11,19,2021,3841,FC Augsburg,2,132,Bayern Munich,1,WWK Arena,0,2021-2022,0.25,-0.5,0.25,-0.5,0.875,2.875,0.875,2.875,0,0,0,0.75,0.125,0.5833333333333333,0.02083333333333337,,,,3,2.9583333333333335,1.6736356646618666,3.3767422494988,0.02501766670714245,1,,0.75,0.25,0.4583333333333333,,,,,,,,,
608646,2021-11-20 14:30:00+00:00,11,20,2021,2506,Arminia Bielefeld,2,138,VfL Wolfsburg,2,SchücoArena,0,2021-2022,0.125,-1.125,0.125,-1.125,0.375,-0.375,0.375,-0.375,0,0,0,0.875,0.625,0.6875,0.5625,,,,4,2.958904109589041,1.6619797111041292,3.374399037365073,0.06839435545091466,0,,1.0,0.0,0.6438356164383562,,,,,,,,,
608639,2021-11-20 14:30:00+00:00,11,20,2021,131,Bayer Leverkusen,1,121,VfL Bochum,0,BayArena,0,2021-2022,0.375,0.0,0.375,0.0,0.375,-1.0,0.375,-1.0,0,0,0,0.625,0.625,0.5,0.6666666666666667,,,,1,2.972972972972973,1.6549880848221743,3.386719994178516,0.6465028828959665,1,,0.7432432432432432,0.2567567567567568,0.05405405405405406,,,,,,,,,
608638,2021-11-20 14:30:00+00:00,11,20,2021,124,Borussia Dortmund,2,134,VfB Stuttgart,1,SIGNAL IDUNA PARK,0,2021-2022,0.75,1.0,0.75,1.0,0.125,-0.5,0.125,-0.5,0,0,0,0.25,0.875,0.33333333333333337,0.5833333333333333,,,,3,2.9466666666666668,1.659480001046675,3.3615366669283357,0.023452414152361656,1,,0.7466666666666667,0.2533333333333333,0.4533333333333333,,,,,,,,,
608642,2021-11-20 14:30:00+00:00,11,20,2021,268,Borussia Mönchengladbach,4,3070,SpVgg Greuther Fürth,0,BORUSSIA-PARK,0,2021-2022,0.5,0.5,0.5,0.5,0.0,-1.75,0.0,-1.75,0,0,0,0.5,1.0,0.41666666666666663,0.7916666666666666,,,,4,2.9473684210526314,1.648391028383781,3.3594661781485766,0.07271812574380654,4,,0.07894736842105263,0.9210526315789473,0.6447368421052632,,,,,,,,,
608643,2021-11-20 14:30:00+00:00,11,20,2021,7911,TSG Hoffenheim,2,11420,RB Leipzig,0,PreZero Arena,0,2021-2022,0.375,-0.125,0.375,-0.125,0.5,1.25,0.5,1.25,0,0,0,0.625,0.5,0.5208333333333333,0.29166666666666663,,,,2,2.961038961038961,1.641898439400004,3.371513570888962,0.2945231066665095,2,,0.45454545454545453,0.5454545454545454,0.16883116883116883,,,,,,,,,
608641,2021-11-20 17:30:00+00:00,11,20,2021,598,1. FC Union Berlin,2,129,Hertha Berlin,0,Stadion An der Alten Försterei,0,2021-2022,0.375,-0.125,0.375,-0.125,0.5,-0.5,0.5,-0.5,0,0,0,0.625,0.5,0.5208333333333333,0.5833333333333333,,,,2,2.948717948717949,1.6348274137231342,3.3574248021487323,0.29157640272756236,2,,0.46153846153846156,0.5384615384615384,0.16666666666666666,,,,,,,,,
608644,2021-11-21 14:30:00+00:00,11,21,2021,126,SC Freiburg,0,125,Eintracht Frankfurt,2,Europa-Park Stadion,0,2021-2022,0.5,0.875,0.5,0.875,0.25,-0.125,0.25,-0.125,0,0,0,0.5,0.75,0.35416666666666663,0.5208333333333333,,,,2,2.9367088607594938,1.6278172592572744,3.343663175573812,0.288709553968706,2,,0.46835443037974683,0.5316455696202531,0.16455696202531644,,,,,,,,,
608640,2021-11-21 16:30:00+00:00,11,21,2021,2950,Mainz,1,122,FC Cologne,1,MEWA ARENA,0,2021-2022,0.375,0.25,0.375,0.25,0.125,-0.625,0.125,-0.625,0,0,0,0.625,0.875,0.45833333333333337,0.6041666666666667,,,,2,2.925,1.620868652875185,3.330217163218796,0.2859192206608655,0,,1.0,0.0,0.1625,,,,,,,,,
608652,2021-11-26 19:30:00+00:00,11,26,2021,134,VfB Stuttgart,2,2950,Mainz,1,MHPArena,0,2021-2022,0.1111111111111111,-0.5555555555555556,0.1111111111111111,-0.5555555555555556,0.3333333333333333,0.2222222222222222,0.3333333333333333,0.2222222222222222,0,0,0,0.8888888888888888,0.6666666666666667,0.5925925925925926,0.4629629629629629,,,,3,2.9135802469135803,1.6139821162593275,3.317075775978412,0.01911239261438291,1,,0.7530864197530864,0.24691358024691357,0.4691358024691358,,,,,,,,,
608647,2021-11-27 14:30:00+00:00,11,27,2021,122,FC Cologne,4,268,Borussia Mönchengladbach,1,RheinEnergieStadion,0,2021-2022,0.1111111111111111,-0.5555555555555556,0.1111111111111111,-0.5555555555555556,0.5555555555555556,0.8888888888888888,0.5555555555555556,0.8888888888888888,0,0,0,0.8888888888888888,0.4444444444444444,0.5925925925925926,0.35185185185185186,,,,5,2.9146341463414633,1.6040167136239774,3.3156383247474577,0.42382529088425214,3,,0.17073170731707318,0.8292682926829268,0.8658536585365854,,,,,,,,,
608650,2021-11-27 14:30:00+00:00,11,27,2021,129,Hertha Berlin,1,3841,FC Augsburg,1,Olympiastadion Berlin,0,2021-2022,0.4444444444444444,-0.6666666666666666,0.4444444444444444,-0.6666666666666666,0.3333333333333333,-0.3333333333333333,0.3333333333333333,-0.3333333333333333,0,0,0,0.5555555555555556,0.6666666666666667,0.6111111111111112,0.5555555555555556,,,,2,2.9397590361445785,1.6105551049580316,3.3423978123840863,0.2934499191477369,0,,1.0,0.0,0.1566265060240964,,,,,,,,,
608653,2021-11-27 14:30:00+00:00,11,27,2021,3070,SpVgg Greuther Fürth,3,7911,TSG Hoffenheim,6,Sportpark Ronhof | Thomas Sommer,0,2021-2022,0.0,-2.0,0.0,-2.0,0.4444444444444444,0.1111111111111111,0.4444444444444444,0.1111111111111111,0,0,0,1.0,0.5555555555555556,0.8333333333333334,0.4814814814814815,,,,9,2.9285714285714284,1.6041040308609789,3.329597436286673,0.9980654503193643,3,,0.17857142857142858,0.8214285714285714,1.0,,,,,,,,,
608655,2021-11-27 14:30:00+00:00,11,27,2021,121,VfL Bochum,2,126,SC Freiburg,1,Vonovia Ruhrstadion,0,2021-2022,0.3333333333333333,-1.0,0.3333333333333333,-1.0,0.4444444444444444,0.5555555555555556,0.4444444444444444,0.5555555555555556,0,0,0,0.6666666666666667,0.5555555555555556,0.6666666666666667,0.40740740740740744,,,,3,3.0,1.7251638983558852,3.4312909745889715,0.03076676552365598,1,,0.7529411764705882,0.24705882352941178,0.4588235294117647,,,,,,,,,
608651,2021-11-27 14:30:00+00:00,11,27,2021,138,VfL Wolfsburg,1,124,Borussia Dortmund,3,Volkswagen Arena,0,2021-2022,0.3333333333333333,-0.3333333333333333,0.3333333333333333,-0.3333333333333333,0.7777777777777778,1.0,0.7777777777777778,1.0,0,0,0,0.6666666666666667,0.2222222222222222,0.5555555555555556,0.33333333333333337,,,,4,3.0,1.7149858514250882,3.428746462856272,0.05396546346246989,2,,0.46511627906976744,0.5348837209302326,0.6511627906976745,,,,,,,,,
608649,2021-11-27 17:30:00+00:00,11,27,2021,132,Bayern Munich,1,2506,Arminia Bielefeld,0,Allianz Arena,0,2021-2022,0.7777777777777778,2.4444444444444446,0.7777777777777778,2.4444444444444446,0.1111111111111111,-1.0,0.1111111111111111,-1.0,0,0,0,0.2222222222222222,0.8888888888888888,0.09259259259259256,0.6666666666666667,,,,1,3.0114942528735633,1.7083532998357245,3.4385825778324945,0.6389726110008414,1,,0.7586206896551724,0.24137931034482762,0.04597701149425287,,,,,,,,,
608648,2021-11-28 14:30:00+00:00,11,28,2021,125,Eintracht Frankfurt,2,598,1. FC Union Berlin,1,Deutsche Bank Park,0,2021-2022,0.3333333333333333,0.1111111111111111,0.3333333333333333,0.1111111111111111,0.4444444444444444,0.1111111111111111,0.4444444444444444,0.1111111111111111,0,0,0,0.6666666666666667,0.5555555555555556,0.4814814814814815,0.4814814814814815,,,,3,2.9886363636363638,1.7119882786540022,3.4166334332998645,0.029178451315557297,1,,0.7613636363636364,0.23863636363636365,0.45454545454545453,,,,,,,,,
608654,2021-11-28 16:30:00+00:00,11,28,2021,11420,RB Leipzig,1,131,Bayer Leverkusen,3,Red Bull Arena,0,2021-2022,0.4444444444444444,0.8888888888888888,0.4444444444444444,0.8888888888888888,0.4444444444444444,0.1111111111111111,0.4444444444444444,0.1111111111111111,0,0,0,0.5555555555555556,0.5555555555555556,0.35185185185185186,0.4814814814814815,,,,4,2.9887640449438204,1.702233706463309,3.4143224715596476,0.057472381409190865,2,,0.4606741573033708,0.5393258426966292,0.651685393258427,,,,,,,,,
608656,2021-12-03 19:30:00+00:00,12,3,2021,598,1. FC Union Berlin,2,11420,RB Leipzig,1,Stadion An der Alten Försterei,0,2021-2022,0.4,0.0,0.4,0.0,0.4,0.6,0.4,0.6,0,0,0,0.6,0.6,0.5,0.4,,,,3,3.0,1.6959966080101756,3.423999152002544,0.03076676552365598,1,,0.7666666666666667,0.23333333333333328,0.4444444444444444,,,,,,,,,
608661,2021-12-04 14:30:00+00:00,12,4,2021,2506,Arminia Bielefeld,1,122,FC Cologne,1,SchücoArena,0,2021-2022,0.1,-1.0,0.1,-1.0,0.2,-0.2,0.2,-0.2,0,0,0,0.9,0.8,0.6666666666666667,0.5333333333333334,,,,2,3.094736842105263,1.7508276718152977,3.5324437600590874,0.31821928056019033,0,,1.0,0.0,0.14736842105263157,,,,,,,,,
608664,2021-12-04 14:30:00+00:00,12,4,2021,131,Bayer Leverkusen,7,3070,SpVgg Greuther Fürth,1,BayArena,0,2021-2022,0.5,0.3,0.5,0.3,0.0,-2.1,0.0,-2.1,0,0,0,0.5,1.0,0.45000000000000007,0.85,,,,8,3.0425531914893615,1.6843038421330376,3.463629152022621,0.9734038525902607,6,,0.02127659574468085,0.9787234042553191,0.9893617021276596,,,,,,,,,
608660,2021-12-04 14:30:00+00:00,12,4,2021,3841,FC Augsburg,2,121,VfL Bochum,3,WWK Arena,0,2021-2022,0.3,-0.3,0.3,-0.3,0.4,-0.8,0.4,-0.8,0,0,0,0.7,0.6,0.55,0.6333333333333333,,,,5,3.021505376344086,1.6809578960641294,3.4417448503601182,0.34927519945381313,1,,0.7741935483870968,0.22580645161290325,0.8494623655913979,,,,,,,,,
608657,2021-12-04 14:30:00+00:00,12,4,2021,2950,Mainz,3,138,VfL Wolfsburg,0,MEWA ARENA,0,2021-2022,0.3,0.1,0.3,0.1,0.3,-0.5,0.3,-0.5,0,0,0,0.7,0.7,0.4833333333333333,0.5833333333333333,,,,3,3.0217391304347827,1.6901671734051567,3.4442809237860716,0.03395826973039218,3,,0.17391304347826086,0.8260869565217391,0.43478260869565216,,,,,,,,,
608659,2021-12-04 14:30:00+00:00,12,4,2021,7911,TSG Hoffenheim,3,125,Eintracht Frankfurt,2,PreZero Arena,0,2021-2022,0.5,0.4,0.5,0.4,0.4,0.2,0.4,0.2,0,0,0,0.5,0.6,0.43333333333333335,0.4666666666666667,,,,5,3.0,1.6865480854231354,3.421637021355784,0.3546170835086324,1,,0.7692307692307693,0.23076923076923073,0.8571428571428571,,,,,,,,,
608663,2021-12-04 17:30:00+00:00,12,4,2021,124,Borussia Dortmund,2,132,Bayern Munich,3,SIGNAL IDUNA PARK,0,2021-2022,0.8,1.1,0.8,1.1,0.8,2.3,0.8,2.3,0,0,0,0.19999999999999996,0.19999999999999996,0.31666666666666676,0.1166666666666667,,,,5,3.0833333333333335,1.7451687698007086,3.5196255257835105,0.30217091850525757,1,,0.7708333333333334,0.22916666666666663,0.8333333333333334,,,,,,,,,
608658,2021-12-05 14:30:00+00:00,12,5,2021,134,VfB Stuttgart,2,129,Hertha Berlin,2,MHPArena,0,2021-2022,0.2,-0.4,0.2,-0.4,0.4,-0.6,0.4,-0.6,0,0,0,0.8,0.6,0.5666666666666667,0.6000000000000001,,,,4,3.1030927835051547,1.746929067931746,3.539825050488091,0.03409991470635132,0,,1.0,0.0,0.6288659793814433,,,,,,,,,
608662,2021-12-05 16:30:00+00:00,12,5,2021,268,Borussia Mönchengladbach,0,126,SC Freiburg,6,BORUSSIA-PARK,0,2021-2022,0.5,0.5,0.5,0.5,0.4,0.4,0.4,0.4,0,0,0,0.5,0.6,0.41666666666666663,0.43333333333333335,,,,6,3.1122448979591835,1.7402609892026857,3.5473101452598548,0.6296018081108302,6,,0.030612244897959183,0.9693877551020408,0.9183673469387755,,,,,,,,,
608665,2021-12-10 19:30:00+00:00,12,10,2021,122,FC Cologne,0,3841,FC Augsburg,2,RheinEnergieStadion,0,2021-2022,0.18181818181818182,-0.18181818181818182,0.2,-0.2,0.2727272727272727,-0.36363636363636365,0.3,-0.4,0,0,0,0.8181818181818181,0.7272727272727273,0.5303030303030303,0.5606060606060606,,,,2,3.1414141414141414,1.7555166749776288,3.580293310158549,0.3331354507547656,2,,0.45454545454545453,0.5454545454545454,0.1414141414141414,,,,,,,,,
608667,2021-12-11 14:30:00+00:00,12,11,2021,126,SC Freiburg,1,7911,TSG Hoffenheim,2,Europa-Park Stadion,0,2021-2022,0.45454545454545453,0.9090909090909091,0.5,1.0,0.5454545454545454,0.45454545454545453,0.6,0.7,0,0,0,0.5454545454545454,0.4545454545454546,0.3484848484848485,0.4242424242424242,,,,3,3.125,1.7331014905939666,3.5582753726484917,0.05055936022322205,1,,0.7692307692307693,0.23076923076923073,0.4230769230769231,,,,,,,,,
608666,2021-12-11 14:30:00+00:00,12,11,2021,121,VfL Bochum,1,124,Borussia Dortmund,1,Vonovia Ruhrstadion,0,2021-2022,0.45454545454545453,-0.6363636363636364,0.5,-0.5,0.7272727272727273,0.9090909090909091,0.7,0.9,0,0,0,0.5454545454545454,0.2727272727272727,0.606060606060606,0.3484848484848485,,,,2,3.1470588235294117,1.7428613029320514,3.5827741492624243,0.33791771102894563,0,,1.0,0.0,0.13725490196078433,,,,,,,,,
608670,2021-12-11 14:30:00+00:00,12,11,2021,129,Hertha Berlin,2,2506,Arminia Bielefeld,0,Olympiastadion Berlin,0,2021-2022,0.36363636363636365,-0.5454545454545454,0.3,-0.8,0.09090909090909091,-0.9090909090909091,0.1,-0.8,0,0,0,0.6363636363636364,0.9090909090909091,0.5909090909090908,0.6515151515151516,,,,2,3.1359223300970873,1.7379757421157385,3.570416265626022,0.33517857077144086,2,,0.4563106796116505,0.5436893203883495,0.13592233009708737,,,,,,,,,
608673,2021-12-11 14:30:00+00:00,12,11,2021,11420,RB Leipzig,4,268,Borussia Mönchengladbach,1,Red Bull Arena,0,2021-2022,0.36363636363636365,0.45454545454545453,0.4,0.8,0.45454545454545453,-0.09090909090909091,0.4,-0.3,0,0,0,0.6363636363636364,0.5454545454545454,0.4242424242424242,0.5151515151515151,,,,5,3.13,1.7503534996501058,3.5675883749125266,0.2845567234387676,3,,0.19,0.81,0.82,,,,,,,,,
608671,2021-12-11 14:30:00+00:00,12,11,2021,132,Bayern Munich,2,2950,Mainz,1,Allianz Arena,0,2021-2022,0.8181818181818182,2.1818181818181817,0.8,2.1,0.36363636363636365,0.36363636363636365,0.3,0.2,0,0,0,0.18181818181818177,0.6363636363636364,0.13636363636363635,0.43939393939393934,,,,3,3.1485148514851486,1.7514915849861303,3.5863877477316812,0.05450180127726212,1,,0.7722772277227723,0.2277227722772277,0.4158415841584158,,,,,,,,,
608669,2021-12-11 17:30:00+00:00,12,11,2021,138,VfL Wolfsburg,0,134,VfB Stuttgart,2,Volkswagen Arena,0,2021-2022,0.2727272727272727,-0.7272727272727273,0.2,-1.0,0.18181818181818182,-0.36363636363636365,0.2,-0.4,0,0,0,0.7272727272727273,0.8181818181818181,0.6212121212121213,0.5606060606060606,,,,2,3.123809523809524,1.7247922845689057,3.5550075949517503,0.33396112278748646,2,,0.45714285714285713,0.5428571428571429,0.13333333333333333,,,,,,,,,
608668,2021-12-12 14:30:00+00:00,12,12,2021,3070,SpVgg Greuther Fürth,1,598,1. FC Union Berlin,0,Sportpark Ronhof | Thomas Sommer,0,2021-2022,0.0,-2.4545454545454546,0.0,-2.5,0.45454545454545453,0.09090909090909091,0.5,0.1,0,0,0,1.0,0.5454545454545454,0.9090909090909091,0.48484848484848486,,,,1,3.1132075471698113,1.720026327135063,3.543214128953577,0.66482903684167,1,,0.7735849056603774,0.2264150943396226,0.03773584905660377,,,,,,,,,
608672,2021-12-12 16:30:00+00:00,12,12,2021,125,Eintracht Frankfurt,5,131,Bayer Leverkusen,2,Deutsche Bank Park,0,2021-2022,0.36363636363636365,0.09090909090909091,0.4,0.1,0.5454545454545454,0.8181818181818182,0.6,1.0,0,0,0,0.6363636363636364,0.4545454545454546,0.48484848484848486,0.36363636363636365,,,,7,3.0934579439252334,1.7240403963680606,3.5244680430172486,0.8689232063180403,3,,0.18691588785046728,0.8130841121495327,0.9532710280373832,,,,,,,,,
608679,2021-12-14 17:30:00+00:00,12,14,2021,134,VfB Stuttgart,0,132,Bayern Munich,5,MHPArena,0,2021-2022,0.25,-0.16666666666666666,0.3,0.0,0.8333333333333334,2.0833333333333335,0.8,1.5,0,0,0,0.75,0.16666666666666663,0.5277777777777777,0.15277777777777768,0.5092592592592593,0.07407407407407407,0.2916666666666667,5,3.1296296296296298,1.7566567257714274,3.568793811072487,0.2824372821857095,5,0.9259259259259259,0.046296296296296294,0.9537037037037037,0.8148148148148148,0.3407407407407408,0.37113854595336077,0.14375000000000002,0.5674480516181476,0.2791666666666667,0.5770833333333333,0.47515861548703525,,
608677,2021-12-14 19:30:00+00:00,12,14,2021,2506,Arminia Bielefeld,2,121,VfL Bochum,0,SchücoArena,0,2021-2022,0.08333333333333333,-1.0,0.1,-1.0,0.4166666666666667,-0.5833333333333334,0.5,0.2,0,0,0,0.9166666666666666,0.5833333333333333,0.6666666666666667,0.5972222222222223,0.7798165137614679,0.3944954128440367,0.5871559633027523,2,3.146788990825688,1.7576588388967154,3.586203700549867,0.33449578139802705,2,0.6055045871559632,0.46788990825688076,0.5321100917431192,0.13761467889908258,0.2564220183486238,0.29947773756417806,0.18807339449541285,0.35650203200082775,0.30871559633027523,0.5032110091743119,0.5226437861740503,,
608682,2021-12-14 19:30:00+00:00,12,14,2021,2950,Mainz,4,129,Hertha Berlin,0,MEWA ARENA,0,2021-2022,0.3333333333333333,0.25,0.3,0.1,0.4166666666666667,-0.3333333333333333,0.3,-0.7,0,0,0,0.6666666666666667,0.5833333333333333,0.45833333333333337,0.5555555555555556,0.44545454545454544,0.5181818181818182,0.4818181818181818,4,3.1363636363636362,1.7529910100266803,3.574611388870306,0.02901379644601665,4,0.5545454545454546,0.09090909090909091,0.9090909090909091,0.6272727272727273,0.3318181818181818,0.25208677685950415,0.17227272727272727,0.4679303155522164,0.2981818181818182,0.5295454545454545,0.5312172941067539,,
608680,2021-12-14 19:30:00+00:00,12,14,2021,138,VfL Wolfsburg,2,122,FC Cologne,3,Volkswagen Arena,0,2021-2022,0.25,-0.8333333333333334,0.2,-1.2,0.16666666666666666,-0.3333333333333333,0.2,-0.4,0,0,0,0.75,0.8333333333333334,0.6388888888888888,0.5555555555555556,0.6576576576576577,0.6486486486486487,0.6531531531531531,5,3.144144144144144,1.7469289773087087,3.5808763884713213,0.28104677913902276,1,0.3513513513513513,0.7837837837837838,0.21621621621621623,0.8108108108108109,0.19324324324324327,0.22240321402483562,0.19797297297297298,0.7160124770497306,0.3153153153153153,0.4867117117117117,0.4417132399842044,,
608676,2021-12-15 17:30:00+00:00,12,15,2021,268,Borussia Mönchengladbach,2,125,Eintracht Frankfurt,3,BORUSSIA-PARK,0,2021-2022,0.4166666666666667,-0.3333333333333333,0.4,-0.5,0.4166666666666667,0.3333333333333333,0.5,0.4,0,0,0,0.5833333333333333,0.5833333333333333,0.5555555555555556,0.4444444444444444,0.44642857142857145,0.2857142857142857,0.3660714285714286,5,3.1607142857142856,1.7478613517723036,3.5976796236573616,0.2751914966774218,1,0.7142857142857143,0.7857142857142857,0.2142857142857143,0.8035714285714286,0.19285714285714287,0.36897959183673473,0.1549107142857143,0.7797631195335277,0.28660714285714284,0.5584821428571429,0.3084902835095318,,
608681,2021-12-15 19:30:00+00:00,12,15,2021,598,1. FC Union Berlin,0,126,SC Freiburg,0,Stadion An der Alten Försterei,0,2021-2022,0.4166666666666667,0.0,0.5,0.2,0.4166666666666667,0.75,0.5,0.9,0,0,0,0.5833333333333333,0.5833333333333333,0.5,0.375,0.3620689655172414,0.2672413793103448,0.3146551724137931,0,3.1724137931034484,1.7309251714113718,3.6051450859562912,0.8857077828392254,0,0.7327586206896552,1.0,0.0,0.0,0.15,0.39642241379310345,0.14719827586206896,0.5063362068965518,0.2814655172413793,0.5713362068965517,0.3101485512388268,,
608674,2021-12-15 19:30:00+00:00,12,15,2021,131,Bayer Leverkusen,2,7911,TSG Hoffenheim,2,BayArena,0,2021-2022,0.5,0.5,0.5,0.5,0.5833333333333334,0.5,0.7,0.8,0,0,0,0.5,0.41666666666666663,0.41666666666666663,0.41666666666666663,0.21739130434782608,0.1391304347826087,0.1782608695652174,4,3.1652173913043478,1.7367565797309503,3.5994065362370855,0.02625042038025116,0,0.8608695652173913,1.0,0.0,0.6173913043478261,0.15,0.45086956521739135,0.1267391304347826,0.8264196597353497,0.2678260869565217,0.6054347826086957,0.11125228626539496,,
608675,2021-12-15 19:30:00+00:00,12,15,2021,124,Borussia Dortmund,3,3070,SpVgg Greuther Fürth,0,SIGNAL IDUNA PARK,0,2021-2022,0.6666666666666666,0.8333333333333334,0.6,0.7,0.08333333333333333,-2.1666666666666665,0.1,-2.3,0,0,0,0.33333333333333337,0.9166666666666666,0.36111111111111105,0.861111111111111,0.1504424778761062,0.831858407079646,0.4911504424778761,3,3.1769911504424777,1.7486223582313878,3.614146740000325,0.05981334991069365,3,0.8495575221238938,0.20353982300884957,0.7964601769911505,0.415929203539823,0.30929203539823014,0.36246886991933586,0.17367256637168144,0.4730624500570727,0.2991150442477876,0.5272123893805309,0.5075617573886524,,
608678,2021-12-15 19:30:00+00:00,12,15,2021,3841,FC Augsburg,1,11420,RB Leipzig,1,WWK Arena,0,2021-2022,0.3333333333333333,-0.16666666666666666,0.3,-0.3,0.4166666666666667,0.6666666666666666,0.5,1.1,0,0,0,0.6666666666666667,0.5833333333333333,0.5277777777777777,0.38888888888888895,0.5,0.2543859649122807,0.37719298245614036,2,3.175438596491228,1.7409468181509367,3.6106753010289623,0.3481701009361463,0,0.7456140350877193,1.0,0.0,0.13157894736842105,0.15,0.40188596491228074,0.15657894736842104,0.5726904432132964,0.28771929824561404,0.5557017543859649,0.2641229100026904,,
608685,2021-12-17 19:30:00+00:00,12,17,2021,132,Bayern Munich,4,138,VfL Wolfsburg,0,Allianz Arena,0,2021-2022,0.8461538461538461,2.3076923076923075,0.8,1.8,0.23076923076923078,-0.8461538461538461,0.2,-1.1,0,0,0,0.15384615384615385,0.7692307692307692,0.11538461538461542,0.641025641025641,0.08547008547008547,0.6923076923076923,0.3888888888888889,4,3.1452991452991452,1.7482254907869277,3.582355517995877,0.028132406785128516,4,0.9145299145299145,0.09401709401709402,0.905982905982906,0.6153846153846154,0.33119658119658124,0.37270070859814447,0.15833333333333333,0.5201464710888336,0.28888888888888886,0.5527777777777778,0.4811518286051762,,
608684,2021-12-18 14:30:00+00:00,12,18,2021,125,Eintracht Frankfurt,1,2950,Mainz,0,Deutsche Bank Park,0,2021-2022,0.46153846153846156,0.38461538461538464,0.6,0.5,0.38461538461538464,0.5384615384615384,0.4,0.6,0,0,0,0.5384615384615384,0.6153846153846154,0.4358974358974359,0.41025641025641024,0.2033898305084746,0.3389830508474576,0.2711864406779661,1,3.152542372881356,1.7425157108223437,3.588171300586942,0.668148892950364,1,0.7966101694915254,0.7711864406779662,0.22881355932203384,0.0423728813559322,0.19576271186440677,0.4007555300201092,0.14067796610169492,0.48210048252255594,0.2771186440677966,0.5822033898305085,0.3152879956557866,,
608691,2021-12-18 14:30:00+00:00,12,18,2021,11420,RB Leipzig,0,2506,Arminia Bielefeld,2,Red Bull Arena,0,2021-2022,0.38461538461538464,0.6153846153846154,0.4,0.5,0.15384615384615385,-0.7692307692307693,0.2,-0.7,0,0,0,0.6153846153846154,0.8461538461538461,0.39743589743589747,0.6282051282051282,0.35294117647058826,0.6890756302521008,0.5210084033613446,2,3.134453781512605,1.7463005437058776,3.5710289174390746,0.3328026616573344,2,0.6470588235294117,0.46218487394957986,0.5378151260504201,0.14285714285714285,0.257563025210084,0.3144438952051408,0.1781512605042017,0.3731315086588268,0.3021008403361345,0.5197478991596638,0.49255663829031304,,
608688,2021-12-18 14:30:00+00:00,12,18,2021,3070,SpVgg Greuther Fürth,0,3841,FC Augsburg,0,Sportpark Ronhof | Thomas Sommer,0,2021-2022,0.07692307692307693,-2.230769230769231,0.1,-2.4,0.3076923076923077,-0.15384615384615385,0.3,0.0,0,0,0,0.9230769230769231,0.6923076923076923,0.8717948717948718,0.5256410256410255,0.8833333333333333,0.5,0.6916666666666667,0,3.125,1.7420286638130322,3.560507165953258,0.8761561789375144,0,0.5,1.0,0.0,0.0,0.15,0.2975,0.20375,0.3725,0.31916666666666665,0.47708333333333336,0.5084994603474075,,
608690,2021-12-18 14:30:00+00:00,12,18,2021,7911,TSG Hoffenheim,1,268,Borussia Mönchengladbach,1,PreZero Arena,0,2021-2022,0.5384615384615384,0.46153846153846156,0.6,0.6,0.38461538461538464,-0.38461538461538464,0.3,-0.7,0,0,0,0.46153846153846156,0.6153846153846154,0.423076923076923,0.5641025641025641,0.17355371900826447,0.5371900826446281,0.35537190082644626,2,3.0991735537190084,1.7578630904106551,3.538639326321672,0.3182320745899737,0,0.8264462809917356,1.0,0.0,0.1487603305785124,0.15,0.4362396694214876,0.15330578512396695,0.6217577351273821,0.2855371900826446,0.5611570247933884,0.24820625660958437,,
608687,2021-12-18 14:30:00+00:00,12,18,2021,121,VfL Bochum,0,598,1. FC Union Berlin,1,Vonovia Ruhrstadion,0,2021-2022,0.38461538461538464,-0.6923076923076923,0.5,0.0,0.38461538461538464,0.0,0.4,0.1,0,0,0,0.6153846153846154,0.6153846153846154,0.6153846153846154,0.5,0.4180327868852459,0.4180327868852459,0.4180327868852459,1,3.0901639344262297,1.753410364628799,3.5285165255834294,0.6464616234331513,1,0.5819672131147541,0.7622950819672131,0.23770491803278693,0.04918032786885246,0.1975409836065574,0.3137483203439936,0.1627049180327869,0.37816612954388257,0.2918032786885246,0.5454918032786885,0.40257901864203594,,
608686,2021-12-18 17:30:00+00:00,12,18,2021,129,Hertha Berlin,3,124,Borussia Dortmund,2,Olympiastadion Berlin,0,2021-2022,0.38461538461538464,-0.6153846153846154,0.3,-0.5,0.6923076923076923,1.0,0.7,1.1,0,0,0,0.6153846153846154,0.3076923076923077,0.6025641025641026,0.33333333333333337,0.5528455284552846,0.0975609756097561,0.3252032520325203,5,3.073170731707317,1.756350219507082,3.5122582865840877,0.30145734368828203,1,0.9024390243902439,0.7642276422764228,0.2357723577235772,0.8130081300813008,0.19715447154471544,0.4425441205631569,0.14878048780487804,0.8090523127123003,0.28252032520325204,0.5686991869918698,0.2964042788623143,,
608689,2021-12-19 14:30:00+00:00,12,19,2021,126,SC Freiburg,2,131,Bayer Leverkusen,1,Europa-Park Stadion,0,2021-2022,0.38461538461538464,0.6923076923076923,0.4,0.6,0.46153846153846156,0.46153846153846156,0.4,0.4,0,0,0,0.6153846153846154,0.5384615384615384,0.3846153846153846,0.423076923076923,0.3064516129032258,0.29838709677419356,0.3024193548387097,3,3.088709677419355,1.7577336515593838,3.528143090309201,0.04413689682380484,1,0.7016129032258065,0.7661290322580645,0.2338709677419355,0.43548387096774194,0.1967741935483871,0.3620993756503642,0.14536290322580647,0.6075776031351751,0.280241935483871,0.5743951612903225,0.24566453421506804,,
608683,2021-12-19 16:30:00+00:00,12,19,2021,122,FC Cologne,1,134,VfB Stuttgart,0,RheinEnergieStadion,0,2021-2022,0.23076923076923078,-0.23076923076923078,0.3,-0.3,0.23076923076923078,-0.5384615384615384,0.3,-0.5,0,0,0,0.7692307692307692,0.7692307692307692,0.5384615384615385,0.5897435897435896,0.56,0.624,0.5920000000000001,1,3.088,1.7506496490013035,3.525662412250326,0.6467897463136214,1,0.43999999999999995,0.768,0.23199999999999998,0.048,0.1964,0.25715199999999994,0.18880000000000002,0.31013823999999995,0.30920000000000003,0.5019999999999999,0.4910323041040118,,
608693,2022-01-07 19:30:00+00:00,1,7,2022,132,Bayern Munich,1,268,Borussia Mönchengladbach,2,Allianz Arena,0,2021-2022,0.8571428571428571,2.4285714285714284,0.9,2.3,0.35714285714285715,-0.35714285714285715,0.2,-0.9,0,0,0,0.1428571428571429,0.6428571428571428,0.09523809523809523,0.5595238095238095,0.05555555555555555,0.626984126984127,0.3412698412698413,3,3.0714285714285716,1.753527057919878,3.5098103359085413,0.041382556660004344,1,0.9444444444444444,0.7698412698412699,0.23015873015873012,0.4365079365079365,0.19603174603174603,0.4600485008818342,0.1511904761904762,0.6894291173259428,0.2841269841269841,0.5646825396825397,0.2643600750032129,,
608695,2022-01-08 14:30:00+00:00,1,8,2022,131,Bayer Leverkusen,2,598,1. FC Union Berlin,2,BayArena,0,2021-2022,0.42857142857142855,0.35714285714285715,0.3,-0.1,0.42857142857142855,0.07142857142857142,0.4,0.1,0,0,0,0.5714285714285714,0.5714285714285714,0.44047619047619047,0.488095238095238,0.41732283464566927,0.3858267716535433,0.40157480314960625,4,3.0708661417322833,1.7465662564841231,3.507507705853314,0.03897575396874897,0,0.6141732283464567,1.0,0.0,0.6299212598425197,0.15,0.3460236220472441,0.16023622047244093,0.7556150412300825,0.29015748031496064,0.5496062992125985,0.2269533689220989,,
608700,2022-01-08 14:30:00+00:00,1,8,2022,11420,RB Leipzig,4,2950,Mainz,1,Red Bull Arena,0,2021-2022,0.35714285714285715,0.42857142857142855,0.3,0.0,0.35714285714285715,0.42857142857142855,0.4,0.6,0,0,0,0.6428571428571428,0.6428571428571428,0.4285714285714286,0.4285714285714286,0.4453125,0.34375,0.39453125,5,3.078125,1.7416137642821408,3.513528441070535,0.3052708271490876,3,0.65625,0.1953125,0.8046875,0.8125,0.3109375,0.2950048828125,0.1591796875,0.5818426895141602,0.289453125,0.5513671875,0.49904381208525517,,
608698,2022-01-08 14:30:00+00:00,1,8,2022,126,SC Freiburg,2,2506,Arminia Bielefeld,2,Europa-Park Stadion,0,2021-2022,0.42857142857142855,0.7142857142857143,0.4,0.6,0.21428571428571427,-0.5714285714285714,0.3,-0.1,0,0,0,0.5714285714285714,0.7857142857142857,0.38095238095238093,0.5952380952380951,0.3023255813953488,0.6124031007751938,0.4573643410852713,4,3.0930232558139537,1.7430301402349422,3.5287807908726894,0.03588352501212844,0,0.6976744186046512,1.0,0.0,0.6201550387596899,0.15,0.3815116279069768,0.1686046511627907,0.7766982152514872,0.2957364341085271,0.5356589147286822,0.2510414157984964,,
608697,2022-01-08 14:30:00+00:00,1,8,2022,3070,SpVgg Greuther Fürth,0,134,VfB Stuttgart,0,Sportpark Ronhof | Thomas Sommer,0,2021-2022,0.07142857142857142,-2.0714285714285716,0.1,-2.2,0.21428571428571427,-0.5714285714285714,0.2,-0.8,0,0,0,0.9285714285714286,0.7857142857142857,0.8452380952380952,0.5952380952380951,0.8769230769230769,0.6923076923076923,0.7846153846153846,0,3.1,1.7380823434343209,3.5345205858585804,0.8735253502274754,0,0.3076923076923077,1.0,0.0,0.0,0.15,0.21576923076923074,0.21769230769230768,0.2619230769230769,0.32846153846153847,0.4538461538461539,0.5462544238749635,,
608699,2022-01-08 14:30:00+00:00,1,8,2022,7911,TSG Hoffenheim,3,3841,FC Augsburg,1,PreZero Arena,0,2021-2022,0.5,0.42857142857142855,0.6,0.8,0.2857142857142857,-0.14285714285714285,0.3,0.1,0,0,0,0.5,0.7142857142857143,0.4285714285714286,0.5238095238095237,0.17557251908396945,0.5038167938931297,0.3396946564885496,4,3.0763358778625953,1.75244146444846,3.51444624397471,0.03765729665795259,2,0.8244274809160306,0.4351145038167939,0.5648854961832062,0.6183206106870229,0.26297709923664125,0.37751325680321657,0.15095419847328245,0.6033592634817718,0.28396946564885495,0.5650763358778625,0.35804817134344397,,
608694,2022-01-08 17:30:00+00:00,1,8,2022,125,Eintracht Frankfurt,2,124,Borussia Dortmund,3,Deutsche Bank Park,0,2021-2022,0.5,0.42857142857142855,0.6,0.5,0.6428571428571429,0.8571428571428571,0.6,0.9,0,0,0,0.5,0.3571428571428571,0.4285714285714286,0.3571428571428571,0.20454545454545456,0.12121212121212122,0.1628787878787879,5,3.0833333333333335,1.7475901255212387,3.520230864713643,0.30127038110478754,1,0.8787878787878788,0.7575757575757576,0.24242424242424243,0.8106060606060606,0.1984848484848485,0.43233241505968784,0.12443181818181819,0.8012123994768623,0.2662878787878788,0.6092803030303031,0.20128109580310438,,
608692,2022-01-09 14:30:00+00:00,1,9,2022,129,Hertha Berlin,1,122,FC Cologne,3,Olympiastadion Berlin,0,2021-2022,0.42857142857142855,-0.5,0.4,-0.3,0.2857142857142857,-0.14285714285714285,0.3,-0.4,0,0,0,0.5714285714285714,0.7142857142857143,0.5833333333333333,0.5238095238095237,0.48120300751879697,0.5639097744360902,0.5225563909774436,4,3.0977443609022557,1.7488726310420986,3.5349625186627804,0.03473564034720322,2,0.518796992481203,0.43609022556390975,0.5639097744360902,0.6090225563909775,0.26278195488721806,0.2649550568149697,0.17838345864661653,0.5394936107865345,0.30225563909774433,0.5193609022556391,0.44803653162657997,,
608696,2022-01-09 16:30:00+00:00,1,9,2022,121,VfL Bochum,1,138,VfL Wolfsburg,0,Vonovia Ruhrstadion,0,2021-2022,0.35714285714285715,-0.7142857142857143,0.5,0.2,0.21428571428571427,-1.0714285714285714,0.2,-1.3,0,0,0,0.6428571428571428,0.7857142857142857,0.6190476190476191,0.6785714285714286,0.417910447761194,0.746268656716418,0.582089552238806,1,3.1044776119402986,1.7440280776367199,3.5404846313494787,0.6538742539626965,1,0.582089552238806,0.7611940298507462,0.23880597014925375,0.05223880597014925,0.19776119402985076,0.31371129427489425,0.18731343283582091,0.3794299830763758,0.3082089552238806,0.5044776119402985,0.4897327169624713,,
608701,2022-01-14 19:30:00+00:00,1,14,2022,124,Borussia Dortmund,5,126,SC Freiburg,1,SIGNAL IDUNA PARK,0,2021-2022,0.6666666666666666,0.8666666666666667,0.6,0.8,0.4,0.6666666666666666,0.4,0.6,0,0,0,0.33333333333333337,0.6,0.3555555555555555,0.38888888888888895,0.14074074074074075,0.2814814814814815,0.21111111111111114,6,3.088888888888889,1.7469233794108827,3.5256197337416095,0.633268491727829,4,0.8592592592592593,0.08888888888888889,0.9111111111111111,0.9259259259259259,0.3322222222222222,0.3536748971193416,0.13166666666666668,0.6077387898186253,0.27111111111111114,0.5972222222222221,0.4564729440034234,,
608703,2022-01-15 14:30:00+00:00,1,15,2022,598,1. FC Union Berlin,2,7911,TSG Hoffenheim,1,Stadion An der Alten Försterei,0,2021-2022,0.4,0.06666666666666667,0.3,-0.1,0.5333333333333333,0.5333333333333333,0.6,0.5,0,0,0,0.6,0.4666666666666667,0.4888888888888888,0.4111111111111111,0.49640287769784175,0.2302158273381295,0.36330935251798563,3,3.093525179856115,1.7523983000156138,3.5316247548600184,0.0449739138173364,1,0.7697841726618705,0.7697841726618705,0.2302158273381295,0.4244604316546763,0.1960431654676259,0.3898323068164174,0.15449640287769784,0.6267771415081589,0.28633093525179854,0.5591726618705036,0.27601887878953446,,
608702,2022-01-15 14:30:00+00:00,1,15,2022,2950,Mainz,1,121,VfL Bochum,0,MEWA ARENA,0,2021-2022,0.3333333333333333,0.2,0.4,0.5,0.4,-0.6,0.5,0.2,0,0,0,0.6666666666666667,0.6,0.4666666666666667,0.6000000000000001,0.38405797101449274,0.42028985507246375,0.40217391304347827,1,3.108695652173913,1.749597587136901,3.546095048958138,0.6531526787401383,1,0.6159420289855073,0.7681159420289855,0.23188405797101452,0.050724637681159424,0.1963768115942029,0.32785496744381437,0.16032608695652173,0.3969205295745323,0.2902173913043478,0.5494565217391305,0.3929912789520756,,
608706,2022-01-15 14:30:00+00:00,1,15,2022,138,VfL Wolfsburg,0,129,Hertha Berlin,0,Volkswagen Arena,0,2021-2022,0.2,-1.0666666666666667,0.2,-1.2,0.4,-0.6,0.3,-0.6,0,0,0,0.8,0.6,0.6777777777777778,0.6000000000000001,0.7428571428571429,0.5571428571428572,0.65,0,3.092857142857143,1.7461012215355367,3.529382448241027,0.8703365472891178,0,0.44285714285714284,1.0,0.0,0.0,0.15000000000000002,0.27321428571428574,0.1975,0.3396428571428572,0.315,0.4875,0.4887664680896008,,
608707,2022-01-15 14:30:00+00:00,1,15,2022,134,VfB Stuttgart,0,11420,RB Leipzig,2,MHPArena,0,2021-2022,0.2,-0.5333333333333333,0.2,-0.8,0.4,0.6,0.4,0.3,0,0,0,0.8,0.6,0.5888888888888888,0.4,0.6838235294117647,0.33088235294117646,0.5073529411764706,2,3.110294117647059,1.7582516320887975,3.549857025669258,0.3219268966792863,2,0.6691176470588236,0.4411764705882353,0.5588235294117647,0.16176470588235295,0.26176470588235295,0.320806660899654,0.17610294117647057,0.38420895455933246,0.30073529411764705,0.5231617647058824,0.4901778918611468,,
608704,2022-01-15 14:30:00+00:00,1,15,2022,122,FC Cologne,0,132,Bayern Munich,4,RheinEnergieStadion,0,2021-2022,0.3333333333333333,0.0,0.4,0.3,0.8,2.2,0.8,1.8,0,0,0,0.6666666666666667,0.19999999999999996,0.5,0.1333333333333333,0.40875912408759124,0.058394160583941604,0.23357664233576642,4,3.102189781021898,1.754341972887835,3.5407752742438565,0.03368012686394817,4,0.9416058394160584,0.0948905109489051,0.9051094890510949,0.6058394160583942,0.33102189781021896,0.38185465395066337,0.13503649635036497,0.5218772373921433,0.27335766423357666,0.5916058394160584,0.3901519676880322,,
608705,2022-01-15 17:30:00+00:00,1,15,2022,268,Borussia Mönchengladbach,1,131,Bayer Leverkusen,2,BORUSSIA-PARK,0,2021-2022,0.4,-0.26666666666666666,0.3,-0.8,0.4,0.3333333333333333,0.3,0.3,0,0,0,0.6,0.6,0.5444444444444445,0.4444444444444444,0.5602836879432624,0.4326241134751773,0.4964539007092199,3,3.0709219858156027,1.759242491491811,3.5107326086885555,0.04126549697265769,1,0.5673758865248226,0.7659574468085106,0.23404255319148937,0.425531914893617,0.19680851063829788,0.3081748905990644,0.174468085106383,0.5583586167483763,0.299645390070922,0.5258865248226949,0.33840770096068407,,
608708,2022-01-16 14:30:00+00:00,1,16,2022,3841,FC Augsburg,1,125,Eintracht Frankfurt,1,WWK Arena,0,2021-2022,0.26666666666666666,-0.26666666666666666,0.3,-0.1,0.4666666666666667,0.3333333333333333,0.6,0.5,0,0,0,0.7333333333333334,0.5333333333333333,0.5444444444444445,0.4444444444444444,0.5704225352112676,0.24647887323943662,0.4084507042253521,2,3.0704225352112675,1.7530030457343226,3.508673296644848,0.3094972098328769,0,0.7535211267605634,1.0,0.0,0.16901408450704225,0.15,0.40524647887323945,0.16126760563380282,0.5934442570918469,0.2908450704225352,0.5478873239436619,0.27369683728102306,,
608709,2022-01-16 16:30:00+00:00,1,16,2022,2506,Arminia Bielefeld,2,3070,SpVgg Greuther Fürth,2,SchücoArena,0,2021-2022,0.2,-0.5333333333333333,0.3,-0.1,0.06666666666666667,-1.9333333333333333,0.1,-2.1,0,0,0,0.8,0.9333333333333333,0.5888888888888888,0.8222222222222222,0.6083916083916084,0.8461538461538461,0.7272727272727273,4,3.062937062937063,1.7491115781768871,3.5002149574812846,0.040000655487556824,0,0.39160839160839156,1.0,0.0,0.6153846153846154,0.15,0.25143356643356646,0.2090909090909091,0.6785233996772458,0.32272727272727275,0.46818181818181814,0.34885964118872054,,
608712,2022-01-21 19:30:00+00:00,1,21,2022,125,Eintracht Frankfurt,0,2506,Arminia Bielefeld,2,Deutsche Bank Park,0,2021-2022,0.4375,0.3125,0.6,0.7,0.1875,-0.5,0.3,0.1,0,0,0,0.5625,0.8125,0.44791666666666663,0.5833333333333333,0.20833333333333334,0.6180555555555556,0.4131944444444445,2,3.0694444444444446,1.744733444998059,3.505627805693959,0.31088446469502107,2,0.7916666666666666,0.4305555555555556,0.5694444444444444,0.16666666666666666,0.2638888888888889,0.36498842592592595,0.16197916666666667,0.42791361239711934,0.29131944444444446,0.5467013888888889,0.4421410223773938,,
608710,2022-01-22 14:30:00+00:00,1,22,2022,131,Bayer Leverkusen,5,3841,FC Augsburg,1,BayArena,0,2021-2022,0.4375,0.375,0.4,0.4,0.25,-0.25,0.3,0.2,0,0,0,0.5625,0.75,0.4375,0.5416666666666667,0.35172413793103446,0.5379310344827586,0.44482758620689655,6,3.0620689655172413,1.7409316218270594,3.497301870974006,0.6441667530060096,4,0.6482758620689655,0.09655172413793103,0.903448275862069,0.9241379310344827,0.3306896551724138,0.28387990487514864,0.16672413793103447,0.597978104883349,0.2944827586206897,0.5387931034482758,0.6131181227975477,,
608711,2022-01-22 14:30:00+00:00,1,22,2022,268,Borussia Mönchengladbach,1,598,1. FC Union Berlin,2,BORUSSIA-PARK,0,2021-2022,0.375,-0.3125,0.3,-0.8,0.4375,0.125,0.4,0.0,0,0,0,0.625,0.5625,0.5520833333333333,0.47916666666666663,0.589041095890411,0.3835616438356164,0.4863013698630137,3,3.0821917808219177,1.7518732803923547,3.5201601009200063,0.04312231546164613,1,0.6164383561643836,0.7602739726027398,0.23972602739726023,0.4246575342465753,0.19794520547945205,0.3274141489960593,0.17294520547945205,0.572505199001586,0.29863013698630136,0.5284246575342466,0.3360208489373878,,
608715,2022-01-22 14:30:00+00:00,1,22,2022,126,SC Freiburg,2,134,VfB Stuttgart,0,Europa-Park Stadion,0,2021-2022,0.375,0.375,0.3,0.0,0.1875,-0.625,0.2,-1.0,0,0,0,0.625,0.8125,0.4375,0.6041666666666667,0.4489795918367347,0.7278911564625851,0.5884353741496599,2,3.0816326530612246,1.745876567062983,3.51810179482697,0.31480106250225504,2,0.5510204081632653,0.43537414965986393,0.564625850340136,0.16326530612244897,0.2629251700680272,0.27677911981118974,0.18826530612244896,0.34052992847840224,0.308843537414966,0.5028911564625851,0.5295661091442564,,
608716,2022-01-22 14:30:00+00:00,1,22,2022,3070,SpVgg Greuther Fürth,2,2950,Mainz,1,Sportpark Ronhof | Thomas Sommer,0,2021-2022,0.0625,-1.8125,0.1,-1.8,0.375,0.25,0.4,0.3,0,0,0,0.9375,0.625,0.8020833333333334,0.45833333333333337,0.8581081081081081,0.3783783783783784,0.6182432432432432,3,3.074324324324324,1.7421982213277285,3.509873879656256,0.04192124691321364,1,0.6216216216216216,0.7635135135135135,0.2364864864864865,0.42567567567567566,0.1972972972972973,0.32975894813732654,0.1927364864864865,0.5757403312735672,0.31182432432432433,0.4954391891891892,0.38812392385379446,,
608718,2022-01-22 14:30:00+00:00,1,22,2022,7911,TSG Hoffenheim,2,124,Borussia Dortmund,3,PreZero Arena,0,2021-2022,0.5,0.4375,0.6,0.8,0.6875,1.0625,0.6,1.0,0,0,0,0.5,0.3125,0.42708333333333337,0.32291666666666663,0.1610738255033557,0.10067114093959731,0.1308724832214765,5,3.0738255033557045,1.7363131168125914,3.507903782558852,0.308739823328983,1,0.8993288590604027,0.7651006711409396,0.2348993288590604,0.8120805369127517,0.1969798657718121,0.44139160398180266,0.11963087248322148,0.808530181390342,0.26308724832214764,0.6172818791946308,0.17951904487523213,,
608714,2022-01-22 17:30:00+00:00,1,22,2022,121,VfL Bochum,2,122,FC Cologne,2,Vonovia Ruhrstadion,0,2021-2022,0.375,-0.625,0.4,-0.1,0.3125,-0.25,0.4,-0.1,0,0,0,0.625,0.6875,0.6041666666666667,0.5416666666666667,0.52,0.49333333333333335,0.5066666666666667,4,3.0866666666666664,1.7376087351101506,3.521068850444204,0.03727262335985182,0,0.5066666666666666,1.0,0.0,0.6133333333333333,0.15,0.3003333333333333,0.176,0.7134622222222221,0.3006666666666667,0.5233333333333334,0.2717155372668896,,
608717,2022-01-23 14:30:00+00:00,1,23,2022,11420,RB Leipzig,2,138,VfL Wolfsburg,0,Red Bull Arena,0,2021-2022,0.4375,0.6875,0.4,0.2,0.1875,-1.0,0.2,-1.0,0,0,0,0.5625,0.8125,0.38541666666666663,0.6666666666666667,0.33112582781456956,0.7549668874172185,0.543046357615894,2,3.0927152317880795,1.7334012552492803,3.5260655456003995,0.321276502801926,2,0.6688741721854304,0.4304635761589404,0.5695364238410596,0.15894039735099338,0.2639072847682119,0.31978597429937283,0.18145695364238412,0.3803449395591165,0.3043046357615894,0.5142384105960265,0.5108657253055869,,
608713,2022-01-23 16:30:00+00:00,1,23,2022,129,Hertha Berlin,1,132,Bayern Munich,4,Olympiastadion Berlin,0,2021-2022,0.375,-0.5625,0.2,-0.7,0.8125,2.3125,0.8,1.8,0,0,0,0.625,0.1875,0.59375,0.11458333333333337,0.631578947368421,0.05263157894736842,0.3421052631578947,5,3.085526315789474,1.7299239310587948,3.5180072985541724,0.3071564329626838,3,0.9473684210526316,0.19078947368421054,0.8092105263157895,0.8092105263157895,0.3118421052631579,0.3947853185595568,0.1513157894736842,0.6081504228021577,0.28421052631578947,0.5644736842105263,0.46957318601270526,,
608720,2022-02-04 19:30:00+00:00,2,4,2022,129,Hertha Berlin,1,121,VfL Bochum,1,Olympiastadion Berlin,0,2021-2022,0.35294117647058826,-0.7058823529411765,0.2,-0.8,0.35294117647058826,-0.5882352941176471,0.4,0.0,0,0,0,0.6470588235294117,0.6470588235294117,0.6176470588235294,0.5980392156862746,0.6601307189542484,0.49019607843137253,0.5751633986928104,2,3.0980392156862746,1.7311568458021944,3.5308284271368233,0.32360367579620475,0,0.5098039215686274,1.0,0.0,0.1568627450980392,0.15,0.30166666666666664,0.18627450980392157,0.4641503267973856,0.30751633986928106,0.5062091503267974,0.3514320914310457,,
608727,2022-02-05 14:30:00+00:00,2,5,2022,2506,Arminia Bielefeld,1,268,Borussia Mönchengladbach,1,SchücoArena,0,2021-2022,0.23529411764705882,-0.35294117647058826,0.4,0.4,0.35294117647058826,-0.35294117647058826,0.2,-1.0,0,0,0,0.7647058823529411,0.6470588235294117,0.5588235294117647,0.5588235294117647,0.5194805194805194,0.6818181818181818,0.6006493506493507,2,3.090909090909091,1.7277573826729458,3.5228484365773274,0.32188239743695446,0,0.48051948051948057,1.0,0.0,0.15584415584415584,0.15,0.2892207792207792,0.1900974025974026,0.4486928655759824,0.31006493506493504,0.49983766233766236,0.3614161750077962,,
608722,2022-02-05 14:30:00+00:00,2,5,2022,3841,FC Augsburg,2,598,1. FC Union Berlin,0,WWK Arena,0,2021-2022,0.23529411764705882,-0.47058823529411764,0.2,-0.5,0.47058823529411764,0.17647058823529413,0.5,0.4,0,0,0,0.7647058823529411,0.5294117647058824,0.5784313725490196,0.47058823529411764,0.6645161290322581,0.2645161290322581,0.4645161290322581,2,3.0838709677419356,1.7243663948714743,3.514962566459804,0.32018561461098216,2,0.7354838709677419,0.432258064516129,0.567741935483871,0.15483870967741936,0.2635483870967742,0.3444693028095734,0.1696774193548387,0.40342925715820216,0.2964516129032258,0.5338709677419355,0.4706279566269165,,
608726,2022-02-05 14:30:00+00:00,2,5,2022,122,FC Cologne,1,126,SC Freiburg,0,RheinEnergieStadion,0,2021-2022,0.29411764705882354,-0.23529411764705882,0.4,0.1,0.4117647058823529,0.47058823529411764,0.3,0.0,0,0,0,0.7058823529411764,0.5882352941176471,0.5392156862745099,0.42156862745098034,0.4935897435897436,0.4423076923076923,0.46794871794871795,1,3.076923076923077,1.720984195306941,3.5071691257498125,0.6539480704422054,1,0.5576923076923077,0.7564102564102564,0.2435897435897436,0.05128205128205128,0.19871794871794873,0.3035626232741617,0.1701923076923077,0.3659654263389471,0.2967948717948718,0.5330128205128204,0.4330157839479588,,
608725,2022-02-05 14:30:00+00:00,2,5,2022,2950,Mainz,2,7911,TSG Hoffenheim,0,MEWA ARENA,0,2021-2022,0.35294117647058826,0.17647058823529413,0.3,0.1,0.47058823529411764,0.35294117647058826,0.5,0.5,0,0,0,0.6470588235294117,0.5294117647058824,0.47058823529411764,0.4411764705882353,0.46496815286624205,0.25477707006369427,0.3598726114649682,2,3.0636942675159236,1.7234488702867194,3.494556485087603,0.3134036225647501,2,0.7452229299363058,0.43312101910828027,0.5668789808917197,0.1592356687898089,0.26337579617834395,0.3481370440991521,0.15398089171974522,0.40892016652656804,0.2859872611464968,0.560031847133758,0.41191845974903424,,
608719,2022-02-05 14:30:00+00:00,2,5,2022,134,VfB Stuttgart,2,125,Eintracht Frankfurt,3,MHPArena,0,2021-2022,0.17647058823529413,-0.7058823529411765,0.2,-0.9,0.4117647058823529,0.17647058823529413,0.6,0.5,0,0,0,0.8235294117647058,0.5882352941176471,0.6176470588235294,0.47058823529411764,0.7341772151898734,0.25316455696202533,0.4936708860759494,5,3.0569620253164556,1.7200343311863189,3.4869706081130354,0.3208360150552809,1,0.7468354430379747,0.759493670886076,0.240506329113924,0.810126582278481,0.1981012658227848,0.3796330716231373,0.17405063291139242,0.7783665998024498,0.2993670886075949,0.5265822784810126,0.38779973102929,,
608721,2022-02-05 17:30:00+00:00,2,5,2022,132,Bayern Munich,3,11420,RB Leipzig,2,Allianz Arena,0,2021-2022,0.8235294117647058,2.3529411764705883,0.8,1.8,0.47058823529411764,0.7647058823529411,0.5,0.4,0,0,0,0.17647058823529416,0.5294117647058824,0.10784313725490191,0.37254901960784315,0.07547169811320754,0.25157232704402516,0.16352201257861634,5,3.069182389937107,1.7214929377949237,3.499555624385838,0.3160283363383437,1,0.9245283018867925,0.7610062893081762,0.23899371069182385,0.8050314465408805,0.19779874213836476,0.4510490091372968,0.12452830188679245,0.8088102706708671,0.26635220125786163,0.6091194968553459,0.20261541902853422,,
608724,2022-02-06 14:30:00+00:00,2,6,2022,124,Borussia Dortmund,2,131,Bayer Leverkusen,5,SIGNAL IDUNA PARK,0,2021-2022,0.7058823529411765,1.0588235294117647,0.6,0.9,0.47058823529411764,0.5882352941176471,0.5,1.0,0,0,0,0.2941176470588235,0.5294117647058824,0.32352941176470595,0.4019607843137255,0.11875,0.21875,0.16875,7,3.08125,1.7228463905800169,3.511961597645004,0.871195535649936,3,0.88125,0.1875,0.8125,0.9625,0.3125,0.3716796875,0.1253125,0.6490576171875,0.266875,0.6078125000000001,0.42857598743613257,,
608723,2022-02-06 16:30:00+00:00,2,6,2022,138,VfL Wolfsburg,4,3070,SpVgg Greuther Fürth,1,Volkswagen Arena,0,2021-2022,0.17647058823529413,-1.0588235294117647,0.1,-1.4,0.11764705882352941,-1.6470588235294117,0.2,-1.5,0,0,0,0.8235294117647058,0.8823529411764706,0.6764705882352942,0.7745098039215687,0.8198757763975155,0.8322981366459627,0.8260869565217391,5,3.1055900621118013,1.745001735214215,3.541840495915355,0.2946992312878278,3,0.18012422360248448,0.19254658385093168,0.8074534161490683,0.7950310559006211,0.31149068322981366,0.13085953474017206,0.22391304347826085,0.5246524688847934,0.33260869565217394,0.44347826086956527,0.7009046361388881,,
608731,2022-02-11 19:30:00+00:00,2,11,2022,11420,RB Leipzig,3,122,FC Cologne,1,Red Bull Arena,0,2021-2022,0.4444444444444444,0.6666666666666666,0.4,0.2,0.3333333333333333,-0.16666666666666666,0.5,0.2,0,0,0,0.5555555555555556,0.6666666666666667,0.38888888888888895,0.5277777777777777,0.32098765432098764,0.41975308641975306,0.37037037037037035,4,3.117283950617284,1.7459297918661882,3.5537663985838313,0.03213422736853144,2,0.6790123456790124,0.4382716049382716,0.5617283950617284,0.6049382716049383,0.2623456790123457,0.32420362749580856,0.15555555555555556,0.5703373469491438,0.28703703703703703,0.5574074074074074,0.3726826996574185,,
608736,2022-02-12 14:30:00+00:00,2,12,2022,121,VfL Bochum,4,132,Bayern Munich,2,Vonovia Ruhrstadion,0,2021-2022,0.3333333333333333,-0.5555555555555556,0.3,-0.2,0.8333333333333334,2.2777777777777777,0.8,1.8,0,0,0,0.6666666666666667,0.16666666666666663,0.5925925925925926,0.12037037037037035,0.5688622754491018,0.04790419161676647,0.3083832335329342,6,3.1197604790419162,1.7313633989987605,3.5526013287916065,0.6317842532862288,2,0.9520958083832335,0.437125748502994,0.562874251497006,0.9221556886227545,0.2625748502994012,0.4247922119832192,0.14625748502994013,0.723980269945247,0.2808383233532934,0.5729041916167665,0.4271538841316719,,
608732,2022-02-12 14:30:00+00:00,2,12,2022,125,Eintracht Frankfurt,0,138,VfL Wolfsburg,2,Deutsche Bank Park,0,2021-2022,0.4444444444444444,0.2222222222222222,0.6,0.5,0.2222222222222222,-0.8333333333333334,0.1,-1.2,0,0,0,0.5555555555555556,0.7777777777777778,0.4629629629629629,0.6388888888888888,0.25301204819277107,0.8192771084337349,0.536144578313253,2,3.1265060240963853,1.734399509207509,3.5601059013982628,0.3327277521655412,2,0.7469879518072289,0.43373493975903615,0.5662650602409638,0.15060240963855423,0.26325301204819274,0.3488452605603135,0.18042168674698794,0.4063721411994326,0.3036144578313253,0.5159638554216868,0.5085887852170642,,
608733,2022-02-12 14:30:00+00:00,2,12,2022,268,Borussia Mönchengladbach,3,3841,FC Augsburg,2,BORUSSIA-PARK,0,2021-2022,0.3333333333333333,-0.3333333333333333,0.2,-1.0,0.2777777777777778,-0.3333333333333333,0.3,-0.2,0,0,0,0.6666666666666667,0.7222222222222222,0.5555555555555556,0.5555555555555556,0.656441717791411,0.6012269938650306,0.6288343558282208,5,3.1226993865030677,1.741905463462813,3.558175752368771,0.2900544301599095,1,0.39877300613496935,0.7668711656441718,0.2331288343558282,0.7914110429447853,0.19662576687116565,0.24051940231096394,0.19432515337423312,0.7083059712331383,0.31288343558282206,0.49279141104294477,0.4391911917752406,,
608730,2022-02-12 14:30:00+00:00,2,12,2022,3070,SpVgg Greuther Fürth,2,129,Hertha Berlin,1,Sportpark Ronhof | Thomas Sommer,0,2021-2022,0.1111111111111111,-1.7222222222222223,0.2,-1.7,0.3333333333333333,-0.6666666666666666,0.2,-0.8,0,0,0,0.8888888888888888,0.6666666666666667,0.7870370370370371,0.6111111111111112,0.8414634146341463,0.6951219512195121,0.7682926829268293,3,3.1341463414634148,1.7427303528507414,3.5698289296761,0.05205260035792292,1,0.30487804878048785,0.7682926829268293,0.23170731707317072,0.42073170731707316,0.19634146341463415,0.2028747769185009,0.2152439024390244,0.4684961858504665,0.32682926829268294,0.4579268292682927,0.43875456997293605,,
608729,2022-02-12 14:30:00+00:00,2,12,2022,126,SC Freiburg,1,2950,Mainz,1,Europa-Park Stadion,0,2021-2022,0.3888888888888889,0.3888888888888889,0.3,0.0,0.3888888888888889,0.2777777777777778,0.4,0.3,0,0,0,0.6111111111111112,0.6111111111111112,0.43518518518518523,0.4537037037037037,0.42424242424242425,0.37575757575757573,0.4,2,3.1333333333333333,1.737440412501065,3.5676934364585997,0.33440449282405305,0,0.6242424242424243,1.0,0.0,0.15151515151515152,0.15,0.3503030303030303,0.16,0.5196510560146924,0.29000000000000004,0.5499999999999999,0.27350471885184846,,
608734,2022-02-12 17:30:00+00:00,2,12,2022,131,Bayer Leverkusen,4,134,VfB Stuttgart,2,BayArena,0,2021-2022,0.5,0.7222222222222222,0.6,1.3,0.16666666666666666,-0.7222222222222222,0.2,-0.9,0,0,0,0.5,0.8333333333333334,0.37962962962962965,0.6203703703703705,0.13690476190476192,0.7559523809523809,0.4464285714285714,6,3.136904761904762,1.7404163423639782,3.5720088474957565,0.6220906606193211,2,0.8630952380952381,0.44047619047619047,0.5595238095238095,0.9166666666666666,0.2619047619047619,0.39233276643990933,0.16696428571428573,0.7158109275456215,0.29464285714285715,0.5383928571428571,0.5090805707590167,,
608735,2022-02-13 14:30:00+00:00,2,13,2022,598,1. FC Union Berlin,0,124,Borussia Dortmund,3,Stadion An der Alten Försterei,0,2021-2022,0.4444444444444444,0.05555555555555555,0.5,0.2,0.6666666666666666,0.8333333333333334,0.6,0.7,0,0,0,0.5555555555555556,0.33333333333333337,0.4907407407407408,0.36111111111111105,0.3254437869822485,0.1301775147928994,0.22781065088757396,3,3.1538461538461537,1.7491494531696856,3.591133517138575,0.0555067471572831,3,0.8698224852071006,0.1893491124260355,0.8106508875739645,0.42011834319526625,0.3121301775147929,0.3679493014950457,0.1341715976331361,0.4755731996024703,0.2727810650887574,0.5930473372781064,0.3636801413855518,,
608728,2022-02-13 16:30:00+00:00,2,13,2022,7911,TSG Hoffenheim,2,2506,Arminia Bielefeld,0,PreZero Arena,0,2021-2022,0.4444444444444444,0.2222222222222222,0.5,0.5,0.2222222222222222,-0.3333333333333333,0.3,0.3,0,0,0,0.5555555555555556,0.7777777777777778,0.4629629629629629,0.5555555555555556,0.2823529411764706,0.5647058823529412,0.4235294117647059,2,3.152941176470588,1.7440066931155238,3.5889428497494693,0.33968632756435124,2,0.7176470588235294,0.4470588235294118,0.5529411764705883,0.14705882352941177,0.2605882352941177,0.33925951557093426,0.16352941176470587,0.39752525951557094,0.2923529411764706,0.5441176470588235,0.44765251155948527,,
608738,2022-02-18 19:30:00+00:00,2,18,2022,2950,Mainz,3,131,Bayer Leverkusen,2,MEWA ARENA,0,2021-2022,0.3684210526315789,0.2631578947368421,0.4,0.3,0.5263157894736842,0.7894736842105263,0.6,1.4,0,0,0,0.631578947368421,0.4736842105263158,0.45614035087719296,0.36842105263157887,0.3742690058479532,0.15204678362573099,0.2631578947368421,5,3.146198830409357,1.7411034858586703,3.5814747018740243,0.2824342087835672,1,0.847953216374269,0.7719298245614035,0.22807017543859653,0.783625730994152,0.1956140350877193,0.4214794295680722,0.1394736842105263,0.7912795060048465,0.2763157894736842,0.5842105263157895,0.25615114241621223,,
608744,2022-02-19 14:30:00+00:00,2,19,2022,2506,Arminia Bielefeld,1,598,1. FC Union Berlin,0,SchücoArena,0,2021-2022,0.21052631578947367,-0.42105263157894735,0.3,0.1,0.42105263157894735,-0.10526315789473684,0.4,-0.3,0,0,0,0.7894736842105263,0.5789473684210527,0.5701754385964912,0.5175438596491229,0.6046511627906976,0.47093023255813954,0.5377906976744186,1,3.1569767441860463,1.741750191746841,3.5924142921227564,0.6696694834066597,1,0.5290697674418605,0.7732558139534884,0.2267441860465116,0.046511627906976744,0.19534883720930235,0.29332341806381834,0.1806686046511628,0.3539498880601709,0.30377906976744184,0.5155523255813954,0.46712763391901896,,
608743,2022-02-19 14:30:00+00:00,2,19,2022,3841,FC Augsburg,1,126,SC Freiburg,2,WWK Arena,0,2021-2022,0.2631578947368421,-0.3684210526315789,0.2,-0.4,0.3684210526315789,0.3684210526315789,0.3,0.2,0,0,0,0.736842105263158,0.631578947368421,0.5614035087719298,0.4385964912280702,0.6416184971098265,0.4624277456647399,0.5520231213872833,3,3.1445086705202314,1.744405148222544,3.5806099575758674,0.05388546342566358,1,0.5375722543352601,0.7745664739884393,0.22543352601156075,0.42196531791907516,0.19508670520231214,0.2968408566941762,0.1828034682080925,0.5491851234820289,0.30520231213872834,0.511994219653179,0.3612859302377204,,
608740,2022-02-19 14:30:00+00:00,2,19,2022,134,VfB Stuttgart,1,121,VfL Bochum,1,MHPArena,0,2021-2022,0.15789473684210525,-0.7894736842105263,0.2,-1.0,0.3684210526315789,-0.42105263157894735,0.4,0.1,0,0,0,0.8421052631578947,0.631578947368421,0.631578947368421,0.5701754385964912,0.7528735632183908,0.4885057471264368,0.6206896551724138,2,3.1436781609195403,1.7393907078483546,3.578525837881629,0.3375386985289305,0,0.5114942528735632,1.0,0.0,0.14942528735632185,0.15000000000000002,0.30238505747126443,0.19310344827586207,0.46093671555027094,0.3120689655172414,0.4948275862068966,0.37231425046503963,,
608739,2022-02-19 14:30:00+00:00,2,19,2022,138,VfL Wolfsburg,1,7911,TSG Hoffenheim,2,Volkswagen Arena,0,2021-2022,0.2631578947368421,-0.6842105263157895,0.2,-1.0,0.47368421052631576,0.3157894736842105,0.5,0.5,0,0,0,0.736842105263158,0.5263157894736843,0.6140350877192982,0.4473684210526315,0.7142857142857143,0.26857142857142857,0.49142857142857144,3,3.137142857142857,1.736538655620155,3.5712775210478958,0.05267420994120442,1,0.7314285714285714,0.7714285714285715,0.22857142857142854,0.4228571428571429,0.1957142857142857,0.3745673469387755,0.1737142857142857,0.6138124548104955,0.29914285714285715,0.5271428571428571,0.33657883418407203,,
608737,2022-02-19 17:30:00+00:00,2,19,2022,122,FC Cologne,1,125,Eintracht Frankfurt,0,RheinEnergieStadion,0,2021-2022,0.3157894736842105,-0.2631578947368421,0.5,0.0,0.42105263157894735,0.10526315789473684,0.5,0.1,0,0,0,0.6842105263157895,0.5789473684210527,0.5438596491228069,0.48245614035087725,0.4034090909090909,0.3352272727272727,0.36931818181818177,1,3.1363636363636362,1.7316008658006496,3.5692638528137985,0.6673811191975652,1,0.6647727272727273,0.7727272727272727,0.2272727272727273,0.045454545454545456,0.19545454545454546,0.34787448347107436,0.15539772727272727,0.41950272351615325,0.2869318181818182,0.5576704545454545,0.3748791243339811,,
608742,2022-02-20 14:30:00+00:00,2,20,2022,132,Bayern Munich,4,3070,SpVgg Greuther Fürth,1,Allianz Arena,0,2021-2022,0.7894736842105263,2.0526315789473686,0.8,1.7,0.15789473684210525,-1.5789473684210527,0.3,-1.2,0,0,0,0.21052631578947367,0.8421052631578947,0.1578947368421053,0.7631578947368421,0.07344632768361582,0.8248587570621468,0.4491525423728813,5,3.1242937853107344,1.7341252981152868,3.5578251098395564,0.2923572244485023,3,0.9265536723163842,0.1864406779661017,0.8135593220338984,0.7853107344632768,0.31271186440677967,0.3871334865460117,0.1673728813559322,0.5976364239338545,0.29491525423728815,0.5377118644067796,0.5303783762982789,,
608745,2022-02-20 16:30:00+00:00,2,20,2022,124,Borussia Dortmund,6,268,Borussia Mönchengladbach,0,SIGNAL IDUNA PARK,0,2021-2022,0.6842105263157895,0.9473684210526315,0.6,0.9,0.3684210526315789,-0.2631578947368421,0.2,-1.3,0,0,0,0.3157894736842105,0.631578947368421,0.3421052631578948,0.5438596491228069,0.11797752808988764,0.6966292134831461,0.40730337078651685,6,3.134831460674157,1.7349254611120342,3.568562825952166,0.6254582357419153,6,0.8820224719101124,0.02247191011235955,0.9775280898876404,0.9157303370786517,0.3455056179775281,0.35408881454361824,0.16109550561797753,0.5877912628073008,0.2907303370786517,0.5481741573033708,0.6082287638543775,,
608741,2022-02-20 18:30:00+00:00,2,20,2022,129,Hertha Berlin,1,11420,RB Leipzig,6,Olympiastadion Berlin,0,2021-2022,0.3157894736842105,-0.6842105263157895,0.2,-0.7,0.47368421052631576,0.7368421052631579,0.5,0.6,0,0,0,0.6842105263157895,0.5263157894736843,0.6140350877192982,0.3771929824561403,0.6759776536312849,0.2346368715083799,0.4553072625698324,7,3.1508379888268156,1.7432492171676097,3.5866502931187183,0.8529463930083857,5,0.7653631284916201,0.03910614525139665,0.9608938547486033,0.9608938547486033,0.3421787709497207,0.31751817983209013,0.16829608938547486,0.601303035443938,0.29553072625698323,0.5361731843575419,0.671644745981667,,
608747,2022-02-25 19:30:00+00:00,2,25,2022,7911,TSG Hoffenheim,2,134,VfB Stuttgart,1,PreZero Arena,0,2021-2022,0.5,0.35,0.5,0.3,0.15,-0.75,0.1,-1.1,0,0,0,0.5,0.85,0.44166666666666665,0.625,0.2722222222222222,0.8333333333333334,0.5527777777777778,3,3.172222222222222,1.7618887641904386,3.6126944132698315,0.05867286780562453,1,0.7277777777777779,0.7777777777777778,0.2222222222222222,0.4166666666666667,0.19444444444444445,0.3736882716049383,0.18291666666666667,0.6121034807956105,0.30527777777777776,0.5118055555555556,0.3614864892299394,,
608746,2022-02-26 14:30:00+00:00,2,26,2022,598,1. FC Union Berlin,3,2950,Mainz,1,Stadion An der Alten Försterei,0,2021-2022,0.4,-0.15,0.4,-0.3,0.4,0.3,0.5,0.5,0,0,0,0.6,0.6,0.5249999999999999,0.45000000000000007,0.4585635359116022,0.292817679558011,0.3756906077348066,4,3.1712707182320443,1.7570344455847045,3.6105293296282204,0.02426806505855872,2,0.7071823204419889,0.4419889502762431,0.5580110497237569,0.6022099447513812,0.26160220994475136,0.3349307102957785,0.156353591160221,0.5760080187313408,0.28756906077348066,0.5560773480662984,0.37317414943528754,,
608753,2022-02-26 14:30:00+00:00,2,26,2022,131,Bayer Leverkusen,3,2506,Arminia Bielefeld,0,BayArena,0,2021-2022,0.5,0.7,0.5,1.1,0.25,-0.35,0.4,0.3,0,0,0,0.5,0.75,0.3833333333333333,0.5583333333333333,0.17032967032967034,0.521978021978022,0.34615384615384615,3,3.1758241758241756,1.7532505350144125,3.614136809577779,0.05950568969830283,3,0.8296703296703296,0.1978021978021978,0.8021978021978022,0.41208791208791207,0.31043956043956045,0.3550099625649076,0.15192307692307694,0.46564845084272083,0.2846153846153846,0.5634615384615385,0.43240250218176457,,
608752,2022-02-26 14:30:00+00:00,2,26,2022,268,Borussia Mönchengladbach,2,138,VfL Wolfsburg,2,BORUSSIA-PARK,0,2021-2022,0.35,-0.55,0.2,-1.6,0.25,-0.7,0.2,-0.9,0,0,0,0.65,0.75,0.5916666666666666,0.6166666666666667,0.7158469945355191,0.73224043715847,0.7240437158469946,4,3.1748633879781423,1.7484755865722028,3.611982284621193,0.024323046076611177,0,0.28415300546448086,1.0,0.0,0.6010928961748634,0.15000000000000002,0.2057650273224044,0.2086065573770492,0.6356330436859865,0.3224043715846995,0.46898907103825127,0.34464253659313077,,
608748,2022-02-26 14:30:00+00:00,2,26,2022,126,SC Freiburg,3,129,Hertha Berlin,0,Europa-Park Stadion,0,2021-2022,0.4,0.4,0.4,0.4,0.3,-0.9,0.2,-1.2,0,0,0,0.6,0.7,0.43333333333333335,0.6499999999999999,0.3695652173913043,0.7445652173913043,0.5570652173913043,3,3.1793478260869565,1.744752509950582,3.615535953574602,0.060334525781284065,3,0.6304347826086957,0.20108695652173914,0.7989130434782609,0.4076086956521739,0.3097826086956522,0.2865902646502836,0.18355978260869565,0.4174492222815813,0.30570652173913043,0.510733695652174,0.5398198973275157,,
608749,2022-02-26 14:30:00+00:00,2,26,2022,3070,SpVgg Greuther Fürth,1,122,FC Cologne,1,Sportpark Ronhof | Thomas Sommer,0,2021-2022,0.15,-1.65,0.3,-1.2,0.35,-0.2,0.5,-0.2,0,0,0,0.85,0.65,0.775,0.5333333333333334,0.827027027027027,0.4540540540540541,0.6405405405405405,2,3.1783783783783783,1.7400548365820472,3.61339208752389,0.34939786064949674,0,0.5459459459459459,1.0,0.0,0.14594594594594595,0.15,0.317027027027027,0.19608108108108108,0.47670416362308254,0.31405405405405407,0.4898648648648648,0.3822886155759296,,
608751,2022-02-26 17:30:00+00:00,2,26,2022,125,Eintracht Frankfurt,0,132,Bayern Munich,1,Deutsche Bank Park,0,2021-2022,0.4,0.05,0.4,-0.1,0.8,2.1,0.8,1.9,0,0,0,0.6,0.19999999999999996,0.4916666666666667,0.15000000000000002,0.3978494623655914,0.053763440860215055,0.22580645161290322,1,3.172043010752688,1.7374952827560528,3.606416831441701,0.6753962727007352,1,0.946236559139785,0.7741935483870968,0.22580645161290325,0.043010752688172046,0.19516129032258064,0.46126777662157475,0.1338709677419355,0.5565565290039125,0.2725806451612903,0.5935483870967742,0.28599347604885494,,
608750,2022-02-27 14:30:00+00:00,2,27,2022,121,VfL Bochum,0,11420,RB Leipzig,1,Vonovia Ruhrstadion,0,2021-2022,0.35,-0.4,0.3,0.0,0.5,0.95,0.6,1.3,0,0,0,0.65,0.5,0.5666666666666667,0.3416666666666667,0.5454545454545454,0.1497326203208556,0.3475935828877005,1,3.160427807486631,1.7400827532160046,3.5954484957906323,0.6712260209608328,1,0.8502673796791445,0.7754010695187166,0.22459893048128343,0.0427807486631016,0.19491978609625668,0.42277474334410475,0.15213903743315507,0.5099092381747439,0.28475935828877,0.563101604278075,0.3618068322060904,,
608754,2022-02-27 16:30:00+00:00,2,27,2022,3841,FC Augsburg,1,124,Borussia Dortmund,1,WWK Arena,0,2021-2022,0.25,-0.4,0.2,-0.5,0.7,1.2,0.6,1.3,0,0,0,0.75,0.30000000000000004,0.5666666666666667,0.29999999999999993,0.675531914893617,0.09574468085106383,0.3856382978723404,2,3.148936170212766,1.7425621728894651,3.5845767134351325,0.33863349819936595,0,0.9042553191489362,1.0,0.0,0.15425531914893617,0.15,0.46930851063829787,0.15784574468085105,0.6636704956994115,0.28856382978723405,0.553590425531915,0.2669375261177128,,
608756,2022-03-04 19:30:00+00:00,3,4,2022,2506,Arminia Bielefeld,0,3841,FC Augsburg,1,SchücoArena,0,2021-2022,0.23809523809523808,-0.47619047619047616,0.4,0.0,0.23809523809523808,-0.38095238095238093,0.2,-0.4,0,0,0,0.7619047619047619,0.7619047619047619,0.5793650793650793,0.5634920634920635,0.5502645502645502,0.6931216931216931,0.6216931216931216,1,3.142857142857143,1.7399297753358622,3.577839586691108,0.6663073453758821,1,0.44973544973544977,0.7724867724867724,0.22751322751322756,0.042328042328042326,0.1955026455026455,0.2613552252176591,0.19325396825396823,0.31280806763883945,0.31216931216931215,0.4945767195767196,0.5072641310232755,,
608757,2022-03-05 14:30:00+00:00,3,5,2022,132,Bayern Munich,1,131,Bayer Leverkusen,1,Allianz Arena,0,2021-2022,0.8095238095238095,2.0476190476190474,0.8,1.9,0.5238095238095238,0.8095238095238095,0.5,0.8,0,0,0,0.19047619047619047,0.47619047619047616,0.15873015873015872,0.3650793650793651,0.06842105263157895,0.21578947368421053,0.14210526315789473,2,3.1315789473684212,1.742270194384979,3.567146495964666,0.33271426553854977,0,0.9315789473684211,1.0,0.0,0.15789473684210525,0.15,0.4809210526315789,0.12131578947368421,0.6789335180055401,0.26421052631578945,0.6144736842105263,0.1276834383913041,,
608758,2022-03-05 14:30:00+00:00,3,5,2022,129,Hertha Berlin,1,125,Eintracht Frankfurt,4,Olympiastadion Berlin,0,2021-2022,0.2857142857142857,-1.0,0.2,-1.5,0.38095238095238093,0.0,0.4,-0.1,0,0,0,0.7142857142857143,0.6190476190476191,0.6666666666666667,0.5,0.7643979057591623,0.46596858638743455,0.6151832460732984,5,3.1256544502617802,1.7396071746438033,3.560556243922731,0.28989292451006765,3,0.5340314136125655,0.19895287958115182,0.8010471204188482,0.7853403141361257,0.3102094240837696,0.2531639757682081,0.19227748691099478,0.5589297505651296,0.31151832460732987,0.49620418848167536,0.610537243267804,,
608763,2022-03-05 14:30:00+00:00,3,5,2022,11420,RB Leipzig,1,126,SC Freiburg,1,Red Bull Arena,0,2021-2022,0.5238095238095238,0.9523809523809523,0.7,1.5,0.42857142857142855,0.5238095238095238,0.4,0.1,0,0,0,0.47619047619047616,0.5714285714285714,0.3412698412698413,0.4126984126984127,0.109375,0.3541666666666667,0.23177083333333334,2,3.1354166666666665,1.7403122525784545,3.57049472981128,0.33447697348401995,0,0.890625,1.0,0.0,0.15625,0.15,0.463515625,0.134765625,0.6574975585937499,0.27317708333333335,0.5920572916666667,0.1822976102503421,,
608761,2022-03-05 14:30:00+00:00,3,5,2022,121,VfL Bochum,2,3070,SpVgg Greuther Fürth,1,Vonovia Ruhrstadion,0,2021-2022,0.3333333333333333,-0.42857142857142855,0.2,-0.2,0.14285714285714285,-1.5714285714285714,0.3,-0.6,0,0,0,0.6666666666666667,0.8571428571428572,0.5714285714285714,0.7619047619047619,0.616580310880829,0.7823834196891192,0.6994818652849741,3,3.1295336787564767,1.7376973179791457,3.563958008251263,0.0513014435791761,1,0.383419689119171,0.7668393782383419,0.23316062176165808,0.42487046632124353,0.19663212435233163,0.23435031812934573,0.20492227979274613,0.496860435242063,0.31994818652849744,0.47512953367875643,0.41745661934699957,,
608762,2022-03-05 14:30:00+00:00,3,5,2022,138,VfL Wolfsburg,1,598,1. FC Union Berlin,0,Volkswagen Arena,0,2021-2022,0.23809523809523808,-0.6666666666666666,0.2,-0.6,0.42857142857142855,-0.047619047619047616,0.4,-0.2,0,0,0,0.7619047619047619,0.5714285714285714,0.6111111111111112,0.5079365079365079,0.7061855670103093,0.4587628865979381,0.5824742268041238,1,3.1288659793814433,1.7332146157430133,3.562169633317197,0.6646733074404823,1,0.5412371134020619,0.7680412371134021,0.2319587628865979,0.041237113402061855,0.19639175257731958,0.29783212881283877,0.18737113402061856,0.35589860908562,0.3082474226804124,0.5043814432989691,0.48983047339620406,,
608760,2022-03-05 17:30:00+00:00,3,5,2022,134,VfB Stuttgart,3,268,Borussia Mönchengladbach,2,MHPArena,0,2021-2022,0.14285714285714285,-0.7619047619047619,0.1,-1.2,0.3333333333333333,-0.5238095238095238,0.2,-1.0,0,0,0,0.8571428571428572,0.6666666666666667,0.626984126984127,0.5873015873015872,0.8358974358974359,0.7076923076923077,0.7717948717948718,5,3.117948717948718,1.7354508304718577,3.551811425566682,0.29402356329665535,1,0.29230769230769227,0.7692307692307693,0.23076923076923073,0.7846153846153846,0.19615384615384615,0.1978698224852071,0.21576923076923077,0.6850031861629495,0.3271794871794872,0.4570512820512821,0.4916940322948803,,
608759,2022-03-06 16:30:00+00:00,3,6,2022,122,FC Cologne,0,7911,TSG Hoffenheim,1,RheinEnergieStadion,0,2021-2022,0.3333333333333333,-0.19047619047619047,0.5,-0.2,0.5238095238095238,0.38095238095238093,0.5,0.3,0,0,0,0.6666666666666667,0.47619047619047616,0.5317460317460319,0.4365079365079365,0.42346938775510207,0.25510204081632654,0.3392857142857143,1,3.127551020408163,1.7362075152023466,3.56160289920875,0.663246665279966,1,0.7448979591836735,0.7704081632653061,0.22959183673469385,0.04081632653061224,0.19591836734693877,0.3798875468554769,0.15089285714285716,0.45592170354189154,0.2839285714285714,0.5651785714285714,0.3570238818364322,,
608764,2022-03-12 14:30:00+00:00,3,12,2022,598,1. FC Union Berlin,1,134,VfB Stuttgart,1,Stadion An der Alten Försterei,0,2021-2022,0.4090909090909091,-0.09090909090909091,0.4,-0.2,0.18181818181818182,-0.6818181818181818,0.1,-1.3,0,0,0,0.5909090909090908,0.8181818181818181,0.5151515151515151,0.6136363636363635,0.43147208121827413,0.8426395939086294,0.6370558375634517,2,3.116751269035533,1.738394052479129,3.551349782155315,0.32846721277163216,0,0.5685279187817258,1.0,0.0,0.16243654822335024,0.15000000000000002,0.3266243654822335,0.19555837563451778,0.49691888479476415,0.31370558375634516,0.490736040609137,0.37686077395164375,,
608771,2022-03-12 14:30:00+00:00,3,12,2022,126,SC Freiburg,3,138,VfL Wolfsburg,2,Europa-Park Stadion,0,2021-2022,0.4090909090909091,0.5,0.4,0.2,0.2727272727272727,-0.5909090909090909,0.3,-0.3,0,0,0,0.5909090909090908,0.7272727272727273,0.41666666666666663,0.5984848484848484,0.35858585858585856,0.6363636363636364,0.49747474747474746,5,3.111111111111111,1.7357915667574173,3.5450590028004654,0.2962202763417957,1,0.6414141414141414,0.7676767676767676,0.23232323232323238,0.7828282828282829,0.19646464646464648,0.33805300479542905,0.17462121212121212,0.7499233883060789,0.29974747474747476,0.5256313131313132,0.3828529506885645,,
608772,2022-03-12 14:30:00+00:00,3,12,2022,7911,TSG Hoffenheim,1,132,Bayern Munich,1,PreZero Arena,0,2021-2022,0.5454545454545454,0.4090909090909091,0.5,0.3,0.7727272727272727,1.9545454545454546,0.7,1.8,0,0,0,0.4545454545454546,0.2272727272727273,0.43181818181818177,0.1742424242424242,0.24623115577889448,0.07035175879396985,0.15829145728643218,2,3.120603015075377,1.7365726253229854,3.5547461714061233,0.3302007788472444,0,0.9296482412060302,1.0,0.0,0.16080402010050251,0.15,0.48010050251256287,0.12374371859296483,0.679029064922603,0.26582914572864325,0.6104271356783919,0.13748567313056653,,
608767,2022-03-12 17:30:00+00:00,3,12,2022,268,Borussia Mönchengladbach,2,129,Hertha Berlin,0,BORUSSIA-PARK,0,2021-2022,0.3181818181818182,-0.5454545454545454,0.2,-0.8,0.2727272727272727,-1.0909090909090908,0.1,-2.0,0,0,0,0.6818181818181819,0.7272727272727273,0.5909090909090908,0.6818181818181819,0.68,0.86,0.77,2,3.115,1.7340152955571442,3.5485038238892863,0.32883415043498276,2,0.31999999999999995,0.42,0.5800000000000001,0.16,0.266,0.19084,0.2155,0.25217839999999997,0.327,0.45749999999999996,0.6127987594187388,,
608765,2022-03-13 14:30:00+00:00,3,13,2022,131,Bayer Leverkusen,0,122,FC Cologne,1,BayArena,0,2021-2022,0.5,0.7727272727272727,0.5,1.1,0.3181818181818182,-0.22727272727272727,0.5,-0.1,0,0,0,0.5,0.6818181818181819,0.3712121212121212,0.5378787878787878,0.15422885572139303,0.46766169154228854,0.31094527363184077,1,3.109452736318408,1.7314618676150435,3.542318203222169,0.6597120987321776,1,0.845771144278607,0.7661691542288557,0.23383084577114432,0.03980099502487562,0.19676616915422887,0.4199993812034356,0.14664179104477612,0.5034628311377446,0.2810945273631841,0.5722636815920398,0.34041262186916954,,
608766,2022-03-13 16:30:00+00:00,3,13,2022,124,Borussia Dortmund,1,2506,Arminia Bielefeld,0,SIGNAL IDUNA PARK,0,2021-2022,0.6666666666666666,1.1428571428571428,0.6,1.4,0.22727272727272727,-0.5,0.4,0.1,0,0,0,0.33333333333333337,0.7727272727272727,0.30952380952380965,0.5833333333333333,0.10396039603960396,0.5495049504950495,0.32673267326732675,1,3.099009900990099,1.7335148230380168,3.5323886067496035,0.6559703514352012,1,0.8960396039603961,0.7673267326732673,0.23267326732673266,0.039603960396039604,0.19653465346534654,0.44031492010587203,0.14900990099009903,0.5283504371538027,0.2826732673267327,0.5683168316831683,0.34920426749329264,,
608768,2022-03-13 16:30:00+00:00,3,13,2022,125,Eintracht Frankfurt,2,121,VfL Bochum,1,Deutsche Bank Park,0,2021-2022,0.4090909090909091,0.13636363636363635,0.4,-0.1,0.36363636363636365,-0.36363636363636365,0.3,-0.1,0,0,0,0.5909090909090908,0.6363636363636364,0.4772727272727273,0.5606060606060606,0.3842364532019704,0.5369458128078818,0.4605911330049261,3,3.0886699507389164,1.7354828427440323,3.5225406614249244,0.044316331109281126,1,0.6157635467980296,0.7684729064039408,0.23152709359605916,0.43842364532019706,0.19630541871921184,0.32781237108398653,0.1690886699507389,0.5814306597858065,0.2960591133004926,0.5348522167487685,0.3223872840219659,,
608770,2022-03-13 18:30:00+00:00,3,13,2022,3070,SpVgg Greuther Fürth,1,11420,RB Leipzig,6,Sportpark Ronhof | Thomas Sommer,0,2021-2022,0.13636363636363635,-1.5454545454545454,0.2,-0.8,0.5,0.9090909090909091,0.6,1.2,0,0,0,0.8636363636363636,0.5,0.7575757575757576,0.3484848484848485,0.8382352941176471,0.1568627450980392,0.49754901960784315,7,3.088235294117647,1.731214108419735,3.521038821222581,0.8672311253574297,5,0.8431372549019608,0.0392156862745098,0.9607843137254902,0.9607843137254902,0.34215686274509804,0.34311034217608616,0.17463235294117646,0.6043308380637915,0.2997549019607843,0.5256127450980392,0.7009645257481527,,
608755,2022-03-16 17:30:00+00:00,3,16,2022,2950,Mainz,0,124,Borussia Dortmund,1,MEWA ARENA,0,2021-2022,0.38095238095238093,0.19047619047619047,0.4,0.0,0.6818181818181818,1.1363636363636365,0.7,1.5,0,0,0,0.6190476190476191,0.31818181818181823,0.46825396825396826,0.31060606060606055,0.3853658536585366,0.08292682926829269,0.23414634146341465,1,3.107317073170732,1.7484433193926092,3.5444279030188843,0.6531563154839641,1,0.9170731707317074,0.7707317073170732,0.2292682926829268,0.03902439024390244,0.19585365853658537,0.44914515169541946,0.1351219512195122,0.5396362501995039,0.2734146341463415,0.5914634146341463,0.28943005681084333,,
608780,2022-03-18 19:30:00+00:00,3,18,2022,121,VfL Bochum,0,268,Borussia Mönchengladbach,2,Vonovia Ruhrstadion,0,2021-2022,0.34782608695652173,-0.391304347826087,0.3,0.0,0.34782608695652173,-0.43478260869565216,0.3,-0.5,0,0,0,0.6521739130434783,0.6521739130434783,0.5652173913043479,0.5724637681159421,0.5533980582524272,0.6116504854368932,0.5825242718446602,2,3.0970873786407767,1.750342478581757,3.534672998286216,0.3191242564735717,2,0.44660194174757284,0.4174757281553398,0.5825242718446602,0.16990291262135923,0.266504854368932,0.2371396927137336,0.18737864077669902,0.30235388848266764,0.308252427184466,0.5043689320388349,0.533168734983864,,
608776,2022-03-19 14:30:00+00:00,3,19,2022,129,Hertha Berlin,3,7911,TSG Hoffenheim,0,Olympiastadion Berlin,0,2021-2022,0.2608695652173913,-1.1304347826086956,0.1,-1.8,0.5217391304347826,0.391304347826087,0.5,0.3,0,0,0,0.7391304347826086,0.4782608695652174,0.6884057971014492,0.4347826086956522,0.8502415458937198,0.2608695652173913,0.5555555555555556,3,3.0917874396135265,1.7477531188092583,3.5287257193158412,0.044727259296638566,3,0.7391304347826086,0.1932367149758454,0.8067632850241546,0.4396135265700483,0.31135265700483095,0.32336483931947063,0.18333333333333335,0.45319931366669813,0.3055555555555556,0.5111111111111111,0.5386616185790483,0.43478260869565216,0.12560386473429952
608774,2022-03-19 14:30:00+00:00,3,19,2022,2950,Mainz,4,2506,Arminia Bielefeld,0,MEWA ARENA,0,2021-2022,0.36363636363636365,0.13636363636363635,0.4,0.0,0.21739130434782608,-0.5217391304347826,0.3,-0.2,0,0,0,0.6363636363636364,0.782608695652174,0.4772727272727273,0.5869565217391304,0.39903846153846156,0.6682692307692307,0.5336538461538461,4,3.0913461538461537,1.743537997625483,3.5272306532525244,0.036095025908473244,4,0.6009615384615384,0.08653846153846154,0.9134615384615384,0.625,0.33269230769230773,0.26724389792899406,0.18004807692307692,0.473102028334092,0.30336538461538465,0.5165865384615385,0.5592898440693566,0.44711538461538464,0.16346153846153846
608778,2022-03-19 14:30:00+00:00,3,19,2022,3070,SpVgg Greuther Fürth,0,126,SC Freiburg,0,Sportpark Ronhof | Thomas Sommer,0,2021-2022,0.13043478260869565,-1.6956521739130435,0.2,-1.0,0.43478260869565216,0.5217391304347826,0.5,0.3,0,0,0,0.8695652173913043,0.5652173913043479,0.782608695652174,0.4130434782608695,0.8421052631578947,0.2822966507177033,0.562200956937799,0,3.0956937799043063,1.7404770074524798,3.5308130317674262,0.8722530374216502,0,0.7177033492822966,1.0,0.0,0.0,0.15,0.39002392344497605,0.18433014354066984,0.49767942583732055,0.3062200956937799,0.5094497607655502,0.4471956706058431,0.3014354066985646,0.19138755980861244
608779,2022-03-19 14:30:00+00:00,3,19,2022,134,VfB Stuttgart,3,3841,FC Augsburg,2,MHPArena,0,2021-2022,0.17391304347826086,-0.6521739130434783,0.1,-0.8,0.2727272727272727,-0.3181818181818182,0.2,-0.5,0,0,0,0.8260869565217391,0.7272727272727273,0.6086956521739131,0.553030303030303,0.7857142857142857,0.680952380952381,0.7333333333333334,5,3.080952380952381,1.74940018363617,3.518302426861424,0.30140423718127374,1,0.319047619047619,0.7714285714285715,0.22857142857142854,0.7857142857142857,0.1957142857142857,0.20873129251700678,0.21000000000000002,0.6913990767735665,0.32333333333333336,0.4666666666666667,0.47942187393505165,0.3380952380952381,0.4095238095238095
608775,2022-03-19 17:30:00+00:00,3,19,2022,132,Bayern Munich,4,598,1. FC Union Berlin,0,Allianz Arena,0,2021-2022,0.7391304347826086,1.8695652173913044,0.6,1.3,0.391304347826087,-0.08695652173913043,0.4,-0.2,0,0,0,0.26086956521739135,0.6086956521739131,0.18840579710144922,0.5144927536231885,0.08530805687203792,0.4834123222748815,0.2843601895734597,4,3.090047393364929,1.7502232504211002,3.527603205970204,0.03576938364513005,4,0.9146919431279621,0.09004739336492891,0.909952606635071,0.6208530805687204,0.33199052132701423,0.3723123919049437,0.14265402843601896,0.5207792626963089,0.278436018957346,0.578909952606635,0.4230851717721656,0.26066350710900477,0.21800947867298578
608781,2022-03-20 14:30:00+00:00,3,20,2022,11420,RB Leipzig,0,125,Eintracht Frankfurt,0,Red Bull Arena,0,2021-2022,0.5217391304347826,1.0869565217391304,0.7,1.7,0.43478260869565216,0.17391304347826086,0.4,-0.1,0,0,0,0.4782608695652174,0.5652173913043479,0.3188405797101449,0.47101449275362317,0.10849056603773585,0.41037735849056606,0.25943396226415094,0,3.0943396226415096,1.747188950881207,3.531136860361811,0.8702699007764261,0,0.8915094339622641,1.0,0.0,0.0,0.15,0.4638915094339623,0.13891509433962265,0.5976179245283019,0.2759433962264151,0.5851415094339623,0.27269920564497013,0.07547169811320754,0.3113207547169811
608777,2022-03-20 16:30:00+00:00,3,20,2022,138,VfL Wolfsburg,0,131,Bayer Leverkusen,2,Volkswagen Arena,0,2021-2022,0.2608695652173913,-0.6086956521739131,0.3,-0.3,0.4782608695652174,0.6956521739130435,0.5,1.0,0,0,0,0.7391304347826086,0.5217391304347826,0.6014492753623188,0.3840579710144928,0.6197183098591549,0.2112676056338028,0.4154929577464789,2,3.07981220657277,1.7559107625607604,3.51878989721296,0.31207577322806024,2,0.7887323943661972,0.4225352112676056,0.5774647887323944,0.17370892018779344,0.26549295774647885,0.36311545328307876,0.16232394366197184,0.4273459929051263,0.2915492957746479,0.5461267605633802,0.44592864577230523,0.3051643192488263,0.11267605633802817
608773,2022-03-20 18:30:00+00:00,3,20,2022,122,FC Cologne,1,124,Borussia Dortmund,1,RheinEnergieStadion,0,2021-2022,0.34782608695652173,-0.17391304347826086,0.5,-0.1,0.6956521739130435,1.1304347826086956,0.7,1.3,0,0,0,0.6521739130434783,0.30434782608695654,0.5289855072463767,0.3115942028985508,0.38317757009345793,0.08411214953271028,0.2336448598130841,2,3.074766355140187,1.7533385168139837,3.5131009843436827,0.31090053528791195,0,0.9158878504672897,1.0,0.0,0.17289719626168223,0.15,0.47425233644859816,0.13504672897196263,0.6766012315486069,0.2733644859813084,0.591588785046729,0.1802077790755005,0.018691588785046728,0.3925233644859813
608782,2022-04-01 18:30:00+00:00,4,1,2022,598,1. FC Union Berlin,1,122,FC Cologne,0,Stadion An der Alten Försterei,0,2021-2022,0.375,-0.25,0.3,-0.7,0.3333333333333333,-0.16666666666666666,0.4,-0.2,0,0,0,0.625,0.6666666666666667,0.5416666666666667,0.5277777777777777,0.5767441860465117,0.5069767441860465,0.541860465116279,1,3.0697674418604652,1.7507721772669405,3.5074604861772003,0.6414195230214628,1,0.49302325581395345,0.7674418604651163,0.2325581395348837,0.046511627906976744,0.19651162790697674,0.27841806381828016,0.18127906976744185,0.33497635428327066,0.3041860465116279,0.5145348837209303,0.4658229869247967,0.3302325581395349,0.023255813953488372
608787,2022-04-02 13:30:00+00:00,4,2,2022,2506,Arminia Bielefeld,1,134,VfB Stuttgart,1,SchücoArena,0,2021-2022,0.20833333333333334,-0.6666666666666666,0.2,-0.8,0.20833333333333334,-0.5833333333333334,0.2,-0.6,0,0,0,0.7916666666666666,0.7916666666666666,0.6111111111111112,0.5972222222222223,0.7407407407407407,0.7361111111111112,0.7384259259259259,2,3.060185185185185,1.7523639748724187,3.4982761789032897,0.3061607197826771,0,0.26388888888888884,1.0,0.0,0.17592592592592593,0.15,0.19715277777777776,0.2107638888888889,0.35158886316872423,0.3238425925925926,0.4653935185185185,0.40818626375838,0.25462962962962965,0.037037037037037035
608786,2022-04-02 13:30:00+00:00,4,2,2022,131,Bayer Leverkusen,2,129,Hertha Berlin,1,BayArena,0,2021-2022,0.5,0.75,0.6,1.3,0.2916666666666667,-0.9583333333333334,0.1,-1.6,0,0,0,0.5,0.7083333333333333,0.375,0.6597222222222223,0.1382488479262673,0.847926267281106,0.4930875576036866,3,3.055299539170507,1.749783591817637,3.4927454371249165,0.03887452016960158,1,0.8617511520737327,0.7649769585253456,0.23502304147465436,0.4470046082949309,0.19700460829493088,0.4262906411263777,0.173963133640553,0.6642602257339347,0.29930875576036864,0.5267281105990784,0.3368302650427772,0.1382488479262673,0.39631336405529954
608790,2022-04-02 13:30:00+00:00,4,2,2022,125,Eintracht Frankfurt,0,3070,SpVgg Greuther Fürth,0,Deutsche Bank Park,0,2021-2022,0.4166666666666667,0.16666666666666666,0.3,-0.2,0.125,-1.625,0.2,-1.0,0,0,0,0.5833333333333333,0.875,0.4722222222222222,0.7708333333333334,0.46788990825688076,0.8669724770642202,0.6674311926605505,0,3.055045871559633,1.7457511944458592,3.491483670171098,0.8646618144898702,0,0.5321100917431192,1.0,0.0,0.0,0.15,0.31114678899082565,0.20011467889908258,0.3909633027522935,0.31674311926605503,0.48314220183486234,0.4954956973582251,0.39908256880733944,0.0871559633027523
608784,2022-04-02 13:30:00+00:00,4,2,2022,126,SC Freiburg,1,132,Bayern Munich,4,Europa-Park Stadion,0,2021-2022,0.4166666666666667,0.5,0.4,0.2,0.75,1.9583333333333333,0.6,1.3,0,0,0,0.5833333333333333,0.25,0.41666666666666663,0.17361111111111116,0.3470319634703196,0.0730593607305936,0.2100456621004566,5,3.041095890410959,1.7539341584128105,3.479579430014162,0.3132093078360185,3,0.9269406392694064,0.1963470319634703,0.8036529680365296,0.7899543378995434,0.3107305936073059,0.38838285273451345,0.1315068493150685,0.6019732737567691,0.27100456621004565,0.5974885844748858,0.3844826785593156,0.2328767123287671,0.3378995433789954
608783,2022-04-02 13:30:00+00:00,4,2,2022,7911,TSG Hoffenheim,1,121,VfL Bochum,2,PreZero Arena,0,2021-2022,0.5,0.25,0.5,0.0,0.3333333333333333,-0.4583333333333333,0.3,-0.1,0,0,0,0.5,0.6666666666666667,0.45833333333333337,0.5763888888888888,0.2818181818181818,0.5772727272727273,0.42954545454545456,3,3.05,1.7549018107281111,3.4887254526820275,0.038036520288308284,1,0.7181818181818183,0.7636363636363637,0.23636363636363633,0.44545454545454544,0.19727272727272727,0.36852479338842975,0.16443181818181818,0.616514087152517,0.29295454545454547,0.5426136363636364,0.30857543691558886,0.11363636363636363,0.37272727272727274
608789,2022-04-02 16:30:00+00:00,4,2,2022,124,Borussia Dortmund,1,11420,RB Leipzig,4,SIGNAL IDUNA PARK,0,2021-2022,0.6666666666666666,1.0833333333333333,0.7,1.4,0.5,1.0416666666666667,0.7,1.9,0,0,0,0.33333333333333337,0.5,0.31944444444444453,0.32638888888888884,0.09502262443438914,0.10407239819004525,0.0995475113122172,5,3.0497737556561084,1.7509120852855555,3.4875017769774974,0.31140707363737796,3,0.9049773755656109,0.19909502262443438,0.8009049773755657,0.7873303167420814,0.31018099547511313,0.3811171966175959,0.11493212669683259,0.5996356123170383,0.25995475113122174,0.6251131221719457,0.30621818691583014,0.1085972850678733,0.33031674208144796
608785,2022-04-03 13:30:00+00:00,4,3,2022,3841,FC Augsburg,3,138,VfL Wolfsburg,0,WWK Arena,0,2021-2022,0.2608695652173913,-0.34782608695652173,0.2,-0.6,0.25,-0.6666666666666666,0.3,-0.1,0,0,0,0.7391304347826086,0.75,0.5579710144927537,0.6111111111111112,0.6756756756756757,0.6486486486486487,0.6621621621621622,3,3.0585585585585586,1.7518429064712306,3.4965192851763662,0.03936944744170101,3,0.3513513513513513,0.20270270270270271,0.7972972972972973,0.44144144144144143,0.30945945945945946,0.1903652300949598,0.19932432432432434,0.3681146559269276,0.3162162162162162,0.48445945945945945,0.580756346216694,0.481981981981982,0.05855855855855856
608788,2022-04-03 15:30:00+00:00,4,3,2022,268,Borussia Mönchengladbach,1,2950,Mainz,1,BORUSSIA-PARK,0,2021-2022,0.375,-0.3333333333333333,0.4,-0.3,0.391304347826087,0.30434782608695654,0.4,0.0,0,0,0,0.625,0.6086956521739131,0.5555555555555556,0.4492753623188406,0.515695067264574,0.4125560538116592,0.4641255605381166,2,3.0582959641255605,1.7478972598323919,3.4952702790836585,0.30643672367736263,0,0.5874439461883407,1.0,0.0,0.17488789237668162,0.15,0.3346636771300448,0.16961883408071748,0.5129063524301716,0.29641255605381167,0.5339686098654709,0.2998059201532398,0.10762331838565023,0.21973094170403587
608769,2022-04-06 16:30:00+00:00,4,6,2022,3841,FC Augsburg,2,2950,Mainz,1,WWK Arena,0,2021-2022,0.2916666666666667,-0.20833333333333334,0.3,-0.3,0.375,0.2916666666666667,0.4,0.1,0,0,0,0.7083333333333333,0.625,0.5347222222222223,0.45138888888888895,0.5892857142857143,0.41517857142857145,0.5022321428571429,3,3.0535714285714284,1.7454067109998548,3.4899231063213922,0.03862836279184312,1,0.5848214285714286,0.7633928571428571,0.2366071428571429,0.4419642857142857,0.1973214285714286,0.3149796715561224,0.17533482142857143,0.5713965270818148,0.3002232142857143,0.5244419642857142,0.34119946557113995,0.16071428571428573,0.2857142857142857
608796,2022-04-08 18:30:00+00:00,4,8,2022,134,VfB Stuttgart,0,124,Borussia Dortmund,2,MHPArena,0,2021-2022,0.2,-0.56,0.2,-0.6,0.64,0.92,0.6,1.0,0,0,0,0.8,0.36,0.5933333333333333,0.3466666666666667,0.7244444444444444,0.1111111111111111,0.4177777777777778,2,3.0533333333333332,1.7415100180180252,3.4887108378378393,0.3060635784779332,2,0.8888888888888888,0.4177777777777778,0.5822222222222222,0.17333333333333334,0.26644444444444443,0.3993802469135802,0.16266666666666668,0.46161541838134423,0.2917777777777778,0.5455555555555555,0.4475868359262376,0.3333333333333333,0.1511111111111111
608792,2022-04-09 13:30:00+00:00,4,9,2022,132,Bayern Munich,1,3841,FC Augsburg,0,Allianz Arena,0,2021-2022,0.76,2.0,0.7,1.7,0.32,-0.16,0.4,0.0,0,0,0,0.24,0.6799999999999999,0.16666666666666663,0.5266666666666666,0.06637168141592921,0.504424778761062,0.2853982300884956,1,3.0486725663716814,1.7390477621323068,3.483434506904758,0.6392799165986732,1,0.9336283185840708,0.7654867256637168,0.23451327433628322,0.048672566371681415,0.19690265486725664,0.4552069465110815,0.14280973451327433,0.5492214880895864,0.27853982300884955,0.578650442477876,0.3217624932190894,0.13274336283185842,0.26548672566371684
608791,2022-04-09 13:30:00+00:00,4,9,2022,122,FC Cologne,3,2950,Mainz,2,RheinEnergieStadion,0,2021-2022,0.32,-0.2,0.3,-0.5,0.36,0.24,0.4,0.3,0,0,0,0.6799999999999999,0.64,0.5333333333333334,0.45999999999999996,0.5947136563876652,0.4052863436123348,0.5,5,3.039647577092511,1.740515603352643,3.474776477930672,0.318838417177848,1,0.5947136563876652,0.7665198237885462,0.23348017621145378,0.788546255506608,0.19669603524229076,0.3191983155116536,0.175,0.7433893518580659,0.3,0.5249999999999999,0.38834077586955945,0.2599118942731278,0.47577092511013214
608795,2022-04-09 13:30:00+00:00,4,9,2022,3070,SpVgg Greuther Fürth,0,268,Borussia Mönchengladbach,2,Sportpark Ronhof | Thomas Sommer,0,2021-2022,0.12,-1.56,0.2,-1.0,0.36,-0.32,0.3,-0.4,0,0,0,0.88,0.64,0.76,0.5533333333333332,0.8508771929824561,0.5877192982456141,0.7192982456140351,2,3.0482456140350878,1.7415235851281976,3.483626510317137,0.30432859176236216,2,0.4122807017543859,0.4166666666666667,0.5833333333333333,0.17543859649122806,0.26666666666666666,0.22450292397660818,0.20789473684210527,0.2927528983276906,0.3219298245614035,0.47017543859649125,0.5892570782720491,0.4956140350877193,0.008771929824561403
608799,2022-04-09 13:30:00+00:00,4,9,2022,138,VfL Wolfsburg,4,2506,Arminia Bielefeld,0,Volkswagen Arena,0,2021-2022,0.24,-0.76,0.3,-0.3,0.2,-0.64,0.2,-0.8,0,0,0,0.76,0.8,0.6266666666666667,0.6066666666666667,0.6462882096069869,0.7685589519650655,0.7074235807860262,4,3.0436681222707422,1.7390803664445864,3.478438213881889,0.04397575243607266,4,0.35371179039301315,0.08733624454148471,0.9126637554585153,0.6331877729257642,0.3325327510917031,0.184792242710856,0.20611353711790392,0.4393837274728123,0.32074235807860263,0.47314410480349345,0.6365072197885437,0.5152838427947598,0.13537117903930132
608793,2022-04-09 16:30:00+00:00,4,9,2022,129,Hertha Berlin,1,598,1. FC Union Berlin,4,Olympiastadion Berlin,0,2021-2022,0.28,-0.96,0.1,-1.5,0.4,-0.2,0.4,-0.6,0,0,0,0.72,0.6,0.6599999999999999,0.5333333333333334,0.8391304347826087,0.5130434782608696,0.6760869565217391,5,3.0478260869565217,1.7364244659512411,3.481932203444332,0.3176113260736295,3,0.4869565217391304,0.20434782608695654,0.7956521739130434,0.7869565217391304,0.3091304347826087,0.23729867674858224,0.2014130434782609,0.5559651187638694,0.3176086956521739,0.48097826086956524,0.6418602415214179,0.5173913043478261,0.27391304347826084
608797,2022-04-10 13:30:00+00:00,4,10,2022,121,VfL Bochum,0,131,Bayer Leverkusen,0,Vonovia Ruhrstadion,0,2021-2022,0.36,-0.4,0.3,-0.1,0.52,0.76,0.7,1.4,0,0,0,0.64,0.48,0.5666666666666667,0.3733333333333334,0.5454545454545454,0.10822510822510822,0.3268398268398268,0,3.0562770562770565,1.737399854190411,3.490627019824659,0.8671136506289682,0,0.8917748917748918,1.0,0.0,0.0,0.15,0.464004329004329,0.14902597402597403,0.5977705627705627,0.2826839826839827,0.5682900432900433,0.3149622757199156,0.12554112554112554,0.3463203463203463
608798,2022-04-10 15:30:00+00:00,4,10,2022,125,Eintracht Frankfurt,1,126,SC Freiburg,2,Deutsche Bank Park,0,2021-2022,0.4,0.16,0.3,-0.1,0.4,0.36,0.4,-0.1,0,0,0,0.6,0.6,0.4733333333333333,0.44000000000000006,0.46120689655172414,0.40948275862068967,0.4353448275862069,3,3.043103448275862,1.7452086114494265,3.4794056011382186,0.03702664914745957,1,0.5905172413793103,0.7672413793103449,0.23275862068965514,0.44396551724137934,0.19655172413793104,0.31756985731272286,0.16530172413793104,0.5754331806859649,0.2935344827586207,0.5411637931034482,0.3100361084793916,0.1206896551724138,0.3103448275862069
608794,2022-04-10 17:30:00+00:00,4,10,2022,11420,RB Leipzig,3,7911,TSG Hoffenheim,0,Red Bull Arena,0,2021-2022,0.52,1.12,0.7,1.9,0.48,0.2,0.4,-0.3,0,0,0,0.48,0.52,0.31333333333333335,0.4666666666666667,0.10300429184549356,0.38197424892703863,0.2424892703862661,3,3.0429184549356223,1.7414456136263032,3.478279858342198,0.037012667282665834,3,0.8969957081545065,0.20600858369098712,0.7939914163090129,0.44206008583690987,0.3087982832618026,0.37912265836541476,0.13637339055793993,0.49305095199851184,0.27424892703862663,0.5893776824034334,0.36571660111951343,0.21888412017167383,0.19742489270386265
608802,2022-04-16 13:30:00+00:00,4,16,2022,124,Borussia Dortmund,6,138,VfL Wolfsburg,1,SIGNAL IDUNA PARK,0,2021-2022,0.6538461538461539,0.9615384615384616,0.6,0.8,0.2692307692307692,-0.5769230769230769,0.4,0.1,0,0,0,0.34615384615384615,0.7307692307692308,0.33974358974358976,0.596153846153846,0.1308016877637131,0.5443037974683544,0.33755274261603374,7,3.021097046413502,1.742896618247341,3.4568212009753374,0.8733582233329635,5,0.869198312236287,0.0379746835443038,0.9620253164556962,0.9620253164556962,0.3424050632911393,0.3515496982321209,0.15063291139240506,0.6053911590496222,0.28375527426160335,0.5656118143459916,0.5954600685751548,0.5063291139240507,0.3881856540084388
608805,2022-04-16 13:30:00+00:00,4,16,2022,3841,FC Augsburg,0,129,Hertha Berlin,1,WWK Arena,0,2021-2022,0.3076923076923077,-0.19230769230769232,0.4,-0.1,0.2692307692307692,-1.0384615384615385,0.1,-1.8,0,0,0,0.6923076923076923,0.7307692307692308,0.5320512820512822,0.6730769230769231,0.5211864406779662,0.8686440677966102,0.6949152542372882,1,3.0296610169491527,1.741596690837946,3.4650601896586393,0.6327388194939135,1,0.47881355932203384,0.7669491525423728,0.23305084745762716,0.05508474576271186,0.19661016949152543,0.2726759551852916,0.20423728813559322,0.3325024466961082,0.31949152542372883,0.476271186440678,0.5346547439584022,0.4788135593220339,0.025423728813559324
608807,2022-04-16 13:30:00+00:00,4,16,2022,2950,Mainz,0,134,VfB Stuttgart,0,MEWA ARENA,0,2021-2022,0.34615384615384615,0.19230769230769232,0.3,0.1,0.19230769230769232,-0.6153846153846154,0.2,-0.6,0,0,0,0.6538461538461539,0.8076923076923077,0.46794871794871795,0.6025641025641026,0.48936170212765956,0.7531914893617021,0.6212765957446809,0,3.0425531914893615,1.7339920692120243,3.4760512087923674,0.865919571176591,0,0.5106382978723405,1.0,0.0,0.0,0.15000000000000002,0.30202127659574474,0.19319148936170213,0.3786170212765958,0.3121276595744681,0.49468085106382975,0.4746219267520697,0.37872340425531914,0.07659574468085106
608806,2022-04-16 13:30:00+00:00,4,16,2022,126,SC Freiburg,3,121,VfL Bochum,0,Europa-Park Stadion,0,2021-2022,0.4230769230769231,0.38461538461538464,0.5,0.4,0.34615384615384615,-0.38461538461538464,0.3,0.0,0,0,0,0.5769230769230769,0.6538461538461539,0.4358974358974359,0.5641025641025641,0.27350427350427353,0.5598290598290598,0.4166666666666667,3,3.0427350427350426,1.7377068525680661,3.4771617558770593,0.03699877727244705,3,0.7264957264957265,0.2094017094017094,0.7905982905982906,0.44017094017094016,0.30811965811965814,0.3205120899992695,0.1625,0.45442890698314764,0.2916666666666667,0.5458333333333334,0.4640340249534963,0.358974358974359,0.1452991452991453
608803,2022-04-16 16:30:00+00:00,4,16,2022,268,Borussia Mönchengladbach,1,122,FC Cologne,3,BORUSSIA-PARK,0,2021-2022,0.38461538461538464,-0.23076923076923078,0.4,-0.1,0.34615384615384615,-0.15384615384615385,0.4,0.0,0,0,0,0.6153846153846154,0.6538461538461539,0.5384615384615385,0.5256410256410255,0.4495798319327731,0.49159663865546216,0.47058823529411764,4,3.03781512605042,1.7582351909726002,3.47737392379357,0.04321560279807346,2,0.5504201680672269,0.42436974789915966,0.5756302521008403,0.634453781512605,0.26512605042016807,0.2757321163759622,0.17058823529411765,0.5542473662722627,0.29705882352941176,0.5323529411764705,0.42888715003737765,0.3025210084033613,0.2815126050420168
608804,2022-04-17 13:30:00+00:00,4,17,2022,2506,Arminia Bielefeld,0,132,Bayern Munich,3,SchücoArena,0,2021-2022,0.19230769230769232,-0.7692307692307693,0.2,-1.2,0.7692307692307693,1.9615384615384615,0.7,1.4,0,0,0,0.8076923076923077,0.23076923076923073,0.6282051282051282,0.17307692307692302,0.7824267782426778,0.06276150627615062,0.4225941422594142,3,3.0418410041841004,1.7556410760914347,3.480751273206959,0.03679794450410634,3,0.9372384937238494,0.21338912133891214,0.7866108786610879,0.4393305439330544,0.3073221757322176,0.39386994275310305,0.16338912133891215,0.5033571631944198,0.2922594142259414,0.5443514644351464,0.46594655864147333,0.36401673640167365,0.2217573221757322
608800,2022-04-17 15:30:00+00:00,4,17,2022,598,1. FC Union Berlin,2,125,Eintracht Frankfurt,0,Stadion An der Alten Försterei,0,2021-2022,0.4230769230769231,-0.07692307692307693,0.4,-0.4,0.38461538461538464,0.11538461538461539,0.3,-0.2,0,0,0,0.5769230769230769,0.6153846153846154,0.5128205128205128,0.4807692307692307,0.44166666666666665,0.5083333333333333,0.475,2,3.0416666666666665,1.7519664186104231,3.4796582713192725,0.2999820064162734,2,0.5583333333333333,0.42916666666666664,0.5708333333333333,0.17916666666666667,0.26416666666666666,0.2790034722222222,0.17125,0.34908072916666666,0.2975,0.53125,0.47353858526545345,0.37916666666666665,0.041666666666666664
608808,2022-04-17 15:30:00+00:00,4,17,2022,7911,TSG Hoffenheim,0,3070,SpVgg Greuther Fürth,0,PreZero Arena,0,2021-2022,0.46153846153846156,0.07692307692307693,0.4,-0.5,0.11538461538461539,-1.5769230769230769,0.2,-1.2,0,0,0,0.5384615384615384,0.8846153846153846,0.4871794871794871,0.7628205128205128,0.3900414937759336,0.8838174273858921,0.6369294605809128,0,3.037344398340249,1.7495998356945053,3.474744357263875,0.8608415914204163,0,0.6099585062240664,1.0,0.0,0.0,0.15000000000000002,0.34423236514522826,0.19553941908713693,0.4357261410788382,0.3136929460580913,0.4907676348547718,0.4809128296510149,0.3941908713692946,0.14107883817427386
608801,2022-04-17 17:30:00+00:00,4,17,2022,131,Bayer Leverkusen,0,11420,RB Leipzig,1,BayArena,0,2021-2022,0.5,0.7307692307692307,0.6,1.3,0.5384615384615384,1.1923076923076923,0.7,2.0,0,0,0,0.5,0.46153846153846156,0.3782051282051282,0.3012820512820512,0.1446280991735537,0.08677685950413223,0.11570247933884298,1,3.024793388429752,1.7568493579923399,3.4640057279278373,0.6260086784379112,1,0.9132231404958677,0.768595041322314,0.23140495867768596,0.05785123966942149,0.1962809917355372,0.44735929922819473,0.11735537190082646,0.543702333704569,0.2615702479338843,0.6210743801652893,0.2058539793246376,0.03305785123966942,0.2809917355371901
608817,2022-04-22 18:30:00+00:00,4,22,2022,138,VfL Wolfsburg,5,2950,Mainz,0,Volkswagen Arena,0,2021-2022,0.25925925925925924,-0.7407407407407407,0.4,-0.2,0.3333333333333333,0.18518518518518517,0.3,0.2,0,0,0,0.7407407407407407,0.6666666666666667,0.6234567901234567,0.4691358024691358,0.6049382716049383,0.49794238683127573,0.551440329218107,5,3.016460905349794,1.7580207649026585,3.455966096575459,0.3200170757004239,5,0.5020576131687242,0.0411522633744856,0.9588477366255144,0.7901234567901234,0.3417695473251029,0.23105785025995357,0.18271604938271607,0.5186156499585648,0.3051440329218107,0.5121399176954733,0.6334735259385766,0.5349794238683128,0.24691358024691357
608816,2022-04-23 13:30:00+00:00,4,23,2022,125,Eintracht Frankfurt,2,7911,TSG Hoffenheim,2,Deutsche Bank Park,0,2021-2022,0.37037037037037035,0.037037037037037035,0.3,-0.2,0.4444444444444444,0.07407407407407407,0.4,-0.4,0,0,0,0.6296296296296297,0.5555555555555556,0.49382716049382713,0.4876543209876544,0.5384615384615384,0.44129554655870445,0.4898785425101214,4,3.0404858299595143,1.7595213014238407,3.4803661553154743,0.0426717694077422,0,0.5587044534412955,1.0,0.0,0.631578947368421,0.15,0.3224493927125506,0.1734817813765182,0.7394449179629234,0.29898785425101215,0.5275303643724697,0.2658285805999619,0.06882591093117409,0.5101214574898786
608812,2022-04-23 13:30:00+00:00,4,23,2022,11420,RB Leipzig,1,598,1. FC Union Berlin,2,Red Bull Arena,0,2021-2022,0.5555555555555556,1.1851851851851851,0.7,1.9,0.4444444444444444,0.0,0.4,-0.3,0,0,0,0.4444444444444444,0.5555555555555556,0.30246913580246915,0.5,0.09349593495934959,0.4349593495934959,0.26422764227642276,3,3.040650406504065,1.763106599547282,3.4814270563908853,0.036593486400922526,1,0.9065040650406504,0.7682926829268293,0.23170731707317072,0.43902439024390244,0.19634146341463415,0.4446257188181638,0.13963414634146343,0.6772111850282692,0.2764227642276423,0.5839430894308943,0.22345278305632288,0.036585365853658534,0.4634146341463415
608813,2022-04-23 13:30:00+00:00,4,23,2022,3070,SpVgg Greuther Fürth,1,131,Bayer Leverkusen,4,Sportpark Ronhof | Thomas Sommer,0,2021-2022,0.1111111111111111,-1.5185185185185186,0.1,-1.3,0.48148148148148145,0.6666666666666666,0.5,0.8,0,0,0,0.8888888888888888,0.5185185185185186,0.7530864197530864,0.38888888888888895,0.8911290322580645,0.21774193548387097,0.5544354838709677,5,3.0443548387096775,1.7570126662056993,3.4836080052611025,0.31094124673948065,3,0.782258064516129,0.21370967741935484,0.7862903225806451,0.7862903225806451,0.307258064516129,0.3402256763787721,0.18316532258064516,0.5902447414907186,0.30544354838709675,0.5113911290322581,0.5806543480264527,0.5120967741935484,0.3588709677419355
608814,2022-04-23 13:30:00+00:00,4,23,2022,126,SC Freiburg,3,268,Borussia Mönchengladbach,3,Europa-Park Stadion,0,2021-2022,0.4444444444444444,0.48148148148148145,0.5,0.5,0.37037037037037035,-0.2962962962962963,0.4,-0.2,0,0,0,0.5555555555555556,0.6296296296296297,0.41975308641975306,0.5493827160493827,0.26229508196721313,0.5040983606557377,0.3831967213114754,6,3.0245901639344264,1.7589892100918998,3.464337466457401,0.6462010086296495,0,0.7377049180327868,1.0,0.0,0.9221311475409836,0.15,0.3985245901639344,0.15747950819672132,0.9254998656275194,0.28831967213114756,0.5542008196721311,0.31413135408171533,0.12704918032786885,0.5573770491803278
608809,2022-04-23 13:30:00+00:00,4,23,2022,122,FC Cologne,3,2506,Arminia Bielefeld,1,RheinEnergieStadion,0,2021-2022,0.37037037037037035,-0.07407407407407407,0.5,0.2,0.18518518518518517,-0.8518518518518519,0.1,-1.7,0,0,0,0.6296296296296297,0.8148148148148149,0.5123456790123457,0.6419753086419753,0.3551020408163265,0.8775510204081632,0.6163265306122448,4,3.036734693877551,1.7656436477385797,3.478145605812196,0.042737838065565636,2,0.6448979591836734,0.42857142857142855,0.5714285714285714,0.6326530612244898,0.2642857142857143,0.310801749271137,0.1924489795918367,0.5724602844053074,0.3116326530612245,0.4959183673469388,0.4919483018887779,0.42857142857142855,0.32653061224489793
608810,2022-04-23 16:30:00+00:00,4,23,2022,132,Bayern Munich,3,124,Borussia Dortmund,1,Allianz Arena,0,2021-2022,0.7777777777777778,2.0,0.7,1.4,0.6666666666666666,1.1111111111111112,0.6,1.2,0,0,0,0.2222222222222222,0.33333333333333337,0.16666666666666663,0.3148148148148149,0.06827309236947791,0.10441767068273092,0.08634538152610441,4,3.0522088353413657,1.7578410570977103,3.4916690996157933,0.04095020047684306,2,0.9317269076305221,0.42971887550200805,0.570281124497992,0.6265060240963856,0.2640562248995984,0.416443686392155,0.11295180722891567,0.6251507327676864,0.25863453815261045,0.628413654618474,0.20638041116618105,0.03614457831325301,0.43373493975903615
608815,2022-04-24 13:30:00+00:00,4,24,2022,121,VfL Bochum,0,3841,FC Augsburg,2,Vonovia Ruhrstadion,0,2021-2022,0.3333333333333333,-0.48148148148148145,0.3,-0.3,0.2962962962962963,-0.2222222222222222,0.4,0.2,0,0,0,0.6666666666666667,0.7037037037037037,0.5802469135802468,0.537037037037037,0.608,0.508,0.558,2,3.056,1.75533152282413,3.4948328807060327,0.3041406124808872,2,0.492,0.432,0.5680000000000001,0.18,0.2636,0.2547944,0.18370000000000003,0.32645138879999996,0.3058,0.5105,0.514424030512739,0.472,0.024
608811,2022-04-24 15:30:00+00:00,4,24,2022,129,Hertha Berlin,2,134,VfB Stuttgart,0,Olympiastadion Berlin,0,2021-2022,0.2962962962962963,-0.9629629629629629,0.2,-1.4,0.18518518518518517,-0.5925925925925926,0.2,-0.4,0,0,0,0.7037037037037037,0.8148148148148149,0.6604938271604939,0.5987654320987654,0.7768924302788844,0.7410358565737052,0.7589641434262948,2,3.051792828685259,1.753084930318085,3.49006406126478,0.3031755854137147,2,0.2589641434262948,0.4342629482071713,0.5657370517928286,0.17928286852589642,0.2631474103585657,0.169094458818114,0.21384462151394423,0.24336650825311,0.3258964143426295,0.46025896414342626,0.598524195430507,0.5298804780876494,0.0
608818,2022-04-29 18:30:00+00:00,4,29,2022,598,1. FC Union Berlin,1,3070,SpVgg Greuther Fürth,1,Stadion An der Alten Försterei,0,2021-2022,0.4642857142857143,0.03571428571428571,0.5,0.0,0.10714285714285714,-1.5714285714285714,0.1,-1.3,0,0,0,0.5357142857142857,0.8928571428571429,0.49404761904761907,0.7619047619047619,0.3253968253968254,0.8928571428571429,0.6091269841269842,2,3.0476190476190474,1.7508433613007877,3.4853298879442445,0.3022188699939795,0,0.6746031746031746,1.0,0.0,0.17857142857142858,0.15,0.3717063492063492,0.19136904761904763,0.5583064058956916,0.3109126984126984,0.497718253968254,0.36100895630788354,0.20238095238095238,0.3055555555555556
608822,2022-04-30 13:30:00+00:00,4,30,2022,2506,Arminia Bielefeld,1,129,Hertha Berlin,1,SchücoArena,0,2021-2022,0.17857142857142858,-0.8928571428571429,0.1,-1.9,0.32142857142857145,-0.8571428571428571,0.3,-1.2,0,0,0,0.8214285714285714,0.6785714285714286,0.6488095238095237,0.6428571428571428,0.8853754940711462,0.7272727272727273,0.8063241106719368,2,3.0434782608695654,1.7486068594542044,3.4806299757331165,0.3012703549229777,0,0.2727272727272727,1.0,0.0,0.17786561264822134,0.15,0.2009090909090909,0.22094861660079052,0.3572691340280273,0.33063241106719365,0.4484189723320158,0.4281362972170975,0.30434782608695654,0.06719367588932806
608826,2022-04-30 13:30:00+00:00,4,30,2022,124,Borussia Dortmund,3,121,VfL Bochum,4,SIGNAL IDUNA PARK,0,2021-2022,0.6428571428571429,1.0,0.6,1.3,0.32142857142857145,-0.5357142857142857,0.3,-0.5,0,0,0,0.3571428571428571,0.6785714285714286,0.33333333333333337,0.5892857142857142,0.1220472440944882,0.6377952755905512,0.3799212598425197,7,3.0393700787401574,1.7463754663917528,3.4759639453380955,0.8694487087794478,1,0.8779527559055118,0.7637795275590551,0.2362204724409449,0.9606299212598425,0.19724409448818897,0.43266647033294064,0.15698818897637795,0.8591517736185079,0.28799212598425195,0.55501968503937,0.41538659223596386,0.29133858267716534,0.5708661417322834
608821,2022-04-30 13:30:00+00:00,4,30,2022,3841,FC Augsburg,1,122,FC Cologne,4,WWK Arena,0,2021-2022,0.32142857142857145,-0.14285714285714285,0.4,0.2,0.39285714285714285,0.0,0.5,0.3,0,0,0,0.6785714285714286,0.6071428571428572,0.5238095238095237,0.5,0.4549019607843137,0.3254901960784314,0.39019607843137255,5,3.0549019607843135,1.7604931446608119,3.4950252469495164,0.30607584244578334,3,0.6745098039215687,0.21176470588235294,0.788235294117647,0.7843137254901961,0.3076470588235294,0.3027347174163783,0.1585294117647059,0.5772024063143135,0.28901960784313724,0.5524509803921569,0.49190168492690584,0.43529411764705883,0.35294117647058826
608824,2022-04-30 13:30:00+00:00,4,30,2022,2950,Mainz,3,132,Bayern Munich,1,MEWA ARENA,0,2021-2022,0.32142857142857145,0.0,0.2,-0.5,0.7857142857142857,2.0,0.7,1.5,0,0,0,0.6785714285714286,0.2142857142857143,0.5,0.16666666666666663,0.63671875,0.05859375,0.34765625,4,3.0625,1.7612384234718832,3.502809605867971,0.03906209674796424,2,0.94140625,0.43359375,0.56640625,0.625,0.26328125,0.42044769287109374,0.1521484375,0.6278275167942047,0.284765625,0.5630859375,0.3629966122298172,0.21875,0.44921875
608819,2022-04-30 13:30:00+00:00,4,30,2022,134,VfB Stuttgart,1,138,VfL Wolfsburg,1,MHPArena,0,2021-2022,0.17857142857142858,-0.6428571428571429,0.2,-0.5,0.2857142857142857,-0.5357142857142857,0.4,0.0,0,0,0,0.8214285714285714,0.7142857142857143,0.6071428571428572,0.5892857142857142,0.7431906614785992,0.5525291828793775,0.6478599221789884,2,3.066147859922179,1.7587676420371856,3.5058397704314754,0.3068652837313557,0,0.44747081712062253,1.0,0.0,0.17509727626459143,0.15,0.27517509727626455,0.19717898832684827,0.4429459946403427,0.3147859922178988,0.48803501945525296,0.3766857159236812,0.245136186770428,0.1517509727626459
608820,2022-04-30 16:30:00+00:00,4,30,2022,7911,TSG Hoffenheim,3,126,SC Freiburg,4,PreZero Arena,0,2021-2022,0.42857142857142855,0.07142857142857142,0.4,-0.2,0.42857142857142855,0.4642857142857143,0.5,0.6,0,0,0,0.5714285714285714,0.5714285714285714,0.488095238095238,0.42261904761904756,0.375968992248062,0.26744186046511625,0.32170542635658916,7,3.062015503875969,1.756597072758373,3.5011647720655623,0.8624385906324248,1,0.7325581395348837,0.7635658914728682,0.23643410852713176,0.9573643410852714,0.19728682170542636,0.3742883540652605,0.14825581395348839,0.8404765373559002,0.28217054263565894,0.5695736434108527,0.37781120773475285,0.25193798449612403,0.5736434108527132
608825,2022-05-02 18:30:00+00:00,5,2,2022,131,Bayer Leverkusen,2,125,Eintracht Frankfurt,0,BayArena,0,2021-2022,0.5,0.75,0.5,0.8,0.35714285714285715,0.03571428571428571,0.2,-0.3,0,0,0,0.5,0.6428571428571428,0.375,0.49404761904761907,0.19230769230769232,0.6115384615384616,0.40192307692307694,2,3.080769230769231,1.7676892472166237,3.5226915425733867,0.3099608483002759,2,0.8076923076923077,0.4346153846153846,0.5653846153846154,0.17307692307692307,0.2630769230769231,0.37129585798816567,0.16028846153846155,0.43713773327264455,0.2901923076923077,0.5495192307692307,0.4346178738425686,0.3346153846153846,0.14615384615384616
608823,2022-05-02 18:30:00+00:00,5,2,2022,268,Borussia Mönchengladbach,3,11420,RB Leipzig,1,BORUSSIA-PARK,0,2021-2022,0.35714285714285715,-0.2857142857142857,0.4,-0.2,0.5357142857142857,1.1071428571428572,0.7,1.9,0,0,0,0.6428571428571428,0.4642857142857143,0.5476190476190477,0.31547619047619035,0.5096525096525096,0.09266409266409266,0.30115830115830117,4,3.077220077220077,1.770183276167541,3.5197658962619625,0.03613043350019851,2,0.9073359073359073,0.43243243243243246,0.5675675675675675,0.6216216216216216,0.2635135135135135,0.40776896587707395,0.14517374517374518,0.6197657168803992,0.28011583011583013,0.5747104247104247,0.3373086658457437,0.16216216216216217,0.4362934362934363
608829,2022-05-06 18:30:00+00:00,5,6,2022,121,VfL Bochum,2,2506,Arminia Bielefeld,1,Vonovia Ruhrstadion,0,2021-2022,0.3448275862068966,-0.4827586206896552,0.3,-0.6,0.1724137931034483,-0.8620689655172413,0.1,-1.7,0,0,0,0.6551724137931034,0.8275862068965517,0.5804597701149425,0.6436781609195401,0.6245210727969349,0.8888888888888888,0.7567049808429118,3,3.0766283524904217,1.7655544269219832,3.5180169592209176,0.042129154393368506,1,0.3754789272030651,0.7662835249042146,0.23371647509578541,0.4367816091954023,0.19674329501915708,0.23112865342552225,0.21350574712643677,0.500878051625626,0.32567049808429116,0.46082375478927207,0.43381700797928524,0.3333333333333333,0.22988505747126436
608827,2022-05-07 13:30:00+00:00,5,7,2022,122,FC Cologne,0,138,VfL Wolfsburg,1,RheinEnergieStadion,0,2021-2022,0.41379310344827586,0.10344827586206896,0.6,0.8,0.27586206896551724,-0.5172413793103449,0.3,-0.2,0,0,0,0.5862068965517242,0.7241379310344828,0.48275862068965514,0.5862068965517242,0.24045801526717558,0.6412213740458015,0.44083969465648853,1,3.0763358778625953,1.7621752519413583,3.5168796908479347,0.6394021379271282,1,0.7595419847328244,0.767175572519084,0.23282442748091603,0.05343511450381679,0.1965648854961832,0.3854648621875182,0.16612595419847329,0.46735279788496104,0.29408396946564885,0.5397900763358778,0.4126521145323539,0.29770992366412213,0.18702290076335878
608831,2022-05-07 13:30:00+00:00,5,7,2022,126,SC Freiburg,1,598,1. FC Union Berlin,4,Europa-Park Stadion,0,2021-2022,0.4482758620689655,0.4827586206896552,0.6,0.7,0.4482758620689655,0.034482758620689655,0.5,0.3,0,0,0,0.5517241379310345,0.5517241379310345,0.41954022988505746,0.49425287356321845,0.19771863117870722,0.30038022813688214,0.2490494296577947,5,3.068441064638783,1.7634630018568422,3.5093068151029936,0.300426361084536,3,0.8022813688212928,0.20912547528517111,0.7908745247148289,0.7832699619771863,0.3081749049429658,0.3467017016293426,0.13735741444866922,0.5900719299569738,0.2749049429657795,0.5877376425855513,0.40505682897496054,0.2889733840304182,0.3726235741444867
608832,2022-05-07 13:30:00+00:00,5,7,2022,3070,SpVgg Greuther Fürth,1,124,Borussia Dortmund,3,Sportpark Ronhof | Thomas Sommer,0,2021-2022,0.10344827586206896,-1.5172413793103448,0.0,-1.4,0.6206896551724138,0.9310344827586207,0.5,0.9,0,0,0,0.896551724137931,0.3793103448275862,0.7528735632183908,0.3448275862068966,0.9166666666666666,0.17045454545454544,0.5435606060606061,4,3.0757575757575757,1.764117255189251,3.5167868895548886,0.036818996385281855,2,0.8295454545454546,0.4356060606060606,0.5643939393939394,0.6212121212121212,0.2628787878787879,0.37944989669421486,0.1815340909090909,0.6055503348307455,0.30435606060606063,0.5141098484848485,0.457910479885013,0.38257575757575757,0.42045454545454547
608830,2022-05-07 13:30:00+00:00,5,7,2022,7911,TSG Hoffenheim,2,131,Bayer Leverkusen,4,PreZero Arena,0,2021-2022,0.41379310344827586,0.034482758620689655,0.3,-0.5,0.5172413793103449,0.7931034482758621,0.5,0.8,0,0,0,0.5862068965517242,0.48275862068965514,0.49425287356321845,0.367816091954023,0.5433962264150943,0.21132075471698114,0.37735849056603776,6,3.079245283018868,1.7616880776091337,3.5196673024211513,0.6288439946149109,2,0.7886792452830189,0.4377358490566038,0.5622641509433962,0.9169811320754717,0.26245283018867926,0.36459878960484154,0.15660377358490568,0.708575688655736,0.28773584905660377,0.5556603773584905,0.4699460566860446,0.4037735849056604,0.5169811320754717
608834,2022-05-07 16:30:00+00:00,5,7,2022,129,Hertha Berlin,1,2950,Mainz,2,Olympiastadion Berlin,0,2021-2022,0.3103448275862069,-0.8275862068965517,0.3,-1.1,0.3448275862068966,0.06896551724137931,0.3,-0.3,0,0,0,0.6896551724137931,0.6551724137931034,0.6379310344827587,0.4885057471264368,0.706766917293233,0.5488721804511278,0.6278195488721805,3,3.0902255639097747,1.7674569584214268,3.5320898035151314,0.04430362990097669,1,0.45112781954887216,0.7706766917293233,0.2293233082706767,0.4323308270676692,0.19586466165413535,0.2617974447396687,0.19417293233082708,0.5245905764467702,0.31278195488721805,0.49304511278195484,0.389874118673279,0.2744360902255639,0.2706766917293233
608828,2022-05-08 13:30:00+00:00,5,8,2022,125,Eintracht Frankfurt,1,268,Borussia Mönchengladbach,1,Deutsche Bank Park,0,2021-2022,0.3448275862068966,-0.034482758620689655,0.2,-0.3,0.3793103448275862,-0.20689655172413793,0.4,-0.1,0,0,0,0.6551724137931034,0.6206896551724138,0.5057471264367817,0.5344827586206897,0.6217228464419475,0.48314606741573035,0.552434456928839,2,3.0898876404494384,1.7641401840079571,3.5309226864514276,0.3137678672368778,0,0.5168539325842696,1.0,0.0,0.17228464419475656,0.15000000000000002,0.30466292134831463,0.18286516853932583,0.47614421579766875,0.3052434456928839,0.5118913857677903,0.3401636536276765,0.1647940074906367,0.20599250936329588
608835,2022-05-08 15:30:00+00:00,5,8,2022,132,Bayern Munich,2,134,VfB Stuttgart,2,Allianz Arena,0,2021-2022,0.7586206896551724,1.8620689655172413,0.7,1.5,0.1724137931034483,-0.6206896551724138,0.2,-0.3,0,0,0,0.24137931034482762,0.8275862068965517,0.18965517241379315,0.603448275862069,0.06716417910447761,0.75,0.4085820895522388,4,3.0858208955223883,1.7620915808598092,3.5263437907373407,0.035482819666577736,0,0.9328358208955224,1.0,0.0,0.6194029850746269,0.15,0.481455223880597,0.1612873134328358,0.8496583314769437,0.29085820895522385,0.5478544776119403,0.22956645589028088,0.04477611940298507,0.5895522388059702
608833,2022-05-08 17:30:00+00:00,5,8,2022,11420,RB Leipzig,4,3841,FC Augsburg,0,Red Bull Arena,0,2021-2022,0.5172413793103449,1.0,0.6,1.5,0.3103448275862069,-0.2413793103448276,0.4,0.0,0,0,0,0.48275862068965514,0.6896551724137931,0.33333333333333337,0.5402298850574712,0.137546468401487,0.516728624535316,0.3271375464684015,4,3.0892193308550184,1.7596840117241106,3.529140333786046,0.03516680547799511,4,0.862453531598513,0.08550185873605948,0.9144981412639406,0.6171003717472119,0.3328996282527881,0.3543815729467531,0.14907063197026021,0.5103896302353097,0.2827137546468401,0.5682156133828997,0.4496682026783846,0.3828996282527881,0.24907063197026022
608837,2022-05-14 13:30:00+00:00,5,14,2022,134,VfB Stuttgart,2,122,FC Cologne,1,MHPArena,0,2021-2022,0.16666666666666666,-0.6,0.2,-0.3,0.4,0.06666666666666667,0.5,0.6,0,0,0,0.8333333333333334,0.6,0.6000000000000001,0.4888888888888888,0.7410071942446043,0.2949640287769784,0.5179856115107914,3,3.1115107913669067,1.7471412084918037,3.5482960934898577,0.048050199522950865,1,0.7050359712230216,0.762589928057554,0.237410071942446,0.420863309352518,0.1974820143884892,0.36315382226592824,0.1776978417266187,0.6010816268055894,0.30179856115107917,0.5205035971223021,0.34980180891372836,0.20503597122302158,0.39928057553956836
608844,2022-05-14 13:30:00+00:00,5,14,2022,268,Borussia Mönchengladbach,5,7911,TSG Hoffenheim,1,BORUSSIA-PARK,0,2021-2022,0.36666666666666664,-0.2,0.4,0.5,0.4,-0.03333333333333333,0.2,-0.8,0,0,0,0.6333333333333333,0.6,0.5333333333333334,0.5055555555555555,0.37184115523465705,0.6425992779783394,0.5072202166064982,6,3.101083032490975,1.7416151872534669,3.5364868293043417,0.6322691143217016,4,0.628158844765343,0.08664259927797834,0.9133574007220217,0.9169675090252708,0.33267148014440434,0.2763270080412881,0.17608303249097473,0.5914479051947703,0.3007220216606498,0.5231949458483753,0.6513736008046287,0.5992779783393501,0.37545126353790614
608842,2022-05-14 13:30:00+00:00,5,14,2022,131,Bayer Leverkusen,2,126,SC Freiburg,1,BayArena,0,2021-2022,0.5333333333333333,0.8333333333333334,0.6,1.1,0.43333333333333335,0.36666666666666664,0.5,0.3,0,0,0,0.4666666666666667,0.5666666666666667,0.36111111111111105,0.4388888888888889,0.14130434782608695,0.286231884057971,0.213768115942029,3,3.101449275362319,1.7447682005874847,3.53764132550919,0.04636723361062922,1,0.8586956521739131,0.7608695652173914,0.23913043478260865,0.42391304347826086,0.19782608695652174,0.4246290170132325,0.13206521739130436,0.6530059022355552,0.2713768115942029,0.5965579710144927,0.19854302724702858,0.025362318840579712,0.47101449275362317
608841,2022-05-14 13:30:00+00:00,5,14,2022,124,Borussia Dortmund,2,129,Hertha Berlin,1,SIGNAL IDUNA PARK,0,2021-2022,0.6333333333333333,0.9666666666666667,0.5,0.5,0.3,-0.8333333333333334,0.3,-0.7,0,0,0,0.3666666666666667,0.7,0.3388888888888889,0.6388888888888888,0.15272727272727274,0.7018181818181818,0.42727272727272725,3,3.101818181818182,1.7479384007890224,3.5388027820154377,0.04639826860804808,1,0.8472727272727273,0.76,0.24,0.4254545454545455,0.198,0.4199563636363637,0.1640909090909091,0.649469038016529,0.2927272727272727,0.5431818181818182,0.3099548563901884,0.12727272727272726,0.4690909090909091
608840,2022-05-14 13:30:00+00:00,5,14,2022,138,VfL Wolfsburg,2,132,Bayern Munich,2,Volkswagen Arena,0,2021-2022,0.3,-0.4666666666666667,0.4,0.0,0.7333333333333333,1.8,0.6,1.2,0,0,0,0.7,0.2666666666666667,0.5777777777777777,0.20000000000000007,0.5461254612546126,0.07380073800738007,0.30996309963099633,4,3.088560885608856,1.7552825442555111,3.527381521672734,0.03559997680636218,0,0.9261992619926199,1.0,0.0,0.6162361623616236,0.15,0.47863468634686346,0.14649446494464946,0.8464133113655861,0.28099630996309966,0.5725092250922509,0.18267193353122382,0.02214022140221402,0.5904059040590406
608838,2022-05-14 13:30:00+00:00,5,14,2022,3841,FC Augsburg,2,3070,SpVgg Greuther Fürth,1,WWK Arena,0,2021-2022,0.3,-0.36666666666666664,0.4,-0.3,0.1,-1.5333333333333334,0.0,-1.3,0,0,0,0.7,0.9,0.5611111111111111,0.7555555555555555,0.5531135531135531,0.9120879120879121,0.7326007326007327,3,3.0952380952380953,1.7505501336174643,3.5328756286424614,0.045274200169078904,1,0.44688644688644685,0.7582417582417582,0.2417582417582418,0.42857142857142855,0.19835164835164837,0.25928772692508956,0.20989010989010992,0.5176837130586678,0.3232600732600733,0.4668498168498168,0.4296679116293642,0.34065934065934067,0.25274725274725274
608843,2022-05-14 13:30:00+00:00,5,14,2022,2950,Mainz,2,125,Eintracht Frankfurt,2,MEWA ARENA,0,2021-2022,0.36666666666666664,0.1,0.3,-0.3,0.3333333333333333,-0.03333333333333333,0.2,-0.2,0,0,0,0.6333333333333333,0.6666666666666667,0.4833333333333333,0.5055555555555555,0.5441176470588235,0.6360294117647058,0.5900735294117647,4,3.0919117647058822,1.7529123956217973,3.5301398636113315,0.03528655810407311,0,0.4558823529411765,1.0,0.0,0.6139705882352942,0.15,0.27875000000000005,0.18851102941176473,0.6978630514705882,0.3090073529411765,0.5024816176470588,0.3031530069821297,0.11397058823529412,0.5147058823529411
608839,2022-05-14 13:30:00+00:00,5,14,2022,2506,Arminia Bielefeld,1,11420,RB Leipzig,1,SchücoArena,0,2021-2022,0.16666666666666666,-0.8666666666666667,0.0,-1.9,0.5333333333333333,1.1,0.6,1.4,0,0,0,0.8333333333333334,0.4666666666666667,0.6444444444444444,0.31666666666666676,0.9,0.1259259259259259,0.512962962962963,2,3.0925925925925926,1.757284557366367,3.5319137319341842,0.3161211433255706,0,0.8740740740740741,1.0,0.0,0.17037037037037037,0.15,0.4564814814814815,0.17694444444444446,0.6546364883401921,0.3012962962962963,0.5217592592592593,0.3235790556658761,0.14814814814814814,0.4740740740740741
608836,2022-05-14 13:30:00+00:00,5,14,2022,598,1. FC Union Berlin,3,121,VfL Bochum,2,Stadion An der Alten Försterei,0,2021-2022,0.4666666666666667,0.13333333333333333,0.6,0.7,0.36666666666666664,-0.43333333333333335,0.4,-0.5,0,0,0,0.5333333333333333,0.6333333333333333,0.47777777777777775,0.5722222222222222,0.20802919708029197,0.5474452554744526,0.3777372262773723,5,3.0948905109489053,1.7473505288728182,3.53172814316711,0.29745031941420375,1,0.791970802919708,0.7591240875912408,0.24087591240875916,0.7846715328467153,0.19817518248175184,0.39769340401726255,0.15666058394160584,0.7759580165578199,0.28777372262773726,0.5555656934306569,0.32577434278962897,0.15693430656934307,0.5547445255474452
638734,2022-08-05 18:30:00+00:00,8,5,2022,125,Eintracht Frankfurt,1,132,Bayern Munich,6,Deutsche Bank Park,0,2022-2023,0.3225806451612903,-0.03225806451612903,0.2,-0.1,0.7096774193548387,1.7419354838709677,0.5,1.1,0,0,0,0.6774193548387097,0.29032258064516125,0.5053763440860215,0.20967741935483863,0.6164874551971327,0.1039426523297491,0.3602150537634409,7,3.111111111111111,1.7440088149440978,3.5471133148471354,0.8591296491444175,5,0.8960573476702509,0.03942652329749104,0.9605734767025089,0.956989247311828,0.34211469534050176,0.3605400110481623,0.15403225806451615,0.6053254743759209,0.2860215053763441,0.5599462365591398,0.6087794153657172,0.5770609318996416,0.4157706093189964
638442,2022-08-06 13:30:00+00:00,8,6,2022,598,1. FC Union Berlin,3,129,Hertha Berlin,1,Stadion An der Alten Försterei,0,2022-2023,0.4838709677419355,0.16129032258064516,0.6,0.6,0.2903225806451613,-0.8387096774193549,0.3,-0.5,0,0,0,0.5161290322580645,0.7096774193548387,0.4731182795698925,0.6397849462365592,0.2007042253521127,0.6936619718309859,0.44718309859154926,4,3.1338028169014085,1.7461876626547286,3.5703497325650906,0.029816852056651633,2,0.7992957746478873,0.4295774647887324,0.5704225352112676,0.6056338028169014,0.2640845070422535,0.3676986213052965,0.1670774647887324,0.592041256415701,0.2947183098591549,0.5382042253521127,0.4137715227006673,0.323943661971831,0.38028169014084506
638439,2022-08-06 13:30:00+00:00,8,6,2022,3841,FC Augsburg,0,126,SC Freiburg,4,WWK Arena,0,2022-2023,0.3225806451612903,-0.3225806451612903,0.5,-0.2,0.41935483870967744,0.3225806451612903,0.4,-0.1,0,0,0,0.6774193548387097,0.5806451612903225,0.553763440860215,0.4462365591397849,0.450354609929078,0.38652482269503546,0.41843971631205673,4,3.131205673758865,1.7516087065182713,3.569107850388433,0.029804319646086208,4,0.6134751773049645,0.09219858156028368,0.9078014184397163,0.6063829787234043,0.33156028368794327,0.27187955837231526,0.1627659574468085,0.4689382432744333,0.2918439716312057,0.5453900709219858,0.49800036658914304,0.4929078014184397,0.18439716312056736
638444,2022-08-06 13:30:00+00:00,8,6,2022,121,VfL Bochum,1,2950,Mainz,2,Vonovia Ruhrstadion,0,2022-2023,0.3548387096774194,-0.45161290322580644,0.4,-0.5,0.3548387096774194,0.0967741935483871,0.3,-0.1,0,0,0,0.6451612903225806,0.6451612903225806,0.575268817204301,0.4838709677419355,0.558303886925795,0.5335689045936396,0.5459363957597173,3,3.1342756183745584,1.7492627895041537,3.571591315750597,0.05198642859406721,1,0.4664310954063604,0.7632508833922261,0.23674911660777387,0.4134275618374558,0.19734982332155476,0.2674555182359625,0.1818904593639576,0.5174499775801541,0.30459363957597174,0.5135159010600706,0.36191513066166303,0.23674911660777384,0.24734982332155478
638440,2022-08-06 13:30:00+00:00,8,6,2022,268,Borussia Mönchengladbach,3,7911,TSG Hoffenheim,1,BORUSSIA-PARK,0,2022-2023,0.3870967741935484,-0.06451612903225806,0.5,0.9,0.3870967741935484,-0.16129032258064516,0.1,-1.3,0,0,0,0.6129032258064516,0.6129032258064516,0.510752688172043,0.5268817204301075,0.28825622775800713,0.7473309608540926,0.5177935943060499,4,3.1281138790035588,1.7539627585595503,3.5666045686434464,0.03006669735621137,2,0.7117437722419928,0.42704626334519574,0.5729537366548043,0.608540925266904,0.2645907473309609,0.33525240308506726,0.17766903914590748,0.5750009221183611,0.30177935943060497,0.5205516014234876,0.44778581758346514,0.39501779359430605,0.33807829181494664
638441,2022-08-06 13:30:00+00:00,8,6,2022,138,VfL Wolfsburg,2,137,Werder Bremen,2,Volkswagen Arena,0,2022-2023,0.2903225806451613,-0.45161290322580644,0.4,0.0,,,,,0,0,0,0.7096774193548387,,0.575268817204301,,0.55,0.0,0.275,4,3.125,1.7563249754401484,3.564081243860037,0.030331932168756737,0,1.0,1.0,0.0,0.6107142857142858,0.15,0.51,0.14125000000000001,0.8676428571428572,0.2775,0.58125,0.16412813541883692,0.010714285714285714,0.6107142857142858
638445,2022-08-06 16:30:00+00:00,8,6,2022,124,Borussia Dortmund,1,131,Bayer Leverkusen,0,SIGNAL IDUNA PARK,0,2022-2023,0.6451612903225806,0.967741935483871,0.6,0.6,0.5483870967741935,0.8387096774193549,0.6,0.9,0,0,0,0.3548387096774194,0.4516129032258065,0.33870967741935487,0.3602150537634409,0.1368421052631579,0.16842105263157894,0.15263157894736842,1,3.136842105263158,1.7438656649455064,3.5728085214995344,0.6632201047154591,1,0.8631578947368421,0.7649122807017544,0.23508771929824557,0.04912280701754386,0.19701754385964912,0.42684856879039706,0.12289473684210526,0.5150357130129108,0.26526315789473687,0.6118421052631579,0.23725279763352172,0.056140350877192984,0.24561403508771928
638438,2022-08-07 13:30:00+00:00,8,7,2022,134,VfB Stuttgart,1,11420,RB Leipzig,1,MHPArena,0,2022-2023,0.1935483870967742,-0.5483870967741935,0.3,-0.1,0.5161290322580645,1.064516129032258,0.5,1.3,0,0,0,0.8064516129032258,0.4838709677419355,0.5913978494623655,0.32258064516129037,0.6713286713286714,0.17832167832167833,0.42482517482517484,2,3.129370629370629,1.7453831698284201,3.565716421827734,0.3312599513288118,0,0.8216783216783217,1.0,0.0,0.16433566433566432,0.15,0.4342132867132867,0.16372377622377624,0.6257936207149494,0.29248251748251747,0.5437937062937064,0.28525238648831097,0.1048951048951049,0.46503496503496505
638443,2022-08-07 15:30:00+00:00,8,7,2022,122,FC Cologne,3,133,Schalke 04,1,RheinEnergieStadion,0,2022-2023,0.3870967741935484,0.03225806451612903,0.5,0.5,,,,,0,0,0,0.6129032258064516,,0.4946236559139785,,0.3205574912891986,0.0,0.1602787456445993,4,3.1254355400696863,1.74360401668046,3.5613365442398015,0.031151802823265795,2,1.0,0.42857142857142855,0.5714285714285714,0.6062717770034843,0.2642857142857143,0.44142857142857145,0.1240418118466899,0.6318865107018417,0.2660278745644599,0.6099303135888501,0.2536389199796752,0.06968641114982578,0.4738675958188153
638447,2022-08-12 18:30:00+00:00,8,12,2022,126,SC Freiburg,1,124,Borussia Dortmund,3,Europa-Park Stadion,0,2022-2023,0.4375,0.4375,0.5,0.3,0.65625,0.96875,0.6,0.6,0,0,0,0.5625,0.34375,0.42708333333333337,0.33854166666666663,0.2777777777777778,0.1388888888888889,0.20833333333333334,4,3.1284722222222223,1.7413264676164333,3.5638038391263307,0.030887180149282822,2,0.8611111111111112,0.4305555555555556,0.5694444444444444,0.6041666666666666,0.2638888888888889,0.3905478395061729,0.13125,0.6041680062585734,0.2708333333333333,0.5979166666666667,0.28284445165385264,0.1076388888888889,0.4166666666666667
638452,2022-08-13 13:30:00+00:00,8,13,2022,131,Bayer Leverkusen,1,3841,FC Augsburg,2,BayArena,0,2022-2023,0.53125,0.78125,0.6,0.8,0.3125,-0.4375,0.4,-0.7,0,0,0,0.46875,0.6875,0.36979166666666663,0.5729166666666667,0.1522491349480969,0.6055363321799307,0.3788927335640138,3,3.131487889273356,1.7390565172429908,3.566252018584104,0.051629972963561754,1,0.8477508650519031,0.7647058823529411,0.23529411764705888,0.4117647058823529,0.1970588235294118,0.42064115611642583,0.15683391003460206,0.6461412099950911,0.28788927335640135,0.5552768166089965,0.2862263340190099,0.11764705882352941,0.4809688581314879
638449,2022-08-13 13:30:00+00:00,8,13,2022,129,Hertha Berlin,1,125,Eintracht Frankfurt,1,Olympiastadion Berlin,0,2022-2023,0.28125,-0.875,0.3,-0.4,0.3125,-0.1875,0.1,-0.9,0,0,0,0.71875,0.6875,0.6458333333333333,0.53125,0.6793103448275862,0.7517241379310344,0.7155172413793103,2,3.1310344827586207,1.736062332104511,3.5650500657847486,0.33392024708305823,0,0.32068965517241377,1.0,0.0,0.16206896551724137,0.15,0.22129310344827588,0.20732758620689656,0.37129042806183116,0.32155172413793104,0.47112068965517234,0.40632585503212804,0.32413793103448274,0.06896551724137931
638448,2022-08-13 13:30:00+00:00,8,13,2022,11420,RB Leipzig,2,122,FC Cologne,2,Red Bull Arena,0,2022-2023,0.5,1.03125,0.5,1.3,0.40625,0.09375,0.6,0.8,0,0,0,0.5,0.59375,0.328125,0.484375,0.15463917525773196,0.2508591065292096,0.2027491408934708,4,3.127147766323024,1.734334347758228,3.560731353262581,0.03156591737969072,0,0.845360824742268,1.0,0.0,0.6048109965635738,0.15,0.44427835051546394,0.13041237113402063,0.8164673893789633,0.27027491408934706,0.5993127147766324,0.12562672418000198,0.003436426116838488,0.6048109965635738
638454,2022-08-13 13:30:00+00:00,8,13,2022,7911,TSG Hoffenheim,3,121,VfL Bochum,2,PreZero Arena,0,2022-2023,0.375,-0.21875,0.0,-1.6,0.34375,-0.46875,0.3,-0.7,0,0,0,0.625,0.65625,0.5364583333333333,0.578125,0.8013698630136986,0.6506849315068494,0.726027397260274,5,3.1301369863013697,1.7321051634705873,3.5631632771690165,0.2911148110767987,1,0.34931506849315064,0.7602739726027398,0.23972602739726023,0.7876712328767124,0.19794520547945205,0.22029039219365737,0.2089041095890411,0.6948653786338388,0.3226027397260274,0.46849315068493147,0.47829021644421954,0.4623287671232877,0.5342465753424658
638446,2022-08-13 13:30:00+00:00,8,13,2022,137,Werder Bremen,2,134,VfB Stuttgart,2,Weserstadion,0,2022-2023,0.0,0.0,0.0,0.0,0.1875,-0.53125,0.2,-0.2,0,0,0,1.0,0.8125,0.5,0.5885416666666667,0.8293515358361775,0.7406143344709898,0.7849829351535836,4,3.136518771331058,1.7325838345238245,3.569664729962014,0.030374876407706752,0,0.2593856655290102,1.0,0.0,0.6006825938566553,0.15,0.19523890784982934,0.21774744027303755,0.6274503488683619,0.32849829351535836,0.45375426621160414,0.3628034073156336,0.2525597269624573,0.46757679180887374
638450,2022-08-13 16:30:00+00:00,8,13,2022,133,Schalke 04,2,268,Borussia Mönchengladbach,2,VELTINS-Arena,0,2022-2023,0.0,-2.0,0.0,-2.0,0.40625,0.0,0.6,1.2,0,0,0,1.0,0.59375,0.8333333333333334,0.5,0.95578231292517,0.23129251700680273,0.5935374149659863,4,3.139455782312925,1.7303576470704904,3.5720451940805478,0.030121026286835773,0,0.7687074829931972,1.0,0.0,0.5986394557823129,0.15,0.4117006802721088,0.18903061224489795,0.7893900689527511,0.30935374149659867,0.5016156462585034,0.30342145002721,0.1360544217687075,0.5884353741496599
638453,2022-08-14 13:30:00+00:00,8,14,2022,2950,Mainz,0,598,1. FC Union Berlin,0,MEWA ARENA,0,2022-2023,0.375,0.125,0.4,0.1,0.5,0.21875,0.7,0.9,0,0,0,0.625,0.5,0.47916666666666663,0.46354166666666663,0.38305084745762713,0.18305084745762712,0.2830508474576271,0,3.142372881355932,1.7281388075144855,3.5744075832345534,0.8822333131046421,0,0.8169491525423729,1.0,0.0,0.0,0.15,0.43220338983050843,0.14245762711864407,0.5547457627118644,0.2783050847457627,0.5792372881355932,0.28963446963574446,0.12542372881355932,0.2983050847457627
638451,2022-08-14 15:30:00+00:00,8,14,2022,132,Bayern Munich,2,138,VfL Wolfsburg,0,Allianz Arena,0,2022-2023,0.71875,1.84375,0.6,1.6,0.28125,-0.4375,0.3,-0.1,0,0,0,0.28125,0.71875,0.19270833333333337,0.5729166666666667,0.07094594594594594,0.6351351351351351,0.3530405405405405,2,3.1317567567567566,1.734848683370247,3.5654689275993183,0.33444396080925975,2,0.9290540540540541,0.4222972972972973,0.5777027027027026,0.16216216216216217,0.26554054054054055,0.41462221512052594,0.15295608108108108,0.4736608556317,0.28530405405405407,0.5617398648648648,0.4142931062407461,0.34797297297297297,0.1891891891891892
638462,2022-08-19 18:30:00+00:00,8,19,2022,268,Borussia Mönchengladbach,1,129,Hertha Berlin,0,BORUSSIA-PARK,0,2022-2023,0.3939393939393939,0.0,0.5,1.0,0.2727272727272727,-0.8484848484848485,0.3,-0.2,0,0,0,0.6060606060606061,0.7272727272727273,0.5,0.6414141414141414,0.27946127946127947,0.6902356902356902,0.48484848484848486,1,3.127946127946128,1.733160337027349,3.5612362122029655,0.6644292385716211,1,0.7205387205387206,0.7542087542087542,0.24579124579124578,0.050505050505050504,0.19915824915824915,0.3686029203369271,0.17272727272727273,0.44333502334312913,0.29848484848484846,0.5287878787878788,0.444512014894184,0.40404040404040403,0.1414141414141414
638456,2022-08-20 13:30:00+00:00,8,20,2022,131,Bayer Leverkusen,0,7911,TSG Hoffenheim,3,BayArena,0,2022-2023,0.5151515151515151,0.7272727272727273,0.6,0.8,0.3939393939393939,-0.18181818181818182,0.1,-1.5,0,0,0,0.48484848484848486,0.6060606060606061,0.3787878787878788,0.5303030303030303,0.1610738255033557,0.7651006711409396,0.46308724832214765,3,3.120805369127517,1.7346255931823626,3.5544617674231076,0.049803029317117886,3,0.8389261744966443,0.20134228187919462,0.7986577181208054,0.412751677852349,0.3097315436241611,0.358568983379127,0.16946308724832215,0.4689465103603472,0.29630872483221476,0.534228187919463,0.4924832866559311,0.5100671140939598,0.18456375838926176
638463,2022-08-20 13:30:00+00:00,8,20,2022,124,Borussia Dortmund,2,137,Werder Bremen,3,SIGNAL IDUNA PARK,0,2022-2023,0.6666666666666666,1.0,0.6,0.7,0.0,0.0,0.0,0.0,0,0,0,0.33333333333333337,1.0,0.33333333333333337,0.5,0.12040133779264214,0.8294314381270903,0.47491638795986624,5,3.120401337792642,1.731726794484759,3.553333036413832,0.2945631970699798,1,0.8795986622073578,0.7558528428093646,0.2441471571906354,0.7892976588628763,0.1988294314381271,0.4324713370096531,0.17123745819397995,0.7927882317014479,0.2974916387959866,0.5312709030100334,0.3753812493294807,0.2809364548494983,0.5986622073578596
638460,2022-08-20 13:30:00+00:00,8,20,2022,3841,FC Augsburg,1,2950,Mainz,2,WWK Arena,0,2022-2023,0.3333333333333333,-0.3939393939393939,0.5,-0.5,0.36363636363636365,0.12121212121212122,0.3,-0.3,0,0,0,0.6666666666666667,0.6363636363636364,0.5656565656565657,0.4797979797979798,0.51,0.5333333333333333,0.5216666666666667,3,3.1266666666666665,1.73223101901363,3.559724421420074,0.050865131662338414,1,0.49,0.7566666666666667,0.2433333333333333,0.41,0.19866666666666669,0.27646000000000004,0.17825000000000002,0.5217328000000001,0.3021666666666667,0.5195833333333333,0.35364323749658966,0.22666666666666666,0.27
638459,2022-08-20 13:30:00+00:00,8,20,2022,134,VfB Stuttgart,0,126,SC Freiburg,1,MHPArena,0,2022-2023,0.18181818181818182,-0.5151515151515151,0.2,-0.2,0.42424242424242425,0.36363636363636365,0.4,0.0,0,0,0,0.8181818181818181,0.5757575757575757,0.5858585858585859,0.43939393939393934,0.7375415282392026,0.36212624584717606,0.5498338870431894,1,3.12624584717608,1.729356968940873,3.5585850894112983,0.6652801510471431,1,0.6378737541528239,0.7574750830564784,0.24252491694352163,0.04983388704318937,0.19850498338870431,0.3357758192514431,0.18247508305647842,0.4041715334231164,0.30498338870431896,0.5125415282392026,0.47717582257564006,0.4717607973421927,0.10631229235880399
638457,2022-08-20 13:30:00+00:00,8,20,2022,138,VfL Wolfsburg,0,133,Schalke 04,0,Volkswagen Arena,0,2022-2023,0.2727272727272727,-0.48484848484848486,0.3,-0.2,0.0,-1.0,0.0,-1.0,0,0,0,0.7272727272727273,1.0,0.5808080808080809,0.6666666666666667,0.6423841059602649,0.9006622516556292,0.7715231788079471,0,3.119205298013245,1.730811851517633,3.5519082608926533,0.8782379744287028,0,0.35761589403973515,1.0,0.0,0.0,0.15000000000000002,0.23698675496688745,0.21572847682119206,0.2906291390728477,0.3271523178807947,0.4571192052980133,0.5421390028757188,0.5794701986754967,0.009933774834437087
638455,2022-08-20 16:30:00+00:00,8,20,2022,598,1. FC Union Berlin,2,11420,RB Leipzig,1,Stadion An der Alten Försterei,0,2022-2023,0.48484848484848486,0.21212121212121213,0.7,0.9,0.48484848484848486,1.0,0.4,0.8,0,0,0,0.5151515151515151,0.5151515151515151,0.46464646464646464,0.33333333333333337,0.1617161716171617,0.24092409240924093,0.20132013201320131,3,3.108910891089109,1.7372105415128134,3.543213526467312,0.047712645938470244,1,0.8382838283828383,0.7557755775577558,0.24422442244224418,0.41254125412541254,0.19884488448844884,0.4159132002309142,0.1301980198019802,0.6399536730132838,0.27013201320132013,0.5996699669966996,0.19291056384808256,0.0297029702970297,0.4884488448844885
638461,2022-08-21 13:30:00+00:00,8,21,2022,125,Eintracht Frankfurt,1,122,FC Cologne,1,Deutsche Bank Park,0,2022-2023,0.30303030303030304,-0.18181818181818182,0.0,-1.0,0.3939393939393939,0.09090909090909091,0.5,0.7,0,0,0,0.696969696969697,0.6060606060606061,0.5303030303030303,0.48484848484848486,0.7927631578947368,0.29605263157894735,0.544407894736842,2,3.1085526315789473,1.7343527370067164,3.5421408158306265,0.32653208391691546,0,0.7039473684210527,1.0,0.0,0.16776315789473684,0.15,0.38417763157894735,0.1816611842105263,0.5679175683864266,0.3044407894736842,0.5138980263157895,0.339088347663075,0.20065789473684212,0.33223684210526316
638458,2022-08-21 15:30:00+00:00,8,21,2022,121,VfL Bochum,0,132,Bayern Munich,7,Vonovia Ruhrstadion,0,2022-2023,0.3333333333333333,-0.48484848484848486,0.3,-0.7,0.7272727272727273,1.8484848484848484,0.7,1.8,0,0,0,0.6666666666666667,0.2727272727272727,0.5808080808080809,0.19191919191919193,0.6557377049180327,0.05245901639344262,0.3540983606557377,7,3.1049180327868853,1.7326609279618417,3.5380832647773457,0.8641319956705106,7,0.9475409836065574,0.003278688524590164,0.9967213114754099,0.9573770491803278,0.349344262295082,0.3733270626175759,0.15311475409836067,0.5977501376767218,0.2854098360655738,0.5614754098360656,0.6156029463083357,0.6229508196721312,0.4
638466,2022-08-26 18:30:00+00:00,8,26,2022,126,SC Freiburg,1,121,VfL Bochum,0,Europa-Park Stadion,0,2022-2023,0.4411764705882353,0.38235294117647056,0.5,0.1,0.3235294117647059,-0.6764705882352942,0.3,-1.2,0,0,0,0.5588235294117647,0.6764705882352942,0.4362745098039216,0.6127450980392157,0.3006535947712418,0.7222222222222222,0.511437908496732,1,3.1176470588235294,1.7440904491155953,3.553669671102428,0.6576486325651755,1,0.6993464052287581,0.7549019607843137,0.2450980392156863,0.05228758169934641,0.19901960784313727,0.36017941817249777,0.1767156862745098,0.434132213268066,0.3011437908496732,0.5221405228758169,0.45706903905147933,0.434640522875817,0.13071895424836602
638472,2022-08-27 13:30:00+00:00,8,27,2022,129,Hertha Berlin,0,124,Borussia Dortmund,1,Olympiastadion Berlin,0,2022-2023,0.2647058823529412,-0.8529411764705882,0.2,-0.6,0.6470588235294118,0.9411764705882353,0.6,0.6,0,0,0,0.7352941176470589,0.3529411764705882,0.642156862745098,0.3431372549019608,0.745928338762215,0.13680781758957655,0.44136807817589574,1,3.1107491856677525,1.7454277597017787,3.547106125593197,0.6551966705905417,1,0.8631921824104234,0.755700325732899,0.24429967426710097,0.05211726384364821,0.19885993485342018,0.4258829271398105,0.16620521172638436,0.5130515831944648,0.29413680781758955,0.5396579804560261,0.4189424334038864,0.3583061889250814,0.250814332247557
638471,2022-08-27 13:30:00+00:00,8,27,2022,2950,Mainz,0,131,Bayer Leverkusen,3,MEWA ARENA,0,2022-2023,0.38235294117647056,0.14705882352941177,0.4,-0.2,0.5,0.6176470588235294,0.5,0.3,0,0,0,0.6176470588235294,0.5,0.47549019607843135,0.3970588235294118,0.41883116883116883,0.2564935064935065,0.33766233766233766,3,3.103896103896104,1.7467282815298353,3.5405781742785627,0.04676046661923827,3,0.7435064935064934,0.2012987012987013,0.7987012987012987,0.4155844155844156,0.30974025974025976,0.3256322735705852,0.15064935064935064,0.4473767408380117,0.2837662337662338,0.5655844155844155,0.42466544928053696,0.36363636363636365,0.14935064935064934
638467,2022-08-27 13:30:00+00:00,8,27,2022,11420,RB Leipzig,2,138,VfL Wolfsburg,0,Red Bull Arena,0,2022-2023,0.47058823529411764,0.9411764705882353,0.4,0.7,0.2647058823529412,-0.47058823529411764,0.3,0.0,0,0,0,0.5294117647058824,0.7352941176470589,0.3431372549019608,0.5784313725490196,0.255663430420712,0.6375404530744336,0.44660194174757284,2,3.103559870550162,1.7439003941962696,3.5395349690992295,0.3227250057427504,2,0.7443365695792881,0.4174757281553398,0.5825242718446602,0.1715210355987055,0.266504854368932,0.3463331448141515,0.16699029126213594,0.40936141821739963,0.2946601941747573,0.5383495145631068,0.46596659630255977,0.45307443365695793,0.11650485436893204
638469,2022-08-27 13:30:00+00:00,8,27,2022,133,Schalke 04,1,598,1. FC Union Berlin,6,VELTINS-Arena,0,2022-2023,0.0,-0.6666666666666666,0.0,-0.6666666666666666,0.5,0.23529411764705882,0.8,1.4,0,0,0,1.0,0.5,0.6111111111111112,0.4607843137254902,0.896774193548387,0.10967741935483871,0.5032258064516129,7,3.1,1.7422040870420858,3.5355510217605217,0.8615371253870141,5,0.8903225806451613,0.041935483870967745,0.9580645161290322,0.9548387096774194,0.34161290322580645,0.3589271592091572,0.17548387096774193,0.6051334060622335,0.30032258064516126,0.5241935483870968,0.7027019987775921,0.6516129032258065,0.43870967741935485
638468,2022-08-27 13:30:00+00:00,8,27,2022,7911,TSG Hoffenheim,1,3841,FC Augsburg,0,PreZero Arena,0,2022-2023,0.4117647058823529,-0.08823529411764706,0.2,-0.9,0.3235294117647059,-0.4117647058823529,0.4,-0.9,0,0,0,0.5882352941176471,0.6764705882352942,0.5147058823529411,0.5686274509803921,0.6430868167202572,0.6077170418006431,0.6254019292604502,1,3.112540192926045,1.7533940296976367,3.550888700350454,0.6529421818834749,1,0.3922829581993569,0.7588424437299035,0.2411575562700965,0.05144694533762058,0.19823151125401933,0.23743690615274868,0.19381028938906752,0.2869731818216423,0.312540192926045,0.49364951768488746,0.5106477031260144,0.5498392282958199,0.00964630225080386
638470,2022-08-27 16:30:00+00:00,8,27,2022,132,Bayern Munich,1,268,Borussia Mönchengladbach,1,Allianz Arena,0,2022-2023,0.7352941176470589,2.0,0.7,2.1,0.4117647058823529,0.029411764705882353,0.5,0.9,0,0,0,0.2647058823529411,0.5882352941176471,0.16666666666666663,0.4950980392156863,0.04807692307692308,0.2916666666666667,0.16987179487179488,2,3.105769230769231,1.7546535420656837,3.544432616285652,0.3211596351071667,0,0.9519230769230769,1.0,0.0,0.17307692307692307,0.15,0.48956730769230766,0.12548076923076923,0.694738350591716,0.2669871794871795,0.6075320512820512,0.1435019180525458,0.01282051282051282,0.5544871794871795
638464,2022-08-28 13:30:00+00:00,8,28,2022,122,FC Cologne,0,134,VfB Stuttgart,0,RheinEnergieStadion,0,2022-2023,0.38235294117647056,0.08823529411764706,0.5,0.7,0.17647058823529413,-0.5294117647058824,0.1,-0.4,0,0,0,0.6176470588235294,0.8235294117647058,0.48529411764705876,0.588235294117647,0.3035143769968051,0.8019169329073482,0.5527156549520766,0,3.1022364217252396,1.7529539487646897,3.540474908916412,0.8699235611198419,0,0.6964856230031948,1.0,0.0,0.0,0.15,0.38100638977635776,0.18290734824281152,0.48547923322683695,0.3052715654952077,0.5118210862619808,0.44200693864994767,0.402555910543131,0.22044728434504793
638465,2022-08-28 15:30:00+00:00,8,28,2022,137,Werder Bremen,3,125,Eintracht Frankfurt,4,Weserstadion,0,2022-2023,0.3333333333333333,0.3333333333333333,0.3333333333333333,0.3333333333333333,0.29411764705882354,-0.17647058823529413,0.0,-1.0,0,0,0,0.6666666666666667,0.7058823529411764,0.4444444444444444,0.5294117647058822,0.4171974522292994,0.8121019108280255,0.6146496815286624,7,3.0923566878980893,1.7588858440226787,3.532078148903759,0.8568293783089496,1,0.5828025477707006,0.7547770700636943,0.24522292993630568,0.9522292993630573,0.19904458598726113,0.31349496936995414,0.19219745222929935,0.8167966239635049,0.31146496815286623,0.4963375796178345,0.5461325108119677,0.589171974522293,0.6337579617834395
638474,2022-09-02 18:30:00+00:00,9,2,2022,124,Borussia Dortmund,1,7911,TSG Hoffenheim,0,SIGNAL IDUNA PARK,0,2022-2023,0.6470588235294118,0.9411764705882353,0.7,1.0,0.4411764705882353,0.0,0.3,-0.7,0,0,0,0.3529411764705882,0.5588235294117647,0.3431372549019608,0.5,0.10158730158730159,0.5396825396825397,0.3206349206349206,1,3.104761904761905,1.7698310916049718,3.547219677663148,0.6450265837370843,1,0.8984126984126984,0.7555555555555555,0.24444444444444446,0.05396825396825397,0.1988888888888889,0.43997530864197537,0.14809523809523809,0.5305999608073682,0.28206349206349207,0.5698412698412698,0.34718522944187974,0.2126984126984127,0.2984126984126984
638476,2022-09-03 13:30:00+00:00,9,3,2022,598,1. FC Union Berlin,1,132,Bayern Munich,1,Stadion An der Alten Försterei,0,2022-2023,0.5294117647058824,0.38235294117647056,0.8,1.8,0.7058823529411765,1.911764705882353,0.6,1.8,0,0,0,0.47058823529411764,0.2941176470588235,0.4362745098039216,0.18137254901960775,0.09375,0.059375,0.0765625,2,3.10625,1.7726478963018353,3.549411974075459,0.3175022442362674,0,0.940625,1.0,0.0,0.175,0.15,0.484765625,0.11148437500000001,0.689775390625,0.25765625,0.630859375,0.08369671015821513,0.0,0.55
638475,2022-09-03 13:30:00+00:00,9,3,2022,131,Bayer Leverkusen,2,126,SC Freiburg,3,BayArena,0,2022-2023,0.5294117647058824,0.7352941176470589,0.5,0.5,0.47058823529411764,0.4117647058823529,0.6,0.5,0,0,0,0.47058823529411764,0.5294117647058824,0.37745098039215685,0.43137254901960786,0.20689655172413793,0.219435736677116,0.21316614420062696,5,3.1003134796238245,1.772244045842805,3.543374491084526,0.28663938280908696,1,0.7931034482758621,0.7554858934169278,0.24451410658307215,0.786833855799373,0.19890282131661444,0.39778618527726733,0.13197492163009406,0.775611109059124,0.2713166144200627,0.5967084639498432,0.2313679921304602,0.05956112852664577,0.5987460815047022
638479,2022-09-03 13:30:00+00:00,9,3,2022,134,VfB Stuttgart,1,133,Schalke 04,1,MHPArena,0,2022-2023,0.17647058823529413,-0.5294117647058824,0.1,-0.4,0.0,-1.75,0.0,-1.75,0,0,0,0.8235294117647058,1.0,0.588235294117647,0.7916666666666666,0.789308176100629,0.9339622641509434,0.8616352201257862,2,3.1037735849056602,1.773957659649036,3.547262999817919,0.3163948826467743,0,0.21069182389937102,1.0,0.0,0.1761006289308176,0.15,0.1745440251572327,0.22924528301886793,0.32509602072702815,0.3361635220125786,0.4345911949685535,0.4469911143595393,0.4119496855345912,0.031446540880503145
638480,2022-09-03 13:30:00+00:00,9,3,2022,121,VfL Bochum,0,137,Werder Bremen,2,Vonovia Ruhrstadion,0,2022-2023,0.3235294117647059,-0.6470588235294118,0.2,-1.4,0.25,0.0,0.25,0.0,0,0,0,0.6764705882352942,0.75,0.607843137254902,0.5,0.7760252365930599,0.61198738170347,0.6940063091482649,2,3.107255520504732,1.775673621779896,3.551173925949706,0.31720570460426856,2,0.38801261829653,0.416403785488959,0.5835962145110409,0.17665615141955837,0.26671924290220816,0.21558916896376717,0.20410094637223974,0.2847159814375213,0.3194006309148265,0.47649842271293374,0.5818358952807081,0.6056782334384858,0.00946372239747634
638477,2022-09-03 13:30:00+00:00,9,3,2022,138,VfL Wolfsburg,2,122,FC Cologne,4,Volkswagen Arena,0,2022-2023,0.23529411764705882,-0.5882352941176471,0.3,0.1,0.38235294117647056,0.08823529411764706,0.5,0.8,0,0,0,0.7647058823529411,0.6176470588235294,0.5980392156862746,0.48529411764705876,0.6455696202531646,0.30063291139240506,0.4731012658227848,6,3.098101265822785,1.7709820258106583,3.5408467722754495,0.6186659687002234,2,0.6993670886075949,0.41455696202531644,0.5854430379746836,0.9113924050632911,0.2670886075949367,0.32957819259734017,0.17096518987341772,0.691016731181509,0.2973101265822785,0.5317246835443038,0.5313881093880523,0.5727848101265823,0.5506329113924051
638481,2022-09-03 16:30:00+00:00,9,3,2022,125,Eintracht Frankfurt,4,11420,RB Leipzig,0,Deutsche Bank Park,0,2022-2023,0.3235294117647059,-0.14705882352941177,0.1,-0.9,0.5,1.088235294117647,0.4,0.6,0,0,0,0.6764705882352942,0.5,0.5245098039215685,0.31862745098039225,0.7414330218068536,0.24610591900311526,0.4937694704049844,4,3.102803738317757,1.770952671441555,3.545541906178146,0.032390192463188305,4,0.7538940809968847,0.09034267912772585,0.9096573208722741,0.6105919003115264,0.33193146417445485,0.3186333110121214,0.17406542056074767,0.4923896710685378,0.29937694704049844,0.5265576323987539,0.5379665273361641,0.5825545171339563,0.22429906542056074
638478,2022-09-04 13:30:00+00:00,9,4,2022,3841,FC Augsburg,0,129,Hertha Berlin,2,WWK Arena,0,2022-2023,0.3235294117647059,-0.4411764705882353,0.3,-1.1,0.23529411764705882,-0.9411764705882353,0.2,-0.6,0,0,0,0.6764705882352942,0.7647058823529411,0.5735294117647058,0.6568627450980393,0.6801242236024845,0.7857142857142857,0.7329192546583851,2,3.1055900621118013,1.7688987878819096,3.5478147590822786,0.31806880183810327,2,0.3198757763975155,0.4161490683229814,0.5838509316770186,0.17391304347826086,0.2667701863354037,0.19059420932834378,0.20993788819875778,0.2590203325632757,0.3232919254658385,0.4667701863354037,0.5976338415123872,0.6180124223602484,0.006211180124223602
638473,2022-09-04 15:30:00+00:00,9,4,2022,268,Borussia Mönchengladbach,0,2950,Mainz,1,BORUSSIA-PARK,0,2022-2023,0.38235294117647056,-0.029411764705882353,0.5,0.9,0.35294117647058826,0.0,0.4,-0.4,0,0,0,0.6176470588235294,0.6470588235294117,0.5049019607843137,0.5,0.29721362229102166,0.4984520123839009,0.3978328173374613,1,3.1021671826625385,1.7672209321120074,3.5439724156905403,0.6451738313523359,1,0.7027863777089783,0.7554179566563467,0.2445820433436533,0.05263157894736842,0.19891640866873067,0.3616036768300281,0.1596749226006192,0.4360881748013926,0.2897832817337461,0.5505417956656347,0.39291746239008274,0.3188854489164087,0.14551083591331268
638488,2022-09-09 18:30:00+00:00,9,9,2022,137,Werder Bremen,0,3841,FC Augsburg,1,Weserstadion,0,2022-2023,0.4,0.4,0.4,0.4,0.29411764705882354,-0.5294117647058824,0.3,-1.2,0,0,0,0.6,0.7058823529411764,0.43333333333333335,0.588235294117647,0.35802469135802467,0.7314814814814815,0.5447530864197531,1,3.095679012345679,1.7683438847662951,3.537764983537253,0.642910173546557,1,0.6419753086419753,0.7561728395061729,0.24382716049382713,0.05246913580246913,0.19876543209876543,0.3373098613016308,0.18171296296296297,0.40700878366554333,0.3044753086419753,0.5138117283950616,0.47096498738270975,0.4691358024691358,0.12037037037037036
638483,2022-09-10 13:30:00+00:00,9,10,2022,132,Bayern Munich,2,134,VfB Stuttgart,2,Allianz Arena,0,2022-2023,0.6764705882352942,1.7058823529411764,0.5,1.7,0.17647058823529413,-0.47058823529411764,0.1,-0.2,0,0,0,0.32352941176470584,0.8235294117647058,0.21568627450980393,0.5784313725490196,0.08923076923076922,0.7938461538461539,0.44153846153846155,4,3.0892307692307694,1.769435555264875,3.5315896580469883,0.0344323781139898,0,0.9107692307692308,1.0,0.0,0.6123076923076923,0.15,0.47207692307692306,0.16623076923076924,0.8400975147928994,0.29415384615384615,0.5396153846153846,0.24398466744589536,0.06769230769230769,0.6492307692307693
638484,2022-09-10 13:30:00+00:00,9,10,2022,125,Eintracht Frankfurt,0,138,VfL Wolfsburg,1,Deutsche Bank Park,0,2022-2023,0.35294117647058826,-0.029411764705882353,0.2,-0.4,0.23529411764705882,-0.6470588235294118,0.2,-0.5,0,0,0,0.6470588235294117,0.7647058823529411,0.5049019607843137,0.607843137254902,0.6319018404907976,0.7484662576687117,0.6901840490797546,1,3.0920245398773005,1.767431220555963,3.5338823450162913,0.6421637762450989,1,0.36809815950920244,0.754601226993865,0.245398773006135,0.05214723926380368,0.199079754601227,0.22750065866235086,0.20352760736196318,0.2748554158208734,0.31901840490797545,0.47745398773006137,0.5385159085452889,0.5858895705521472,0.012269938650306749
638486,2022-09-10 13:30:00+00:00,9,10,2022,129,Hertha Berlin,2,131,Bayer Leverkusen,2,Olympiastadion Berlin,0,2022-2023,0.23529411764705882,-0.9117647058823529,0.3,-0.1,0.5,0.6470588235294118,0.5,0.4,0,0,0,0.7647058823529411,0.5,0.6519607843137254,0.3921568627450981,0.6819571865443425,0.24464831804281345,0.463302752293578,4,3.085626911314985,1.7685063942527386,3.5277535098781696,0.03502477042800756,0,0.7553516819571866,1.0,0.0,0.6116207951070336,0.15,0.40602446483180427,0.16949541284403669,0.7908718869530249,0.2963302752293578,0.5341743119266056,0.25342096684358734,0.07951070336391437,0.6207951070336392
638490,2022-09-10 13:30:00+00:00,9,10,2022,11420,RB Leipzig,3,124,Borussia Dortmund,0,Red Bull Arena,0,2022-2023,0.5,0.9705882352941176,0.3,-0.1,0.6470588235294118,0.9117647058823529,0.7,0.9,0,0,0,0.5,0.3529411764705882,0.3382352941176471,0.3480392156862745,0.3567073170731707,0.10060975609756098,0.22865853658536583,3,3.0884146341463414,1.7665218124300934,3.530045087253865,0.04401689452290769,3,0.899390243902439,0.19817073170731708,0.8018292682926829,0.4268292682926829,0.3103658536585366,0.3790885261748959,0.1342987804878049,0.4868142312620609,0.2728658536585366,0.5928353658536585,0.36026011022851706,0.24085365853658536,0.23170731707317074
638487,2022-09-10 13:30:00+00:00,9,10,2022,7911,TSG Hoffenheim,4,2950,Mainz,1,PreZero Arena,0,2022-2023,0.4411764705882353,-0.029411764705882353,0.3,-0.5,0.38235294117647056,0.029411764705882353,0.5,-0.2,0,0,0,0.5588235294117647,0.6176470588235294,0.5049019607843137,0.4950980392156863,0.5349544072948328,0.3951367781155015,0.46504559270516715,5,3.088145896656535,1.7638336236221377,3.5291043025620694,0.29369708549239204,3,0.6048632218844985,0.2006079027355623,0.7993920972644377,0.790273556231003,0.3098784194528875,0.2777267394055857,0.1697568389057751,0.5690529755887241,0.2965045592705167,0.5337386018237082,0.5350932747474874,0.5835866261398176,0.3556231003039514
638482,2022-09-10 16:30:00+00:00,9,10,2022,133,Schalke 04,3,121,VfL Bochum,1,VELTINS-Arena,0,2022-2023,0.0,-1.4,0.0,-1.4,0.3235294117647059,-0.5,0.2,-1.6,0,0,0,1.0,0.6764705882352942,0.7333333333333334,0.5833333333333333,0.9333333333333333,0.7878787878787878,0.8606060606060606,4,3.0939393939393938,1.7642928087074359,3.535012596116253,0.03413431936694855,2,0.21212121212121215,0.41515151515151516,0.5848484848484848,0.6090909090909091,0.26696969696969697,0.15104866850321397,0.2290909090909091,0.4738177421598909,0.33606060606060606,0.4348484848484848,0.5785976400327514,0.6090909090909091,0.21515151515151515
638485,2022-09-11 13:30:00+00:00,9,11,2022,122,FC Cologne,0,598,1. FC Union Berlin,1,RheinEnergieStadion,0,2022-2023,0.4117647058823529,0.14705882352941177,0.5,0.9,0.5294117647058824,0.4411764705882353,0.7,1.5,0,0,0,0.5882352941176471,0.47058823529411764,0.47549019607843135,0.42647058823529405,0.27492447129909364,0.12084592145015106,0.19788519637462235,1,3.096676737160121,1.7623214239306852,3.5372570931427925,0.645271696118429,1,0.879154078549849,0.7552870090634441,0.24471299093655585,0.0513595166163142,0.19894259818731116,0.4322321811593542,0.12968277945619336,0.5203032329711564,0.26978851963746225,0.6005287009063445,0.268537122525328,0.09969788519637462,0.2930513595166163
638489,2022-09-11 15:30:00+00:00,9,11,2022,126,SC Freiburg,0,268,Borussia Mönchengladbach,0,Europa-Park Stadion,0,2022-2023,0.5,0.4411764705882353,0.6,0.5,0.38235294117647056,-0.029411764705882353,0.4,0.6,0,0,0,0.5,0.6176470588235294,0.42647058823529405,0.5049019607843137,0.19879518072289157,0.37349397590361444,0.286144578313253,0,3.0903614457831323,1.763415695257211,3.531215369597435,0.8653363694104558,0,0.8012048192771084,1.0,0.0,0.0,0.15,0.42551204819277105,0.14292168674698796,0.5456927710843373,0.2786144578313253,0.5784638554216867,0.2891996294987541,0.12951807228915663,0.3253012048192771
638492,2022-09-16 18:30:00+00:00,9,16,2022,2950,Mainz,1,129,Hertha Berlin,1,MEWA ARENA,0,2022-2023,0.38235294117647056,-0.029411764705882353,0.5,-0.5,0.23529411764705882,-0.7352941176470589,0.2,-0.2,0,0,0,0.6176470588235294,0.7647058823529411,0.5049019607843137,0.6225490196078431,0.4084084084084084,0.7327327327327328,0.5705705705705706,2,3.081081081081081,1.7688833272247682,3.5233019128872733,0.3098203203784342,0,0.5915915915915916,1.0,0.0,0.1831831831831832,0.15,0.33642642642642645,0.18558558558558558,0.5192432071711351,0.30705705705705705,0.5073573573573573,0.34698136245430966,0.21921921921921922,0.2852852852852853
638493,2022-09-17 13:30:00+00:00,9,17,2022,131,Bayer Leverkusen,1,137,Werder Bremen,1,BayArena,0,2022-2023,0.47058823529411764,0.6176470588235294,0.5,0.5,0.3333333333333333,0.16666666666666666,0.3333333333333333,0.16666666666666666,0,0,0,0.5294117647058824,0.6666666666666667,0.3970588235294118,0.4722222222222222,0.25449101796407186,0.47604790419161674,0.3652694610778443,2,3.0778443113772456,1.767215661685772,3.5196482267986884,0.3090746434417825,0,0.7455089820359282,1.0,0.0,0.18263473053892215,0.15,0.40184131736526946,0.15479041916167666,0.5955170049123311,0.28652694610778445,0.5586826347305389,0.25191149851217337,0.07784431137724551,0.41916167664670656
638494,2022-09-17 13:30:00+00:00,9,17,2022,124,Borussia Dortmund,1,133,Schalke 04,0,SIGNAL IDUNA PARK,0,2022-2023,0.6470588235294118,0.8529411764705882,0.6,0.1,0.16666666666666666,-0.8333333333333334,0.16666666666666666,-0.8333333333333334,0,0,0,0.3529411764705882,0.8333333333333334,0.3578431372549019,0.6388888888888888,0.14925373134328357,0.8298507462686567,0.48955223880597015,1,3.074626865671642,1.7655505225790247,3.516014496316398,0.6377415059527864,1,0.8507462686567164,0.7492537313432835,0.25074626865671645,0.05373134328358209,0.2001492537313433,0.42022009356204054,0.17343283582089553,0.5055257687946988,0.29895522388059703,0.5276119402985074,0.4438608313754695,0.41492537313432837,0.25671641791044775
638497,2022-09-17 13:30:00+00:00,9,17,2022,3841,FC Augsburg,1,132,Bayern Munich,0,WWK Arena,0,2022-2023,0.3235294117647059,-0.4117647058823529,0.4,-1.0,0.6470588235294118,1.6470588235294117,0.4,1.4,0,0,0,0.6764705882352942,0.3529411764705882,0.5686274509803921,0.22549019607843146,0.6339285714285714,0.11904761904761904,0.37648809523809523,1,3.068452380952381,1.766542787090417,3.510088077724985,0.635593174323121,1,0.8809523809523809,0.75,0.25,0.05357142857142857,0.2,0.43238095238095237,0.15647321428571428,0.5201700680272109,0.28764880952380956,0.5558779761904762,0.38064694978611113,0.30357142857142855,0.29464285714285715
638499,2022-09-17 13:30:00+00:00,9,17,2022,134,VfB Stuttgart,1,125,Eintracht Frankfurt,3,MHPArena,0,2022-2023,0.17647058823529413,-0.47058823529411764,0.1,-0.2,0.35294117647058826,-0.058823529411764705,0.2,-0.3,0,0,0,0.8235294117647058,0.6470588235294117,0.5784313725490196,0.5098039215686274,0.7863501483679525,0.6261127596439169,0.7062314540059347,4,3.0623145400593472,1.7675071518165009,3.5041913280134724,0.03857984718303131,2,0.3738872403560831,0.4094955489614243,0.5905044510385757,0.6142433234421365,0.26810089020771516,0.2100137801688841,0.2059347181008902,0.5068037895000655,0.32062314540059345,0.4734421364985164,0.5316340528660752,0.5816023738872403,0.26112759643916916
638498,2022-09-17 16:30:00+00:00,9,17,2022,268,Borussia Mönchengladbach,3,11420,RB Leipzig,0,BORUSSIA-PARK,0,2022-2023,0.35294117647058826,-0.058823529411764705,0.4,0.8,0.5,0.8823529411764706,0.3,0.1,0,0,0,0.6470588235294117,0.5,0.5098039215686274,0.3529411764705882,0.3757396449704142,0.3343195266272189,0.35502958579881655,3,3.06508875739645,1.7656196089120415,3.5064936596244602,0.04031064227948822,3,0.665680473372781,0.19822485207100593,0.8017751479289941,0.4319526627218935,0.31035502958579886,0.2985060922236616,0.15325443786982249,0.43472208891008535,0.28550295857988167,0.5612426035502958,0.43434469074337545,0.39644970414201186,0.14201183431952663
638491,2022-09-18 13:30:00+00:00,9,18,2022,598,1. FC Union Berlin,2,138,VfL Wolfsburg,0,Stadion An der Alten Försterei,0,2022-2023,0.5294117647058824,0.4411764705882353,0.7,1.4,0.2647058823529412,-0.5588235294117647,0.3,0.1,0,0,0,0.47058823529411764,0.7352941176470589,0.42647058823529405,0.5931372549019607,0.12684365781710916,0.6371681415929203,0.38200589970501475,2,3.0648967551622417,1.7630093551511248,3.505649093950023,0.30557904745861597,2,0.8731563421828908,0.41297935103244837,0.5870206489675516,0.18584070796460178,0.2674041297935103,0.39309495218454416,0.15730088495575223,0.45891880106223537,0.28820058997050146,0.5544985250737463,0.4290692599023912,0.3834808259587021,0.17699115044247787
638495,2022-09-18 15:30:00+00:00,9,18,2022,121,VfL Bochum,1,122,FC Cologne,1,Vonovia Ruhrstadion,0,2022-2023,0.3235294117647059,-0.5588235294117647,0.2,-1.5,0.4117647058823529,0.11764705882352941,0.4,0.6,0,0,0,0.6764705882352942,0.5882352941176471,0.5931372549019607,0.48039215686274506,0.7823529411764706,0.35,0.5661764705882353,2,3.0617647058823527,1.7613541830201795,3.5021032516373976,0.30486124044154284,0,0.65,1.0,0.0,0.18529411764705883,0.15,0.36125,0.1849264705882353,0.5493125,0.30661764705882355,0.5084558823529411,0.3442526701344211,0.21470588235294116,0.34411764705882353
638496,2022-09-18 17:30:00+00:00,9,18,2022,7911,TSG Hoffenheim,0,126,SC Freiburg,0,PreZero Arena,0,2022-2023,0.4411764705882353,0.0,0.4,-0.2,0.47058823529411764,0.35294117647058826,0.5,0.2,0,0,0,0.5588235294117647,0.5294117647058824,0.5,0.4411764705882353,0.39882697947214074,0.2903225806451613,0.34457478005865105,0,3.058651026392962,1.7597016621075123,3.4985764419198397,0.8614326950284367,0,0.7096774193548387,1.0,0.0,0.0,0.15,0.38661290322580644,0.15168621700879767,0.49306451612903224,0.2844574780058651,0.5638563049853371,0.32495812899156307,0.18475073313782991,0.2404692082111437
638507,2022-09-30 18:30:00+00:00,9,30,2022,132,Bayern Munich,4,131,Bayer Leverkusen,0,Allianz Arena,0,2022-2023,0.6470588235294118,1.6470588235294117,0.3,1.1,0.4411764705882353,0.5,0.4,0.2,0,0,0,0.3529411764705882,0.5588235294117647,0.22549019607843146,0.41666666666666663,0.15204678362573099,0.3362573099415205,0.24415204678362573,4,3.0497076023391814,1.7648863876107448,3.4909291992418674,0.04074655269909622,4,0.847953216374269,0.08771929824561403,0.9122807017543859,0.6169590643274854,0.3324561403508772,0.34977736739509596,0.13662280701754387,0.5086383964596694,0.27441520467836256,0.5889619883040935,0.39970687882428707,0.3362573099415205,0.26900584795321636
638504,2022-10-01 13:30:00+00:00,10,1,2022,125,Eintracht Frankfurt,2,598,1. FC Union Berlin,0,Deutsche Bank Park,0,2022-2023,0.35294117647058826,-0.029411764705882353,0.3,-0.1,0.5294117647058824,0.47058823529411764,0.7,1.5,0,0,0,0.6470588235294117,0.47058823529411764,0.5049019607843137,0.42156862745098034,0.5568513119533528,0.11078717201166181,0.3338192419825073,2,3.052478134110787,1.7630510781178879,3.493240903640259,0.30139798455894296,2,0.8892128279883382,0.4139941690962099,0.5860058309037901,0.18658892128279883,0.267201166180758,0.3990869450654064,0.15007288629737608,0.46508531418269494,0.2833819241982507,0.5665451895043732,0.40041881112906913,0.33819241982507287,0.18658892128279883
638503,2022-10-01 13:30:00+00:00,10,1,2022,122,FC Cologne,3,124,Borussia Dortmund,2,RheinEnergieStadion,0,2022-2023,0.38235294117647056,0.058823529411764705,0.3,0.4,0.6470588235294118,0.8529411764705882,0.7,0.4,0,0,0,0.6176470588235294,0.3529411764705882,0.4901960784313726,0.3578431372549019,0.4563953488372093,0.11337209302325581,0.28488372093023256,5,3.0494186046511627,1.7613934681449517,3.4897669716874007,0.30758813908137206,1,0.8866279069767442,0.75,0.25,0.7965116279069767,0.2,0.4346511627906977,0.1427325581395349,0.7943185505678746,0.27848837209302324,0.5787790697674419,0.2784096699596066,0.11627906976744186,0.6453488372093024
638508,2022-10-01 13:30:00+00:00,10,1,2022,11420,RB Leipzig,4,121,VfL Bochum,0,Red Bull Arena,0,2022-2023,0.47058823529411764,0.7058823529411765,0.3,-0.1,0.3235294117647059,-0.47058823529411764,0.2,-1.3,0,0,0,0.5294117647058824,0.6764705882352942,0.38235294117647056,0.5784313725490196,0.37681159420289856,0.7623188405797101,0.5695652173913044,4,3.055072463768116,1.7619637755861843,3.495563407664662,0.04015323708807539,4,0.6231884057971014,0.08985507246376812,0.9101449275362319,0.6144927536231884,0.33202898550724635,0.2749329972694812,0.18543478260869567,0.4731397520311468,0.30695652173913046,0.5076086956521738,0.5759369851143442,0.6231884057971014,0.21159420289855072
638502,2022-10-01 13:30:00+00:00,10,1,2022,126,SC Freiburg,2,2950,Mainz,1,Europa-Park Stadion,0,2022-2023,0.4411764705882353,0.3235294117647059,0.5,0.2,0.38235294117647056,0.0,0.5,0.0,0,0,0,0.5588235294117647,0.6176470588235294,0.446078431372549,0.5,0.2976878612716763,0.3786127167630058,0.338150289017341,3,3.0578034682080926,1.760141570916696,3.4978388609372666,0.039209888422523376,1,0.7023121387283238,0.7514450867052023,0.24855491329479773,0.43352601156069365,0.19971098265895953,0.36105524741889133,0.15072254335260116,0.6019919034779228,0.2838150289017341,0.5654624277456648,0.26766471737868935,0.09826589595375723,0.4624277456647399
638500,2022-10-01 13:30:00+00:00,10,1,2022,138,VfL Wolfsburg,3,134,VfB Stuttgart,2,Volkswagen Arena,0,2022-2023,0.2647058823529412,-0.5588235294117647,0.2,-0.6,0.14705882352941177,-0.5882352941176471,0.1,-0.2,0,0,0,0.7352941176470589,0.8529411764705882,0.5931372549019607,0.5980392156862746,0.7377521613832853,0.8155619596541787,0.776657060518732,5,3.0576368876080693,1.757598912474766,3.4970366157267607,0.3062320466414775,1,0.26224783861671475,0.7521613832853026,0.24783861671469742,0.7953890489913544,0.19956772334293948,0.18499904492189123,0.2164985590778098,0.680994194546766,0.3276657060518732,0.45583573487031703,0.5015350540978459,0.5504322766570605,0.5677233429394812
638501,2022-10-01 16:30:00+00:00,10,1,2022,137,Werder Bremen,5,268,Borussia Mönchengladbach,1,Weserstadion,0,2022-2023,0.2857142857142857,0.14285714285714285,0.2857142857142857,0.14285714285714285,0.35294117647058826,-0.029411764705882353,0.5,1.1,0,0,0,0.7142857142857143,0.6470588235294117,0.47619047619047616,0.5049019607843137,0.5632183908045977,0.3017241379310345,0.4324712643678161,6,3.0632183908045976,1.7581503866675308,3.50275598747148,0.6353223928911459,4,0.6982758620689655,0.09195402298850575,0.9080459770114943,0.9166666666666666,0.33160919540229883,0.30019966309948476,0.16487068965517243,0.5966678098846929,0.29324712643678164,0.541882183908046,0.6053763877135443,0.6494252873563219,0.4339080459770115
638505,2022-10-02 13:30:00+00:00,10,2,2022,129,Hertha Berlin,1,7911,TSG Hoffenheim,1,Olympiastadion Berlin,0,2022-2023,0.23529411764705882,-0.7058823529411765,0.1,-0.4,0.4411764705882353,0.058823529411764705,0.4,-0.2,0,0,0,0.7647058823529411,0.5588235294117647,0.6176470588235294,0.4901960784313726,0.7965616045845272,0.4326647564469914,0.6146131805157593,2,3.0716332378223496,1.7626465611635604,3.5122948781132397,0.30792074813658044,0,0.5673352435530086,1.0,0.0,0.1833810888252149,0.15,0.3261174785100286,0.1921919770773639,0.5072879122503099,0.31146131805157595,0.49634670487106014,0.3642411242868296,0.27793696275071633,0.2693409742120344
638506,2022-10-02 15:30:00+00:00,10,2,2022,133,Schalke 04,2,3841,FC Augsburg,3,VELTINS-Arena,0,2022-2023,0.14285714285714285,-0.8571428571428571,0.14285714285714285,-0.8571428571428571,0.35294117647058826,-0.35294117647058826,0.4,-1.1,0,0,0,0.8571428571428572,0.6470588235294117,0.6428571428571428,0.5588235294117647,0.8457142857142858,0.6057142857142858,0.7257142857142858,5,3.0685714285714285,1.7610512991575307,3.5088342533608112,0.30126983824595754,1,0.39428571428571424,0.7514285714285714,0.24857142857142855,0.7914285714285715,0.1997142857142857,0.2377991836734694,0.20885714285714285,0.7026015020408163,0.32257142857142856,0.4685714285714286,0.48315337805324754,0.5114285714285715,0.5942857142857143
638511,2022-10-07 18:30:00+00:00,10,7,2022,7911,TSG Hoffenheim,1,137,Werder Bremen,2,PreZero Arena,0,2022-2023,0.4117647058823529,-0.08823529411764706,0.4,-0.1,0.375,0.625,0.375,0.625,0,0,0,0.5882352941176471,0.625,0.5147058823529411,0.39583333333333337,0.42450142450142453,0.33618233618233617,0.3803418803418803,3,3.074074074074074,1.76155294642789,3.5144623106810466,0.04175014817576195,1,0.6638176638176638,0.7521367521367521,0.24786324786324787,0.4301994301994302,0.19957264957264959,0.3457116419509582,0.15705128205128205,0.5881207202433492,0.288034188034188,0.5549145299145299,0.2890072393753646,0.13105413105413105,0.41595441595441596
638515,2022-10-08 13:30:00+00:00,10,8,2022,131,Bayer Leverkusen,4,133,Schalke 04,0,BayArena,0,2022-2023,0.4411764705882353,0.5,0.3,-0.4,0.125,-0.875,0.125,-0.875,0,0,0,0.5588235294117647,0.875,0.41666666666666663,0.6458333333333333,0.4535211267605634,0.8760563380281691,0.6647887323943662,4,3.067605633802817,1.7534288158911806,3.505962837775612,0.038915468715147394,4,0.5464788732394366,0.09295774647887324,0.9070422535211268,0.6140845070422535,0.33140845070422537,0.2495447331878595,0.19971830985915495,0.4616349902629424,0.31647887323943663,0.4838028169014084,0.6164585033908027,0.6732394366197183,0.18028169014084508
638512,2022-10-08 13:30:00+00:00,10,8,2022,3841,FC Augsburg,1,138,VfL Wolfsburg,1,WWK Arena,0,2022-2023,0.38235294117647056,-0.3235294117647059,0.5,-0.7,0.29411764705882354,-0.47058823529411764,0.3,-0.5,0,0,0,0.6176470588235294,0.7058823529411764,0.553921568627451,0.5784313725490196,0.4830508474576271,0.672316384180791,0.577683615819209,2,3.0706214689265536,1.7549884088596794,3.5093685711414735,0.3091540983722607,0,0.5169491525423728,1.0,0.0,0.1807909604519774,0.15,0.30470338983050843,0.18665254237288137,0.48083046059561424,0.3077683615819209,0.5055790960451978,0.34976915873217534,0.23728813559322035,0.22598870056497175
638516,2022-10-08 13:30:00+00:00,10,8,2022,2950,Mainz,1,11420,RB Leipzig,1,MEWA ARENA,0,2022-2023,0.38235294117647056,0.029411764705882353,0.4,-0.3,0.5,0.8235294117647058,0.4,0.5,0,0,0,0.6176470588235294,0.5,0.4950980392156863,0.36274509803921573,0.46742209631728043,0.26345609065155806,0.3654390934844193,2,3.0736543909348444,1.7565502297857847,3.5127919483812904,0.3098578381647157,0,0.7365439093484419,1.0,0.0,0.1813031161473088,0.15,0.39803116147308787,0.1548158640226629,0.5904561067017632,0.2865439093484419,0.5586402266288952,0.2521198869428589,0.0764872521246459,0.42492917847025496
638509,2022-10-08 13:30:00+00:00,10,8,2022,121,VfL Bochum,3,125,Eintracht Frankfurt,0,Vonovia Ruhrstadion,0,2022-2023,0.29411764705882354,-0.6176470588235294,0.1,-1.8,0.38235294117647056,0.058823529411764705,0.4,0.3,0,0,0,0.7058823529411764,0.6176470588235294,0.6029411764705883,0.4901960784313726,0.8693181818181818,0.41761363636363635,0.6434659090909091,3,3.0738636363636362,1.7590462527300745,3.513625199546155,0.04173343985893674,3,0.5823863636363636,0.20170454545454544,0.7982954545454546,0.4289772727272727,0.30965909090909094,0.27005665676652896,0.19651988636363638,0.41510527945388803,0.3143465909090909,0.48913352272727273,0.5738836524017721,0.625,0.12215909090909091
638514,2022-10-08 16:30:00+00:00,10,8,2022,124,Borussia Dortmund,2,132,Bayern Munich,2,SIGNAL IDUNA PARK,0,2022-2023,0.6176470588235294,0.7647058823529411,0.7,0.4,0.6470588235294118,1.6470588235294117,0.4,1.7,0,0,0,0.38235294117647056,0.3529411764705882,0.37254901960784315,0.22549019607843146,0.12921348314606743,0.09831460674157304,0.11376404494382023,4,3.0702247191011236,1.751654655994188,3.5081383830996704,0.03865683040335144,0,0.901685393258427,1.0,0.0,0.6123595505617978,0.15,0.46821629213483146,0.11706460674157304,0.8372580008837268,0.26137640449438204,0.6215589887640449,0.07523641138203228,0.0,0.6769662921348315
638513,2022-10-09 13:30:00+00:00,10,9,2022,268,Borussia Mönchengladbach,5,122,FC Cologne,2,BORUSSIA-PARK,0,2022-2023,0.35294117647058826,-0.14705882352941177,0.4,0.5,0.4117647058823529,0.23529411764705882,0.3,0.2,0,0,0,0.6470588235294117,0.5882352941176471,0.5245098039215685,0.4607843137254902,0.39215686274509803,0.45938375350140054,0.4257703081232493,7,3.0728291316526612,1.7498847815818854,3.5103003270481326,0.8631003843217735,3,0.607843137254902,0.20448179271708683,0.7955182072829132,0.9551820728291317,0.30910364145658265,0.27906794090185094,0.1638655462184874,0.6383219616181728,0.29257703081232495,0.5435574229691877,0.6056133824225226,0.6554621848739496,0.5322128851540616
638517,2022-10-09 15:30:00+00:00,10,9,2022,129,Hertha Berlin,2,126,SC Freiburg,2,Olympiastadion Berlin,0,2022-2023,0.20588235294117646,-0.7352941176470589,0.1,-0.4,0.47058823529411764,0.35294117647058826,0.5,0.2,0,0,0,0.7941176470588236,0.5294117647058824,0.6225490196078431,0.4411764705882353,0.8044692737430168,0.2877094972067039,0.5460893854748603,4,3.083798882681564,1.759715753656884,3.523727821095785,0.035963861704690014,0,0.7122905027932961,1.0,0.0,0.6089385474860335,0.15,0.3877234636871509,0.18191340782122906,0.7760650416653662,0.30460893854748605,0.513477653631285,0.2869470049676931,0.1340782122905028,0.6340782122905028
638510,2022-10-09 17:30:00+00:00,10,9,2022,134,VfB Stuttgart,0,598,1. FC Union Berlin,1,MHPArena,0,2022-2023,0.14705882352941177,-0.6176470588235294,0.1,-0.3,0.5,0.35294117647058826,0.7,1.3,0,0,0,0.8529411764705882,0.5,0.6029411764705883,0.4411764705882353,0.8189415041782729,0.1532033426183844,0.4860724233983287,1,3.086350974930362,1.7579215124886192,3.525831353052517,0.6437910425472094,1,0.8467966573816156,0.7465181058495822,0.2534818941504178,0.052924791086350974,0.20069637883008357,0.4183541794368449,0.17291086350974932,0.5024196619675437,0.2986072423398329,0.5284818941504177,0.4438904694938459,0.43175487465181056,0.2562674094707521
638521,2022-10-14 18:30:00+00:00,10,14,2022,133,Schalke 04,0,7911,TSG Hoffenheim,3,VELTINS-Arena,0,2022-2023,0.1111111111111111,-1.2222222222222223,0.1111111111111111,-1.2222222222222223,0.4117647058823529,0.0,0.4,0.0,0,0,0,0.8888888888888888,0.5882352941176471,0.7037037037037037,0.5,0.9027777777777778,0.4388888888888889,0.6708333333333334,3,3.0805555555555557,1.7589119586386435,3.5202835452152166,0.04280522415581267,3,0.5611111111111111,0.20555555555555555,0.7944444444444445,0.42777777777777776,0.3088888888888889,0.26300617283950617,0.200625,0.41051714677640605,0.31708333333333333,0.4822916666666666,0.5840302170777414,0.6416666666666667,0.11944444444444445
638519,2022-10-15 13:30:00+00:00,10,15,2022,125,Eintracht Frankfurt,5,131,Bayer Leverkusen,1,Deutsche Bank Park,0,2022-2023,0.38235294117647056,0.029411764705882353,0.4,0.0,0.47058823529411764,0.6176470588235294,0.3,-0.2,0,0,0,0.6176470588235294,0.5294117647058824,0.4950980392156863,0.3970588235294118,0.41274238227146814,0.4265927977839335,0.4196675900277008,6,3.080332409972299,1.756472443493558,3.5194505208456883,0.6310897658331649,4,0.5872576177285318,0.09418282548476455,0.9058171745152355,0.9141274238227147,0.3311634349030471,0.2632733404439806,0.16295013850415513,0.590010542687042,0.2919667590027701,0.5450831024930747,0.5960583814314199,0.6481994459833795,0.42105263157894735
638524,2022-10-15 13:30:00+00:00,10,15,2022,134,VfB Stuttgart,4,121,VfL Bochum,1,MHPArena,0,2022-2023,0.14705882352941177,-0.6470588235294118,0.1,-0.4,0.29411764705882354,-0.5882352941176471,0.1,-1.6,0,0,0,0.8529411764705882,0.7058823529411764,0.607843137254902,0.5980392156862746,0.8176795580110497,0.8453038674033149,0.8314917127071824,5,3.088397790055249,1.7607377504365254,3.5285822276643803,0.2947356929476247,3,0.18232044198895025,0.20994475138121546,0.7900552486187845,0.7900552486187845,0.3080110497237569,0.13228076066054148,0.22472375690607735,0.5261287550333142,0.33314917127071825,0.4421270718232044,0.6970653597334233,0.6933701657458563,0.3287292817679558
638525,2022-10-15 13:30:00+00:00,10,15,2022,138,VfL Wolfsburg,2,268,Borussia Mönchengladbach,2,Volkswagen Arena,0,2022-2023,0.29411764705882354,-0.4117647058823529,0.2,-0.6,0.38235294117647056,-0.029411764705882353,0.5,0.8,0,0,0,0.7058823529411764,0.6176470588235294,0.5686274509803921,0.5049019607843137,0.7024793388429752,0.3140495867768595,0.5082644628099173,4,3.09366391184573,1.7611644087302085,3.533955014028282,0.03440686873026144,0,0.6859504132231404,1.0,0.0,0.6060606060606061,0.15,0.37652892561983464,0.1762396694214876,0.766373653894315,0.30082644628099175,0.5229338842975206,0.2718525649584326,0.10743801652892562,0.6308539944903582
638523,2022-10-15 13:30:00+00:00,10,15,2022,137,Werder Bremen,0,2950,Mainz,2,Weserstadion,0,2022-2023,0.4444444444444444,0.6666666666666666,0.4444444444444444,0.6666666666666666,0.35294117647058826,-0.058823529411764705,0.3,-0.4,0,0,0,0.5555555555555556,0.6470588235294117,0.38888888888888895,0.5098039215686274,0.25274725274725274,0.5796703296703297,0.41620879120879123,2,3.0961538461538463,1.7593783457784118,3.5359984325984493,0.31688689752719557,2,0.7472527472527473,0.41483516483516486,0.5851648351648351,0.17857142857142858,0.26703296703296703,0.34715251781185846,0.1624313186813187,0.4124476393067143,0.29162087912087914,0.5459478021978021,0.44934691511541125,0.4532967032967033,0.12087912087912088
638526,2022-10-15 16:30:00+00:00,10,15,2022,11420,RB Leipzig,3,129,Hertha Berlin,2,Red Bull Arena,0,2022-2023,0.47058823529411764,0.7352941176470589,0.3,0.1,0.17647058823529413,-0.7647058823529411,0.1,-0.3,0,0,0,0.5294117647058824,0.8235294117647058,0.37745098039215685,0.6274509803921569,0.3589041095890411,0.8246575342465754,0.5917808219178082,5,3.0931506849315067,1.7578965301598826,3.5326248174714774,0.29417647417490833,1,0.6410958904109589,0.7479452054794521,0.2520547945205479,0.7890410958904109,0.2004109589041096,0.33626552824169637,0.18876712328767126,0.7455721240974045,0.30917808219178083,0.5020547945205478,0.43056706369515985,0.3972602739726027,0.6246575342465753
638522,2022-10-16 13:30:00+00:00,10,16,2022,122,FC Cologne,3,3841,FC Augsburg,2,RheinEnergieStadion,0,2022-2023,0.4117647058823529,0.14705882352941177,0.3,0.0,0.38235294117647056,-0.23529411764705882,0.5,-0.3,0,0,0,0.5882352941176471,0.6176470588235294,0.47549019607843135,0.5392156862745099,0.46994535519125685,0.45081967213114754,0.4603825136612022,5,3.098360655737705,1.7583141181439186,3.5379391852736846,0.2922800572210681,1,0.5491803278688525,0.7486338797814208,0.2513661202185792,0.7868852459016393,0.20027322404371584,0.29956978410821467,0.16905737704918034,0.7278203621056878,0.2960382513661202,0.5349043715846995,0.37008670567830193,0.28688524590163933,0.6174863387978142
638518,2022-10-16 15:30:00+00:00,10,16,2022,598,1. FC Union Berlin,2,124,Borussia Dortmund,0,Stadion An der Alten Försterei,0,2022-2023,0.5294117647058824,0.38235294117647056,0.7,1.1,0.5882352941176471,0.7058823529411765,0.6,0.2,0,0,0,0.47058823529411764,0.4117647058823529,0.4362745098039216,0.38235294117647056,0.1307901907356948,0.17983651226158037,0.1553133514986376,2,3.103542234332425,1.7587139761733126,3.5432207283757533,0.3195342482211432,2,0.8692098092643052,0.4141689373297003,0.5858310626702997,0.1771117166212534,0.2671662125340599,0.3917765370594481,0.12329700272479564,0.45489039974883705,0.26553133514986377,0.6111716621253407,0.2898772385023757,0.14713896457765668,0.16893732970027248
638520,2022-10-16 17:30:00+00:00,10,16,2022,132,Bayern Munich,5,126,SC Freiburg,0,Allianz Arena,0,2022-2023,0.6176470588235294,1.5294117647058822,0.4,1.7,0.4411764705882353,0.29411764705882354,0.5,0.5,0,0,0,0.38235294117647056,0.5588235294117647,0.2450980392156863,0.4509803921568628,0.10597826086956522,0.27445652173913043,0.19021739130434784,5,3.1005434782608696,1.7572581219320953,3.5398580087438933,0.29193156501058115,5,0.8940217391304348,0.03804347826086957,0.9619565217391304,0.7853260869565217,0.34239130434782605,0.35971910444234406,0.1285326086956522,0.5537307023159468,0.2690217391304348,0.602445652173913,0.4109055824167074,0.358695652173913,0.35597826086956524
638527,2022-10-21 18:30:00+00:00,10,21,2022,2950,Mainz,5,122,FC Cologne,0,MEWA ARENA,0,2022-2023,0.35294117647058826,-0.029411764705882353,0.4,-0.2,0.4411764705882353,0.23529411764705882,0.4,0.2,0,0,0,0.6470588235294117,0.5588235294117647,0.5049019607843137,0.4607843137254902,0.4878048780487805,0.3712737127371274,0.42953929539295393,5,3.105691056910569,1.7576525606217004,3.545104197065994,0.2900668805028017,5,0.6287262872628726,0.04065040650406504,0.959349593495935,0.7831978319783198,0.34186991869918704,0.27270484940621764,0.1644308943089431,0.5278923737041809,0.2929539295392954,0.5426151761517615,0.561815730220792,0.6260162601626016,0.33062330623306235
638528,2022-10-22 13:30:00+00:00,10,22,2022,131,Bayer Leverkusen,2,138,VfL Wolfsburg,2,BayArena,0,2022-2023,0.47058823529411764,0.5588235294117647,0.2,-0.7,0.2647058823529412,-0.47058823529411764,0.2,-0.6,0,0,0,0.5294117647058824,0.7352941176470589,0.4068627450980392,0.5784313725490196,0.5459459459459459,0.7405405405405405,0.6432432432432432,4,3.110810810810811,1.7580297828813893,3.550318256531158,0.032184277343362044,0,0.4540540540540541,1.0,0.0,0.6,0.15,0.27797297297297296,0.19648648648648648,0.6892972972972973,0.31432432432432433,0.4891891891891892,0.3209914161888904,0.1837837837837838,0.581081081081081
638529,2022-10-22 13:30:00+00:00,10,22,2022,124,Borussia Dortmund,5,134,VfB Stuttgart,0,SIGNAL IDUNA PARK,0,2022-2023,0.5588235294117647,0.5882352941176471,0.5,-0.1,0.17647058823529413,-0.47058823529411764,0.1,-0.2,0,0,0,0.4411764705882353,0.8235294117647058,0.4019607843137255,0.5784313725490196,0.25067385444743934,0.8032345013477089,0.5269541778975741,5,3.1132075471698113,1.756259294882679,3.552272370890481,0.28805560724431356,5,0.7493261455525606,0.0431266846361186,0.9568733153638814,0.7816711590296496,0.3413746630727763,0.3126251262341889,0.17904312668463612,0.5397418314149836,0.3026954177897574,0.5182614555256064,0.6143155837784999,0.6792452830188679,0.3423180592991914
638531,2022-10-22 13:30:00+00:00,10,22,2022,3841,FC Augsburg,3,11420,RB Leipzig,3,WWK Arena,0,2022-2023,0.35294117647058826,-0.35294117647058826,0.4,-0.5,0.5,0.7647058823529411,0.4,0.2,0,0,0,0.6470588235294117,0.5,0.5588235294117647,0.37254901960784315,0.5752688172043011,0.2903225806451613,0.43279569892473124,6,3.118279569892473,1.75661683144603,3.5574337777539804,0.6196782292232366,0,0.7096774193548387,1.0,0.0,0.9139784946236559,0.15,0.38661290322580644,0.16491935483870968,0.916590357266736,0.2932795698924731,0.5418010752688172,0.33668610882022887,0.20430107526881722,0.706989247311828
638533,2022-10-22 13:30:00+00:00,10,22,2022,126,SC Freiburg,2,137,Werder Bremen,0,Europa-Park Stadion,0,2022-2023,0.4117647058823529,0.08823529411764706,0.5,0.1,0.4,0.4,0.4,0.4,0,0,0,0.5882352941176471,0.6,0.48529411764705876,0.43333333333333335,0.3485254691689008,0.3512064343163539,0.34986595174262736,2,3.1260053619302948,1.760588357783434,3.566152451376153,0.32676461185516426,2,0.6514745308310992,0.41823056300268097,0.581769436997319,0.1742627345844504,0.2663538873994638,0.3123404897613007,0.15247989276139412,0.37757098264177724,0.2849865951742627,0.5625335120643431,0.4124328465857219,0.3646112600536193,0.0777479892761394
638534,2022-10-22 13:30:00+00:00,10,22,2022,7911,TSG Hoffenheim,0,132,Bayern Munich,2,PreZero Arena,0,2022-2023,0.4117647058823529,0.029411764705882353,0.5,0.7,0.6176470588235294,1.588235294117647,0.5,2.2,0,0,0,0.5882352941176471,0.38235294117647056,0.4950980392156863,0.23529411764705888,0.2887700534759358,0.06951871657754011,0.17914438502673796,2,3.122994652406417,1.7591905325262636,3.562792285537983,0.32604411706076386,2,0.9304812834224598,0.4197860962566845,0.5802139037433155,0.17379679144385027,0.2660427807486631,0.4148624495982155,0.1268716577540107,0.47715896340884356,0.2679144385026738,0.6052139037433154,0.3052341124610043,0.15775401069518716,0.22727272727272727
638530,2022-10-22 16:30:00+00:00,10,22,2022,268,Borussia Mönchengladbach,1,125,Eintracht Frankfurt,3,BORUSSIA-PARK,0,2022-2023,0.35294117647058826,-0.058823529411764705,0.4,0.4,0.4117647058823529,0.14705882352941177,0.5,0.4,0,0,0,0.6470588235294117,0.5882352941176471,0.5098039215686274,0.47549019607843135,0.39466666666666667,0.32266666666666666,0.3586666666666667,4,3.12,1.7577939504368856,3.5594484876092216,0.030918994106787556,2,0.6773333333333333,0.42133333333333334,0.5786666666666667,0.5973333333333334,0.2657333333333333,0.3220983111111111,0.1538,0.5619026972444444,0.28586666666666666,0.5603333333333333,0.37114974129362394,0.29333333333333333,0.38133333333333336
638535,2022-10-23 13:30:00+00:00,10,23,2022,121,VfL Bochum,2,598,1. FC Union Berlin,1,Vonovia Ruhrstadion,0,2022-2023,0.29411764705882354,-0.6470588235294118,0.1,-1.8,0.5588235294117647,0.5294117647058824,0.7,1.2,0,0,0,0.7058823529411764,0.4411764705882353,0.607843137254902,0.4117647058823529,0.875,0.125,0.5,3,3.122340425531915,1.756035185999439,3.5613492220317746,0.049810642910512515,1,0.875,0.75,0.25,0.42021276595744683,0.2,0.43,0.175,0.6529787234042553,0.3,0.5249999999999999,0.34621686250933964,0.23138297872340424,0.550531914893617
638532,2022-10-23 15:30:00+00:00,10,23,2022,129,Hertha Berlin,2,133,Schalke 04,1,Olympiastadion Berlin,0,2022-2023,0.17647058823529413,-0.7352941176470589,0.1,-0.3,0.1,-1.4,0.1,-1.4,0,0,0,0.8235294117647058,0.9,0.6225490196078431,0.7333333333333334,0.8116710875331565,0.9124668435013262,0.8620689655172413,3,3.1220159151193636,1.7537097972405593,3.5604433644295033,0.049782500600297874,1,0.18832891246684347,0.7506631299734748,0.24933687002652516,0.41909814323607425,0.19986737400530502,0.15535731624087976,0.2293103448275862,0.4244859495799693,0.33620689655172414,0.4344827586206897,0.46979851990578764,0.493368700265252,0.129973474801061
638539,2022-10-28 18:30:00+00:00,10,28,2022,137,Werder Bremen,1,129,Hertha Berlin,0,Weserstadion,0,2022-2023,0.36363636363636365,0.18181818181818182,0.4,0.2,0.20588235294117646,-0.7058823529411765,0.2,0.0,0,0,0,0.6363636363636364,0.7941176470588236,0.4696969696969697,0.6176470588235294,0.3783068783068783,0.7380952380952381,0.5582010582010583,1,3.121693121693122,1.7513936219775827,3.5595415271875175,0.6562672387079778,1,0.6216931216931216,0.7513227513227513,0.24867724867724872,0.05026455026455026,0.19973544973544974,0.32878593824361013,0.18373015873015874,0.3948971713688196,0.3058201058201058,0.5104497354497355,0.4815601689292413,0.5238095238095238,0.09523809523809523
638542,2022-10-29 13:30:00+00:00,10,29,2022,132,Bayern Munich,6,2950,Mainz,2,Allianz Arena,0,2022-2023,0.6176470588235294,1.6176470588235294,0.5,1.9,0.38235294117647056,0.11764705882352941,0.4,0.2,0,0,0,0.38235294117647056,0.6176470588235294,0.23039215686274517,0.48039215686274506,0.08179419525065963,0.43535620052770446,0.25857519788918204,8,3.1160949868073877,1.7524675125342632,3.5542118649409535,0.9599594747032967,4,0.9182058047493403,0.10026385224274406,0.899736147757256,0.9947229551451188,0.32994722955145117,0.3746284487019723,0.1387862796833773,0.6343865072111855,0.2758575197889182,0.5853562005277044,0.5327867817127429,0.6015831134564644,0.5356200527704486
638544,2022-10-29 13:30:00+00:00,10,29,2022,11420,RB Leipzig,2,131,Bayer Leverkusen,0,Red Bull Arena,0,2022-2023,0.47058823529411764,0.7352941176470589,0.4,0.2,0.47058823529411764,0.5588235294117647,0.2,-0.6,0,0,0,0.5294117647058824,0.5294117647058824,0.37745098039215685,0.4068627450980392,0.29473684210526313,0.5394736842105263,0.41710526315789476,2,3.1289473684210525,1.767995733996101,3.5709463019200776,0.3261564935162009,2,0.7052631578947368,0.42105263157894735,0.5789473684210527,0.1736842105263158,0.2657894736842105,0.33232686980609416,0.16256578947368422,0.39717947222627203,0.2917105263157895,0.5457236842105262,0.4495311503258037,0.4631578947368421,0.1
638538,2022-10-29 13:30:00+00:00,10,29,2022,134,VfB Stuttgart,2,3841,FC Augsburg,1,MHPArena,0,2022-2023,0.17647058823529413,-0.5882352941176471,0.1,-0.7,0.35294117647058826,-0.3235294117647059,0.4,-0.1,0,0,0,0.8235294117647058,0.6470588235294117,0.5980392156862746,0.553921568627451,0.8320209973753281,0.5196850393700787,0.6758530183727034,3,3.125984251968504,1.7666149283345547,3.567637984052143,0.0503115737562605,1,0.4803149606299213,0.7532808398950132,0.24671916010498685,0.4199475065616798,0.19934383202099737,0.2723491846983694,0.20137795275590553,0.5227644477511177,0.31758530183727035,0.4810367454068241,0.4135961569853273,0.3700787401574803,0.32545931758530183
638537,2022-10-29 13:30:00+00:00,10,29,2022,138,VfL Wolfsburg,4,121,VfL Bochum,0,Volkswagen Arena,0,2022-2023,0.23529411764705882,-0.5,0.2,-0.6,0.29411764705882354,-0.6764705882352942,0.2,-1.6,0,0,0,0.7647058823529411,0.7058823529411764,0.5833333333333333,0.6127450980392157,0.743455497382199,0.8219895287958116,0.7827225130890052,4,3.1256544502617802,1.7643067879373386,3.5667311472461147,0.029703351275827017,4,0.25654450261780104,0.10209424083769633,0.8979057591623036,0.599476439790576,0.32958115183246073,0.15303801979112414,0.21740837696335077,0.41033415012993213,0.32827225130890053,0.45431937172774867,0.6568213027984481,0.7041884816753927,0.12041884816753927
638543,2022-10-29 16:30:00+00:00,10,29,2022,125,Eintracht Frankfurt,1,124,Borussia Dortmund,2,Deutsche Bank Park,0,2022-2023,0.4117647058823529,0.17647058823529413,0.6,1.1,0.5882352941176471,0.7647058823529411,0.5,0.3,0,0,0,0.5882352941176471,0.4117647058823529,0.47058823529411764,0.37254901960784315,0.2010443864229765,0.20365535248041775,0.20234986945169714,3,3.1279373368146213,1.7625622936494987,3.568577910226996,0.050700430796146057,1,0.7989556135770235,0.7545691906005222,0.2454308093994778,0.4177545691906005,0.19908616187989556,0.4000386872907989,0.13035248041775457,0.6283853010312737,0.27023498694516973,0.5994125326370756,0.19422396621336008,0.033942558746736295,0.5352480417754569
638540,2022-10-30 14:30:00+00:00,10,30,2022,598,1. FC Union Berlin,2,268,Borussia Mönchengladbach,1,Stadion An der Alten Försterei,0,2022-2023,0.5588235294117647,0.5,0.6,0.9,0.35294117647058826,-0.11764705882352941,0.3,0.0,0,0,0,0.4411764705882353,0.6470588235294117,0.41666666666666663,0.5196078431372548,0.15104166666666666,0.5546875,0.3528645833333333,3,3.1276041666666665,1.7602719020871838,3.5676721421884623,0.05067139593907344,1,0.8489583333333334,0.7552083333333334,0.24479166666666663,0.4166666666666667,0.19895833333333332,0.42012966579861116,0.1529296875,0.644906093456127,0.2852864583333333,0.5617838541666667,0.2758185339829134,0.11458333333333333,0.5494791666666666
638541,2022-10-30 16:30:00+00:00,10,30,2022,133,Schalke 04,0,126,SC Freiburg,2,VELTINS-Arena,0,2022-2023,0.09090909090909091,-1.3636363636363635,0.1,-1.3,0.4411764705882353,0.17647058823529413,0.5,-0.1,0,0,0,0.9090909090909091,0.5588235294117647,0.7272727272727273,0.47058823529411764,0.9168831168831169,0.34545454545454546,0.6311688311688312,2,3.1272727272727274,1.7579904160803328,3.5667703312928105,0.32776258095581345,2,0.6545454545454545,0.42077922077922075,0.5792207792207793,0.17142857142857143,0.2658441558441559,0.31368476977567883,0.19467532467532467,0.37807987242981345,0.3131168831168831,0.4922077922077922,0.5558373087901212,0.6311688311688312,0.07792207792207792
638536,2022-10-30 18:30:00+00:00,10,30,2022,122,FC Cologne,1,7911,TSG Hoffenheim,1,RheinEnergieStadion,0,2022-2023,0.4411764705882353,0.08823529411764706,0.3,-0.5,0.4117647058823529,0.029411764705882353,0.5,0.7,0,0,0,0.5588235294117647,0.5882352941176471,0.48529411764705876,0.4950980392156863,0.5284974093264249,0.29533678756476683,0.4119170984455959,2,3.1243523316062176,1.7566431151436428,3.5635131103921283,0.32706130144134093,0,0.7046632124352332,1.0,0.0,0.17098445595854922,0.15,0.3844818652849741,0.1617875647668394,0.5697777121533464,0.2911917098445596,0.547020725388601,0.2782416414813454,0.11917098445595854,0.3963730569948187
638547,2022-11-04 19:30:00+00:00,11,4,2022,268,Borussia Mönchengladbach,3,134,VfB Stuttgart,1,BORUSSIA-PARK,0,2022-2023,0.3235294117647059,-0.2647058823529412,0.3,-0.1,0.20588235294117646,-0.5294117647058824,0.2,-0.6,0,0,0,0.6764705882352942,0.7941176470588236,0.5441176470588236,0.588235294117647,0.5943152454780362,0.7751937984496124,0.6847545219638242,4,3.1214470284237725,1.7552969352038315,3.5602712622247306,0.030891747544250947,2,0.40568475452196384,0.42118863049095606,0.578811369509044,0.6020671834625323,0.2657622739018088,0.22235829844627394,0.20271317829457364,0.5096562953287425,0.3184754521963824,0.4788113695090439,0.5184676274075782,0.58656330749354,0.2842377260981912
638546,2022-11-05 14:30:00+00:00,11,5,2022,124,Borussia Dortmund,3,121,VfL Bochum,0,SIGNAL IDUNA PARK,0,2022-2023,0.5882352941176471,0.7647058823529411,0.5,0.2,0.29411764705882354,-0.7647058823529411,0.2,-1.9,0,0,0,0.4117647058823529,0.7058823529411764,0.37254901960784315,0.6274509803921569,0.19387755102040816,0.8494897959183674,0.5216836734693877,3,3.1301020408163267,1.7477532496854653,3.567040353237693,0.05126951988096673,3,0.8061224489795918,0.21173469387755103,0.7882653061224489,0.413265306122449,0.30765306122448977,0.34829289879216996,0.17825255102040816,0.4639373276122194,0.30216836734693875,0.5195790816326531,0.5183836872596025,0.5867346938775511,0.1913265306122449
638548,2022-11-05 14:30:00+00:00,11,5,2022,3841,FC Augsburg,1,125,Eintracht Frankfurt,2,WWK Arena,0,2022-2023,0.3235294117647059,-0.38235294117647056,0.3,-0.3,0.38235294117647056,0.08823529411764706,0.6,1.0,0,0,0,0.6764705882352942,0.6176470588235294,0.5637254901960784,0.48529411764705876,0.6112531969309463,0.24552429667519182,0.42838874680306904,3,3.130434782608696,1.7499800922581625,3.5679298056732365,0.05129889341343996,1,0.7544757033248082,0.7570332480818415,0.24296675191815853,0.4143222506393862,0.1985933503836317,0.38246158777088063,0.16425831202046037,0.612948256681128,0.2928388746803069,0.5429028132992327,0.31214983568217086,0.17647058823529413,0.5140664961636828
638549,2022-11-05 14:30:00+00:00,11,5,2022,129,Hertha Berlin,2,132,Bayern Munich,3,Olympiastadion Berlin,0,2022-2023,0.20588235294117646,-0.6764705882352942,0.2,-0.1,0.6470588235294118,1.7647058823529411,0.5,2.1,0,0,0,0.7941176470588236,0.3529411764705882,0.6127450980392157,0.20588235294117652,0.7307692307692307,0.0641025641025641,0.3974358974358974,5,3.1256410256410256,1.7496555590104934,3.563054915393649,0.286265882921103,1,0.9358974358974359,0.7564102564102564,0.2435897435897436,0.7846153846153846,0.19871794871794873,0.4550871137409599,0.1596153846153846,0.8018420531364319,0.2897435897435897,0.5506410256410257,0.33511551592779143,0.20256410256410257,0.6846153846153846
638545,2022-11-05 14:30:00+00:00,11,5,2022,2950,Mainz,0,138,VfL Wolfsburg,3,MEWA ARENA,0,2022-2023,0.38235294117647056,0.0,0.4,-0.2,0.2647058823529412,-0.38235294117647056,0.3,0.0,0,0,0,0.6176470588235294,0.7352941176470589,0.5,0.5637254901960784,0.4652956298200514,0.6246786632390745,0.5449871465295629,3,3.125964010282776,1.7518971774481757,3.56393830464482,0.05049101255756394,3,0.5347043701799485,0.21079691516709512,0.7892030848329049,0.41645244215938304,0.307840616966581,0.2542662617878549,0.18174807197943443,0.40056392657438133,0.3044987146529563,0.5137532133676093,0.5294768668900013,0.5912596401028277,0.10539845758354756
638553,2022-11-05 14:30:00+00:00,11,5,2022,7911,TSG Hoffenheim,1,11420,RB Leipzig,3,PreZero Arena,0,2022-2023,0.38235294117647056,-0.029411764705882353,0.4,0.6,0.5,0.8529411764705882,0.5,0.4,0,0,0,0.6176470588235294,0.5,0.5049019607843137,0.3578431372549019,0.36597938144329895,0.2190721649484536,0.29252577319587625,4,3.1237113402061856,1.7535949459010398,3.5621100766814457,0.030696496972650422,2,0.7809278350515464,0.422680412371134,0.5773195876288659,0.6005154639175257,0.2654639175257732,0.3602634445743438,0.14387886597938143,0.5843409704927176,0.27925257731958764,0.5768685567010309,0.334383480537765,0.20103092783505155,0.43041237113402064
638551,2022-11-05 17:30:00+00:00,11,5,2022,137,Werder Bremen,2,133,Schalke 04,1,Weserstadion,0,2022-2023,0.4166666666666667,0.25,0.5,0.3,0.08333333333333333,-1.4166666666666667,0.1,-1.5,0,0,0,0.5833333333333333,0.9166666666666666,0.45833333333333337,0.7361111111111112,0.30279898218829515,0.9185750636132316,0.6106870229007634,3,3.1297709923664123,1.7455348862908613,3.5661547139391274,0.05124026655341174,1,0.6972010178117048,0.7582697201017812,0.24173027989821882,0.4122137404580153,0.19834605597964378,0.3596223672539156,0.19160305343511452,0.5931893135273604,0.3110687022900763,0.49732824427480915,0.38872442090326553,0.3384223918575064,0.4529262086513995
638552,2022-11-06 14:30:00+00:00,11,6,2022,131,Bayer Leverkusen,5,598,1. FC Union Berlin,0,BayArena,0,2022-2023,0.4411764705882353,0.47058823529411764,0.2,-0.7,0.5588235294117647,0.47058823529411764,0.7,1.0,0,0,0,0.5588235294117647,0.4411764705882353,0.42156862745098034,0.42156862745098034,0.5786802030456852,0.13451776649746192,0.3565989847715736,5,3.1294416243654823,1.7433249484013222,3.5652728614658127,0.2872686165393722,5,0.8654822335025381,0.04314720812182741,0.9568527918781726,0.7842639593908629,0.34137055837563457,0.35087898425622915,0.15348984771573604,0.5519471940741152,0.28565989847715734,0.5608502538071066,0.5174259187081354,0.5862944162436549,0.36548223350253806
638550,2022-11-06 16:30:00+00:00,11,6,2022,126,SC Freiburg,2,122,FC Cologne,0,Europa-Park Stadion,0,2022-2023,0.47058823529411764,0.29411764705882354,0.6,0.3,0.4411764705882353,0.08823529411764706,0.3,-0.5,0,0,0,0.5294117647058824,0.5588235294117647,0.4509803921568628,0.48529411764705876,0.21772151898734177,0.5215189873417722,0.36962025316455693,2,3.1341772151898732,1.7436531808864897,3.5700905104114957,0.33329952619655456,2,0.7822784810126582,0.4253164556962025,0.5746835443037974,0.1670886075949367,0.2649367088607595,0.36101842653420924,0.15544303797468353,0.42329999939152885,0.2869620253164557,0.5575949367088608,0.4228198263665761,0.389873417721519,0.13670886075949368
638562,2022-11-08 17:30:00+00:00,11,8,2022,138,VfL Wolfsburg,2,124,Borussia Dortmund,0,Volkswagen Arena,0,2022-2023,0.29411764705882354,-0.23529411764705882,0.4,0.3,0.5882352941176471,0.7941176470588235,0.6,0.6,0,0,0,0.7058823529411764,0.4117647058823529,0.5392156862745099,0.36764705882352944,0.5050505050505051,0.16666666666666666,0.33585858585858586,2,3.1313131313131315,1.7423770444400624,3.566907392423147,0.3325987935766672,2,0.8333333333333334,0.42676767676767674,0.5732323232323233,0.16666666666666666,0.2646464646464647,0.37993265993265996,0.1503787878787879,0.44191851171649155,0.2835858585858586,0.5660353535353535,0.40268421736535975,0.3560606060606061,0.16161616161616163
638556,2022-11-08 19:30:00+00:00,11,8,2022,132,Bayern Munich,6,137,Werder Bremen,1,Allianz Arena,0,2022-2023,0.6470588235294118,1.7647058823529411,0.5,1.5,0.46153846153846156,0.3076923076923077,0.5,0.3,0,0,0,0.3529411764705882,0.5384615384615384,0.20588235294117652,0.4487179487179488,0.08312342569269521,0.2871536523929471,0.18513853904282115,7,3.1284634760705288,1.7411017372327657,3.5637389103787203,0.8573803828065988,5,0.9168765743073048,0.04534005037783375,0.9546599496221663,0.9546599496221663,0.3409319899244333,0.36804881066436557,0.12777078085642318,0.6071042808596916,0.2685138539042821,0.6037153652392946,0.4776585639614,0.5163727959697733,0.5088161209068011
638559,2022-11-08 19:30:00+00:00,11,8,2022,134,VfB Stuttgart,2,129,Hertha Berlin,1,MHPArena,0,2022-2023,0.17647058823529413,-0.6176470588235294,0.2,-0.7,0.20588235294117646,-0.7058823529411765,0.2,-0.1,0,0,0,0.8235294117647058,0.7941176470588236,0.6029411764705883,0.6176470588235294,0.7939698492462312,0.7512562814070352,0.7726130653266332,3,3.1381909547738696,1.7497027437265227,3.5756166407055003,0.05267571784888292,1,0.24874371859296485,0.7613065326633166,0.2386934673366834,0.4120603015075377,0.1977386934673367,0.1800048609883589,0.21589195979899498,0.44263231307036444,0.32726130653266333,0.45684673366834166,0.4424531552255863,0.4396984924623116,0.16331658291457288
638560,2022-11-08 19:30:00+00:00,11,8,2022,121,VfL Bochum,2,268,Borussia Mönchengladbach,1,Vonovia Ruhrstadion,0,2022-2023,0.2647058823529412,-0.8823529411764706,0.2,-1.5,0.35294117647058826,-0.11764705882352941,0.3,0.0,0,0,0,0.7352941176470589,0.6470588235294117,0.6470588235294117,0.5196078431372548,0.8320802005012531,0.556390977443609,0.694235588972431,3,3.137844611528822,1.7475169364359353,3.574723845637806,0.05264474295099686,1,0.443609022556391,0.7619047619047619,0.23809523809523814,0.41102756892230574,0.19761904761904764,0.2582098102398855,0.20413533834586467,0.5080662181770215,0.3194235588972431,0.4764411027568923,0.41756225030640587,0.38596491228070173,0.2857142857142857
638554,2022-11-09 17:30:00+00:00,11,9,2022,122,FC Cologne,1,131,Bayer Leverkusen,2,RheinEnergieStadion,0,2022-2023,0.4117647058823529,-0.058823529411764705,0.3,-0.7,0.4411764705882353,0.5588235294117647,0.3,0.1,0,0,0,0.5882352941176471,0.5588235294117647,0.5098039215686274,0.4068627450980392,0.585,0.415,0.5,3,3.1375,1.7453393003032263,3.5738348250758065,0.05261389301652786,1,0.585,0.7625,0.23750000000000004,0.41,0.1975,0.31498125,0.175,0.5555933906249999,0.3,0.5249999999999999,0.34295743127789236,0.2275,0.38
638561,2022-11-09 19:30:00+00:00,11,9,2022,598,1. FC Union Berlin,2,3841,FC Augsburg,2,Stadion An der Alten Försterei,0,2022-2023,0.5588235294117647,0.35294117647058826,0.6,0.4,0.3235294117647059,-0.4117647058823529,0.3,-0.3,0,0,0,0.4411764705882353,0.6764705882352942,0.4411764705882353,0.5686274509803921,0.18316831683168316,0.6237623762376238,0.4034653465346535,4,3.141089108910891,1.7462884574592141,3.5776612232756944,0.02882204800056698,0,0.8168316831683169,1.0,0.0,0.6014851485148515,0.15,0.43215346534653465,0.16051980198019802,0.8060067027742378,0.2903465346534654,0.5491336633663366,0.22618291322165754,0.04950495049504951,0.6955445544554455
638555,2022-11-09 19:30:00+00:00,11,9,2022,125,Eintracht Frankfurt,4,7911,TSG Hoffenheim,2,Deutsche Bank Park,0,2022-2023,0.38235294117647056,0.08823529411764706,0.7,1.1,0.35294117647058826,-0.17647058823529413,0.3,0.1,0,0,0,0.6176470588235294,0.6470588235294117,0.48529411764705876,0.5294117647058822,0.18362282878411912,0.5533498759305211,0.3684863523573201,6,3.133995037220844,1.7426207375103677,3.569650221598436,0.621873818628923,2,0.8163771712158809,0.4267990074441687,0.5732009925558312,0.913151364764268,0.26464019851116627,0.37370145743154626,0.15527295285359802,0.7057904382170755,0.286848635235732,0.55787841191067,0.46655268761512025,0.49379652605459057,0.630272952853598
638558,2022-11-09 19:30:00+00:00,11,9,2022,11420,RB Leipzig,3,126,SC Freiburg,1,Red Bull Arena,0,2022-2023,0.5294117647058824,0.9705882352941176,0.6,0.7,0.5,0.38235294117647056,0.6,0.4,0,0,0,0.47058823529411764,0.5,0.3382352941176471,0.4362745098039216,0.1396508728179551,0.20947630922693267,0.1745635910224439,4,3.13715710723192,1.743169784546419,3.5729495533685247,0.029563030290695402,2,0.8603491271820449,0.42643391521197005,0.57356608478803,0.6034912718204489,0.26471321695760597,0.38983034931374805,0.1261845386533666,0.6024626098387963,0.2674563591022444,0.6063591022443889,0.26298251641728837,0.08229426433915212,0.4937655860349127
638557,2022-11-09 19:30:00+00:00,11,9,2022,133,Schalke 04,1,2950,Mainz,0,VELTINS-Arena,0,2022-2023,0.07692307692307693,-1.3846153846153846,0.1,-1.6,0.38235294117647056,-0.058823529411764705,0.3,-0.6,0,0,0,0.9230769230769231,0.6176470588235294,0.7307692307692308,0.5098039215686274,0.927860696517413,0.5920398009950248,0.7599502487562189,1,3.1393034825870645,1.7415266935585185,3.5746851559766943,0.6647381951079736,1,0.40796019900497515,0.763681592039801,0.23631840796019898,0.0472636815920398,0.1972636815920398,0.24401586594391234,0.21399253731343282,0.2932333413499814,0.3259950248756219,0.4600124378109453,0.5688742048472419,0.6517412935323383,0.022388059701492536
638570,2022-11-11 19:30:00+00:00,11,11,2022,268,Borussia Mönchengladbach,4,124,Borussia Dortmund,2,BORUSSIA-PARK,0,2022-2023,0.35294117647058826,0.029411764705882353,0.3,-0.1,0.5882352941176471,0.7647058823529411,0.5,0.3,0,0,0,0.6470588235294117,0.4117647058823529,0.4950980392156863,0.37254901960784315,0.5555555555555556,0.2,0.37777777777777777,6,3.1432098765432097,1.744647987957,3.57937187353246,0.618071436581034,2,0.8,0.4271604938271605,0.5728395061728395,0.9111111111111111,0.2645679012345679,0.36771604938271607,0.15666666666666668,0.7037582685566225,0.2877777777777778,0.5555555555555555,0.47155821505064455,0.5111111111111111,0.6271604938271605
638569,2022-11-12 14:30:00+00:00,11,12,2022,131,Bayer Leverkusen,2,134,VfB Stuttgart,0,BayArena,0,2022-2023,0.4411764705882353,0.4117647058823529,0.3,-0.1,0.20588235294117646,-0.5882352941176471,0.3,-0.6,0,0,0,0.5588235294117647,0.7941176470588236,0.43137254901960786,0.5980392156862746,0.41379310344827586,0.7364532019704434,0.5751231527093597,2,3.1502463054187193,1.7482513135225233,3.58730913379935,0.33779392200042413,2,0.5862068965517242,0.42857142857142855,0.5714285714285714,0.16502463054187191,0.2642857142857143,0.28921182266009854,0.18626847290640397,0.3525579363731224,0.307512315270936,0.50621921182266,0.5297800700855427,0.6083743842364532,0.05172413793103448
638571,2022-11-12 14:30:00+00:00,11,12,2022,3841,FC Augsburg,0,121,VfL Bochum,1,WWK Arena,0,2022-2023,0.3235294117647059,-0.38235294117647056,0.3,-0.2,0.2647058823529412,-0.8823529411764706,0.3,-1.3,0,0,0,0.6764705882352942,0.7352941176470589,0.5637254901960784,0.6470588235294117,0.6093366093366094,0.7862407862407862,0.6977886977886978,1,3.1474201474201475,1.747027589058908,3.5841770446848744,0.6651237325525745,1,0.3906633906633906,0.7641277641277642,0.23587223587223582,0.04668304668304668,0.19717444717444715,0.23709983157157605,0.20466830466830466,0.28461320251430666,0.31977886977886977,0.4755528255528256,0.5433920906078707,0.6412776412776413,0.012285012285012284
638567,2022-11-12 14:30:00+00:00,11,12,2022,129,Hertha Berlin,2,122,FC Cologne,0,Olympiastadion Berlin,0,2022-2023,0.20588235294117646,-0.7352941176470589,0.2,-0.1,0.4117647058823529,-0.08823529411764706,0.3,-0.8,0,0,0,0.7941176470588236,0.5882352941176471,0.6225490196078431,0.5147058823529411,0.7401960784313726,0.5906862745098039,0.6654411764705883,2,3.142156862745098,1.7481157999476165,3.579185812732002,0.33504355683649056,2,0.40931372549019607,0.42892156862745096,0.571078431372549,0.16666666666666666,0.2642156862745098,0.22416174067666286,0.19981617647058825,0.28956534116073385,0.3165441176470588,0.48363970588235294,0.569552415514506,0.6568627450980392,0.0196078431372549
638564,2022-11-12 14:30:00+00:00,11,12,2022,7911,TSG Hoffenheim,1,138,VfL Wolfsburg,2,PreZero Arena,0,2022-2023,0.3235294117647059,-0.2647058823529412,0.2,-0.2,0.3235294117647059,-0.08823529411764706,0.5,0.7,0,0,0,0.6764705882352942,0.6764705882352942,0.5441176470588236,0.5147058823529411,0.6625916870415648,0.3740831295843521,0.5183374083129584,3,3.139364303178484,1.7468853478200834,3.576085640133505,0.052925014728267716,1,0.6259168704156479,0.7652811735941321,0.23471882640586794,0.41075794621026895,0.19694376528117358,0.3316288460733735,0.17775061124694375,0.5707022836806416,0.3018337408312958,0.5204156479217603,0.350004413325092,0.25183374083129584,0.41075794621026895
638565,2022-11-12 14:30:00+00:00,11,12,2022,137,Werder Bremen,1,11420,RB Leipzig,2,Weserstadion,0,2022-2023,0.42857142857142855,-0.07142857142857142,0.5,-0.1,0.5588235294117647,1.0588235294117647,0.6,0.7,0,0,0,0.5714285714285714,0.4411764705882353,0.5119047619047619,0.32352941176470595,0.36097560975609755,0.15121951219512195,0.25609756097560976,3,3.1390243902439026,1.7447620596747373,3.575214905162587,0.05289449448541628,1,0.848780487804878,0.7658536585365854,0.23414634146341462,0.4097560975609756,0.19682926829268294,0.42117489589530044,0.13841463414634148,0.646148300227797,0.275609756097561,0.5859756097560975,0.22192131261415482,0.046341463414634146,0.5707317073170731
638568,2022-11-12 17:30:00+00:00,11,12,2022,133,Schalke 04,0,132,Bayern Munich,2,VELTINS-Arena,0,2022-2023,0.14285714285714285,-1.2142857142857142,0.2,-1.0,0.6470588235294118,1.8823529411764706,0.6,2.0,0,0,0,0.8571428571428572,0.3529411764705882,0.7023809523809523,0.18627450980392146,0.8832116788321168,0.04866180048661801,0.46593673965936744,2,3.1386861313868613,1.742646494881926,3.574347755107343,0.33507896460789577,2,0.9513381995133819,0.4282238442822384,0.5717761557177616,0.1654501216545012,0.2643552311435523,0.4234879618283103,0.16989051094890512,0.4844852543475059,0.2965936739659367,0.5335158150851582,0.47509654665340456,0.5158150851581509,0.24817518248175183
638563,2022-11-13 14:30:00+00:00,11,13,2022,2950,Mainz,1,125,Eintracht Frankfurt,1,MEWA ARENA,0,2022-2023,0.35294117647058826,-0.17647058823529413,0.3,-0.4,0.4117647058823529,0.17647058823529413,0.7,1.2,0,0,0,0.6470588235294117,0.5882352941176471,0.5294117647058822,0.47058823529411764,0.5995145631067961,0.17718446601941748,0.3883495145631068,2,3.1359223300970873,1.741429028024437,3.571279587103197,0.3344000856163337,0,0.8228155339805825,1.0,0.0,0.1650485436893204,0.15,0.43469660194174753,0.15825242718446603,0.6266641530775756,0.28883495145631066,0.5529126213592233,0.2676429733001473,0.0970873786407767,0.5436893203883495
638566,2022-11-13 16:30:00+00:00,11,13,2022,126,SC Freiburg,4,598,1. FC Union Berlin,1,Europa-Park Stadion,0,2022-2023,0.47058823529411764,0.14705882352941177,0.5,0.1,0.5294117647058824,0.3235294117647059,0.5,-0.1,0,0,0,0.5294117647058824,0.47058823529411764,0.47549019607843135,0.446078431372549,0.30024213075060535,0.28087167070217917,0.2905569007263923,5,3.1331719128329296,1.7402122574435472,3.5682249771938164,0.287137023982453,3,0.7191283292978208,0.20823244552058112,0.7917675544794189,0.784503631961259,0.3083535108958838,0.3178559409974848,0.14358353510895885,0.5811737076232681,0.27905569007263925,0.577360774818402,0.4299315475886701,0.41404358353510895,0.43341404358353514
638577,2023-01-20 19:30:00+00:00,1,20,2023,11420,RB Leipzig,1,132,Bayern Munich,1,Red Bull Arena,0,2022-2023,0.5588235294117647,1.0,0.7,1.2,0.6470588235294118,1.911764705882353,0.7,2.2,0,0,0,0.4411764705882353,0.3529411764705882,0.33333333333333337,0.18137254901960775,0.0966183574879227,0.04106280193236715,0.06884057971014493,2,3.13768115942029,1.7405241020768756,3.572812184939509,0.3352107548055461,0,0.9589371980676329,1.0,0.0,0.1642512077294686,0.15,0.4925483091787439,0.11032608695652174,0.6951007608112209,0.2568840579710145,0.6327898550724638,0.08054411134132497,0.0024154589371980675,0.6280193236714976
638573,2023-01-21 14:30:00+00:00,1,21,2023,598,1. FC Union Berlin,3,7911,TSG Hoffenheim,1,Stadion An der Alten Försterei,0,2022-2023,0.5294117647058824,0.2647058823529412,0.5,-0.4,0.29411764705882354,-0.3235294117647059,0.2,-0.2,0,0,0,0.47058823529411764,0.7058823529411764,0.4558823529411765,0.553921568627451,0.3060240963855422,0.6987951807228916,0.5024096385542169,4,3.1349397590361447,1.7393175500294702,3.5697691465435124,0.03012931118932949,2,0.6939759036144578,0.42891566265060244,0.5710843373493976,0.6048192771084338,0.2642168674698795,0.3288861953839455,0.17536144578313256,0.5705236911647169,0.3002409638554217,0.5243975903614457,0.44020883529132493,0.43614457831325304,0.4072289156626506
638578,2023-01-21 14:30:00+00:00,1,21,2023,125,Eintracht Frankfurt,3,133,Schalke 04,0,Deutsche Bank Park,0,2022-2023,0.38235294117647056,0.08823529411764706,0.6,0.8,0.13333333333333333,-1.2666666666666666,0.2,-1.2,0,0,0,0.6176470588235294,0.8666666666666667,0.48529411764705876,0.711111111111111,0.25240384615384615,0.8942307692307693,0.5733173076923077,3,3.137019230769231,1.7377383888442526,3.571453827980294,0.05263505317664252,3,0.7475961538461539,0.2091346153846154,0.7908653846153846,0.4110576923076923,0.30817307692307694,0.3277862657174556,0.18599759615384615,0.4485821741561647,0.30733173076923076,0.506670673076923,0.5433310869987158,0.6442307692307693,0.17548076923076922
638576,2023-01-21 14:30:00+00:00,1,21,2023,134,VfB Stuttgart,1,2950,Mainz,1,MHPArena,0,2022-2023,0.17647058823529413,-0.7058823529411765,0.3,-0.8,0.35294117647058826,-0.14705882352941177,0.2,-0.5,0,0,0,0.8235294117647058,0.6470588235294117,0.6176470588235294,0.5245098039215685,0.7601918465227818,0.6762589928057554,0.7182254196642686,2,3.1366906474820144,1.7356614740866558,3.5706060160036786,0.33596811168852514,0,0.3237410071942446,1.0,0.0,0.1630695443645084,0.15,0.22258992805755393,0.20773381294964027,0.3734625536980487,0.32182254196642684,0.47044364508393294,0.40767652128934384,0.36211031175059955,0.07913669064748201
638575,2023-01-21 14:30:00+00:00,1,21,2023,121,VfL Bochum,3,129,Hertha Berlin,1,Vonovia Ruhrstadion,0,2022-2023,0.29411764705882354,-0.8529411764705882,0.4,-1.0,0.20588235294117646,-0.7352941176470589,0.2,-0.1,0,0,0,0.7058823529411764,0.7941176470588236,0.642156862745098,0.6225490196078431,0.6866028708133971,0.7583732057416268,0.722488038277512,4,3.1339712918660285,1.734470394193725,3.5675888904144597,0.030598436939310414,2,0.3133971291866029,0.430622009569378,0.569377990430622,0.6052631578947368,0.2638755980861244,0.18896207733339437,0.2083732057416268,0.49524628083290684,0.32224880382775123,0.469377990430622,0.5289772542547047,0.6052631578947368,0.2631578947368421
638574,2023-01-21 14:30:00+00:00,1,21,2023,138,VfL Wolfsburg,6,126,SC Freiburg,0,Volkswagen Arena,0,2022-2023,0.35294117647058826,0.0,0.6,1.0,0.5,0.2647058823529412,0.5,0.3,0,0,0,0.6470588235294117,0.5,0.5,0.4558823529411765,0.2529832935560859,0.2720763723150358,0.26252983293556087,6,3.136038186157518,1.7329109725342828,3.5692659292910887,0.6261001635177867,6,0.7470167064439142,0.014319809069212411,0.9856801909307876,0.9116945107398569,0.34713603818615757,0.3091365394364352,0.13937947494033415,0.5771176003271015,0.2762529832935561,0.5843675417661098,0.5129765184819797,0.5918854415274463,0.4343675417661098
638572,2023-01-21 17:30:00+00:00,1,21,2023,122,FC Cologne,7,137,Werder Bremen,1,RheinEnergieStadion,0,2022-2023,0.4117647058823529,-0.08823529411764706,0.2,-1.2,0.4,-0.13333333333333333,0.4,-0.4,0,0,0,0.5882352941176471,0.6,0.5147058823529411,0.5222222222222221,0.680952380952381,0.5047619047619047,0.5928571428571429,8,3.142857142857143,1.7364742015285324,3.5769756932392758,0.9609898659761814,6,0.49523809523809526,0.016666666666666666,0.9833333333333333,0.9928571428571429,0.3466666666666667,0.2271111111111111,0.18892857142857145,0.5986455026455026,0.3092857142857143,0.5017857142857143,0.7831766398151259,0.7428571428571429,0.4880952380952381
638580,2023-01-22 14:30:00+00:00,1,22,2023,124,Borussia Dortmund,4,3841,FC Augsburg,3,SIGNAL IDUNA PARK,0,2022-2023,0.5882352941176471,0.7058823529411765,0.4,0.0,0.29411764705882354,-0.47058823529411764,0.3,-0.1,0,0,0,0.4117647058823529,0.7058823529411764,0.38235294117647056,0.5784313725490196,0.2660332541567696,0.6413301662707839,0.45368171021377673,7,3.1543942992874108,1.750485898901541,3.592015774012796,0.849707052895334,1,0.7339667458432304,0.7648456057007126,0.23515439429928742,0.9524940617577197,0.19703087885985748,0.37497322854192877,0.1680522565320665,0.8390742852495979,0.2953681710213777,0.5365795724465557,0.45568864907542384,0.4750593824228028,0.7244655581947743
638579,2023-01-22 16:30:00+00:00,1,22,2023,268,Borussia Mönchengladbach,2,131,Bayer Leverkusen,3,BORUSSIA-PARK,0,2022-2023,0.38235294117647056,0.17647058823529413,0.4,0.2,0.47058823529411764,0.5588235294117647,0.4,0.2,0,0,0,0.6176470588235294,0.5294117647058824,0.47058823529411764,0.4068627450980392,0.3815165876777251,0.33649289099526064,0.3590047393364929,5,3.1635071090047395,1.7583989218484783,3.603106839466859,0.27060889314785264,1,0.6635071090047393,0.7654028436018957,0.2345971563981043,0.7796208530805687,0.19691943127962086,0.3467328900968082,0.15385071090047395,0.7518259491154449,0.2859004739336493,0.5602488151658767,0.3098367886366965,0.16824644549763032,0.6682464454976303
638589,2023-01-24 17:30:00+00:00,1,24,2023,133,Schalke 04,1,11420,RB Leipzig,6,VELTINS-Arena,0,2022-2023,0.125,-1.375,0.1,-1.7,0.5588235294117647,1.0,0.6,0.9,0,0,0,0.875,0.4411764705882353,0.7291666666666667,0.33333333333333337,0.9267139479905437,0.14420803782505912,0.5354609929078015,7,3.1678486997635935,1.7585827058890617,3.607494376235859,0.8444424363236537,5,0.8557919621749409,0.04964539007092199,0.950354609929078,0.950354609929078,0.3400709219858156,0.34837390808644775,0.18031914893617024,0.6044130121504274,0.30354609929078014,0.5161347517730497,0.7171156028890687,0.7423167848699763,0.508274231678487
638584,2023-01-24 19:30:00+00:00,1,24,2023,129,Hertha Berlin,0,138,VfL Wolfsburg,5,Olympiastadion Berlin,0,2022-2023,0.20588235294117646,-0.6764705882352942,0.2,-0.3,0.38235294117647056,0.20588235294117646,0.6,1.5,0,0,0,0.7941176470588236,0.6176470588235294,0.6127450980392157,0.46568627450980393,0.7576470588235295,0.2023529411764706,0.48000000000000004,5,3.1741176470588237,1.7651736339025226,3.6154110555344543,0.26481696994670745,5,0.7976470588235294,0.05176470588235294,0.9482352941176471,0.7764705882352941,0.3396470588235294,0.32939958477508646,0.17200000000000001,0.5449452974557297,0.298,0.53,0.5825226364778925,0.68,0.35764705882352943
638585,2023-01-24 19:30:00+00:00,1,24,2023,7911,TSG Hoffenheim,2,134,VfB Stuttgart,2,PreZero Arena,0,2022-2023,0.29411764705882354,-0.38235294117647056,0.1,-0.7,0.17647058823529413,-0.5588235294117647,0.3,-0.8,0,0,0,0.7058823529411764,0.8235294117647058,0.5637254901960784,0.5931372549019607,0.7699530516431925,0.7676056338028169,0.7687793427230047,4,3.1784037558685445,1.7653137128660494,3.619732184085057,0.022933855847692697,0,0.23239436619718312,1.0,0.0,0.596244131455399,0.15,0.18376760563380282,0.21531690140845072,0.6158639158897043,0.3268779342723005,0.4578051643192488,0.35688920009902253,0.2605633802816901,0.5352112676056338
638586,2023-01-24 19:30:00+00:00,1,24,2023,132,Bayern Munich,1,122,FC Cologne,1,Allianz Arena,0,2022-2023,0.6176470588235294,1.7647058823529411,0.7,2.2,0.4117647058823529,0.058823529411764705,0.3,-0.5,0,0,0,0.38235294117647056,0.5882352941176471,0.20588235294117652,0.4901960784313726,0.049528301886792456,0.5542452830188679,0.3018867924528302,2,3.17688679245283,1.7663344332100164,3.618470400755334,0.342816181628425,0,0.9504716981132075,1.0,0.0,0.16037735849056603,0.15,0.4889504716981132,0.14528301886792452,0.6894253960484158,0.280188679245283,0.5745283018867925,0.2232478760137274,0.049528301886792456,0.6155660377358491
638581,2023-01-25 17:30:00+00:00,1,25,2023,2950,Mainz,1,124,Borussia Dortmund,2,MEWA ARENA,0,2022-2023,0.3235294117647059,-0.2647058823529412,0.2,-0.2,0.5882352941176471,0.6470588235294118,0.5,0.4,0,0,0,0.6764705882352942,0.4117647058823529,0.5441176470588236,0.3921568627450981,0.65807962529274,0.20843091334894615,0.4332552693208431,3,3.180327868852459,1.7636887521088855,3.6212500568796804,0.06015299032336885,1,0.7915690866510539,0.7634660421545667,0.2365339578454333,0.405152224824356,0.19730679156908665,0.39796288577242234,0.16498829039812646,0.62399049679644,0.2933255269320843,0.5416861826697892,0.3139943798181097,0.18032786885245902,0.5433255269320844
638588,2023-01-25 19:30:00+00:00,1,25,2023,131,Bayer Leverkusen,2,121,VfL Bochum,0,BayArena,0,2022-2023,0.5,0.5882352941176471,0.5,0.3,0.3235294117647059,-0.7352941176470589,0.5,-0.6,0,0,0,0.5,0.6764705882352942,0.4019607843137255,0.6225490196078431,0.24065420560747663,0.572429906542056,0.40654205607476634,2,3.1799065420560746,1.7616438965952883,3.6203175162048966,0.3449173113587194,2,0.7593457943925234,0.4322429906542056,0.5677570093457944,0.1588785046728972,0.2635514018691589,0.353254432701546,0.16098130841121494,0.4136997170711558,0.2906542056074766,0.5483644859813084,0.4434794282149071,0.4462616822429907,0.1308411214953271
638587,2023-01-25 19:30:00+00:00,1,25,2023,3841,FC Augsburg,1,268,Borussia Mönchengladbach,0,WWK Arena,0,2022-2023,0.29411764705882354,-0.5,0.2,-0.3,0.38235294117647056,0.17647058823529413,0.4,0.1,0,0,0,0.7058823529411764,0.6176470588235294,0.5833333333333333,0.47058823529411764,0.7016317016317016,0.44522144522144524,0.5734265734265734,1,3.1771561771561774,1.7605065982725114,3.6172828267243053,0.6688175368048118,1,0.5547785547785548,0.7645687645687645,0.23543123543123545,0.04428904428904429,0.19708624708624708,0.30301104101803406,0.186013986013986,0.3631522139544537,0.30734265734265737,0.5066433566433566,0.48729024140535687,0.5431235431235432,0.06526806526806526
638583,2023-01-25 19:30:00+00:00,1,25,2023,126,SC Freiburg,1,125,Eintracht Frankfurt,1,Europa-Park Stadion,0,2022-2023,0.5,0.08823529411764706,0.5,-0.3,0.38235294117647056,0.14705882352941177,0.7,1.2,0,0,0,0.5,0.6176470588235294,0.48529411764705876,0.47549019607843135,0.3395348837209302,0.1930232558139535,0.26627906976744187,2,3.172093023255814,1.7615851070069246,3.612489300007545,0.34225925928307865,0,0.8069767441860465,1.0,0.0,0.16046511627906976,0.15,0.42796511627906975,0.13994186046511628,0.6167335045970794,0.27662790697674416,0.5834302325581395,0.20325165710527032,0.04186046511627907,0.5395348837209303
638582,2023-01-25 19:30:00+00:00,1,25,2023,137,Werder Bremen,1,598,1. FC Union Berlin,2,Weserstadion,0,2022-2023,0.375,-0.5,0.4,-0.9,0.5588235294117647,0.3235294117647059,0.5,-0.3,0,0,0,0.625,0.4411764705882353,0.5833333333333333,0.446078431372549,0.6032482598607889,0.29466357308584684,0.4489559164733179,3,3.1693735498839906,1.760441098833344,3.6094838245923264,0.058170462977449544,1,0.7053364269141531,0.7633410672853829,0.23665893271461713,0.40835266821345706,0.19733178654292344,0.36334238618439824,0.1673433874709977,0.5959393358786709,0.2948955916473318,0.5377610208816704,0.32095511028046314,0.1902552204176334,0.46867749419953597
638595,2023-01-27 19:30:00+00:00,1,27,2023,11420,RB Leipzig,2,134,VfB Stuttgart,1,Red Bull Arena,0,2022-2023,0.5882352941176471,1.2058823529411764,0.7,1.7,0.17647058823529413,-0.5294117647058824,0.3,-0.6,0,0,0,0.4117647058823529,0.8235294117647058,0.2990196078431372,0.588235294117647,0.06481481481481481,0.7476851851851852,0.40625,3,3.1689814814814814,1.7584165202218105,3.608585611536934,0.05813388525504348,1,0.9351851851851852,0.7638888888888888,0.23611111111111116,0.4074074074074074,0.19722222222222224,0.4556507201646091,0.1609375,0.6739279573426307,0.290625,0.5484375,0.30077844819990024,0.1550925925925926,0.6018518518518519
638598,2023-01-28 14:30:00+00:00,1,28,2023,7911,TSG Hoffenheim,1,268,Borussia Mönchengladbach,4,PreZero Arena,0,2022-2023,0.29411764705882354,-0.38235294117647056,0.1,-0.7,0.38235294117647056,0.14705882352941177,0.3,-0.3,0,0,0,0.7058823529411764,0.6176470588235294,0.5637254901960784,0.47549019607843135,0.7711670480549199,0.5423340961098398,0.6567505720823799,5,3.1762013729977117,1.7592693530564365,3.616018711261821,0.2661366112753809,3,0.45766590389016015,0.2128146453089245,0.7871853546910755,0.7780320366132724,0.30743707093821515,0.22773751237111783,0.19851258581235698,0.5508184084965304,0.31567505720823796,0.48581235697940506,0.62038379213012,0.7231121281464531,0.36613272311212813
638597,2023-01-28 14:30:00+00:00,1,28,2023,137,Werder Bremen,2,138,VfL Wolfsburg,1,Weserstadion,0,2022-2023,0.35294117647058826,-0.5294117647058824,0.4,-1.0,0.4117647058823529,0.47058823529411764,0.7,2.2,0,0,0,0.6470588235294117,0.5882352941176471,0.588235294117647,0.42156862745098034,0.6367816091954023,0.10114942528735632,0.36896551724137927,3,3.167816091954023,1.7536988068851513,3.6062407936753105,0.058001602221712134,1,0.8988505747126436,0.7655172413793103,0.23448275862068968,0.4068965517241379,0.19689655172413795,0.44124534284581846,0.15534482758620688,0.6620003116158923,0.2868965517241379,0.5577586206896552,0.28207624176249174,0.12643678160919541,0.5977011494252874
638590,2023-01-28 14:30:00+00:00,1,28,2023,2950,Mainz,5,121,VfL Bochum,2,MEWA ARENA,0,2022-2023,0.3235294117647059,-0.2647058823529412,0.2,-0.3,0.3235294117647059,-0.7647058823529411,0.5,-0.8,0,0,0,0.6764705882352942,0.6764705882352942,0.5441176470588236,0.6274509803921569,0.6720183486238532,0.5986238532110092,0.6353211009174312,7,3.1674311926605503,1.7517003384467429,3.605356277272236,0.8470668459140749,3,0.4013761467889908,0.21100917431192662,0.7889908256880733,0.9495412844036697,0.3077981651376147,0.20813683612490533,0.19529816513761467,0.6271013240823178,0.31353211009174314,0.4911697247706422,0.7248550494555299,0.75,0.5573394495412844
638596,2023-01-28 14:30:00+00:00,1,28,2023,126,SC Freiburg,3,3841,FC Augsburg,1,Europa-Park Stadion,0,2022-2023,0.47058823529411764,0.058823529411764705,0.5,-0.3,0.3235294117647059,-0.47058823529411764,0.2,-0.3,0,0,0,0.5294117647058824,0.6764705882352942,0.4901960784313726,0.5784313725490196,0.36027713625866054,0.7113163972286374,0.535796766743649,4,3.168591224018476,1.75639891002201,3.6076909515239786,0.024636266770948434,2,0.6397228637413395,0.4295612009237875,0.5704387990762125,0.6004618937644342,0.2640877598152425,0.3089811668951245,0.18036951501154735,0.5580251398767204,0.3035796766743649,0.5160508083140877,0.45411561224537544,0.48036951501154734,0.3833718244803695
638594,2023-01-28 14:30:00+00:00,1,28,2023,129,Hertha Berlin,0,598,1. FC Union Berlin,2,Olympiastadion Berlin,0,2022-2023,0.17647058823529413,-0.8529411764705882,0.2,-0.8,0.5588235294117647,0.3235294117647059,0.5,-0.4,0,0,0,0.8235294117647058,0.4411764705882353,0.642156862745098,0.446078431372549,0.8248847926267281,0.30184331797235026,0.5633640552995391,2,3.1705069124423964,1.7548234341868996,3.6092127709891213,0.3432587911764905,2,0.6981566820276497,0.4308755760368664,0.5691244239631337,0.15898617511520738,0.2638248847926267,0.3306002994329885,0.18450460829493087,0.39111948934232094,0.3063364055299539,0.5091589861751152,0.5245182303897966,0.6105990783410138,0.09907834101382489
638592,2023-01-28 17:30:00+00:00,1,28,2023,132,Bayern Munich,1,125,Eintracht Frankfurt,1,Allianz Arena,0,2022-2023,0.5882352941176471,1.6470588235294117,0.7,2.3,0.35294117647058826,0.11764705882352941,0.6,1.0,0,0,0,0.4117647058823529,0.6470588235294117,0.22549019607843146,0.48039215686274506,0.05251141552511415,0.2557077625570776,0.1541095890410959,2,3.180365296803653,1.7594147804555291,3.620218991917535,0.3455857739259758,0,0.9474885844748858,1.0,0.0,0.15753424657534246,0.15,0.4876826484018265,0.12311643835616438,0.6868833270782511,0.2654109589041096,0.611472602739726,0.13678108115043322,0.0136986301369863,0.6232876712328768
638593,2023-01-29 14:30:00+00:00,1,29,2023,133,Schalke 04,0,122,FC Cologne,0,VELTINS-Arena,0,2022-2023,0.11764705882352941,-1.588235294117647,0.1,-2.1,0.38235294117647056,0.029411764705882353,0.3,-0.5,0,0,0,0.8823529411764706,0.6176470588235294,0.7647058823529411,0.4950980392156863,0.9453302961275627,0.5740318906605922,0.7596810933940774,0,3.1776765375854215,1.7583078922622268,3.617253510650978,0.8795004260929695,0,0.42596810933940776,1.0,0.0,0.0,0.15,0.26603644646924834,0.2139521640091116,0.3299316628701595,0.32596810933940773,0.4600797266514807,0.5376848892005717,0.6378132118451025,0.0387243735763098
638591,2023-01-29 16:30:00+00:00,1,29,2023,131,Bayer Leverkusen,0,124,Borussia Dortmund,2,BayArena,0,2022-2023,0.5294117647058824,0.6764705882352942,0.6,0.5,0.6176470588235294,0.7058823529411765,0.5,0.4,0,0,0,0.47058823529411764,0.38235294117647056,0.38725490196078427,0.38235294117647056,0.16136363636363638,0.19545454545454546,0.1784090909090909,2,3.1704545454545454,1.7628253809352457,3.6111608906883568,0.34141791420850365,2,0.8386363636363636,0.4318181818181818,0.5681818181818181,0.1590909090909091,0.2636363636363636,0.3824070247933884,0.12676136363636364,0.4425366265965439,0.2678409090909091,0.6053977272727273,0.30346939324685374,0.16363636363636364,0.16818181818181818
638601,2023-02-03 19:30:00+00:00,2,3,2023,3841,FC Augsburg,1,131,Bayer Leverkusen,0,WWK Arena,0,2022-2023,0.3235294117647059,-0.47058823529411764,0.1,-0.6,0.5294117647058824,0.6176470588235294,0.6,0.7,0,0,0,0.6764705882352942,0.47058823529411764,0.5784313725490196,0.3970588235294118,0.7551020408163265,0.17233560090702948,0.463718820861678,1,3.1678004535147393,1.7617029251421297,3.6082261848002717,0.6657817773316876,1,0.8276643990929705,0.764172335600907,0.23582766439909297,0.045351473922902494,0.19716553287981858,0.4125222001120933,0.16955782312925172,0.49612618203870973,0.2963718820861678,0.5340702947845805,0.4304396449441839,0.41723356009070295,0.26303854875283444
638605,2023-02-04 14:30:00+00:00,2,4,2023,598,1. FC Union Berlin,2,2950,Mainz,1,Stadion An der Alten Försterei,0,2022-2023,0.5882352941176471,0.38235294117647056,0.6,0.0,0.35294117647058826,-0.08823529411764706,0.3,0.1,0,0,0,0.4117647058823529,0.6470588235294117,0.4362745098039216,0.5147058823529411,0.19325842696629214,0.5460674157303371,0.36966292134831463,3,3.161797752808989,1.7683087060026215,3.603874929309644,0.05664314565979811,1,0.8067415730337079,0.7640449438202247,0.2359550561797753,0.40898876404494383,0.19719101123595506,0.4041105920969575,0.15544943820224721,0.6309040057080525,0.2869662921348315,0.5575842696629213,0.2826345227746616,0.12808988764044943,0.5707865168539326
638604,2023-02-04 14:30:00+00:00,2,4,2023,124,Borussia Dortmund,5,126,SC Freiburg,1,SIGNAL IDUNA PARK,0,2022-2023,0.6176470588235294,0.7352941176470589,0.6,0.7,0.5,0.11764705882352941,0.5,-0.2,0,0,0,0.38235294117647056,0.5,0.37745098039215685,0.48039215686274506,0.12669683257918551,0.34841628959276016,0.23755656108597284,6,3.16289592760181,1.7627227787109776,3.6035766222795544,0.6031200680489205,4,0.8733031674208145,0.10407239819004525,0.8959276018099548,0.9049773755656109,0.329185520361991,0.35999365287361024,0.13563348416289595,0.6062299764653261,0.2737556561085973,0.5906108597285068,0.4673720094344582,0.504524886877828,0.5203619909502263
638602,2023-02-04 14:30:00+00:00,2,4,2023,125,Eintracht Frankfurt,3,129,Hertha Berlin,0,Deutsche Bank Park,0,2022-2023,0.35294117647058826,0.14705882352941177,0.5,0.8,0.17647058823529413,-0.8529411764705882,0.2,-1.0,0,0,0,0.6470588235294117,0.8235294117647058,0.47549019607843135,0.642156862745098,0.3047404063205418,0.8555304740406321,0.5801354401805869,3,3.1693002257336342,1.7658797834678837,3.6107701716006053,0.058060350284594,3,0.6952595936794582,0.2144469525959368,0.7855530474040632,0.40857787810383744,0.30711060948081265,0.31015793711050754,0.18702031602708805,0.4364096271163872,0.3080135440180587,0.5049661399548533,0.5457681970829804,0.6568848758465011,0.16027088036117382
638606,2023-02-04 14:30:00+00:00,2,4,2023,122,FC Cologne,0,11420,RB Leipzig,0,RheinEnergieStadion,0,2022-2023,0.35294117647058826,-0.029411764705882353,0.2,-0.6,0.5882352941176471,1.1470588235294117,0.7,1.4,0,0,0,0.6470588235294117,0.4117647058823529,0.5049019607843137,0.30882352941176483,0.6531531531531531,0.07657657657657657,0.36486486486486486,0,3.168918918918919,1.763903864208444,3.60989488497103,0.8768259972367632,0,0.9234234234234234,1.0,0.0,0.0,0.15,0.477454954954955,0.15472972972972973,0.6159684684684685,0.2864864864864865,0.5587837837837837,0.3395516193313932,0.22972972972972974,0.5405405405405406
638599,2023-02-04 14:30:00+00:00,2,4,2023,121,VfL Bochum,5,7911,TSG Hoffenheim,2,Vonovia Ruhrstadion,0,2022-2023,0.29411764705882354,-0.8823529411764706,0.5,-0.7,0.2647058823529412,-0.5294117647058824,0.1,-1.0,0,0,0,0.7058823529411764,0.7352941176470589,0.6470588235294117,0.588235294117647,0.600896860986547,0.8385650224215246,0.7197309417040358,7,3.1614349775784754,1.7663373401288236,3.603019312610681,0.8426537277100546,3,0.39910313901345296,0.21524663677130046,0.7847533632286996,0.9484304932735426,0.30695067264573994,0.20760401375454965,0.2079596412556054,0.6276021809507982,0.3219730941704036,0.470067264573991,0.7662293904327353,0.7556053811659192,0.5650224215246636
638607,2023-02-04 17:30:00+00:00,2,4,2023,268,Borussia Mönchengladbach,0,133,Schalke 04,0,BORUSSIA-PARK,0,2022-2023,0.38235294117647056,0.20588235294117646,0.4,0.4,0.1111111111111111,-1.5,0.1,-2.0,0,0,0,0.6176470588235294,0.8888888888888888,0.46568627450980393,0.75,0.3713646532438479,0.9373601789709173,0.6543624161073825,0,3.170022371364653,1.7736728758004998,3.613440590314778,0.8744715808277322,0,0.6286353467561521,1.0,0.0,0.0,0.15,0.3521700223713646,0.1981543624161074,0.44646532438478737,0.31543624161073824,0.48640939597315436,0.49156838611625064,0.5592841163310962,0.1767337807606264
638600,2023-02-05 14:30:00+00:00,2,5,2023,134,VfB Stuttgart,0,137,Werder Bremen,2,MHPArena,0,2022-2023,0.17647058823529413,-0.5588235294117647,0.3,-0.6,0.3888888888888889,-0.4444444444444444,0.4,-1.3,0,0,0,0.8235294117647058,0.6111111111111112,0.5931372549019607,0.5740740740740742,0.734375,0.6495535714285714,0.6919642857142857,2,3.1629464285714284,1.7780068968054892,3.607448152772801,0.33546920413795667,2,0.3504464285714286,0.4330357142857143,0.5669642857142857,0.16294642857142858,0.26339285714285715,0.20273138552295916,0.20379464285714285,0.2670881643934778,0.3191964285714286,0.4770089285714285,0.5794129443126811,0.6808035714285714,0.008928571428571428
638603,2023-02-05 16:30:00+00:00,2,5,2023,138,VfL Wolfsburg,2,132,Bayern Munich,4,Volkswagen Arena,0,2022-2023,0.4117647058823529,0.47058823529411764,0.6,2.0,0.5882352941176471,1.6764705882352942,0.6,1.9,0,0,0,0.5882352941176471,0.4117647058823529,0.42156862745098034,0.22058823529411764,0.1358574610244989,0.062360801781737196,0.09910913140311804,6,3.1603563474387526,1.7768692012771623,3.604573647758043,0.5969556984217383,2,0.9376391982182628,0.43429844097995546,0.5657015590200445,0.9020044543429844,0.2631403118040089,0.41914023243932325,0.11486636971046771,0.715346984803132,0.2599109131403118,0.6252227171492205,0.2775674231556362,0.12026726057906459,0.6681514476614699
638612,2023-02-10 19:30:00+00:00,2,10,2023,133,Schalke 04,0,138,VfL Wolfsburg,0,VELTINS-Arena,0,2022-2023,0.10526315789473684,-1.4210526315789473,0.1,-1.6,0.4117647058823529,0.4117647058823529,0.6,1.8,0,0,0,0.8947368421052632,0.5882352941176471,0.736842105263158,0.43137254901960786,0.9311111111111111,0.17333333333333334,0.5522222222222222,0,3.1666666666666665,1.7799301805580654,3.6116492118061827,0.8723694212067052,0,0.8266666666666667,1.0,0.0,0.0,0.15,0.4363333333333333,0.18283333333333335,0.5603333333333333,0.30522222222222223,0.5119444444444443,0.4422053079427246,0.4444444444444444,0.39555555555555555
638613,2023-02-11 14:30:00+00:00,2,11,2023,132,Bayern Munich,3,121,VfL Bochum,0,Allianz Arena,0,2022-2023,0.5882352941176471,1.6176470588235294,0.7,2.1,0.3235294117647059,-0.7647058823529411,0.5,-0.7,0,0,0,0.4117647058823529,0.6764705882352942,0.23039215686274517,0.6274509803921569,0.05321507760532151,0.5920177383592018,0.32261640798226165,3,3.1596452328159645,1.7841932775454379,3.605693552202324,0.05599375887852909,3,0.9467849223946785,0.21507760532150777,0.7849223946784922,0.41019955654101997,0.30698447893569847,0.39736987527101636,0.14839246119733926,0.4973873500633916,0.2822616407982262,0.5693458980044346,0.4135428632265252,0.376940133037694,0.270509977827051
638614,2023-02-11 14:30:00+00:00,2,11,2023,2950,Mainz,3,3841,FC Augsburg,1,MEWA ARENA,0,2022-2023,0.3235294117647059,-0.14705882352941177,0.3,0.0,0.35294117647058826,-0.4411764705882353,0.2,-0.5,0,0,0,0.6764705882352942,0.6470588235294117,0.5245098039215685,0.5735294117647058,0.5707964601769911,0.7146017699115044,0.6426991150442478,4,3.15929203539823,1.782229957621433,3.6048495248035883,0.024279580100899145,2,0.42920353982300885,0.4358407079646018,0.5641592920353982,0.6039823008849557,0.2628318584070796,0.23191440206750727,0.1964048672566372,0.5190504173201552,0.3142699115044248,0.489325221238938,0.4965558051482238,0.5752212389380531,0.3163716814159292
638609,2023-02-11 14:30:00+00:00,2,11,2023,126,SC Freiburg,2,134,VfB Stuttgart,1,Europa-Park Stadion,0,2022-2023,0.5,0.11764705882352941,0.5,-0.6,0.17647058823529413,-0.5588235294117647,0.3,-0.7,0,0,0,0.5,0.8235294117647058,0.48039215686274506,0.5931372549019607,0.36423841059602646,0.7660044150110376,0.565121412803532,3,3.1611479028697573,1.7806955257735586,3.606321784313147,0.05632095074757315,1,0.6357615894039735,0.7637969094922737,0.23620309050772625,0.4083885209713024,0.19724061810154525,0.335457728462202,0.1847682119205298,0.5724602162182642,0.3065121412803532,0.508719646799117,0.3702938019318843,0.30242825607064017,0.4194260485651214
638616,2023-02-11 14:30:00+00:00,2,11,2023,7911,TSG Hoffenheim,1,131,Bayer Leverkusen,3,PreZero Arena,0,2022-2023,0.2647058823529412,-0.5882352941176471,0.1,-1.2,0.5,0.5588235294117647,0.5,0.2,0,0,0,0.7352941176470589,0.5,0.5980392156862746,0.4068627450980392,0.8414096916299559,0.2643171806167401,0.552863436123348,4,3.16079295154185,1.7787450710195871,3.605479219296747,0.0242969705622208,2,0.7356828193832599,0.43612334801762115,0.5638766519823788,0.6035242290748899,0.26277533039647577,0.3449042286867589,0.18292951541850222,0.5805149745453632,0.3052863436123348,0.511784140969163,0.45953521311279744,0.4911894273127753,0.44052863436123346
638608,2023-02-11 14:30:00+00:00,2,11,2023,137,Werder Bremen,0,124,Borussia Dortmund,2,Weserstadion,0,2022-2023,0.42105263157894735,-0.3157894736842105,0.4,-1.2,0.6176470588235294,0.7352941176470589,0.7,1.1,0,0,0,0.5789473684210527,0.38235294117647056,0.5526315789473684,0.37745098039215685,0.5868131868131868,0.09010989010989011,0.3384615384615385,2,3.1626373626373625,1.777220541403339,3.6069424979881974,0.3355385952018811,2,0.9098901098901099,0.43736263736263736,0.5626373626373626,0.16263736263736264,0.26252747252747255,0.4092567322787103,0.15076923076923077,0.4712449059212735,0.28384615384615386,0.5653846153846154,0.40165229403229713,0.35384615384615387,0.22197802197802197
638610,2023-02-11 17:30:00+00:00,2,11,2023,11420,RB Leipzig,1,598,1. FC Union Berlin,2,Red Bull Arena,0,2022-2023,0.5588235294117647,1.088235294117647,0.7,1.4,0.5882352941176471,0.38235294117647056,0.6,0.0,0,0,0,0.4411764705882353,0.4117647058823529,0.31862745098039225,0.4362745098039216,0.08771929824561403,0.21710526315789475,0.1524122807017544,3,3.1600877192982457,1.7761011730483698,3.604113012560338,0.05620442385187674,1,0.9122807017543859,0.7653508771929824,0.23464912280701755,0.40789473684210525,0.1969298245614035,0.4466197291474299,0.12286184210526316,0.6668703410091094,0.2652412280701754,0.6118969298245613,0.16240460717679206,0.019736842105263157,0.6162280701754386
638611,2023-02-12 14:30:00+00:00,2,12,2023,129,Hertha Berlin,4,268,Borussia Mönchengladbach,1,Olympiastadion Berlin,0,2022-2023,0.17647058823529413,-0.9411764705882353,0.2,-1.3,0.38235294117647056,0.23529411764705882,0.3,0.1,0,0,0,0.8235294117647058,0.6176470588235294,0.6568627450980393,0.4607843137254902,0.8599562363238512,0.49452954048140046,0.6772428884026258,5,3.159737417943107,1.7741684291830868,3.6032795252388787,0.2664680409687773,3,0.5054704595185995,0.21444201312910285,0.7855579868708972,0.7789934354485777,0.3071115973741795,0.24440614989777298,0.20158643326039388,0.5570115178437683,0.3177242888402626,0.48068927789934357,0.6288505896668484,0.7330415754923414,0.387308533916849
638615,2023-02-12 16:30:00+00:00,2,12,2023,122,FC Cologne,3,125,Eintracht Frankfurt,0,RheinEnergieStadion,0,2022-2023,0.35294117647058826,0.08823529411764706,0.2,-0.3,0.38235294117647056,0.23529411764705882,0.6,1.4,0,0,0,0.6470588235294117,0.6176470588235294,0.48529411764705876,0.4607843137254902,0.6091703056768559,0.21615720524017468,0.4126637554585153,3,3.163755458515284,1.7743111836406982,3.6073332544254586,0.05689914194237444,3,0.7838427947598253,0.21615720524017468,0.7838427947598253,0.40611353711790393,0.3067685589519651,0.3410153791880399,0.1618995633187773,0.4572109666142587,0.29126637554585155,0.5468340611353711,0.46317759334186226,0.49344978165938863,0.19213973799126638
638622,2023-02-17 19:30:00+00:00,2,17,2023,3841,FC Augsburg,1,7911,TSG Hoffenheim,0,WWK Arena,0,2022-2023,0.35294117647058826,-0.38235294117647056,0.2,-0.6,0.2647058823529412,-0.6176470588235294,0.0,-1.7,0,0,0,0.6470588235294117,0.7352941176470589,0.5637254901960784,0.6029411764705883,0.6840958605664488,0.9106753812636166,0.7973856209150327,1,3.1633986928104574,1.7723895855258178,3.606496089191912,0.6608621934932024,1,0.3159041394335512,0.7668845315904139,0.23311546840958608,0.05010893246187364,0.19662309368191722,0.20723273574740964,0.2196078431372549,0.25090977666686637,0.32973856209150326,0.45065359477124184,0.5813423767629198,0.690631808278867,0.002178649237472767
638624,2023-02-18 14:30:00+00:00,2,18,2023,268,Borussia Mönchengladbach,3,132,Bayern Munich,2,BORUSSIA-PARK,0,2022-2023,0.38235294117647056,0.17647058823529413,0.3,-0.2,0.5882352941176471,1.6176470588235294,0.7,1.9,0,0,0,0.6176470588235294,0.4117647058823529,0.47058823529411764,0.23039215686274517,0.5130434782608696,0.05217391304347826,0.28260869565217395,5,3.158695652173913,1.7733289211892276,3.6020278824712197,0.26709101470870855,1,0.9478260869565217,0.7673913043478261,0.2326086956521739,0.7782608695652173,0.19652173913043477,0.4611266540642722,0.1423913043478261,0.8065718747431576,0.2782608695652174,0.5793478260869565,0.2664860693439196,0.09565217391304348,0.7304347826086957
638621,2023-02-18 14:30:00+00:00,2,18,2023,134,VfB Stuttgart,3,122,FC Cologne,0,MHPArena,0,2022-2023,0.17647058823529413,-0.5294117647058824,0.2,-1.1,0.38235294117647056,0.17647058823529413,0.2,-0.1,0,0,0,0.8235294117647058,0.6176470588235294,0.588235294117647,0.47058823529411764,0.8199566160520607,0.5835140997830802,0.7017353579175705,3,3.1626898047722345,1.773475012168802,3.606058557814435,0.056719343250804966,3,0.4164859002169198,0.21691973969631237,0.7830802603036876,0.40563991323210413,0.3066160520607375,0.21373071367064905,0.2052603036876356,0.3686301695682369,0.32017353579175706,0.47456616052060735,0.5953836598792801,0.7006507592190889,0.0737527114967462
638620,2023-02-18 14:30:00+00:00,2,18,2023,121,VfL Bochum,0,126,SC Freiburg,2,Vonovia Ruhrstadion,0,2022-2023,0.3235294117647059,-0.8529411764705882,0.5,-0.7,0.5,0.08823529411764706,0.6,0.0,0,0,0,0.6764705882352942,0.5,0.642156862745098,0.48529411764705876,0.5844155844155844,0.2748917748917749,0.4296536796536796,2,3.1623376623376624,1.771566628602012,3.6052293194881653,0.33669154154020775,2,0.725108225108225,0.4393939393939394,0.5606060606060606,0.16233766233766234,0.2621212121212121,0.34130886789977694,0.16444805194805195,0.40441352866382374,0.292965367965368,0.54258658008658,0.4527307496076487,0.47835497835497837,0.11904761904761904
638619,2023-02-18 14:30:00+00:00,2,18,2023,138,VfL Wolfsburg,0,11420,RB Leipzig,3,Volkswagen Arena,0,2022-2023,0.4117647058823529,0.47058823529411764,0.6,1.8,0.5294117647058824,1.0,0.6,1.2,0,0,0,0.5882352941176471,0.47058823529411764,0.42156862745098034,0.33333333333333337,0.1490280777537797,0.14038876889848811,0.1447084233261339,3,3.159827213822894,1.7704725725787092,3.6024453569675714,0.05624918555759051,3,0.8596112311015118,0.21814254859611232,0.7818574514038876,0.4060475161987041,0.30637149028077754,0.36748827955534613,0.1217062634989201,0.47595363420658354,0.26447084233261337,0.6138228941684665,0.3024497201724914,0.15982721382289417,0.24190064794816415
638623,2023-02-18 17:30:00+00:00,2,18,2023,125,Eintracht Frankfurt,2,137,Werder Bremen,0,Deutsche Bank Park,0,2022-2023,0.38235294117647056,0.20588235294117646,0.5,0.7,0.4,-0.4,0.4,-1.2,0,0,0,0.6176470588235294,0.6,0.46568627450980393,0.5666666666666667,0.28448275862068967,0.6228448275862069,0.4536637931034483,2,3.1594827586206895,1.7685751460478822,3.60162654513266,0.3363883634967625,2,0.7155172413793103,0.4418103448275862,0.5581896551724138,0.16163793103448276,0.26163793103448274,0.3379916022592152,0.16804956896551726,0.4012496908826725,0.2953663793103448,0.5365840517241379,0.46482913313140173,0.4978448275862069,0.11422413793103449
638617,2023-02-19 14:30:00+00:00,2,19,2023,598,1. FC Union Berlin,0,133,Schalke 04,0,Stadion An der Alten Försterei,0,2022-2023,0.5882352941176471,0.38235294117647056,0.6,-0.1,0.1,-1.35,0.1,-1.3,0,0,0,0.4117647058823529,0.9,0.4362745098039216,0.7250000000000001,0.2,0.9225806451612903,0.5612903225806452,0,3.156989247311828,1.767486395198479,3.5988608461114477,0.8741853936805756,0,0.8,1.0,0.0,0.0,0.15,0.425,0.18419354838709678,0.5449999999999999,0.30612903225806454,0.5096774193548387,0.4470963127319445,0.46021505376344085,0.36774193548387096
638625,2023-02-19 16:30:00+00:00,2,19,2023,124,Borussia Dortmund,4,129,Hertha Berlin,1,SIGNAL IDUNA PARK,0,2022-2023,0.6176470588235294,0.7647058823529411,0.8,1.5,0.20588235294117646,-0.7647058823529411,0.3,-0.9,0,0,0,0.38235294117647056,0.7941176470588236,0.37254901960784315,0.6274509803921569,0.06223175965665236,0.7854077253218884,0.4238197424892704,5,3.1502145922746783,1.7716312746183838,3.5931224109292743,0.27043637517160213,3,0.9377682403433476,0.21888412017167383,0.7811158798283262,0.778969957081545,0.3062231759656653,0.39467861813627064,0.16357296137339056,0.6065437675705849,0.29238197424892703,0.5440450643776824,0.5031973208984057,0.5879828326180258,0.5321888412017167
638618,2023-02-19 18:30:00+00:00,2,19,2023,131,Bayer Leverkusen,2,2950,Mainz,3,BayArena,0,2022-2023,0.5,0.5,0.6,0.8,0.35294117647058826,-0.058823529411764705,0.3,0.0,0,0,0,0.5,0.6470588235294117,0.41666666666666663,0.5098039215686274,0.1670235546038544,0.550321199143469,0.3586723768736617,5,3.154175588865096,1.7717982412591438,3.597125149179882,0.2690849089835794,1,0.8329764453961456,0.7687366167023555,0.2312633832976445,0.7773019271948608,0.1962526766595289,0.41512602653045316,0.15380085653104925,0.7846725171028393,0.28586723768736616,0.5603319057815845,0.30847169052761575,0.17130620985010706,0.715203426124197
638633,2023-02-24 19:30:00+00:00,2,24,2023,2950,Mainz,4,268,Borussia Mönchengladbach,0,MEWA ARENA,0,2022-2023,0.35294117647058826,-0.08823529411764706,0.3,-0.4,0.4117647058823529,0.20588235294117646,0.4,0.1,0,0,0,0.6470588235294117,0.5882352941176471,0.5147058823529411,0.46568627450980393,0.5854700854700855,0.4081196581196581,0.4967948717948718,4,3.158119658119658,1.7719556607307072,3.601108573302335,0.025019765291501406,4,0.5918803418803419,0.10042735042735043,0.8995726495726496,0.6047008547008547,0.32991452991452996,0.26531375557016584,0.17451923076923076,0.4666804839870805,0.29967948717948717,0.5258012820512821,0.5351652810035696,0.6452991452991453,0.21581196581196582
638626,2023-02-25 14:30:00+00:00,2,25,2023,122,FC Cologne,0,138,VfL Wolfsburg,2,RheinEnergieStadion,0,2022-2023,0.35294117647058826,0.058823529411764705,0.2,0.1,0.38235294117647056,0.29411764705882354,0.6,1.5,0,0,0,0.6470588235294117,0.6176470588235294,0.4901960784313726,0.4509803921568628,0.5817409766454352,0.2059447983014862,0.39384288747346075,2,3.1549893842887475,1.769532799830028,3.5973725842462545,0.33464960231155305,2,0.7940552016985138,0.4416135881104034,0.5583864118895966,0.16348195329087048,0.2616772823779193,0.36696676899220615,0.1590764331210191,0.43055371465864345,0.28938428874734606,0.5515392781316348,0.43204294158633416,0.4182590233545648,0.15286624203821655
638634,2023-02-25 14:30:00+00:00,2,25,2023,129,Hertha Berlin,2,3841,FC Augsburg,0,Olympiastadion Berlin,0,2022-2023,0.20588235294117646,-0.8529411764705882,0.2,-1.3,0.35294117647058826,-0.4117647058823529,0.3,-0.5,0,0,0,0.7941176470588236,0.6470588235294117,0.642156862745098,0.5686274509803921,0.8516949152542372,0.6419491525423728,0.746822033898305,2,3.152542372881356,1.7684525779600984,3.594655517371381,0.3340580487222923,2,0.35805084745762716,0.4427966101694915,0.5572033898305084,0.163135593220339,0.2614406779661017,0.20607682777937375,0.21202330508474576,0.2717260246605057,0.3246822033898305,0.46329449152542374,0.5977406503816116,0.7139830508474576,0.012711864406779662
638629,2023-02-25 14:30:00+00:00,2,25,2023,11420,RB Leipzig,2,125,Eintracht Frankfurt,1,Red Bull Arena,0,2022-2023,0.5588235294117647,1.1176470588235294,0.7,1.5,0.38235294117647056,0.23529411764705882,0.5,0.7,0,0,0,0.4411764705882353,0.6176470588235294,0.31372549019607854,0.4607843137254902,0.07889125799573561,0.31556503198294245,0.19722814498933902,3,3.159914712153518,1.770488365547624,3.602536803540424,0.056264798518582126,1,0.9211087420042644,0.7697228144989339,0.23027718550106613,0.4051172707889126,0.19605543710021323,0.4506546387768741,0.12958422174840087,0.670591383814706,0.2697228144989339,0.6006929637526652,0.18787559966518813,0.031982942430703626,0.6226012793176973
638630,2023-02-25 14:30:00+00:00,2,25,2023,7911,TSG Hoffenheim,0,124,Borussia Dortmund,1,PreZero Arena,0,2022-2023,0.2647058823529412,-0.5882352941176471,0.0,-1.6,0.6470588235294118,0.9411764705882353,0.8,1.3,0,0,0,0.7352941176470589,0.3529411764705882,0.5980392156862746,0.3431372549019608,0.8978723404255319,0.0574468085106383,0.4776595744680851,1,3.1595744680851063,1.768615226253719,3.601728274648536,0.6610829004104741,1,0.9425531914893617,0.7702127659574468,0.2297872340425532,0.05106382978723404,0.19595744680851063,0.45933069262109555,0.17164893617021276,0.5560849879121197,0.2977659574468085,0.5305851063829787,0.4353360484635086,0.4297872340425532,0.39148936170212767
638627,2023-02-25 14:30:00+00:00,2,25,2023,137,Werder Bremen,3,121,VfL Bochum,0,Weserstadion,0,2022-2023,0.38095238095238093,-0.47619047619047616,0.4,-1.2,0.3235294117647059,-0.9117647058823529,0.4,-1.0,0,0,0,0.6190476190476191,0.6764705882352942,0.5793650793650793,0.6519607843137254,0.6300211416490487,0.7082452431289641,0.6691331923890064,3,3.1501057082452433,1.767372903585294,3.5919489341415667,0.054545551633698786,3,0.36997885835095135,0.21987315010570824,0.7801268498942917,0.4080338266384778,0.3060253699788583,0.19777543367198708,0.20036997885835095,0.35917448148747083,0.31691331923890065,0.4827167019027484,0.5811636482187273,0.693446088794926,0.06765327695560254
638631,2023-02-25 17:30:00+00:00,2,25,2023,133,Schalke 04,2,134,VfB Stuttgart,1,VELTINS-Arena,0,2022-2023,0.09523809523809523,-1.2857142857142858,0.1,-1.2,0.20588235294117646,-0.4117647058823529,0.3,-0.3,0,0,0,0.9047619047619048,0.7941176470588236,0.7142857142857143,0.5686274509803921,0.9177215189873418,0.7215189873417721,0.8196202531645569,3,3.149789029535865,1.7655171183976321,3.591168309135273,0.05451702537681813,1,0.2784810126582279,0.7721518987341772,0.22784810126582278,0.40717299578059074,0.19556962025316454,0.19245233135715434,0.22294303797468354,0.45224579428131784,0.3319620253164557,0.4450949367088608,0.4525999331271411,0.47890295358649787,0.19198312236286919
638628,2023-02-26 14:30:00+00:00,2,26,2023,126,SC Freiburg,1,131,Bayer Leverkusen,1,Europa-Park Stadion,0,2022-2023,0.5294117647058824,0.17647058823529413,0.6,0.0,0.47058823529411764,0.38235294117647056,0.6,0.7,0,0,0,0.47058823529411764,0.5294117647058824,0.47058823529411764,0.4362745098039216,0.24210526315789474,0.22105263157894736,0.23157894736842105,2,3.1494736842105264,1.763667166532851,3.5903904758437393,0.33407509910052735,0,0.7789473684210526,1.0,0.0,0.16210526315789472,0.15,0.41605263157894734,0.13473684210526315,0.6032398891966758,0.2731578947368421,0.5921052631578947,0.1821313374522151,0.02736842105263158,0.5157894736842106
638632,2023-02-26 16:30:00+00:00,2,26,2023,132,Bayern Munich,3,598,1. FC Union Berlin,0,Allianz Arena,0,2022-2023,0.5588235294117647,1.5588235294117647,0.6,1.6,0.5882352941176471,0.4411764705882353,0.6,0.0,0,0,0,0.4411764705882353,0.4117647058823529,0.24019607843137258,0.42647058823529405,0.08823529411764706,0.21428571428571427,0.15126050420168066,3,3.1470588235294117,1.762597295472278,3.587708147397481,0.05407196990691643,3,0.9117647058823529,0.22058823529411764,0.7794117647058824,0.40756302521008403,0.3058823529411765,0.3858477508650519,0.12268907563025211,0.48964561949347213,0.26512605042016807,0.6121848739495799,0.3058757955311261,0.17016806722689076,0.2668067226890756
638635,2023-03-03 19:30:00+00:00,3,3,2023,124,Borussia Dortmund,2,11420,RB Leipzig,1,SIGNAL IDUNA PARK,0,2022-2023,0.6470588235294118,0.8823529411764706,0.8,1.3,0.5588235294117647,1.088235294117647,0.7,1.4,0,0,0,0.3529411764705882,0.4411764705882353,0.3529411764705882,0.31862745098039225,0.06079664570230608,0.08385744234800839,0.07232704402515723,3,3.146750524109015,1.7607577289530774,3.586939956347284,0.05404424053960977,1,0.939203354297694,0.7714884696016772,0.22851153039832284,0.40670859538784065,0.19570230607966457,0.4581293153839731,0.11084905660377359,0.6780354017212707,0.2572327044025157,0.6319182389937106,0.11047617032219936,0.006289308176100629,0.6352201257861635
638638,2023-03-04 14:30:00+00:00,3,4,2023,598,1. FC Union Berlin,0,122,FC Cologne,0,Stadion An der Alten Försterei,0,2022-2023,0.5882352941176471,0.4411764705882353,0.5,-0.4,0.35294117647058826,0.058823529411764705,0.2,-0.1,0,0,0,0.4117647058823529,0.6470588235294117,0.42647058823529405,0.4901960784313726,0.27615062761506276,0.6129707112970711,0.444560669456067,0,3.1464435146443517,1.7589239098670766,3.586174492111121,0.8748754881578857,0,0.7238493723849373,1.0,0.0,0.0,0.15,0.39263598326359833,0.16668410041841003,0.501213389121339,0.2944560669456067,0.5388598326359832,0.38538372166135143,0.33263598326359833,0.28870292887029286
638643,2023-03-04 14:30:00+00:00,3,4,2023,268,Borussia Mönchengladbach,0,126,SC Freiburg,0,BORUSSIA-PARK,0,2022-2023,0.38235294117647056,0.058823529411764705,0.4,-0.2,0.5294117647058824,0.17647058823529413,0.5,-0.2,0,0,0,0.6176470588235294,0.47058823529411764,0.4901960784313726,0.47058823529411764,0.4551148225469729,0.33194154488517746,0.3935281837160752,0,3.139874739039666,1.7629546759057035,3.580613408016092,0.8728694716532872,0,0.6680584551148225,1.0,0.0,0.0,0.15,0.36892484342379955,0.15902922755741128,0.4691336116910229,0.28935281837160753,0.5516179540709812,0.3558889694061986,0.26931106471816285,0.23173277661795408
638640,2023-03-04 14:30:00+00:00,3,4,2023,3841,FC Augsburg,2,137,Werder Bremen,1,WWK Arena,0,2022-2023,0.35294117647058826,-0.4411764705882353,0.3,-0.6,0.4090909090909091,-0.3181818181818182,0.4,-1.0,0,0,0,0.6470588235294117,0.5909090909090908,0.5735294117647058,0.553030303030303,0.65,0.5875,0.61875,3,3.1333333333333333,1.7669351563946165,3.5750671224319874,0.05158411973577148,1,0.4125,0.76875,0.23124999999999996,0.4083333333333333,0.19624999999999998,0.2461484375,0.1928125,0.49786704101562496,0.311875,0.49531249999999993,0.3885417662115534,0.3416666666666667,0.2875
638637,2023-03-04 14:30:00+00:00,3,4,2023,2950,Mainz,1,7911,TSG Hoffenheim,0,MEWA ARENA,0,2022-2023,0.38235294117647056,0.029411764705882353,0.4,0.4,0.23529411764705882,-0.6764705882352942,0.0,-1.7,0,0,0,0.6176470588235294,0.7647058823529411,0.4950980392156863,0.6127450980392157,0.38461538461538464,0.920997920997921,0.6528066528066528,1,3.133056133056133,1.7651041089954191,3.574332160304988,0.6547724387370354,1,0.6153846153846154,0.7692307692307693,0.23076923076923073,0.05405405405405406,0.19615384615384615,0.3277218934911243,0.19792099792099793,0.3985402699012167,0.3152806652806653,0.4867983367983368,0.5201354839263979,0.6195426195426196,0.11226611226611227
638642,2023-03-04 14:30:00+00:00,3,4,2023,121,VfL Bochum,0,133,Schalke 04,2,Vonovia Ruhrstadion,0,2022-2023,0.29411764705882354,-1.0588235294117647,0.4,-0.9,0.13636363636363635,-1.1818181818181819,0.2,-0.9,0,0,0,0.7058823529411764,0.8636363636363636,0.6764705882352942,0.696969696969697,0.6991701244813278,0.8879668049792531,0.7935684647302904,2,3.128630705394191,1.765943056242464,3.570116469454807,0.3264935533897201,2,0.30082987551867224,0.43983402489626555,0.5601659751037344,0.16597510373443983,0.2620331950207469,0.1847979115373358,0.21903526970954357,0.25192008713542924,0.32935684647302904,0.4516078838174274,0.6143898776078911,0.7385892116182573,0.004149377593360996
638641,2023-03-04 17:30:00+00:00,3,4,2023,134,VfB Stuttgart,1,132,Bayern Munich,2,MHPArena,0,2022-2023,0.20588235294117646,-0.38235294117647056,0.2,-0.5,0.5882352941176471,1.7058823529411764,0.6,1.5,0,0,0,0.7941176470588236,0.4117647058823529,0.5637254901960784,0.21568627450980393,0.7536231884057971,0.07453416149068323,0.4140786749482402,3,3.1262939958592133,1.7648575379204814,3.5675083803393335,0.05038682433578279,1,0.9254658385093167,0.7701863354037267,0.22981366459627328,0.40993788819875776,0.19596273291925465,0.45245823849388533,0.16211180124223604,0.6739595320803944,0.291407867494824,0.54648033126294,0.3014236602277542,0.15942028985507245,0.6335403726708074
638636,2023-03-05 14:30:00+00:00,3,5,2023,131,Bayer Leverkusen,4,129,Hertha Berlin,1,BayArena,0,2022-2023,0.4411764705882353,0.3235294117647059,0.6,0.9,0.23529411764705882,-0.7647058823529411,0.3,-1.0,0,0,0,0.5588235294117647,0.7647058823529411,0.446078431372549,0.6274509803921569,0.2024793388429752,0.7851239669421488,0.493801652892562,5,3.12603305785124,1.76303896269994,3.566792798526225,0.28137695950950936,3,0.7975206611570248,0.2190082644628099,0.78099173553719,0.7830578512396694,0.306198347107438,0.34604074175261257,0.17407024793388431,0.5923022023373736,0.2993801652892562,0.5265495867768595,0.5428038482596785,0.6632231404958677,0.4834710743801653
638639,2023-03-05 16:30:00+00:00,3,5,2023,138,VfL Wolfsburg,2,125,Eintracht Frankfurt,2,Volkswagen Arena,0,2022-2023,0.38235294117647056,0.29411764705882354,0.6,1.3,0.38235294117647056,0.2647058823529412,0.5,0.7,0,0,0,0.6176470588235294,0.6176470588235294,0.4509803921568628,0.4558823529411765,0.2,0.3154639175257732,0.25773195876288657,4,3.129896907216495,1.7632711048928116,3.570714683439698,0.029201445156922246,0,0.8,1.0,0.0,0.6144329896907217,0.15,0.425,0.138659793814433,0.8061340206185567,0.2757731958762887,0.5855670103092784,0.15496839891848002,0.020618556701030927,0.7422680412371134
638647,2023-03-10 19:30:00+00:00,3,10,2023,122,FC Cologne,0,121,VfL Bochum,2,RheinEnergieStadion,0,2022-2023,0.3235294117647059,0.029411764705882353,0.2,0.1,0.29411764705882354,-1.1176470588235294,0.4,-0.8,0,0,0,0.6764705882352942,0.7058823529411764,0.4950980392156863,0.6862745098039216,0.6008230452674898,0.7222222222222222,0.661522633744856,2,3.1316872427983538,1.761894491417821,3.572160865652809,0.328412519304737,2,0.39917695473251025,0.4403292181069959,0.5596707818930041,0.1646090534979424,0.26193415637860085,0.22111602228657556,0.1992283950617284,0.2870165448838716,0.3161522633744856,0.484619341563786,0.5629569467742767,0.6810699588477366,0.024691358024691357
638645,2023-03-11 14:30:00+00:00,3,11,2023,132,Bayern Munich,5,3841,FC Augsburg,3,Allianz Arena,0,2022-2023,0.5882352941176471,1.6470588235294117,0.6,1.5,0.38235294117647056,-0.38235294117647056,0.4,-0.4,0,0,0,0.4117647058823529,0.6176470588235294,0.22549019607843146,0.5637254901960784,0.07597535934291581,0.5482546201232033,0.3121149897330595,8,3.1293634496919918,1.760827820812159,3.5695704048950314,0.9578025259443661,2,0.9240246406570842,0.4414784394250513,0.5585215605749487,0.9917864476386037,0.26170431211498973,0.4149312726368117,0.14681724845995892,0.7457128883645581,0.28121149897330594,0.5719712525667351,0.4762054183078134,0.5379876796714579,0.702258726899384
638646,2023-03-11 14:30:00+00:00,3,11,2023,125,Eintracht Frankfurt,1,134,VfB Stuttgart,1,Deutsche Bank Park,0,2022-2023,0.38235294117647056,0.29411764705882354,0.4,0.6,0.20588235294117646,-0.4117647058823529,0.2,-0.4,0,0,0,0.6176470588235294,0.7941176470588236,0.4509803921568628,0.5686274509803921,0.36270491803278687,0.7684426229508197,0.5655737704918032,2,3.139344262295082,1.7727833949552385,3.5825401110338917,0.3286366263963326,0,0.6372950819672132,1.0,0.0,0.16393442622950818,0.15,0.3558504098360656,0.18483606557377047,0.5324528016662188,0.30655737704918035,0.5086065573770493,0.3483984293791287,0.2540983606557377,0.36475409836065575
638648,2023-03-11 14:30:00+00:00,3,11,2023,129,Hertha Berlin,1,2950,Mainz,1,Olympiastadion Berlin,0,2022-2023,0.23529411764705882,-0.7058823529411765,0.3,-1.2,0.38235294117647056,0.029411764705882353,0.5,0.8,0,0,0,0.7647058823529411,0.6176470588235294,0.6176470588235294,0.4950980392156863,0.7750511247443763,0.3312883435582822,0.5531697341513293,2,3.1370143149284253,1.771715409891532,3.5799431674013085,0.3280807165948736,0,0.6687116564417178,1.0,0.0,0.16359918200409,0.15,0.3692024539877301,0.18297546012269938,0.548167287691169,0.3053169734151329,0.5117075664621678,0.3430918585794329,0.24335378323108384,0.3803680981595092
638652,2023-03-11 14:30:00+00:00,3,11,2023,11420,RB Leipzig,3,268,Borussia Mönchengladbach,0,Red Bull Arena,0,2022-2023,0.5294117647058824,0.9117647058823529,0.6,1.1,0.38235294117647056,0.23529411764705882,0.3,-0.4,0,0,0,0.47058823529411764,0.6176470588235294,0.3480392156862745,0.4607843137254902,0.12857142857142856,0.5408163265306123,0.3346938775510204,3,3.1346938775510202,1.7706480992488258,3.5773559023632266,0.05177261420547985,3,0.8714285714285714,0.21836734693877552,0.7816326530612245,0.41020408163265304,0.3063265306122449,0.3716107871720116,0.15020408163265306,0.4802007794371393,0.28346938775510205,0.5663265306122449,0.4188914100737461,0.39591836734693875,0.2571428571428571
638644,2023-03-11 17:30:00+00:00,3,11,2023,133,Schalke 04,2,124,Borussia Dortmund,2,VELTINS-Arena,0,2022-2023,0.17391304347826086,-1.0434782608695652,0.3,-0.6,0.6470588235294118,0.7352941176470589,0.8,1.1,0,0,0,0.8260869565217391,0.3529411764705882,0.6739130434782609,0.37745098039215685,0.7841140529531568,0.06517311608961303,0.42464358452138495,4,3.134419551934827,1.7688508373634644,3.576632261275693,0.02823697278761572,0,0.9348268839103869,1.0,0.0,0.615071283095723,0.15,0.4823014256619145,0.16369653767820774,0.8486862921590668,0.2924643584521385,0.5438391038696537,0.235560081149954,0.06924643584521385,0.769857433808554
638651,2023-03-12 14:30:00+00:00,3,12,2023,126,SC Freiburg,2,7911,TSG Hoffenheim,1,Europa-Park Stadion,0,2022-2023,0.5,0.14705882352941177,0.4,-0.4,0.20588235294117646,-0.7352941176470589,0.0,-1.6,0,0,0,0.5,0.7941176470588236,0.47549019607843135,0.6225490196078431,0.3861788617886179,0.9227642276422764,0.6544715447154471,3,3.136178861788618,1.767479487812347,3.5780487337417046,0.052074954700426,1,0.6138211382113821,0.766260162601626,0.233739837398374,0.40853658536585363,0.1967479674796748,0.32685174168814857,0.19817073170731708,0.5658484781556123,0.3154471544715447,0.48638211382113816,0.40237555182505214,0.3617886178861789,0.42073170731707316
638650,2023-03-12 16:30:00+00:00,3,12,2023,137,Werder Bremen,2,131,Bayer Leverkusen,3,Weserstadion,0,2022-2023,0.391304347826087,-0.34782608695652173,0.3,-1.2,0.47058823529411764,0.4411764705882353,0.6,0.7,0,0,0,0.6086956521739131,0.5294117647058824,0.5579710144927537,0.42647058823529405,0.6754563894523327,0.21703853955375255,0.4462474645030426,5,3.135902636916836,1.7656930071162455,3.5773258886958974,0.27718463220058065,1,0.7829614604462475,0.7667342799188641,0.23326572008113589,0.7829614604462475,0.1966531440162272,0.39482949940135537,0.16693711967545638,0.7765544908819253,0.29462474645030423,0.5384381338742394,0.3552749097854472,0.2718052738336714,0.718052738336714
638649,2023-03-12 18:30:00+00:00,3,12,2023,138,VfL Wolfsburg,1,598,1. FC Union Berlin,1,Volkswagen Arena,0,2022-2023,0.38235294117647056,0.3235294117647059,0.5,1.0,0.5882352941176471,0.47058823529411764,0.5,0.1,0,0,0,0.6176470588235294,0.4117647058823529,0.446078431372549,0.42156862745098034,0.2732793522267207,0.24898785425101214,0.2611336032388664,2,3.139676113360324,1.7658941205480239,3.58114964349733,0.3302524166294031,0,0.7510121457489879,1.0,0.0,0.16194331983805668,0.15,0.40418016194331985,0.13917004048582998,0.5890295284302316,0.27611336032388667,0.5847165991902833,0.19865039461299194,0.044534412955465584,0.4716599190283401
638660,2023-03-17 19:30:00+00:00,3,17,2023,268,Borussia Mönchengladbach,2,137,Werder Bremen,2,BORUSSIA-PARK,0,2022-2023,0.38235294117647056,0.14705882352941177,0.3,-0.6,0.375,-0.375,0.3,-0.8,0,0,0,0.6176470588235294,0.625,0.47549019607843135,0.5625,0.5636363636363636,0.6727272727272727,0.6181818181818182,4,3.1373737373737374,1.7648494252034252,3.578586093674594,0.028105842410921955,0,0.4363636363636364,1.0,0.0,0.6141414141414141,0.15,0.2704545454545455,0.19272727272727275,0.691831955922865,0.3118181818181818,0.4954545454545454,0.3116977540910967,0.1919191919191919,0.6646464646464646
638659,2023-03-18 14:30:00+00:00,3,18,2023,3841,FC Augsburg,1,133,Schalke 04,1,WWK Arena,0,2022-2023,0.38235294117647056,-0.4411764705882353,0.4,-0.6,0.16666666666666666,-1.0,0.2,-0.7,0,0,0,0.6176470588235294,0.8333333333333334,0.5735294117647058,0.6666666666666667,0.5591182364729459,0.8557114228456913,0.7074148296593186,2,3.132264529058116,1.7637984641827251,3.5732141451037975,0.32819315993112874,0,0.4408817635270541,1.0,0.0,0.16432865731462926,0.15,0.272374749498998,0.2061122244488978,0.43342739587391216,0.32074148296593186,0.4731462925851704,0.4023553262153942,0.36472945891783565,0.15831663326653306
638658,2023-03-18 14:30:00+00:00,3,18,2023,7911,TSG Hoffenheim,3,129,Hertha Berlin,1,PreZero Arena,0,2022-2023,0.17647058823529413,-0.7941176470588235,0.0,-1.5,0.23529411764705882,-0.6176470588235294,0.3,-1.1,0,0,0,0.8235294117647058,0.7647058823529411,0.6323529411764706,0.6029411764705883,0.9196787148594378,0.7811244979919679,0.8504016064257028,4,3.1305220883534135,1.7651420587133169,3.5718076030317425,0.02899446500016245,2,0.21887550200803207,0.4357429718875502,0.5642570281124498,0.6144578313253012,0.26285140562249,0.15438674376219735,0.22756024096385544,0.4828872548143251,0.3350401606425703,0.4373995983935743,0.5676120739084023,0.6887550200803213,0.26104417670682734
638661,2023-03-18 14:30:00+00:00,3,18,2023,134,VfB Stuttgart,0,138,VfL Wolfsburg,1,MHPArena,0,2022-2023,0.20588235294117646,-0.38235294117647056,0.1,-0.5,0.38235294117647056,0.3235294117647059,0.4,0.8,0,0,0,0.7941176470588236,0.6176470588235294,0.5637254901960784,0.446078431372549,0.8064516129032258,0.36088709677419356,0.5836693548387096,1,3.1391129032258065,1.7634912627205597,3.5799857189059465,0.6570541932368879,1,0.6391129032258065,0.7641129032258065,0.2358870967741935,0.05241935483870968,0.1971774193548387,0.3368293932101977,0.18755040322580646,0.407821380716649,0.30836693548387095,0.5040826612903226,0.490188161735933,0.5725806451612904,0.12903225806451613
638657,2023-03-18 14:30:00+00:00,3,18,2023,121,VfL Bochum,1,11420,RB Leipzig,0,Vonovia Ruhrstadion,0,2022-2023,0.3235294117647059,-1.0294117647058822,0.4,-0.7,0.5294117647058824,0.9705882352941176,0.6,1.2,0,0,0,0.6764705882352942,0.47058823529411764,0.6715686274509804,0.3382352941176471,0.6740442655935613,0.14285714285714285,0.4084507042253521,1,3.134808853118712,1.7643237572067216,3.5758897924203925,0.6555412917851242,1,0.8571428571428572,0.7645875251509054,0.23541247484909456,0.052313883299798795,0.19708249496981892,0.42439925265881,0.16126760563380282,0.5132199867789664,0.2908450704225352,0.5478873239436619,0.39797109564703764,0.358148893360161,0.32193158953722334
638656,2023-03-18 17:30:00+00:00,3,18,2023,124,Borussia Dortmund,6,122,FC Cologne,1,SIGNAL IDUNA PARK,0,2022-2023,0.6470588235294118,0.7352941176470589,0.8,1.3,0.3235294117647059,-0.029411764705882353,0.2,0.0,0,0,0,0.3529411764705882,0.6764705882352942,0.37745098039215685,0.5049019607843137,0.062,0.626,0.344,7,3.13,1.7627576774073388,3.570689419351835,0.8492807894090142,5,0.938,0.046,0.954,0.95,0.3408,0.3750848,0.1516,0.6068337408,0.2844,0.5640000000000001,0.5940845676744065,0.718,0.546
638653,2023-03-19 14:30:00+00:00,3,19,2023,598,1. FC Union Berlin,2,125,Eintracht Frankfurt,0,Stadion An der Alten Försterei,0,2022-2023,0.5588235294117647,0.4117647058823529,0.5,0.1,0.38235294117647056,0.3235294117647059,0.3,0.4,0,0,0,0.4411764705882353,0.6176470588235294,0.43137254901960786,0.446078431372549,0.249500998003992,0.4590818363273453,0.35429141716566864,2,3.1377245508982035,1.769461503389109,3.580089926745481,0.328811138707521,2,0.750499001996008,0.437125748502994,0.562874251497006,0.16367265469061876,0.2625748502994012,0.350460934418588,0.1531437125748503,0.4135931217632146,0.28542914171656686,0.5614271457085829,0.40992489210514943,0.37924151696606784,0.13972055888223553
638655,2023-03-19 16:30:00+00:00,3,19,2023,131,Bayer Leverkusen,2,132,Bayern Munich,1,BayArena,0,2022-2023,0.47058823529411764,0.38235294117647056,0.6,0.7,0.5882352941176471,1.6764705882352942,0.6,1.2,0,0,0,0.5294117647058824,0.4117647058823529,0.4362745098039216,0.22058823529411764,0.19721115537848605,0.08565737051792828,0.14143426294820716,3,3.135458167330677,1.768423886729851,3.57756413901314,0.05193594177103378,1,0.9143426294820717,0.7649402390438247,0.2350597609561753,0.4103585657370518,0.19701195219123507,0.44740190631894733,0.12121513944223108,0.6682899665919425,0.26414342629482074,0.6146414342629483,0.15531627129925413,0.021912350597609563,0.6314741035856574
638654,2023-03-19 18:30:00+00:00,3,19,2023,2950,Mainz,1,126,SC Freiburg,1,MEWA ARENA,0,2022-2023,0.38235294117647056,0.08823529411764706,0.5,0.9,0.5,0.08823529411764706,0.5,-0.1,0,0,0,0.6176470588235294,0.5,0.48529411764705876,0.48529411764705876,0.2922465208747515,0.3518886679920477,0.3220675944333996,2,3.1351888667992047,1.7666719545335983,3.576856855432604,0.328559399239423,0,0.7077534791252484,1.0,0.0,0.16302186878727634,0.15,0.38579522862823057,0.14831013916500996,0.567633779826014,0.28220675944333995,0.5694831013916501,0.23214074276085148,0.07157057654075547,0.4254473161033797
638663,2023-03-31 18:30:00+00:00,3,31,2023,125,Eintracht Frankfurt,1,121,VfL Bochum,1,Deutsche Bank Park,0,2022-2023,0.35294117647058826,0.17647058823529413,0.3,0.2,0.3235294117647059,-1.0294117647058822,0.4,-0.7,0,0,0,0.6470588235294117,0.6764705882352942,0.47058823529411764,0.6715686274509804,0.4861111111111111,0.6904761904761905,0.5882936507936508,2,3.132936507936508,1.7656391528925561,3.574346296159647,0.3280202042564957,0,0.5138888888888888,1.0,0.0,0.1626984126984127,0.15000000000000002,0.3034027777777778,0.18824404761904762,0.46941661155202824,0.3088293650793651,0.5029265873015872,0.357616369074912,0.28174603174603174,0.23412698412698413
638668,2023-04-01 13:30:00+00:00,4,1,2023,133,Schalke 04,0,131,Bayer Leverkusen,3,VELTINS-Arena,0,2022-2023,0.16,-0.96,0.2,-0.5,0.5,0.4117647058823529,0.6,0.6,0,0,0,0.84,0.5,0.6599999999999999,0.43137254901960786,0.8192534381139489,0.20235756385068762,0.5108055009823183,3,3.1296660117878194,1.7588035276466245,3.569366893699476,0.0510494702034473,3,0.7976424361493124,0.2180746561886051,0.7819253438113949,0.4106090373280943,0.306385068762279,0.34598984487476886,0.17662082514734773,0.4625753511757203,0.3010805500982318,0.5222986247544203,0.5112319228812091,0.618860510805501,0.21021611001964635
638664,2023-04-01 13:30:00+00:00,4,1,2023,138,VfL Wolfsburg,2,3841,FC Augsburg,2,Volkswagen Arena,0,2022-2023,0.38235294117647056,0.3235294117647059,0.4,0.8,0.35294117647058826,-0.47058823529411764,0.4,-0.5,0,0,0,0.6176470588235294,0.6470588235294117,0.446078431372549,0.5784313725490196,0.3431952662721893,0.5798816568047337,0.4615384615384615,4,3.128205128205128,1.7618411737371857,3.5686654216394245,0.029523899517103214,0,0.6568047337278107,1.0,0.0,0.6173570019723866,0.15,0.3641420118343195,0.16923076923076924,0.7626105528517909,0.29615384615384616,0.5346153846153845,0.2517419143561488,0.08481262327416174,0.7159763313609467
638667,2023-04-01 13:30:00+00:00,4,1,2023,11420,RB Leipzig,0,2950,Mainz,3,Red Bull Arena,0,2022-2023,0.5294117647058824,0.9411764705882353,0.5,1.0,0.38235294117647056,0.11764705882352941,0.5,0.9,0,0,0,0.47058823529411764,0.6176470588235294,0.3431372549019608,0.48039215686274506,0.16141732283464566,0.30708661417322836,0.234251968503937,3,3.12992125984252,1.7605277566552133,3.570053199006323,0.051071830293240805,3,0.8385826771653544,0.21653543307086615,0.7834645669291338,0.41141732283464566,0.30669291338582677,0.36002836505673014,0.13513779527559056,0.47226290170100027,0.2734251968503937,0.5914370078740158,0.35966597132499123,0.2854330708661417,0.23622047244094488
638666,2023-04-01 13:30:00+00:00,4,1,2023,126,SC Freiburg,1,129,Hertha Berlin,1,Europa-Park Stadion,0,2022-2023,0.5,0.08823529411764706,0.4,-0.4,0.23529411764705882,-0.5882352941176471,0.2,-1.5,0,0,0,0.5,0.7647058823529411,0.48529411764705876,0.5980392156862746,0.3920792079207921,0.8534653465346534,0.6227722772277228,2,3.130693069306931,1.7646069852385438,3.5718448156165667,0.32748338015373735,0,0.6079207920792079,1.0,0.0,0.16237623762376238,0.15,0.3433663366336634,0.19341584158415842,0.5168197235565141,0.3122772277227723,0.49430693069306925,0.3711811264544289,0.31485148514851485,0.3287128712871287
638670,2023-04-01 13:30:00+00:00,4,1,2023,598,1. FC Union Berlin,3,134,VfB Stuttgart,0,Stadion An der Alten Försterei,0,2022-2023,0.5882352941176471,0.5,0.6,0.6,0.17647058823529413,-0.4411764705882353,0.1,-0.4,0,0,0,0.4117647058823529,0.8235294117647058,0.41666666666666663,0.5735294117647058,0.15612648221343872,0.8320158102766798,0.49407114624505927,3,3.1284584980237153,1.763575462276979,3.56935236359296,0.050778183703369506,3,0.8438735177865613,0.21541501976284586,0.7845849802371542,0.41304347826086957,0.30691699604743083,0.3617454967270228,0.1741106719367589,0.4737813349123274,0.2994071146245059,0.5264822134387352,0.5038710194661651,0.6027667984189723,0.2450592885375494
638662,2023-04-01 16:30:00+00:00,4,1,2023,132,Bayern Munich,4,124,Borussia Dortmund,2,Allianz Arena,0,2022-2023,0.5882352941176471,1.6470588235294117,0.5,0.9,0.6470588235294118,0.8529411764705882,0.9,2.0,0,0,0,0.4117647058823529,0.3529411764705882,0.22549019607843146,0.3578431372549019,0.11960784313725491,0.03725490196078431,0.0784313725490196,6,3.1294117647058823,1.7570843546429027,3.568682853366608,0.6160887877359891,2,0.9627450980392157,0.4372549019607843,0.5627450980392157,0.907843137254902,0.26254901960784316,0.4287337562475971,0.11176470588235295,0.7205005314697968,0.25784313725490193,0.6303921568627451,0.26339946581885887,0.09803921568627451,0.6980392156862745
638669,2023-04-02 13:30:00+00:00,4,2,2023,122,FC Cologne,0,268,Borussia Mönchengladbach,0,RheinEnergieStadion,0,2022-2023,0.3235294117647059,-0.14705882352941177,0.2,-0.3,0.38235294117647056,0.17647058823529413,0.2,-0.8,0,0,0,0.6764705882352942,0.6176470588235294,0.5245098039215685,0.47058823529411764,0.6614481409001957,0.6731898238747553,0.6673189823874754,0,3.1350293542074366,1.7599481802530026,3.5750163992706874,0.8729441716454471,0,0.33855185909980434,1.0,0.0,0.0,0.15,0.22888454011741688,0.2000978473581213,0.2796673189823875,0.31673189823874753,0.48317025440313116,0.49710293209826745,0.5949119373776908,0.01761252446183953
638665,2023-04-02 15:30:00+00:00,4,2,2023,137,Werder Bremen,1,7911,TSG Hoffenheim,2,Weserstadion,0,2022-2023,0.36,-0.36,0.3,-0.7,0.17647058823529413,-0.7647058823529411,0.1,-1.2,0,0,0,0.64,0.8235294117647058,0.56,0.6274509803921569,0.6484375,0.900390625,0.7744140625,3,3.12890625,1.7636757712310378,3.5698251928077593,0.05085473959845688,1,0.3515625,0.759765625,0.240234375,0.41015625,0.198046875,0.22116363525390625,0.216162109375,0.4758728212118149,0.32744140625,0.45639648437499997,0.4430954049384701,0.46484375,0.25390625
638678,2023-04-08 13:30:00+00:00,4,8,2023,131,Bayer Leverkusen,3,125,Eintracht Frankfurt,1,BayArena,0,2022-2023,0.5294117647058824,0.5294117647058824,0.6,0.8,0.3235294117647059,0.14705882352941177,0.2,-0.1,0,0,0,0.47058823529411764,0.6764705882352942,0.4117647058823529,0.47549019607843135,0.16374269005847952,0.621832358674464,0.39278752436647174,4,3.128654970760234,1.7619617817011346,3.569145416185518,0.029455231030850015,2,0.8362573099415205,0.43664717348927873,0.5633528265107213,0.6179337231968811,0.2626705653021443,0.382031508270351,0.15891812865497076,0.606023729131964,0.2892787524366472,0.5518031189083821,0.38438835404292415,0.3391812865497076,0.5458089668615984
638677,2023-04-08 13:30:00+00:00,4,8,2023,124,Borussia Dortmund,2,598,1. FC Union Berlin,1,SIGNAL IDUNA PARK,0,2022-2023,0.6176470588235294,0.7647058823529411,0.8,1.7,0.6176470588235294,0.5882352941176471,0.6,0.7,0,0,0,0.38235294117647056,0.38235294117647056,0.37254901960784315,0.4019607843137255,0.05642023346303502,0.15953307392996108,0.10797665369649805,3,3.130350194552529,1.7606631619683082,3.570515985044606,0.05114496550534642,1,0.943579766536965,0.7607003891050583,0.23929961089494167,0.4085603112840467,0.19785992217898835,0.4586555814622477,0.11619649805447471,0.6759302312137911,0.2607976653696498,0.6230058365758755,0.13562173119695492,0.013618677042801557,0.642023346303502
638679,2023-04-08 13:30:00+00:00,4,8,2023,3841,FC Augsburg,1,122,FC Cologne,3,WWK Arena,0,2022-2023,0.35294117647058826,-0.4411764705882353,0.4,-0.4,0.29411764705882354,-0.17647058823529413,0.1,-0.9,0,0,0,0.6470588235294117,0.7058823529411764,0.5735294117647058,0.5294117647058822,0.5611650485436893,0.8,0.6805825242718446,4,3.130097087378641,1.7589589992332728,3.5698368371869593,0.02946101325431172,2,0.4388349514563107,0.4368932038834951,0.5631067961165048,0.6174757281553398,0.26262135922330104,0.2355316240927515,0.2020873786407767,0.5280279493414184,0.31805825242718444,0.4798543689320389,0.5116349601339916,0.6233009708737864,0.36699029126213595
638671,2023-04-08 13:30:00+00:00,4,8,2023,2950,Mainz,2,137,Werder Bremen,2,MEWA ARENA,0,2022-2023,0.38235294117647056,0.08823529411764706,0.6,1.2,0.34615384615384615,-0.38461538461538464,0.3,-0.2,0,0,0,0.6176470588235294,0.6538461538461539,0.48529411764705876,0.5641025641025641,0.22674418604651161,0.6065891472868217,0.41666666666666663,4,3.131782945736434,1.757667673333996,3.571199864069933,0.02931976067743869,0,0.7732558139534884,1.0,0.0,0.6162790697674418,0.15,0.41363372093023254,0.1625,0.798545497566252,0.2916666666666667,0.5458333333333334,0.23219501666563935,0.07364341085271318,0.748062015503876
638673,2023-04-08 13:30:00+00:00,4,8,2023,126,SC Freiburg,0,132,Bayern Munich,1,Europa-Park Stadion,0,2022-2023,0.47058823529411764,0.058823529411764705,0.4,0.2,0.6176470588235294,1.7058823529411764,0.6,1.1,0,0,0,0.5294117647058824,0.38235294117647056,0.4901960784313726,0.21568627450980393,0.37524177949709864,0.08123791102514506,0.22823984526112184,1,3.133462282398453,1.756378796769447,3.5725569815908145,0.6579039853445919,1,0.9187620889748549,0.7601547388781431,0.2398452611218569,0.05222437137330754,0.1979690522243714,0.4486409092779725,0.13423597678916827,0.5413785458264145,0.2728239845261122,0.5929400386847195,0.28908246659371273,0.1528046421663443,0.379110251450677
638674,2023-04-08 16:30:00+00:00,4,8,2023,129,Hertha Berlin,0,11420,RB Leipzig,1,Olympiastadion Berlin,0,2022-2023,0.23529411764705882,-0.5294117647058824,0.2,-1.3,0.5,0.7058823529411765,0.5,0.7,0,0,0,0.7647058823529411,0.5,0.588235294117647,0.38235294117647056,0.8185328185328186,0.2277992277992278,0.5231660231660231,1,3.129343629343629,1.7571814388284446,3.5686389890507404,0.6564498797510651,1,0.7722007722007722,0.7606177606177607,0.23938223938223935,0.052123552123552123,0.19787644787644787,0.38991256838747185,0.17847490347490347,0.47086067115080543,0.3023166023166023,0.5192084942084942,0.46116129729873856,0.5135135135135135,0.2335907335907336
638676,2023-04-09 13:30:00+00:00,4,9,2023,268,Borussia Mönchengladbach,2,138,VfL Wolfsburg,0,BORUSSIA-PARK,0,2022-2023,0.35294117647058826,0.11764705882352941,0.2,-0.7,0.38235294117647056,0.35294117647058826,0.3,0.2,0,0,0,0.6470588235294117,0.6176470588235294,0.48039215686274506,0.4411764705882353,0.6608863198458574,0.47784200385356457,0.569364161849711,2,3.1252408477842004,1.7579710053866,3.56473359913085,0.32707444947296604,2,0.5221579961464354,0.43545279383429675,0.5645472061657033,0.16377649325626203,0.26290944123314064,0.2661479204487658,0.18540462427745663,0.33030445636346845,0.3069364161849711,0.5076589595375722,0.5229640296456364,0.6396917148362236,0.046242774566473986
638675,2023-04-09 15:30:00+00:00,4,9,2023,121,VfL Bochum,2,134,VfB Stuttgart,3,Vonovia Ruhrstadion,0,2022-2023,0.3235294117647059,-1.0,0.3,-0.9,0.17647058823529413,-0.5294117647058824,0.1,-0.7,0,0,0,0.6764705882352942,0.8235294117647058,0.6666666666666667,0.588235294117647,0.7307692307692307,0.8615384615384616,0.7961538461538462,5,3.123076923076923,1.7569696482141661,3.5623193351304647,0.2845082974073194,1,0.2692307692307693,0.7615384615384615,0.2384615384615385,0.7884615384615384,0.1976923076923077,0.1882337278106509,0.21942307692307694,0.680745778334092,0.32961538461538464,0.4509615384615384,0.5000630410568457,0.6019230769230769,0.6557692307692308
638672,2023-04-09 17:30:00+00:00,4,9,2023,7911,TSG Hoffenheim,2,133,Schalke 04,0,PreZero Arena,0,2022-2023,0.20588235294117646,-0.7352941176470589,0.2,-0.9,0.15384615384615385,-1.0384615384615385,0.2,-0.5,0,0,0,0.7941176470588236,0.8461538461538461,0.6225490196078431,0.6730769230769231,0.8157389635316699,0.8502879078694817,0.8330134357005758,2,3.126679462571977,1.7572044863002014,3.5659805841470273,0.32773213286957237,2,0.18426103646833014,0.43570057581573896,0.564299424184261,0.16314779270633398,0.2628598848368522,0.1416271123374877,0.22495201535508638,0.2072984811614753,0.3333013435700576,0.44174664107485606,0.6297866472330103,0.7658349328214972,0.0
638684,2023-04-14 18:30:00+00:00,4,14,2023,133,Schalke 04,5,129,Hertha Berlin,2,VELTINS-Arena,0,2022-2023,0.14814814814814814,-1.0740740740740742,0.2,-0.2,0.20588235294117646,-0.6470588235294118,0.2,-0.9,0,0,0,0.8518518518518519,0.7941176470588236,0.6790123456790124,0.607843137254902,0.814176245210728,0.8295019157088123,0.8218390804597702,7,3.124521072796935,1.7562097832599721,3.563573518611928,0.8525688575566539,3,0.18582375478927204,0.21455938697318008,0.7854406130268199,0.9501915708812261,0.30708812260536406,0.13367093113724113,0.22327586206896552,0.6171306542600752,0.332183908045977,0.4445402298850574,0.8166093127735023,0.7931034482758621,0.5747126436781609
638680,2023-04-15 13:30:00+00:00,4,15,2023,132,Bayern Munich,1,7911,TSG Hoffenheim,1,Allianz Arena,0,2022-2023,0.6176470588235294,1.6176470588235294,0.7,1.2,0.23529411764705882,-0.5882352941176471,0.3,-0.7,0,0,0,0.38235294117647056,0.7647058823529411,0.23039215686274517,0.5980392156862746,0.06118546845124283,0.7380497131931166,0.39961759082217974,2,3.1319311663479925,1.7626916620997535,3.5726040818729308,0.3283213711903399,0,0.9388145315487572,1.0,0.0,0.16252390057361377,0.15,0.4839961759082218,0.15994263862332697,0.68430272475679,0.289961759082218,0.5500956022944551,0.2723404657353978,0.12045889101338432,0.6596558317399618
638683,2023-04-15 13:30:00+00:00,4,15,2023,122,FC Cologne,1,2950,Mainz,1,RheinEnergieStadion,0,2022-2023,0.3235294117647059,-0.11764705882352941,0.2,-0.7,0.38235294117647056,0.08823529411764706,0.6,1.3,0,0,0,0.6764705882352942,0.6176470588235294,0.5196078431372548,0.48529411764705876,0.6946564885496184,0.23473282442748092,0.46469465648854963,2,3.1297709923664123,1.7616997986958005,3.5701959420403626,0.32780329041119927,0,0.7652671755725191,1.0,0.0,0.16221374045801526,0.15,0.41023854961832057,0.16970419847328244,0.5963639757298526,0.29646946564885496,0.5338263358778625,0.30369584043144165,0.17748091603053434,0.5019083969465649
638688,2023-04-15 13:30:00+00:00,4,15,2023,11420,RB Leipzig,3,3841,FC Augsburg,2,Red Bull Arena,0,2022-2023,0.5294117647058824,0.7352941176470589,0.5,0.3,0.3235294117647059,-0.5882352941176471,0.3,-0.7,0,0,0,0.47058823529411764,0.6764705882352942,0.37745098039215685,0.5980392156862746,0.22285714285714286,0.700952380952381,0.46190476190476193,5,3.1276190476190475,1.7607085253064674,3.5677961789456645,0.28167263890721483,1,0.7771428571428571,0.76,0.24,0.7866666666666666,0.198,0.3918342857142857,0.1692857142857143,0.7743320380952382,0.2961904761904762,0.5345238095238095,0.3656679611283858,0.31047619047619046,0.7257142857142858
638686,2023-04-15 13:30:00+00:00,4,15,2023,134,VfB Stuttgart,3,124,Borussia Dortmund,3,MHPArena,0,2022-2023,0.17647058823529413,-0.5294117647058824,0.2,-0.6,0.6470588235294118,0.7941176470588235,0.8,1.7,0,0,0,0.8235294117647058,0.3529411764705882,0.588235294117647,0.36764705882352944,0.7908745247148289,0.049429657794676805,0.42015209125475284,6,3.1311787072243344,1.7609243618062913,3.571409797675907,0.6136595352422485,0,0.9505703422053232,1.0,0.0,0.9068441064638784,0.15,0.48899239543726236,0.16302281368821292,0.9589555653544217,0.2920152091254753,0.5449619771863118,0.3290074184509462,0.2224334600760456,0.7946768060836502
638681,2023-04-15 16:30:00+00:00,4,15,2023,125,Eintracht Frankfurt,1,268,Borussia Mönchengladbach,1,Deutsche Bank Park,0,2022-2023,0.3235294117647059,0.08823529411764706,0.2,-0.3,0.35294117647058826,0.11764705882352941,0.3,-0.4,0,0,0,0.6764705882352942,0.6470588235294117,0.48529411764705876,0.48039215686274506,0.6413662239089184,0.5654648956356736,0.603415559772296,2,3.1366223908918407,1.7636826252950544,3.5775430472156042,0.32969945008750867,0,0.4345351043643264,1.0,0.0,0.16129032258064516,0.15,0.2696774193548387,0.19051233396584438,0.42845810124257816,0.3103415559772296,0.49914611005692605,0.3640043411515908,0.3092979127134725,0.1555977229601518
638687,2023-04-16 13:30:00+00:00,4,16,2023,137,Werder Bremen,1,126,SC Freiburg,2,Weserstadion,0,2022-2023,0.3333333333333333,-0.37037037037037035,0.3,-0.1,0.47058823529411764,0.029411764705882353,0.4,0.1,0,0,0,0.6666666666666667,0.5294117647058824,0.5617283950617284,0.4950980392156863,0.5984848484848485,0.3958333333333333,0.49715909090909094,3,3.134469696969697,1.7627026921360456,3.575145370003708,0.051839328518925476,1,0.6041666666666667,0.7575757575757576,0.24242424242424243,0.4109848484848485,0.1984848484848485,0.32227588383838385,0.17457386363636362,0.5610264039543159,0.2997159090909091,0.5257102272727272,0.343069812744241,0.25,0.42424242424242425
638682,2023-04-16 15:30:00+00:00,4,16,2023,598,1. FC Union Berlin,1,121,VfL Bochum,1,Stadion An der Alten Försterei,0,2022-2023,0.6176470588235294,0.6764705882352942,0.5,0.5,0.3235294117647059,-0.9705882352941176,0.3,-0.8,0,0,0,0.38235294117647056,0.6764705882352942,0.38725490196078427,0.661764705882353,0.17391304347826086,0.7372400756143668,0.4555765595463138,2,3.1342155009451798,1.7610423799776782,3.574476095939599,0.32945931765862047,0,0.8260869565217391,1.0,0.0,0.16068052930056712,0.15,0.4360869565217391,0.16833648393194706,0.6265077669104956,0.2955576559546314,0.5361058601134217,0.2996972864363606,0.16257088846880907,0.5841209829867675
638685,2023-04-16 17:30:00+00:00,4,16,2023,138,VfL Wolfsburg,0,131,Bayer Leverkusen,0,Volkswagen Arena,0,2022-2023,0.38235294117647056,0.35294117647058826,0.2,-0.5,0.5294117647058824,0.5294117647058824,0.6,0.8,0,0,0,0.6176470588235294,0.47058823529411764,0.4411764705882353,0.4117647058823529,0.5924528301886792,0.17358490566037735,0.3830188679245283,0,3.1320754716981134,1.7600667611613625,3.5720921619884543,0.872479406394355,0,0.8264150943396227,1.0,0.0,0.0,0.15,0.4362264150943396,0.15745283018867923,0.560188679245283,0.28830188679245283,0.5542452830188679,0.34966075267252655,0.269811320754717,0.4207547169811321
638695,2023-04-21 18:30:00+00:00,4,21,2023,3841,FC Augsburg,1,134,VfB Stuttgart,1,WWK Arena,0,2022-2023,0.29411764705882354,-0.6470588235294118,0.3,-0.6,0.17647058823529413,-0.5294117647058824,0.2,-0.5,0,0,0,0.7058823529411764,0.8235294117647058,0.607843137254902,0.588235294117647,0.696798493408663,0.8041431261770244,0.7504708097928436,2,3.1261770244821094,1.7636508764169345,3.567089743586343,0.32615786823497683,0,0.30320150659133704,1.0,0.0,0.16195856873822975,0.15,0.21386064030131827,0.21257062146892655,0.3623690865048712,0.32504708097928436,0.46238229755178906,0.416335998025256,0.4124293785310734,0.07156308851224105
638694,2023-04-22 13:30:00+00:00,4,22,2023,129,Hertha Berlin,2,137,Werder Bremen,4,Olympiastadion Berlin,0,2022-2023,0.20588235294117646,-0.7058823529411765,0.2,-1.0,0.32142857142857145,-0.39285714285714285,0.2,-0.3,0,0,0,0.7941176470588236,0.6785714285714286,0.6176470588235294,0.5654761904761905,0.8261682242990654,0.702803738317757,0.7644859813084113,6,3.1327102803738316,1.76290191586742,3.5734357593406867,0.6122216154023863,2,0.297196261682243,0.4336448598130841,0.5663551401869159,0.9046728971962616,0.26327102803738317,0.18314944536640757,0.2146728971962617,0.6584733750570388,0.32644859813084115,0.45887850467289715,0.6671194134090166,0.7775700934579439,0.6299065420560748
638689,2023-04-22 13:30:00+00:00,4,22,2023,2950,Mainz,3,132,Bayern Munich,1,MEWA ARENA,0,2022-2023,0.38235294117647056,0.11764705882352941,0.5,1.0,0.5882352941176471,1.5294117647058822,0.7,1.2,0,0,0,0.6176470588235294,0.4117647058823529,0.48039215686274506,0.2450980392156863,0.28277153558052437,0.06741573033707865,0.1750936329588015,4,3.1310861423220975,1.7641542148800078,3.5721246960420996,0.028984123535664263,2,0.9325842696629214,0.43258426966292135,0.5674157303370786,0.6161048689138576,0.26348314606741574,0.41708370155283425,0.12626404494382024,0.6229484062419766,0.26750936329588015,0.6062265917602996,0.26159508977084617,0.09550561797752809,0.5805243445692884
638692,2023-04-22 13:30:00+00:00,4,22,2023,7911,TSG Hoffenheim,1,122,FC Cologne,3,PreZero Arena,0,2022-2023,0.23529411764705882,-0.5588235294117647,0.3,-0.4,0.3235294117647059,-0.08823529411764706,0.2,-0.7,0,0,0,0.7647058823529411,0.6764705882352942,0.5931372549019607,0.5147058823529411,0.7030075187969925,0.7161654135338346,0.7095864661654135,4,3.1240601503759398,1.762665776726522,3.56472659455757,0.030029657275880917,2,0.2969924812030075,0.43045112781954886,0.5695488721804511,0.618421052631579,0.2639097744360902,0.1829156537961445,0.20643796992481203,0.49921026915754535,0.3209586466165414,0.4726033834586466,0.5243538614488247,0.6447368421052632,0.29699248120300753
638691,2023-04-22 13:30:00+00:00,4,22,2023,121,VfL Bochum,1,138,VfL Wolfsburg,5,Vonovia Ruhrstadion,0,2022-2023,0.29411764705882354,-1.0,0.3,-0.5,0.38235294117647056,0.4411764705882353,0.2,-0.4,0,0,0,0.7058823529411764,0.6176470588235294,0.6666666666666667,0.42647058823529405,0.7166979362101313,0.5797373358348968,0.648217636022514,6,3.125703564727955,1.76141703312774,3.5660578230098903,0.6150717271642714,4,0.42026266416510316,0.09193245778611632,0.9080675422138836,0.9061913696060038,0.3316135084427767,0.2072875929726248,0.1972326454033771,0.5762650768540369,0.3148217636022514,0.48794559099437157,0.7234865864731501,0.7898686679174484,0.4634146341463415
638697,2023-04-22 16:30:00+00:00,4,22,2023,124,Borussia Dortmund,4,125,Eintracht Frankfurt,0,SIGNAL IDUNA PARK,0,2022-2023,0.6470588235294118,0.8823529411764706,0.7,1.5,0.3235294117647059,0.08823529411764706,0.2,-0.3,0,0,0,0.3529411764705882,0.6764705882352942,0.3529411764705882,0.48529411764705876,0.0708955223880597,0.6604477611940298,0.3656716417910448,4,3.138059701492537,1.7656025854894444,3.5794603478648983,0.027967455603893243,4,0.9291044776119403,0.09328358208955224,0.9067164179104478,0.6138059701492538,0.33134328358208953,0.37749164624638004,0.15485074626865672,0.5217851597437184,0.2865671641791045,0.5585820895522389,0.4684235637283708,0.5335820895522388,0.35261194029850745
638693,2023-04-23 13:30:00+00:00,4,23,2023,126,SC Freiburg,4,133,Schalke 04,0,Europa-Park Stadion,0,2022-2023,0.5,0.14705882352941177,0.4,0.0,0.17857142857142858,-0.9285714285714286,0.3,0.1,0,0,0,0.5,0.8214285714285714,0.47549019607843135,0.6547619047619049,0.3687150837988827,0.7299813780260708,0.5493482309124768,4,3.1396648044692737,1.764346915061793,3.580751533234722,0.027837413486083817,4,0.6312849162011174,0.09497206703910614,0.9050279329608939,0.6126629422718808,0.3310055865921788,0.27806248244436815,0.1824022346368715,0.474876509769809,0.3049348230912477,0.5126629422718809,0.5626826194478831,0.6983240223463687,0.24953445065176907
638690,2023-04-23 15:30:00+00:00,4,23,2023,131,Bayer Leverkusen,2,11420,RB Leipzig,0,BayArena,0,2022-2023,0.5,0.5,0.6,1.0,0.5294117647058824,0.6764705882352942,0.5,0.3,0,0,0,0.5,0.47058823529411764,0.41666666666666663,0.38725490196078427,0.16356877323420074,0.24535315985130113,0.20446096654275092,2,3.141263940520446,1.7630935761151847,3.5820373345492422,0.33140748475204584,2,0.8364312267657993,0.4368029739776952,0.5631970260223048,0.15985130111524162,0.26263940520446094,0.38211177291635,0.13066914498141263,0.4433743450910036,0.2704460966542751,0.5988847583643123,0.31806772655090804,0.20817843866171004,0.1821561338289963
638696,2023-04-23 17:30:00+00:00,4,23,2023,268,Borussia Mönchengladbach,0,598,1. FC Union Berlin,1,BORUSSIA-PARK,0,2022-2023,0.35294117647058826,0.11764705882352941,0.2,-0.7,0.5882352941176471,0.6470588235294118,0.4,0.3,0,0,0,0.6470588235294117,0.4117647058823529,0.48039215686274506,0.3921568627450981,0.6549165120593692,0.2653061224489796,0.4601113172541744,1,3.1391465677179964,1.7621400512622027,3.579681580533547,0.6575302752944917,1,0.7346938775510203,0.7569573283858998,0.2430426716141002,0.05194805194805195,0.19860853432282005,0.3745278482450493,0.16901669758812615,0.4515928069831475,0.29601113172541743,0.5349721706864563,0.4292236821254157,0.43413729128014844,0.19109461966604824
638706,2023-04-28 18:30:00+00:00,4,28,2023,121,VfL Bochum,1,124,Borussia Dortmund,1,Vonovia Ruhrstadion,0,2022-2023,0.29411764705882354,-1.1176470588235294,0.2,-1.2,0.6470588235294118,0.9411764705882353,0.7,1.5,0,0,0,0.7058823529411764,0.3529411764705882,0.6862745098039216,0.3431372549019608,0.8351851851851851,0.06296296296296296,0.44907407407407407,2,3.1351851851851853,1.7629097013158304,3.575912610514143,0.3293800901935501,0,0.937037037037037,1.0,0.0,0.16111111111111112,0.15,0.48324074074074075,0.16736111111111113,0.6828852880658436,0.2949074074074074,0.5377314814814815,0.296606685019447,0.16111111111111112,0.6648148148148149
638705,2023-04-29 13:30:00+00:00,4,29,2023,598,1. FC Union Berlin,0,131,Bayer Leverkusen,0,Stadion An der Alten Försterei,0,2022-2023,0.5882352941176471,0.5882352941176471,0.4,0.3,0.5294117647058824,0.5588235294117647,0.7,1.3,0,0,0,0.4117647058823529,0.47058823529411764,0.4019607843137255,0.4068627450980392,0.25735294117647056,0.1213235294117647,0.18933823529411764,0,3.1231617647058822,1.7624841008724548,3.5637827899239958,0.8705276350723451,0,0.8786764705882353,1.0,0.0,0.0,0.15,0.45843749999999994,0.12840073529411766,0.5902389705882353,0.26893382352941175,0.6026654411764706,0.22588399954224225,0.06066176470588235,0.49080882352941174
638704,2023-04-29 13:30:00+00:00,4,29,2023,125,Eintracht Frankfurt,1,3841,FC Augsburg,1,Deutsche Bank Park,0,2022-2023,0.3235294117647059,0.0,0.1,-1.0,0.29411764705882354,-0.6176470588235294,0.2,-0.7,0,0,0,0.6764705882352942,0.7058823529411764,0.5,0.6029411764705883,0.7597042513863216,0.767097966728281,0.7634011090573013,2,3.133086876155268,1.7619526966980463,3.5735750503297794,0.3288758804896238,0,0.24029574861367842,1.0,0.0,0.16081330868761554,0.15,0.18712569316081332,0.2145101663585952,0.32976906597968436,0.3263401109057301,0.45914972273567467,0.4210626273949251,0.4195933456561922,0.04436229205175601
638698,2023-04-29 13:30:00+00:00,4,29,2023,122,FC Cologne,0,126,SC Freiburg,1,RheinEnergieStadion,0,2022-2023,0.3235294117647059,-0.058823529411764705,0.3,-0.5,0.5,0.23529411764705882,0.5,0.8,0,0,0,0.6764705882352942,0.5,0.5098039215686274,0.4607843137254902,0.5996309963099631,0.2564575645756458,0.4280442804428044,1,3.1309963099630997,1.760996221786739,3.5712453654097844,0.6556023263564771,1,0.7435424354243543,0.7546125461254612,0.24538745387453875,0.05166051660516605,0.19907749077490774,0.37785218747021415,0.16420664206642066,0.4550105949570886,0.2928044280442804,0.5429889298892989,0.4119280954057806,0.3966789667896679,0.2011070110701107
638700,2023-04-29 13:30:00+00:00,4,29,2023,11420,RB Leipzig,1,7911,TSG Hoffenheim,0,Red Bull Arena,0,2022-2023,0.5,0.5294117647058824,0.5,0.1,0.23529411764705882,-0.5294117647058824,0.3,-0.3,0,0,0,0.5,0.7647058823529411,0.4117647058823529,0.588235294117647,0.27440147329650094,0.712707182320442,0.4935543278084714,1,3.1270718232044197,1.7617460540720813,3.56750833672244,0.6542216948605855,1,0.725598526703499,0.7550644567219152,0.24493554327808476,0.05156537753222836,0.19898710865561695,0.3707081760494354,0.17403314917127072,0.4464821455227258,0.29935543278084714,0.526611418047882,0.44709039182506516,0.4861878453038674,0.1860036832412523
638701,2023-04-29 13:30:00+00:00,4,29,2023,134,VfB Stuttgart,2,268,Borussia Mönchengladbach,1,MHPArena,0,2022-2023,0.17647058823529413,-0.47058823529411764,0.2,-0.3,0.3235294117647059,0.029411764705882353,0.2,-0.8,0,0,0,0.8235294117647058,0.6764705882352942,0.5784313725490196,0.4950980392156863,0.7669724770642202,0.7174311926605504,0.7422018348623853,3,3.1174311926605505,1.7659381378592556,3.558915727125364,0.04885186697810828,1,0.28256880733944956,0.7541284403669725,0.24587155963302754,0.41651376146788993,0.19917431192660554,0.19322674859018604,0.21133027522935782,0.4550715540733066,0.32422018348623854,0.4644495412844037,0.434755702414497,0.45688073394495415,0.2036697247706422
638699,2023-04-29 16:30:00+00:00,4,29,2023,133,Schalke 04,2,137,Werder Bremen,1,VELTINS-Arena,0,2022-2023,0.1724137931034483,-1.0344827586206897,0.3,-0.3,0.3448275862068966,-0.3103448275862069,0.2,-0.3,0,0,0,0.8275862068965517,0.6551724137931034,0.6724137931034483,0.5517241379310345,0.7619047619047619,0.6813186813186813,0.7216117216117216,3,3.1172161172161172,1.7643244248559917,3.5582972234301153,0.04883348093578155,1,0.31868131868131866,0.7545787545787546,0.24542124542124544,0.4157509157509158,0.1990842490842491,0.2077100189188101,0.20824175824175822,0.46680382472255433,0.3221611721611722,0.46959706959706965,0.42810111588505656,0.42857142857142855,0.2271062271062271
638703,2023-04-30 13:30:00+00:00,4,30,2023,132,Bayern Munich,2,129,Hertha Berlin,0,Allianz Arena,0,2022-2023,0.5588235294117647,1.4411764705882353,0.6,0.8,0.20588235294117646,-0.6764705882352942,0.2,-0.9,0,0,0,0.4411764705882353,0.7941176470588236,0.2598039215686274,0.6127450980392157,0.11517367458866545,0.8372943327239488,0.47623400365630714,2,3.117001828153565,1.7627151275449389,3.5576806100397995,0.3232459934372718,2,0.8848263254113345,0.43144424131627057,0.5685557586837294,0.16453382084095064,0.26371115173674586,0.39937276285138484,0.17143510054844607,0.4610797388676052,0.29762340036563073,0.5309414990859233,0.4774836034006843,0.5630712979890311,0.21206581352833637
638702,2023-04-30 15:30:00+00:00,4,30,2023,138,VfL Wolfsburg,3,2950,Mainz,0,Volkswagen Arena,0,2022-2023,0.38235294117647056,0.4411764705882353,0.3,0.2,0.4117647058823529,0.20588235294117646,0.6,1.3,0,0,0,0.6176470588235294,0.5882352941176471,0.42647058823529405,0.46568627450980393,0.42883211678832117,0.20985401459854014,0.31934306569343063,3,3.1149635036496353,1.7617494313876325,3.5554008614965436,0.04847846036770065,3,0.7901459854014599,0.2116788321167883,0.7883211678832117,0.41605839416058393,0.30766423357664235,0.34275673983696514,0.1479014598540146,0.46109929383480214,0.28193430656934304,0.5701642335766424,0.4115028111800561,0.39233576642335766,0.21350364963503649
638713,2023-05-05 18:30:00+00:00,5,5,2023,131,Bayer Leverkusen,1,122,FC Cologne,2,BayArena,0,2022-2023,0.5294117647058824,0.5882352941176471,0.6,1.1,0.29411764705882354,-0.14705882352941177,0.2,-0.9,0,0,0,0.47058823529411764,0.7058823529411764,0.4019607843137255,0.5245098039215685,0.1384335154826958,0.7449908925318761,0.44171220400728595,3,3.1147540983606556,1.7601481004186665,3.5547911234653222,0.04846058267405884,1,0.8615664845173042,0.75591985428051,0.24408014571949,0.41530054644808745,0.198816029143898,0.42525502569666324,0.1662568306010929,0.6488754407022423,0.29417122040072863,0.5395719489981785,0.31819377203885363,0.20947176684881602,0.6247723132969034
638714,2023-05-05 18:30:00+00:00,5,5,2023,2950,Mainz,2,133,Schalke 04,3,MEWA ARENA,0,2022-2023,0.4117647058823529,0.11764705882352941,0.5,0.8,0.2,-0.9666666666666667,0.4,-0.2,0,0,0,0.5882352941176471,0.8,0.48039215686274506,0.6611111111111112,0.28909090909090907,0.7,0.4945454545454545,5,3.1145454545454547,1.7585511280253174,3.554183236551784,0.28678795894496867,1,0.7109090909090909,0.7563636363636363,0.24363636363636365,0.7890909090909091,0.19872727272727272,0.36494330578512396,0.17418181818181816,0.7616104504883546,0.2994545454545455,0.5263636363636364,0.3832220084522658,0.34545454545454546,0.730909090909091
638715,2023-05-06 13:30:00+00:00,5,6,2023,268,Borussia Mönchengladbach,2,121,VfL Bochum,0,BORUSSIA-PARK,0,2022-2023,0.3235294117647059,0.058823529411764705,0.2,-0.6,0.29411764705882354,-1.0294117647058822,0.2,-0.9,0,0,0,0.6764705882352942,0.7058823529411764,0.4901960784313726,0.6715686274509804,0.6787658802177858,0.8239564428312159,0.7513611615245008,2,3.117967332123412,1.7587868357127083,3.557664041051589,0.32442100243671457,2,0.32123411978221417,0.4319419237749546,0.5680580762250453,0.16333938294010888,0.2636116152450091,0.19191537577280707,0.21270417422867513,0.25651122711559204,0.3251361161524501,0.46215970961887476,0.6009507543076478,0.7477313974591652,0.009074410163339383
638710,2023-05-06 13:30:00+00:00,5,6,2023,3841,FC Augsburg,1,598,1. FC Union Berlin,0,WWK Arena,0,2022-2023,0.29411764705882354,-0.5882352941176471,0.2,-0.5,0.5588235294117647,0.5294117647058824,0.3,0.2,0,0,0,0.7058823529411764,0.4411764705882353,0.5980392156862746,0.4117647058823529,0.7282608695652174,0.35688405797101447,0.542572463768116,1,3.1159420289855073,1.7578342712346087,3.5554005967941595,0.6523824419792129,1,0.6431159420289856,0.7572463768115942,0.24275362318840576,0.05253623188405797,0.19855072463768114,0.3378573303927746,0.1813858695652174,0.4078877495555677,0.3042572463768116,0.514356884057971,0.47126838730620246,0.5507246376811594,0.1286231884057971
638709,2023-05-06 13:30:00+00:00,5,6,2023,129,Hertha Berlin,2,134,VfB Stuttgart,1,Olympiastadion Berlin,0,2022-2023,0.17647058823529413,-0.7647058823529411,0.1,-1.4,0.20588235294117646,-0.4411764705882353,0.3,-0.1,0,0,0,0.8235294117647058,0.7941176470588236,0.6274509803921569,0.5735294117647058,0.9077757685352622,0.6925858951175407,0.8001808318264014,3,3.112115732368897,1.7585447832505414,3.551751928181532,0.04802932498436552,1,0.30741410488245935,0.7576853526220615,0.2423146473779385,0.4159132007233273,0.1984629294755877,0.2033556075851267,0.22002712477396022,0.4638814359223394,0.33001808318264014,0.4499547920433996,0.4505811695174517,0.5063291139240507,0.2224231464737794
638708,2023-05-06 13:30:00+00:00,5,6,2023,126,SC Freiburg,0,11420,RB Leipzig,1,Europa-Park Stadion,0,2022-2023,0.5,0.17647058823529413,0.5,0.8,0.5,0.5294117647058824,0.6,0.3,0,0,0,0.5,0.5,0.47058823529411764,0.4117647058823529,0.24548736462093862,0.22202166064981949,0.23375451263537905,1,3.111913357400722,1.7569605164869098,3.551153486522449,0.6515256633173034,1,0.7779783393501805,0.7581227436823105,0.24187725631768953,0.052346570397111915,0.1983754512635379,0.3919857224778115,0.13506317689530686,0.47294828320715976,0.2733754512635379,0.5915613718411552,0.29240057018133736,0.15703971119133575,0.2527075812274368
638711,2023-05-06 13:30:00+00:00,5,6,2023,7911,TSG Hoffenheim,3,125,Eintracht Frankfurt,1,PreZero Arena,0,2022-2023,0.23529411764705882,-0.5588235294117647,0.3,-0.2,0.3235294117647059,0.058823529411764705,0.1,-0.7,0,0,0,0.7647058823529411,0.6764705882352942,0.5931372549019607,0.4901960784313726,0.6828828828828829,0.745945945945946,0.7144144144144144,4,3.108108108108108,1.7576616776641298,3.5475235275241404,0.03259237890905753,2,0.3171171171171171,0.4306306306306306,0.5693693693693693,0.6216216216216216,0.26387387387387384,0.19033171008846686,0.20716216216216216,0.5049191964791673,0.32144144144144143,0.47139639639639636,0.5265431989761,0.654054054054054,0.3207207207207207
638707,2023-05-06 16:30:00+00:00,5,6,2023,137,Werder Bremen,1,132,Bayern Munich,2,Weserstadion,0,2022-2023,0.3333333333333333,-0.3333333333333333,0.2,-0.2,0.5588235294117647,1.411764705882353,0.6,0.7,0,0,0,0.6666666666666667,0.4411764705882353,0.5555555555555556,0.2647058823529411,0.6636690647482014,0.12769784172661872,0.39568345323741005,3,3.1097122302158273,1.7564847952539349,3.548833429029311,0.04764366748374205,1,0.8723021582733813,0.7589928057553957,0.24100719424460426,0.4154676258992806,0.19820143884892086,0.42988516381139696,0.1593525179856115,0.6536892657474869,0.289568345323741,0.5510791366906476,0.2954330886409771,0.15827338129496402,0.6348920863309353
638712,2023-05-07 15:30:00+00:00,5,7,2023,124,Borussia Dortmund,6,138,VfL Wolfsburg,0,SIGNAL IDUNA PARK,0,2022-2023,0.6176470588235294,0.7941176470588235,0.6,1.3,0.4117647058823529,0.6764705882352942,0.4,0.5,0,0,0,0.38235294117647056,0.5882352941176471,0.36764705882352944,0.38725490196078427,0.10053859964093358,0.3393177737881508,0.2199281867145422,6,3.10951526032316,1.7549106687385294,3.5482429275077925,0.6231550382897766,6,0.8994614003590664,0.01436265709156194,0.9856373429084381,0.9066427289048474,0.34712746858168764,0.3589040738245731,0.13298922800718133,0.5839069397394262,0.2719928186714542,0.5950179533213644,0.4818204060930174,0.578096947935368,0.48473967684021546
638723,2023-05-12 18:30:00+00:00,5,12,2023,122,FC Cologne,5,129,Hertha Berlin,2,RheinEnergieStadion,0,2022-2023,0.29411764705882354,-0.17647058823529413,0.3,-0.5,0.17647058823529413,-0.7941176470588235,0.2,-1.0,0,0,0,0.7058823529411764,0.8235294117647058,0.5294117647058822,0.6323529411764706,0.6397849462365591,0.8691756272401434,0.7544802867383513,7,3.1146953405017923,1.7575992981940902,3.554095165050315,0.8536752348741006,3,0.3602150537634409,0.2114695340501792,0.7885304659498208,0.9516129032258065,0.30770609318996417,0.19391673411184338,0.2131720430107527,0.6261099965217213,0.32544802867383515,0.4613799283154122,0.7867074401891583,0.8046594982078853,0.5949820788530465
638722,2023-05-13 13:30:00+00:00,5,13,2023,598,1. FC Union Berlin,4,126,SC Freiburg,2,Stadion An der Alten Försterei,0,2022-2023,0.5294117647058824,0.47058823529411764,0.3,0.1,0.5,0.14705882352941177,0.4,0.5,0,0,0,0.47058823529411764,0.5,0.42156862745098034,0.47549019607843135,0.3685152057245081,0.33810375670840787,0.353309481216458,6,3.1216457960644006,1.7636960650289497,3.5625698123216383,0.6151739034848327,2,0.6618962432915921,0.4329159212880143,0.5670840787119857,0.9033989266547406,0.26341681574239717,0.3174291396916933,0.1529964221824687,0.6904380431768534,0.2853309481216458,0.5616726296958856,0.4543703095081207,0.5116279069767442,0.6869409660107334
638719,2023-05-13 13:30:00+00:00,5,13,2023,132,Bayern Munich,6,133,Schalke 04,0,Allianz Arena,0,2022-2023,0.5588235294117647,1.3823529411764706,0.7,0.9,0.22580645161290322,-0.9032258064516129,0.5,-0.1,0,0,0,0.4411764705882353,0.7741935483870968,0.26960784313725483,0.6505376344086022,0.09107142857142857,0.5928571428571429,0.3419642857142857,6,3.1267857142857145,1.7663107577147363,3.5683634037143985,0.61233650625361,6,0.9089285714285714,0.01607142857142857,0.9839285714285715,0.9017857142857143,0.3467857142857143,0.3621839923469388,0.15129464285714286,0.5834712190233237,0.28419642857142857,0.5645089285714285,0.5653141115296836,0.7089285714285715,0.48214285714285715
638720,2023-05-13 13:30:00+00:00,5,13,2023,125,Eintracht Frankfurt,3,2950,Mainz,0,Deutsche Bank Park,0,2022-2023,0.3235294117647059,0.0,0.0,-1.1,0.4117647058823529,0.23529411764705882,0.4,0.6,0,0,0,0.6764705882352942,0.5882352941176471,0.5,0.4607843137254902,0.8199643493761141,0.37254901960784315,0.5962566844919786,3,3.1319073083778965,1.7688973861763404,3.5741316549219815,0.051309776793626916,3,0.6274509803921569,0.21390374331550802,0.786096256684492,0.4117647058823529,0.3072192513368984,0.2866210548390479,0.1894385026737968,0.42131656385852123,0.30962566844919787,0.5009358288770054,0.5518019626991038,0.6987522281639929,0.14616755793226383
638716,2023-05-13 13:30:00+00:00,5,13,2023,121,VfL Bochum,3,3841,FC Augsburg,2,Vonovia Ruhrstadion,0,2022-2023,0.29411764705882354,-1.0294117647058822,0.2,-0.9,0.29411764705882354,-0.6176470588235294,0.2,-0.5,0,0,0,0.7058823529411764,0.7058823529411764,0.6715686274509804,0.6029411764705883,0.8078291814946619,0.7526690391459074,0.7802491103202847,5,3.131672597864769,1.7673288846103055,3.5735048190173453,0.27800970681617154,1,0.24733096085409256,0.7615658362989324,0.23843416370106763,0.7846975088967971,0.19768683274021354,0.1794497600081053,0.2170373665480427,0.6743162448974201,0.32802491103202847,0.4549377224199288,0.4935155931465002,0.6014234875444839,0.6565836298932385
638724,2023-05-13 13:30:00+00:00,5,13,2023,138,VfL Wolfsburg,2,7911,TSG Hoffenheim,1,Volkswagen Arena,0,2022-2023,0.38235294117647056,0.35294117647058826,0.4,0.2,0.2647058823529412,-0.5,0.4,0.1,0,0,0,0.6176470588235294,0.7352941176470589,0.4411764705882353,0.5833333333333333,0.38543516873889877,0.5630550621669627,0.4742451154529307,3,3.1349911190053286,1.7675106018575935,3.5768687694697268,0.05186639971846141,1,0.6145648312611012,0.7619893428063943,0.2380106571936057,0.4103019538188277,0.19760213143872113,0.32680254220444266,0.1711367673179396,0.5655970665576068,0.2974245115452931,0.5314387211367673,0.33169866910028395,0.22380106571936056,0.4369449378330373
638721,2023-05-13 16:30:00+00:00,5,13,2023,124,Borussia Dortmund,5,268,Borussia Mönchengladbach,2,SIGNAL IDUNA PARK,0,2022-2023,0.6470588235294118,1.0294117647058822,0.6,1.6,0.35294117647058826,0.11764705882352941,0.2,-0.5,0,0,0,0.3529411764705882,0.6470588235294117,0.32843137254901966,0.48039215686274506,0.0851063829787234,0.650709219858156,0.3679078014184397,7,3.1347517730496453,1.7659493269365583,3.576239104783785,0.8473190800094936,3,0.9148936170212766,0.21453900709219859,0.7854609929078014,0.950354609929078,0.3070921985815603,0.3862592424928324,0.15518617021276596,0.6552492382869564,0.28679078014184395,0.5580230496453902,0.5620562072377416,0.7056737588652482,0.6382978723404256
638717,2023-05-14 13:30:00+00:00,5,14,2023,134,VfB Stuttgart,1,131,Bayer Leverkusen,1,MHPArena,0,2022-2023,0.20588235294117646,-0.4117647058823529,0.2,-0.5,0.5,0.47058823529411764,0.6,1.1,0,0,0,0.7941176470588236,0.5,0.5686274509803921,0.42156862745098034,0.7610619469026548,0.16991150442477876,0.4654867256637168,2,3.1415929203539825,1.7718607072530375,3.5845580971672417,0.3295979677327776,0,0.8300884955752212,1.0,0.0,0.16283185840707964,0.15,0.43778761061946897,0.16982300884955753,0.6294221943770066,0.2965486725663717,0.5336283185840707,0.3043702173302134,0.17699115044247787,0.6088495575221239
638718,2023-05-14 15:30:00+00:00,5,14,2023,11420,RB Leipzig,2,137,Werder Bremen,1,Red Bull Arena,0,2022-2023,0.5294117647058824,0.5882352941176471,0.6,0.1,0.3225806451612903,-0.3548387096774194,0.2,-0.1,0,0,0,0.47058823529411764,0.6774193548387097,0.4019607843137255,0.5591397849462365,0.20848056537102475,0.6713780918727915,0.43992932862190814,3,3.139575971731449,1.7709422012191098,3.5823115220362265,0.05262426075889892,1,0.7915194346289752,0.7614840989399293,0.2385159010600707,0.4098939929328622,0.19770318021201413,0.3977464445804043,0.1659893992932862,0.6251862710199567,0.2939929328621908,0.540017667844523,0.31642666877735076,0.2067137809187279,0.5901060070671378
638729,2023-05-19 18:30:00+00:00,5,19,2023,126,SC Freiburg,2,138,VfL Wolfsburg,0,Europa-Park Stadion,0,2022-2023,0.47058823529411764,0.058823529411764705,0.4,0.3,0.4117647058823529,0.38235294117647056,0.4,0.1,0,0,0,0.5294117647058824,0.5882352941176471,0.4901960784313726,0.4362745098039216,0.36684303350970016,0.3950617283950617,0.38095238095238093,2,3.1393298059964727,1.7693867823011775,3.581676501571767,0.3293712314798253,2,0.6331569664902998,0.43386243386243384,0.5661375661375662,0.16225749559082892,0.26322751322751325,0.3069235650364398,0.15714285714285714,0.36957314823167153,0.28809523809523807,0.5547619047619048,0.42619774176718744,0.42504409171075835,0.07936507936507936
638730,2023-05-20 13:30:00+00:00,5,20,2023,129,Hertha Berlin,1,121,VfL Bochum,1,Olympiastadion Berlin,0,2022-2023,0.17647058823529413,-0.8823529411764706,0.1,-1.5,0.29411764705882354,-1.0294117647058822,0.3,-0.5,0,0,0,0.8235294117647058,0.7058823529411764,0.6470588235294117,0.6715686274509804,0.9159369527145359,0.7338003502626971,0.8248686514886165,2,3.141856392294221,1.7688878616407375,3.584078357704405,0.33033655221929725,0,0.2661996497373029,1.0,0.0,0.16112084063047286,0.15,0.19813485113835375,0.22373029772329248,0.3430938593612459,0.33248686514886167,0.4437828371278459,0.43996884559234795,0.46409807355516636,0.05604203152364273
638731,2023-05-20 13:30:00+00:00,5,20,2023,133,Schalke 04,2,125,Eintracht Frankfurt,2,VELTINS-Arena,0,2022-2023,0.21875,-1.0625,0.4,-0.8,0.35294117647058826,0.14705882352941177,0.1,-0.7,0,0,0,0.78125,0.6470588235294117,0.6770833333333333,0.47549019607843135,0.7298245614035088,0.7263157894736842,0.7280701754385965,4,3.1403508771929824,1.7700753758659629,3.582869721159473,0.027385099672031732,0,0.27368421052631575,1.0,0.0,0.6175438596491228,0.15,0.2013157894736842,0.20921052631578949,0.6429593721144967,0.32280701754385965,0.46798245614035083,0.34645332005988666,0.2596491228070175,0.6210526315789474
638727,2023-05-20 13:30:00+00:00,5,20,2023,7911,TSG Hoffenheim,4,598,1. FC Union Berlin,2,PreZero Arena,0,2022-2023,0.2647058823529412,-0.5,0.4,0.1,0.5588235294117647,0.5294117647058824,0.4,0.6,0,0,0,0.7352941176470589,0.4411764705882353,0.5833333333333333,0.4117647058823529,0.5616197183098591,0.2640845070422535,0.4128521126760563,6,3.137323943661972,1.768472039697796,3.579441953586421,0.6080844224068667,2,0.7359154929577465,0.43485915492957744,0.5651408450704225,0.8996478873239436,0.2630281690140845,0.344871677246578,0.16192781690140845,0.6962891857193547,0.29128521126760565,0.5467869718309859,0.4888251099685549,0.5827464788732394,0.7024647887323944
638728,2023-05-20 13:30:00+00:00,5,20,2023,137,Werder Bremen,1,122,FC Cologne,1,Weserstadion,0,2022-2023,0.3125,-0.375,0.1,-0.5,0.29411764705882354,-0.17647058823529413,0.4,0.0,0,0,0,0.6875,0.7058823529411764,0.5625,0.5294117647058822,0.7504393673110721,0.5219683655536028,0.6362038664323375,2,3.142355008787346,1.7709854642520197,3.585101374850351,0.33004689756941097,0,0.4780316344463972,1.0,0.0,0.1616871704745167,0.15000000000000002,0.2881634446397189,0.19543057996485064,0.45070995271203146,0.3136203866432338,0.49094903339191565,0.37684492987274515,0.3339191564147627,0.19156414762741653
638732,2023-05-20 16:30:00+00:00,5,20,2023,132,Bayern Munich,1,11420,RB Leipzig,3,Allianz Arena,0,2022-2023,0.5882352941176471,1.6176470588235294,0.7,1.2,0.5588235294117647,0.6764705882352942,0.6,0.1,0,0,0,0.4117647058823529,0.4411764705882353,0.23039215686274517,0.38725490196078427,0.06468531468531469,0.19405594405594406,0.12937062937062938,4,3.13986013986014,1.76798300425855,3.5818558909247775,0.027580791012735473,2,0.9353146853146853,0.43356643356643354,0.5664335664335665,0.6171328671328671,0.26328671328671327,0.4182007066360214,0.11940559440559441,0.6241383000374119,0.2629370629370629,0.6176573426573426,0.23213639820703075,0.06643356643356643,0.5874125874125874
638725,2023-05-21 13:30:00+00:00,5,21,2023,2950,Mainz,1,134,VfB Stuttgart,4,MEWA ARENA,0,2022-2023,0.38235294117647056,0.08823529411764706,0.3,-0.1,0.20588235294117646,-0.4117647058823529,0.2,-0.4,0,0,0,0.6176470588235294,0.7941176470588236,0.48529411764705876,0.5686274509803921,0.5078534031413613,0.7766143106457243,0.6422338568935428,5,3.141361256544503,1.7668023238136688,3.58306183749792,0.2750010469427093,3,0.4921465968586387,0.21291448516579406,0.787085514834206,0.7835951134380453,0.3074171029668412,0.2396844476119989,0.19633507853403143,0.5572155836569177,0.31422338568935426,0.4894415357766143,0.6156489526924043,0.7731239092495636,0.4205933682373473
638733,2023-05-21 15:30:00+00:00,5,21,2023,3841,FC Augsburg,0,124,Borussia Dortmund,3,WWK Arena,0,2022-2023,0.29411764705882354,-0.5588235294117647,0.2,-0.4,0.6764705882352942,1.1470588235294117,0.6,1.8,0,0,0,0.7058823529411764,0.32352941176470584,0.5931372549019607,0.30882352941176483,0.7160278745644599,0.059233449477351915,0.3876306620209059,3,3.1445993031358883,1.7669637824376259,3.586340248745295,0.053568989622972185,3,0.9407665505226481,0.21428571428571427,0.7857142857142857,0.4094076655052265,0.30714285714285716,0.3951941264310602,0.1581445993031359,0.49549970255800124,0.2887630662020906,0.5530923344947736,0.44975246047953876,0.5052264808362369,0.2961672473867596
638726,2023-05-21 17:30:00+00:00,5,21,2023,131,Bayer Leverkusen,2,268,Borussia Mönchengladbach,2,BayArena,0,2022-2023,0.47058823529411764,0.4117647058823529,0.6,1.1,0.3235294117647059,-0.029411764705882353,0.2,-0.4,0,0,0,0.5294117647058824,0.6764705882352942,0.43137254901960786,0.5049019607843137,0.17043478260869566,0.6660869565217391,0.41826086956521735,4,3.1443478260869564,1.7654342431706562,3.5857063868796204,0.027159263075810514,0,0.8295652173913044,1.0,0.0,0.6156521739130435,0.15,0.43756521739130433,0.1627391304347826,0.815916370510397,0.29182608695652174,0.5454347826086956,0.2325539013212352,0.07130434782608695,0.7860869565217391
638740,2023-05-27 13:30:00+00:00,5,27,2023,11420,RB Leipzig,4,133,Schalke 04,2,Red Bull Arena,0,2022-2023,0.5588235294117647,0.6176470588235294,0.7,0.4,0.21212121212121213,-1.0303030303030303,0.3,-1.0,0,0,0,0.4411764705882353,0.7878787878787878,0.3970588235294118,0.6717171717171717,0.136986301369863,0.8253424657534246,0.4811643835616438,6,3.1386986301369864,1.756031219787812,3.5777064350839396,0.6137966023667882,2,0.863013698630137,0.4332191780821918,0.5667808219178082,0.9006849315068494,0.26335616438356163,0.39153124413586043,0.17217465753424657,0.707736532079575,0.2981164383561644,0.529708904109589,0.5295239580799066,0.6643835616438356,0.714041095890411
638739,2023-05-27 13:30:00+00:00,5,27,2023,125,Eintracht Frankfurt,2,126,SC Freiburg,1,Deutsche Bank Park,0,2022-2023,0.35294117647058826,0.14705882352941177,0.1,-0.7,0.5,0.20588235294117646,0.5,0.5,0,0,0,0.6470588235294117,0.5,0.47549019607843135,0.46568627450980393,0.7135506003430532,0.27787307032590053,0.4957118353344768,3,3.13893653516295,1.7575297706129247,3.5783189778161812,0.05269831178814188,1,0.7221269296740995,0.758147512864494,0.241852487135506,0.40823327615780447,0.1983704974271012,0.3696020759718614,0.17435677530017152,0.5998295446439439,0.2995711835334477,0.5260720411663807,0.3424204805635759,0.2521440823327616,0.5300171526586621
638736,2023-05-27 13:30:00+00:00,5,27,2023,598,1. FC Union Berlin,1,137,Werder Bremen,0,Stadion An der Alten Försterei,0,2022-2023,0.5294117647058824,0.38235294117647056,0.4,0.4,0.30303030303030304,-0.36363636363636365,0.1,-0.4,0,0,0,0.47058823529411764,0.696969696969697,0.4362745098039216,0.5606060606060606,0.2920962199312715,0.7714776632302406,0.531786941580756,1,3.142611683848797,1.7567980723040428,3.581811201924808,0.6603635309193963,1,0.7079037800687284,0.7577319587628866,0.24226804123711343,0.04982817869415808,0.1984536082474227,0.3638634994863074,0.1797680412371134,0.43800600300192705,0.30317869415807563,0.5170532646048109,0.4671249410548445,0.5395189003436426,0.17010309278350516
638741,2023-05-27 13:30:00+00:00,5,27,2023,134,VfB Stuttgart,1,7911,TSG Hoffenheim,1,MHPArena,0,2022-2023,0.23529411764705882,-0.3235294117647059,0.3,0.0,0.29411764705882354,-0.38235294117647056,0.5,0.4,0,0,0,0.7647058823529411,0.7058823529411764,0.553921568627451,0.5637254901960784,0.6362068965517241,0.45517241379310347,0.5456896551724137,2,3.143103448275862,1.7588279254920522,3.5828104296488754,0.33297721595617047,0,0.5448275862068965,1.0,0.0,0.15862068965517243,0.15,0.316551724137931,0.18185344827586208,0.48289179548156946,0.3045689655172414,0.5135775862068965,0.34080703084044794,0.2482758620689655,0.2827586206896552
638737,2023-05-27 13:30:00+00:00,5,27,2023,124,Borussia Dortmund,2,2950,Mainz,2,SIGNAL IDUNA PARK,0,2022-2023,0.6764705882352942,1.1764705882352942,0.6,2.0,0.35294117647058826,-0.029411764705882353,0.2,-0.5,0,0,0,0.32352941176470584,0.6470588235294117,0.3039215686274509,0.5049019607843137,0.05335628227194492,0.6592082616179001,0.3562822719449225,4,3.1411359724612735,1.7579508301243187,3.580623679992353,0.02805433709354399,0,0.9466437177280551,1.0,0.0,0.6179001721170396,0.15,0.4873235800344234,0.15344234079173838,0.8534179600131532,0.28562822719449227,0.5609294320137694,0.2041539355916346,0.04819277108433735,0.8055077452667814
638742,2023-05-27 13:30:00+00:00,5,27,2023,121,VfL Bochum,3,131,Bayer Leverkusen,0,Vonovia Ruhrstadion,0,2022-2023,0.2647058823529412,-1.0588235294117647,0.3,-0.3,0.4411764705882353,0.35294117647058826,0.5,0.8,0,0,0,0.7352941176470589,0.5588235294117647,0.6764705882352942,0.4411764705882353,0.7145328719723183,0.27335640138408307,0.49394463667820065,3,3.1453287197231834,1.7612192422615627,3.585633530288574,0.053783082188415876,3,0.726643598615917,0.21453287197231835,0.7854671280276817,0.40657439446366783,0.3070934256055363,0.3210387208007567,0.1740916955017301,0.44321277807636716,0.2993944636678201,0.5265138408304498,0.5045963853070814,0.6245674740484429,0.1782006920415225
638743,2023-05-27 13:30:00+00:00,5,27,2023,138,VfL Wolfsburg,1,129,Hertha Berlin,2,Volkswagen Arena,0,2022-2023,0.38235294117647056,0.29411764705882354,0.4,-0.1,0.17647058823529413,-0.8529411764705882,0.1,-1.2,0,0,0,0.6176470588235294,0.8235294117647058,0.4509803921568628,0.642156862745098,0.4055459272097054,0.9133448873483535,0.6594454072790294,3,3.145580589254766,1.762736996724856,3.58626483843598,0.05380568674022301,1,0.5944540727902946,0.7590987868284229,0.2409012131715771,0.4072790294627383,0.1981802426343154,0.318504485941447,0.19891681109185444,0.5564295959282839,0.31594454072790296,0.4851386481802426,0.40673673221727885,0.38648180242634317,0.41594454072790293
638735,2023-05-27 13:30:00+00:00,5,27,2023,122,FC Cologne,1,132,Bayern Munich,2,RheinEnergieStadion,0,2022-2023,0.29411764705882354,-0.14705882352941177,0.4,0.0,0.5882352941176471,1.5588235294117647,0.6,0.9,0,0,0,0.7058823529411764,0.4117647058823529,0.5245098039215685,0.24019607843137258,0.5173611111111112,0.0954861111111111,0.30642361111111116,3,3.1458333333333335,1.7642586816145105,3.586898003736961,0.05382835479337578,1,0.9045138888888888,0.7586805555555556,0.24131944444444442,0.4079861111111111,0.19826388888888888,0.4427643349729938,0.14596354166666667,0.6617046317478592,0.2806423611111111,0.5733940972222222,0.2512829258392704,0.08333333333333333,0.6458333333333334
638738,2023-05-27 13:30:00+00:00,5,27,2023,268,Borussia Mönchengladbach,2,3841,FC Augsburg,0,BORUSSIA-PARK,0,2022-2023,0.3235294117647059,-0.029411764705882353,0.2,-0.4,0.29411764705882354,-0.5294117647058824,0.1,-0.8,0,0,0,0.6764705882352942,0.7058823529411764,0.5049019607843137,0.588235294117647,0.6528497409326425,0.8272884283246977,0.7400690846286702,2,3.145077720207254,1.7597054013343958,3.585004070540853,0.3334561807872968,2,0.3471502590673575,0.43523316062176165,0.5647668393782384,0.15889464594127806,0.26295336787564766,0.20163762785578138,0.2110103626943005,0.2641173360196383,0.324006908462867,0.4649827288428325,0.5974704097827275,0.7495682210708118,0.013816925734024179
677584,2023-08-18 18:30:00+00:00,8,18,2023,137,Werder Bremen,0,132,Bayern Munich,4,Weserstadion,0,2023-2024,0.29411764705882354,-0.38235294117647056,0.1,-0.4,0.6176470588235294,1.588235294117647,0.6,0.8,0,0,0,0.7058823529411764,0.38235294117647056,0.5637254901960784,0.23529411764705888,0.7606837606837606,0.09230769230769231,0.4264957264957265,4,3.1435897435897435,1.7585108414072053,3.5832174539415447,0.02769582465091802,4,0.9076923076923077,0.09230769230769231,0.9076923076923077,0.6170940170940171,0.33153846153846156,0.3702248520710059,0.16397435897435897,0.5191495878217772,0.29264957264957264,0.5433760683760684,0.5019247420793016,0.6205128205128205,0.35213675213675216
677589,2023-08-19 13:30:00+00:00,8,19,2023,3841,FC Augsburg,4,268,Borussia Mönchengladbach,4,WWK Arena,0,2023-2024,0.2647058823529412,-0.6176470588235294,0.1,-0.8,0.3235294117647059,-0.08823529411764706,0.3,0.1,0,0,0,0.7352941176470589,0.6764705882352942,0.6029411764705883,0.5147058823529411,0.8338983050847457,0.5457627118644067,0.6898305084745762,8,3.1491525423728812,1.7553578308175621,3.587992000077272,0.9575199607617441,0,0.4542372881355933,1.0,0.0,0.9915254237288136,0.15000000000000002,0.2780508474576272,0.20347457627118642,0.9132885665038784,0.3189830508474576,0.4775423728813559,0.5242542661901004,0.6559322033898305,0.811864406779661
677590,2023-08-19 13:30:00+00:00,8,19,2023,7911,TSG Hoffenheim,1,126,SC Freiburg,2,PreZero Arena,0,2023-2024,0.29411764705882354,-0.2647058823529412,0.5,0.5,0.5,0.20588235294117646,0.4,0.3,0,0,0,0.7058823529411764,0.5,0.5441176470588236,0.46568627450980393,0.39761092150170646,0.35665529010238906,0.37713310580204773,3,3.145051194539249,1.7573633360265977,3.584392028545899,0.05379036001076598,1,0.643344709897611,0.7593856655290102,0.2406143344709898,0.4061433447098976,0.19812286689419795,0.3381294190963203,0.15656996587030717,0.5725799799509076,0.2877133105802048,0.5557167235494881,0.28722907547309473,0.14505119453924914,0.46245733788395904
677591,2023-08-19 13:30:00+00:00,8,19,2023,134,VfB Stuttgart,5,121,VfL Bochum,0,MHPArena,0,2023-2024,0.20588235294117646,-0.35294117647058826,0.3,0.0,0.29411764705882354,-0.9411764705882353,0.3,-0.2,0,0,0,0.7941176470588236,0.7058823529411764,0.5588235294117647,0.6568627450980393,0.6575809199318569,0.7018739352640545,0.6797274275979557,5,3.1448040885860307,1.755873445643608,3.583772449996933,0.2776707589074867,5,0.34241908006814314,0.044293015332197615,0.9557069846678024,0.7853492333901193,0.3411413969335605,0.17868873868514001,0.20195911413969336,0.5018290212423141,0.3179727427597956,0.48006814310051105,0.6862823956624051,0.797274275979557,0.313458262350937
677592,2023-08-19 13:30:00+00:00,8,19,2023,138,VfL Wolfsburg,2,6418,1. FC Heidenheim 1846,0,Volkswagen Arena,0,2023-2024,0.38235294117647056,0.2647058823529412,0.4,-0.2,,,,,0,0,0,0.6176470588235294,,0.4558823529411765,,0.42346938775510207,0.0,0.21173469387755103,2,3.1479591836734695,1.7560445868986814,3.58697033039814,0.3352563118283931,2,1.0,0.43537414965986393,0.564625850340136,0.15816326530612246,0.2629251700680272,0.4422448979591837,0.13176020408163266,0.5020984312092184,0.2711734693877551,0.5970663265306122,0.3237046466814637,0.22108843537414966,0.31462585034013607
677586,2023-08-19 13:30:00+00:00,8,19,2023,131,Bayer Leverkusen,3,11420,RB Leipzig,2,BayArena,0,2023-2024,0.4117647058823529,0.23529411764705882,0.4,0.4,0.5882352941176471,0.6764705882352942,0.7,0.3,0,0,0,0.5882352941176471,0.4117647058823529,0.4607843137254902,0.38725490196078427,0.3701188455008489,0.15110356536502548,0.2606112054329372,5,3.1460101867572154,1.7551881907448168,3.58480723444342,0.27751074942456433,1,0.8488964346349746,0.7606112054329371,0.23938879456706286,0.7843803056027164,0.19787775891341258,0.4206715794085685,0.13909168081494058,0.7871476277198466,0.27606112054329374,0.5848471986417656,0.25710310888747523,0.09507640067911714,0.7640067911714771
677587,2023-08-19 16:30:00+00:00,8,19,2023,124,Borussia Dortmund,1,122,FC Cologne,0,SIGNAL IDUNA PARK,0,2023-2024,0.6470588235294118,1.1470588235294117,0.6,2.0,0.29411764705882354,-0.14705882352941177,0.4,0.1,0,0,0,0.3529411764705882,0.7058823529411764,0.30882352941176483,0.5245098039215685,0.06260575296108291,0.5008460236886633,0.2817258883248731,1,3.1573604060913705,1.7651837577716514,3.5986563455342835,0.6616407469263886,1,0.937394247038917,0.7597292724196277,0.24027072758037227,0.049069373942470386,0.19805414551607445,0.45606430066336273,0.14225888324873098,0.5491124072327436,0.2781725888324873,0.5795685279187817,0.32424046245435956,0.2233502538071066,0.3993231810490694
677585,2023-08-20 13:30:00+00:00,8,20,2023,598,1. FC Union Berlin,4,2950,Mainz,1,Stadion An der Alten Försterei,0,2023-2024,0.5294117647058824,0.38235294117647056,0.5,0.5,0.35294117647058826,-0.029411764705882353,0.2,-0.5,0,0,0,0.47058823529411764,0.6470588235294117,0.4362745098039216,0.5049019607843137,0.22804054054054054,0.6570945945945946,0.4425675675675676,5,3.1537162162162162,1.7659171338796782,3.595195499686136,0.27124521292137815,3,0.7719594594594594,0.21452702702702703,0.785472972972973,0.7820945945945946,0.30709459459459465,0.33673798164718766,0.16638513513513514,0.5878605922280024,0.2942567567567568,0.5393581081081081,0.5149643069070473,0.6452702702702703,0.49155405405405406
677588,2023-08-20 15:30:00+00:00,8,20,2023,125,Eintracht Frankfurt,1,3812,SV Darmstadt 98,0,Deutsche Bank Park,0,2023-2024,0.38235294117647056,0.17647058823529413,0.2,-0.6,,,,,0,0,0,0.6176470588235294,,0.47058823529411764,,0.6070826306913997,0.0,0.30354131534569984,1,3.1568296795952784,1.7660532229082613,3.598342985322344,0.6611911706983118,1,1.0,0.760539629005059,0.239460370994941,0.048903878583473864,0.1978920741989882,0.48126475548060704,0.145531197301855,0.5796034682311054,0.28035413153457,0.5741146711635751,0.33762516950862864,0.24283305227655985,0.4772344013490725
677598,2023-08-25 18:30:00+00:00,8,25,2023,11420,RB Leipzig,5,134,VfB Stuttgart,1,Red Bull Arena,0,2023-2024,0.5882352941176471,0.6470588235294118,0.7,0.3,0.23529411764705882,-0.20588235294117646,0.4,0.6,0,0,0,0.4117647058823529,0.7647058823529411,0.3921568627450981,0.5343137254901962,0.13131313131313133,0.49158249158249157,0.3114478114478114,6,3.153198653198653,1.766781222914724,3.594893958927334,0.6040861513981497,4,0.8686868686868687,0.09427609427609428,0.9057239057239057,0.898989898989899,0.3311447811447812,0.35739839472162704,0.14671717171717172,0.6013517866371316,0.28114478114478114,0.5721380471380472,0.5214605034861611,0.6531986531986532,0.5370370370370371
677593,2023-08-26 13:30:00+00:00,8,26,2023,6418,1. FC Heidenheim 1846,2,7911,TSG Hoffenheim,3,Voith-Arena,0,2023-2024,0.0,-2.0,0.0,-2.0,0.29411764705882354,-0.23529411764705882,0.4,0.2,0,0,0,1.0,0.7058823529411764,0.8333333333333334,0.5392156862745099,0.9764705882352941,0.49747899159663866,0.7369747899159664,5,3.157983193277311,1.7691470960687534,3.600269967294499,0.2687428889027229,1,0.5025210084033613,0.761344537815126,0.238655462184874,0.7798319327731092,0.1977310924369748,0.28180538097591973,0.21054621848739496,0.7197890933733848,0.3236974789915966,0.4657563025210084,0.4770856236631219,0.5647058823529412,0.7260504201680672
677594,2023-08-26 13:30:00+00:00,8,26,2023,122,FC Cologne,1,138,VfL Wolfsburg,2,RheinEnergieStadion,0,2023-2024,0.2647058823529412,-0.23529411764705882,0.4,0.5,0.4117647058823529,0.3235294117647059,0.4,-0.1,0,0,0,0.7352941176470589,0.5882352941176471,0.5392156862745099,0.446078431372549,0.4899328859060403,0.4211409395973154,0.45553691275167785,3,3.161073825503356,1.7692693800205912,3.6033911705085035,0.0564954128607269,1,0.5788590604026846,0.761744966442953,0.23825503355704702,0.40436241610738255,0.1976510067114094,0.31245839151389576,0.16833053691275168,0.5505190303530979,0.2955536912751678,0.5361157718120806,0.32414758138138616,0.2214765100671141,0.40268456375838924
677599,2023-08-26 13:30:00+00:00,8,26,2023,126,SC Freiburg,1,137,Werder Bremen,0,Europa-Park Stadion,0,2023-2024,0.5,0.11764705882352941,0.5,0.4,0.29411764705882354,-0.5,0.1,-0.8,0,0,0,0.5,0.7058823529411764,0.48039215686274506,0.5833333333333333,0.2830820770519263,0.8241206030150754,0.5536013400335008,1,3.1608040201005023,1.7677967622822162,3.6027532106710565,0.661711206731548,1,0.7169179229480738,0.7621440536013401,0.23785594639865992,0.048576214405360134,0.197571189279732,0.36788067921966056,0.1830402010050251,0.4431291019601147,0.3053601340033501,0.5115996649916248,0.4769737360532623,0.5644891122278057,0.17587939698492464
677600,2023-08-26 13:30:00+00:00,8,26,2023,3812,SV Darmstadt 98,1,598,1. FC Union Berlin,4,Merck-Stadion am Böllenfalltor,0,2023-2024,0.0,-1.0,0.0,-1.0,0.5294117647058824,0.4117647058823529,0.5,0.6,0,0,0,1.0,0.47058823529411764,0.6666666666666667,0.43137254901960786,0.9498327759197325,0.23745819397993312,0.5936454849498328,5,3.157190635451505,1.768524392371029,3.5993217335442624,0.2692143651386789,3,0.7625418060200668,0.2157190635451505,0.7842809364548495,0.7792642140468228,0.3068561872909699,0.3335899486582924,0.18904682274247492,0.5861398418549261,0.3093645484949833,0.5015886287625418,0.5912886629327377,0.7474916387959866,0.4899665551839465
677601,2023-08-26 13:30:00+00:00,8,26,2023,121,VfL Bochum,1,124,Borussia Dortmund,1,Vonovia Ruhrstadion,0,2023-2024,0.29411764705882354,-1.0588235294117647,0.2,-0.8,0.6470588235294118,1.1470588235294117,0.6,1.6,0,0,0,0.7058823529411764,0.3529411764705882,0.6764705882352942,0.30882352941176483,0.8046744574290484,0.07512520868113523,0.43989983305509184,2,3.1602671118530883,1.7686485389371316,3.6024292465873713,0.33663853944501565,0,0.9248747913188647,1.0,0.0,0.16026711185308848,0.15,0.47807178631051755,0.16598497495826378,0.6764108656330389,0.2939899833055092,0.540025041736227,0.2934338652451027,0.15692821368948248,0.667779632721202
677596,2023-08-26 16:30:00+00:00,8,26,2023,268,Borussia Mönchengladbach,0,131,Bayer Leverkusen,3,BORUSSIA-PARK,0,2023-2024,0.29411764705882354,-0.14705882352941177,0.3,0.1,0.4411764705882353,0.29411764705882354,0.4,0.4,0,0,0,0.7058823529411764,0.5588235294117647,0.5245098039215685,0.4509803921568628,0.5633333333333334,0.365,0.46416666666666667,3,3.158333333333333,1.7678063018206531,3.6002849087884963,0.05602174577417074,3,0.635,0.21666666666666667,0.7833333333333333,0.405,0.30666666666666664,0.28946666666666665,0.169625,0.4210171111111111,0.29641666666666666,0.5339583333333333,0.48954140390472145,0.5883333333333334,0.14166666666666666
677595,2023-08-27 13:30:00+00:00,8,27,2023,2950,Mainz,1,125,Eintracht Frankfurt,1,MEWA ARENA,0,2023-2024,0.3235294117647059,-0.14705882352941177,0.2,-0.8,0.4117647058823529,0.35294117647058826,0.3,-0.3,0,0,0,0.6764705882352942,0.5882352941176471,0.5245098039215685,0.4411764705882353,0.7071547420965059,0.4875207986688852,0.5973377703826955,2,3.158069883527454,1.7663443232964187,3.599655964351559,0.33640525899298157,0,0.5124792013311148,1.0,0.0,0.15973377703826955,0.15,0.3028036605657238,0.18960066555740435,0.467081278844743,0.30973377703826954,0.5006655574043262,0.36284910876938997,0.31281198003327787,0.23128119800332778
677597,2023-08-27 15:30:00+00:00,8,27,2023,132,Bayern Munich,3,3841,FC Augsburg,1,Allianz Arena,0,2023-2024,0.6176470588235294,1.5588235294117647,0.7,1.3,0.2647058823529412,-0.5,0.1,-0.8,0,0,0,0.38235294117647056,0.7352941176470589,0.24019607843137258,0.5833333333333333,0.054817275747508304,0.8421926910299004,0.4485049833887043,4,3.1561461794019934,1.765505239483195,3.597522489272792,0.02564985791974128,2,0.9451827242524917,0.4335548172757475,0.5664451827242525,0.6146179401993356,0.2632890365448505,0.421834334058123,0.16727574750830565,0.6252733818273918,0.29485049833887045,0.5378737541528239,0.4125463027364372,0.40365448504983387,0.5980066445182725
677604,2023-09-01 18:30:00+00:00,9,1,2023,124,Borussia Dortmund,2,6418,1. FC Heidenheim 1846,2,SIGNAL IDUNA PARK,0,2023-2024,0.6176470588235294,1.088235294117647,0.6,1.8,0.0,-1.5,0.0,-1.5,0,0,0,0.38235294117647056,1.0,0.31862745098039225,0.75,0.0779436152570481,0.9535655058043118,0.5157545605306799,4,3.157545605306799,1.7643729498434535,3.5986388427676625,0.02554192332882277,0,0.9220563847429519,1.0,0.0,0.6135986733001658,0.15,0.47687396351575456,0.177363184079602,0.8441320621876796,0.301575456053068,0.52106135986733,0.2732699695170104,0.11940298507462686,0.8043117744610282
677603,2023-09-02 13:30:00+00:00,9,2,2023,131,Bayer Leverkusen,5,3812,SV Darmstadt 98,1,BayArena,0,2023-2024,0.47058823529411764,0.4117647058823529,0.4,0.4,0.0,-2.0,0.0,-2.0,0,0,0,0.5294117647058824,1.0,0.43137254901960786,0.8333333333333334,0.3211920529801324,0.9668874172185431,0.6440397350993378,6,3.1589403973509933,1.7632425852253222,3.599751043657324,0.6040739359480838,4,0.6788079470198676,0.09437086092715231,0.9056291390728477,0.8990066225165563,0.33112582781456956,0.2939059690364457,0.19660596026490068,0.5896059005777312,0.31440397350993377,0.4889900662251656,0.7184269688168181,0.8112582781456954,0.4966887417218543
677607,2023-09-02 13:30:00+00:00,9,2,2023,3841,FC Augsburg,2,121,VfL Bochum,2,WWK Arena,0,2023-2024,0.23529411764705882,-0.5882352941176471,0.1,-1.0,0.29411764705882354,-1.0294117647058822,0.2,-0.8,0,0,0,0.7647058823529411,0.7058823529411764,0.5980392156862746,0.6715686274509804,0.8611570247933884,0.8148760330578513,0.8380165289256198,4,3.1636363636363636,1.765564652751735,3.6050275268242973,0.024712353294330747,0,0.18512396694214872,1.0,0.0,0.6115702479338843,0.15,0.1636776859504132,0.22570247933884297,0.6111805887575985,0.333801652892562,0.4404958677685951,0.3747204575223448,0.33553719008264465,0.571900826446281
677609,2023-09-02 13:30:00+00:00,9,2,2023,7911,TSG Hoffenheim,3,138,VfL Wolfsburg,1,PreZero Arena,0,2023-2024,0.29411764705882354,-0.23529411764705882,0.4,0.2,0.4411764705882353,0.4117647058823529,0.5,0.0,0,0,0,0.7058823529411764,0.5588235294117647,0.5392156862745099,0.43137254901960786,0.504950495049505,0.33003300330033003,0.4174917491749175,4,3.165016501650165,1.7644320369315398,3.60612451088305,0.024608143037802566,2,0.66996699669967,0.43399339933993397,0.566006600660066,0.6105610561056105,0.2632013201320132,0.320495267348517,0.16262376237623763,0.5696076797334343,0.29174917491749175,0.5456270627062706,0.39692862435274184,0.37293729372937295,0.44554455445544555
677605,2023-09-02 13:30:00+00:00,9,2,2023,134,VfB Stuttgart,5,126,SC Freiburg,0,MHPArena,0,2023-2024,0.23529411764705882,-0.3235294117647059,0.4,0.5,0.5294117647058824,0.20588235294117646,0.6,0.5,0,0,0,0.7647058823529411,0.47058823529411764,0.553921568627451,0.46568627450980393,0.5238879736408567,0.2158154859967051,0.3698517298187809,5,3.1663920922570017,1.7633013585299215,3.607217431889482,0.26798112266034235,5,0.7841845140032949,0.044481054365733116,0.9555189456342669,0.7792421746293245,0.34110378912685335,0.3242377235384002,0.15547775947281714,0.542690752338145,0.2869851729818781,0.5575370675453047,0.5220909233022735,0.657331136738056,0.385502471169687
677608,2023-09-02 13:30:00+00:00,9,2,2023,137,Werder Bremen,4,2950,Mainz,0,Weserstadion,0,2023-2024,0.29411764705882354,-0.5294117647058824,0.1,-0.8,0.3235294117647059,-0.14705882352941177,0.1,-1.1,0,0,0,0.7058823529411764,0.6764705882352942,0.588235294117647,0.5245098039215685,0.8125,0.8009868421052632,0.8067434210526316,4,3.169407894736842,1.7634169069022703,3.6102621214624095,0.024127513551952307,4,0.19901315789473684,0.09703947368421052,0.9029605263157895,0.6085526315789473,0.3305921052631579,0.13355127899930747,0.22101151315789475,0.4048488783235017,0.33067434210526314,0.44831414473684217,0.6655928230966351,0.7976973684210527,0.11677631578947369
677606,2023-09-02 16:30:00+00:00,9,2,2023,268,Borussia Mönchengladbach,1,132,Bayern Munich,2,BORUSSIA-PARK,0,2023-2024,0.29411764705882354,-0.23529411764705882,0.3,-0.2,0.6176470588235294,1.5588235294117647,0.7,1.3,0,0,0,0.7058823529411764,0.38235294117647056,0.5392156862745099,0.24019607843137258,0.6026272577996716,0.05090311986863711,0.3267651888341544,3,3.1707717569786533,1.7622875652463956,3.6113436482902523,0.058396498314774004,1,0.9490968801313628,0.7602627257799671,0.23973727422003288,0.4006568144499179,0.19794745484400658,0.46081803867008553,0.14901477832512317,0.6749320203393216,0.28267651888341544,0.5683087027914613,0.2621735399582023,0.09523809523809523,0.6683087027914614
677610,2023-09-03 13:30:00+00:00,9,3,2023,125,Eintracht Frankfurt,1,122,FC Cologne,1,Deutsche Bank Park,0,2023-2024,0.4117647058823529,0.35294117647058826,0.3,-0.3,0.2647058823529412,-0.2647058823529412,0.4,0.4,0,0,0,0.5882352941176471,0.7352941176470589,0.4411764705882353,0.5441176470588236,0.47704918032786886,0.5016393442622951,0.489344262295082,2,3.1704918032786886,1.7608536762214007,3.6107052223340386,0.3418781925033625,0,0.5229508196721311,1.0,0.0,0.15737704918032788,0.15,0.3072540983606557,0.17340163934426228,0.47111246976619187,0.2989344262295082,0.5276639344262295,0.31749155776766014,0.2081967213114754,0.2442622950819672
677602,2023-09-03 15:30:00+00:00,9,3,2023,598,1. FC Union Berlin,0,11420,RB Leipzig,3,Stadion An der Alten Försterei,0,2023-2024,0.5588235294117647,0.5,0.5,0.6,0.6176470588235294,0.7647058823529411,0.8,1.0,0,0,0,0.4411764705882353,0.38235294117647056,0.41666666666666663,0.37254901960784315,0.2078559738134206,0.07528641571194762,0.14157119476268412,3,3.1685761047463177,1.7600468795969322,3.608587824645551,0.05802982976030657,3,0.9247135842880524,0.2193126022913257,0.7806873977086743,0.40098199672667756,0.30613747954173487,0.39019830119387877,0.12123567921440262,0.4904287758115133,0.2641571194762684,0.614607201309329,0.3002700958149455,0.16693944353518822,0.2864157119476268
677614,2023-09-15 18:30:00+00:00,9,15,2023,132,Bayern Munich,2,131,Bayer Leverkusen,2,Allianz Arena,0,2023-2024,0.6176470588235294,1.3823529411764706,0.7,1.3,0.5,0.6176470588235294,0.4,0.6,0,0,0,0.38235294117647056,0.5,0.26960784313725483,0.3970588235294118,0.06535947712418301,0.28431372549019607,0.17483660130718953,4,3.168300653594771,1.7586191915859155,3.60795545149125,0.02454215262789239,0,0.934640522875817,1.0,0.0,0.6094771241830066,0.15,0.4822222222222222,0.12622549019607843,0.8465704429920116,0.26748366013071895,0.6062908496732027,0.10909967680643361,0.004901960784313725,0.8088235294117647
677612,2023-09-16 13:30:00+00:00,9,16,2023,122,FC Cologne,1,7911,TSG Hoffenheim,3,RheinEnergieStadion,0,2023-2024,0.2647058823529412,-0.2647058823529412,0.3,0.2,0.29411764705882354,-0.2647058823529412,0.4,0.2,0,0,0,0.7352941176470589,0.7058823529411764,0.5441176470588236,0.5441176470588236,0.5925324675324676,0.5081168831168831,0.5503246753246753,4,3.175324675324675,1.7572451347265745,3.6146359590063186,0.02375945981984562,2,0.4918831168831169,0.4383116883116883,0.5616883116883117,0.6071428571428571,0.2623376623376623,0.25518805869455224,0.18254870129870132,0.5338221881003126,0.30503246753246754,0.5124188311688311,0.45766715712533956,0.5227272727272727,0.37987012987012986
677615,2023-09-16 13:30:00+00:00,9,16,2023,11420,RB Leipzig,3,3841,FC Augsburg,0,Red Bull Arena,0,2023-2024,0.6470588235294118,0.8823529411764706,0.8,1.2,0.23529411764705882,-0.5588235294117647,0.1,-0.8,0,0,0,0.3529411764705882,0.7647058823529411,0.3529411764705882,0.5931372549019607,0.05365853658536585,0.8569105691056911,0.4552845528455285,3,3.175609756097561,1.7586612775504769,3.6152750754851803,0.05936395490130941,3,0.9463414634146341,0.21951219512195122,0.7804878048780488,0.3983739837398374,0.3060975609756098,0.39772456870910167,0.16829268292682928,0.4949677650256574,0.29552845528455285,0.5361788617886178,0.4847608279181852,0.5853658536585366,0.2910569105691057
677619,2023-09-16 13:30:00+00:00,9,16,2023,138,VfL Wolfsburg,2,598,1. FC Union Berlin,1,Volkswagen Arena,0,2023-2024,0.4411764705882353,0.35294117647058826,0.5,0.0,0.5294117647058824,0.38235294117647056,0.5,0.4,0,0,0,0.5588235294117647,0.47058823529411764,0.4411764705882353,0.4362745098039216,0.3225283630470016,0.2576985413290113,0.29011345218800644,3,3.1766612641815235,1.7561320775238225,3.6156942835624792,0.05960855302238888,1,0.7423014586709886,0.7601296596434359,0.23987034035656407,0.39708265802269044,0.19797406807131282,0.37787510277418046,0.14351701782820098,0.6026134514110308,0.27901134521880067,0.5774716369529983,0.24301367824489745,0.07455429497568881,0.546191247974068
677616,2023-09-16 13:30:00+00:00,9,16,2023,126,SC Freiburg,2,124,Borussia Dortmund,4,Europa-Park Stadion,0,2023-2024,0.5,0.029411764705882353,0.6,0.1,0.6176470588235294,1.1176470588235294,0.5,1.7,0,0,0,0.5,0.38235294117647056,0.4950980392156863,0.31372549019607854,0.2626427406199021,0.09787928221859707,0.1802610114192496,6,3.169657422512235,1.7575028835586224,3.6090331434018905,0.6036233853181302,2,0.9021207177814029,0.4355628058727569,0.564437194127243,0.8988580750407831,0.2628874388254486,0.40619351250369246,0.12703915171288743,0.7115282501249629,0.26802610114192493,0.6049347471451876,0.33701385266932893,0.24469820554649266,0.7226753670473083
677613,2023-09-16 13:30:00+00:00,9,16,2023,2950,Mainz,1,134,VfB Stuttgart,3,MEWA ARENA,0,2023-2024,0.29411764705882354,-0.29411764705882354,0.1,-1.5,0.2647058823529412,-0.14705882352941177,0.4,0.9,0,0,0,0.7058823529411764,0.7352941176470589,0.5490196078431373,0.5245098039215685,0.8566775244299675,0.4576547231270358,0.6571661237785016,4,3.1742671009771986,1.7597796744950216,3.614212019600954,0.023743417633703467,2,0.5423452768729642,0.4364820846905538,0.5635179153094463,0.6074918566775245,0.26270358306188923,0.2736642563846831,0.19857491856677523,0.5435783546533106,0.31571661237785015,0.4857084690553746,0.5018179663543471,0.6237785016286646,0.38762214983713356
677618,2023-09-16 16:30:00+00:00,9,16,2023,121,VfL Bochum,1,125,Eintracht Frankfurt,1,Vonovia Ruhrstadion,0,2023-2024,0.29411764705882354,-0.8235294117647058,0.2,-0.7,0.4117647058823529,0.35294117647058826,0.3,-0.1,0,0,0,0.7058823529411764,0.5882352941176471,0.6372549019607843,0.4411764705882353,0.7799352750809061,0.47572815533980584,0.627831715210356,2,3.176375404530744,1.754722768697566,3.6150560967051355,0.34529657840401484,0,0.5242718446601942,1.0,0.0,0.1553398058252427,0.15,0.3078155339805825,0.1941747572815534,0.47067914035253083,0.31278317152103563,0.49304207119741095,0.3765953285324874,0.343042071197411,0.23948220064724918
677611,2023-09-17 13:30:00+00:00,9,17,2023,6418,1. FC Heidenheim 1846,4,137,Werder Bremen,2,Voith-Arena,0,2023-2024,0.0,-1.0,0.0,-1.0,0.29411764705882354,-0.4411764705882353,0.2,-0.4,0,0,0,1.0,0.7058823529411764,0.6666666666666667,0.5735294117647058,0.9499192245557351,0.7253634894991923,0.8376413570274637,6,3.1744749596122777,1.7539399496173953,3.6129599470166265,0.6039062929265278,2,0.27463651050080773,0.4378029079159935,0.5621970920840065,0.8982229402261712,0.2624394184168013,0.17503659036279787,0.22564620355411955,0.6539789276861345,0.3337641357027464,0.44058966074313405,0.6929665101524773,0.8061389337641357,0.6462035541195477
677617,2023-09-17 15:30:00+00:00,9,17,2023,3812,SV Darmstadt 98,3,268,Borussia Mönchengladbach,3,Merck-Stadion am Böllenfalltor,0,2023-2024,0.0,-2.6666666666666665,0.0,-2.6666666666666665,0.2647058823529412,-0.29411764705882354,0.2,-0.5,0,0,0,1.0,0.7352941176470589,0.9444444444444444,0.5490196078431373,0.9838709677419355,0.7387096774193549,0.8612903225806452,6,3.1790322580645163,1.7561925603803927,3.6180803981596146,0.6013898756561007,0,0.2612903225806451,1.0,0.0,0.896774193548387,0.15,0.19604838709677416,0.22919354838709677,0.8216888657648282,0.3361290322580645,0.43467741935483867,0.512218134300348,0.646774193548387,0.7983870967741935
677628,2023-09-22 18:30:00+00:00,9,22,2023,134,VfB Stuttgart,3,3812,SV Darmstadt 98,1,MHPArena,0,2023-2024,0.29411764705882354,-0.08823529411764706,0.5,1.1,0.0,-2.0,0.0,-2.0,0,0,0,0.7058823529411764,1.0,0.5147058823529411,0.8333333333333334,0.3462157809983897,0.966183574879227,0.6561996779388084,4,3.183574879227053,1.7584232598883334,3.6231806941991365,0.022699332823159057,2,0.6537842190016103,0.43800322061191627,0.5619967793880838,0.605475040257649,0.26239935587761676,0.31487589493855683,0.19842995169082128,0.5654184985551024,0.31561996779388085,0.4859500805152979,0.5007619192547216,0.6215780998389694,0.43800322061191627
677620,2023-09-23 13:30:00+00:00,9,23,2023,598,1. FC Union Berlin,0,7911,TSG Hoffenheim,2,Stadion An der Alten Försterei,0,2023-2024,0.5,0.20588235294117646,0.5,0.3,0.29411764705882354,-0.23529411764705882,0.5,0.4,0,0,0,0.5,0.7058823529411764,0.46568627450980393,0.5392156862745099,0.2829581993569132,0.43890675241157556,0.3609324758842444,2,3.184887459807074,1.7573118204619353,3.624215414922558,0.3476209570381079,2,0.7170418006430868,0.43890675241157556,0.5610932475884245,0.15434083601286175,0.2622186495176849,0.3382881690635952,0.15413987138263666,0.3981568058769229,0.2860932475884244,0.5597668810289389,0.41614528529804745,0.4180064308681672,0.1045016077170418
677626,2023-09-23 13:30:00+00:00,9,23,2023,132,Bayern Munich,7,121,VfL Bochum,0,Allianz Arena,0,2023-2024,0.6176470588235294,1.3823529411764706,0.7,1.3,0.29411764705882354,-0.7941176470588235,0.2,-0.7,0,0,0,0.38235294117647056,0.7058823529411764,0.26960784313725483,0.6323529411764706,0.06581059390048154,0.7849117174959872,0.42536115569823435,7,3.182985553772071,1.7565402118562894,3.6221206067361433,0.8426089880317785,7,0.9341894060995185,0.0032102728731942215,0.9967897271268058,0.9518459069020867,0.34935794542536114,0.3689756627306901,0.16380417335473516,0.5956540063025413,0.29253611556982345,0.5436597110754413,0.6608715865690133,0.7993579454253612,0.5184590690208668
677622,2023-09-23 13:30:00+00:00,9,23,2023,124,Borussia Dortmund,1,138,VfL Wolfsburg,0,SIGNAL IDUNA PARK,0,2023-2024,0.6176470588235294,1.1470588235294117,0.6,1.9,0.47058823529411764,0.4411764705882353,0.6,0.1,0,0,0,0.38235294117647056,0.5294117647058824,0.30882352941176483,0.42647058823529405,0.07532051282051282,0.2548076923076923,0.16506410256410256,1,3.1891025641025643,1.7617689096213325,3.6295447915078975,0.6717129231979552,1,0.9246794871794872,0.7596153846153846,0.24038461538461542,0.046474358974358976,0.1980769230769231,0.45095321745562134,0.12475961538461539,0.5420197686120278,0.26650641025641025,0.6087339743589744,0.2483468140519178,0.08012820512820513,0.38621794871794873
677623,2023-09-23 13:30:00+00:00,9,23,2023,268,Borussia Mönchengladbach,0,11420,RB Leipzig,1,BORUSSIA-PARK,0,2023-2024,0.2647058823529412,-0.29411764705882354,0.2,-0.5,0.6470588235294118,0.9117647058823529,0.8,1.4,0,0,0,0.7352941176470589,0.3529411764705882,0.5490196078431373,0.3480392156862745,0.7264,0.0448,0.3856,1,3.1856,1.7625331420779222,3.6262332855194805,0.6704739260584481,1,0.9552,0.76,0.24,0.0464,0.198,0.4632352,0.15784,0.55690703872,0.28856,0.5536000000000001,0.3885501644890655,0.3664,0.4224
677625,2023-09-23 13:30:00+00:00,9,23,2023,3841,FC Augsburg,2,2950,Mainz,1,WWK Arena,0,2023-2024,0.23529411764705882,-0.6176470588235294,0.1,-1.0,0.29411764705882354,-0.2647058823529412,0.1,-1.7,0,0,0,0.7647058823529411,0.7058823529411764,0.6029411764705883,0.5441176470588236,0.8674121405750799,0.8769968051118211,0.8722044728434505,3,3.182108626198083,1.7632876641607478,3.62293054223827,0.0604954650298668,1,0.13258785942492013,0.7603833865814696,0.23961661341853036,0.3977635782747604,0.19792332268370608,0.13338048260163932,0.23083067092651757,0.3936455239378225,0.3372204472843451,0.4319488817891374,0.47151557707082514,0.5559105431309904,0.09744408945686901
677627,2023-09-23 16:30:00+00:00,9,23,2023,137,Werder Bremen,2,122,FC Cologne,1,Weserstadion,0,2023-2024,0.29411764705882354,-0.47058823529411764,0.2,-0.5,0.2647058823529412,-0.3235294117647059,0.3,0.0,0,0,0,0.7058823529411764,0.7352941176470589,0.5784313725490196,0.553921568627451,0.7240829346092504,0.6156299840510366,0.6698564593301435,3,3.1818181818181817,1.7618937347026764,3.6222916154938507,0.06046787348515603,1,0.38437001594896336,0.7607655502392344,0.23923444976076558,0.39712918660287083,0.1978468899521531,0.23437711285608542,0.20047846889952153,0.479832865409203,0.31698564593301437,0.48253588516746404,0.4111861728187738,0.4003189792663477,0.26953748006379585
677621,2023-09-24 13:30:00+00:00,9,24,2023,131,Bayer Leverkusen,4,6418,1. FC Heidenheim 1846,1,BayArena,0,2023-2024,0.47058823529411764,0.5294117647058824,0.4,0.6,0.25,-0.25,0.25,-0.25,0,0,0,0.5294117647058824,0.75,0.4117647058823529,0.5416666666666667,0.2945859872611465,0.6878980891719745,0.4912420382165605,5,3.1815286624203822,1.760503105417632,3.62165443877479,0.2639722143879608,3,0.7054140127388535,0.21815286624203822,0.7818471337579618,0.7786624203821656,0.3063694267515924,0.31401142034159596,0.17368630573248406,0.580214946511441,0.29912420382165605,0.5271894904458599,0.5386953999416365,0.7022292993630573,0.482484076433121
677624,2023-09-24 15:30:00+00:00,9,24,2023,125,Eintracht Frankfurt,0,126,SC Freiburg,0,Deutsche Bank Park,0,2023-2024,0.38235294117647056,0.3235294117647059,0.3,-0.1,0.47058823529411764,-0.058823529411764705,0.5,-0.2,0,0,0,0.6176470588235294,0.5294117647058824,0.446078431372549,0.5098039215686274,0.48012718600953896,0.3799682034976153,0.4300476947535771,0,3.1844197138314785,1.760594551246328,3.6245683516430605,0.8798675832330949,0,0.6200317965023847,1.0,0.0,0.0,0.15,0.34851351351351345,0.16450715421303658,0.44151828298887114,0.2930047694753577,0.5424880763116058,0.3780402588510873,0.3465818759936407,0.1669316375198728
677635,2023-09-29 18:30:00+00:00,9,29,2023,7911,TSG Hoffenheim,1,124,Borussia Dortmund,3,PreZero Arena,0,2023-2024,0.3235294117647059,-0.14705882352941177,0.6,0.8,0.6176470588235294,1.1470588235294117,0.6,1.6,0,0,0,0.6764705882352942,0.38235294117647056,0.5245098039215685,0.30882352941176483,0.3047619047619048,0.08253968253968254,0.19365079365079366,4,3.179365079365079,1.7637633859022908,3.620305925840652,0.022905250871912974,2,0.9174603174603174,0.4380952380952381,0.5619047619047619,0.6063492063492063,0.2623809523809524,0.412130007558579,0.12904761904761905,0.6186363267705671,0.26936507936507936,0.6015873015873016,0.2708112472774213,0.11428571428571428,0.5936507936507937
677629,2023-09-30 13:30:00+00:00,9,30,2023,6418,1. FC Heidenheim 1846,1,598,1. FC Union Berlin,0,Voith-Arena,0,2023-2024,0.2,-0.8,0.2,-0.8,0.5,0.14705882352941177,0.4,0.0,0,0,0,0.8,0.5,0.6333333333333333,0.47549019607843135,0.8272583201267829,0.38827258320126784,0.6077654516640254,1,3.180665610142631,1.7626657843649807,3.621332056233876,0.6690519134949882,1,0.6117274167987321,0.7606973058637084,0.23930269413629157,0.04754358161648178,0.19786053882725832,0.3255592963650382,0.1911648177496038,0.39134712390930454,0.3107765451664025,0.49805863708399367,0.5049716841635045,0.6339144215530903,0.09667194928684628
677630,2023-09-30 13:30:00+00:00,9,30,2023,122,FC Cologne,0,134,VfB Stuttgart,2,RheinEnergieStadion,0,2023-2024,0.23529411764705882,-0.4117647058823529,0.2,-0.3,0.3235294117647059,-0.029411764705882353,0.6,1.3,0,0,0,0.7647058823529411,0.6764705882352942,0.5686274509803921,0.5049019607843137,0.7294303797468354,0.2689873417721519,0.49920886075949367,2,3.1772151898734178,1.7634032337254661,3.6180659983047843,0.34359533167934553,2,0.7310126582278481,0.43829113924050633,0.5617088607594937,0.15822784810126583,0.26234177215189874,0.3433845737862522,0.17488132911392407,0.40466264411258546,0.29992088607594936,0.5251977848101266,0.49074001534559597,0.5996835443037974,0.11708860759493671
677631,2023-09-30 13:30:00+00:00,9,30,2023,2950,Mainz,0,131,Bayer Leverkusen,3,MEWA ARENA,0,2023-2024,0.2647058823529412,-0.3235294117647059,0.0,-2.0,0.5,0.6470588235294118,0.4,0.7,0,0,0,0.7352941176470589,0.5,0.553921568627451,0.3921568627450981,0.9178515007898894,0.27330173775671407,0.5955766192733017,3,3.175355450236967,1.762628729935619,3.6160126327208717,0.059242566860956525,3,0.7266982622432859,0.21800947867298578,0.7819905213270142,0.3981042654028436,0.3063981042654028,0.32137983573295004,0.18933649289099524,0.4409060101321445,0.3095576619273302,0.5011058451816746,0.5517348624420306,0.717219589257504,0.16903633491311215
677636,2023-09-30 13:30:00+00:00,9,30,2023,121,VfL Bochum,1,268,Borussia Mönchengladbach,3,Vonovia Ruhrstadion,0,2023-2024,0.29411764705882354,-0.9411764705882353,0.2,-1.0,0.2647058823529412,-0.29411764705882354,0.2,-0.5,0,0,0,0.7058823529411764,0.7352941176470589,0.6568627450980393,0.5490196078431373,0.8123028391167192,0.7381703470031545,0.7752365930599369,4,3.175078864353312,1.7612496667750692,3.6153912810470796,0.023561296638684448,2,0.26182965299684546,0.4400630914826498,0.5599369085173502,0.6072555205047319,0.26198738170347,0.17041805570758992,0.21628548895899052,0.4882656932207185,0.3275236593059937,0.45619085173501583,0.5421443935062581,0.7066246056782335,0.2870662460567823
677637,2023-09-30 13:30:00+00:00,9,30,2023,138,VfL Wolfsburg,2,125,Eintracht Frankfurt,0,Volkswagen Arena,0,2023-2024,0.47058823529411764,0.47058823529411764,0.5,-0.4,0.35294117647058826,0.20588235294117646,0.3,0.3,0,0,0,0.5294117647058824,0.6470588235294117,0.42156862745098034,0.46568627450980393,0.3354330708661417,0.48346456692913387,0.4094488188976378,2,3.1763779527559057,1.7601645630744456,3.616419093524517,0.34404870316567726,2,0.6645669291338583,0.4409448818897638,0.5590551181102362,0.15748031496062992,0.2618110236220472,0.3191068882137764,0.16141732283464566,0.38069667635398263,0.29094488188976375,0.5476377952755906,0.44241929435748284,0.47716535433070867,0.09133858267716535
677632,2023-09-30 16:30:00+00:00,9,30,2023,11420,RB Leipzig,2,132,Bayern Munich,2,Red Bull Arena,0,2023-2024,0.6764705882352942,1.0588235294117647,0.9,1.7,0.6470588235294118,1.588235294117647,0.8,2.2,0,0,0,0.32352941176470584,0.3529411764705882,0.32352941176470595,0.23529411764705888,0.029874213836477988,0.02358490566037736,0.026729559748427674,4,3.1745283018867925,1.7593965315139308,3.614377434765275,0.023733514304670522,0,0.9764150943396226,1.0,0.0,0.6069182389937107,0.15,0.49997641509433954,0.10400943396226416,0.858874377002492,0.2526729559748428,0.643317610062893,0.019664105884155875,0.0,0.8207547169811321
677634,2023-10-01 13:30:00+00:00,10,1,2023,3812,SV Darmstadt 98,4,137,Werder Bremen,2,Merck-Stadion am Böllenfalltor,0,2023-2024,0.0,-2.0,0.0,-2.0,0.29411764705882354,-0.5,0.2,-0.6,0,0,0,1.0,0.7058823529411764,0.8333333333333334,0.5833333333333333,0.9748822605965463,0.7488226059654631,0.8618524332810047,6,3.1758241758241756,1.7583170253085985,3.615403432151325,0.6013270135901958,2,0.25117739403453687,0.4411302982731554,0.5588697017268446,0.8963893249607535,0.26177394034536894,0.1665354549016805,0.2292778649921507,0.6516728863368383,0.33618524332810046,0.4345368916797488,0.7002613979463641,0.8131868131868132,0.6467817896389325
677633,2023-10-01 15:30:00+00:00,10,1,2023,126,SC Freiburg,2,3841,FC Augsburg,0,Europa-Park Stadion,0,2023-2024,0.4411764705882353,-0.08823529411764706,0.4,-0.6,0.2647058823529412,-0.5294117647058824,0.2,-0.9,0,0,0,0.5588235294117647,0.7352941176470589,0.5147058823529411,0.588235294117647,0.47492163009404387,0.799373040752351,0.6371473354231975,2,3.1802507836990594,1.7604904946044972,3.6203734073501836,0.34529954441589683,2,0.5250783699059561,0.44200626959247646,0.5579937304075235,0.15673981191222572,0.2615987460815047,0.26769938876386834,0.1955721003134796,0.3294623731726922,0.31371473354231977,0.49071316614420063,0.5552383978576441,0.719435736677116,0.04075235109717868
677640,2023-10-06 18:30:00+00:00,10,6,2023,268,Borussia Mönchengladbach,2,2950,Mainz,2,BORUSSIA-PARK,0,2023-2024,0.29411764705882354,-0.23529411764705882,0.3,-0.2,0.2647058823529412,-0.3235294117647059,0.0,-2.0,0,0,0,0.7058823529411764,0.7352941176470589,0.5392156862745099,0.553921568627451,0.6009389671361502,0.9233176838810642,0.7621283255086072,4,3.1784037558685445,1.7597297686489404,3.6183361980307795,0.023245701833624954,0,0.39906103286384975,1.0,0.0,0.6056338028169014,0.15,0.2546009389671361,0.21431924882629108,0.6750538914236592,0.32621283255086075,0.4594679186228482,0.3551555168003787,0.2863849765258216,0.6776212832550861
677639,2023-10-07 13:30:00+00:00,10,7,2023,124,Borussia Dortmund,4,598,1. FC Union Berlin,2,SIGNAL IDUNA PARK,0,2023-2024,0.6470588235294118,1.2941176470588236,0.7,1.8,0.47058823529411764,0.08823529411764706,0.4,-0.1,0,0,0,0.3529411764705882,0.5294117647058824,0.28431372549019607,0.48529411764705876,0.04375,0.4015625,0.22265625,6,3.1796875,1.7586521805562547,3.6193505451390635,0.599972743806868,2,0.95625,0.4421875,0.5578125,0.8953125,0.26156250000000003,0.4269091796875,0.1333984375,0.7178082427978516,0.272265625,0.5943359374999999,0.3642412065957209,0.31875,0.7375
677642,2023-10-07 13:30:00+00:00,10,7,2023,3841,FC Augsburg,1,3812,SV Darmstadt 98,2,WWK Arena,0,2023-2024,0.23529411764705882,-0.6176470588235294,0.2,-1.1,0.16666666666666666,-1.3333333333333333,0.16666666666666666,-1.3333333333333333,0,0,0,0.7647058823529411,0.8333333333333334,0.6029411764705883,0.7222222222222222,0.8205928237129485,0.9173166926677067,0.8689547581903276,3,3.1840873634945397,1.760804899003774,3.6242885882454834,0.06091744629281415,1,0.1794071762870515,0.7613104524180967,0.2386895475819033,0.3962558502340094,0.19773790951638065,0.1521919971962685,0.23034321372854916,0.4089350357584242,0.3368954758190328,0.43276131045241806,0.4704953489351683,0.5491419656786272,0.1294851794071763
677644,2023-10-07 13:30:00+00:00,10,7,2023,11420,RB Leipzig,0,121,VfL Bochum,0,Red Bull Arena,0,2023-2024,0.6470588235294118,0.9705882352941176,0.8,1.6,0.29411764705882354,-0.9411764705882353,0.2,-1.2,0,0,0,0.3529411764705882,0.7058823529411764,0.3382352941176471,0.6568627450980393,0.04205607476635514,0.8442367601246106,0.44314641744548283,0,3.1838006230529596,1.7594458807535682,3.623662093241352,0.8800724698635156,0,0.9579439252336449,1.0,0.0,0.0,0.15,0.4921261682242991,0.16647196261682243,0.6358177570093458,0.2943146417445483,0.5392133956386294,0.3854578758190861,0.3582554517133956,0.6308411214953271
677646,2023-10-07 13:30:00+00:00,10,7,2023,134,VfB Stuttgart,3,138,VfL Wolfsburg,1,MHPArena,0,2023-2024,0.35294117647058826,0.029411764705882353,0.6,1.4,0.47058823529411764,0.5,0.5,-0.5,0,0,0,0.6470588235294117,0.5294117647058824,0.4950980392156863,0.41666666666666663,0.2255054432348367,0.3545878693623639,0.2900466562986003,4,3.1788491446345257,1.7625528199005256,3.619487349609657,0.023034215538104585,2,0.7744945567651633,0.4416796267496112,0.5583203732503887,0.6049766718506998,0.26166407465007774,0.35975217015883454,0.14350699844479006,0.5905869459878396,0.27900466562986004,0.5774883359253499,0.3265781210730577,0.22706065318818042,0.5132192846034215
677645,2023-10-07 16:30:00+00:00,10,7,2023,137,Werder Bremen,2,7911,TSG Hoffenheim,3,Weserstadion,0,2023-2024,0.29411764705882354,-0.5294117647058824,0.2,-0.7,0.29411764705882354,-0.29411764705882354,0.6,0.7,0,0,0,0.7058823529411764,0.7058823529411764,0.588235294117647,0.5490196078431373,0.7406832298136646,0.358695652173913,0.5496894409937888,5,3.1801242236024843,1.7614789444203558,3.620493959707573,0.2641019235551637,1,0.6413043478260869,0.7608695652173914,0.23913043478260865,0.7795031055900621,0.19782608695652174,0.3374362003780718,0.18245341614906832,0.7458761550564172,0.3049689440993789,0.5125776397515528,0.402872170622804,0.38975155279503104,0.7515527950310559
677638,2023-10-08 13:30:00+00:00,10,8,2023,131,Bayer Leverkusen,3,122,FC Cologne,0,BayArena,0,2023-2024,0.5294117647058824,0.7352941176470589,0.5,1.0,0.23529411764705882,-0.4411764705882353,0.2,-0.4,0,0,0,0.47058823529411764,0.7647058823529411,0.37745098039215685,0.5735294117647058,0.17364341085271318,0.7550387596899225,0.46434108527131784,3,3.1829457364341085,1.7615688602877155,3.6233379515060373,0.06068677200191963,3,0.8263565891472868,0.21550387596899226,0.7844961240310078,0.3953488372093023,0.3068992248062016,0.35568427378162365,0.1696511627906977,0.4636567577324895,0.2964341085271318,0.5339147286821705,0.4907655351648819,0.6015503875968993,0.22015503875968992
677643,2023-10-08 15:30:00+00:00,10,8,2023,132,Bayern Munich,3,126,SC Freiburg,0,Allianz Arena,0,2023-2024,0.6470588235294118,1.588235294117647,0.7,2.0,0.47058823529411764,-0.029411764705882353,0.4,-0.5,0,0,0,0.3529411764705882,0.5294117647058824,0.23529411764705888,0.5049019607843137,0.03869969040247678,0.46594427244582043,0.25232198142414863,3,3.1826625386996903,1.7602174902764407,3.6227169112688005,0.06065980000891158,3,0.9613003095975232,0.21671826625386997,0.78328173374613,0.39473684210526316,0.30665634674922604,0.40259009958880076,0.1378482972136223,0.49680860906734464,0.27523219814241484,0.5869195046439628,0.3720388958325409,0.3281733746130031,0.30340557275541796
677641,2023-10-08 17:30:00+00:00,10,8,2023,125,Eintracht Frankfurt,2,6418,1. FC Heidenheim 1846,0,Deutsche Bank Park,0,2023-2024,0.35294117647058826,0.17647058823529413,0.3,0.1,0.3333333333333333,-0.5,0.3333333333333333,-0.5,0,0,0,0.6470588235294117,0.6666666666666667,0.47058823529411764,0.5833333333333333,0.49768160741885625,0.624420401854714,0.5610510046367851,2,3.1823802163833075,1.7588692251520426,3.622097522671318,0.34640163932916446,2,0.5023183925811437,0.4435857805255023,0.5564142194744977,0.1561051004636785,0.26128284389489953,0.25940732282392404,0.18415765069551776,0.32113928760078414,0.3061051004636785,0.5097372488408036,0.5201023382105192,0.6615146831530139,0.03709428129829984
677651,2023-10-20 18:30:00+00:00,10,20,2023,124,Borussia Dortmund,1,137,Werder Bremen,0,SIGNAL IDUNA PARK,0,2023-2024,0.6470588235294118,1.3235294117647058,0.7,1.4,0.29411764705882354,-0.5588235294117647,0.2,-0.7,0,0,0,0.3529411764705882,0.7058823529411764,0.27941176470588236,0.5931372549019607,0.05555555555555555,0.7623456790123457,0.40895061728395066,1,3.1805555555555554,1.7581231210611754,3.620086335820849,0.6705923641967522,1,0.9444444444444444,0.7623456790123457,0.23765432098765427,0.047839506172839504,0.19753086419753085,0.45919067215363507,0.1613425925925926,0.5530412242374977,0.2908950617283951,0.5477623456790123,0.4013353283763604,0.38117283950617287,0.41512345679012347
677647,2023-10-21 13:30:00+00:00,10,21,2023,598,1. FC Union Berlin,0,134,VfB Stuttgart,3,Stadion An der Alten Försterei,0,2023-2024,0.4411764705882353,-0.029411764705882353,0.4,-0.2,0.38235294117647056,0.14705882352941177,0.7,1.7,0,0,0,0.5588235294117647,0.6176470588235294,0.5049019607843137,0.47549019607843135,0.41960183767228176,0.1638591117917305,0.29173047473200614,3,3.1791730474732005,1.7540648468285902,3.6176892591803482,0.06012075276933393,3,0.8361408882082695,0.21592649310872894,0.7840735068912711,0.39356814701378257,0.30681470137825423,0.35911881550342506,0.14375957120980093,0.4655615101070722,0.2791730474732006,0.5770673813169984,0.39588326510472915,0.3767228177641654,0.22664624808575803
677652,2023-10-21 13:30:00+00:00,10,21,2023,126,SC Freiburg,2,121,VfL Bochum,1,Europa-Park Stadion,0,2023-2024,0.47058823529411764,-0.11764705882352941,0.4,-0.7,0.29411764705882354,-0.9411764705882353,0.2,-1.0,0,0,0,0.5294117647058824,0.7058823529411764,0.5196078431372548,0.6568627450980393,0.4723926380368098,0.8312883435582822,0.651840490797546,3,3.1794478527607364,1.7553974701994062,3.618297220310588,0.060146903376115946,1,0.5276073619631902,0.7638036809815951,0.23619631901840488,0.3941717791411043,0.197239263803681,0.2920473107757161,0.1977760736196319,0.5284405181715766,0.3151840490797546,0.4870398773006135,0.4038132432536704,0.3941717791411043,0.37883435582822084
677655,2023-10-21 13:30:00+00:00,10,21,2023,3812,SV Darmstadt 98,1,11420,RB Leipzig,3,Merck-Stadion am Böllenfalltor,0,2023-2024,0.2857142857142857,-1.0,0.2857142857142857,-1.0,0.6470588235294118,1.0588235294117647,0.7,1.5,0,0,0,0.7142857142857143,0.3529411764705882,0.6666666666666667,0.32352941176470595,0.7788018433179723,0.055299539170506916,0.4170506912442396,4,3.1781874039938556,1.756451957405002,3.617300393345106,0.023456834455380715,2,0.9447004608294931,0.44393241167434716,0.5560675883256528,0.6052227342549923,0.26121351766513057,0.42284461339166257,0.16255760368663594,0.6256981612870496,0.29170506912442395,0.5457373271889401,0.3936209506314583,0.3763440860215054,0.6082949308755761
677654,2023-10-21 13:30:00+00:00,10,21,2023,7911,TSG Hoffenheim,1,125,Eintracht Frankfurt,3,PreZero Arena,0,2023-2024,0.3235294117647059,-0.2647058823529412,0.6,0.6,0.35294117647058826,0.17647058823529413,0.4,0.5,0,0,0,0.6764705882352942,0.6470588235294117,0.5441176470588236,0.47058823529411764,0.3415384615384615,0.4046153846153846,0.3730769230769231,4,3.1769230769230767,1.7575081490336357,3.6163001141814854,0.023550161833508,2,0.6584615384615384,0.4430769230769231,0.5569230769230769,0.6061538461538462,0.2613846153846154,0.317036449704142,0.15596153846153846,0.568124943468366,0.2873076923076923,0.5567307692307693,0.37138460586110467,0.32769230769230767,0.45384615384615384
677653,2023-10-21 13:30:00+00:00,10,21,2023,138,VfL Wolfsburg,1,131,Bayer Leverkusen,2,Volkswagen Arena,0,2023-2024,0.47058823529411764,0.5,0.5,-0.1,0.5588235294117647,0.8235294117647058,0.6,1.4,0,0,0,0.5294117647058824,0.4411764705882353,0.41666666666666663,0.36274509803921573,0.3035439137134052,0.12018489984591679,0.211864406779661,3,3.177195685670262,1.758849975067848,3.616908179437224,0.059657488639111356,1,0.8798151001540833,0.7627118644067796,0.23728813559322037,0.39599383667180277,0.19745762711864406,0.43329868637538843,0.13177966101694916,0.6504264749962968,0.2711864406779661,0.5970338983050847,0.19870120122837584,0.04160246533127889,0.6471494607087828
677650,2023-10-21 16:30:00+00:00,10,21,2023,2950,Mainz,1,132,Bayern Munich,3,MEWA ARENA,0,2023-2024,0.2647058823529412,-0.3235294117647059,0.0,-1.9,0.6764705882352942,1.7058823529411764,0.7,2.2,0,0,0,0.7352941176470589,0.32352941176470584,0.553921568627451,0.21568627450980393,0.9128440366972477,0.03058103975535168,0.47171253822629966,4,3.1788990825688073,1.7527352534880962,3.617082895940831,0.023581702282438055,2,0.9694189602446484,0.44495412844036697,0.555045871559633,0.6055045871559633,0.2610091743119266,0.43209494150324046,0.17075688073394496,0.6311165361290494,0.29717125382263,0.532071865443425,0.4199553856717164,0.43425076452599387,0.6284403669724771
677648,2023-10-22 13:30:00+00:00,10,22,2023,122,FC Cologne,3,268,Borussia Mönchengladbach,1,RheinEnergieStadion,0,2023-2024,0.23529411764705882,-0.5294117647058824,0.1,-0.8,0.2647058823529412,-0.3235294117647059,0.2,-0.4,0,0,0,0.7647058823529411,0.7352941176470589,0.588235294117647,0.553921568627451,0.8412213740458016,0.7236641221374046,0.7824427480916031,4,3.1801526717557254,1.7516885626995424,3.618074812430611,0.023488844068747294,2,0.2763358778625954,0.44580152671755724,0.5541984732824428,0.6045801526717557,0.26083969465648854,0.1760442864634928,0.21736641221374048,0.4910089463460331,0.3282442748091603,0.4543893129770993,0.542551784474468,0.7129770992366412,0.2916030534351145
677649,2023-10-22 15:30:00+00:00,10,22,2023,6418,1. FC Heidenheim 1846,2,3841,FC Augsburg,5,Voith-Arena,0,2023-2024,0.2857142857142857,-0.7142857142857143,0.2857142857142857,-0.7142857142857143,0.20588235294117646,-0.6764705882352942,0.1,-1.3,0,0,0,0.7142857142857143,0.7941176470588236,0.6190476190476191,0.6127450980392157,0.7179878048780488,0.9039634146341463,0.8109756097560976,7,3.1814024390243905,1.7506435500473199,3.6190633265362204,0.8450836910952398,3,0.2820121951219512,0.21646341463414634,0.7835365853658537,0.9527439024390244,0.30670731707317084,0.16708776397977396,0.22164634146341464,0.6240021196426434,0.3310975609756098,0.44725609756097556,0.809450547148095,0.8338414634146342,0.6021341463414634
677659,2023-10-27 18:30:00+00:00,10,27,2023,121,VfL Bochum,2,2950,Mainz,2,Vonovia Ruhrstadion,0,2023-2024,0.29411764705882354,-0.8529411764705882,0.1,-1.2,0.2647058823529412,-0.35294117647058826,0.0,-1.8,0,0,0,0.7058823529411764,0.7352941176470589,0.642156862745098,0.5588235294117647,0.8736681887366818,0.9162861491628614,0.8949771689497716,4,3.1872146118721463,1.7556409966318447,3.6261248610301076,0.022420081750724297,0,0.12633181126331816,1.0,0.0,0.6027397260273972,0.15,0.13869101978691023,0.23424657534246573,0.586374971330873,0.33949771689497715,0.4262557077625571,0.3867409539510198,0.3576864535768645,0.4992389649923896
677664,2023-10-28 13:30:00+00:00,10,28,2023,132,Bayern Munich,8,3812,SV Darmstadt 98,0,Allianz Arena,0,2023-2024,0.6764705882352942,1.6470588235294117,0.7,1.8,0.25,-1.125,0.25,-1.125,0,0,0,0.32352941176470584,0.75,0.22549019607843146,0.6875,0.0364741641337386,0.8465045592705167,0.44148936170212766,8,3.188449848024316,1.7545905083874302,3.6270974751211735,0.9552063813514157,8,0.9635258358662614,0.0,1.0,0.9908814589665653,0.35,0.378145896656535,0.16622340425531915,0.6066092331002115,0.29414893617021276,0.5396276595744681,0.6911664636271946,0.8130699088145896,0.5729483282674772
677657,2023-10-28 13:30:00+00:00,10,28,2023,268,Borussia Mönchengladbach,2,6418,1. FC Heidenheim 1846,1,BORUSSIA-PARK,0,2023-2024,0.2647058823529412,-0.2647058823529412,0.2,-0.3,0.25,-1.0,0.25,-1.0,0,0,0,0.7352941176470589,0.75,0.5441176470588236,0.6666666666666667,0.6934749620637329,0.8315629742033384,0.7625189681335356,3,3.195751138088012,1.763246911381506,3.6365628659333886,0.06308881882944894,1,0.30652503793626706,0.7647951441578149,0.2352048558421851,0.3899848254931715,0.19704097116843702,0.20335942627008782,0.21437784522003034,0.44976103926319827,0.32625189681335354,0.4593702579666161,0.4405394104922986,0.4764795144157815,0.19119878603945373
677660,2023-10-28 13:30:00+00:00,10,28,2023,3841,FC Augsburg,3,138,VfL Wolfsburg,2,WWK Arena,0,2023-2024,0.20588235294117646,-0.6176470588235294,0.2,-0.9,0.4411764705882353,0.4411764705882353,0.4,-0.3,0,0,0,0.7941176470588236,0.5588235294117647,0.6029411764705883,0.42647058823529405,0.8181818181818182,0.40454545454545454,0.6113636363636363,5,3.1954545454545453,1.7619250592664144,3.6359358102711488,0.2589482564376572,1,0.5954545454545455,0.7651515151515151,0.23484848484848486,0.7803030303030303,0.19696969696969696,0.31938705234159775,0.19170454545454546,0.7390542824943651,0.31113636363636366,0.49715909090909094,0.42665645104731686,0.4409090909090909,0.75
677663,2023-10-28 13:30:00+00:00,10,28,2023,134,VfB Stuttgart,2,7911,TSG Hoffenheim,3,MHPArena,0,2023-2024,0.4117647058823529,0.2647058823529412,0.8,2.0,0.3235294117647059,-0.3235294117647059,0.6,0.5,0,0,0,0.5882352941176471,0.6764705882352942,0.4558823529411765,0.553921568627451,0.11043872919818457,0.36459909228441756,0.23751891074130105,5,3.1981845688350985,1.7619882972999907,3.6386816431600963,0.2580386290385166,1,0.8895612708018155,0.7655068078668684,0.23449319213313158,0.7791225416036308,0.1968986384266263,0.43751407004927667,0.13562783661119515,0.7949107019284423,0.2737518910741301,0.5906202723146747,0.239473659550979,0.07261724659606657,0.789712556732224
677662,2023-10-28 13:30:00+00:00,10,28,2023,137,Werder Bremen,2,598,1. FC Union Berlin,0,Weserstadion,0,2023-2024,0.2647058823529412,-0.7058823529411765,0.2,-0.7,0.4411764705882353,-0.058823529411764705,0.3,-0.7,0,0,0,0.7352941176470589,0.5588235294117647,0.6176470588235294,0.5098039215686274,0.7764350453172205,0.5513595166163142,0.6638972809667674,2,3.200906344410876,1.7620471247625702,3.641418125601519,0.3520124402404454,2,0.4486404833836858,0.44561933534743203,0.554380664652568,0.1540785498489426,0.2608761329305136,0.2397128312081854,0.19958459214501512,0.30080879508252256,0.31638972809667676,0.4840256797583081,0.5669999397764738,0.7371601208459214,0.03172205438066465
677661,2023-10-28 16:30:00+00:00,10,28,2023,11420,RB Leipzig,6,122,FC Cologne,0,Red Bull Arena,0,2023-2024,0.6470588235294118,1.0,0.7,1.6,0.23529411764705882,-0.5,0.1,-0.9,0,0,0,0.3529411764705882,0.7647058823529411,0.33333333333333337,0.5833333333333333,0.06636500754147813,0.8597285067873304,0.46304675716440424,6,3.1990950226244346,1.7613333734095777,3.639428365976829,0.5926542156676682,6,0.9336349924585219,0.01809954751131222,0.9819004524886877,0.8944193061840121,0.34638009049773755,0.3704832005896685,0.16945701357466064,0.5833410902116799,0.2963046757164404,0.5342383107088988,0.6387484259567077,0.8009049773755657,0.4917043740573152
677658,2023-10-29 14:30:00+00:00,10,29,2023,125,Eintracht Frankfurt,3,124,Borussia Dortmund,3,Deutsche Bank Park,0,2023-2024,0.35294117647058826,0.17647058823529413,0.4,0.4,0.6764705882352942,1.3823529411764706,0.7,1.2,0,0,0,0.6470588235294117,0.32352941176470584,0.47058823529411764,0.26960784313725483,0.3960843373493976,0.04969879518072289,0.22289156626506024,6,3.2033132530120483,1.7633578582963074,3.6441527175861252,0.59034867045973,0,0.9503012048192772,1.0,0.0,0.8930722891566265,0.15,0.48887801204819276,0.13343373493975905,0.9539312332159965,0.27228915662650605,0.5942771084337348,0.21123178351042898,0.05120481927710843,0.8358433734939759
677656,2023-10-29 16:30:00+00:00,10,29,2023,131,Bayer Leverkusen,2,126,SC Freiburg,1,BayArena,0,2023-2024,0.5882352941176471,0.9705882352941176,0.7,1.5,0.47058823529411764,-0.11764705882352941,0.5,-0.4,0,0,0,0.4117647058823529,0.5294117647058824,0.3382352941176471,0.5196078431372548,0.08721804511278196,0.3954887218045113,0.24135338345864663,3,3.207518796992481,1.7653638853259135,3.6488597683239594,0.06531579736553939,1,0.912781954887218,0.7654135338345864,0.23458646616541357,0.3879699248120301,0.1969172932330827,0.4468279721861043,0.136203007518797,0.659966851664749,0.2741353383458647,0.5896616541353383,0.21552148363467732,0.05263157894736842,0.6646616541353384
677671,2023-11-03 19:30:00+00:00,11,3,2023,3812,SV Darmstadt 98,1,121,VfL Bochum,2,Merck-Stadion am Böllenfalltor,0,2023-2024,0.2222222222222222,-1.8888888888888888,0.2222222222222222,-1.8888888888888888,0.2647058823529412,-0.9411764705882353,0.1,-1.2,0,0,0,0.7777777777777778,0.7352941176470589,0.8148148148148148,0.6568627450980393,0.9279279279279279,0.8873873873873874,0.9076576576576576,3,3.2072072072072073,1.7640543720864437,3.648220800228818,0.06528509758937062,1,0.11261261261261257,0.7657657657657657,0.23423423423423428,0.38738738738738737,0.1968468468468469,0.12553790276763252,0.23614864864864865,0.38079966745415983,0.3407657657657658,0.4230855855855856,0.47925286737134265,0.5795795795795796,0.09309309309309309
677667,2023-11-04 14:30:00+00:00,11,4,2023,598,1. FC Union Berlin,0,125,Eintracht Frankfurt,3,Stadion An der Alten Försterei,0,2023-2024,0.4117647058823529,-0.14705882352941177,0.3,-0.7,0.35294117647058826,0.2647058823529412,0.4,0.4,0,0,0,0.5882352941176471,0.6470588235294117,0.5245098039215685,0.4558823529411765,0.5742128935532234,0.4062968515742129,0.49025487256371814,3,3.206896551724138,1.7627477679709556,3.6475834937168767,0.06525447416596541,3,0.5937031484257871,0.21739130434782608,0.782608695652174,0.3868065967016492,0.3065217391304348,0.2752079395085066,0.17353823088455772,0.40360045402629496,0.2990254872563718,0.5274362818590705,0.5039222997008286,0.6356821589205397,0.11544227886056972
677666,2023-11-04 14:30:00+00:00,11,4,2023,122,FC Cologne,1,3841,FC Augsburg,1,RheinEnergieStadion,0,2023-2024,0.23529411764705882,-0.5882352941176471,0.1,-1.5,0.23529411764705882,-0.5882352941176471,0.3,-0.5,0,0,0,0.7647058823529411,0.7647058823529411,0.5980392156862746,0.5980392156862746,0.8997005988023952,0.7140718562874252,0.8068862275449102,2,3.2065868263473054,1.7614440622267649,3.6469478419039967,0.35410042843224354,0,0.2859281437125748,1.0,0.0,0.15269461077844312,0.15000000000000002,0.20651946107784433,0.22103293413173652,0.347664693068952,0.330688622754491,0.44827844311377246,0.43997755852746123,0.4745508982035928,0.05538922155688623
677668,2023-11-04 14:30:00+00:00,11,4,2023,2950,Mainz,2,11420,RB Leipzig,0,MEWA ARENA,0,2023-2024,0.2647058823529412,-0.35294117647058826,0.0,-1.5,0.6764705882352942,1.1764705882352942,0.7,2.0,0,0,0,0.7352941176470589,0.32352941176470584,0.5588235294117647,0.3039215686274509,0.905829596412556,0.03587443946188341,0.4708520179372197,2,3.204783258594918,1.760743197386959,3.6449690579416574,0.3536465139042835,2,0.9641255605381166,0.445440956651719,0.554559043348281,0.15246636771300448,0.2609118086696562,0.43019572750976964,0.17062780269058297,0.4902742521667237,0.297085201793722,0.532286995515695,0.47572161885663494,0.5680119581464873,0.2914798206278027
677670,2023-11-04 14:30:00+00:00,11,4,2023,126,SC Freiburg,3,268,Borussia Mönchengladbach,3,Europa-Park Stadion,0,2023-2024,0.47058823529411764,-0.14705882352941177,0.4,-0.7,0.2647058823529412,-0.3235294117647059,0.3,-0.2,0,0,0,0.5294117647058824,0.7352941176470589,0.5245098039215685,0.553921568627451,0.47313432835820896,0.6492537313432836,0.5611940298507463,6,3.2029850746268655,1.7600423073164213,3.642995651455971,0.5920842437557295,0,0.526865671641791,1.0,0.0,0.8925373134328358,0.15000000000000002,0.3089179104477612,0.18417910447761193,0.8708837157496102,0.3061194029850746,0.5097014925373133,0.3950909804081893,0.373134328358209,0.8313432835820895
677672,2023-11-04 14:30:00+00:00,11,4,2023,7911,TSG Hoffenheim,2,131,Bayer Leverkusen,3,PreZero Arena,0,2023-2024,0.35294117647058826,-0.2647058823529412,0.6,0.4,0.5882352941176471,0.8823529411764706,0.8,1.6,0,0,0,0.6470588235294117,0.4117647058823529,0.5441176470588236,0.3529411764705882,0.33979135618479883,0.05216095380029806,0.19597615499254845,5,3.2071535022354696,1.7620398894248335,3.647663474591678,0.2551075656039533,1,0.9478390461997019,0.7645305514157973,0.2354694485842027,0.7764530551415797,0.19709388971684055,0.4608034919076672,0.1293964232488823,0.804738255413078,0.2695976154992549,0.6010059612518629,0.21427484580784723,0.05216095380029806,0.7943368107302533
677669,2023-11-04 17:30:00+00:00,11,4,2023,124,Borussia Dortmund,0,132,Bayern Munich,4,SIGNAL IDUNA PARK,0,2023-2024,0.6764705882352942,1.3823529411764706,0.6,0.9,0.7058823529411765,1.8823529411764706,0.8,2.8,0,0,0,0.32352941176470584,0.2941176470588235,0.26960784313725483,0.18627450980392146,0.10267857142857142,0.01488095238095238,0.058779761904761904,4,3.2098214285714284,1.7620841789224153,3.6503424733020324,0.019495495330710932,4,0.9851190476190477,0.09375,0.90625,0.5997023809523809,0.33125000000000004,0.396274181547619,0.10881696428571429,0.5268757861217404,0.2558779761904762,0.6353050595238094,0.27135393667745344,0.11755952380952381,0.375
677673,2023-11-05 14:30:00+00:00,11,5,2023,138,VfL Wolfsburg,2,137,Werder Bremen,2,Volkswagen Arena,0,2023-2024,0.4411764705882353,0.4117647058823529,0.4,-0.2,0.2647058823529412,-0.6764705882352942,0.3,-0.5,0,0,0,0.5588235294117647,0.7352941176470589,0.43137254901960786,0.6127450980392157,0.3863298662704309,0.7102526002971769,0.5482912332838039,4,3.210995542347697,1.7610360489649,3.651254554588922,0.0194177795366427,0,0.6136701337295691,1.0,0.0,0.5988112927191679,0.15000000000000002,0.3458098068350669,0.1822436849925706,0.7397751082399229,0.3048291233283804,0.512927191679049,0.2847722502076349,0.1411589895988113,0.75037147102526
677665,2023-11-05 16:30:00+00:00,11,5,2023,6418,1. FC Heidenheim 1846,2,134,VfB Stuttgart,0,Voith-Arena,0,2023-2024,0.2222222222222222,-1.0,0.2222222222222222,-1.0,0.4117647058823529,0.2647058823529412,0.7,1.6,0,0,0,0.7777777777777778,0.5882352941176471,0.6666666666666667,0.4558823529411765,0.8397626112759644,0.16023738872403562,0.5,2,3.212166172106825,1.7599896314485552,3.652163579968964,0.3563573171727975,2,0.8397626112759644,0.44510385756676557,0.5548961424332344,0.1513353115727003,0.2609792284866469,0.3842030835879509,0.175,0.44386731835047244,0.3,0.5249999999999999,0.4913313732352098,0.6097922848664689,0.18545994065281898
677675,2023-11-10 19:30:00+00:00,11,10,2023,268,Borussia Mönchengladbach,4,138,VfL Wolfsburg,0,BORUSSIA-PARK,0,2023-2024,0.2647058823529412,-0.3235294117647059,0.2,-0.4,0.4411764705882353,0.4117647058823529,0.4,-0.1,0,0,0,0.7352941176470589,0.5588235294117647,0.553921568627451,0.43137254901960786,0.7066666666666667,0.3896296296296296,0.5481481481481482,4,3.2103703703703705,1.7593022825472522,3.6501959410071834,0.019572824494613505,4,0.6103703703703705,0.09481481481481481,0.9051851851851852,0.5985185185185186,0.331037037037037,0.27105388203017833,0.18222222222222223,0.4659110761570899,0.3048148148148148,0.5129629629629628,0.5606601563866453,0.7318518518518519,0.2311111111111111
677677,2023-11-11 14:30:00+00:00,11,11,2023,132,Bayern Munich,4,6418,1. FC Heidenheim 1846,2,Allianz Arena,0,2023-2024,0.7058823529411765,1.8529411764705883,0.8,3.1,0.3,-0.7,0.3,-0.7,0,0,0,0.2941176470588235,0.7,0.19117647058823517,0.6166666666666667,0.019230769230769232,0.7130177514792899,0.3661242603550296,6,3.2115384615384617,1.7582609253127015,3.651103692866637,0.5903046341949874,2,0.9807692307692307,0.4467455621301775,0.5532544378698225,0.8920118343195266,0.2606508875739645,0.43650034137460175,0.15491863905325445,0.7207876486696491,0.28661242603550297,0.5584689349112426,0.45448781293473484,0.522189349112426,0.7440828402366864
677676,2023-11-11 14:30:00+00:00,11,11,2023,3841,FC Augsburg,1,7911,TSG Hoffenheim,1,WWK Arena,0,2023-2024,0.23529411764705882,-0.5588235294117647,0.3,-0.3,0.3235294117647059,-0.38235294117647056,0.6,0.3,0,0,0,0.7647058823529411,0.6764705882352942,0.5931372549019607,0.5637254901960784,0.6794682422451994,0.3870014771048744,0.5332348596750369,2,3.2156573116691285,1.7602254228353018,3.655713667377954,0.3575000665718624,0,0.6129985228951256,1.0,0.0,0.15066469719350073,0.15,0.34552437223042837,0.17998522895125554,0.513480818364101,0.3033234859675037,0.5166912850812407,0.3398625362276356,0.2481536189069424,0.345642540620384
677679,2023-11-11 14:30:00+00:00,11,11,2023,3812,SV Darmstadt 98,0,2950,Mainz,0,Merck-Stadion am Böllenfalltor,0,2023-2024,0.2,-1.8,0.2,-1.8,0.2647058823529412,-0.35294117647058826,0.1,-1.3,0,0,0,0.8,0.7352941176470589,0.8,0.5588235294117647,0.9321533923303835,0.8672566371681416,0.8997050147492626,0,3.213864306784661,1.7595444201536032,3.6537504118230615,0.8842118108669005,0,0.1327433628318584,1.0,0.0,0.0,0.15,0.14141592920353982,0.23495575221238937,0.16132743362831858,0.33997050147492625,0.42507374631268435,0.5901916323330896,0.7640117994100295,0.0
677681,2023-11-11 14:30:00+00:00,11,11,2023,134,VfB Stuttgart,2,124,Borussia Dortmund,1,MHPArena,0,2023-2024,0.38235294117647056,0.11764705882352941,0.7,1.4,0.6764705882352942,1.3235294117647058,0.6,0.5,0,0,0,0.6176470588235294,0.32352941176470584,0.48039215686274506,0.27941176470588236,0.17083946980854198,0.10309278350515463,0.13696612665684832,3,3.2091310751104567,1.7625669247463769,3.649772806297051,0.0656946211637971,1,0.8969072164948454,0.7628865979381443,0.23711340206185572,0.3873343151693667,0.19742268041237115,0.44017642682538,0.12054491899852725,0.6532448251298266,0.26369661266568484,0.615758468335788,0.1547832060922833,0.01914580265095729,0.6553755522827688
677682,2023-11-11 17:30:00+00:00,11,11,2023,121,VfL Bochum,1,122,FC Cologne,1,Vonovia Ruhrstadion,0,2023-2024,0.29411764705882354,-0.8235294117647058,0.1,-1.4,0.20588235294117646,-0.6176470588235294,0.1,-1.4,0,0,0,0.7058823529411764,0.7941176470588236,0.6372549019607843,0.6029411764705883,0.8794117647058823,0.9058823529411765,0.8926470588235293,2,3.208823529411765,1.7612867914519328,3.649145227274748,0.3549043661486968,0,0.12058823529411766,1.0,0.0,0.1514705882352941,0.15,0.13625,0.2338970588235294,0.2624503676470588,0.3392647058823529,0.4268382352941177,0.46402698273452886,0.5352941176470588,0.013235294117647059
677674,2023-11-12 14:30:00+00:00,11,12,2023,131,Bayer Leverkusen,4,598,1. FC Union Berlin,0,BayArena,0,2023-2024,0.6176470588235294,1.0294117647058822,0.9,2.0,0.38235294117647056,-0.29411764705882354,0.2,-1.1,0,0,0,0.38235294117647056,0.6176470588235294,0.32843137254901966,0.5490196078431373,0.030837004405286344,0.7180616740088106,0.3744493392070485,4,3.20704845814978,1.7606007361296074,3.6471986421821816,0.01987724870169849,4,0.9691629955947136,0.09544787077826726,0.9045521292217328,0.5991189427312775,0.3309104258443466,0.3911373854205075,0.15616740088105727,0.5245657916498403,0.28744493392070486,0.5563876651982378,0.4714520988548172,0.5609397944199707,0.37298091042584436
677680,2023-11-12 16:30:00+00:00,11,12,2023,137,Werder Bremen,2,125,Eintracht Frankfurt,2,Weserstadion,0,2023-2024,0.2647058823529412,-0.6176470588235294,0.3,-0.4,0.35294117647058826,0.23529411764705882,0.4,0.6,0,0,0,0.7352941176470589,0.6470588235294117,0.6029411764705883,0.4607843137254902,0.6759530791788856,0.39002932551319647,0.532991202346041,4,3.2082111436950145,1.7595696049621803,3.6481035449355597,0.019799380800163968,0,0.6099706744868035,1.0,0.0,0.5982404692082112,0.15,0.3442375366568915,0.17994868035190614,0.7383007112081941,0.3032991202346041,0.5167521994134898,0.27898724852713147,0.13636363636363635,0.749266862170088
677678,2023-11-12 18:30:00+00:00,11,12,2023,11420,RB Leipzig,3,126,SC Freiburg,1,Red Bull Arena,0,2023-2024,0.6470588235294118,1.088235294117647,0.6,1.6,0.47058823529411764,0.0,0.4,-0.6,0,0,0,0.3529411764705882,0.5294117647058824,0.31862745098039225,0.5,0.09077598828696926,0.4699853587115666,0.28038067349926793,4,3.2093704245973647,1.7585401292108267,3.6490054569000714,0.019721866033789226,2,0.9092240117130308,0.445095168374817,0.554904831625183,0.5973645680819912,0.2609809663250366,0.4098688286326151,0.1420571010248902,0.6163434665438372,0.2780380673499268,0.5799048316251829,0.3196804053203121,0.212298682284041,0.5900439238653001
677684,2023-11-24 19:30:00+00:00,11,24,2023,122,FC Cologne,0,132,Bayern Munich,1,RheinEnergieStadion,0,2023-2024,0.20588235294117646,-0.47058823529411764,0.1,-1.3,0.7058823529411765,1.8529411764705883,0.8,2.9,0,0,0,0.7941176470588236,0.2941176470588235,0.5784313725490196,0.19117647058823517,0.881578947368421,0.013157894736842105,0.4473684210526316,1,3.210526315789474,1.7575123052106303,3.6499043920921315,0.6791135905536445,1,0.9868421052631579,0.7616959064327485,0.23830409356725146,0.04678362573099415,0.1976608187134503,0.4761249615266236,0.16710526315789476,0.5729839365778764,0.2947368421052632,0.5381578947368421,0.42447529890776775,0.43859649122807015,0.47368421052631576
677687,2023-11-25 14:30:00+00:00,11,25,2023,598,1. FC Union Berlin,1,3841,FC Augsburg,1,Stadion An der Alten Försterei,0,2023-2024,0.38235294117647056,-0.38235294117647056,0.1,-1.8,0.23529411764705882,-0.5588235294117647,0.3,-0.3,0,0,0,0.6176470588235294,0.7647058823529411,0.5637254901960784,0.5931372549019607,0.8330914368650217,0.7039187227866474,0.7685050798258346,2,3.20899854862119,1.75700599635255,3.6482500477093276,0.3559746939969094,0,0.29608127721335264,1.0,0.0,0.1509433962264151,0.15000000000000002,0.2108345428156749,0.21527576197387518,0.35172453925568914,0.32685050798258347,0.4578737300435413,0.4285110109508661,0.44992743105950656,0.06095791001451379
677686,2023-11-25 14:30:00+00:00,11,25,2023,124,Borussia Dortmund,4,268,Borussia Mönchengladbach,2,SIGNAL IDUNA PARK,0,2023-2024,0.6470588235294118,1.1470588235294117,0.5,0.3,0.29411764705882354,-0.14705882352941177,0.3,0.0,0,0,0,0.3529411764705882,0.7058823529411764,0.30882352941176483,0.5245098039215685,0.1613372093023256,0.5828488372093024,0.37209302325581395,6,3.2049418604651163,1.7550522610789998,3.643704925734866,0.5939415810102371,2,0.8386627906976745,0.44476744186046513,0.5552325581395349,0.8924418604651163,0.261046511627907,0.3837617462141698,0.1558139534883721,0.7066027052845976,0.2872093023255814,0.5569767441860465,0.459259502157409,0.5334302325581395,0.7296511627906976
677688,2023-11-25 14:30:00+00:00,11,25,2023,126,SC Freiburg,1,3812,SV Darmstadt 98,1,Europa-Park Stadion,0,2023-2024,0.4411764705882353,-0.11764705882352941,0.3,-0.9,0.18181818181818182,-1.6363636363636365,0.2,-1.7,0,0,0,0.5588235294117647,0.8181818181818181,0.5196078431372548,0.7727272727272727,0.5691411935953421,0.9359534206695779,0.75254730713246,2,3.2066957787481805,1.755727486797881,3.6456276504476506,0.3554850440160203,0,0.4308588064046579,1.0,0.0,0.15138282387190685,0.15,0.2681149927219796,0.212882096069869,0.42083120925315004,0.325254730713246,0.461863173216885,0.4232502885596398,0.4395924308588064,0.14556040756914118
677685,2023-11-25 14:30:00+00:00,11,25,2023,138,VfL Wolfsburg,2,11420,RB Leipzig,1,Volkswagen Arena,0,2023-2024,0.4411764705882353,0.29411764705882354,0.3,-0.7,0.6764705882352942,1.1470588235294117,0.7,1.9,0,0,0,0.5588235294117647,0.32352941176470584,0.4509803921568628,0.30882352941176483,0.5131195335276968,0.04518950437317784,0.2791545189504373,3,3.206997084548105,1.7569907975755612,3.646244783941995,0.06540626657495319,1,0.9548104956268222,0.7623906705539358,0.23760932944606417,0.38629737609329445,0.19752186588921283,0.46335508589108276,0.1418731778425656,0.6728558890039247,0.27791545189504374,0.5802113702623907,0.23728332501245955,0.07580174927113703,0.6778425655976676
677689,2023-11-25 14:30:00+00:00,11,25,2023,137,Werder Bremen,0,131,Bayer Leverkusen,3,Weserstadion,0,2023-2024,0.2647058823529412,-0.5588235294117647,0.3,0.0,0.6470588235294118,1.1470588235294117,0.9,2.3,0,0,0,0.7352941176470589,0.3529411764705882,0.5931372549019607,0.30882352941176483,0.635036496350365,0.02335766423357664,0.3291970802919708,3,3.2072992700729928,1.758256838632763,3.6468634797311834,0.06543618825762965,3,0.9766423357664233,0.21751824817518248,0.7824817518248175,0.38686131386861317,0.3064963503649635,0.4080028770845543,0.14937956204379563,0.49853458657757216,0.2829197080291971,0.5677007299270073,0.41803976067978355,0.4291970802919708,0.31386861313868614
677691,2023-11-25 17:30:00+00:00,11,25,2023,125,Eintracht Frankfurt,1,134,VfB Stuttgart,2,Deutsche Bank Park,0,2023-2024,0.3235294117647059,0.17647058823529413,0.3,0.5,0.4117647058823529,0.29411764705882354,0.7,1.0,0,0,0,0.6764705882352942,0.5882352941176471,0.47058823529411764,0.4509803921568628,0.463768115942029,0.18985507246376812,0.32681159420289857,3,3.2072463768115944,1.7563336631482083,3.6463297925986464,0.06547022574052885,1,0.8101449275362319,0.7608695652173914,0.23913043478260865,0.3869565217391304,0.19782608695652174,0.40515595463138,0.1490217391304348,0.6221673241828992,0.2826811594202899,0.5682971014492753,0.26308023716366563,0.10289855072463767,0.6
677683,2023-11-26 14:30:00+00:00,11,26,2023,6418,1. FC Heidenheim 1846,0,121,VfL Bochum,0,Voith-Arena,0,2023-2024,0.2727272727272727,-0.8181818181818182,0.3,-0.7,0.2647058823529412,-0.8529411764705882,0.1,-0.9,0,0,0,0.7272727272727273,0.7352941176470589,0.6363636363636365,0.642156862745098,0.7221418234442837,0.874095513748191,0.7981186685962374,0,3.206946454413893,1.7550782042193485,3.64571600546873,0.8843815669613163,0,0.2778581765557163,1.0,0.0,0.0,0.15000000000000002,0.20308972503617947,0.2197178002894356,0.2447684515195369,0.3298118668596237,0.45047033285094074,0.5538431548063614,0.7308248914616498,0.004341534008683068
677690,2023-11-26 16:30:00+00:00,11,26,2023,7911,TSG Hoffenheim,1,2950,Mainz,1,PreZero Arena,0,2023-2024,0.3235294117647059,-0.3235294117647059,0.6,0.4,0.23529411764705882,-0.5,0.1,-1.0,0,0,0,0.6764705882352942,0.7647058823529411,0.553921568627451,0.5833333333333333,0.3569364161849711,0.8670520231213873,0.6119942196531791,2,3.2023121387283235,1.7580397502614447,3.6418220762936846,0.353433116073544,0,0.6430635838150289,1.0,0.0,0.15173410404624277,0.15,0.35830202312138726,0.19179913294797687,0.5293689126766681,0.3111994219653179,0.4970014450867052,0.3719501767703479,0.3265895953757225,0.38583815028901736
677694,2023-12-01 19:30:00+00:00,12,1,2023,3812,SV Darmstadt 98,0,122,FC Cologne,1,Merck-Stadion am Böllenfalltor,0,2023-2024,0.16666666666666666,-1.5,0.2,-1.4,0.20588235294117646,-0.5,0.1,-1.3,0,0,0,0.8333333333333334,0.7941176470588236,0.75,0.5833333333333333,0.9163059163059163,0.8888888888888888,0.9025974025974026,1,3.2005772005772006,1.7573626164739051,3.639917854695677,0.6764200417877773,1,0.11111111111111116,0.759018759018759,0.24098124098124096,0.047619047619047616,0.1981962481962482,0.1247250280583614,0.2353896103896104,0.14893228535845182,0.34025974025974026,0.42435064935064937,0.6242362584543131,0.8023088023088023,0.0
677700,2023-12-02 14:30:00+00:00,12,2,2023,268,Borussia Mönchengladbach,2,7911,TSG Hoffenheim,1,BORUSSIA-PARK,0,2023-2024,0.29411764705882354,-0.17647058823529413,0.3,0.1,0.3235294117647059,-0.3235294117647059,0.5,0.3,0,0,0,0.7058823529411764,0.6764705882352942,0.5294117647058822,0.553921568627451,0.5648414985590778,0.4423631123919308,0.5036023054755043,3,3.1974063400576367,1.7580798144772314,3.6369262936769444,0.0635182852131887,1,0.5576368876080692,0.7593659942363112,0.24063400576368876,0.38904899135446686,0.19812680115273776,0.3037643573154831,0.17554034582132566,0.534939878335662,0.30036023054755046,0.5240994236311239,0.3473645852400799,0.27089337175792505,0.3919308357348703
677693,2023-12-02 14:30:00+00:00,12,2,2023,11420,RB Leipzig,2,6418,1. FC Heidenheim 1846,1,Red Bull Arena,0,2023-2024,0.6470588235294118,1.0588235294117647,0.6,1.4,0.25,-0.75,0.3,-0.6,0,0,0,0.3529411764705882,0.75,0.32352941176470595,0.625,0.10503597122302158,0.7366906474820144,0.420863309352518,3,3.1971223021582733,1.756828687816415,3.636329474112377,0.0634905650405968,1,0.8949640287769784,0.7597122302158273,0.24028776978417266,0.38848920863309355,0.19805755395683453,0.4390490657833445,0.16312949640287772,0.6517854934746887,0.2920863309352518,0.5447841726618704,0.3098216267356285,0.19136690647482013,0.6546762589928058
677696,2023-12-02 14:30:00+00:00,12,2,2023,121,VfL Bochum,3,138,VfL Wolfsburg,1,Vonovia Ruhrstadion,0,2023-2024,0.2647058823529412,-0.7352941176470589,0.1,-0.9,0.4411764705882353,0.20588235294117646,0.3,-0.7,0,0,0,0.7352941176470589,0.5588235294117647,0.6225490196078431,0.46568627450980393,0.8548850574712644,0.5244252873563219,0.6896551724137931,4,3.19683908045977,1.7555802279182708,3.635734137439338,0.021296078423777676,2,0.4755747126436781,0.4410919540229885,0.5589080459770115,0.6020114942528736,0.2617816091954023,0.2493608386180473,0.20344827586206898,0.5287856385999761,0.31896551724137934,0.4775862068965516,0.5119748422730579,0.6609195402298851,0.3850574712643678
677699,2023-12-02 17:30:00+00:00,12,2,2023,134,VfB Stuttgart,2,137,Werder Bremen,0,MHPArena,0,2023-2024,0.4117647058823529,0.29411764705882354,0.8,1.5,0.23529411764705882,-0.6764705882352942,0.3,-0.2,0,0,0,0.5882352941176471,0.7647058823529411,0.4509803921568628,0.6127450980392157,0.133428981348637,0.703012912482066,0.4182209469153515,2,3.1979913916786225,1.7545823372206582,3.636636975983787,0.3527599427794259,2,0.866571018651363,0.4418938307030129,0.5581061692969871,0.15208034433285508,0.2616212338593974,0.39376669637655953,0.1627331420373027,0.4531251752224461,0.29182209469153514,0.5454447632711621,0.4483898706431956,0.5121951219512195,0.20229555236728838
677698,2023-12-03 14:30:00+00:00,12,3,2023,2950,Mainz,0,126,SC Freiburg,1,MEWA ARENA,0,2023-2024,0.23529411764705882,-0.38235294117647056,0.1,-1.0,0.4117647058823529,-0.17647058823529413,0.2,-1.0,0,0,0,0.7647058823529411,0.5882352941176471,0.5637254901960784,0.5294117647058822,0.8438395415472779,0.6790830945558739,0.7614613180515759,1,3.196275071633238,1.753909474173556,3.634752440176627,0.6764261142406588,1,0.3209169054441261,0.7607449856733525,0.23925501432664753,0.04727793696275072,0.1978510028653295,0.20892648664625085,0.2142191977077364,0.2504798451248007,0.3261461318051576,0.45963467048710605,0.5729295789501327,0.7507163323782235,0.0071633237822349575
677695,2023-12-03 16:30:00+00:00,12,3,2023,131,Bayer Leverkusen,1,124,Borussia Dortmund,1,BayArena,0,2023-2024,0.6764705882352942,1.2941176470588236,0.9,2.3,0.6470588235294118,1.1764705882352942,0.6,0.5,0,0,0,0.32352941176470584,0.3529411764705882,0.28431372549019607,0.3039215686274509,0.022889842632331903,0.12732474964234622,0.07510729613733906,2,3.1931330472103006,1.7546201960584926,3.631788096224924,0.35107971426771356,0,0.9771101573676682,1.0,0.0,0.1530758226037196,0.15,0.5002718168812589,0.11126609442060087,0.7003732698050147,0.2575107296137339,0.6312231759656652,0.08647273464287389,0.005722460658082976,0.7281831187410587
677697,2023-12-03 18:30:00+00:00,12,3,2023,3841,FC Augsburg,2,125,Eintracht Frankfurt,1,WWK Arena,0,2023-2024,0.23529411764705882,-0.5294117647058824,0.3,-0.1,0.3235294117647059,0.17647058823529413,0.3,0.4,0,0,0,0.7647058823529411,0.6764705882352942,0.588235294117647,0.47058823529411764,0.6657142857142857,0.49,0.5778571428571428,3,3.1914285714285713,1.7539444903677053,3.6299146940204974,0.0624558213622316,1,0.51,0.76,0.24,0.39,0.198,0.28471,0.18667857142857142,0.5191027,0.3077857142857143,0.5055357142857142,0.3776551584072586,0.3442857142857143,0.35714285714285715
677707,2023-12-08 19:30:00+00:00,12,8,2023,7911,TSG Hoffenheim,3,121,VfL Bochum,1,PreZero Arena,0,2023-2024,0.3235294117647059,-0.29411764705882354,0.4,0.0,0.29411764705882354,-0.5882352941176471,0.2,-0.7,0,0,0,0.6764705882352942,0.7058823529411764,0.5490196078431373,0.5980392156862746,0.5106990014265336,0.7617689015691869,0.6362339514978602,4,3.1911554921540657,1.7527061378872522,3.6293320266258786,0.022114391457531024,2,0.48930099857346643,0.44079885877318115,0.5592011412268189,0.6034236804564908,0.2618402282453638,0.25440713388861635,0.19543509272467902,0.5321688566006685,0.31362339514978604,0.4909415121255349,0.49205414684220605,0.6219686162624821,0.3908701854493581
677703,2023-12-09 14:30:00+00:00,12,9,2023,6418,1. FC Heidenheim 1846,3,3812,SV Darmstadt 98,2,Voith-Arena,0,2023-2024,0.23076923076923078,-0.7692307692307693,0.3,-0.7,0.15384615384615385,-1.4615384615384615,0.2,-1.1,0,0,0,0.7692307692307692,0.8461538461538461,0.6282051282051282,0.7435897435897436,0.7393162393162394,0.915954415954416,0.8276353276353277,5,3.1923076923076925,1.7517215748525203,3.6302380860208228,0.26341036201755386,1,0.26068376068376065,0.7606837606837606,0.23931623931623935,0.782051282051282,0.19786324786324788,0.1847656877785083,0.22414529914529915,0.6749438261615011,0.33276353276353277,0.4430911680911681,0.505395815710405,0.6481481481481481,0.688034188034188
677705,2023-12-09 14:30:00+00:00,12,9,2023,598,1. FC Union Berlin,3,268,Borussia Mönchengladbach,1,Stadion An der Alten Försterei,0,2023-2024,0.35294117647058826,-0.4117647058823529,0.0,-2.1,0.29411764705882354,-0.20588235294117646,0.4,0.3,0,0,0,0.6470588235294117,0.7058823529411764,0.5686274509803921,0.5343137254901962,0.9089615931721194,0.492176386913229,0.7005689900426743,4,3.194879089615932,1.75180068722244,3.632829261421542,0.021725799958821068,2,0.507823613086771,0.44096728307254623,0.5590327169274538,0.6017069701280228,0.26180654338549075,0.2612553798089472,0.20508534850640114,0.5351335849475769,0.3200568990042674,0.47485775248933143,0.5160485371532516,0.6685633001422475,0.39544807965860596
677701,2023-12-09 14:30:00+00:00,12,9,2023,125,Eintracht Frankfurt,5,132,Bayern Munich,1,Deutsche Bank Park,0,2023-2024,0.29411764705882354,0.11764705882352941,0.3,0.3,0.7058823529411765,1.7647058823529411,0.8,2.8,0,0,0,0.7058823529411764,0.2941176470588235,0.48039215686274506,0.20588235294117652,0.5213068181818182,0.018465909090909092,0.26988636363636365,6,3.196022727272727,1.7508172705063247,3.633727044899308,0.5988057831693401,4,0.9815340909090909,0.09375,0.90625,0.8934659090909091,0.33125000000000004,0.3950754616477273,0.14048295454545456,0.606690362347059,0.27698863636363635,0.5825284090909091,0.4923594313675007,0.6207386363636364,0.5767045454545454
677709,2023-12-09 14:30:00+00:00,12,9,2023,138,VfL Wolfsburg,0,126,SC Freiburg,1,Volkswagen Arena,0,2023-2024,0.4117647058823529,0.058823529411764705,0.3,-0.7,0.4117647058823529,-0.20588235294117646,0.3,-0.4,0,0,0,0.5882352941176471,0.5882352941176471,0.4901960784313726,0.5343137254901962,0.548936170212766,0.5517730496453901,0.550354609929078,1,3.2,1.75275756763709,3.6381893919092727,0.6778573694530983,1,0.451063829787234,0.7617021276595745,0.23829787234042554,0.04680851063829787,0.1976595744680851,0.26118741511996374,0.18255319148936172,0.3134346609132851,0.3050354609929078,0.5124113475177305,0.4784422747975911,0.5843971631205673,0.0425531914893617
677702,2023-12-09 14:30:00+00:00,12,9,2023,137,Werder Bremen,2,3841,FC Augsburg,0,Weserstadion,0,2023-2024,0.20588235294117646,-0.7647058823529411,0.2,-0.8,0.2647058823529412,-0.47058823529411764,0.4,0.0,0,0,0,0.7941176470588236,0.7352941176470589,0.6274509803921569,0.5784313725490196,0.8158640226628895,0.5708215297450425,0.693342776203966,2,3.196883852691218,1.7534699719467777,3.6352513456779127,0.35264011198316747,2,0.4291784702549575,0.44192634560906513,0.5580736543909348,0.1529745042492918,0.261614730878187,0.2322880570424287,0.20400141643059488,0.29235359229164576,0.3193342776203966,0.4766643059490085,0.580642882822736,0.7592067988668555,0.0339943342776204
677708,2023-12-09 17:30:00+00:00,12,9,2023,124,Borussia Dortmund,2,11420,RB Leipzig,3,SIGNAL IDUNA PARK,0,2023-2024,0.6176470588235294,1.088235294117647,0.6,0.5,0.6470588235294118,1.0294117647058822,0.6,1.2,0,0,0,0.38235294117647056,0.3529411764705882,0.31862745098039225,0.32843137254901966,0.13578500707213578,0.09900990099009901,0.1173974540311174,5,3.195190947666195,1.7528057836067905,3.6333923935678927,0.2620960056623719,1,0.900990099009901,0.7623762376237624,0.2376237623762376,0.7807637906647807,0.19752475247524753,0.44175865111263607,0.11760961810466761,0.7963886018330011,0.26173974540311173,0.6206506364922206,0.16588339876577554,0.026874115983026876,0.7991513437057991
677704,2023-12-10 14:30:00+00:00,12,10,2023,134,VfB Stuttgart,1,131,Bayer Leverkusen,1,MHPArena,0,2023-2024,0.4411764705882353,0.4117647058823529,0.8,1.2,0.6470588235294118,1.1470588235294117,0.8,1.9,0,0,0,0.5588235294117647,0.3529411764705882,0.43137254901960786,0.30882352941176483,0.134180790960452,0.03672316384180791,0.08545197740112995,2,3.1977401129943503,1.7528785717739908,3.635959755937848,0.35307407343621144,0,0.963276836158192,1.0,0.0,0.15254237288135594,0.15,0.4943926553672316,0.1128177966101695,0.693129368955281,0.258545197740113,0.6286370056497175,0.09355131420554422,0.007062146892655367,0.7217514124293786
677706,2023-12-10 16:30:00+00:00,12,10,2023,122,FC Cologne,0,2950,Mainz,0,RheinEnergieStadion,0,2023-2024,0.23529411764705882,-0.4117647058823529,0.2,-1.2,0.23529411764705882,-0.3235294117647059,0.1,-0.7,0,0,0,0.7647058823529411,0.7647058823529411,0.5686274509803921,0.553921568627451,0.8053596614950634,0.8335684062059239,0.8194640338504937,0,3.1960507757404795,1.7522176997949417,3.634105200689215,0.8836025599342765,0,0.19464033850493656,1.0,0.0,0.0,0.15,0.16772214386459805,0.22291960507757405,0.19691819464033852,0.3319464033850494,0.4451339915373766,0.5617436300152725,0.7390691114245416,0.0028208744710860366
677712,2023-12-15 19:30:00+00:00,12,15,2023,268,Borussia Mönchengladbach,2,137,Werder Bremen,2,BORUSSIA-PARK,0,2023-2024,0.29411764705882354,-0.23529411764705882,0.4,0.1,0.23529411764705882,-0.5588235294117647,0.3,-0.4,0,0,0,0.7058823529411764,0.7647058823529411,0.5392156862745099,0.5931372549019607,0.5112676056338028,0.7056338028169014,0.6084507042253521,4,3.191549295774648,1.7550850142652672,3.630320549340965,0.02193896783196836,0,0.4887323943661972,1.0,0.0,0.6014084507042253,0.15,0.29271126760563376,0.1912676056338028,0.7011792799047808,0.31084507042253523,0.49788732394366203,0.3071361067256948,0.18732394366197183,0.7309859154929578
677711,2023-12-16 14:30:00+00:00,12,16,2023,3841,FC Augsburg,1,124,Borussia Dortmund,1,WWK Arena,0,2023-2024,0.2647058823529412,-0.5294117647058824,0.4,0.1,0.6176470588235294,1.1176470588235294,0.5,0.2,0,0,0,0.7352941176470589,0.38235294117647056,0.588235294117647,0.31372549019607854,0.5555555555555556,0.1828410689170183,0.36919831223628696,2,3.192686357243319,1.7541106526588783,3.6312140204080388,0.35104524009711935,0,0.8171589310829817,1.0,0.0,0.15330520393811534,0.15,0.43229254571026715,0.15537974683544303,0.6189031118390729,0.2869198312236287,0.5577004219409283,0.26044737504813353,0.09985935302390998,0.5991561181434599
677710,2023-12-16 14:30:00+00:00,12,16,2023,2950,Mainz,0,6418,1. FC Heidenheim 1846,1,MEWA ARENA,0,2023-2024,0.23529411764705882,-0.29411764705882354,0.1,-0.5,0.2857142857142857,-0.6428571428571429,0.3,-0.8,0,0,0,0.7647058823529411,0.7142857142857143,0.5490196078431373,0.6071428571428572,0.7851123595505618,0.7205056179775281,0.752808988764045,1,3.191011235955056,1.7534464643637533,3.6293728520459942,0.6751261858400469,1,0.2794943820224719,0.7584269662921348,0.2415730337078652,0.047752808988764044,0.19831460674157303,0.19220182110844589,0.21292134831460674,0.23030341515903535,0.3252808988764045,0.46179775280898877,0.5699733706259982,0.7528089887640449,0.0056179775280898875
677715,2023-12-16 14:30:00+00:00,12,16,2023,3812,SV Darmstadt 98,0,138,VfL Wolfsburg,1,Merck-Stadion am Böllenfalltor,0,2023-2024,0.14285714285714285,-1.4285714285714286,0.2,-1.2,0.38235294117647056,-0.029411764705882353,0.2,-0.9,0,0,0,0.8571428571428572,0.6176470588235294,0.7380952380952381,0.5049019607843137,0.9130434782608695,0.6690042075736325,0.791023842917251,1,3.1879382889200563,1.7541348700296129,3.6264720064274596,0.6740328441851255,1,0.33099579242636745,0.758765778401122,0.24123422159887797,0.047685834502103785,0.1982468443197756,0.2128637761153808,0.21865357643758765,0.2552143016032156,0.3291023842917251,0.45224403927068724,0.5845062673987453,0.7713884992987378,0.015427769985974754
677718,2023-12-16 14:30:00+00:00,12,16,2023,121,VfL Bochum,3,598,1. FC Union Berlin,0,Vonovia Ruhrstadion,0,2023-2024,0.2647058823529412,-0.6764705882352942,0.2,-0.9,0.38235294117647056,-0.20588235294117646,0.1,-1.6,0,0,0,0.7352941176470589,0.6176470588235294,0.6127450980392157,0.5343137254901962,0.7843137254901961,0.8165266106442577,0.8004201680672269,3,3.1848739495798317,1.7548157096494044,3.623577876992183,0.061185757776934246,3,0.21568627450980393,0.211484593837535,0.788515406162465,0.39215686274509803,0.307703081232493,0.14388916350854067,0.22006302521008403,0.3118595373558881,0.3300420168067227,0.4498949579831933,0.6338129357707012,0.8123249299719888,0.046218487394957986
677717,2023-12-16 17:30:00+00:00,12,16,2023,11420,RB Leipzig,3,7911,TSG Hoffenheim,1,Red Bull Arena,0,2023-2024,0.6470588235294118,1.0,0.6,1.0,0.35294117647058826,-0.17647058823529413,0.4,0.0,0,0,0,0.3529411764705882,0.6470588235294117,0.33333333333333337,0.5294117647058822,0.11468531468531469,0.4797202797202797,0.2972027972027972,4,3.1846153846153844,1.7536000462397185,3.623015396175314,0.022842731308313824,2,0.8853146853146853,0.43916083916083914,0.5608391608391609,0.6027972027972028,0.2621678321678322,0.40039004352291063,0.1445804195804196,0.6113458279800301,0.27972027972027974,0.5756993006993008,0.3312801411404623,0.23216783216783216,0.586013986013986
677716,2023-12-17 14:30:00+00:00,12,17,2023,126,SC Freiburg,2,122,FC Cologne,0,Europa-Park Stadion,0,2023-2024,0.4411764705882353,-0.11764705882352941,0.4,-0.1,0.23529411764705882,-0.38235294117647056,0.2,-1.0,0,0,0,0.5588235294117647,0.7647058823529411,0.5196078431372548,0.5637254901960784,0.4106145251396648,0.8044692737430168,0.6075418994413408,2,3.185754189944134,1.7526382481856877,3.623913751990556,0.349003515687766,2,0.5893854748603352,0.4399441340782123,0.5600558659217877,0.15502793296089384,0.2620111731843575,0.29127883024874385,0.19113128491620113,0.3518245198758086,0.31075418994413406,0.4981145251396648,0.5433706420743334,0.7206703910614525,0.07262569832402235
677713,2023-12-17 16:30:00+00:00,12,17,2023,131,Bayer Leverkusen,3,125,Eintracht Frankfurt,0,BayArena,0,2023-2024,0.6176470588235294,1.1176470588235294,0.8,1.9,0.29411764705882354,0.17647058823529413,0.4,0.7,0,0,0,0.38235294117647056,0.7058823529411764,0.31372549019607854,0.47058823529411764,0.04184100418410042,0.42538354253835425,0.23361227336122734,3,3.1841004184100417,1.751973645551361,3.622093829797882,0.06109550747290893,3,0.9581589958158996,0.21199442119944212,0.7880055788005579,0.39191073919107394,0.3076011157601116,0.4009539982376592,0.1350418410041841,0.49395116767914543,0.2733612273361227,0.5915969316596932,0.36186492609340637,0.3054393305439331,0.30404463040446306
677714,2023-12-17 18:30:00+00:00,12,17,2023,132,Bayern Munich,3,134,VfB Stuttgart,0,Allianz Arena,0,2023-2024,0.6764705882352942,1.6176470588235294,0.7,2.3,0.4117647058823529,0.38235294117647056,0.7,1.0,0,0,0,0.32352941176470584,0.5882352941176471,0.23039215686274517,0.4362745098039216,0.03064066852367688,0.17688022284122562,0.10376044568245125,3,3.183844011142061,1.7507649615322254,3.6215352515251173,0.06107086947195106,3,0.9693593314763231,0.21309192200557103,0.786908077994429,0.39136490250696376,0.30738161559888577,0.40495988547574896,0.1155640668523677,0.49683635812345645,0.26037604456824515,0.6240598885793872,0.27670234300091645,0.13370473537604458,0.31197771587743733
677724,2023-12-19 17:30:00+00:00,12,19,2023,137,Werder Bremen,1,11420,RB Leipzig,1,Weserstadion,0,2023-2024,0.23529411764705882,-0.5294117647058824,0.2,-0.5,0.6470588235294118,1.0294117647058822,0.6,1.1,0,0,0,0.7647058823529411,0.3529411764705882,0.588235294117647,0.32843137254901966,0.7496522948539638,0.10292072322670376,0.42628650904033377,2,3.1835883171070933,1.7495587753132427,3.620978010935404,0.34897509229702406,0,0.8970792767732962,1.0,0.0,0.15438108484005564,0.15,0.4662586926286509,0.16394297635605007,0.6600629834745754,0.2926286509040334,0.5434283727399165,0.2888681992340697,0.15299026425591097,0.6731571627260083
677722,2023-12-19 19:30:00+00:00,12,19,2023,124,Borussia Dortmund,1,2950,Mainz,1,SIGNAL IDUNA PARK,0,2023-2024,0.6176470588235294,1.1764705882352942,0.4,0.1,0.23529411764705882,-0.3235294117647059,0.1,-0.5,0,0,0,0.38235294117647056,0.7647058823529411,0.3039215686274509,0.553921568627451,0.21914008321775313,0.8085991678224688,0.513869625520111,2,3.1858529819694867,1.7508314296420264,3.6235608393799934,0.34945871246143967,0,0.7808599167822469,1.0,0.0,0.1539528432732316,0.15,0.41686546463245494,0.17708044382801663,0.6006767453894556,0.3013869625520111,0.5215325936199722,0.32988206248226626,0.23300970873786409,0.5478502080443828
677725,2023-12-19 19:30:00+00:00,12,19,2023,7911,TSG Hoffenheim,3,3812,SV Darmstadt 98,3,PreZero Arena,0,2023-2024,0.35294117647058826,-0.20588235294117646,0.3,-0.4,0.13333333333333333,-1.4,0.2,-1.1,0,0,0,0.6470588235294117,0.8666666666666667,0.5343137254901962,0.7333333333333334,0.5861111111111111,0.9194444444444444,0.7527777777777778,6,3.1819444444444445,1.7488980348406555,3.6191689531546083,0.6041074935319498,0,0.41388888888888886,1.0,0.0,0.8944444444444445,0.15000000000000002,0.2609027777777778,0.21291666666666667,0.8499008487654323,0.3252777777777778,0.4618055555555556,0.4762615137077209,0.575,0.8361111111111111
677720,2023-12-20 17:30:00+00:00,12,20,2023,598,1. FC Union Berlin,2,122,FC Cologne,0,Stadion An der Alten Försterei,0,2023-2024,0.38235294117647056,-0.29411764705882354,0.1,-1.8,0.23529411764705882,-0.38235294117647056,0.2,-1.1,0,0,0,0.6176470588235294,0.7647058823529411,0.5490196078431373,0.5637254901960784,0.8268698060941828,0.8130193905817175,0.8199445983379501,2,3.1842105263157894,1.7501733617320603,3.6217538667488043,0.3490462394142362,2,0.18698060941828254,0.4404432132963989,0.5595567867036011,0.15373961218836565,0.26191135734072024,0.14281299637050052,0.2229916897506925,0.20339080723666328,0.331994459833795,0.4450138504155125,0.6284908667098734,0.8088642659279779,0.004155124653739612
677719,2023-12-20 19:30:00+00:00,12,20,2023,6418,1. FC Heidenheim 1846,3,126,SC Freiburg,2,Voith-Arena,0,2023-2024,0.3333333333333333,-0.5333333333333333,0.4,-0.4,0.4411764705882353,-0.14705882352941177,0.5,0.1,0,0,0,0.6666666666666667,0.5588235294117647,0.5888888888888888,0.5245098039215685,0.5656984785615491,0.3623789764868603,0.4640387275242047,5,3.1825726141078836,1.7495153325437756,3.6199514472438277,0.2673715779352367,1,0.6376210235131397,0.7579529737206085,0.24204702627939145,0.7828492392807745,0.1984094052558783,0.3357145672040388,0.1696058091286307,0.7456765563464178,0.29640387275242047,0.5339903181189487,0.3648836365212853,0.31950207468879666,0.7676348547717843
677723,2023-12-20 19:30:00+00:00,12,20,2023,131,Bayer Leverkusen,4,121,VfL Bochum,0,BayArena,0,2023-2024,0.6176470588235294,1.1470588235294117,0.8,1.9,0.2647058823529412,-0.6176470588235294,0.3,0.1,0,0,0,0.38235294117647056,0.7352941176470589,0.30882352941176483,0.6029411764705883,0.04281767955801105,0.6395027624309392,0.3411602209944751,4,3.185082872928177,1.7496092806375303,3.6224851930875595,0.023009690192977605,4,0.9571823204419889,0.0925414364640884,0.9074585635359116,0.6035911602209945,0.33149171270718236,0.38679298556210123,0.15117403314917127,0.5231332510981508,0.28411602209944753,0.5647099447513811,0.4539585545090463,0.5207182320441989,0.3756906077348066
677727,2023-12-20 19:30:00+00:00,12,20,2023,125,Eintracht Frankfurt,2,268,Borussia Mönchengladbach,1,Deutsche Bank Park,0,2023-2024,0.29411764705882354,0.08823529411764706,0.4,0.4,0.2647058823529412,-0.29411764705882354,0.4,0.2,0,0,0,0.7058823529411764,0.7352941176470589,0.48529411764705876,0.5490196078431373,0.43448275862068964,0.5310344827586206,0.48275862068965514,3,3.1862068965517243,1.7486624995250475,3.6233725214329864,0.06156425775580454,1,0.5655172413793104,0.7586206896551724,0.24137931034482762,0.3917241379310345,0.19827586206896552,0.3068668252080856,0.1724137931034483,0.5387714953462627,0.2982758620689655,0.5293103448275862,0.3381412810637237,0.2482758620689655,0.4
677726,2023-12-20 19:30:00+00:00,12,20,2023,134,VfB Stuttgart,3,3841,FC Augsburg,0,MHPArena,0,2023-2024,0.4117647058823529,0.35294117647058826,0.6,0.5,0.2647058823529412,-0.5,0.3,0.0,0,0,0,0.5882352941176471,0.7352941176470589,0.4411764705882353,0.5833333333333333,0.2534435261707989,0.6377410468319559,0.4455922865013774,3,3.1859504132231407,1.7474697744768493,3.622817856842353,0.06153947297394036,3,0.7465564738292011,0.21349862258953167,0.7865013774104683,0.39118457300275483,0.3073002754820937,0.3278397043310642,0.16683884297520662,0.4421379465780618,0.2945592286501377,0.5386019283746557,0.48193527830908856,0.5950413223140496,0.18319559228650137
677721,2023-12-20 19:30:00+00:00,12,20,2023,138,VfL Wolfsburg,1,132,Bayern Munich,2,Volkswagen Arena,0,2023-2024,0.38235294117647056,-0.029411764705882353,0.3,-0.7,0.6764705882352942,1.5588235294117647,0.8,2.6,0,0,0,0.6176470588235294,0.32352941176470584,0.5049019607843137,0.24019607843137258,0.5777166437414031,0.02200825309491059,0.29986244841815685,3,3.185694635488308,1.7462794863266071,3.6222645070699597,0.06151474434081272,1,0.9779917469050894,0.7592847317744154,0.24071526822558464,0.390646492434663,0.19814305364511692,0.4722904325022846,0.14497936726272354,0.6811291881940539,0.27998624484181567,0.5750343878954608,0.2487465522174001,0.08528198074277854,0.7070151306740028
677732,2024-01-12 19:30:00+00:00,1,12,2024,132,Bayern Munich,3,7911,TSG Hoffenheim,0,Allianz Arena,0,2023-2024,0.6764705882352942,1.5294117647058822,0.8,2.0,0.35294117647058826,-0.14705882352941177,0.3,-0.2,0,0,0,0.32352941176470584,0.6470588235294117,0.2450980392156863,0.5245098039215685,0.0260989010989011,0.5590659340659341,0.2925824175824176,3,3.1854395604395602,1.7450916267887229,3.621712467136741,0.06149007164956988,3,0.9739010989010989,0.21428571428571427,0.7857142857142857,0.3901098901098901,0.30714285714285716,0.4066728806907378,0.14388736263736265,0.4979142658754119,0.27925824175824177,0.5768543956043956,0.3970422878499217,0.38324175824175827,0.31868131868131866
677736,2024-01-13 14:30:00+00:00,1,13,2024,3841,FC Augsburg,0,131,Bayer Leverkusen,1,WWK Arena,0,2023-2024,0.2647058823529412,-0.5588235294117647,0.3,-0.1,0.6176470588235294,1.2352941176470589,0.8,2.0,0,0,0,0.7352941176470589,0.38235294117647056,0.5931372549019607,0.2941176470588235,0.6420765027322405,0.036885245901639344,0.3394808743169399,1,3.17896174863388,1.7432912293808895,3.614784555979102,0.6753049902623982,1,0.9631147540983607,0.7581967213114754,0.24180327868852458,0.04644808743169399,0.19836065573770492,0.4661992743886052,0.150922131147541,0.5600953851864252,0.283948087431694,0.565129781420765,0.36242879912255244,0.31010928961748635,0.4521857923497268
677734,2024-01-13 14:30:00+00:00,1,13,2024,2950,Mainz,1,138,VfL Wolfsburg,1,MEWA ARENA,0,2023-2024,0.23529411764705882,-0.3235294117647059,0.1,-0.2,0.35294117647058826,-0.23529411764705882,0.2,-1.0,0,0,0,0.7647058823529411,0.6470588235294117,0.553921568627451,0.5392156862745099,0.7633378932968536,0.719562243502052,0.7414500683994528,2,3.180574555403557,1.7439382917191437,3.6165591283333427,0.3492478331088683,0,0.280437756497948,1.0,0.0,0.15321477428180574,0.15,0.2041860465116279,0.21121751025991792,0.3451999490980816,0.3241450068399453,0.46463748290013684,0.41827275125018254,0.43365253077975374,0.06703146374829001
677729,2024-01-13 14:30:00+00:00,1,13,2024,126,SC Freiburg,0,598,1. FC Union Berlin,0,Europa-Park Stadion,0,2023-2024,0.4411764705882353,0.0,0.4,-0.2,0.4117647058823529,-0.14705882352941177,0.2,-1.4,0,0,0,0.5588235294117647,0.5882352941176471,0.5,0.5245098039215685,0.40791268758526605,0.7162346521145976,0.5620736698499318,0,3.1759890859481583,1.7439581134649025,3.611978614314384,0.8829093822218399,0,0.5920873124147339,1.0,0.0,0.0,0.15,0.3366371077762619,0.18431105047748977,0.42545020463847194,0.3062073669849932,0.5094815825375171,0.44909613853155195,0.514324693042292,0.16098226466575716
677730,2024-01-13 14:30:00+00:00,1,13,2024,11420,RB Leipzig,0,125,Eintracht Frankfurt,1,Red Bull Arena,0,2023-2024,0.6470588235294118,1.0294117647058822,0.6,1.1,0.29411764705882354,0.029411764705882353,0.5,0.7,0,0,0,0.3529411764705882,0.7058823529411764,0.32843137254901966,0.4950980392156863,0.11522633744855967,0.3772290809327846,0.24622770919067216,1,3.185185185185185,1.7439061876169795,3.62116173208943,0.676826342808057,1,0.8847736625514403,0.7599451303155007,0.2400548696844993,0.04663923182441701,0.19801097393689987,0.43498828656426586,0.13693415637860082,0.5228787573235447,0.2746227709190672,0.588443072702332,0.3034961675332231,0.18106995884773663,0.37585733882030176
677735,2024-01-13 14:30:00+00:00,1,13,2024,122,FC Cologne,1,6418,1. FC Heidenheim 1846,1,RheinEnergieStadion,0,2023-2024,0.20588235294117646,-0.6176470588235294,0.2,-1.1,0.375,-0.4375,0.4,-0.4,0,0,0,0.7941176470588236,0.625,0.6029411764705883,0.5729166666666667,0.8342465753424657,0.536986301369863,0.6856164383561644,2,3.182191780821918,1.744585389112529,3.61833812810005,0.349655571336726,0,0.46301369863013697,1.0,0.0,0.15342465753424658,0.15,0.2817808219178082,0.20284246575342466,0.43841170951398006,0.31856164383561647,0.47859589041095885,0.3990582080498228,0.3863013698630137,0.17671232876712328
677728,2024-01-13 17:30:00+00:00,1,13,2024,3812,SV Darmstadt 98,0,124,Borussia Dortmund,3,Merck-Stadion am Böllenfalltor,0,2023-2024,0.125,-1.3125,0.1,-1.3,0.5882352941176471,1.1470588235294117,0.3,-0.1,0,0,0,0.875,0.4117647058823529,0.71875,0.30882352941176483,0.9386920980926431,0.29291553133514986,0.6158038147138964,3,3.1716621253405997,1.7467063420343378,3.6083387108491842,0.05884614102864405,3,0.7070844686648501,0.21389645776566757,0.7861035422343324,0.39373297002724794,0.3072207084468665,0.31420466779024264,0.19237057220708448,0.4334955678398736,0.31158038147138967,0.4960490463215258,0.561723602397229,0.7411444141689373,0.16893732970027248
677731,2024-01-14 14:30:00+00:00,1,14,2024,121,VfL Bochum,1,137,Werder Bremen,1,Vonovia Ruhrstadion,0,2023-2024,0.23529411764705882,-0.7941176470588235,0.3,-0.1,0.23529411764705882,-0.35294117647058826,0.2,-0.3,0,0,0,0.7647058823529411,0.7647058823529411,0.6323529411764706,0.5588235294117647,0.6802721088435374,0.7387755102040816,0.7095238095238094,2,3.1714285714285713,1.745527566386054,3.6078104630250847,0.3457169708610819,0,0.3197278911564626,1.0,0.0,0.15510204081632653,0.15,0.22088435374149662,0.2064285714285714,0.36642065805914203,0.32095238095238093,0.47261904761904766,0.4067003275336476,0.40272108843537413,0.08707482993197278
677733,2024-01-14 16:30:00+00:00,1,14,2024,268,Borussia Mönchengladbach,3,134,VfB Stuttgart,1,BORUSSIA-PARK,0,2023-2024,0.2647058823529412,-0.29411764705882354,0.3,-0.1,0.4411764705882353,0.4411764705882353,0.6,0.6,0,0,0,0.7352941176470589,0.5588235294117647,0.5490196078431373,0.42647058823529405,0.6168478260869565,0.22826086956521738,0.422554347826087,4,3.1698369565217392,1.7448740790131378,3.606055476275024,0.02516456145403867,2,0.7717391304347826,0.4388586956521739,0.5611413043478262,0.6086956521739131,0.26222826086956524,0.358460834120983,0.16338315217391305,0.590570362825034,0.2922554347826087,0.5443614130434782,0.3981303431203631,0.3845108695652174,0.5271739130434783
677743,2024-01-20 14:30:00+00:00,1,20,2024,6418,1. FC Heidenheim 1846,1,138,VfL Wolfsburg,1,Voith-Arena,0,2023-2024,0.35294117647058826,-0.4117647058823529,0.4,-0.2,0.3235294117647059,-0.38235294117647056,0.2,-0.8,0,0,0,0.6470588235294117,0.6764705882352942,0.5686274509803921,0.5637254901960784,0.5223880597014925,0.7381275440976933,0.6302578018995929,2,3.1709633649932156,1.7439564183617606,3.6069524695836557,0.3459205858099462,0,0.4776119402985075,1.0,0.0,0.1546811397557666,0.15,0.2879850746268657,0.19453867028493893,0.44655997488811033,0.3130257801899593,0.4924355495251017,0.3776562778085628,0.3473541383989145,0.2021709633649932
677742,2024-01-20 14:30:00+00:00,1,20,2024,122,FC Cologne,0,124,Borussia Dortmund,4,RheinEnergieStadion,0,2023-2024,0.20588235294117646,-0.6176470588235294,0.2,-0.8,0.5882352941176471,1.2058823529411764,0.3,0.0,0,0,0,0.7941176470588236,0.4117647058823529,0.6029411764705883,0.2990196078431372,0.8062330623306233,0.28184281842818426,0.5440379403794038,4,3.169376693766938,1.7433058293831782,3.6052031511127325,0.02531708908004382,4,0.7181571815718157,0.0921409214092141,0.9078590785907859,0.6084010840108401,0.3315718157181572,0.3068610688816915,0.18160569105691057,0.4863729672483012,0.3044037940379404,0.513990514905149,0.5605838165363012,0.7398373983739838,0.2940379403794038
677737,2024-01-20 14:30:00+00:00,1,20,2024,126,SC Freiburg,3,7911,TSG Hoffenheim,2,Europa-Park Stadion,0,2023-2024,0.4411764705882353,0.0,0.4,0.1,0.35294117647058826,-0.23529411764705882,0.2,-0.6,0,0,0,0.5588235294117647,0.6470588235294117,0.5,0.5392156862745099,0.38294993234100133,0.6779431664411367,0.530446549391069,5,3.1705006765899864,1.7423922574419275,3.6060987409504683,0.2738467797545969,1,0.6170500676589987,0.7564276048714479,0.2435723951285521,0.7861975642760487,0.19871447902571043,0.3273451945631096,0.17956698240866037,0.7428404544538535,0.3030446549391069,0.5173883626522328,0.3974340239812578,0.38294993234100133,0.7686062246278755
677745,2024-01-20 14:30:00+00:00,1,20,2024,3812,SV Darmstadt 98,2,125,Eintracht Frankfurt,2,Merck-Stadion am Böllenfalltor,0,2023-2024,0.11764705882352941,-1.411764705882353,0.0,-1.7,0.3235294117647059,0.058823529411764705,0.5,0.6,0,0,0,0.8823529411764706,0.6764705882352942,0.7352941176470589,0.4901960784313726,0.9635135135135136,0.36486486486486486,0.6641891891891892,4,3.172972972972973,1.7425113149200595,3.608600801702988,0.02491106437558399,0,0.6351351351351351,1.0,0.0,0.6067567567567568,0.15,0.3549324324324324,0.19962837837837838,0.7505882943754565,0.31641891891891893,0.48395270270270274,0.3264091085990021,0.22702702702702704,0.777027027027027
677744,2024-01-20 14:30:00+00:00,1,20,2024,121,VfL Bochum,1,134,VfB Stuttgart,0,Vonovia Ruhrstadion,0,2023-2024,0.23529411764705882,-0.7352941176470589,0.3,-0.1,0.4411764705882353,0.38235294117647056,0.5,0.2,0,0,0,0.7647058823529411,0.5588235294117647,0.6225490196078431,0.4362745098039216,0.6720647773279352,0.30634278002699056,0.4892037786774629,1,3.174089068825911,1.7415985628778474,3.609488709545373,0.6745335263542679,1,0.6936572199730094,0.7557354925775979,0.24426450742240213,0.04723346828609987,0.19885290148448043,0.357975444424411,0.17338056680161945,0.42940303391886897,0.2989203778677463,0.5276990553306342,0.44811901585665526,0.5141700404858299,0.1659919028340081
677738,2024-01-20 17:30:00+00:00,1,20,2024,11420,RB Leipzig,2,131,Bayer Leverkusen,3,Red Bull Arena,0,2023-2024,0.6176470588235294,0.8529411764705882,0.6,1.0,0.6176470588235294,1.2058823529411764,0.8,1.8,0,0,0,0.38235294117647056,0.38235294117647056,0.3578431372549019,0.2990196078431372,0.1307277628032345,0.04177897574123989,0.0862533692722372,5,3.1711590296495955,1.7422520998792732,3.606722054619414,0.27367634590822787,1,0.9582210242587601,0.7560646900269542,0.2439353099730458,0.7857142857142857,0.19878706199460916,0.4639908348529871,0.11293800539083558,0.8062492527877955,0.2586253369272237,0.6284366576819407,0.14820109145900429,0.02021563342318059,0.8153638814016172
677739,2024-01-21 14:30:00+00:00,1,21,2024,132,Bayern Munich,0,137,Werder Bremen,1,Allianz Arena,0,2023-2024,0.7058823529411765,1.6176470588235294,0.9,2.3,0.23529411764705882,-0.3235294117647059,0.2,-0.2,0,0,0,0.2941176470588235,0.7647058823529411,0.23039215686274517,0.553921568627451,0.020188425302826378,0.7187079407806191,0.3694481830417227,1,3.173620457604307,1.7423699512813258,3.6092129454246384,0.6741327238314219,1,0.9798115746971736,0.756393001345895,0.24360699865410496,0.047106325706594884,0.19872139973082098,0.47267888357736354,0.1554172274562584,0.5677196522997705,0.2869448183041723,0.5576379542395693,0.3806919338307542,0.35262449528936746,0.4670255720053836
677740,2024-01-21 16:30:00+00:00,1,21,2024,268,Borussia Mönchengladbach,1,3841,FC Augsburg,2,BORUSSIA-PARK,0,2023-2024,0.29411764705882354,-0.20588235294117646,0.4,0.1,0.23529411764705882,-0.6176470588235294,0.3,-0.1,0,0,0,0.7058823529411764,0.7647058823529411,0.5343137254901962,0.6029411764705883,0.5013440860215054,0.6747311827956989,0.5880376344086021,3,3.170698924731183,1.743019624459381,3.606453830846028,0.05873319216467743,1,0.4986559139784946,0.7567204301075269,0.24327956989247312,0.39381720430107525,0.19865591397849464,0.27993189241530814,0.18820564516129032,0.516232220755989,0.30880376344086025,0.5029905913978494,0.38195696257017975,0.353494623655914,0.35618279569892475
677692,2024-01-24 19:30:00+00:00,1,24,2024,132,Bayern Munich,1,598,1. FC Union Berlin,0,Allianz Arena,0,2023-2024,0.7058823529411765,1.588235294117647,0.8,1.9,0.38235294117647056,-0.20588235294117646,0.2,-1.3,0,0,0,0.2941176470588235,0.6176470588235294,0.23529411764705888,0.5343137254901962,0.025503355704697986,0.7369127516778523,0.38120805369127514,1,3.170469798657718,1.7418590734272206,3.605934567014523,0.6734281816458272,1,0.974496644295302,0.7570469798657719,0.24295302013422815,0.04697986577181208,0.19859060402684564,0.4706263231385973,0.1571812080536913,0.5653522581515011,0.28812080536912754,0.5546979865771812,0.3873054148059838,0.3651006711409396,0.4604026845637584
677753,2024-01-26 19:30:00+00:00,1,26,2024,125,Eintracht Frankfurt,1,2950,Mainz,0,Deutsche Bank Park,0,2023-2024,0.3235294117647059,0.058823529411764705,0.4,0.4,0.23529411764705882,-0.29411764705882354,0.1,-0.2,0,0,0,0.6764705882352942,0.7647058823529411,0.4901960784313726,0.5490196078431373,0.41420911528150134,0.7828418230563002,0.5985254691689008,1,3.1675603217158175,1.7425026204463636,3.603185976827408,0.6723866478536439,1,0.5857908847184987,0.7573726541554959,0.24262734584450407,0.04691689008042895,0.19852546916890082,0.31489569033055653,0.1897788203753351,0.37761656096661267,0.30985254691689007,0.5003686327077748,0.5022668165762174,0.6474530831099196,0.09785522788203753
677748,2024-01-27 14:30:00+00:00,1,27,2024,3841,FC Augsburg,2,132,Bayern Munich,3,WWK Arena,0,2023-2024,0.2647058823529412,-0.5294117647058824,0.3,-0.3,0.7352941176470589,1.6176470588235294,0.8,1.8,0,0,0,0.7352941176470589,0.2647058823529411,0.588235294117647,0.23039215686274517,0.6680053547523427,0.025435073627844713,0.3467202141900937,5,3.1646586345381524,1.7431393622991023,3.600443475112928,0.2755333623906637,1,0.9745649263721553,0.7576974564926372,0.2423025435073628,0.785809906291834,0.19846050870147255,0.4707300867907149,0.15200803212851405,0.8100369476630556,0.2846720214190094,0.5633199464524766,0.3061744515495208,0.18473895582329317,0.821954484605087
677750,2024-01-27 14:30:00+00:00,1,27,2024,7911,TSG Hoffenheim,1,6418,1. FC Heidenheim 1846,1,PreZero Arena,0,2023-2024,0.35294117647058826,-0.17647058823529413,0.2,-0.5,0.3333333333333333,-0.3888888888888889,0.4,0.1,0,0,0,0.6470588235294117,0.6666666666666667,0.5294117647058822,0.5648148148148149,0.6550802139037433,0.5013368983957219,0.5782085561497325,2,3.1671122994652405,1.7432643226862623,3.602928380136806,0.34475001247676773,0,0.49866310160427807,1.0,0.0,0.15775401069518716,0.15000000000000002,0.29693181818181824,0.18673128342245987,0.45898000729217314,0.30782085561497324,0.5054478609625668,0.3566298901858324,0.29010695187165775,0.22459893048128343
677749,2024-01-27 14:30:00+00:00,1,27,2024,134,VfB Stuttgart,5,11420,RB Leipzig,2,MHPArena,0,2023-2024,0.4411764705882353,0.38235294117647056,0.4,-0.2,0.5882352941176471,0.7941176470588235,0.5,0.7,0,0,0,0.5588235294117647,0.4117647058823529,0.4362745098039216,0.36764705882352944,0.38050734312416556,0.18157543391188252,0.28104138851802407,7,3.1655540720961284,1.7426205353702857,3.6012092059386998,0.850731986217088,3,0.8184245660881175,0.21228304405874499,0.787716955941255,0.9559412550066756,0.307543391188251,0.3526074106819774,0.14215620827770362,0.6514295099569409,0.2781041388518024,0.579739652870494,0.5029350161338677,0.6488651535380507,0.6595460614152203
677752,2024-01-27 14:30:00+00:00,1,27,2024,138,VfL Wolfsburg,1,122,FC Cologne,1,Volkswagen Arena,0,2023-2024,0.3235294117647059,-0.35294117647058826,0.2,-0.7,0.20588235294117646,-0.7352941176470589,0.1,-1.4,0,0,0,0.6764705882352942,0.7941176470588236,0.5588235294117647,0.6225490196078431,0.704,0.9146666666666666,0.8093333333333332,2,3.1706666666666665,1.747076393136113,3.607435764950695,0.3450956478867716,0,0.29600000000000004,1.0,0.0,0.15733333333333333,0.15,0.21080000000000002,0.22139999999999999,0.3557674666666667,0.3309333333333333,0.44766666666666666,0.4387157319976867,0.48133333333333334,0.076
677751,2024-01-27 14:30:00+00:00,1,27,2024,137,Werder Bremen,3,126,SC Freiburg,1,Weserstadion,0,2023-2024,0.23529411764705882,-0.3235294117647059,0.3,0.0,0.4411764705882353,-0.029411764705882353,0.4,0.1,0,0,0,0.7647058823529411,0.5588235294117647,0.553921568627451,0.5049019607843137,0.625832223701731,0.41278295605858856,0.5193075898801598,4,3.1691078561917445,1.7464338148595444,3.6057163099066307,0.02516292582074864,2,0.5872170439414115,0.4340878828229028,0.5659121171770972,0.607190412782956,0.2631824234354194,0.2900176772736219,0.17789613848202396,0.5517309794978666,0.30193075898801597,0.5201731025299601,0.4454725025915356,0.5046604527296937,0.43142476697736354
677747,2024-01-27 17:30:00+00:00,1,27,2024,131,Bayer Leverkusen,0,268,Borussia Mönchengladbach,0,BayArena,0,2023-2024,0.6470588235294118,1.2941176470588236,0.8,1.8,0.2647058823529412,-0.3235294117647059,0.4,0.2,0,0,0,0.3529411764705882,0.7352941176470589,0.28431372549019607,0.553921568627451,0.041223404255319146,0.5305851063829787,0.2859042553191489,0,3.1702127659574466,1.745533682715194,3.6065961866362453,0.8817034918591306,0,0.9587765957446809,1.0,0.0,0.0,0.15,0.4924800531914894,0.14288563829787235,0.6362965425531916,0.2785904255319149,0.5785239361702128,0.2913852213788023,0.15824468085106383,0.6462765957446809
677746,2024-01-28 14:30:00+00:00,1,28,2024,598,1. FC Union Berlin,1,3812,SV Darmstadt 98,0,Stadion An der Alten Försterei,0,2023-2024,0.35294117647058826,-0.2647058823529412,0.2,-1.2,0.1111111111111111,-1.3333333333333333,0.0,-1.5,0,0,0,0.6470588235294117,0.8888888888888888,0.5441176470588236,0.7222222222222222,0.7277556440903055,0.9548472775564409,0.8413014608233732,1,3.1660026560424965,1.748194230954292,3.6030512137810695,0.6699634872579788,1,0.27224435590969454,0.7556440903054449,0.24435590969455512,0.04780876494023904,0.198871181938911,0.18916428134297691,0.226195219123506,0.22633969681737404,0.3341301460823373,0.43967463479415675,0.603088126146698,0.796812749003984,0.006640106241699867
677754,2024-01-28 16:30:00+00:00,1,28,2024,124,Borussia Dortmund,3,121,VfL Bochum,1,SIGNAL IDUNA PARK,0,2023-2024,0.5882352941176471,1.2647058823529411,0.3,0.3,0.2647058823529412,-0.6176470588235294,0.4,0.1,0,0,0,0.4117647058823529,0.7352941176470589,0.2892156862745098,0.6029411764705883,0.253315649867374,0.5742705570291777,0.41379310344827586,4,3.163129973474801,1.748812920571788,3.600333203617748,0.025776331890773663,2,0.746684350132626,0.4336870026525199,0.5663129973474801,0.6074270557029178,0.26326259946949604,0.3487288836198102,0.16206896551724137,0.5835001182892599,0.29137931034482756,0.5465517241379311,0.3953487681768281,0.3819628647214854,0.5106100795755968
677756,2024-02-02 19:30:00+00:00,2,2,2024,6418,1. FC Heidenheim 1846,0,124,Borussia Dortmund,0,Voith-Arena,0,2023-2024,0.3157894736842105,-0.3684210526315789,0.4,0.2,0.5882352941176471,1.2058823529411764,0.4,0.5,0,0,0,0.6842105263157895,0.4117647058823529,0.5614035087719298,0.2990196078431372,0.495364238410596,0.2,0.347682119205298,0,3.1642384105960266,1.7479182149977939,3.601217964345475,0.8802557314862038,0,0.8,1.0,0.0,0.0,0.15,0.425,0.1521523178807947,0.5449999999999999,0.2847682119205298,0.5630794701986755,0.3297056133531523,0.2304635761589404,0.4185430463576159
677755,2024-02-03 14:30:00+00:00,2,3,2024,121,VfL Bochum,1,3841,FC Augsburg,1,Vonovia Ruhrstadion,0,2023-2024,0.23529411764705882,-0.7647058823529411,0.4,-0.1,0.23529411764705882,-0.5882352941176471,0.2,-0.5,0,0,0,0.7647058823529411,0.7647058823529411,0.6274509803921569,0.5980392156862746,0.618421052631579,0.7828947368421053,0.7006578947368421,2,3.1578947368421053,1.7487253523099393,3.5950760749195902,0.3403173681419166,0,0.381578947368421,1.0,0.0,0.16052631578947368,0.15,0.2471710526315789,0.20509868421052632,0.4011778047091412,0.32006578947368425,0.4748355263157894,0.40249590463457785,0.40131578947368424,0.12631578947368421
677758,2024-02-03 14:30:00+00:00,2,3,2024,2950,Mainz,0,137,Werder Bremen,1,MEWA ARENA,0,2023-2024,0.20588235294117646,-0.4117647058823529,0.1,-0.1,0.23529411764705882,-0.3235294117647059,0.3,0.0,0,0,0,0.7941176470588236,0.7647058823529411,0.5686274509803921,0.553921568627451,0.7799736495388669,0.6376811594202898,0.7088274044795784,1,3.160737812911726,1.7481199802839706,3.5977678079827187,0.6685075662025368,1,0.3623188405797102,0.7562582345191041,0.24374176548089588,0.048748353096179184,0.19874835309617916,0.22527944854976995,0.20632411067193676,0.2704574069935667,0.32088274044795784,0.4727931488801054,0.5512704953197446,0.7364953886693018,0.026350461133069828
677759,2024-02-03 14:30:00+00:00,2,3,2024,132,Bayern Munich,3,268,Borussia Mönchengladbach,1,Allianz Arena,0,2023-2024,0.7352941176470589,1.588235294117647,0.8,1.1,0.2647058823529412,-0.3235294117647059,0.3,0.1,0,0,0,0.2647058823529411,0.7352941176470589,0.23529411764705888,0.553921568627451,0.03835978835978836,0.5992063492063492,0.3187830687830688,4,3.1600529100529102,1.7505471605858625,3.5976897001993757,0.026062900798077715,2,0.9616402116402116,0.43386243386243384,0.5661375661375662,0.6071428571428571,0.26322751322751325,0.4279322737325382,0.14781746031746032,0.6263040286851997,0.2818783068783069,0.5703042328042327,0.34523778388084736,0.2671957671957672,0.626984126984127
677762,2024-02-03 14:30:00+00:00,2,3,2024,3812,SV Darmstadt 98,0,131,Bayer Leverkusen,2,Merck-Stadion am Böllenfalltor,0,2023-2024,0.10526315789473684,-1.3157894736842106,0.0,-0.8,0.6470588235294118,1.3235294117647058,0.7,1.7,0,0,0,0.8947368421052632,0.3529411764705882,0.7192982456140351,0.27941176470588236,0.9431968295904888,0.052840158520475564,0.49801849405548215,2,3.1611624834874505,1.749655361761239,3.59857632392776,0.3412295228395136,2,0.9471598414795245,0.4346103038309115,0.5653896961690885,0.15984147952443858,0.2630779392338177,0.4226836972056491,0.17470277410832233,0.483107874243237,0.2998018494055482,0.5254953764861294,0.49082503682479667,0.6208718626155878,0.2906208718626156
677761,2024-02-03 14:30:00+00:00,2,3,2024,126,SC Freiburg,1,134,VfB Stuttgart,3,Europa-Park Stadion,0,2023-2024,0.4411764705882353,0.029411764705882353,0.4,0.0,0.47058823529411764,0.5294117647058824,0.5,0.2,0,0,0,0.5588235294117647,0.5294117647058824,0.4950980392156863,0.4117647058823529,0.39050131926121373,0.28100263852242746,0.3357519788918206,4,3.1596306068601585,1.749007907716499,3.5968825837892835,0.026211666387156107,2,0.7189973614775725,0.43535620052770446,0.5646437994722955,0.6068601583113457,0.2629287598944591,0.33868326243899727,0.1503627968337731,0.578258734134511,0.28357519788918206,0.5660620052770449,0.3541166750871424,0.2862796833773087,0.5
677757,2024-02-03 17:30:00+00:00,2,3,2024,122,FC Cologne,2,125,Eintracht Frankfurt,0,RheinEnergieStadion,0,2023-2024,0.20588235294117646,-0.7352941176470589,0.1,-0.8,0.3235294117647059,0.0,0.5,0.5,0,0,0,0.7941176470588236,0.6764705882352942,0.6225490196078431,0.5,0.8751642575558476,0.38107752956636004,0.6281208935611038,2,3.1563731931668855,1.7480784902034643,3.5933928157177517,0.3399410791953609,2,0.61892247043364,0.43495400788436267,0.5650459921156373,0.16031537450722733,0.2630091984231275,0.30176916395710046,0.19421813403416557,0.3638107299825302,0.3128120893561104,0.4929697766097241,0.5524205560415899,0.7398160315374507,0.08672798948751642
677763,2024-02-04 14:30:00+00:00,2,4,2024,138,VfL Wolfsburg,2,7911,TSG Hoffenheim,2,Volkswagen Arena,0,2023-2024,0.3235294117647059,-0.29411764705882354,0.2,-0.6,0.35294117647058826,-0.08823529411764706,0.1,-0.6,0,0,0,0.6764705882352942,0.6470588235294117,0.5490196078431373,0.5147058823529411,0.6889763779527559,0.7283464566929134,0.7086614173228347,4,3.1548556430446193,1.7474317682395317,3.591713585104502,0.026926855254519877,0,0.3110236220472441,1.0,0.0,0.6076115485564304,0.15000000000000002,0.2171850393700788,0.2062992125984252,0.6483442608551884,0.32086614173228345,0.47283464566929134,0.3406346591960996,0.2545931758530184,0.6587926509186351
677760,2024-02-04 16:30:00+00:00,2,4,2024,11420,RB Leipzig,2,598,1. FC Union Berlin,0,Red Bull Arena,0,2023-2024,0.5882352941176471,0.7058823529411765,0.4,-0.2,0.35294117647058826,-0.29411764705882354,0.3,-0.8,0,0,0,0.4117647058823529,0.6470588235294117,0.38235294117647056,0.5490196078431373,0.2817824377457405,0.6435124508519003,0.46264744429882043,2,3.1559633027522938,1.7465527978898592,3.5926015022247584,0.3401475568597747,2,0.7182175622542595,0.4351245085190039,0.5648754914809961,0.1598951507208388,0.26297509829619925,0.33837460428157456,0.16939711664482307,0.3998506668064371,0.29626474442988204,0.5343381389252949,0.47218288284932397,0.5766710353866317,0.1258191349934469
677741,2024-02-07 17:30:00+00:00,2,7,2024,2950,Mainz,1,598,1. FC Union Berlin,1,MEWA ARENA,0,2023-2024,0.20588235294117646,-0.4117647058823529,0.1,-0.2,0.3235294117647059,-0.38235294117647056,0.3,-0.8,0,0,0,0.7941176470588236,0.6764705882352942,0.5686274509803921,0.5637254901960784,0.7866492146596858,0.6675392670157068,0.7270942408376964,2,3.154450261780105,1.7459088554296922,3.590927475637528,0.33977302116680475,0,0.33246073298429324,1.0,0.0,0.15968586387434555,0.15,0.2262958115183246,0.20906413612565444,0.37576166360571256,0.3227094240837696,0.46822643979057593,0.4114791009287079,0.418848167539267,0.09947643979057591
677769,2024-02-09 19:30:00+00:00,2,9,2024,124,Borussia Dortmund,3,126,SC Freiburg,0,SIGNAL IDUNA PARK,0,2023-2024,0.5588235294117647,1.1470588235294117,0.4,0.9,0.4117647058823529,-0.058823529411764705,0.4,-0.2,0,0,0,0.4411764705882353,0.5882352941176471,0.30882352941176483,0.5098039215686274,0.19215686274509805,0.46013071895424834,0.3261437908496732,3,3.152941176470588,1.7452650537359087,3.589257439904565,0.055403762648918,3,0.807843137254902,0.20915032679738563,0.7908496732026143,0.4,0.3081699346405229,0.34862809175957965,0.14892156862745098,0.4591494355698621,0.28261437908496734,0.5684640522875817,0.41715732555808477,0.4366013071895425,0.23006535947712417
677771,2024-02-10 14:30:00+00:00,2,10,2024,598,1. FC Union Berlin,1,138,VfL Wolfsburg,0,Stadion An der Alten Försterei,0,2023-2024,0.29411764705882354,-0.4117647058823529,0.3,-0.5,0.3235294117647059,-0.29411764705882354,0.2,-0.6,0,0,0,0.7058823529411764,0.6764705882352942,0.5686274509803921,0.5490196078431373,0.6527415143603134,0.7049608355091384,0.6788511749347259,1,3.1527415143603132,1.7441327387048309,3.588774699036521,0.6676404474489013,1,0.34725848563968664,0.7545691906005222,0.2454308093994778,0.048302872062663184,0.19908616187989556,0.21915344708873877,0.2018276762402089,0.262601496012407,0.3178851174934726,0.4802872062663185,0.5388106560350635,0.7219321148825065,0.02349869451697128
677768,2024-02-10 14:30:00+00:00,2,10,2024,268,Borussia Mönchengladbach,0,3812,SV Darmstadt 98,0,BORUSSIA-PARK,0,2023-2024,0.2647058823529412,-0.29411764705882354,0.3,-0.1,0.1,-1.35,0.0,-0.9,0,0,0,0.7352941176470589,0.9,0.5490196078431373,0.7250000000000001,0.6114732724902217,0.9478487614080835,0.7796610169491526,0,3.14993481095176,1.7447262934589118,3.586116384316488,0.8790455925279161,0,0.38852672750977835,1.0,0.0,0.0,0.15000000000000002,0.2501238591916558,0.2169491525423729,0.3084028683181226,0.32796610169491525,0.45508474576271185,0.545520032024442,0.7327249022164276,0.0469361147327249
677767,2024-02-10 14:30:00+00:00,2,10,2024,125,Eintracht Frankfurt,1,121,VfL Bochum,1,Deutsche Bank Park,0,2023-2024,0.3235294117647059,0.029411764705882353,0.4,0.0,0.23529411764705882,-0.6764705882352942,0.3,-0.2,0,0,0,0.6764705882352942,0.7647058823529411,0.4950980392156863,0.6127450980392157,0.46484375,0.69921875,0.58203125,2,3.1458333333333335,1.7472894510932575,3.582655696106648,0.3364934521160293,0,0.53515625,1.0,0.0,0.16145833333333334,0.15,0.31244140625,0.1873046875,0.4795081583658854,0.308203125,0.5044921875,0.3566570194002485,0.2903645833333333,0.2890625
677766,2024-02-10 14:30:00+00:00,2,10,2024,3841,FC Augsburg,2,11420,RB Leipzig,2,WWK Arena,0,2023-2024,0.23529411764705882,-0.5294117647058824,0.2,-0.5,0.6176470588235294,0.7941176470588235,0.5,0.2,0,0,0,0.7647058823529411,0.38235294117647056,0.588235294117647,0.36764705882352944,0.7516254876462939,0.19505851755526657,0.47334200260078024,4,3.1443433029908974,1.7466403365670122,3.5810033871326503,0.028362928933804432,0,0.8049414824447334,1.0,0.0,0.6098829648894668,0.15,0.42710013003901165,0.17100130039011704,0.8057607789488992,0.297334200260078,0.531664499349805,0.25650923656453095,0.09362808842652796,0.8166449934980494
677765,2024-02-10 14:30:00+00:00,2,10,2024,137,Werder Bremen,1,6418,1. FC Heidenheim 1846,2,Weserstadion,0,2023-2024,0.2647058823529412,-0.23529411764705882,0.4,0.1,0.3,-0.35,0.3,0.0,0,0,0,0.7352941176470589,0.7,0.5392156862745099,0.5583333333333333,0.5246753246753246,0.587012987012987,0.5558441558441558,3,3.1454545454545455,1.7457766578298384,3.581898709912005,0.05403568290076832,1,0.47532467532467537,0.7519480519480519,0.24805194805194808,0.4012987012987013,0.19961038961038963,0.27026142688480354,0.18337662337662336,0.5108420486580378,0.30558441558441557,0.511038961038961,0.3697677105543989,0.3233766233766234,0.35584415584415585
677770,2024-02-10 17:30:00+00:00,2,10,2024,131,Bayer Leverkusen,3,132,Bayern Munich,0,BayArena,0,2023-2024,0.6470588235294118,1.3235294117647058,0.7,1.8,0.7352941176470589,1.5588235294117647,0.8,0.9,0,0,0,0.3529411764705882,0.2647058823529411,0.27941176470588236,0.24019607843137258,0.05317769130998703,0.038910505836575876,0.046044098573281456,3,3.14526588845655,1.7446505326739685,3.581428521625042,0.05401854562400543,3,0.9610894941634242,0.20881971465629054,0.7911802853437094,0.40077821011673154,0.3082360570687419,0.4015999232892752,0.10690661478599223,0.49639583399077014,0.25460440985732813,0.6384889753566796,0.23661157880828915,0.07133592736705577,0.3203631647211414
677772,2024-02-11 14:30:00+00:00,2,11,2024,134,VfB Stuttgart,3,2950,Mainz,1,MHPArena,0,2023-2024,0.5,0.6176470588235294,0.6,0.6,0.17647058823529413,-0.47058823529411764,0.0,-0.4,0,0,0,0.5,0.8235294117647058,0.3970588235294118,0.5784313725490196,0.19170984455958548,0.8886010362694301,0.5401554404145078,4,3.145077720207254,1.7435265838398164,3.580959366167208,0.028468763983404033,2,0.8082901554404145,0.4339378238341969,0.5660621761658031,0.6101036269430051,0.2632124352331606,0.3714478241026605,0.18102331606217617,0.5968323814931499,0.3040155440414508,0.514961139896373,0.45540427182588383,0.538860103626943,0.5518134715025906
677764,2024-02-11 16:30:00+00:00,2,11,2024,7911,TSG Hoffenheim,1,122,FC Cologne,1,PreZero Arena,0,2023-2024,0.35294117647058826,-0.029411764705882353,0.1,-0.5,0.20588235294117646,-0.7647058823529411,0.2,-0.6,0,0,0,0.6470588235294117,0.7941176470588236,0.5049019607843137,0.6274509803921569,0.6985769728331177,0.8240620957309185,0.761319534282018,2,3.146183699870634,1.7426682990195044,3.58185077462551,0.3376596073140494,0,0.3014230271668823,1.0,0.0,0.16041397153945666,0.15,0.21310478654592496,0.2141979301423027,0.3604851312655955,0.3261319534282018,0.4596701164294955,0.4222818279427967,0.4489003880983182,0.08538163001293661
677774,2024-02-16 19:30:00+00:00,2,16,2024,122,FC Cologne,0,137,Werder Bremen,1,RheinEnergieStadion,0,2023-2024,0.20588235294117646,-0.6764705882352942,0.2,-0.6,0.2647058823529412,-0.20588235294117646,0.4,0.0,0,0,0,0.7941176470588236,0.7352941176470589,0.6127450980392157,0.5343137254901962,0.7945736434108527,0.5361757105943152,0.6653746770025839,1,3.144702842377261,1.7420279633710105,3.5802098332200134,0.6660977556687315,1,0.46382428940568476,0.751937984496124,0.24806201550387597,0.04909560723514212,0.1996124031007752,0.2656583638803758,0.19980620155038759,0.318596552126968,0.31653746770025837,0.483656330749354,0.5334240594942328,0.7118863049095607,0.05297157622739018
677773,2024-02-17 14:30:00+00:00,2,17,2024,6418,1. FC Heidenheim 1846,1,131,Bayer Leverkusen,2,Voith-Arena,0,2023-2024,0.3333333333333333,-0.2857142857142857,0.4,0.3,0.6764705882352942,1.4411764705882353,0.7,1.7,0,0,0,0.6666666666666667,0.32352941176470584,0.5476190476190477,0.2598039215686274,0.45548387096774196,0.04516129032258064,0.2503225806451613,3,3.141935483870968,1.742606047167738,3.5775869956629025,0.053448210849754596,1,0.9548387096774194,0.752258064516129,0.24774193548387102,0.4012903225806452,0.1995483870967742,0.46219625390218516,0.1375483870967742,0.6739659859689167,0.27503225806451614,0.5874193548387097,0.22253306795313627,0.05548387096774193,0.6993548387096774
677775,2024-02-17 14:30:00+00:00,2,17,2024,2950,Mainz,1,3841,FC Augsburg,0,MEWA ARENA,0,2023-2024,0.14705882352941177,-0.5588235294117647,0.0,-0.6,0.20588235294117646,-0.5588235294117647,0.2,-0.5,0,0,0,0.8529411764705882,0.7941176470588236,0.5931372549019607,0.5931372549019607,0.9097938144329897,0.7951030927835051,0.8524484536082474,1,3.1417525773195876,1.7414888759778615,3.577124796314053,0.6654480570770075,1,0.2048969072164949,0.7525773195876289,0.24742268041237114,0.04896907216494845,0.19948453608247424,0.16206311775959192,0.2278672680412371,0.1941032102612327,0.3352448453608248,0.4368878865979381,0.6070054123536807,0.8054123711340206,0.002577319587628866
677778,2024-02-17 14:30:00+00:00,2,17,2024,3812,SV Darmstadt 98,1,134,VfB Stuttgart,2,Merck-Stadion am Böllenfalltor,0,2023-2024,0.09523809523809523,-1.2857142857142858,0.0,-0.9,0.5,0.5882352941176471,0.6,0.7,0,0,0,0.9047619047619048,0.5,0.7142857142857143,0.4019607843137255,0.9485199485199485,0.1891891891891892,0.5688545688545689,3,3.138996138996139,1.7420616774017124,3.5745115583465674,0.05292800203569337,1,0.8108108108108107,0.752895752895753,0.24710424710424705,0.4015444015444015,0.19942084942084942,0.40461703015757067,0.18532818532818535,0.6253233968453629,0.3068854568854569,0.5077863577863577,0.37449833997003557,0.33719433719433717,0.6280566280566281
677779,2024-02-17 14:30:00+00:00,2,17,2024,7911,TSG Hoffenheim,0,598,1. FC Union Berlin,1,PreZero Arena,0,2023-2024,0.35294117647058826,0.0,0.1,-0.5,0.3235294117647059,-0.38235294117647056,0.4,0.0,0,0,0,0.6470588235294117,0.6764705882352942,0.5,0.5637254901960784,0.6889460154241646,0.512853470437018,0.6008997429305913,1,3.138817480719794,1.7409474306675157,3.574054338386673,0.6648024119088836,1,0.487146529562982,0.7532133676092545,0.2467866323907455,0.04884318766066838,0.1993573264781491,0.27507941726528373,0.1901349614395887,0.32997990872805183,0.3100899742930591,0.49977506426735224,0.5032429490885297,0.6542416452442159,0.06298200514138817
677781,2024-02-17 14:30:00+00:00,2,17,2024,138,VfL Wolfsburg,1,124,Borussia Dortmund,1,Volkswagen Arena,0,2023-2024,0.3235294117647059,-0.23529411764705882,0.2,-0.3,0.5588235294117647,1.1470588235294117,0.5,1.3,0,0,0,0.6764705882352942,0.4411764705882353,0.5392156862745099,0.30882352941176483,0.6572528883183568,0.14890885750962773,0.4030808729139923,2,3.1360718870346598,1.7415150083730515,3.5714506391279226,0.334432320059291,0,0.8510911424903722,1.0,0.0,0.16302952503209242,0.15,0.44671373555840815,0.16046213093709885,0.6401249750758435,0.29030808729139923,0.549229781771502,0.2750477425977702,0.12708600770218229,0.6572528883183568
677776,2024-02-17 17:30:00+00:00,2,17,2024,11420,RB Leipzig,2,268,Borussia Mönchengladbach,0,Red Bull Arena,0,2023-2024,0.5882352941176471,0.7058823529411765,0.4,0.0,0.23529411764705882,-0.3235294117647059,0.2,-0.5,0,0,0,0.4117647058823529,0.7647058823529411,0.38235294117647056,0.553921568627451,0.2692307692307692,0.7576923076923077,0.5134615384615384,2,3.1346153846153846,1.74087217329939,3.569833427940232,0.33407454163461336,2,0.7307692307692308,0.4307692307692308,0.5692307692307692,0.16282051282051282,0.26384615384615384,0.342594674556213,0.17701923076923076,0.40446940145653165,0.3013461538461538,0.5216346153846154,0.49851243346850005,0.6423076923076924,0.1423076923076923
677777,2024-02-18 14:30:00+00:00,2,18,2024,126,SC Freiburg,3,125,Eintracht Frankfurt,3,Europa-Park Stadion,0,2023-2024,0.38235294117647056,-0.20588235294117646,0.4,-0.3,0.29411764705882354,-0.029411764705882353,0.4,0.0,0,0,0,0.6176470588235294,0.7058823529411764,0.5343137254901962,0.5049019607843137,0.4839948783610755,0.48911651728553135,0.48655569782330343,6,3.1331626120358513,1.7402295340603,3.568219995550926,0.6233164871980752,0,0.5160051216389245,1.0,0.0,0.9001280409731114,0.15,0.3043021766965429,0.17298335467349552,0.8729008575958135,0.2986555697823303,0.5283610755441741,0.36490046879288873,0.3201024327784891,0.8553137003841229
677780,2024-02-18 16:30:00+00:00,2,18,2024,121,VfL Bochum,3,132,Bayern Munich,2,Vonovia Ruhrstadion,0,2023-2024,0.23529411764705882,-0.6176470588235294,0.3,-0.2,0.7352941176470589,1.5,0.7,0.4,0,0,0,0.7647058823529411,0.2647058823529411,0.6029411764705883,0.25,0.670076726342711,0.0741687979539642,0.3721227621483376,5,3.136828644501279,1.7421340817571773,3.5723621649405732,0.2852130964725085,1,0.9258312020460358,0.7519181585677749,0.24808184143222511,0.7915601023017903,0.19961636828644502,0.45054843309502157,0.15581841432225063,0.8005021959643619,0.28721227621483375,0.5569693094629156,0.3229545606707946,0.21611253196930946,0.8132992327365729
677783,2024-02-23 19:30:00+00:00,2,23,2024,131,Bayer Leverkusen,2,2950,Mainz,1,BayArena,0,2023-2024,0.7058823529411765,1.4705882352941178,0.7,1.5,0.14705882352941177,-0.6470588235294118,0.1,-0.5,0,0,0,0.2941176470588235,0.8529411764705882,0.2549019607843137,0.607843137254902,0.04980842911877394,0.8837803320561941,0.466794380587484,3,3.1392081736909323,1.742292603276448,3.5747813245100444,0.05296271478724701,1,0.9501915708812261,0.7522349936143039,0.2477650063856961,0.40229885057471265,0.1995530012771392,0.460333695434105,0.1700191570881226,0.6727198851811462,0.2966794380587484,0.5333014048531289,0.33145355793520825,0.23243933588761176,0.6947637292464879
677782,2024-02-24 14:30:00+00:00,2,24,2024,598,1. FC Union Berlin,2,6418,1. FC Heidenheim 1846,2,Stadion An der Alten Försterei,0,2023-2024,0.35294117647058826,-0.2647058823529412,0.5,0.1,0.3181818181818182,-0.3181818181818182,0.4,0.2,0,0,0,0.6470588235294117,0.6818181818181819,0.5441176470588236,0.553030303030303,0.39158163265306123,0.4846938775510204,0.4381377551020408,4,3.139030612244898,1.7411867707713606,3.574327304937738,0.029441363662774278,0,0.6084183673469388,1.0,0.0,0.6122448979591837,0.15,0.3435778061224489,0.1657206632653061,0.7448949656393169,0.2938137755102041,0.5404655612244897,0.24167741001849255,0.07653061224489796,0.7755102040816326
677785,2024-02-24 14:30:00+00:00,2,24,2024,268,Borussia Mönchengladbach,5,121,VfL Bochum,2,BORUSSIA-PARK,0,2023-2024,0.23529411764705882,-0.2647058823529412,0.2,-0.5,0.2647058823529412,-0.5,0.4,-0.1,0,0,0,0.7647058823529411,0.7352941176470589,0.5441176470588236,0.5833333333333333,0.729936305732484,0.575796178343949,0.6528662420382165,7,3.140127388535032,1.7403472806370703,3.5752142086942995,0.8557584392135875,3,0.42420382165605097,0.20636942675159237,0.7936305732484077,0.956687898089172,0.3087261146496816,0.2157479005233478,0.19792993630573247,0.63041652314418,0.31528662420382164,0.48678343949044584,0.7374057924976376,0.8560509554140128,0.6420382165605095
677790,2024-02-24 14:30:00+00:00,2,24,2024,134,VfB Stuttgart,1,122,FC Cologne,1,MHPArena,0,2023-2024,0.5294117647058824,0.6470588235294118,0.6,0.7,0.20588235294117646,-0.6470588235294118,0.2,-0.6,0,0,0,0.47058823529411764,0.7941176470588236,0.3921568627450981,0.607843137254902,0.17048346055979643,0.8155216284987278,0.4930025445292621,2,3.145038167938931,1.7446791353041258,3.581207951764963,0.3368092169455804,0,0.8295165394402035,1.0,0.0,0.16157760814249364,0.15,0.4375445292620865,0.1739503816793893,0.6286155786052353,0.2993002544529262,0.5267493638676846,0.31827686855675863,0.2099236641221374,0.6399491094147582
677789,2024-02-24 14:30:00+00:00,2,24,2024,137,Werder Bremen,1,3812,SV Darmstadt 98,1,Weserstadion,0,2023-2024,0.2647058823529412,-0.2647058823529412,0.5,0.4,0.09090909090909091,-1.2727272727272727,0.0,-1.0,0,0,0,0.7352941176470589,0.9090909090909091,0.5441176470588236,0.7121212121212122,0.420584498094028,0.9491740787801779,0.6848792884371029,2,3.1435832274459976,1.7440466147805451,3.579594881141134,0.3364508858675226,0,0.579415501905972,1.0,0.0,0.1613722998729352,0.15,0.33125158831003815,0.20273189326556545,0.5018755378457753,0.3184879288437103,0.4787801778907242,0.39611595263438826,0.38881829733163914,0.33799237611181704
677788,2024-02-24 17:30:00+00:00,2,24,2024,132,Bayern Munich,2,11420,RB Leipzig,1,Allianz Arena,0,2023-2024,0.7058823529411765,1.3823529411764706,0.6,0.2,0.5882352941176471,0.7352941176470589,0.5,0.3,0,0,0,0.2941176470588235,0.4117647058823529,0.26960784313725483,0.37745098039215685,0.11928934010152284,0.21192893401015228,0.16560913705583757,3,3.1421319796954315,1.7434142619542259,3.5779855451839877,0.053471727223969534,1,0.8807106598984772,0.75,0.25,0.4022842639593909,0.2,0.4322842639593909,0.12484137055837564,0.6482815841686207,0.26656091370558377,0.6085977157360406,0.17410505465635953,0.027918781725888325,0.6611675126903553
677786,2024-02-25 14:30:00+00:00,2,25,2024,125,Eintracht Frankfurt,2,138,VfL Wolfsburg,2,Deutsche Bank Park,0,2023-2024,0.29411764705882354,0.0,0.4,0.1,0.29411764705882354,-0.29411764705882354,0.1,-0.4,0,0,0,0.7058823529411764,0.7058823529411764,0.5,0.5490196078431373,0.4752851711026616,0.7693282636248415,0.6223067173637515,4,3.1419518377693283,1.7423150311376565,3.5775305955537426,0.02896938411702299,0,0.5247148288973384,1.0,0.0,0.6121673003802282,0.15,0.3080038022813688,0.19334600760456272,0.7185033757897323,0.31223067173637514,0.4944233206590621,0.31328406842921586,0.2002534854245881,0.761723700887199
677784,2024-02-25 16:30:00+00:00,2,25,2024,124,Borussia Dortmund,2,7911,TSG Hoffenheim,3,SIGNAL IDUNA PARK,0,2023-2024,0.5294117647058824,1.1176470588235294,0.4,1.1,0.35294117647058826,0.0,0.1,-0.6,0,0,0,0.47058823529411764,0.6470588235294117,0.31372549019607854,0.5,0.1949367088607595,0.7139240506329114,0.4544303797468355,5,3.143037974683544,1.74147814961246,3.578407512086659,0.28336170520235426,1,0.8050632911392405,0.7493670886075949,0.25063291139240507,0.7911392405063291,0.200126582278481,0.4019617048549912,0.1681645569620253,0.7771350077782894,0.2954430379746835,0.5363924050632911,0.3654521486997996,0.32531645569620254,0.7987341772151899
677787,2024-02-25 18:30:00+00:00,2,25,2024,3841,FC Augsburg,2,126,SC Freiburg,1,WWK Arena,0,2023-2024,0.20588235294117646,-0.5294117647058824,0.2,-0.6,0.38235294117647056,-0.20588235294117646,0.4,-0.3,0,0,0,0.7941176470588236,0.6176470588235294,0.588235294117647,0.5343137254901962,0.7838179519595448,0.4829329962073325,0.6333754740834386,3,3.145385587863464,1.7416275878991077,3.580792484838241,0.05408579393700974,1,0.5170670037926675,0.7496839443742098,0.2503160556257902,0.40075853350189633,0.20006321112515804,0.28680413821100526,0.1950063211125158,0.5241008313144779,0.31333754740834385,0.49165613147914033,0.4003834260084515,0.40075853350189633,0.38811630847029077
677792,2024-03-01 19:30:00+00:00,3,1,2024,126,SC Freiburg,2,132,Bayern Munich,2,Europa-Park Stadion,0,2023-2024,0.38235294117647056,-0.23529411764705882,0.3,-0.5,0.7058823529411765,1.3823529411764706,0.7,0.7,0,0,0,0.6176470588235294,0.2941176470588235,0.5392156862745099,0.26960784313725483,0.571969696969697,0.07196969696969698,0.321969696969697,4,3.1452020202020203,1.740534003994287,3.580335521200592,0.028649215824934293,0,0.928030303030303,1.0,0.0,0.6111111111111112,0.15,0.47941287878787875,0.14829545454545456,0.8450873316498316,0.2821969696969697,0.5695075757575757,0.1876127300717429,0.03535353535353535,0.8434343434343434
677793,2024-03-02 14:30:00+00:00,3,2,2024,3812,SV Darmstadt 98,0,3841,FC Augsburg,6,Merck-Stadion am Böllenfalltor,0,2023-2024,0.08695652173913043,-1.2173913043478262,0.0,-0.9,0.20588235294117646,-0.5294117647058824,0.2,-0.6,0,0,0,0.9130434782608696,0.7941176470588236,0.7028985507246377,0.588235294117647,0.9485570890840652,0.8030112923462986,0.875784190715182,6,3.1455457967377667,1.7375243346614522,3.57992688040313,0.6209114197385235,6,0.19698870765370136,0.01631116687578419,0.9836888331242158,0.8996235884567126,0.3467377666248432,0.12966886489328708,0.2313676286072773,0.5414554200818239,0.3375784190715182,0.43105395232120447,0.853241160692666,0.8644918444165621,0.4178168130489335
677791,2024-03-02 14:30:00+00:00,3,2,2024,2950,Mainz,1,268,Borussia Mönchengladbach,1,MEWA ARENA,0,2023-2024,0.11764705882352941,-0.7058823529411765,0.1,-0.5,0.2647058823529412,-0.17647058823529413,0.2,-0.3,0,0,0,0.8823529411764706,0.7352941176470589,0.6176470588235294,0.5294117647058822,0.8869346733668342,0.7010050251256281,0.7939698492462312,2,3.1469849246231156,1.7381414073583599,3.5815202764627054,0.33896690166806065,0,0.2989949748743719,1.0,0.0,0.15954773869346733,0.15,0.21207286432160805,0.2190954773869347,0.358701942501452,0.3293969849246231,0.4515075376884422,0.4327494867713634,0.4836683417085427,0.08542713567839195
677799,2024-03-02 14:30:00+00:00,3,2,2024,121,VfL Bochum,1,11420,RB Leipzig,4,Vonovia Ruhrstadion,0,2023-2024,0.2647058823529412,-0.5294117647058824,0.3,-0.6,0.5882352941176471,0.7352941176470589,0.4,0.1,0,0,0,0.7352941176470589,0.4117647058823529,0.588235294117647,0.37745098039215685,0.6876574307304786,0.26574307304785894,0.47670025188916876,5,3.1448362720403025,1.7390782692642643,3.5796058393563683,0.28361762632925336,3,0.7342569269521411,0.2052896725440806,0.7947103274559194,0.7909319899244333,0.30894206549118386,0.32281283112005027,0.17150503778337534,0.5843698244106718,0.2976700251889169,0.5308249370277078,0.5382476761014863,0.7229219143576826,0.5163727959697733
677798,2024-03-02 14:30:00+00:00,3,2,2024,598,1. FC Union Berlin,0,124,Borussia Dortmund,2,Stadion An der Alten Försterei,0,2023-2024,0.35294117647058826,-0.2647058823529412,0.4,-0.1,0.5,1.0588235294117647,0.4,1.0,0,0,0,0.6470588235294117,0.5,0.5441176470588236,0.32352941176470595,0.4905422446406053,0.21941992433795712,0.35498108448928123,2,3.146279949558638,1.7396996743354356,3.581204868142497,0.3383677154564546,2,0.7805800756620429,0.4262295081967213,0.5737704918032787,0.1601513240857503,0.2647540983606557,0.3604837409298575,0.1532471626733922,0.4203292379945051,0.28549810844892815,0.5612547288776797,0.41489909475936293,0.4401008827238335,0.1626733921815889
677795,2024-03-02 14:30:00+00:00,3,2,2024,6418,1. FC Heidenheim 1846,1,125,Eintracht Frankfurt,2,Voith-Arena,0,2023-2024,0.30434782608695654,-0.30434782608695654,0.4,0.3,0.29411764705882354,0.0,0.4,0.2,0,0,0,0.6956521739130435,0.7058823529411764,0.5507246376811594,0.5,0.4817610062893082,0.47044025157232705,0.4761006289308176,3,3.147169811320755,1.739227778233396,3.581976755879104,0.054446275511966014,1,0.529559748427673,0.7496855345911949,0.2503144654088051,0.4,0.200062893081761,0.2918009572406155,0.17141509433962265,0.5279586718242925,0.2976100628930818,0.5309748427672956,0.3366264738346388,0.24276729559748428,0.39622641509433965
677796,2024-03-02 17:30:00+00:00,3,2,2024,138,VfL Wolfsburg,2,134,VfB Stuttgart,3,Volkswagen Arena,0,2023-2024,0.29411764705882354,-0.29411764705882354,0.1,-0.2,0.5294117647058824,0.6764705882352942,0.5,0.5,0,0,0,0.7058823529411764,0.47058823529411764,0.5490196078431373,0.38725490196078427,0.7255639097744361,0.22556390977443608,0.4755639097744361,5,3.1491228070175437,1.7393715193323789,3.583965686850638,0.282071288499783,1,0.7744360902255639,0.7493734335839599,0.2506265664160401,0.7894736842105263,0.200125313283208,0.3897133811973543,0.1713345864661654,0.7708366767447195,0.29755639097744363,0.531109022556391,0.3754803874383107,0.34711779448621555,0.7907268170426065
677797,2024-03-03 14:30:00+00:00,3,3,2024,122,FC Cologne,0,131,Bayer Leverkusen,2,RheinEnergieStadion,0,2023-2024,0.20588235294117646,-0.6470588235294118,0.1,-0.7,0.7058823529411765,1.411764705882353,0.8,1.6,0,0,0,0.7941176470588236,0.2941176470588235,0.607843137254902,0.2647058823529411,0.8610763454317898,0.03504380475594493,0.44806007509386736,2,3.151439299123905,1.7395141792918498,3.5863178439468677,0.3401940923962531,2,0.9649561952440551,0.4267834793491865,0.5732165206508135,0.15894868585732166,0.2646433041301627,0.4283291692838827,0.1672090112640801,0.4869746308968406,0.29480600750938674,0.5379849812265332,0.46692078280668015,0.5657071339173968,0.3016270337922403
677794,2024-03-03 16:30:00+00:00,3,3,2024,7911,TSG Hoffenheim,2,137,Werder Bremen,1,PreZero Arena,0,2023-2024,0.38235294117647056,0.058823529411764705,0.2,-0.4,0.2647058823529412,-0.23529411764705882,0.5,0.6,0,0,0,0.6176470588235294,0.7352941176470589,0.4901960784313726,0.5392156862745099,0.58625,0.42875,0.5075000000000001,3,3.15,1.7389018732107384,3.5847254683026843,0.054967389184936266,1,0.57125,0.75,0.25,0.4,0.2,0.3085,0.17612500000000003,0.542225,0.30075,0.5231249999999998,0.35035456892019684,0.285,0.42
677800,2024-03-08 19:30:00+00:00,3,8,2024,134,VfB Stuttgart,2,598,1. FC Union Berlin,0,MHPArena,0,2023-2024,0.5588235294117647,0.7058823529411765,0.6,0.6,0.35294117647058826,-0.3235294117647059,0.4,0.0,0,0,0,0.4411764705882353,0.6470588235294117,0.38235294117647056,0.553921568627451,0.1647940074906367,0.484394506866417,0.32459425717852686,2,3.149812734082397,1.7378228016364716,3.584268434491515,0.34001855905419476,2,0.8352059925093633,0.42696629213483145,0.5730337078651686,0.1585518102372035,0.2646067415730337,0.3806417539872911,0.14868913857677904,0.4397688277651084,0.2824594257178527,0.5688514357053682,0.3970617479041757,0.3945068664169788,0.19101123595505617
677805,2024-03-09 14:30:00+00:00,3,9,2024,3841,FC Augsburg,1,6418,1. FC Heidenheim 1846,0,WWK Arena,0,2023-2024,0.23529411764705882,-0.29411764705882354,0.3,0.2,0.2916666666666667,-0.3333333333333333,0.3,0.1,0,0,0,0.7647058823529411,0.7083333333333333,0.5490196078431373,0.5555555555555556,0.5920398009950248,0.5833333333333334,0.5876865671641791,1,3.1592039800995027,1.7501545530568516,3.5967426183637157,0.6673669408304796,1,0.41666666666666663,0.75,0.25,0.0472636815920398,0.2,0.2466666666666667,0.18815298507462686,0.29448590381426204,0.3087686567164179,0.5030783582089553,0.4984116395868933,0.6467661691542289,0.043532338308457715
677804,2024-03-09 14:30:00+00:00,3,9,2024,132,Bayern Munich,8,2950,Mainz,1,Allianz Arena,0,2023-2024,0.6764705882352942,1.3235294117647058,0.6,0.4,0.11764705882352941,-0.7058823529411765,0.1,-0.5,0,0,0,0.32352941176470584,0.8823529411764706,0.27941176470588236,0.6176470588235294,0.11970074812967581,0.8940149625935162,0.506857855361596,9,3.1483790523690773,1.7372122015368858,3.582682102753299,0.9922665558956287,7,0.8802992518703242,0.004987531172069825,0.9950124688279302,0.9987531172069826,0.349002493765586,0.3516360594772421,0.1760286783042394,0.607968608090907,0.3006857855361596,0.5232855361596009,0.7390848607672051,0.85785536159601,0.5935162094763092
677808,2024-03-09 14:30:00+00:00,3,9,2024,268,Borussia Mönchengladbach,3,122,FC Cologne,3,BORUSSIA-PARK,0,2023-2024,0.2647058823529412,-0.08823529411764706,0.2,-0.1,0.20588235294117646,-0.6470588235294118,0.1,-0.9,0,0,0,0.7352941176470589,0.7941176470588236,0.5147058823529411,0.607843137254902,0.6575342465753424,0.887920298879203,0.7727272727272727,6,3.1556662515566627,1.7483664333403304,3.592757859891745,0.6124308392128902,0,0.34246575342465757,1.0,0.0,0.8978829389788294,0.15,0.23054794520547944,0.2159090909090909,0.8381132397345571,0.32727272727272727,0.4568181818181818,0.4852252535077417,0.613947696139477,0.8393524283935243
677802,2024-03-09 14:30:00+00:00,3,9,2024,11420,RB Leipzig,2,3812,SV Darmstadt 98,0,Red Bull Arena,0,2023-2024,0.5882352941176471,0.7352941176470589,0.4,0.3,0.08333333333333333,-1.4166666666666667,0.0,-1.4,0,0,0,0.4117647058823529,0.9166666666666666,0.37745098039215685,0.7361111111111112,0.24596273291925466,0.9602484472049689,0.6031055900621118,2,3.1565217391304348,1.750720626634738,3.5942018957891193,0.33939152700726993,2,0.7540372670807454,0.42732919254658386,0.5726708074534161,0.15900621118012423,0.2645341614906832,0.3508309093013387,0.19046583850931678,0.4105482481529521,0.3103105590062112,0.49922360248447206,0.5434328355111356,0.7391304347826086,0.15527950310559005
677803,2024-03-09 17:30:00+00:00,3,9,2024,137,Werder Bremen,1,124,Borussia Dortmund,2,Weserstadion,0,2023-2024,0.2647058823529412,-0.23529411764705882,0.4,0.3,0.5294117647058824,1.1176470588235294,0.5,1.3,0,0,0,0.7352941176470589,0.47058823529411764,0.5392156862745099,0.31372549019607854,0.5,0.1575682382133995,0.32878411910669975,3,3.1550868486352357,1.7501070575667173,3.592613613026915,0.05571785418311159,1,0.8424317617866005,0.750620347394541,0.24937965260545902,0.40074441687344914,0.19987593052109182,0.41703737169738136,0.14931761786600498,0.6349384244220475,0.28287841191067,0.5678039702233251,0.2655487055262572,0.10794044665012408,0.6488833746898263
677801,2024-03-10 14:30:00+00:00,3,10,2024,121,VfL Bochum,1,126,SC Freiburg,2,Vonovia Ruhrstadion,0,2023-2024,0.23529411764705882,-0.6764705882352942,0.3,-0.7,0.35294117647058826,-0.2647058823529412,0.2,-0.6,0,0,0,0.7647058823529411,0.6470588235294117,0.6127450980392157,0.5441176470588236,0.7335811648079306,0.6753407682775713,0.7044609665427509,3,3.154894671623296,1.7490295664670834,3.592152063240067,0.055700178271999246,1,0.3246592317224287,0.7509293680297398,0.24907063197026025,0.40024783147459725,0.19981412639405205,0.20991245284061857,0.20566914498141264,0.45875658295397503,0.3204460966542751,0.47388475836431226,0.42510283475379906,0.46220570012391576,0.23048327137546468
677806,2024-03-10 16:30:00+00:00,3,10,2024,125,Eintracht Frankfurt,3,7911,TSG Hoffenheim,1,Deutsche Bank Park,0,2023-2024,0.3235294117647059,0.029411764705882353,0.4,-0.1,0.4117647058823529,0.11764705882352941,0.2,-0.5,0,0,0,0.6764705882352942,0.5882352941176471,0.4950980392156863,0.48039215686274506,0.4665841584158416,0.5841584158415841,0.5253712871287128,4,3.1547029702970297,1.7479540629226544,3.591691486027693,0.026913858151479064,2,0.5334158415841583,0.42698019801980197,0.573019801980198,0.6113861386138614,0.2646039603960396,0.2696755526418978,0.17880569306930694,0.5410251152863945,0.3025371287128713,0.5186571782178218,0.4506597059454946,0.5358910891089109,0.41707920792079206
677807,2024-03-10 18:30:00+00:00,3,10,2024,131,Bayer Leverkusen,2,138,VfL Wolfsburg,0,BayArena,0,2023-2024,0.7058823529411765,1.4411764705882353,0.9,1.8,0.29411764705882354,-0.3235294117647059,0.1,-0.2,0,0,0,0.2941176470588235,0.7058823529411764,0.2598039215686274,0.553921568627451,0.022249690976514216,0.754017305315204,0.38813349814585907,2,3.1557478368355993,1.7471248561759147,3.592529050879578,0.3399429673879957,2,0.9777503090234858,0.4276885043263288,0.5723114956736712,0.15822002472187885,0.26446229913473424,0.4331398772462455,0.15822002472187885,0.4916724320964281,0.2888133498145859,0.5529666254635353,0.43370185560613944,0.484548825710754,0.31025957972805934
677811,2024-03-15 19:30:00+00:00,3,15,2024,122,FC Cologne,1,11420,RB Leipzig,5,RheinEnergieStadion,0,2023-2024,0.20588235294117646,-0.5,0.1,-0.7,0.6176470588235294,0.8235294117647058,0.4,0.3,0,0,0,0.7941176470588236,0.38235294117647056,0.5833333333333333,0.36274509803921573,0.8506172839506173,0.23580246913580247,0.5432098765432098,6,3.154320987654321,1.7465168856386761,3.59095020906399,0.6137601292407447,4,0.7641975308641975,0.08765432098765433,0.9123456790123456,0.8975308641975308,0.3324691358024692,0.3218158055174516,0.18148148148148147,0.5925705739677594,0.304320987654321,0.5141975308641975,0.6683492129076292,0.8407407407407408,0.5419753086419753
677809,2024-03-16 14:30:00+00:00,3,16,2024,6418,1. FC Heidenheim 1846,1,268,Borussia Mönchengladbach,1,Voith-Arena,0,2023-2024,0.28,-0.36,0.2,-0.1,0.2647058823529412,-0.08823529411764706,0.2,-0.1,0,0,0,0.72,0.7352941176470589,0.56,0.5147058823529411,0.6683107274969173,0.657213316892725,0.6627620221948212,2,3.157829839704069,1.748296447910123,3.5949039516815997,0.34039277648435495,0,0.342786683107275,1.0,0.0,0.15782983970406905,0.15,0.23068434032059185,0.19941430332922316,0.37984883408010384,0.3162762022194821,0.48430949445129473,0.38886112829161923,0.37731196054254007,0.11220715166461159
677812,2024-03-16 14:30:00+00:00,3,16,2024,598,1. FC Union Berlin,2,137,Werder Bremen,1,Stadion An der Alten Försterei,0,2023-2024,0.3235294117647059,-0.4411764705882353,0.3,-0.4,0.2647058823529412,-0.2647058823529412,0.4,0.2,0,0,0,0.6764705882352942,0.7352941176470589,0.5735294117647058,0.5441176470588236,0.6194581280788177,0.520935960591133,0.5701970443349753,3,3.1564039408866993,1.7476906374205585,3.5933266002418387,0.05599832015772244,1,0.479064039408867,0.7512315270935961,0.24876847290640391,0.4002463054187192,0.19975369458128078,0.2717092443398287,0.18552955665024629,0.5113563683375039,0.3070197044334975,0.5074507389162561,0.37611307801176597,0.3448275862068966,0.3583743842364532
677813,2024-03-16 14:30:00+00:00,3,16,2024,2950,Mainz,2,121,VfL Bochum,0,MEWA ARENA,0,2023-2024,0.11764705882352941,-0.9117647058823529,0.1,-1.1,0.20588235294117646,-0.7352941176470589,0.2,-1.1,0,0,0,0.8823529411764706,0.7941176470588236,0.6519607843137254,0.6225490196078431,0.922509225092251,0.8634686346863468,0.8929889298892989,2,3.156211562115621,1.7466227551427365,3.592867250901305,0.3402171295055664,2,0.13653136531365317,0.4280442804428044,0.5719557195571956,0.15744157441574416,0.26439114391143914,0.123777726338149,0.23394833948339483,0.18540768800479498,0.3392988929889299,0.4267527675276753,0.6547426721979133,0.8351783517835178,0.0024600246002460025
677816,2024-03-16 14:30:00+00:00,3,16,2024,3812,SV Darmstadt 98,2,132,Bayern Munich,5,Merck-Stadion am Böllenfalltor,0,2023-2024,0.08,-1.44,0.0,-1.5,0.7058823529411765,1.5588235294117647,0.6,1.0,0,0,0,0.92,0.2941176470588235,0.74,0.24019607843137258,0.9668304668304668,0.07985257985257985,0.5233415233415233,7,3.154791154791155,1.746018600313292,3.591295804869478,0.8512791270552934,3,0.9201474201474201,0.20515970515970516,0.7948402948402948,0.9557739557739557,0.308968058968059,0.38702882299319646,0.17850122850122851,0.654257144276515,0.30233415233415234,0.5191646191646191,0.6639621394170251,0.8378378378378378,0.6818181818181818
677810,2024-03-16 14:30:00+00:00,3,16,2024,138,VfL Wolfsburg,1,3841,FC Augsburg,3,Volkswagen Arena,0,2023-2024,0.2647058823529412,-0.4117647058823529,0.0,-0.5,0.2647058823529412,-0.2647058823529412,0.4,0.3,0,0,0,0.7352941176470589,0.7352941176470589,0.5686274509803921,0.5441176470588236,0.841717791411043,0.5006134969325153,0.6711656441717792,4,3.1595092024539877,1.75013646490773,3.59704331868092,0.026157722303413622,2,0.49938650306748467,0.4294478527607362,0.5705521472392638,0.6110429447852761,0.2641104294478528,0.2573356166961496,0.20067484662576687,0.534822429017442,0.31711656441717795,0.4822085889570552,0.5098225718972027,0.6723926380368098,0.4110429447852761
677817,2024-03-16 17:30:00+00:00,3,16,2024,7911,TSG Hoffenheim,0,134,VfB Stuttgart,3,PreZero Arena,0,2023-2024,0.38235294117647056,0.0,0.2,-0.5,0.5882352941176471,0.7941176470588235,0.7,1.1,0,0,0,0.6176470588235294,0.4117647058823529,0.5,0.36764705882352944,0.6053921568627451,0.10416666666666667,0.35477941176470584,3,3.1605392156862746,1.7493098946906724,3.5978666893589426,0.05673154258798452,3,0.8958333333333334,0.20588235294117646,0.7941176470588236,0.39950980392156865,0.3088235294117647,0.37870710784313727,0.15321691176470587,0.4794580960447905,0.2854779411764706,0.5613051470588235,0.4345348125832661,0.48651960784313725,0.28799019607843135
677815,2024-03-17 14:30:00+00:00,3,17,2024,126,SC Freiburg,2,131,Bayer Leverkusen,3,Europa-Park Stadion,0,2023-2024,0.38235294117647056,-0.23529411764705882,0.2,-0.7,0.7058823529411765,1.4705882352941178,0.9,1.7,0,0,0,0.6176470588235294,0.2941176470588235,0.5392156862745099,0.2549019607843137,0.6634026927784578,0.022031823745410038,0.3427172582619339,5,3.160342717258262,1.7482467071519403,3.5974043940462472,0.2751802061209153,1,0.97796817625459,0.7527539779681762,0.24724602203182378,0.7882496940024479,0.19944920440636477,0.4715116803422978,0.15140758873929008,0.8093522496365483,0.28427172582619337,0.5643206854345166,0.305351862956809,0.17870257037943696,0.8323133414932681
677814,2024-03-17 16:30:00+00:00,3,17,2024,124,Borussia Dortmund,3,125,Eintracht Frankfurt,1,SIGNAL IDUNA PARK,0,2023-2024,0.5294117647058824,1.0,0.6,1.4,0.35294117647058826,0.14705882352941177,0.5,0.4,0,0,0,0.47058823529411764,0.6470588235294117,0.33333333333333337,0.47549019607843135,0.1295843520782396,0.3545232273838631,0.24205378973105135,4,3.162591687041565,1.748360065884532,3.599681703512698,0.02587256278536243,2,0.8704156479217604,0.43031784841075793,0.5696821515892421,0.6100244498777506,0.2639364303178484,0.39394698142646206,0.1363080684596577,0.6079562999853445,0.27420537897310515,0.5894865525672371,0.30242400337450837,0.1687041564792176,0.5953545232273839
677820,2024-03-30 14:30:00+00:00,3,30,2024,131,Bayer Leverkusen,2,7911,TSG Hoffenheim,1,BayArena,0,2023-2024,0.7058823529411765,1.411764705882353,0.9,1.4,0.35294117647058826,-0.11764705882352941,0.2,-0.8,0,0,0,0.2941176470588235,0.6470588235294117,0.2647058823529411,0.5196078431372548,0.026862026862026864,0.6862026862026862,0.35653235653235654,3,3.1636141636141635,1.7475360586769473,3.6004981782834005,0.05733026589102108,1,0.9731379731379731,0.7533577533577533,0.24664224664224665,0.398046398046398,0.19932844932844934,0.4696491000520305,0.1534798534798535,0.6795501681915025,0.28565323565323564,0.5608669108669109,0.279220398043459,0.13553113553113552,0.7191697191697192
677819,2024-03-30 14:30:00+00:00,3,30,2024,268,Borussia Mönchengladbach,0,126,SC Freiburg,3,BORUSSIA-PARK,0,2023-2024,0.2647058823529412,-0.08823529411764706,0.2,0.0,0.38235294117647056,-0.2647058823529412,0.2,-0.7,0,0,0,0.7352941176470589,0.6176470588235294,0.5147058823529411,0.5441176470588236,0.6365853658536585,0.6670731707317074,0.651829268292683,3,3.1634146341463416,1.746478207202971,3.6000341859470844,0.05731162950353286,3,0.36341463414634145,0.20609756097560974,0.7939024390243903,0.3975609756097561,0.3087804878048781,0.19472159428911362,0.19777439024390245,0.3497351902903324,0.3151829268292683,0.4870426829268293,0.579027942567048,0.776829268292683,0.07439024390243902
677818,2024-03-30 14:30:00+00:00,3,30,2024,125,Eintracht Frankfurt,0,598,1. FC Union Berlin,0,Deutsche Bank Park,0,2023-2024,0.35294117647058826,0.08823529411764706,0.4,0.1,0.3235294117647059,-0.5,0.4,-0.3,0,0,0,0.6470588235294117,0.6764705882352942,0.48529411764705876,0.5833333333333333,0.4165651644336175,0.5566382460414129,0.4866017052375152,0,3.1632155907429964,1.7454222743104508,3.5995711593206092,0.8807490344216198,0,0.5834348355663825,1.0,0.0,0.0,0.15,0.33295980511571255,0.17299025578562727,0.4204750304506699,0.29866017052375154,0.5283495736906212,0.4094568042669108,0.42021924482338613,0.1656516443361754
677822,2024-03-30 14:30:00+00:00,3,30,2024,11420,RB Leipzig,0,2950,Mainz,0,Red Bull Arena,0,2023-2024,0.6470588235294118,1.0294117647058822,0.5,0.7,0.11764705882352941,-0.9411764705882353,0.2,-0.9,0,0,0,0.3529411764705882,0.8823529411764706,0.32843137254901966,0.6568627450980393,0.15085158150851583,0.8953771289537713,0.5231143552311436,0,3.159367396593674,1.7478446344207357,3.5963285551988577,0.8795855619103485,0,0.8491484184914841,1.0,0.0,0.0,0.15,0.44588807785888074,0.17846715328467155,0.5732603406326033,0.30231143552311435,0.5192214111922141,0.4285893050424577,0.4708029197080292,0.4975669099756691
677823,2024-03-30 14:30:00+00:00,3,30,2024,137,Werder Bremen,0,138,VfL Wolfsburg,2,Weserstadion,0,2023-2024,0.2647058823529412,-0.2647058823529412,0.4,0.1,0.2647058823529412,-0.47058823529411764,0.0,-0.6,0,0,0,0.7352941176470589,0.7352941176470589,0.5441176470588236,0.5784313725490196,0.5224787363304981,0.8712029161603888,0.6968408262454435,2,3.155528554070474,1.7502493201192306,3.5930908841002815,0.3391571915531073,2,0.47752126366950187,0.43013365735115433,0.5698663426488457,0.15795868772782504,0.26397326852976916,0.24933688060012196,0.20452612393681652,0.3101779233022559,0.31968408262454434,0.4757897934386391,0.5830934575408842,0.787363304981774,0.04981773997569866
677825,2024-03-30 17:30:00+00:00,3,30,2024,132,Bayern Munich,0,124,Borussia Dortmund,2,Allianz Arena,0,2023-2024,0.7058823529411765,1.588235294117647,0.6,1.0,0.5588235294117647,1.1176470588235294,0.7,1.6,0,0,0,0.2941176470588235,0.4411764705882353,0.23529411764705888,0.31372549019607854,0.08373786407766991,0.08737864077669903,0.08555825242718447,2,3.154126213592233,1.749648800334654,3.5915384136758965,0.3388114056453111,2,0.9162621359223301,0.4308252427184466,0.5691747572815534,0.15776699029126215,0.2638349514563107,0.4108765847393722,0.11283373786407767,0.4700777624108652,0.2585558252427185,0.6286104368932038,0.2391756168442702,0.07402912621359223,0.2657766990291262
677824,2024-03-31 13:30:00+00:00,3,31,2024,3841,FC Augsburg,1,122,FC Cologne,1,WWK Arena,0,2023-2024,0.29411764705882354,-0.20588235294117646,0.5,0.8,0.20588235294117646,-0.6176470588235294,0.1,-0.9,0,0,0,0.7058823529411764,0.7941176470588236,0.5343137254901962,0.6029411764705883,0.3612121212121212,0.8860606060606061,0.6236363636363637,2,3.152727272727273,1.74904841105639,3.5899893754913705,0.33846655935454617,0,0.6387878787878788,1.0,0.0,0.15757575757575756,0.15,0.3564848484848485,0.19354545454545455,0.5300690541781451,0.3123636363636364,0.494090909090909,0.3736417219299513,0.3381818181818182,0.4072727272727273
677826,2024-03-31 15:30:00+00:00,3,31,2024,134,VfB Stuttgart,3,6418,1. FC Heidenheim 1846,3,MHPArena,0,2023-2024,0.6176470588235294,0.9705882352941176,0.7,1.1,0.2692307692307692,-0.34615384615384615,0.1,-0.2,0,0,0,0.38235294117647056,0.7307692307692308,0.3382352941176471,0.5576923076923077,0.10411622276029056,0.7699757869249395,0.437046004842615,6,3.151331719128329,1.7484481552643238,3.58844375794441,0.6137121563909759,0,0.8958837772397095,1.0,0.0,0.8970944309927361,0.15,0.4657506053268765,0.16555690072639226,0.9448411639864218,0.2937046004842615,0.5407384987893462,0.3379318831106779,0.2469733656174334,0.8668280871670703
677821,2024-03-31 17:30:00+00:00,3,31,2024,121,VfL Bochum,2,3812,SV Darmstadt 98,2,Vonovia Ruhrstadion,0,2023-2024,0.20588235294117646,-0.7941176470588235,0.2,-0.9,0.07692307692307693,-1.5,0.0,-1.8,0,0,0,0.7941176470588236,0.9230769230769231,0.6323529411764706,0.75,0.8343409915356711,0.9613059250302297,0.8978234582829504,4,3.154776299879081,1.7501949506131895,3.5923250375323788,0.026763793909236888,0,0.1656590084643289,1.0,0.0,0.6118500604594922,0.15,0.1554050785973398,0.23467351874244255,0.605241874522063,0.33978234582829503,0.4255441354292624,0.3883442610147067,0.37484885126964934,0.5816203143893591
677832,2024-04-05 18:30:00+00:00,4,5,2024,125,Eintracht Frankfurt,1,137,Werder Bremen,1,Deutsche Bank Park,0,2023-2024,0.35294117647058826,0.14705882352941177,0.3,0.0,0.2647058823529412,-0.3235294117647059,0.4,-0.1,0,0,0,0.6470588235294117,0.7352941176470589,0.47549019607843135,0.553921568627451,0.49516908212560384,0.5519323671497585,0.5235507246376812,2,3.1557971014492754,1.7493830917868025,3.593142874395976,0.33944617921381637,0,0.5048309178743962,1.0,0.0,0.1570048309178744,0.15000000000000002,0.2995531400966184,0.17853260869565218,0.4617005939461832,0.30235507246376814,0.5191123188405796,0.332383842584147,0.23429951690821257,0.24154589371980675
677833,2024-04-06 13:30:00+00:00,4,6,2024,126,SC Freiburg,1,11420,RB Leipzig,4,Europa-Park Stadion,0,2023-2024,0.4117647058823529,-0.14705882352941177,0.3,-0.4,0.6176470588235294,1.0,0.5,0.8,0,0,0,0.5882352941176471,0.38235294117647056,0.5245098039215685,0.33333333333333337,0.5282112845138055,0.1644657863145258,0.34633853541416565,5,3.1548619447779114,1.74760234414858,3.5917625308150565,0.2772311456163341,3,0.8355342136854742,0.20528211284513806,0.7947178871548619,0.7887154861944778,0.3089435774309724,0.35780628457865743,0.15195078031212486,0.5944237037389921,0.28463385354141657,0.5634153661464586,0.46346155634340763,0.5594237695078031,0.5486194477791116
677829,2024-04-06 13:30:00+00:00,4,6,2024,598,1. FC Union Berlin,0,131,Bayer Leverkusen,1,Stadion An der Alten Försterei,0,2023-2024,0.3235294117647059,-0.47058823529411764,0.4,-0.2,0.7058823529411765,1.3823529411764706,0.9,1.4,0,0,0,0.6764705882352942,0.2941176470588235,0.5784313725490196,0.26960784313725483,0.5324519230769231,0.027644230769230768,0.2800480769230769,1,3.157451923076923,1.7470531482643312,3.594215210143006,0.6679526155202735,1,0.9723557692307693,0.75,0.25,0.04807692307692308,0.2,0.46894230769230777,0.14200721153846155,0.5620941198224854,0.2780048076923077,0.5799879807692307,0.3267798089458546,0.22596153846153846,0.4723557692307692
677827,2024-04-06 13:30:00+00:00,4,6,2024,6418,1. FC Heidenheim 1846,3,132,Bayern Munich,2,Voith-Arena,0,2023-2024,0.25925925925925924,-0.3333333333333333,0.1,-0.2,0.6764705882352942,1.5,0.6,0.9,0,0,0,0.7407407407407407,0.32352941176470584,0.5555555555555556,0.25,0.7490952955367913,0.09288299155609167,0.4209891435464415,5,3.1544028950542824,1.7487871675210478,3.5915996869345443,0.27696743763678877,1,0.9071170084439083,0.7490952955367913,0.25090470446320867,0.7889022919179735,0.20018094089264174,0.44274664200768,0.16314837153196624,0.7949422111233119,0.29209891435464413,0.5447527141133897,0.34781075675719497,0.2750301568154403,0.8154402895054282
677831,2024-04-06 13:30:00+00:00,4,6,2024,2950,Mainz,4,3812,SV Darmstadt 98,0,MEWA ARENA,0,2023-2024,0.11764705882352941,-0.9411764705882353,0.2,-0.9,0.07407407407407407,-1.4444444444444444,0.0,-1.5,0,0,0,0.8823529411764706,0.9259259259259259,0.6568627450980393,0.7407407407407407,0.8879518072289156,0.9602409638554217,0.9240963855421687,4,3.1566265060240966,1.748905759642874,3.593852945934815,0.02660489443399905,4,0.11204819277108435,0.08674698795180723,0.9132530120481928,0.6108433734939759,0.33265060240963856,0.10412258673247207,0.2386144578313253,0.39034858478769197,0.34240963855421686,0.41897590361445786,0.7062290643843844,0.8554216867469879,0.11927710843373494
677828,2024-04-06 13:30:00+00:00,4,6,2024,122,FC Cologne,2,121,VfL Bochum,1,RheinEnergieStadion,0,2023-2024,0.17647058823529413,-0.6764705882352942,0.1,-0.9,0.20588235294117646,-0.7647058823529411,0.2,-0.9,0,0,0,0.8235294117647058,0.7941176470588236,0.6127450980392157,0.6274509803921569,0.8868832731648616,0.8471720818291215,0.8670276774969916,3,3.157641395908544,1.7480967196147021,3.5946655758122197,0.056218719025526,1,0.15282791817087849,0.7496991576413959,0.25030084235860406,0.39951865222623345,0.2000601684717208,0.141120552710043,0.23005415162454873,0.3995833288831766,0.33670276774969915,0.4332430806257522,0.4728440780896472,0.5872442839951865,0.13237063778580024
677835,2024-04-06 16:30:00+00:00,4,6,2024,124,Borussia Dortmund,0,134,VfB Stuttgart,1,SIGNAL IDUNA PARK,0,2023-2024,0.5588235294117647,1.1470588235294117,0.7,1.5,0.5882352941176471,0.9411764705882353,0.7,1.3,0,0,0,0.4411764705882353,0.4117647058823529,0.30882352941176483,0.3431372549019608,0.08992805755395683,0.09832134292565947,0.09412470023980815,1,3.157074340527578,1.7477212951610115,3.594004664317831,0.6676132245754713,1,0.9100719424460432,0.750599520383693,0.24940047961630696,0.047961630695443645,0.1998800959232614,0.4440953280541035,0.11411870503597123,0.5323185266289324,0.2594124700239808,0.626468824940048,0.19985094145294036,0.04196642685851319,0.41007194244604317
677834,2024-04-07 13:30:00+00:00,4,7,2024,7911,TSG Hoffenheim,3,3841,FC Augsburg,1,PreZero Arena,0,2023-2024,0.3235294117647059,-0.20588235294117646,0.2,-0.6,0.29411764705882354,-0.14705882352941177,0.5,0.9,0,0,0,0.6764705882352942,0.7058823529411764,0.5343137254901962,0.5245098039215685,0.6778443113772455,0.3712574850299401,0.5245508982035928,4,3.1544910179640717,1.7482676107244537,3.5915579206451853,0.026921701750698412,2,0.6287425149700598,0.4287425149700599,0.5712574850299401,0.6107784431137725,0.26425149700598805,0.304873032378357,0.17868263473053891,0.5600276305791372,0.3024550898203593,0.5188622754491018,0.449759847176314,0.5377245508982036,0.4658682634730539
677830,2024-04-07 15:30:00+00:00,4,7,2024,138,VfL Wolfsburg,1,268,Borussia Mönchengladbach,3,Volkswagen Arena,0,2023-2024,0.29411764705882354,-0.35294117647058826,0.1,-0.4,0.23529411764705882,-0.23529411764705882,0.1,-0.5,0,0,0,0.7058823529411764,0.7647058823529411,0.5588235294117647,0.5392156862745099,0.7488038277511961,0.8050239234449761,0.7769138755980861,4,3.1555023923444976,1.7474651235655885,3.5923686732358946,0.026840675715398388,2,0.25119617224880386,0.42942583732057416,0.5705741626794258,0.6100478468899522,0.2641148325358852,0.1660142853872393,0.21653708133971292,0.48528396309301597,0.32769138755980864,0.4557715311004784,0.5468794672693414,0.7464114832535885,0.3014354066985646
677839,2024-04-12 18:30:00+00:00,4,12,2024,3841,FC Augsburg,2,598,1. FC Union Berlin,0,WWK Arena,0,2023-2024,0.29411764705882354,-0.17647058823529413,0.4,0.6,0.3235294117647059,-0.5,0.3,-0.4,0,0,0,0.7058823529411764,0.6764705882352942,0.5294117647058822,0.5833333333333333,0.43010752688172044,0.6356033452807647,0.5328554360812425,2,3.1565113500597373,1.746663604641064,3.5931772512200033,0.34031108845812486,2,0.5698924731182795,0.43010752688172044,0.5698924731182795,0.15770609318996415,0.2639784946236559,0.28332870852121633,0.1799283154121864,0.3436935796750282,0.30328554360812426,0.5167861409796892,0.5094440538826885,0.6750298685782556,0.07048984468339307
677840,2024-04-13 13:30:00+00:00,4,13,2024,132,Bayern Munich,2,122,FC Cologne,0,Allianz Arena,0,2023-2024,0.6764705882352942,1.4705882352941178,0.5,0.7,0.20588235294117646,-0.6470588235294118,0.2,-0.4,0,0,0,0.32352941176470584,0.7941176470588236,0.2549019607843137,0.607843137254902,0.12841854934601665,0.7895362663495838,0.4589774078478003,2,3.1569560047562426,1.7441336392700928,3.5929894145737657,0.3410424964016957,2,0.8715814506539834,0.43162901307966706,0.5683709869203329,0.15695600475624258,0.2636741973840666,0.3945165358605703,0.16884661117717004,0.4537473393717191,0.29589774078478004,0.5352556480380499,0.47143381061456946,0.5814506539833532,0.2235434007134364
677836,2024-04-13 13:30:00+00:00,4,13,2024,2950,Mainz,4,7911,TSG Hoffenheim,1,MEWA ARENA,0,2023-2024,0.14705882352941177,-0.8235294117647058,0.3,-0.4,0.35294117647058826,-0.14705882352941177,0.3,-0.3,0,0,0,0.8529411764705882,0.6470588235294117,0.6372549019607843,0.5245098039215685,0.7714285714285715,0.5654761904761905,0.668452380952381,5,3.1547619047619047,1.7440110196577492,3.590764659676342,0.278531446997744,3,0.43452380952380953,0.20595238095238094,0.7940476190476191,0.7892857142857143,0.30880952380952387,0.21928840702947844,0.20026785714285716,0.5518136219765684,0.3168452380952381,0.48288690476190477,0.6301580041720583,0.8297619047619048,0.44642857142857145
677844,2024-04-13 13:30:00+00:00,4,13,2024,121,VfL Bochum,1,6418,1. FC Heidenheim 1846,1,Vonovia Ruhrstadion,0,2023-2024,0.20588235294117646,-0.7941176470588235,0.1,-1.1,0.2857142857142857,-0.2857142857142857,0.2,-0.1,0,0,0,0.7941176470588236,0.7142857142857143,0.6323529411764706,0.5476190476190477,0.9038004750593824,0.663895486935867,0.7838479809976246,2,3.155581947743468,1.7435523364997323,3.591470031868401,0.34070131136087933,0,0.336104513064133,1.0,0.0,0.15676959619952494,0.15,0.22784441805225655,0.2175771971496437,0.3757951743671047,0.32838479809976245,0.4540380047505939,0.43002560971105114,0.47743467933491684,0.10570071258907364
677841,2024-04-13 13:30:00+00:00,4,13,2024,11420,RB Leipzig,3,138,VfL Wolfsburg,0,Red Bull Arena,0,2023-2024,0.6176470588235294,1.0588235294117647,0.6,1.2,0.29411764705882354,-0.4117647058823529,0.1,-0.6,0,0,0,0.38235294117647056,0.7058823529411764,0.32352941176470595,0.5686274509803921,0.11455847255369929,0.7959427207637232,0.45525059665871126,3,3.155131264916468,1.7460769940779626,3.591650513435958,0.05579140845475994,3,0.8854415274463007,0.2052505966587112,0.7947494033412887,0.3997613365155131,0.3089498806682578,0.37504724853469734,0.16828758949880668,0.4768614557527747,0.2955250596658711,0.5361873508353221,0.48835697787407883,0.6181384248210023,0.28878281622911695
677838,2024-04-13 13:30:00+00:00,4,13,2024,268,Borussia Mönchengladbach,1,124,Borussia Dortmund,2,BORUSSIA-PARK,0,2023-2024,0.2647058823529412,-0.17647058823529413,0.2,-0.2,0.5588235294117647,1.1176470588235294,0.6,1.0,0,0,0,0.7352941176470589,0.4411764705882353,0.5294117647058822,0.31372549019607854,0.6686531585220501,0.13587604290822408,0.4022646007151371,3,3.1549463647199048,1.7450430897109621,3.591207137147645,0.055774351008197165,1,0.8641239570917759,0.7520858164481525,0.24791418355184747,0.399284862932062,0.1995828367103695,0.42587153956196794,0.16033969010727056,0.6423066531911641,0.2902264600715137,0.5494338498212157,0.3019118862680726,0.16805721096543505,0.66388557806913
677843,2024-04-13 16:30:00+00:00,4,13,2024,134,VfB Stuttgart,3,125,Eintracht Frankfurt,0,MHPArena,0,2023-2024,0.6176470588235294,0.9705882352941176,0.8,1.5,0.35294117647058826,0.14705882352941177,0.3,0.0,0,0,0,0.38235294117647056,0.6470588235294117,0.3382352941176471,0.47549019607843135,0.05812574139976275,0.49347568208778175,0.27580071174377224,3,3.154211150652432,1.7429711406582933,3.589953935817005,0.055673220753091,3,0.9418742586002372,0.20640569395017794,0.7935943060498221,0.3997627520759193,0.3087188612099644,0.3946780689200998,0.14137010676156583,0.4908090087057858,0.2775800711743772,0.581049822064057,0.3884104476023739,0.3748517200474496,0.3143534994068802
677842,2024-04-14 13:30:00+00:00,4,14,2024,3812,SV Darmstadt 98,0,126,SC Freiburg,1,Merck-Stadion am Böllenfalltor,0,2023-2024,0.07142857142857142,-1.5357142857142858,0.0,-1.9,0.38235294117647056,-0.2647058823529412,0.2,-0.8,0,0,0,0.9285714285714286,0.6176470588235294,0.7559523809523809,0.5441176470588236,0.9751184834123223,0.6800947867298578,0.82760663507109,1,3.154028436018957,1.7419451308947937,3.5895147187426555,0.6687685147235558,1,0.3199052132701422,0.7523696682464455,0.24763033175355453,0.04739336492890995,0.1995260663507109,0.2080852855955617,0.2241409952606635,0.2484617774763302,0.332760663507109,0.4430983412322276,0.5990112011807173,0.8056872037914692,0.013033175355450236
677837,2024-04-14 15:30:00+00:00,4,14,2024,131,Bayer Leverkusen,5,137,Werder Bremen,0,BayArena,0,2023-2024,0.7352941176470589,1.411764705882353,0.9,1.4,0.2647058823529412,-0.29411764705882354,0.3,-0.2,0,0,0,0.2647058823529411,0.7352941176470589,0.2647058823529411,0.5490196078431373,0.023668639053254437,0.6260355029585799,0.3248520710059172,5,3.1514792899408284,1.7424891803697524,3.5871015850332664,0.2801693881259839,5,0.9763313609467456,0.03905325443786982,0.9609467455621302,0.7893491124260354,0.34218934911242604,0.3869016491019222,0.14872781065088758,0.5630417415729523,0.2824852071005917,0.5687869822485208,0.4978938492847722,0.6473372781065089,0.47810650887573963
677849,2024-04-19 18:30:00+00:00,4,19,2024,125,Eintracht Frankfurt,3,3841,FC Augsburg,1,Deutsche Bank Park,0,2023-2024,0.35294117647058826,0.17647058823529413,0.2,-0.4,0.3235294117647059,-0.11764705882352941,0.5,0.9,0,0,0,0.6470588235294117,0.6764705882352942,0.47058823529411764,0.5196078431372548,0.5910165484633569,0.34515366430260047,0.46808510638297873,4,3.1536643026004727,1.7426171029940167,3.5893185783489767,0.027387976426595406,2,0.6548463356973995,0.4326241134751773,0.5673758865248226,0.6111111111111112,0.2634751773049645,0.31480777291551393,0.17021276595744683,0.5664451629433109,0.2968085106382979,0.5329787234042553,0.4225431775176097,0.45390070921985815,0.483451536643026
677845,2024-04-20 13:30:00+00:00,4,20,2024,6418,1. FC Heidenheim 1846,1,11420,RB Leipzig,2,Voith-Arena,0,2023-2024,0.27586206896551724,-0.27586206896551724,0.2,-0.1,0.6470588235294118,1.2058823529411764,0.7,1.8,0,0,0,0.7241379310344828,0.3529411764705882,0.5459770114942528,0.2990196078431372,0.6635182998819362,0.05430932703659976,0.358913813459268,3,3.154663518299882,1.741829653747633,3.59012093173679,0.05577480682410563,1,0.9456906729634003,0.7532467532467533,0.24675324675324672,0.3990554899645809,0.19935064935064933,0.45864824667658194,0.1538370720188902,0.6704767705458385,0.2858913813459268,0.5602715466351831,0.2802140569156733,0.1345926800472255,0.7036599763872491
677846,2024-04-20 13:30:00+00:00,4,20,2024,122,FC Cologne,0,3812,SV Darmstadt 98,2,RheinEnergieStadion,0,2023-2024,0.17647058823529413,-0.7647058823529411,0.2,-0.6,0.06896551724137931,-1.5172413793103448,0.0,-1.9,0,0,0,0.8235294117647058,0.9310344827586207,0.6274509803921569,0.7528735632183908,0.8195754716981132,0.964622641509434,0.8920990566037736,2,3.1544811320754715,1.7408092174729697,3.589683436443714,0.3409492724543033,2,0.18042452830188682,0.43278301886792453,0.5672169811320755,0.15683962264150944,0.2634433962264151,0.1401020992791029,0.23381485849056605,0.20171315938188492,0.33920990566037734,0.4269752358490566,0.6530288296442569,0.8384433962264151,0.00589622641509434
677852,2024-04-20 13:30:00+00:00,4,20,2024,7911,TSG Hoffenheim,4,268,Borussia Mönchengladbach,3,PreZero Arena,0,2023-2024,0.35294117647058826,-0.17647058823529413,0.3,-0.6,0.2647058823529412,-0.17647058823529413,0.2,-0.3,0,0,0,0.6470588235294117,0.7352941176470589,0.5294117647058822,0.5294117647058822,0.5806831566548881,0.6984687868080094,0.6395759717314488,7,3.153121319199058,1.7402336065343238,3.5881797208326387,0.8536690002623304,1,0.4193168433451119,0.7538280329799765,0.24617196702002353,0.9564193168433451,0.1992343934040047,0.24796381386818278,0.19593639575971733,0.7991747239369215,0.31395759717314486,0.4901060070671378,0.5580124120615804,0.7550058892815077,0.8221436984687868
677853,2024-04-20 13:30:00+00:00,4,20,2024,138,VfL Wolfsburg,1,121,VfL Bochum,0,Volkswagen Arena,0,2023-2024,0.2647058823529412,-0.6176470588235294,0.1,-0.9,0.20588235294117646,-0.6764705882352942,0.1,-0.9,0,0,0,0.7352941176470589,0.7941176470588236,0.6029411764705883,0.6127450980392157,0.8435294117647059,0.888235294117647,0.8658823529411764,1,3.1576470588235295,1.7442063929609222,3.59369865706376,0.6690006444239245,1,0.15647058823529414,0.7541176470588236,0.24588235294117644,0.047058823529411764,0.1991764705882353,0.14273501730103808,0.22988235294117645,0.16977312607368208,0.33658823529411763,0.43352941176470594,0.6119380166537988,0.8152941176470588,0.002352941176470588
677847,2024-04-20 16:30:00+00:00,4,20,2024,598,1. FC Union Berlin,1,132,Bayern Munich,5,Stadion An der Alten Försterei,0,2023-2024,0.29411764705882354,-0.5882352941176471,0.3,-0.4,0.7058823529411765,1.588235294117647,0.5,0.8,0,0,0,0.7058823529411764,0.2941176470588235,0.5980392156862746,0.23529411764705888,0.6568742655699178,0.10693301997649823,0.381903642773208,6,3.155111633372503,1.744748511928371,3.591298761354596,0.6143982564508881,4,0.8930669800235018,0.08695652173913043,0.9130434782608696,0.8977673325499412,0.33260869565217394,0.36475169876871205,0.1572855464159812,0.6004593338037368,0.2881903642773208,0.5545240893066979,0.5715410677956598,0.7720329024676851,0.5710928319623971
677851,2024-04-21 13:30:00+00:00,4,21,2024,137,Werder Bremen,2,134,VfB Stuttgart,1,Weserstadion,0,2023-2024,0.23529411764705882,-0.5,0.2,-0.9,0.6470588235294118,1.0588235294117647,0.8,1.5,0,0,0,0.7647058823529411,0.3529411764705882,0.5833333333333333,0.32352941176470595,0.789906103286385,0.051643192488262914,0.42077464788732394,3,3.158450704225352,1.746444820844812,3.595061909436555,0.056395007287952326,1,0.9483568075117371,0.7546948356807511,0.24530516431924887,0.39906103286384975,0.19906103286384977,0.45988185765610884,0.1631161971830986,0.6719539509977496,0.2920774647887324,0.544806338028169,0.31008774467345873,0.19248826291079812,0.7053990610328639
677848,2024-04-21 15:30:00+00:00,4,21,2024,124,Borussia Dortmund,1,131,Bayer Leverkusen,1,SIGNAL IDUNA PARK,0,2023-2024,0.5588235294117647,1.0294117647058822,0.6,0.9,0.7352941176470589,1.5,1.0,1.9,0,0,0,0.4411764705882353,0.2647058823529411,0.32843137254901966,0.25,0.14419695193434937,0.010550996483001172,0.07737397420867527,2,3.1582649472450175,1.745428042569011,3.59462195788727,0.3411977749719278,0,0.9894490035169988,1.0,0.0,0.1570926143024619,0.15,0.5055158264947245,0.11160609613130129,0.7080490964240409,0.25773739742086754,0.6306565064478312,0.08687615193773082,0.005861664712778429,0.7596717467760844
677850,2024-04-21 17:30:00+00:00,4,21,2024,126,SC Freiburg,1,2950,Mainz,1,Europa-Park Stadion,0,2023-2024,0.38235294117647056,-0.35294117647058826,0.3,-0.5,0.14705882352941177,-0.7941176470588235,0.4,0.0,0,0,0,0.6176470588235294,0.8529411764705882,0.5588235294117647,0.6323529411764706,0.5737704918032787,0.6709601873536299,0.6223653395784543,2,3.1569086651053864,1.7448548510413884,3.5931223778657335,0.340861154565002,0,0.42622950819672134,1.0,0.0,0.15690866510538642,0.15000000000000002,0.2661475409836066,0.19335480093676816,0.42169347717587446,0.31223653395784545,0.4944086651053864,0.373609957436837,0.3372365339578454,0.17330210772833723
677862,2024-04-26 18:30:00+00:00,4,26,2024,121,VfL Bochum,3,7911,TSG Hoffenheim,2,Vonovia Ruhrstadion,0,2023-2024,0.20588235294117646,-0.7058823529411765,0.1,-1.0,0.38235294117647056,-0.11764705882352941,0.4,-0.5,0,0,0,0.7941176470588236,0.6176470588235294,0.6176470588235294,0.5196078431372548,0.8853801169590644,0.49239766081871345,0.6888888888888889,5,3.1555555555555554,1.7442817620641682,3.5916259960715973,0.27817049923656423,1,0.5076023391812865,0.7532163742690059,0.2467836257309941,0.7883040935672515,0.19935672514619884,0.28326852706815775,0.20333333333333334,0.722405064506278,0.3188888888888889,0.47777777777777775,0.46439369351923193,0.560233918128655,0.7742690058479532
677858,2024-04-27 13:30:00+00:00,4,27,2024,132,Bayern Munich,2,125,Eintracht Frankfurt,1,Allianz Arena,0,2023-2024,0.7058823529411765,1.6470588235294117,0.5,1.0,0.38235294117647056,0.23529411764705882,0.3,0.0,0,0,0,0.2941176470588235,0.6176470588235294,0.22549019607843146,0.4607843137254902,0.10747663551401869,0.4661214953271028,0.2867990654205607,3,3.157710280373832,1.744400938457961,3.593810514988322,0.05629275924303068,1,0.8925233644859814,0.7535046728971962,0.24649532710280375,0.39953271028037385,0.19929906542056075,0.4373922394968993,0.14301985981308413,0.652609876372707,0.2786799065420561,0.5783002336448598,0.24260024379733053,0.07710280373831775,0.6799065420560748
677857,2024-04-27 13:30:00+00:00,4,27,2024,3841,FC Augsburg,0,137,Werder Bremen,3,WWK Arena,0,2023-2024,0.3235294117647059,-0.17647058823529413,0.5,0.7,0.2647058823529412,-0.4411764705882353,0.2,-0.9,0,0,0,0.6764705882352942,0.7352941176470589,0.5294117647058822,0.5735294117647058,0.3547257876312719,0.7887981330221704,0.5717619603267211,3,3.157526254375729,1.7433900386043155,3.593373764026808,0.05627569168931357,3,0.6452742123687281,0.20653442240373396,0.793465577596266,0.3990665110851809,0.3086931155192532,0.29217194114227124,0.18576429404900818,0.4188166593769984,0.3071761960326721,0.5070595099183197,0.544105091340878,0.7397899649941657,0.16569428238039674
677859,2024-04-27 13:30:00+00:00,4,27,2024,11420,RB Leipzig,4,124,Borussia Dortmund,1,Red Bull Arena,0,2023-2024,0.6470588235294118,1.2058823529411764,0.7,1.7,0.5588235294117647,1.0294117647058822,0.6,0.9,0,0,0,0.3529411764705882,0.4411764705882353,0.2990196078431372,0.32843137254901966,0.05827505827505827,0.14918414918414918,0.10372960372960373,5,3.1573426573426575,1.7423808940637884,3.5929378808586048,0.27824506768378954,3,0.9417249417249417,0.20745920745920746,0.7925407925407926,0.7878787878787878,0.3085081585081585,0.3947467412152727,0.11555944055944056,0.6062228435872623,0.26037296037296037,0.624067599067599,0.30324432148190805,0.17249417249417248,0.5920745920745921
677860,2024-04-27 13:30:00+00:00,4,27,2024,126,SC Freiburg,1,138,VfL Wolfsburg,2,Europa-Park Stadion,0,2023-2024,0.35294117647058826,-0.38235294117647056,0.3,-0.3,0.2647058823529412,-0.6764705882352942,0.2,-0.8,0,0,0,0.6470588235294117,0.7352941176470589,0.5637254901960784,0.6127450980392157,0.5750873108265425,0.8009313154831199,0.6880093131548313,3,3.159487776484284,1.7424998033937038,3.59511272733271,0.05665266773828059,1,0.4249126891734575,0.7543655413271245,0.24563445867287548,0.3981373690337602,0.19912689173457512,0.2502378838864262,0.2032013969732247,0.49261083932379707,0.31880093131548315,0.47799767171129215,0.41868724521846046,0.4481955762514552,0.3189755529685681
677855,2024-04-27 16:30:00+00:00,4,27,2024,131,Bayer Leverkusen,2,134,VfB Stuttgart,2,BayArena,0,2023-2024,0.7352941176470589,1.5,0.9,1.7,0.6176470588235294,1.0,0.7,1.2,0,0,0,0.2647058823529411,0.38235294117647056,0.25,0.33333333333333337,0.020930232558139535,0.09302325581395349,0.05697674418604651,4,3.1593023255813955,1.741493739293724,3.5946757604048263,0.02672164136012878,0,0.9790697674418605,1.0,0.0,0.6116279069767442,0.15,0.5011046511627907,0.10854651162790699,0.861359248242293,0.25569767441860464,0.6357558139534885,0.03912383733103367,0.0011627906976744186,0.8639534883720931
677856,2024-04-28 13:30:00+00:00,4,28,2024,268,Borussia Mönchengladbach,0,598,1. FC Union Berlin,0,BORUSSIA-PARK,0,2023-2024,0.2647058823529412,-0.17647058823529413,0.2,-0.2,0.29411764705882354,-0.7058823529411765,0.3,-0.8,0,0,0,0.7352941176470589,0.7058823529411764,0.5294117647058822,0.6176470588235294,0.667828106852497,0.7224157955865272,0.6951219512195121,0,3.1602787456445993,1.7407167506321766,3.5954579333026433,0.8815369292728437,0,0.33217189314750295,1.0,0.0,0.0,0.15,0.22617305458768877,0.20426829268292684,0.2759988385598142,0.3195121951219512,0.4762195121951219,0.5111006800053912,0.6794425087108014,0.03368176538908246
677854,2024-04-28 15:30:00+00:00,4,28,2024,2950,Mainz,1,122,FC Cologne,1,MEWA ARENA,0,2023-2024,0.14705882352941177,-0.7058823529411765,0.4,0.0,0.17647058823529413,-0.7941176470588235,0.1,-1.0,0,0,0,0.8529411764705882,0.8235294117647058,0.6176470588235294,0.6323529411764706,0.6589327146171694,0.9106728538283063,0.7848027842227379,2,3.15661252900232,1.743032357298189,3.5923706183268673,0.34117614397186735,0,0.3410672853828306,1.0,0.0,0.15661252900232017,0.15,0.22995359628770304,0.21772041763341068,0.3782207244793041,0.3284802784222738,0.45379930394431556,0.43042396976595093,0.4791183294663573,0.1136890951276102
677861,2024-04-28 17:30:00+00:00,4,28,2024,3812,SV Darmstadt 98,0,6418,1. FC Heidenheim 1846,1,Merck-Stadion am Böllenfalltor,0,2023-2024,0.1,-1.4,0.1,-1.5,0.26666666666666666,-0.3,0.2,-0.2,0,0,0,0.9,0.7333333333333334,0.7333333333333334,0.55,0.951332560834299,0.6987253765932793,0.8250289687137891,1,3.1552723059096177,1.7424658871148166,3.590888777688322,0.668938020466435,1,0.30127462340672073,0.7520278099652375,0.24797219003476245,0.047508690614136734,0.19959443800695248,0.20061149833035474,0.22375434530706836,0.23949359549058896,0.3325028968713789,0.4437427578215527,0.5982298902103004,0.8053302433371958,0.012746234067207415
677869,2024-05-03 18:30:00+00:00,5,3,2024,7911,TSG Hoffenheim,1,11420,RB Leipzig,1,PreZero Arena,0,2023-2024,0.35294117647058826,-0.20588235294117646,0.4,-0.6,0.6470588235294118,1.2647058823529411,0.8,2.0,0,0,0,0.6470588235294117,0.3529411764705882,0.5343137254901962,0.2892156862745098,0.5243055555555556,0.037037037037037035,0.2806712962962963,2,3.1527777777777777,1.742999018199099,3.5885275323275523,0.3398598629252745,0,0.962962962962963,1.0,0.0,0.1574074074074074,0.15,0.49425925925925923,0.14210069444444445,0.6946999314128944,0.27806712962962965,0.5798321759259258,0.21103657098690692,0.05092592592592592,0.7453703703703703
677866,2024-05-04 13:30:00+00:00,5,4,2024,124,Borussia Dortmund,5,3841,FC Augsburg,1,SIGNAL IDUNA PARK,0,2023-2024,0.5294117647058824,0.7647058823529411,0.5,0.3,0.29411764705882354,-0.29411764705882354,0.5,0.4,0,0,0,0.47058823529411764,0.7058823529411764,0.37254901960784315,0.5490196078431373,0.22427745664739884,0.4254335260115607,0.3248554913294798,6,3.1514450867052024,1.7424309506091646,3.5870528243574937,0.6166697559028053,4,0.7757225433526012,0.08670520231213873,0.9132947976878613,0.8982658959537573,0.3326589595375723,0.3255698486417855,0.14872832369942196,0.5932810595866866,0.282485549132948,0.5687861271676301,0.5344821383191085,0.7179190751445087,0.5502890173410404
677870,2024-05-04 13:30:00+00:00,5,4,2024,134,VfB Stuttgart,3,132,Bayern Munich,1,MHPArena,0,2023-2024,0.6176470588235294,1.0294117647058822,0.6,1.0,0.7058823529411765,1.6470588235294117,0.6,1.4,0,0,0,0.38235294117647056,0.2941176470588235,0.32843137254901966,0.22549019607843146,0.12471131639722864,0.06235565819861432,0.09353348729792148,4,3.1547344110854505,1.744111675414563,3.5907623299390914,0.027152432552466244,2,0.9376443418013857,0.4295612009237875,0.5704387990762125,0.6120092378752887,0.2640877598152425,0.41860319805428586,0.11403002309468822,0.6216321512417105,0.25935334872979215,0.6266166281755197,0.20965104372897284,0.050808314087759814,0.6224018475750578
677871,2024-05-04 13:30:00+00:00,5,4,2024,138,VfL Wolfsburg,3,3812,SV Darmstadt 98,0,Volkswagen Arena,0,2023-2024,0.29411764705882354,-0.47058823529411764,0.3,-0.6,0.0967741935483871,-1.3870967741935485,0.1,-1.6,0,0,0,0.7058823529411764,0.9032258064516129,0.5784313725490196,0.7311827956989247,0.6632064590542099,0.9492502883506344,0.8062283737024222,3,3.1557093425605536,1.743340757354139,3.591544531899088,0.05594220558941809,3,0.33679354094579006,0.20761245674740483,0.7923875432525952,0.3990772779700115,0.30847750865051904,0.18560240338757117,0.22093425605536332,0.34432781496024817,0.33062283737024223,0.44844290657439445,0.6358883626868641,0.8362168396770473,0.07497116493656286
677868,2024-05-04 13:30:00+00:00,5,4,2024,137,Werder Bremen,2,268,Borussia Mönchengladbach,2,Weserstadion,0,2023-2024,0.29411764705882354,-0.3235294117647059,0.3,-0.5,0.23529411764705882,-0.23529411764705882,0.2,-0.2,0,0,0,0.7058823529411764,0.7647058823529411,0.553921568627451,0.5392156862745099,0.6267281105990783,0.706221198156682,0.6664746543778801,4,3.1555299539170507,1.7423430962575506,3.5911157279814385,0.027160500958281708,0,0.3732718894009217,1.0,0.0,0.6117511520737328,0.15,0.2436405529953917,0.19997119815668202,0.6705724266813906,0.316647465437788,0.48338133640552994,0.32759272703275666,0.22926267281105991,0.7039170506912442
677864,2024-05-04 16:30:00+00:00,5,4,2024,122,FC Cologne,0,126,SC Freiburg,0,RheinEnergieStadion,0,2023-2024,0.14705882352941177,-0.8235294117647058,0.1,-1.0,0.35294117647058826,-0.38235294117647056,0.3,-0.1,0,0,0,0.8529411764705882,0.6470588235294117,0.6372549019607843,0.5637254901960784,0.9136939010356732,0.5650172612197929,0.739355581127733,0,3.1565017261219794,1.741574769815083,3.59189541857575,0.8807855952510537,0,0.4349827387802071,1.0,0.0,0.0,0.15,0.269867663981588,0.21090333716915996,0.3351150747986191,0.3239355581127733,0.4651611047180667,0.5296800802658167,0.7077100115074798,0.07019562715765247
677865,2024-05-05 13:30:00+00:00,5,5,2024,598,1. FC Union Berlin,3,121,VfL Bochum,4,Stadion An der Alten Försterei,0,2023-2024,0.29411764705882354,-0.6764705882352942,0.2,-0.9,0.23529411764705882,-0.6176470588235294,0.2,-0.9,0,0,0,0.7058823529411764,0.7647058823529411,0.6127450980392157,0.6029411764705883,0.7735632183908046,0.8229885057471265,0.7982758620689655,7,3.1528735632183906,1.7438591306466364,3.58883834588005,0.8523871437534384,1,0.22643678160919545,0.7505747126436781,0.24942528735632186,0.9563218390804598,0.19988505747126437,0.1705992205046902,0.21974137931034482,0.7753284230292039,0.32982758620689656,0.45043103448275856,0.629140289496823,0.8310344827586207,0.8022988505747126
677867,2024-05-05 15:30:00+00:00,5,5,2024,125,Eintracht Frankfurt,1,131,Bayer Leverkusen,5,Deutsche Bank Park,0,2023-2024,0.38235294117647056,0.2647058823529412,0.3,-0.1,0.7352941176470589,1.5294117647058822,0.8,1.4,0,0,0,0.6176470588235294,0.2647058823529411,0.4558823529411765,0.2450980392156863,0.4626865671641791,0.03444316877152698,0.24856486796785304,6,3.1572904707233067,1.7477246967213609,3.594221644903647,0.6122536674463677,4,0.965556831228473,0.08725602755453502,0.912743972445465,0.8966704936854191,0.332548794489093,0.3889761560474585,0.13728473019517795,0.6047356345073334,0.2748564867967853,0.5878587830080367,0.48104772193982054,0.6061997703788748,0.5843857634902411
677863,2024-05-05 17:30:00+00:00,5,5,2024,6418,1. FC Heidenheim 1846,1,2950,Mainz,1,Voith-Arena,0,2023-2024,0.2903225806451613,-0.25806451612903225,0.2,-0.2,0.14705882352941177,-0.6764705882352942,0.4,0.2,0,0,0,0.7096774193548387,0.8529411764705882,0.543010752688172,0.6127450980392157,0.6628440366972477,0.6330275229357798,0.6479357798165137,2,3.1605504587155964,1.7493718524224644,3.5978934218212126,0.3410836886706792,0,0.3669724770642202,1.0,0.0,0.15711009174311927,0.15000000000000002,0.24096330275229358,0.19719036697247705,0.3916949856914401,0.31479357798165136,0.4880160550458716,0.38346148092642285,0.3623853211009174,0.12958715596330275
677875,2024-05-10 18:30:00+00:00,5,10,2024,3841,FC Augsburg,0,134,VfB Stuttgart,1,WWK Arena,0,2023-2024,0.29411764705882354,-0.38235294117647056,0.5,0.1,0.6470588235294118,1.088235294117647,0.6,1.1,0,0,0,0.7058823529411764,0.3529411764705882,0.5637254901960784,0.31862745098039225,0.434135166093929,0.10996563573883161,0.27205040091638033,1,3.15922107674685,1.748809644415107,3.5964234878506267,0.6678398402898404,1,0.8900343642611683,0.7502863688430699,0.24971363115693013,0.048109965635738834,0.19994272623138604,0.4360449608924473,0.14080756013745704,0.5226271074537674,0.27720504009163804,0.581987399770905,0.3215886810460432,0.21420389461626574,0.39060710194730813
677874,2024-05-11 13:30:00+00:00,5,11,2024,268,Borussia Mönchengladbach,1,125,Eintracht Frankfurt,1,BORUSSIA-PARK,0,2023-2024,0.23529411764705882,-0.14705882352941177,0.2,0.0,0.35294117647058826,0.058823529411764705,0.3,-0.5,0,0,0,0.7647058823529411,0.6470588235294117,0.5245098039215685,0.4901960784313726,0.6647662485746865,0.556442417331813,0.6106043329532498,2,3.1562143671607754,1.7483190334085859,3.593294125512922,0.33983166524634,0,0.443557582668187,1.0,0.0,0.1573546180159635,0.15000000000000002,0.2735119726339795,0.19159064994298747,0.43075866337116403,0.31106043329532496,0.4973489167616876,0.3687919731800456,0.3261117445838084,0.18700114025085518
677872,2024-05-11 13:30:00+00:00,5,11,2024,122,FC Cologne,3,598,1. FC Union Berlin,2,RheinEnergieStadion,0,2023-2024,0.11764705882352941,-0.9117647058823529,0.1,-0.9,0.2647058823529412,-0.7647058823529411,0.1,-1.1,0,0,0,0.8823529411764706,0.7352941176470589,0.6519607843137254,0.6274509803921569,0.9166666666666666,0.884703196347032,0.9006849315068493,5,3.154109589041096,1.748205677824126,3.5911610084971275,0.277269574822682,1,0.11529680365296802,0.7488584474885844,0.25114155251141557,0.7876712328767124,0.20022831050228312,0.1260827286753821,0.23510273972602738,0.6481492149990781,0.34006849315068494,0.4248287671232877,0.5332290350321416,0.7168949771689498,0.6700913242009132
677574,2024-05-11 13:30:00+00:00,5,11,2024,11420,RB Leipzig,1,137,Werder Bremen,1,Red Bull Arena,0,2023-2024,0.6176470588235294,1.2352941176470589,0.7,1.8,0.29411764705882354,-0.29411764705882354,0.2,-0.6,0,0,0,0.38235294117647056,0.7058823529411764,0.2941176470588235,0.5490196078431373,0.06178489702517163,0.7196796338672768,0.39073226544622425,2,3.15675057208238,1.7493330987896096,3.594083846779782,0.33978543375435344,0,0.9382151029748284,1.0,0.0,0.15789473684210525,0.15,0.48374141876430204,0.15860983981693363,0.6823039865108997,0.2890732265446224,0.5523169336384439,0.2697013599447664,0.11556064073226545,0.7311212814645309
677877,2024-05-11 13:30:00+00:00,5,11,2024,126,SC Freiburg,1,6418,1. FC Heidenheim 1846,1,Europa-Park Stadion,0,2023-2024,0.35294117647058826,-0.3235294117647059,0.3,-0.1,0.28125,-0.25,0.2,-0.1,0,0,0,0.6470588235294117,0.71875,0.553921568627451,0.5416666666666667,0.5462857142857143,0.6571428571428571,0.6017142857142856,2,3.1554285714285712,1.7487693333041185,3.5926209047546007,0.33945889760036196,0,0.45371428571428574,1.0,0.0,0.15771428571428572,0.15,0.2778285714285714,0.19025714285714285,0.4361253224489796,0.31017142857142854,0.49957142857142856,0.3651837452810027,0.3222857142857143,0.19428571428571428
677873,2024-05-11 16:30:00+00:00,5,11,2024,2950,Mainz,3,124,Borussia Dortmund,0,MEWA ARENA,0,2023-2024,0.14705882352941177,-0.5882352941176471,0.3,0.1,0.5294117647058824,0.7941176470588235,0.6,0.7,0,0,0,0.8529411764705882,0.47058823529411764,0.5980392156862746,0.36764705882352944,0.6993166287015945,0.1776765375854214,0.4384965831435079,3,3.154897494305239,1.7477576253475886,3.5918369006421362,0.05572130135525444,3,0.8223234624145785,0.2072892938496583,0.7927107061503417,0.4009111617312073,0.30854214123006835,0.35344679614572355,0.16577448747152618,0.46249958645825995,0.2938496583143508,0.540375854214123,0.4791279060039667,0.6036446469248291,0.24943052391799544
677878,2024-05-12 13:30:00+00:00,5,12,2024,3812,SV Darmstadt 98,0,7911,TSG Hoffenheim,6,Merck-Stadion am Böllenfalltor,0,2023-2024,0.09375,-1.4375,0.1,-1.8,0.35294117647058826,-0.17647058823529413,0.4,-0.5,0,0,0,0.90625,0.6470588235294117,0.7395833333333333,0.5294117647058822,0.9635949943117179,0.5199089874857793,0.7417519908987487,6,3.154721274175199,1.7467698489323495,3.591413736408286,0.613512297068527,6,0.4800910125142207,0.017064846416382253,0.9829351535836177,0.8964732650739476,0.3465870307167236,0.22219014393489345,0.2112627986348123,0.5567646933970495,0.32417519908987485,0.4645620022753128,0.7928453140645977,0.8737201365187713,0.46075085324232085
677876,2024-05-12 15:30:00+00:00,5,12,2024,132,Bayern Munich,2,138,VfL Wolfsburg,0,Allianz Arena,0,2023-2024,0.6764705882352942,1.411764705882353,0.6,1.3,0.29411764705882354,-0.4117647058823529,0.4,-0.3,0,0,0,0.32352941176470584,0.7058823529411764,0.2647058823529411,0.5686274509803921,0.08522727272727272,0.5636363636363636,0.32443181818181815,2,3.1579545454545452,1.7484087737861382,3.59505673890108,0.34041009355790386,2,0.9147727272727273,0.4284090909090909,0.571590909090909,0.15681818181818183,0.2643181818181818,0.4100590134297521,0.14866477272727274,0.46852764941186137,0.28244318181818184,0.5688920454545454,0.3966156249108306,0.39204545454545453,0.26704545454545453
677879,2024-05-12 17:30:00+00:00,5,12,2024,121,VfL Bochum,0,131,Bayer Leverkusen,5,Vonovia Ruhrstadion,0,2023-2024,0.23529411764705882,-0.6176470588235294,0.2,-0.9,0.7647058823529411,1.6470588235294117,0.8,1.7,0,0,0,0.7647058823529411,0.23529411764705888,0.6029411764705883,0.22549019607843146,0.8024971623155505,0.022701475595913734,0.4125993189557321,5,3.1566401816118046,1.7478505159381954,3.5936028105963533,0.2765514675572899,5,0.9772985244040863,0.039727582292849034,0.960272417707151,0.7866061293984109,0.3420544835414302,0.38729914283247935,0.16188989784335983,0.5625678969934039,0.2912599318955732,0.546850170261067,0.5500897756344054,0.7480136208853575,0.4778660612939841
677577,2024-05-18 13:30:00+00:00,5,18,2024,131,Bayer Leverkusen,2,3841,FC Augsburg,1,BayArena,0,2023-2024,0.7941176470588235,1.7941176470588236,0.8,2.1,0.29411764705882354,-0.3235294117647059,0.4,-0.1,0,0,0,0.20588235294117652,0.7058823529411764,0.2009803921568628,0.553921568627451,0.018038331454340473,0.5310033821871477,0.2745208568207441,3,3.1668545659526495,1.7473958451213647,3.6037035272329905,0.0579348327485798,1,0.9819616685456596,0.7497181510710259,0.2502818489289741,0.3979706877113867,0.20005636978579483,0.472751353955227,0.14117812852311162,0.681090892878323,0.2774520856820744,0.5813697857948139,0.23721848398353848,0.07328072153325817,0.7305524239007892
677578,2024-05-18 13:30:00+00:00,5,18,2024,124,Borussia Dortmund,4,3812,SV Darmstadt 98,0,SIGNAL IDUNA PARK,0,2023-2024,0.5,0.6176470588235294,0.6,0.5,0.09090909090909091,-1.5757575757575757,0.1,-2.4,0,0,0,0.5,0.9090909090909091,0.3970588235294118,0.7626262626262627,0.2,0.9617977528089887,0.5808988764044943,4,3.168539325842697,1.745545222200988,3.604925631392944,0.025288060322955497,4,0.8,0.0898876404494382,0.9101123595505618,0.6078651685393258,0.33202247191011236,0.3339887640449438,0.18713483146067417,0.49865957581113496,0.3080898876404494,0.5047752808988764,0.5783520850115409,0.7786516853932585,0.3404494382022472
677575,2024-05-18 13:30:00+00:00,5,18,2024,6418,1. FC Heidenheim 1846,4,122,FC Cologne,1,Voith-Arena,0,2023-2024,0.2727272727272727,-0.24242424242424243,0.2,-0.1,0.14705882352941177,-0.8823529411764706,0.2,-0.8,0,0,0,0.7272727272727273,0.8529411764705882,0.5404040404040404,0.6470588235294117,0.6602924634420697,0.8807649043869517,0.7705286839145107,5,3.1664791901012372,1.745444869550677,3.6028404074889067,0.27411847713211346,3,0.3397075365579303,0.21034870641169853,0.7896512935883014,0.7851518560179978,0.30793025871766033,0.18675762759688783,0.2155793025871766,0.5406371989266555,0.3270528683914511,0.4573678290213723,0.6697670220841487,0.8515185601799775,0.4263217097862767
677576,2024-05-18 13:30:00+00:00,5,18,2024,598,1. FC Union Berlin,2,126,SC Freiburg,1,Stadion An der Alten Försterei,0,2023-2024,0.2647058823529412,-0.7352941176470589,0.1,-1.2,0.3235294117647059,-0.38235294117647056,0.3,0.0,0,0,0,0.7352941176470589,0.6764705882352942,0.6225490196078431,0.5637254901960784,0.8783783783783784,0.5731981981981982,0.7257882882882882,3,3.1666666666666665,1.7464195401081026,3.603271551693692,0.05791718997402717,1,0.42680180180180183,0.75,0.25,0.3975225225225225,0.2,0.2507207207207207,0.20886824324324324,0.4917517855693532,0.3225788288288288,0.4685529279279279,0.43281199646394397,0.48536036036036034,0.3186936936936937
677582,2024-05-18 13:30:00+00:00,5,18,2024,125,Eintracht Frankfurt,2,11420,RB Leipzig,2,Deutsche Bank Park,0,2023-2024,0.35294117647058826,0.058823529411764705,0.3,-0.5,0.5882352941176471,1.1764705882352942,0.7,1.9,0,0,0,0.6470588235294117,0.4117647058823529,0.4901960784313726,0.3039215686274509,0.5451467268623025,0.06659142212189616,0.3058690744920993,4,3.1659142212189617,1.748158226778692,3.6029537779136347,0.025462554250198055,0,0.9334085778781038,1.0,0.0,0.608352144469526,0.15,0.4816986455981941,0.1458803611738149,0.8457668510412792,0.28058690744920994,0.5735327313769751,0.17914041234762795,0.028216704288939052,0.8577878103837472
677579,2024-05-18 13:30:00+00:00,5,18,2024,138,VfL Wolfsburg,1,2950,Mainz,3,Volkswagen Arena,0,2023-2024,0.29411764705882354,-0.4117647058823529,0.4,-0.5,0.17647058823529413,-0.4117647058823529,0.4,0.5,0,0,0,0.7058823529411764,0.8235294117647058,0.5686274509803921,0.5686274509803921,0.5683615819209039,0.5468926553672316,0.5576271186440678,4,3.1649717514124296,1.7489214919337335,3.602202124395863,0.025535792930479806,2,0.45310734463276836,0.43163841807909603,0.568361581920904,0.6090395480225989,0.2636723163841808,0.24045050911296245,0.1836440677966102,0.525268350743783,0.3057627118644068,0.5105932203389829,0.4631939017526677,0.5548022598870056,0.4
677581,2024-05-18 13:30:00+00:00,5,18,2024,137,Werder Bremen,4,121,VfL Bochum,1,Weserstadion,0,2023-2024,0.29411764705882354,-0.29411764705882354,0.2,-0.6,0.23529411764705882,-0.7647058823529411,0.2,-1.1,0,0,0,0.7058823529411764,0.7647058823529411,0.5490196078431373,0.6274509803921569,0.7058823529411765,0.8518099547511312,0.7788461538461539,5,3.16289592760181,1.7488203389880095,3.600101012348812,0.2741309249211301,3,0.2941176470588235,0.21040723981900453,0.7895927601809954,0.7850678733031674,0.3079185520361991,0.17098482832046843,0.21682692307692308,0.5356369407573434,0.3278846153846154,0.45528846153846153,0.6729339506130655,0.8529411764705882,0.42081447963800905
677580,2024-05-18 13:30:00+00:00,5,18,2024,7911,TSG Hoffenheim,4,132,Bayern Munich,2,PreZero Arena,0,2023-2024,0.35294117647058826,-0.058823529411764705,0.4,0.0,0.7058823529411765,1.5294117647058822,0.6,1.4,0,0,0,0.6470588235294117,0.2941176470588235,0.5098039215686274,0.2450980392156863,0.434881087202718,0.06795016987542468,0.25141562853907135,6,3.159682899207248,1.747198830759785,3.5964826068971942,0.6117839752980314,2,0.9320498301245753,0.43035107587768967,0.5696489241223104,0.8958097395243488,0.26392978482446205,0.4166340810246137,0.1377123442808607,0.711448636255115,0.2751415628539071,0.5871460928652321,0.38860200467478756,0.3782559456398641,0.766704416761042
677583,2024-05-18 13:30:00+00:00,5,18,2024,134,VfB Stuttgart,4,268,Borussia Mönchengladbach,0,MHPArena,0,2023-2024,0.6470588235294118,1.0294117647058822,0.7,1.2,0.23529411764705882,-0.14705882352941177,0.1,-0.3,0,0,0,0.3529411764705882,0.7647058823529411,0.32843137254901966,0.5245098039215685,0.08843537414965986,0.7777777777777778,0.4331065759637188,4,3.1587301587301586,1.7479606335934028,3.5957203171285093,0.026392194960274007,4,0.9115646258503401,0.08956916099773243,0.9104308390022675,0.6111111111111112,0.3320861678004535,0.3712146944945779,0.16496598639455784,0.5172835317455946,0.29331065759637187,0.5417233560090703,0.5060168303991739,0.6666666666666666,0.3741496598639456
711729,2024-08-23 18:30:00+00:00,8,23,2024,268,Borussia Mönchengladbach,2,131,Bayer Leverkusen,3,BORUSSIA-PARK,0,2024-2025,0.20588235294117646,-0.3235294117647059,0.1,-0.7,0.8235294117647058,1.911764705882353,0.8,2.0,0,0,0,0.7941176470588236,0.17647058823529416,0.553921568627451,0.18137254901960775,0.8260381593714927,0.014590347923681257,0.420314253647587,5,3.169472502805836,1.744786665455383,3.6056691691696816,0.2733521398299057,1,0.9854096520763187,0.7508417508417509,0.24915824915824913,0.7845117845117845,0.19983164983164983,0.47426364278777294,0.16304713804713805,0.8086890640137285,0.2920314253647587,0.5449214365881032,0.3463695696374979,0.26936026936026936,0.8395061728395061
711439,2024-08-24 13:30:00+00:00,8,24,2024,3841,FC Augsburg,2,137,Werder Bremen,2,WWK Arena,0,2024-2025,0.29411764705882354,-0.29411764705882354,0.3,-0.8,0.3235294117647059,-0.17647058823529413,0.3,-0.2,0,0,0,0.7058823529411764,0.6764705882352942,0.5490196078431373,0.5294117647058822,0.6625560538116592,0.570627802690583,0.6165919282511211,4,3.17152466367713,1.744884048854735,3.6077456758908135,0.024951519444681325,0,0.429372197309417,1.0,0.0,0.6065022421524664,0.15,0.26748318385650227,0.19248878923766816,0.6851867685354622,0.3116591928251121,0.4958520179372198,0.3105412396346667,0.1961883408071749,0.7365470852017937
711433,2024-08-24 13:30:00+00:00,8,24,2024,2950,Mainz,1,598,1. FC Union Berlin,1,MEWA ARENA,0,2024-2025,0.20588235294117646,-0.35294117647058826,0.5,0.7,0.2647058823529412,-0.7352941176470589,0.2,-0.9,0,0,0,0.7941176470588236,0.7352941176470589,0.5588235294117647,0.6225490196078431,0.4221724524076148,0.8152295632698768,0.6187010078387458,2,3.1724524076147818,1.744126057775582,3.608483922058677,0.3463958059280622,0,0.5778275475923852,1.0,0.0,0.15453527435610304,0.15,0.33057670772676373,0.19280515117581187,0.49752006084401634,0.31187010078387456,0.49532474804031357,0.37324481654864206,0.3381858902575588,0.3348264277715566
711437,2024-08-24 13:30:00+00:00,8,24,2024,11420,RB Leipzig,1,121,VfL Bochum,0,Red Bull Arena,0,2024-2025,0.5588235294117647,1.1176470588235294,0.6,1.6,0.20588235294117646,-0.9411764705882353,0.2,-1.1,0,0,0,0.4411764705882353,0.7941176470588236,0.31372549019607854,0.6568627450980393,0.116331096196868,0.8814317673378076,0.4988814317673378,1,3.1711409395973154,1.7435902246488881,3.6070384957595376,0.6730116455503939,1,0.883668903803132,0.7494407158836689,0.2505592841163311,0.04697986577181208,0.2001118568232662,0.43340695364072684,0.1748322147651007,0.518862679854787,0.2998881431767338,0.5252796420581656,0.4548561349318309,0.5447427293064877,0.3769574944071588
711436,2024-08-24 13:30:00+00:00,8,24,2024,126,SC Freiburg,3,134,VfB Stuttgart,1,Europa-Park Stadion,0,2024-2025,0.3235294117647059,-0.38235294117647056,0.3,-0.1,0.6764705882352942,1.1470588235294117,0.7,1.5,0,0,0,0.6764705882352942,0.32352941176470584,0.5637254901960784,0.30882352941176483,0.5675977653631284,0.06368715083798883,0.31564245810055863,4,3.1687150837988827,1.7441253336152047,3.604746417202684,0.02535141555807252,2,0.9363128491620112,0.4301675977653631,0.5698324022346368,0.6067039106145251,0.2639664804469274,0.41818217284104736,0.1473463687150838,0.6198852831541432,0.28156424581005585,0.5710893854748604,0.3444399270240194,0.2659217877094972,0.623463687150838
711435,2024-08-24 13:30:00+00:00,8,24,2024,7911,TSG Hoffenheim,3,7884,Holstein Kiel,2,PreZero Arena,0,2024-2025,0.38235294117647056,0.0,0.4,0.1,,,,,0,0,0,0.6176470588235294,,0.5,,0.3950892857142857,0.0,0.19754464285714285,5,3.169642857142857,1.7433718968225,3.6054858313484823,0.2737898696353246,1,1.0,0.75,0.25,0.7845982142857143,0.2,0.48,0.12963169642857142,0.8110714285714287,0.26975446428571426,0.6006138392857143,0.22157850771396695,0.05580357142857143,0.8448660714285714
711440,2024-08-24 16:30:00+00:00,8,24,2024,124,Borussia Dortmund,2,125,Eintracht Frankfurt,0,SIGNAL IDUNA PARK,0,2024-2025,0.5294117647058824,0.7352941176470589,0.6,0.7,0.3235294117647059,0.029411764705882353,0.2,-0.6,0,0,0,0.47058823529411764,0.6764705882352942,0.37745098039215685,0.4950980392156863,0.17614269788182832,0.6521739130434783,0.4141583054626533,2,3.1716833890746936,1.743470202232952,3.6075509396329317,0.3462823615835702,2,0.8238573021181717,0.43032329988851725,0.5696767001114827,0.15496098104793757,0.26393534002229657,0.3768125884746504,0.162123745819398,0.43526634711997386,0.29141583054626535,0.5464604236343367,0.4484745253317596,0.5295429208472687,0.18840579710144928
711434,2024-08-25 13:30:00+00:00,8,25,2024,138,VfL Wolfsburg,2,132,Bayern Munich,3,Volkswagen Arena,0,2024-2025,0.29411764705882354,-0.4411764705882353,0.4,-0.6,0.6764705882352942,1.4411764705882353,0.6,1.2,0,0,0,0.7058823529411764,0.32352941176470584,0.5735294117647058,0.2598039215686274,0.5835189309576837,0.09020044543429843,0.33685968819599105,5,3.170378619153675,1.7429367160238731,3.6061127981596433,0.2736969309522608,1,0.9097995545657016,0.7505567928730512,0.24944320712694878,0.7839643652561247,0.19988864142538976,0.4439816146745304,0.15052895322939866,0.7942850423617295,0.2836859688195991,0.5657850779510023,0.30255303534213834,0.1714922048997773,0.8207126948775055
711438,2024-08-25 15:30:00+00:00,8,25,2024,270,St. Pauli,0,6418,1. FC Heidenheim 1846,2,Millerntor-Stadion,0,2024-2025,,,,,0.29411764705882354,-0.14705882352941177,0.3,0.3,0,0,0,,0.7058823529411764,,0.5245098039215685,0.0,0.5283648498331479,0.26418242491657395,2,3.1724137931034484,1.7430344550339123,3.6081724068619265,0.34663622389663673,2,1.0,0.43047830923248054,0.5695216907675195,0.1546162402669633,0.2639043381535039,0.44165739710789764,0.1396273637374861,0.4995532052051408,0.2764182424916574,0.5839543937708565,0.3600965747285121,0.3014460511679644,0.3414905450500556
711448,2024-08-30 18:30:00+00:00,8,30,2024,598,1. FC Union Berlin,1,270,St. Pauli,0,Stadion An der Alten Försterei,0,2024-2025,0.23529411764705882,-0.8235294117647058,0.2,-0.7,0.0,-2.0,0.0,-2.0,0,0,0,0.7647058823529411,1.0,0.6372549019607843,0.8333333333333334,0.8044444444444444,0.9744444444444444,0.8894444444444445,1,3.171111111111111,1.7425030546073017,3.6067368747629365,0.6733830013858562,1,0.1955555555555556,0.7511111111111111,0.24888888888888894,0.04666666666666667,0.19977777777777778,0.15826617283950617,0.23341666666666666,0.1879010842249657,0.33894444444444444,0.42763888888888896,0.6218993556969388,0.8288888888888889,0.0044444444444444444
711446,2024-08-31 13:30:00+00:00,8,31,2024,125,Eintracht Frankfurt,3,7911,TSG Hoffenheim,1,Deutsche Bank Park,0,2024-2025,0.29411764705882354,-0.058823529411764705,0.1,-1.0,0.4117647058823529,0.058823529411764705,0.5,0.4,0,0,0,0.7058823529411764,0.5882352941176471,0.5098039215686274,0.4901960784313726,0.7802441731409545,0.32852386237513875,0.5543840177580466,4,3.1687014428412876,1.7430361061754411,3.604460469385148,0.02541897287003514,2,0.6714761376248612,0.4306326304106548,0.5693673695893452,0.6059933407325194,0.26387347391786903,0.3207583508766311,0.183157602663707,0.567024101578964,0.30543840177580467,0.5114039955604883,0.46207653928005465,0.5571587125416204,0.4872364039955605
711444,2024-08-31 13:30:00+00:00,8,31,2024,7884,Holstein Kiel,0,138,VfL Wolfsburg,2,Holstein-Stadion,0,2024-2025,0.0,-1.0,0.0,-1.0,0.2647058823529412,-0.5294117647058824,0.4,-0.5,0,0,0,1.0,0.7352941176470589,0.6666666666666667,0.588235294117647,0.9567627494456763,0.6119733924611973,0.7843680709534369,2,3.169623059866962,1.7422884385636157,3.605195169507866,0.34584436082660475,2,0.3880266075388027,0.4312638580931264,0.5687361419068736,0.15521064301552107,0.2637472283813747,0.2164681097929706,0.21765521064301552,0.27637192605159466,0.3284368070953437,0.4539079822616408,0.6180996381699616,0.8270509977827051,0.03547671840354767
711442,2024-08-31 13:30:00+00:00,8,31,2024,134,VfB Stuttgart,3,2950,Mainz,3,MHPArena,0,2024-2025,0.6470588235294118,0.9411764705882353,0.6,1.1,0.20588235294117646,-0.2647058823529412,0.5,1.4,0,0,0,0.3529411764705882,0.7941176470588236,0.3431372549019608,0.5441176470588236,0.12070874861572536,0.37209302325581395,0.24640088593576964,6,3.168327796234773,1.7417573302645455,3.6037671288009094,0.6118456102964875,0,0.8792912513842747,1.0,0.0,0.8970099667774086,0.15,0.45869878183831675,0.13696013289036546,0.9415935622491289,0.27464008859357697,0.5883997785160575,0.2287806828053609,0.06423034330011074,0.8770764119601329
711445,2024-08-31 13:30:00+00:00,8,31,2024,121,VfL Bochum,0,268,Borussia Mönchengladbach,2,Vonovia Ruhrstadion,0,2024-2025,0.20588235294117646,-0.8235294117647058,0.2,-1.1,0.20588235294117646,-0.35294117647058826,0.1,-0.8,0,0,0,0.7941176470588236,0.7941176470588236,0.6372549019607843,0.5588235294117647,0.8606194690265486,0.8539823008849557,0.8573008849557522,2,3.1714601769911503,1.7433384276364527,3.6072947839002634,0.34623580557348643,2,0.14601769911504425,0.4314159292035398,0.5685840707964602,0.15486725663716813,0.26371681415929205,0.12738350693084816,0.22859513274336282,0.1877612192692895,0.33573008849557523,0.4356747787610619,0.6435429737260062,0.8429203539823009,0.004424778761061947
711443,2024-08-31 13:30:00+00:00,8,31,2024,137,Werder Bremen,0,124,Borussia Dortmund,0,Weserstadion,0,2024-2025,0.3235294117647059,-0.058823529411764705,0.3,-0.1,0.5294117647058824,0.7647058823529411,0.6,0.8,0,0,0,0.6764705882352942,0.47058823529411764,0.5098039215686274,0.37254901960784315,0.5303867403314917,0.17569060773480663,0.35303867403314915,0,3.1701657458563535,1.7428090167766788,3.605868000050523,0.8823893777923256,0,0.8243093922651934,1.0,0.0,0.0,0.15,0.4353314917127072,0.15295580110497237,0.5589779005524862,0.2853038674033149,0.5617403314917128,0.3332826359475192,0.23756906077348067,0.4718232044198895
711447,2024-08-31 16:30:00+00:00,8,31,2024,131,Bayer Leverkusen,2,11420,RB Leipzig,3,BayArena,0,2024-2025,0.8235294117647058,1.911764705882353,0.8,1.9,0.5882352941176471,1.1764705882352942,0.6,1.5,0,0,0,0.17647058823529416,0.4117647058823529,0.18137254901960775,0.3039215686274509,0.016556291390728478,0.10816777041942605,0.06236203090507726,5,3.1666666666666665,1.74502713598978,3.6029234506641115,0.2742021668696035,1,0.9834437086092715,0.7505518763796909,0.2494481236203091,0.7836644591611479,0.19988962472406183,0.47344279490665614,0.1093543046357616,0.807921344622357,0.2562362030905077,0.6344094922737307,0.1334658917158129,0.01434878587196468,0.8377483443708609
711441,2024-09-01 13:30:00+00:00,9,1,2024,6418,1. FC Heidenheim 1846,4,3841,FC Augsburg,0,Voith-Arena,0,2024-2025,0.3235294117647059,-0.029411764705882353,0.4,0.6,0.29411764705882354,-0.29411764705882354,0.2,-0.9,0,0,0,0.6764705882352942,0.7058823529411764,0.5049019607843137,0.5490196078431373,0.3770672546857773,0.7519294377067255,0.5644983461962514,4,3.1686879823594265,1.7451258956018052,3.604969456259878,0.02529451830006757,4,0.6229327453142227,0.08930540242557883,0.9106945975744212,0.6052921719955898,0.3321389195148843,0.2748023762260697,0.18467475192943772,0.46935690257821117,0.30644983461962516,0.5088754134509371,0.5710127970208947,0.7739801543550165,0.2679162072767365
711449,2024-09-01 15:30:00+00:00,9,1,2024,132,Bayern Munich,2,126,SC Freiburg,0,Allianz Arena,0,2024-2025,0.6764705882352942,1.3529411764705883,0.6,0.6,0.3235294117647059,-0.35294117647058826,0.3,0.0,0,0,0,0.32352941176470584,0.6764705882352942,0.27450980392156854,0.5588235294117647,0.11674008810572688,0.566079295154185,0.34140969162995594,2,3.1696035242290748,1.7443817698086974,3.605698966681249,0.3453521198678289,2,0.8832599118942731,0.43171806167400884,0.5682819383259912,0.15528634361233482,0.2636563876651982,0.3988257583108541,0.1512114537444934,0.45746931451841455,0.2841409691629956,0.564647577092511,0.4064695319874857,0.4185022026431718,0.23458149779735682
711452,2024-09-13 18:30:00+00:00,9,13,2024,124,Borussia Dortmund,4,6418,1. FC Heidenheim 1846,2,SIGNAL IDUNA PARK,0,2024-2025,0.5294117647058824,0.7647058823529411,0.5,0.6,0.35294117647058826,0.11764705882352941,0.5,1.0,0,0,0,0.47058823529411764,0.6470588235294117,0.37254901960784315,0.48039215686274506,0.2079207920792079,0.30143014301430143,0.2546754675467547,6,3.1683168316831685,1.7438524888967402,3.6042799539073536,0.6108052540565692,2,0.7920792079207921,0.43234323432343236,0.5676567656765676,0.8965896589658966,0.2635313531353135,0.36531761592000783,0.1382013201320132,0.6994504813354256,0.27546754675467544,0.5863311331133114,0.3901092645566564,0.385038503850385,0.7546754675467546
711451,2024-09-14 13:30:00+00:00,9,14,2024,268,Borussia Mönchengladbach,1,134,VfB Stuttgart,3,BORUSSIA-PARK,0,2024-2025,0.23529411764705882,-0.20588235294117646,0.2,-0.6,0.6470588235294118,1.0588235294117647,0.5,0.8,0,0,0,0.7647058823529411,0.3529411764705882,0.5343137254901962,0.32352941176470595,0.7352297592997812,0.16083150984682712,0.44803063457330417,4,3.1695842450765865,1.7458178605470147,3.6060387102133404,0.02513981849826674,2,0.8391684901531729,0.43216630196936545,0.5678336980306345,0.6050328227571116,0.2635667396061269,0.3826391196510397,0.16720459518599562,0.6005977039068346,0.2948030634573304,0.537992341356674,0.41263965698239613,0.4365426695842451,0.5733041575492341
711455,2024-09-14 13:30:00+00:00,9,14,2024,11420,RB Leipzig,0,598,1. FC Union Berlin,0,Red Bull Arena,0,2024-2025,0.5882352941176471,1.088235294117647,0.6,1.2,0.23529411764705882,-0.8823529411764706,0.2,-0.7,0,0,0,0.4117647058823529,0.7647058823529411,0.31862745098039225,0.6470588235294117,0.12376779846659365,0.8302300109529025,0.4769989047097481,0,3.1730558598028478,1.7436152872415898,3.6089596816132454,0.8825879119389133,0,0.8762322015334063,1.0,0.0,0.0,0.15,0.45739868565169767,0.1715498357064622,0.5888335158817086,0.2976998904709748,0.530750273822563,0.40457511057739154,0.4173055859802848,0.5377875136911281
711456,2024-09-14 13:30:00+00:00,9,14,2024,126,SC Freiburg,2,121,VfL Bochum,1,Europa-Park Stadion,0,2024-2025,0.29411764705882354,-0.4411764705882353,0.3,-0.1,0.20588235294117646,-0.8823529411764706,0.2,-1.1,0,0,0,0.7058823529411764,0.7941176470588236,0.5735294117647058,0.6470588235294117,0.5942982456140351,0.875,0.7346491228070176,3,3.1732456140350878,1.7445625713323039,3.609386256868164,0.05918368230745774,1,0.4057017543859649,0.7521929824561403,0.2478070175438597,0.3969298245614035,0.19956140350877194,0.2424135310864881,0.21019736842105263,0.48480095975887316,0.32346491228070173,0.46633771929824563,0.4351917258811435,0.4967105263157895,0.30372807017543857
711457,2024-09-14 13:30:00+00:00,9,14,2024,7911,TSG Hoffenheim,1,131,Bayer Leverkusen,4,PreZero Arena,0,2024-2025,0.38235294117647056,-0.029411764705882353,0.5,0.5,0.7941176470588235,1.7941176470588236,0.7,1.7,0,0,0,0.6176470588235294,0.20588235294117652,0.5049019607843137,0.2009803921568628,0.33040614709110866,0.02854006586169045,0.17947310647639955,5,3.171240395170143,1.7444689668241695,3.607357636876185,0.27287468900653566,3,0.9714599341383096,0.20856201975850713,0.7914379802414928,0.7826564215148188,0.3082875960482986,0.405156683587956,0.12692096597145994,0.6082640186649906,0.26794731064763994,0.6051317233809002,0.3553020676905667,0.29198682766191,0.6081229418221734
711454,2024-09-14 13:30:00+00:00,9,14,2024,138,VfL Wolfsburg,1,125,Eintracht Frankfurt,2,Volkswagen Arena,0,2024-2025,0.2647058823529412,-0.5,0.5,-0.1,0.3235294117647059,0.0,0.2,-0.6,0,0,0,0.7352941176470589,0.6764705882352942,0.5833333333333333,0.5,0.4978021978021978,0.6571428571428571,0.5774725274725274,3,3.1714285714285713,1.7454190058245158,3.6077833228847003,0.058826041346608626,1,0.5021978021978022,0.7516483516483516,0.24835164835164836,0.3978021978021978,0.19967032967032966,0.280994867769593,0.1866208791208791,0.5180758557587805,0.30774725274725273,0.5056318681318681,0.37939621790754235,0.35824175824175825,0.3769230769230769
711458,2024-09-14 16:30:00+00:00,9,14,2024,7884,Holstein Kiel,1,132,Bayern Munich,6,Holstein-Stadion,0,2024-2025,0.0,-1.5,0.0,-1.5,0.6764705882352942,1.3529411764705883,0.6,0.5,0,0,0,1.0,0.32352941176470584,0.75,0.27450980392156854,0.9715846994535519,0.12131147540983607,0.5464480874316939,7,3.1704918032786886,1.7450785059705964,3.6067614297713377,0.8489985639635113,5,0.8786885245901639,0.03934426229508197,0.9606557377049181,0.9573770491803278,0.3421311475409836,0.3548177909164203,0.1819672131147541,0.6047208885325204,0.3046448087431694,0.5133879781420765,0.7276885648701736,0.8721311475409836,0.5879781420765028
711450,2024-09-15 13:30:00+00:00,9,15,2024,3841,FC Augsburg,3,270,St. Pauli,1,WWK Arena,0,2024-2025,0.29411764705882354,-0.35294117647058826,0.1,-1.5,0.0,-1.5,0.0,-1.5,0,0,0,0.7058823529411764,1.0,0.5588235294117647,0.75,0.8602620087336245,0.962882096069869,0.9115720524017468,4,3.1746724890829694,1.7487083138523436,3.6118495675460554,0.02433308502142084,2,0.13973799126637554,0.4334061135371179,0.5665938864628821,0.6037117903930131,0.2633187772925764,0.12513929940313875,0.23673580786026202,0.4602268438250714,0.3411572052401747,0.4221069868995633,0.5838390317332763,0.7925764192139738,0.23799126637554585
711453,2024-09-15 15:30:00+00:00,9,15,2024,2950,Mainz,1,137,Werder Bremen,2,MEWA ARENA,0,2024-2025,0.20588235294117646,-0.2647058823529412,0.4,1.2,0.3235294117647059,-0.029411764705882353,0.3,0.0,0,0,0,0.7941176470588236,0.6764705882352942,0.5441176470588236,0.5049019607843137,0.42311886586695746,0.5278080697928026,0.47546346782988,3,3.1755725190839694,1.747966012114074,3.6125640221124877,0.05955815160486955,1,0.5768811341330425,0.752453653217012,0.24754634678298804,0.39585605234460197,0.1995092693565976,0.31094307334261717,0.171319520174482,0.5428537881093032,0.297546346782988,0.5311341330425301,0.33639486187939627,0.23991275899672845,0.4351145038167939
711463,2024-09-20 18:30:00+00:00,9,20,2024,3841,FC Augsburg,2,2950,Mainz,3,WWK Arena,0,2024-2025,0.3235294117647059,-0.29411764705882354,0.2,-1.3,0.20588235294117646,-0.17647058823529413,0.4,1.1,0,0,0,0.6764705882352942,0.7941176470588236,0.5490196078431373,0.5294117647058822,0.7570806100217865,0.4455337690631808,0.6013071895424836,5,3.1753812636165577,1.747022273142122,3.612136831902088,0.2706114647745764,1,0.5544662309368191,0.7527233115468409,0.2472766884531591,0.7821350762527233,0.1994553376906318,0.3019919570345688,0.19019607843137254,0.7278431934452336,0.3101307189542484,0.4996732026143791,0.42861442570304215,0.4749455337690632,0.7832244008714597
711462,2024-09-21 13:30:00+00:00,9,21,2024,6418,1. FC Heidenheim 1846,0,126,SC Freiburg,3,Voith-Arena,0,2024-2025,0.35294117647058826,0.058823529411764705,0.5,0.8,0.3235294117647059,-0.2647058823529412,0.3,-0.3,0,0,0,0.6470588235294117,0.6764705882352942,0.4901960784313726,0.5441176470588236,0.3133841131664853,0.588683351468988,0.45103373231773664,3,3.177366702937976,1.747107546582586,3.6141435895836223,0.05991334761268985,3,0.6866158868335147,0.2089227421109902,0.7910772578890097,0.39499455930359084,0.30821545157780195,0.30667358544853485,0.1676550598476605,0.4278134471285652,0.29510337323177366,0.5372415669205659,0.4858084122540796,0.6202393906420022,0.17736670293797607
711461,2024-09-21 13:30:00+00:00,9,21,2024,598,1. FC Union Berlin,2,7911,TSG Hoffenheim,1,Stadion An der Alten Försterei,0,2024-2025,0.23529411764705882,-0.7941176470588235,0.2,-0.7,0.35294117647058826,-0.17647058823529413,0.5,0.3,0,0,0,0.7647058823529411,0.6470588235294117,0.6323529411764706,0.5294117647058822,0.7978260869565217,0.3826086956521739,0.5902173913043478,3,3.1771739130434784,1.7461665310193446,3.6137155457983146,0.05989494299357956,1,0.6173913043478261,0.7532608695652174,0.24673913043478257,0.39456521739130435,0.1993478260869565,0.3272230623818525,0.1885326086956522,0.5563586031889537,0.3090217391304348,0.5024456521739129,0.38409206714704325,0.3652173913043478,0.4608695652173913
711464,2024-09-21 13:30:00+00:00,9,21,2024,121,VfL Bochum,2,7884,Holstein Kiel,2,Vonovia Ruhrstadion,0,2024-2025,0.20588235294117646,-0.9117647058823529,0.2,-1.2,0.0,-2.6666666666666665,0.0,-2.6666666666666665,0,0,0,0.7941176470588236,1.0,0.6519607843137254,0.9444444444444444,0.8740499457111836,0.9815418023887079,0.9277958740499457,4,3.176981541802389,1.74522703415512,3.6132883003411687,0.024250507770684604,0,0.12595005428881645,1.0,0.0,0.6036916395222585,0.15,0.138528773072747,0.23916938110749186,0.5869305126726956,0.3427795874049946,0.41805103148751355,0.3936660010914961,0.38979370249728557,0.5342019543973942
711466,2024-09-21 13:30:00+00:00,9,21,2024,137,Werder Bremen,0,132,Bayern Munich,5,Weserstadion,0,2024-2025,0.3235294117647059,-0.11764705882352941,0.4,0.3,0.6764705882352942,1.4705882352941178,0.7,1.2,0,0,0,0.6764705882352942,0.32352941176470584,0.5196078431372548,0.2549019607843137,0.42733188720173537,0.06073752711496746,0.2440347071583514,5,3.177874186550976,1.744489893181131,3.6139966598462587,0.2706619319385728,5,0.9392624728850325,0.04013015184381779,0.9598698481561823,0.7819956616052061,0.3419739696312365,0.3748321812903195,0.1366052060737527,0.5577017501018988,0.27440347071583515,0.5889913232104121,0.44409977183678967,0.5184381778741866,0.46746203904555317
711459,2024-09-21 16:30:00+00:00,9,21,2024,125,Eintracht Frankfurt,2,268,Borussia Mönchengladbach,0,Deutsche Bank Park,0,2024-2025,0.35294117647058826,0.029411764705882353,0.3,-0.5,0.23529411764705882,-0.23529411764705882,0.2,-0.5,0,0,0,0.6470588235294117,0.7647058823529411,0.4950980392156863,0.5392156862745099,0.5471289274106176,0.7410617551462622,0.6440953412784398,2,3.179848320693391,1.744574850397286,3.615992033292713,0.34884774327960144,2,0.4528710725893824,0.4333694474539545,0.5666305525460456,0.15384615384615385,0.2633261105092091,0.24047653619022244,0.19661430119176598,0.299806016075427,0.314409534127844,0.48897616468038996,0.5616897729826867,0.761646803900325,0.04875406283856988
711460,2024-09-22 13:30:00+00:00,9,22,2024,131,Bayer Leverkusen,4,138,VfL Wolfsburg,3,BayArena,0,2024-2025,0.7941176470588235,1.7647058823529411,0.7,1.9,0.2647058823529412,-0.47058823529411764,0.4,-0.4,0,0,0,0.20588235294117652,0.7352941176470589,0.20588235294117652,0.5784313725490196,0.024891774891774892,0.5909090909090909,0.3079004329004329,7,3.1785714285714284,1.7440614963406835,3.614586802656599,0.8480117060678553,1,0.9751082251082251,0.7532467532467533,0.24675324675324672,0.9567099567099567,0.19935064935064933,0.4704248186878057,0.14618506493506495,0.8646635228632614,0.2807900432900433,0.5730248917748918,0.3696871133952404,0.3246753246753247,0.8722943722943723
711465,2024-09-22 15:30:00+00:00,9,22,2024,134,VfB Stuttgart,5,124,Borussia Dortmund,1,MHPArena,0,2024-2025,0.6470588235294118,0.9705882352941176,0.6,1.0,0.5588235294117647,0.8235294117647058,0.5,0.6,0,0,0,0.3529411764705882,0.4411764705882353,0.3382352941176471,0.36274509803921573,0.12324324324324325,0.20324324324324325,0.16324324324324324,6,3.1827027027027026,1.747640104325238,3.6196127287840123,0.6044986445925093,4,0.8767567567567568,0.09081081081081081,0.9091891891891892,0.8951351351351351,0.3318378378378378,0.359724061358656,0.1244864864864865,0.5997016811955856,0.26632432432432435,0.6091891891891892,0.4168371278369209,0.4464864864864865,0.5718918918918919
711467,2024-09-22 17:30:00+00:00,9,22,2024,270,St. Pauli,0,11420,RB Leipzig,0,Millerntor-Stadion,0,2024-2025,0.0,-1.6666666666666667,0.0,-1.6666666666666667,0.5588235294117647,1.0,0.6,1.2,0,0,0,1.0,0.4411764705882353,0.7777777777777778,0.33333333333333337,0.9773218142548596,0.14038876889848811,0.5588552915766739,0,3.185745140388769,1.7491470773550168,3.623031909727523,0.8829518340665147,0,0.8596112311015118,1.0,0.0,0.0,0.15,0.45033477321814247,0.18382829373650109,0.5792764578833692,0.3058855291576674,0.5102861771058315,0.4474876594019873,0.5269978401727862,0.5183585313174947
711469,2024-09-27 18:30:00+00:00,9,27,2024,124,Borussia Dortmund,4,121,VfL Bochum,2,SIGNAL IDUNA PARK,0,2024-2025,0.5294117647058824,0.6470588235294118,0.5,0.3,0.20588235294117646,-0.9117647058823529,0.2,-1.1,0,0,0,0.47058823529411764,0.7941176470588236,0.3921568627450981,0.6519607843137254,0.23300970873786409,0.8770226537216829,0.5550161812297735,6,3.1823085221143472,1.7513308299032548,3.620141229590161,0.6027881224888372,2,0.7669902912621359,0.4336569579288026,0.5663430420711975,0.8942826321467098,0.2632686084142395,0.35620605146573664,0.18325242718446602,0.6966929020833335,0.3055016181229774,0.5112459546925566,0.5672308797321195,0.7713052858683926,0.7551240560949298
711470,2024-09-28 13:30:00+00:00,9,28,2024,268,Borussia Mönchengladbach,1,598,1. FC Union Berlin,0,BORUSSIA-PARK,0,2024-2025,0.23529411764705882,-0.29411764705882354,0.1,-0.9,0.2647058823529412,-0.7352941176470589,0.3,-0.5,0,0,0,0.7647058823529411,0.7352941176470589,0.5490196078431373,0.6225490196078431,0.8232758620689655,0.7058189655172413,0.7645474137931034,1,3.185344827586207,1.7528281015141134,3.6235518529647353,0.6737644914085605,1,0.2941810344827587,0.7532327586206896,0.2467672413793104,0.04849137931034483,0.19935344827586207,0.197832170593044,0.2146821120689655,0.23689097605037426,0.32645474137931035,0.45886314655172417,0.5760261519991173,0.78125,0.014008620689655173
711468,2024-09-28 13:30:00+00:00,9,28,2024,2950,Mainz,0,6418,1. FC Heidenheim 1846,2,MEWA ARENA,0,2024-2025,0.23529411764705882,-0.08823529411764706,0.4,0.8,0.3235294117647059,-0.08823529411764706,0.4,0.4,0,0,0,0.7647058823529411,0.6764705882352942,0.5147058823529411,0.5147058823529411,0.42734122712594186,0.4381054897739505,0.43272335844994614,2,3.1829924650161465,1.7533500204249557,3.6213299701223853,0.3478879301204786,2,0.5726587728740582,0.43379978471474706,0.566200215285253,0.155005382131324,0.2632400430570506,0.2846320221171416,0.16490850376749194,0.34430229325562467,0.2932723358449946,0.5418191603875133,0.4578783444829977,0.5554359526372443,0.07642626480086114
711474,2024-09-28 13:30:00+00:00,9,28,2024,11420,RB Leipzig,4,3841,FC Augsburg,0,Red Bull Arena,0,2024-2025,0.5294117647058824,0.9117647058823529,0.5,0.9,0.3235294117647059,-0.23529411764705882,0.2,-1.2,0,0,0,0.47058823529411764,0.6764705882352942,0.3480392156862745,0.5392156862745099,0.18494623655913978,0.7591397849462366,0.4720430107526882,4,3.181720430107527,1.7528353924841682,3.619929278228569,0.023233886339269483,4,0.8150537634408602,0.0913978494623656,0.9086021505376344,0.6021505376344086,0.3317204301075269,0.33916984622499713,0.17080645161290323,0.49954297656388885,0.29720430107526885,0.531989247311828,0.5251307707779437,0.7032258064516129,0.3419354838709677
711473,2024-09-28 13:30:00+00:00,9,28,2024,126,SC Freiburg,0,270,St. Pauli,3,Europa-Park Stadion,0,2024-2025,0.35294117647058826,-0.11764705882352941,0.4,0.3,0.0,-1.25,0.0,-1.25,0,0,0,0.6470588235294117,1.0,0.5196078431372548,0.7083333333333333,0.4070891514500537,0.9570354457572503,0.682062298603652,3,3.1825993555316865,1.7520980079989783,3.620623857531431,0.060807706290195385,3,0.5929108485499464,0.21052631578947367,0.7894736842105263,0.3941997851772288,0.3078947368421053,0.27438888574820514,0.2023093447905478,0.4049839171351734,0.3182062298603652,0.4794844253490871,0.590555661142639,0.8002148227712137,0.14930182599355532
711472,2024-09-28 13:30:00+00:00,9,28,2024,138,VfL Wolfsburg,2,134,VfB Stuttgart,2,Volkswagen Arena,0,2024-2025,0.23529411764705882,-0.5294117647058824,0.4,-0.3,0.6470588235294118,1.0294117647058822,0.6,1.3,0,0,0,0.7647058823529411,0.3529411764705882,0.588235294117647,0.32843137254901966,0.6062231759656652,0.1072961373390558,0.35675965665236054,4,3.1824034334763946,1.7511669935259835,3.6201951818578904,0.02324548130615056,0,0.8927038626609443,1.0,0.0,0.601931330472103,0.15,0.4643991416309013,0.15351394849785407,0.8304099587393394,0.28567596566523606,0.5608100858369098,0.20364291929039702,0.046137339055793994,0.8540772532188842
711471,2024-09-28 16:30:00+00:00,9,28,2024,132,Bayern Munich,1,131,Bayer Leverkusen,1,Allianz Arena,0,2024-2025,0.7058823529411765,1.6176470588235294,0.8,1.8,0.8235294117647058,1.7941176470588236,0.7,1.9,0,0,0,0.2941176470588235,0.17647058823529416,0.23039215686274517,0.2009803921568628,0.028938906752411574,0.021436227224008574,0.025187566988210074,2,3.1832797427652735,1.7504319405583777,3.6208877279048677,0.34866522401246247,0,0.9785637727759914,1.0,0.0,0.15434083601286175,0.15,0.5008896034297964,0.10377813504823152,0.701556159813622,0.252518756698821,0.6437031082529474,0.05239714186382738,0.0021436227224008574,0.759914255091104
711475,2024-09-29 13:30:00+00:00,9,29,2024,7884,Holstein Kiel,2,125,Eintracht Frankfurt,4,Holstein-Stadion,0,2024-2025,0.0,-2.0,0.0,-2.0,0.38235294117647056,0.08823529411764706,0.4,-0.3,0,0,0,1.0,0.6176470588235294,0.8333333333333334,0.48529411764705876,0.9807280513918629,0.44967880085653106,0.715203426124197,6,3.182012847965739,1.7499220058705567,3.619493349433378,0.6035781097814028,2,0.5503211991434689,0.4346895074946467,0.5653104925053534,0.8940042826552462,0.26306209850107065,0.2764700649734741,0.20728051391862956,0.6766075037553917,0.3215203426124197,0.47119914346895075,0.6438720458140217,0.8468950749464668,0.721627408993576
711476,2024-09-29 15:30:00+00:00,9,29,2024,7911,TSG Hoffenheim,3,137,Werder Bremen,4,PreZero Arena,0,2024-2025,0.3235294117647059,-0.2647058823529412,0.4,0.0,0.3235294117647059,-0.20588235294117646,0.4,-0.2,0,0,0,0.6764705882352942,0.6764705882352942,0.5441176470588236,0.5343137254901962,0.48128342245989303,0.5016042780748663,0.4914438502673797,7,3.1850267379679145,1.751411292150877,3.6228795610056337,0.8441765698343139,1,0.518716577540107,0.7529411764705882,0.24705882352941178,0.9561497326203209,0.19941176470588234,0.28769801824473107,0.17371657754010694,0.8104577163302622,0.29914438502673796,0.527139037433155,0.4796129625636895,0.6096256684491979,0.8470588235294118
711485,2024-10-04 18:30:00+00:00,10,4,2024,3841,FC Augsburg,2,268,Borussia Mönchengladbach,1,WWK Arena,0,2024-2025,0.29411764705882354,-0.38235294117647056,0.1,-1.8,0.2647058823529412,-0.23529411764705882,0.2,-0.7,0,0,0,0.7058823529411764,0.7352941176470589,0.5637254901960784,0.5392156862745099,0.8824786324786325,0.7435897435897436,0.813034188034188,3,3.1891025641025643,1.7549102529435692,3.6278301273384566,0.06199009516039622,1,0.2564102564102564,0.7532051282051282,0.2467948717948718,0.39316239316239315,0.19935897435897437,0.1827103879026956,0.2219551282051282,0.4316831752192946,0.3313034188034188,0.446741452991453,0.4587390787816856,0.5555555555555556,0.18482905982905984
711484,2024-10-05 13:30:00+00:00,10,5,2024,598,1. FC Union Berlin,2,124,Borussia Dortmund,1,Stadion An der Alten Försterei,0,2024-2025,0.2647058823529412,-0.7058823529411765,0.3,-0.4,0.5294117647058824,0.6764705882352942,0.5,0.4,0,0,0,0.7352941176470589,0.47058823529411764,0.6176470588235294,0.38725490196078427,0.6851654215581644,0.2390608324439701,0.46211312700106727,3,3.188900747065101,1.7539834296676187,3.627396604482006,0.06197059183239606,1,0.7609391675560299,0.7534685165421559,0.24653148345784415,0.3927427961579509,0.19930629669156882,0.3847089703622793,0.16931696905016008,0.6049010718687744,0.2962113127001067,0.5344717182497332,0.33050448413027617,0.22838847385272146,0.5912486659551761
711483,2024-10-05 13:30:00+00:00,10,5,2024,131,Bayer Leverkusen,2,7884,Holstein Kiel,2,BayArena,0,2024-2025,0.7941176470588235,1.7058823529411764,0.6,1.4,0.0,-2.0,0.0,-2.0,0,0,0,0.20588235294117652,1.0,0.21568627450980393,0.8333333333333334,0.04904051172707889,0.9733475479744137,0.5111940298507462,4,3.1886993603411513,1.753058073051655,3.626963878604065,0.022385778524866562,0,0.9509594882729211,1.0,0.0,0.6012793176972282,0.15,0.48915778251599146,0.17667910447761193,0.8487686680820692,0.3011194029850746,0.5222014925373135,0.2709013846670313,0.11727078891257996,0.8667377398720683
711477,2024-10-05 13:30:00+00:00,10,5,2024,121,VfL Bochum,1,138,VfL Wolfsburg,3,Vonovia Ruhrstadion,0,2024-2025,0.20588235294117646,-0.7647058823529411,0.2,-1.3,0.23529411764705882,-0.5,0.4,0.0,0,0,0,0.7941176470588236,0.7647058823529411,0.6274509803921569,0.5833333333333333,0.8700745473908413,0.5750798722044729,0.722577209797657,4,3.1895633652822153,1.75232338031241,3.6276442103603177,0.022323613836492062,2,0.4249201277955271,0.4334398296059638,0.5665601703940362,0.6006389776357828,0.2633120340788072,0.23018556890444938,0.20838658146964856,0.5158832588487734,0.3222577209797657,0.4693556975505857,0.5263760612212602,0.7039403620873269,0.369542066027689
711479,2024-10-05 13:30:00+00:00,10,5,2024,137,Werder Bremen,0,126,SC Freiburg,1,Weserstadion,0,2024-2025,0.3235294117647059,-0.20588235294117646,0.5,0.4,0.35294117647058826,-0.20588235294117646,0.3,-0.1,0,0,0,0.6764705882352942,0.6470588235294117,0.5343137254901962,0.5343137254901962,0.3648936170212766,0.5340425531914894,0.44946808510638303,1,3.1904255319148938,1.7515895199557387,3.6283229119038283,0.6756084337806743,1,0.6351063829787233,0.7531914893617021,0.2468085106382979,0.047872340425531915,0.19936170212765958,0.3343090765052059,0.16742021276595748,0.4007389120185315,0.2949468085106383,0.5376329787234042,0.42755475569291496,0.46702127659574466,0.13829787234042554
711480,2024-10-05 16:30:00+00:00,10,5,2024,270,St. Pauli,0,2950,Mainz,3,Millerntor-Stadion,0,2024-2025,0.2,-0.4,0.2,-0.4,0.23529411764705882,-0.11764705882352941,0.3,0.3,0,0,0,0.8,0.7647058823529411,0.5666666666666667,0.5196078431372548,0.7449521785334751,0.563230605738576,0.6540913921360255,3,3.1880977683315623,1.7521132210469021,3.626126073593288,0.061855440588113764,3,0.436769394261424,0.20935175345377258,0.7906482465462275,0.39213602550478216,0.30812964930924547,0.2202809320583954,0.19811370882040383,0.36562499995424474,0.3154091392136026,0.4864771519659936,0.5798326111813268,0.7863974495217854,0.09776833156216791
711481,2024-10-06 13:30:00+00:00,10,6,2024,6418,1. FC Heidenheim 1846,0,11420,RB Leipzig,1,Voith-Arena,0,2024-2025,0.35294117647058826,0.058823529411764705,0.5,0.6,0.5294117647058824,1.0,0.5,1.0,0,0,0,0.6470588235294117,0.47058823529411764,0.4901960784313726,0.33333333333333337,0.32696390658174096,0.18259023354564755,0.25477707006369427,1,3.1878980891719744,1.7511927127930815,3.6256962673702446,0.6750435629229077,1,0.8174097664543525,0.7537154989384289,0.24628450106157107,0.04777070063694268,0.1992569002123142,0.4073419250724618,0.13821656050955414,0.4886875083090392,0.2754777070063694,0.5863057324840765,0.3105253457688096,0.1932059447983015,0.31104033970276007
711482,2024-10-06 15:30:00+00:00,10,6,2024,125,Eintracht Frankfurt,3,132,Bayern Munich,3,Deutsche Bank Park,0,2024-2025,0.4117647058823529,0.14705882352941177,0.5,0.2,0.6764705882352942,1.411764705882353,0.7,1.6,0,0,0,0.5882352941176471,0.32352941176470584,0.47549019607843135,0.2647058823529411,0.32343584305408274,0.053022269353128315,0.18822905620360553,6,3.185577942735949,1.751712495442439,3.623506066596559,0.6015906583486874,0,0.9469777306468716,1.0,0.0,0.8928950159066809,0.15,0.4874655355249204,0.12823435843054082,0.9532174115461474,0.26882290562036054,0.6029427359490986,0.19063593424366918,0.03711558854718982,0.8833510074231177
711478,2024-10-06 17:30:00+00:00,10,6,2024,134,VfB Stuttgart,1,7911,TSG Hoffenheim,1,MHPArena,0,2024-2025,0.6176470588235294,0.9705882352941176,0.5,1.0,0.29411764705882354,-0.35294117647058826,0.4,0.2,0,0,0,0.38235294117647056,0.7058823529411764,0.3382352941176471,0.5588235294117647,0.15360169491525424,0.4904661016949153,0.3220338983050848,2,3.1885593220338984,1.7531781293442457,3.6268538543699598,0.3498430460626626,0,0.8463983050847458,1.0,0.0,0.15466101694915255,0.15,0.444719279661017,0.1483050847457627,0.634360153781241,0.28220338983050847,0.5694915254237287,0.2352790785779516,0.07309322033898305,0.6588983050847458
711492,2024-10-18 18:30:00+00:00,10,18,2024,124,Borussia Dortmund,2,270,St. Pauli,1,SIGNAL IDUNA PARK,0,2024-2025,0.5,0.5882352941176471,0.5,0.3,0.16666666666666666,-0.8333333333333334,0.16666666666666666,-0.8333333333333334,0,0,0,0.5,0.8333333333333334,0.4019607843137255,0.6388888888888888,0.2529100529100529,0.8825396825396825,0.5677248677248677,3,3.187301587301587,1.752675805106203,3.6254705385781376,0.06169169293162491,1,0.747089947089947,0.7523809523809524,0.24761904761904763,0.3925925925925926,0.19952380952380952,0.37906147644242877,0.18515873015873016,0.5997051620961925,0.3067724867724868,0.508068783068783,0.3758287491977514,0.346031746031746,0.5714285714285714
711493,2024-10-19 13:30:00+00:00,10,19,2024,131,Bayer Leverkusen,2,125,Eintracht Frankfurt,1,BayArena,0,2024-2025,0.7647058823529411,1.6176470588235294,0.6,1.4,0.4117647058823529,0.20588235294117646,0.4,0.0,0,0,0,0.23529411764705888,0.5882352941176471,0.23039215686274517,0.46568627450980393,0.05374077976817703,0.40252897787144365,0.22813487881981034,3,3.188619599578504,1.7505987799222402,3.626269294559064,0.06198657257911255,1,0.946259220231823,0.7534246575342466,0.2465753424657534,0.39199157007376184,0.19931506849315067,0.45889624262020584,0.13422023182297155,0.6683257505227902,0.272813487881981,0.5929662802950475,0.21086522184460044,0.05268703898840885,0.7038988408851422
711487,2024-10-19 13:30:00+00:00,10,19,2024,7911,TSG Hoffenheim,3,121,VfL Bochum,1,PreZero Arena,0,2024-2025,0.29411764705882354,-0.29411764705882354,0.3,0.1,0.20588235294117646,-0.7647058823529411,0.2,-1.4,0,0,0,0.7058823529411764,0.7941176470588236,0.5490196078431373,0.6274509803921569,0.5568421052631579,0.8894736842105263,0.7231578947368421,4,3.188421052631579,1.7496869000593047,3.625842777646405,0.02260487622472529,2,0.4431578947368421,0.4326315789473684,0.5673684210526315,0.6010526315789474,0.2634736842105263,0.23685135734072024,0.2084736842105263,0.519560768625164,0.3223157894736842,0.4692105263157894,0.5268976187805999,0.7073684210526315,0.3831578947368421
711491,2024-10-19 13:30:00+00:00,10,19,2024,268,Borussia Mönchengladbach,3,6418,1. FC Heidenheim 1846,2,BORUSSIA-PARK,0,2024-2025,0.23529411764705882,-0.3235294117647059,0.2,-0.7,0.3235294117647059,0.0,0.5,0.6,0,0,0,0.7647058823529411,0.6764705882352942,0.553921568627451,0.5,0.750791974656811,0.3632523759239704,0.5570221752903908,5,3.187961985216473,1.7510319417796538,3.6257199706613865,0.265075103522991,1,0.6367476240760296,0.7529039070749736,0.24709609292502643,0.7803590285110876,0.19941921858500528,0.33494203336496403,0.18355332629355864,0.7425242802586592,0.3057022175290391,0.5107444561774022,0.40868922851664075,0.42344244984160506,0.7888067581837381
711488,2024-10-19 13:30:00+00:00,10,19,2024,126,SC Freiburg,3,3841,FC Augsburg,1,Europa-Park Stadion,0,2024-2025,0.35294117647058826,-0.23529411764705882,0.4,0.0,0.3235294117647059,-0.29411764705882354,0.2,-1.5,0,0,0,0.6470588235294117,0.6764705882352942,0.5392156862745099,0.5490196078431373,0.45665961945031713,0.7949260042283298,0.6257928118393234,4,3.1871035940803383,1.751758802901421,3.6250432948056934,0.022647421515623378,2,0.5433403805496828,0.4323467230443975,0.5676532769556025,0.6014799154334038,0.2635306553911205,0.27372370144236996,0.19386892177589854,0.5398626022438786,0.31257928118393236,0.4935517970401691,0.4906884513208426,0.6321353065539113,0.4260042283298097
711494,2024-10-19 13:30:00+00:00,10,19,2024,2950,Mainz,0,11420,RB Leipzig,2,MEWA ARENA,0,2024-2025,0.2647058823529412,0.058823529411764705,0.4,0.6,0.5588235294117647,1.0294117647058822,0.5,1.0,0,0,0,0.7352941176470589,0.4411764705882353,0.4901960784313726,0.32843137254901966,0.41350210970464135,0.17721518987341772,0.29535864978902954,2,3.189873417721519,1.7510964387833914,3.627647527417367,0.35078213365084543,2,0.8227848101265822,0.43248945147679324,0.5675105485232068,0.1540084388185654,0.2635021097046414,0.37663942744218337,0.14430379746835442,0.43511935273995683,0.2795358649789029,0.5761603375527427,0.3794326853975246,0.35654008438818563,0.189873417721519
711490,2024-10-19 16:30:00+00:00,10,19,2024,132,Bayern Munich,4,134,VfB Stuttgart,0,Allianz Arena,0,2024-2025,0.6764705882352942,1.411764705882353,0.6,1.2,0.5882352941176471,0.9117647058823529,0.5,1.1,0,0,0,0.32352941176470584,0.4117647058823529,0.2647058823529411,0.3480392156862745,0.0904311251314406,0.17034700315457413,0.13038906414300735,4,3.189274447949527,1.7489637832514853,3.626515393762398,0.02254301598138675,4,0.9095688748685594,0.0904311251314406,0.9095688748685594,0.6004206098843323,0.3319137749737119,0.3706438405088009,0.11955835962145112,0.5140067162939042,0.2630389064143007,0.6174027339642482,0.322449772846499,0.21556256572029442,0.36803364879074657
711489,2024-10-20 13:30:00+00:00,10,20,2024,7884,Holstein Kiel,0,598,1. FC Union Berlin,2,Holstein-Stadion,0,2024-2025,0.0,-1.6666666666666667,0.0,-1.6666666666666667,0.29411764705882354,-0.6470588235294118,0.4,0.1,0,0,0,1.0,0.7058823529411764,0.7777777777777778,0.607843137254902,0.9758403361344538,0.5346638655462185,0.7552521008403361,2,3.1901260504201683,1.7482414733322187,3.627186418753223,0.35153902899838874,2,0.4653361344537815,0.4338235294117647,0.5661764705882353,0.15336134453781514,0.26323529411764707,0.24509809070687102,0.2132878151260504,0.3042248661467182,0.3255252100840336,0.46118697478991594,0.6075961375497547,0.8203781512605042,0.051470588235294115
711486,2024-10-20 15:30:00+00:00,10,20,2024,138,VfL Wolfsburg,2,137,Werder Bremen,4,Volkswagen Arena,0,2024-2025,0.23529411764705882,-0.5,0.4,0.1,0.3235294117647059,-0.17647058823529413,0.4,0.2,0,0,0,0.7647058823529411,0.6764705882352942,0.5833333333333333,0.5294117647058822,0.55299055613851,0.45435466946484787,0.503672612801679,6,3.1888772298006294,1.7477482808427969,3.6258143000113288,0.6025395380805164,2,0.5456453305351521,0.43441762854144805,0.565582371458552,0.8929695697796433,0.26311647429171037,0.2747268800463329,0.17555089192025186,0.6756062963580234,0.3003672612801679,0.5240818467995803,0.5396244543700729,0.7334732423924449,0.7187827911857293
711497,2024-10-25 18:30:00+00:00,10,25,2024,2950,Mainz,1,268,Borussia Mönchengladbach,1,MEWA ARENA,0,2024-2025,0.2647058823529412,0.0,0.4,0.4,0.2647058823529412,-0.29411764705882354,0.3,-0.6,0,0,0,0.7352941176470589,0.7352941176470589,0.5,0.5490196078431373,0.4444444444444444,0.6677148846960168,0.5560796645702306,2,3.191823899371069,1.74920045486088,3.629124013086289,0.3518996257809286,0,0.5555555555555556,1.0,0.0,0.1530398322851153,0.15,0.32111111111111107,0.1834119496855346,0.48538551129746094,0.30560796645702304,0.5109800838574423,0.34868823009160493,0.27672955974842767,0.3039832285115304
711498,2024-10-26 13:30:00+00:00,10,26,2024,3841,FC Augsburg,2,124,Borussia Dortmund,1,WWK Arena,0,2024-2025,0.3235294117647059,-0.3235294117647059,0.2,-1.4,0.5,0.5588235294117647,0.6,0.7,0,0,0,0.6764705882352942,0.5,0.553921568627451,0.4068627450980392,0.7717277486910995,0.20104712041884817,0.48638743455497385,3,3.1905759162303666,1.7487087728879656,3.627753109452358,0.06240168346524877,1,0.7989528795811518,0.7539267015706806,0.24607329842931935,0.39162303664921466,0.19921465968586388,0.3999734108165894,0.17295811518324608,0.6176809452987864,0.2986387434554974,0.5284031413612564,0.34128854653478324,0.25968586387434556,0.6240837696335079
711500,2024-10-26 13:30:00+00:00,10,26,2024,11420,RB Leipzig,3,126,SC Freiburg,1,Red Bull Arena,0,2024-2025,0.5882352941176471,1.088235294117647,0.5,0.9,0.38235294117647056,-0.08823529411764706,0.5,0.3,0,0,0,0.4117647058823529,0.6176470588235294,0.31862745098039225,0.5147058823529411,0.16213389121338911,0.36506276150627615,0.2635983263598326,4,3.190376569037657,1.7478038469366752,3.627327530771826,0.022475656493631813,2,0.8378661087866108,0.4341004184100418,0.5658995815899581,0.600418410041841,0.26317991631799165,0.38236029656343545,0.1395397489539749,0.5993164789232195,0.27635983263598324,0.5841004184100418,0.3134960538406359,0.19874476987447698,0.5690376569037657
711503,2024-10-26 13:30:00+00:00,10,26,2024,270,St. Pauli,0,138,VfL Wolfsburg,0,Millerntor-Stadion,0,2024-2025,0.14285714285714285,-0.8571428571428571,0.14285714285714285,-0.8571428571428571,0.23529411764705882,-0.5,0.3,-0.2,0,0,0,0.8571428571428572,0.7647058823529411,0.6428571428571428,0.5833333333333333,0.8923719958202717,0.6635318704284221,0.777951933124347,0,3.1912225705329154,1.747085519767492,3.6279939504747882,0.8842276152445038,0,0.3364681295715779,1.0,0.0,0.0,0.15,0.2279989550679206,0.21669278996865204,0.27846917450365727,0.3277951933124347,0.4555120167189133,0.5459722028825078,0.7471264367816092,0.03657262277951933
711502,2024-10-26 13:30:00+00:00,10,26,2024,134,VfB Stuttgart,2,7884,Holstein Kiel,1,MHPArena,0,2024-2025,0.5588235294117647,0.7352941176470589,0.5,0.7,0.0,-1.7142857142857142,0.0,-1.7142857142857142,0,0,0,0.4411764705882353,1.0,0.37745098039215685,0.7857142857142857,0.20041753653444677,0.9686847599164927,0.5845511482254697,3,3.1878914405010437,1.749213748051931,3.6251948775140264,0.061875555496864854,1,0.7995824634655533,0.7536534446764092,0.24634655532359084,0.3914405010438413,0.19926931106471818,0.4001981773091993,0.18768267223382046,0.6177276285517714,0.30845511482254695,0.5038622129436325,0.3821330597337073,0.36221294363256784,0.6252609603340292
711501,2024-10-26 16:30:00+00:00,10,26,2024,137,Werder Bremen,2,131,Bayer Leverkusen,2,Weserstadion,0,2024-2025,0.35294117647058826,-0.08823529411764706,0.4,0.1,0.7647058823529411,1.5588235294117647,0.7,1.5,0,0,0,0.6470588235294117,0.23529411764705888,0.5147058823529411,0.24019607843137258,0.42857142857142855,0.03962460896767466,0.2340980187695516,4,3.1876955161626697,1.7483110869267209,3.62477328789435,0.022768188249458476,0,0.9603753910323254,1.0,0.0,0.6006256517205423,0.15,0.4931595411887383,0.13511470281543275,0.8515433829773584,0.2734098018769552,0.5914754953076121,0.1415395585912226,0.018769551616266946,0.8706986444212722
711499,2024-10-27 14:30:00+00:00,10,27,2024,121,VfL Bochum,0,132,Bayern Munich,5,Vonovia Ruhrstadion,0,2024-2025,0.20588235294117646,-0.8235294117647058,0.1,-1.7,0.6764705882352942,1.4411764705882353,0.6,1.5,0,0,0,0.7941176470588236,0.32352941176470584,0.6372549019607843,0.2598039215686274,0.921875,0.078125,0.5,5,3.1885416666666666,1.747595982715772,3.6254406623456097,0.2660577435878805,5,0.921875,0.03958333333333333,0.9604166666666667,0.78125,0.34208333333333335,0.3690501302083333,0.175,0.5556432888454862,0.3,0.5249999999999999,0.597185105127879,0.809375,0.45729166666666665
711496,2024-10-27 16:30:00+00:00,10,27,2024,598,1. FC Union Berlin,1,125,Eintracht Frankfurt,1,Stadion An der Alten Försterei,0,2024-2025,0.3235294117647059,-0.5294117647058824,0.5,0.3,0.38235294117647056,0.11764705882352941,0.4,0.0,0,0,0,0.6764705882352942,0.6176470588235294,0.588235294117647,0.48039215686274506,0.404786680541103,0.42455775234131116,0.4146722164412071,2,3.1904266389177938,1.7476627025705764,3.6273423145604378,0.35177891403328365,0,0.595213319458897,1.0,0.0,0.1529656607700312,0.15000000000000002,0.3379656607700313,0.16220083246618106,0.5055713297261244,0.2914672216441207,0.5463319458896982,0.28360751161496656,0.14151925078043703,0.35275754422476585
711495,2024-10-27 18:30:00+00:00,10,27,2024,6418,1. FC Heidenheim 1846,0,7911,TSG Hoffenheim,0,Voith-Arena,0,2024-2025,0.3235294117647059,0.029411764705882353,0.4,0.4,0.29411764705882354,-0.2647058823529412,0.4,0.4,0,0,0,0.6764705882352942,0.7058823529411764,0.4950980392156863,0.5441176470588236,0.39501039501039503,0.46465696465696466,0.4298336798336798,0,3.189189189189189,1.7471747872846513,3.625982886010352,0.8839250805707378,0,0.604989604989605,1.0,0.0,0.0,0.15,0.3421205821205821,0.16447505197505197,0.43286902286902285,0.292983367983368,0.54254158004158,0.37858626738097534,0.3575883575883576,0.18503118503118504
711504,2024-11-01 19:30:00+00:00,11,1,2024,131,Bayer Leverkusen,0,134,VfB Stuttgart,0,BayArena,0,2024-2025,0.7352941176470589,1.5294117647058822,0.6,1.1,0.5588235294117647,0.6764705882352942,0.5,0.6,0,0,0,0.2647058823529411,0.4411764705882353,0.2450980392156863,0.38725490196078427,0.07372793354101766,0.21287642782969884,0.14330218068535824,0,3.185877466251298,1.7492879256783687,3.62319944767089,0.8829346191062273,0,0.9262720664589823,1.0,0.0,0.0,0.15,0.4786656282450674,0.12149532710280374,0.6176064382139148,0.26433021806853585,0.6141744548286604,0.1952849690568886,0.040498442367601244,0.6240913811007269
711510,2024-11-02 14:30:00+00:00,11,2,2024,132,Bayern Munich,3,598,1. FC Union Berlin,0,Allianz Arena,0,2024-2025,0.6764705882352942,1.5294117647058822,0.7,2.2,0.3235294117647059,-0.4411764705882353,0.5,0.4,0,0,0,0.32352941176470584,0.6764705882352942,0.2450980392156863,0.5735294117647058,0.038381742738589214,0.4190871369294606,0.22873443983402492,3,3.1825726141078836,1.751387884576082,3.620419585251904,0.06081668480746405,3,0.9616182572614108,0.2074688796680498,0.7925311203319502,0.3921161825726141,0.30850622406639006,0.40162589745355626,0.13431016597510376,0.49365197849140574,0.2728734439834025,0.5928163900414937,0.3600265202001196,0.30186721991701243,0.3215767634854772
711511,2024-11-02 14:30:00+00:00,11,2,2024,125,Eintracht Frankfurt,7,121,VfL Bochum,2,Deutsche Bank Park,0,2024-2025,0.35294117647058826,0.058823529411764705,0.4,0.4,0.20588235294117646,-0.9411764705882353,0.0,-2.3,0,0,0,0.6470588235294117,0.7941176470588236,0.4901960784313726,0.6568627450980393,0.37512953367875645,0.9512953367875647,0.6632124352331605,9,3.182383419689119,1.7504891190011438,3.620005699439405,0.991111223270526,5,0.6248704663212435,0.04041450777202073,0.9595854922279793,0.9979274611398964,0.34191709844559587,0.27141657494160915,0.19948186528497408,0.6104880096513353,0.31632124352331603,0.48419689119170983,0.8223713910309443,0.8870466321243523,0.6124352331606218
711509,2024-11-02 14:30:00+00:00,11,2,2024,7884,Holstein Kiel,1,6418,1. FC Heidenheim 1846,0,Holstein-Stadion,0,2024-2025,0.0,-1.625,0.0,-1.625,0.3235294117647059,0.11764705882352941,0.4,0.4,0,0,0,1.0,0.6764705882352942,0.7708333333333334,0.48039215686274506,0.9751552795031055,0.42132505175983437,0.69824016563147,1,3.1884057971014492,1.7595660513444995,3.628297309937574,0.6722808484314975,1,0.5786749482401656,0.7515527950310559,0.24844720496894412,0.049689440993788817,0.19968944099378882,0.3115908915551097,0.20473602484472048,0.37401648946396526,0.319824016563147,0.47543995859213245,0.5490707669193458,0.7505175983436853,0.10766045548654245
711507,2024-11-02 14:30:00+00:00,11,2,2024,7911,TSG Hoffenheim,0,270,St. Pauli,2,PreZero Arena,0,2024-2025,0.29411764705882354,-0.20588235294117646,0.4,0.4,0.125,-0.75,0.125,-0.75,0,0,0,0.7058823529411764,0.875,0.5343137254901962,0.625,0.452947259565667,0.8986556359875905,0.6758014477766288,2,3.186142709410548,1.760062555443594,3.6261583482714466,0.34741559572339364,2,0.547052740434333,0.4332988624612203,0.5667011375387797,0.15511892450879008,0.26334022750775593,0.2751618509040316,0.20137021716649434,0.33487537137396484,0.3175801447776629,0.4810496380558427,0.5750262251136404,0.781799379524302,0.06928645294725956
711506,2024-11-02 14:30:00+00:00,11,2,2024,138,VfL Wolfsburg,1,3841,FC Augsburg,1,Volkswagen Arena,0,2024-2025,0.23529411764705882,-0.47058823529411764,0.2,-0.5,0.3235294117647059,-0.38235294117647056,0.3,-0.9,0,0,0,0.7647058823529411,0.6764705882352942,0.5784313725490196,0.5637254901960784,0.7407024793388429,0.6725206611570248,0.7066115702479339,2,3.184917355371901,1.7595653176045143,3.624808684773029,0.34711055131576374,0,0.3274793388429752,1.0,0.0,0.15495867768595042,0.15,0.22417871900826447,0.20599173553719008,0.3702770580049177,0.32066115702479336,0.47334710743801656,0.40597444774789937,0.42045454545454547,0.10433884297520661
711505,2024-11-02 17:30:00+00:00,11,2,2024,124,Borussia Dortmund,2,11420,RB Leipzig,1,SIGNAL IDUNA PARK,0,2024-2025,0.47058823529411764,0.5,0.5,0.2,0.5882352941176471,1.088235294117647,0.6,1.1,0,0,0,0.5294117647058824,0.4117647058823529,0.41666666666666663,0.31862745098039225,0.27450980392156865,0.13312693498452013,0.20381836945304438,3,3.1836945304437565,1.7590681151861847,3.6234615592403028,0.060877466354506415,1,0.8668730650154799,0.7512899896800825,0.24871001031991746,0.3931888544891641,0.1997420020639835,0.4268868515305747,0.13057275541795665,0.6406721531769637,0.27038183694530443,0.5990454076367389,0.19729206619461118,0.0412796697626419,0.6718266253869969
711508,2024-11-03 14:30:00+00:00,11,3,2024,126,SC Freiburg,0,2950,Mainz,0,Europa-Park Stadion,0,2024-2025,0.35294117647058826,-0.17647058823529413,0.5,0.1,0.2647058823529412,0.058823529411764705,0.4,0.4,0,0,0,0.6470588235294117,0.7352941176470589,0.5294117647058822,0.4901960784313726,0.37216494845360826,0.4515463917525773,0.41185567010309276,0,3.183505154639175,1.7581701020710525,3.623047680156938,0.8803550272294004,0,0.6278350515463917,1.0,0.0,0.0,0.15,0.35182989690721644,0.1617783505154639,0.4460051546391752,0.2911855670103093,0.5470360824742267,0.36772229649116206,0.32577319587628867,0.2154639175257732
711512,2024-11-03 16:30:00+00:00,11,3,2024,268,Borussia Mönchengladbach,4,137,Werder Bremen,1,BORUSSIA-PARK,0,2024-2025,0.2647058823529412,-0.23529411764705882,0.3,-0.6,0.35294117647058826,-0.058823529411764705,0.4,0.1,0,0,0,0.7352941176470589,0.6470588235294117,0.5392156862745099,0.5098039215686274,0.659114315139032,0.44490216271884653,0.5520082389289392,5,3.180226570545829,1.7602308746633255,3.6202842892116602,0.264490658292866,3,0.5550978372811535,0.20803295571575695,0.791967044284243,0.7816683831101957,0.3083934088568486,0.26111532061079223,0.18280123583934088,0.5620105215976128,0.30520082389289394,0.5119979402677651,0.572685294957921,0.7796086508753862,0.4819773429454171
711520,2024-11-08 19:30:00+00:00,11,8,2024,598,1. FC Union Berlin,0,126,SC Freiburg,0,Stadion An der Alten Försterei,0,2024-2025,0.3235294117647059,-0.47058823529411764,0.5,0.2,0.35294117647058826,-0.14705882352941177,0.5,0.1,0,0,0,0.6764705882352942,0.6470588235294117,0.5784313725490196,0.5245098039215685,0.411522633744856,0.4012345679012346,0.4063786008230453,0,3.182098765432099,1.76029223492472,3.6221718241632788,0.8796181207214141,0,0.5987654320987654,1.0,0.0,0.0,0.15,0.3394753086419753,0.1609567901234568,0.4292901234567901,0.2906378600823045,0.5484053497942387,0.3644407079790016,0.31893004115226337,0.18209876543209877
711519,2024-11-09 14:30:00+00:00,11,9,2024,2950,Mainz,3,124,Borussia Dortmund,1,MEWA ARENA,0,2024-2025,0.2647058823529412,0.058823529411764705,0.3,0.1,0.5,0.5294117647058824,0.6,0.6,0,0,0,0.7352941176470589,0.5,0.4901960784313726,0.4117647058823529,0.538540596094553,0.2065775950668037,0.37255909558067835,4,3.1788283658787257,1.7623415097689286,3.619413743320958,0.023048486395798484,2,0.7934224049331963,0.43268242548818087,0.5673175745118191,0.6022610483042138,0.2634635149023638,0.3658459231733685,0.15588386433710175,0.5905854434205897,0.28725590955806785,0.5568602261048303,0.37402155520363534,0.3432682425488181,0.5488180883864338
711521,2024-11-09 14:30:00+00:00,11,9,2024,270,St. Pauli,0,132,Bayern Munich,1,Millerntor-Stadion,0,2024-2025,0.2222222222222222,-0.4444444444444444,0.2222222222222222,-0.4444444444444444,0.6764705882352942,1.3823529411764706,0.7,2.3,0,0,0,0.7777777777777778,0.32352941176470584,0.5740740740740742,0.26960784313725483,0.7340862422997947,0.039014373716632446,0.38655030800821355,1,3.179671457905544,1.7616321658729315,3.620079499373777,0.6691314142783622,1,0.9609856262833676,0.7505133470225873,0.24948665297741268,0.0513347022587269,0.19989733059548254,0.46445384936479894,0.15798254620123203,0.557907706699205,0.28865503080082133,0.5533624229979466,0.39162907712054357,0.39117043121149897,0.4702258726899384
711517,2024-11-09 14:30:00+00:00,11,9,2024,121,VfL Bochum,1,131,Bayer Leverkusen,1,Vonovia Ruhrstadion,0,2024-2025,0.20588235294117646,-1.088235294117647,0.0,-2.3,0.7058823529411765,1.5,0.5,0.6,0,0,0,0.7941176470588236,0.2941176470588235,0.6813725490196079,0.25,0.961025641025641,0.1282051282051282,0.5446153846153846,2,3.1774358974358976,1.7621108042315947,3.6179635984937963,0.34396570413940364,0,0.8717948717948718,1.0,0.0,0.15692307692307692,0.15,0.4555128205128205,0.1816923076923077,0.6481861932938856,0.30446153846153845,0.5138461538461538,0.34234444326215696,0.2605128205128205,0.68
711515,2024-11-09 14:30:00+00:00,11,9,2024,137,Werder Bremen,2,7884,Holstein Kiel,1,Weserstadion,0,2024-2025,0.3235294117647059,-0.20588235294117646,0.4,-0.2,0.1111111111111111,-1.3333333333333333,0.1111111111111111,-1.3333333333333333,0,0,0,0.6764705882352942,0.8888888888888888,0.5343137254901962,0.7222222222222222,0.5051229508196722,0.9395491803278688,0.7223360655737705,3,3.1762295081967213,1.7616101389441798,3.6166320429327663,0.05942473732386633,1,0.4948770491803278,0.75,0.25,0.3944672131147541,0.2,0.27795081967213114,0.20835040983606556,0.51336980986294,0.32223360655737704,0.4694159836065574,0.4320156647309746,0.49077868852459017,0.36885245901639346
711516,2024-11-09 17:30:00+00:00,11,9,2024,11420,RB Leipzig,0,268,Borussia Mönchengladbach,0,Red Bull Arena,0,2024-2025,0.5588235294117647,0.8823529411764706,0.6,1.0,0.2647058823529412,-0.17647058823529413,0.4,-0.3,0,0,0,0.4411764705882353,0.7352941176470589,0.3529411764705882,0.5294117647058822,0.14943705220061412,0.5557830092118731,0.3526100307062436,0,3.1760491299897646,1.7607164704707698,3.616228247607457,0.8786561984216815,0,0.8505629477993859,1.0,0.0,0.0,0.15,0.446489252814739,0.15289150460593653,0.5740736949846469,0.28526100307062435,0.5618474923234391,0.33245212972841703,0.23541453428863868,0.5117707267144319
711518,2024-11-10 14:30:00+00:00,11,10,2024,3841,FC Augsburg,0,7911,TSG Hoffenheim,0,WWK Arena,0,2024-2025,0.29411764705882354,-0.4117647058823529,0.3,-0.8,0.2647058823529412,-0.29411764705882354,0.3,-0.4,0,0,0,0.7058823529411764,0.7352941176470589,0.5686274509803921,0.5490196078431373,0.6768916155419223,0.6421267893660532,0.6595092024539877,0,3.17280163599182,1.762743199106231,3.6134874357683775,0.8776771842470136,0,0.35787321063394684,1.0,0.0,0.0,0.15,0.2370961145194274,0.19892638036809818,0.2907770961145194,0.3159509202453988,0.48512269938650304,0.4945360299586411,0.6492842535787321,0.04396728016359918
711514,2024-11-10 16:30:00+00:00,11,10,2024,134,VfB Stuttgart,2,125,Eintracht Frankfurt,3,MHPArena,0,2024-2025,0.5588235294117647,0.7058823529411765,0.4,0.5,0.38235294117647056,0.20588235294117646,0.5,0.9,0,0,0,0.4411764705882353,0.6176470588235294,0.38235294117647056,0.46568627450980393,0.24719101123595505,0.2900919305413687,0.26864147088866186,5,3.1695607763023492,1.76475749886186,3.610750151017814,0.2664478064106185,1,0.752808988764045,0.7487231869254342,0.25127681307456584,0.7824310520939735,0.20025536261491317,0.3810019396081762,0.14029622063329927,0.7636563130511723,0.2768641470888662,0.5828396322778345,0.2635260568778652,0.10725229826353422,0.8079673135852911
711513,2024-11-10 18:30:00+00:00,11,10,2024,6418,1. FC Heidenheim 1846,1,138,VfL Wolfsburg,3,Voith-Arena,0,2024-2025,0.3235294117647059,0.11764705882352941,0.4,0.3,0.23529411764705882,-0.4411764705882353,0.2,-0.3,0,0,0,0.6764705882352942,0.7647058823529411,0.48039215686274506,0.5735294117647058,0.39693877551020407,0.7438775510204082,0.5704081632653062,4,3.1714285714285713,1.7648248472789103,3.612634783248299,0.023800594014951604,2,0.6030612244897959,0.4306122448979592,0.5693877551020408,0.6030612244897959,0.26387755102040816,0.2955756976259892,0.18556122448979595,0.5520894970420488,0.30704081632653063,0.5073979591836735,0.4686656864443842,0.5826530612244898,0.4530612244897959
711526,2024-11-22 19:30:00+00:00,11,22,2024,132,Bayern Munich,3,3841,FC Augsburg,0,Allianz Arena,0,2024-2025,0.6764705882352942,1.2941176470588236,0.8,2.6,0.29411764705882354,-0.4117647058823529,0.3,-0.7,0,0,0,0.32352941176470584,0.7058823529411764,0.28431372549019607,0.5686274509803921,0.022426095820591234,0.6748216106014271,0.34862385321100914,3,3.1722731906218145,1.7641225577493507,3.6133038300591522,0.05864181265846258,3,0.9775739041794088,0.2069317023445464,0.7930682976554536,0.3944954128440367,0.30861365953109077,0.40707925612114376,0.15229357798165138,0.4980881041034592,0.2848623853211009,0.5628440366972476,0.43106695529199746,0.49031600407747195,0.3384301732925586
711522,2024-11-23 14:30:00+00:00,11,23,2024,131,Bayer Leverkusen,5,6418,1. FC Heidenheim 1846,2,BayArena,0,2024-2025,0.6764705882352942,1.4705882352941178,0.4,0.5,0.29411764705882354,0.0,0.3,-0.2,0,0,0,0.32352941176470584,0.7058823529411764,0.2549019607843137,0.5,0.1659877800407332,0.5723014256619144,0.36914460285132383,7,3.172097759674134,1.7632317535516975,3.6129056980620584,0.8419809987662178,3,0.8340122199592668,0.20773930753564154,0.7922606924643585,0.9562118126272913,0.3084521384928717,0.35753446974253467,0.15537169042769858,0.6509143667210717,0.2869144602851324,0.5577138492871689,0.564008117469641,0.7718940936863544,0.6873727087576375
711523,2024-11-23 14:30:00+00:00,11,23,2024,124,Borussia Dortmund,4,126,SC Freiburg,0,SIGNAL IDUNA PARK,0,2024-2025,0.5,0.5882352941176471,0.5,0.0,0.35294117647058826,-0.14705882352941177,0.5,0.2,0,0,0,0.5,0.6470588235294117,0.4019607843137255,0.5245098039215685,0.2736520854526958,0.3886063072227874,0.3311291963377416,4,3.1759918616480163,1.766557806769636,3.6176313133404254,0.023152729592149757,4,0.7263479145473042,0.09053916581892167,0.9094608341810784,0.602238046795524,0.3318921668362157,0.3094501489719949,0.14966937945066125,0.48508384478240574,0.28311291963377416,0.5672177009155646,0.44876770818093126,0.5381485249237029,0.3021363173957274
711528,2024-11-23 14:30:00+00:00,11,23,2024,7911,TSG Hoffenheim,4,11420,RB Leipzig,3,PreZero Arena,0,2024-2025,0.2647058823529412,-0.2647058823529412,0.2,-0.6,0.5588235294117647,0.9411764705882353,0.6,1.0,0,0,0,0.7352941176470589,0.4411764705882353,0.5441176470588236,0.3431372549019608,0.7195121951219512,0.15447154471544716,0.4369918699186992,7,3.176829268292683,1.765854415920782,3.618292872272878,0.840181506658988,1,0.8455284552845528,0.75,0.25,0.9552845528455285,0.2,0.41821138211382114,0.1655487804878049,0.8474809967611872,0.2936991869918699,0.5407520325203252,0.4488200624171636,0.5386178861788617,0.8689024390243902
711529,2024-11-23 14:30:00+00:00,11,23,2024,134,VfB Stuttgart,2,121,VfL Bochum,0,MHPArena,0,2024-2025,0.5588235294117647,0.7352941176470589,0.3,0.0,0.17647058823529413,-1.1176470588235294,0.0,-2.0,0,0,0,0.4411764705882353,0.8235294117647058,0.37745098039215685,0.6862745098039216,0.3177664974619289,0.9522842639593908,0.6350253807106598,2,3.180710659898477,1.7691557580030286,3.6229995993992343,0.34347794456631775,2,0.682233502538071,0.43248730964467,0.56751269035533,0.15736040609137056,0.263502538071066,0.3248813677239815,0.19525380710659898,0.38504940389435544,0.313502538071066,0.491243654822335,0.5569342340729071,0.7604060913705584,0.12385786802030457
711530,2024-11-23 14:30:00+00:00,11,23,2024,138,VfL Wolfsburg,1,598,1. FC Union Berlin,0,Volkswagen Arena,0,2024-2025,0.2647058823529412,-0.38235294117647056,0.3,0.1,0.3235294117647059,-0.38235294117647056,0.4,0.1,0,0,0,0.7352941176470589,0.6764705882352942,0.5637254901960784,0.5637254901960784,0.5892494929006086,0.48884381338742394,0.5390466531440162,1,3.1795131845841786,1.7686572285809854,3.621677491729425,0.6666639143198794,1,0.511156186612576,0.7505070993914807,0.24949290060851925,0.05273833671399594,0.19989858012170386,0.2844985373319783,0.18085699797160243,0.34288960638885513,0.30390466531440163,0.515238336713996,0.4741303916348115,0.5973630831643002,0.07403651115618662
711525,2024-11-23 17:30:00+00:00,11,23,2024,125,Eintracht Frankfurt,1,137,Werder Bremen,0,Deutsche Bank Park,0,2024-2025,0.38235294117647056,0.14705882352941177,0.6,1.0,0.35294117647058826,-0.17647058823529413,0.4,-0.4,0,0,0,0.6176470588235294,0.6470588235294117,0.47549019607843135,0.5294117647058822,0.23505572441742653,0.5035460992907801,0.3693009118541033,1,3.1773049645390072,1.7691208756391923,3.6195851834488053,0.66588710649782,1,0.7649442755825735,0.7507598784194529,0.2492401215805471,0.05268490374873354,0.19984802431610943,0.38605103426612836,0.1553951367781155,0.4645210979772922,0.28693009118541035,0.5576747720364742,0.3809399106362806,0.36271529888551163,0.25430597771023306
711527,2024-11-24 14:30:00+00:00,11,24,2024,7884,Holstein Kiel,0,2950,Mainz,3,Holstein-Stadion,0,2024-2025,0.1,-1.3,0.1,-1.3,0.2647058823529412,0.058823529411764705,0.3,0.1,0,0,0,0.9,0.7352941176470589,0.7166666666666667,0.4901960784313726,0.9412955465587044,0.5475708502024291,0.7444331983805668,3,3.175101214574899,1.7695807120709337,3.6174963925926322,0.05906694892153741,3,0.4524291497975709,0.20850202429149797,0.791497975708502,0.39473684210526316,0.3082995951417004,0.22564275352816798,0.21166497975708504,0.3705008201152773,0.3244433198380567,0.4638917004048582,0.6146350176663462,0.8340080971659919,0.10526315789473684
711524,2024-11-24 16:30:00+00:00,11,24,2024,268,Borussia Mönchengladbach,2,270,St. Pauli,0,BORUSSIA-PARK,0,2024-2025,0.2647058823529412,-0.17647058823529413,0.4,0.1,0.2,-0.5,0.2,-0.5,0,0,0,0.7352941176470589,0.8,0.5294117647058822,0.5833333333333333,0.5096056622851365,0.7896865520728008,0.6496461071789686,2,3.1749241658240646,1.7686937125168942,3.617097593953288,0.34161300908418846,2,0.4903943377148635,0.4327603640040445,0.5672396359959555,0.15874620829120323,0.2634479271991911,0.25425569024691225,0.19744691607684528,0.31578787884554893,0.3149646107178969,0.48758847320525783,0.5628707997937646,0.7704752275025278,0.05864509605662285
711539,2024-11-29 19:30:00+00:00,11,29,2024,270,St. Pauli,3,7884,Holstein Kiel,1,Millerntor-Stadion,0,2024-2025,0.18181818181818182,-0.6363636363636364,0.2,-0.5,0.09090909090909091,-1.4545454545454546,0.1,-1.5,0,0,0,0.8181818181818181,0.9090909090909091,0.606060606060606,0.7424242424242424,0.795959595959596,0.9454545454545454,0.8707070707070708,4,3.1737373737373735,1.7681936455510194,3.6157857851251283,0.023331405781368608,2,0.20404040404040402,0.43333333333333335,0.5666666666666667,0.603030303030303,0.2633333333333333,0.14882154882154883,0.23060606060606062,0.4727083971023365,0.3370707070707071,0.43232323232323233,0.572813992797151,0.7828282828282829,0.2787878787878788
711535,2024-11-30 14:30:00+00:00,11,30,2024,598,1. FC Union Berlin,1,131,Bayer Leverkusen,2,Stadion An der Alten Försterei,0,2024-2025,0.3235294117647059,-0.29411764705882354,0.4,0.0,0.6764705882352942,1.4411764705882353,0.4,0.7,0,0,0,0.6764705882352942,0.32352941176470584,0.5490196078431373,0.2598039215686274,0.49244712990936557,0.1661631419939577,0.32930513595166166,3,3.175226586102719,1.769337450610022,3.6175609487552247,0.059094684174727075,1,0.8338368580060422,0.7522658610271903,0.24773413897280971,0.3947633434038268,0.19954682779456195,0.4137689962669197,0.14939577039274926,0.630302528291224,0.2829305135951662,0.5676737160120845,0.26585791327057734,0.1107754279959718,0.6616314199395771
711532,2024-11-30 14:30:00+00:00,11,30,2024,137,Werder Bremen,2,134,VfB Stuttgart,2,Weserstadion,0,2024-2025,0.35294117647058826,-0.20588235294117646,0.4,-0.5,0.5588235294117647,0.7647058823529411,0.4,0.4,0,0,0,0.6470588235294117,0.4411764705882353,0.5343137254901962,0.37254901960784315,0.5185929648241207,0.2592964824120603,0.3889447236180905,4,3.1758793969849246,1.767758731024774,3.617819079741118,0.02309921066131726,0,0.7407035175879397,1.0,0.0,0.6020100502512563,0.15,0.39979899497487437,0.15834170854271357,0.7819300522714072,0.28889447236180904,0.5527638190954773,0.21865213932627164,0.05829145728643216,0.8221105527638191
711534,2024-11-30 14:30:00+00:00,11,30,2024,11420,RB Leipzig,1,138,VfL Wolfsburg,5,Red Bull Arena,0,2024-2025,0.5294117647058824,0.8529411764705882,0.5,0.8,0.29411764705882354,-0.23529411764705882,0.4,0.3,0,0,0,0.47058823529411764,0.7058823529411764,0.3578431372549019,0.5392156862745099,0.19374369323915236,0.4682139253279516,0.33097880928355194,6,3.174571140262361,1.767495286732277,3.6164449619454304,0.5971910881448028,4,0.8062563067608477,0.09081735620585267,0.9091826437941474,0.893037336024218,0.3318365287588295,0.33617185344182404,0.1496468213925328,0.5945564430277402,0.2830978809283552,0.567255297679112,0.5345049109253996,0.7214934409687185,0.562058526740666
711536,2024-11-30 14:30:00+00:00,11,30,2024,3841,FC Augsburg,1,121,VfL Bochum,0,WWK Arena,0,2024-2025,0.29411764705882354,-0.5,0.3,-1.0,0.17647058823529413,-1.1764705882352942,0.0,-2.1,0,0,0,0.7058823529411764,0.8235294117647058,0.5833333333333333,0.696078431372549,0.7076612903225806,0.9536290322580645,0.8306451612903225,1,3.1774193548387095,1.7688794772378706,3.619639224148177,0.6660021823570541,1,0.2923387096774194,0.7520161290322581,0.24798387096774188,0.05241935483870968,0.19959677419354838,0.19703474570759627,0.22459677419354837,0.2381513566321939,0.33306451612903226,0.44233870967741934,0.5996030785998862,0.8195564516129032,0.014112903225806451
711533,2024-11-30 14:30:00+00:00,11,30,2024,126,SC Freiburg,3,268,Borussia Mönchengladbach,1,Europa-Park Stadion,0,2024-2025,0.35294117647058826,-0.20588235294117646,0.4,-0.4,0.2647058823529412,-0.23529411764705882,0.5,0.4,0,0,0,0.6470588235294117,0.7352941176470589,0.5343137254901962,0.5392156862745099,0.5090543259557344,0.4275653923541248,0.4683098591549296,4,3.1750503018108653,1.7684550546870115,3.6171640654826183,0.023159496167339144,2,0.5724346076458753,0.4336016096579477,0.5663983903420523,0.60261569416499,0.26327967806841046,0.28453413640798514,0.17024647887323946,0.5465793508464851,0.29683098591549295,0.5329225352112676,0.4216402927064241,0.45875251509054327,0.44567404426559354
711537,2024-11-30 17:30:00+00:00,11,30,2024,124,Borussia Dortmund,1,132,Bayern Munich,1,SIGNAL IDUNA PARK,0,2024-2025,0.5294117647058824,0.7352941176470589,0.5,0.2,0.6764705882352942,1.3235294117647058,0.8,2.8,0,0,0,0.47058823529411764,0.32352941176470584,0.37745098039215685,0.27941176470588236,0.2319277108433735,0.019076305220883535,0.12550200803212852,2,3.176706827309237,1.7670631452185055,3.6184726136138634,0.3425894049738658,0,0.9809236947791165,1.0,0.0,0.15863453815261044,0.15,0.5018925702811244,0.11882530120481928,0.704252985838938,0.26255020080321284,0.618624497991968,0.11834690595145886,0.012048192771084338,0.7690763052208835
711538,2024-12-01 14:30:00+00:00,12,1,2024,2950,Mainz,2,7911,TSG Hoffenheim,0,MEWA ARENA,0,2024-2025,0.29411764705882354,0.14705882352941177,0.4,0.4,0.29411764705882354,-0.23529411764705882,0.2,-0.6,0,0,0,0.7058823529411764,0.7058823529411764,0.47549019607843135,0.5392156862745099,0.4062186559679037,0.7111334002006018,0.5586760280842528,2,3.1755265797392176,1.766568966158528,3.6171688212788498,0.3422992991936914,2,0.5937813440320963,0.43329989969909727,0.5667001003009027,0.1584754262788365,0.26334002006018054,0.2923734744856435,0.1838014042126379,0.35346028155986425,0.3058676028084253,0.5103309929789368,0.5213599852088987,0.695085255767302,0.08826479438314945
711531,2024-12-01 16:30:00+00:00,12,1,2024,6418,1. FC Heidenheim 1846,0,125,Eintracht Frankfurt,4,Voith-Arena,0,2024-2025,0.29411764705882354,-0.029411764705882353,0.2,-0.7,0.4117647058823529,0.17647058823529413,0.7,1.3,0,0,0,0.7058823529411764,0.5882352941176471,0.5049019607843137,0.47058823529411764,0.6923847695390781,0.18537074148296592,0.43887775551102204,4,3.1743486973947896,1.7660748534013933,3.615867410745138,0.023376942568443915,4,0.814629258517034,0.09118236472945891,0.908817635270541,0.6022044088176353,0.3317635270541082,0.3390061385295641,0.1658316633266533,0.4994396163180293,0.29388777555110224,0.5402805611222444,0.5080841504924551,0.6733466933867736,0.3456913827655311
711545,2024-12-06 19:30:00+00:00,12,6,2024,134,VfB Stuttgart,3,598,1. FC Union Berlin,2,MHPArena,0,2024-2025,0.5294117647058824,0.7352941176470589,0.4,0.4,0.3235294117647059,-0.3235294117647059,0.3,-0.2,0,0,0,0.47058823529411764,0.6764705882352942,0.37745098039215685,0.553921568627451,0.26226226226226224,0.5905905905905906,0.4264264264264264,5,3.175175175175175,1.7653831027125602,3.616520950853315,0.26440081895357737,1,0.7377377377377378,0.7517517517517518,0.2482482482482482,0.7827827827827828,0.19964964964964965,0.3752593634675717,0.16396396396396395,0.7621448703686398,0.2926426426426426,0.5433933933933934,0.3477175326381951,0.27427427427427425,0.8078078078078078
711540,2024-12-07 14:30:00+00:00,12,7,2024,131,Bayer Leverkusen,2,270,St. Pauli,1,BayArena,0,2024-2025,0.6764705882352942,1.3823529411764706,0.5,0.9,0.25,-0.4166666666666667,0.3,-0.2,0,0,0,0.32352941176470584,0.75,0.26960784313725483,0.5694444444444444,0.126,0.645,0.3855,3,3.177,1.7654426605777325,3.6183606651444333,0.05949694580378828,1,0.874,0.752,0.248,0.394,0.1996,0.42981480000000005,0.157825,0.6436816984,0.28855,0.553625,0.29437294297148286,0.159,0.677
711542,2024-12-07 14:30:00+00:00,12,7,2024,132,Bayern Munich,4,6418,1. FC Heidenheim 1846,2,Allianz Arena,0,2024-2025,0.6470588235294118,1.2941176470588236,0.7,2.6,0.29411764705882354,-0.14705882352941177,0.1,-1.5,0,0,0,0.3529411764705882,0.7058823529411764,0.28431372549019607,0.5245098039215685,0.03896103896103896,0.8491508491508492,0.44405594405594406,6,3.1768231768231767,1.7645685868512715,3.6179653235359948,0.5979377350210886,2,0.961038961038961,0.43356643356643354,0.5664335664335665,0.8931068931068931,0.26328671328671327,0.42767641449459637,0.1666083916083916,0.7144578879480341,0.29440559440559444,0.538986013986014,0.5057225984044929,0.6703296703296703,0.7782217782217782
711541,2024-12-07 14:30:00+00:00,12,7,2024,125,Eintracht Frankfurt,2,3841,FC Augsburg,2,Deutsche Bank Park,0,2024-2025,0.4411764705882353,0.3235294117647059,0.7,1.5,0.3235294117647059,-0.47058823529411764,0.4,-0.5,0,0,0,0.5588235294117647,0.6764705882352942,0.446078431372549,0.5784313725490196,0.15469061876247506,0.5718562874251497,0.36327345309381237,4,3.179640718562874,1.7659405778604624,3.6211258630279897,0.022752007959805365,0,0.845309381237525,1.0,0.0,0.6007984031936128,0.15,0.44425648702594805,0.15449101796407186,0.814822948912554,0.28632734530938125,0.559181636726547,0.2066508249507395,0.05289421157684631,0.8542914171656687
711543,2024-12-07 14:30:00+00:00,12,7,2024,7884,Holstein Kiel,0,11420,RB Leipzig,2,Holstein-Stadion,0,2024-2025,0.08333333333333333,-1.5,0.1,-1.5,0.5294117647058824,0.7647058823529411,0.4,0.3,0,0,0,0.9166666666666666,0.47058823529411764,0.75,0.37254901960784315,0.9521435692921236,0.27716849451645065,0.6146560319042871,2,3.180458624127617,1.7652492117188294,3.6217709270573244,0.34428158576485723,2,0.7228315054835494,0.4336989032901296,0.5663010967098704,0.1575274177467597,0.2632602193419741,0.33994334046713304,0.19219840478564307,0.4002321532166452,0.3114656031904287,0.4963359920239282,0.5476295956039239,0.7507477567298105,0.1415752741774676
711546,2024-12-07 14:30:00+00:00,12,7,2024,121,VfL Bochum,0,137,Werder Bremen,1,Vonovia Ruhrstadion,0,2024-2025,0.17647058823529413,-1.2058823529411764,0.0,-2.0,0.35294117647058826,-0.11764705882352941,0.4,-0.5,0,0,0,0.8235294117647058,0.6470588235294117,0.7009803921568627,0.5196078431372548,0.9611553784860558,0.5119521912350598,0.7365537848605578,1,3.1792828685258963,1.7647622859432575,3.6204734400117107,0.6679419340643199,1,0.48804780876494025,0.75199203187251,0.24800796812749004,0.05179282868525897,0.199601593625498,0.2753561848224631,0.21048306772908365,0.33167419914159335,0.3236553784860558,0.46586155378486055,0.5639916707998751,0.7729083665338645,0.06872509960159362
711547,2024-12-07 17:30:00+00:00,12,7,2024,268,Borussia Mönchengladbach,1,124,Borussia Dortmund,1,BORUSSIA-PARK,0,2024-2025,0.2647058823529412,-0.23529411764705882,0.4,0.0,0.5,0.6764705882352942,0.5,0.2,0,0,0,0.7352941176470589,0.5,0.5392156862745099,0.38725490196078427,0.5233830845771145,0.26169154228855723,0.3925373134328358,2,3.1771144278606966,1.7652222504452304,3.6184199904720042,0.34314663906089227,0,0.7383084577114427,1.0,0.0,0.1582089552238806,0.15,0.3987810945273631,0.15888059701492538,0.5809142347961683,0.2892537313432836,0.551865671641791,0.2711472109997359,0.12139303482587065,0.5263681592039801
711548,2024-12-08 14:30:00+00:00,12,8,2024,138,VfL Wolfsburg,4,2950,Mainz,3,Volkswagen Arena,0,2024-2025,0.29411764705882354,-0.14705882352941177,0.4,0.5,0.3235294117647059,0.20588235294117646,0.5,0.6,0,0,0,0.7058823529411764,0.6764705882352942,0.5245098039215685,0.46568627450980393,0.43538767395626243,0.33697813121272363,0.38618290258449306,7,3.175944333996024,1.7647340935049693,3.6171278573722665,0.8407549017396472,1,0.6630218687872764,0.7514910536779325,0.24850894632206755,0.9552683896620279,0.1997017892644135,0.3453374287080697,0.15792743538767395,0.8265342952993123,0.2886182902584493,0.5534542743538767,0.4182370707405366,0.4532803180914513,0.8598409542743539
711544,2024-12-08 16:30:00+00:00,12,8,2024,7911,TSG Hoffenheim,1,126,SC Freiburg,1,PreZero Arena,0,2024-2025,0.29411764705882354,-0.29411764705882354,0.2,-0.6,0.38235294117647056,-0.14705882352941177,0.5,0.0,0,0,0,0.7058823529411764,0.6176470588235294,0.5490196078431373,0.5245098039215685,0.7070506454816285,0.38927507447864945,0.548162859980139,2,3.17974180734856,1.7679684550695975,3.6217339211159594,0.34341783050108154,0,0.6107249255213505,1.0,0.0,0.15789473684210525,0.15,0.34455809334657395,0.18222442899702085,0.5159734490147911,0.3048162859980139,0.5129592850049652,0.3437643467921443,0.26514399205561073,0.37636544190665344
711557,2024-12-13 19:30:00+00:00,12,13,2024,126,SC Freiburg,3,138,VfL Wolfsburg,2,Europa-Park Stadion,0,2024-2025,0.35294117647058826,-0.17647058823529413,0.4,-0.1,0.3235294117647059,-0.058823529411764705,0.5,0.7,0,0,0,0.6470588235294117,0.6764705882352942,0.5294117647058822,0.5098039215686274,0.47023809523809523,0.3531746031746032,0.4117063492063492,5,3.1785714285714284,1.7674810376150678,3.6204416879751955,0.26258725316498155,1,0.6468253968253967,0.7509920634920635,0.2490079365079365,0.7817460317460317,0.1998015873015873,0.33881416918619295,0.1617559523809524,0.7443687945260041,0.29117063492063494,0.5470734126984127,0.34021244768201475,0.25496031746031744,0.7966269841269841
711556,2024-12-14 14:30:00+00:00,12,14,2024,598,1. FC Union Berlin,0,121,VfL Bochum,2,Stadion An der Alten Försterei,0,2024-2025,0.29411764705882354,-0.4117647058823529,0.3,-0.3,0.14705882352941177,-1.2941176470588236,0.0,-2.0,0,0,0,0.7058823529411764,0.8529411764705882,0.5686274509803921,0.7156862745098039,0.624380574826561,0.9573835480673935,0.7908820614469771,2,3.180376610505451,1.7675344501952397,3.622260223054261,0.34373283007217903,2,0.37561942517343905,0.4321110009910803,0.5678889990089198,0.15758176412289396,0.263577799801784,0.21194946178152815,0.21863230921704657,0.2732379750940295,0.3290882061446977,0.45227948463825574,0.6197364055264247,0.8414271555996036,0.03270564915758176
711552,2024-12-14 14:30:00+00:00,12,14,2024,268,Borussia Mönchengladbach,4,7884,Holstein Kiel,1,BORUSSIA-PARK,0,2024-2025,0.23529411764705882,-0.2647058823529412,0.4,0.2,0.07692307692307693,-1.5384615384615385,0.1,-1.2,0,0,0,0.7647058823529411,0.9230769230769231,0.5441176470588236,0.7564102564102564,0.5237623762376238,0.9415841584158415,0.7326732673267327,5,3.1792079207920794,1.767048730340521,3.6209701033772097,0.26252504517518915,3,0.4762376237623762,0.20693069306930692,0.7930693069306931,0.7811881188118812,0.30861386138613867,0.23377065973924122,0.20990099009900992,0.552831631727039,0.3232673267326733,0.46683168316831686,0.6535127562718475,0.8594059405940594,0.45643564356435645
711553,2024-12-14 14:30:00+00:00,12,14,2024,3841,FC Augsburg,0,131,Bayer Leverkusen,2,WWK Arena,0,2024-2025,0.29411764705882354,-0.5,0.3,-0.7,0.7058823529411765,1.411764705882353,0.5,0.7,0,0,0,0.7058823529411764,0.2941176470588235,0.5833333333333333,0.2647058823529411,0.6785361028684471,0.12265084075173097,0.40059347181008903,2,3.1810089020771515,1.7671018312759705,3.6227843598961442,0.3440468407643179,2,0.8773491592482691,0.4332344213649852,0.5667655786350148,0.1572700296735905,0.26335311572700293,0.3968129507171852,0.16008902077151335,0.45641135657700577,0.2900593471810089,0.5498516320474778,0.4397407498433743,0.5054401582591493,0.23639960435212662
711550,2024-12-14 14:30:00+00:00,12,14,2024,2950,Mainz,2,132,Bayern Munich,1,MEWA ARENA,0,2024-2025,0.3235294117647059,0.20588235294117646,0.5,0.6,0.6764705882352942,1.4705882352941178,0.7,2.3,0,0,0,0.6764705882352942,0.32352941176470584,0.46568627450980393,0.2549019607843137,0.3300395256916996,0.037549407114624504,0.18379446640316205,3,3.1798418972332017,1.7666178001295227,3.621496347265582,0.06000588169411225,1,0.9624505928853755,0.7519762845849802,0.24802371541501977,0.3952569169960474,0.19960474308300397,0.46520997047290225,0.12756916996047432,0.6744208714134012,0.2683794466403162,0.6040513833992095,0.18524066970917216,0.03458498023715415,0.7213438735177866
711554,2024-12-14 17:30:00+00:00,12,14,2024,270,St. Pauli,0,137,Werder Bremen,2,Millerntor-Stadion,0,2024-2025,0.23076923076923078,-0.46153846153846156,0.3,-0.1,0.38235294117647056,-0.029411764705882353,0.4,-0.5,0,0,0,0.7692307692307692,0.6176470588235294,0.5769230769230769,0.5049019607843137,0.6475814412635735,0.47581441263573543,0.5616979269496545,2,3.1796643632773938,1.765753790453667,3.6211028108908105,0.3438955106141627,2,0.5241855873642646,0.43336623889437315,0.5666337611056269,0.15695952615992104,0.2633267522211254,0.2667440743191424,0.18425468904244818,0.3273898249117656,0.30616979269496547,0.5095755182625864,0.5230780137753754,0.6999012833168805,0.06416584402764067
711549,2024-12-15 14:30:00+00:00,12,15,2024,6418,1. FC Heidenheim 1846,1,134,VfB Stuttgart,3,Voith-Arena,0,2024-2025,0.29411764705882354,-0.17647058823529413,0.1,-1.5,0.5294117647058824,0.7058823529411765,0.4,0.3,0,0,0,0.7058823529411764,0.47058823529411764,0.5294117647058822,0.38235294117647056,0.8422090729783037,0.28007889546351084,0.5611439842209073,4,3.178500986193294,1.7652707919475887,3.619818684180191,0.02292464580161868,2,0.7199211045364892,0.4339250493096647,0.5660749506903353,0.6015779092702169,0.26321499013806704,0.33889204003905876,0.1841715976331361,0.5759113925147219,0.30611439842209076,0.5097140039447732,0.4635287086216059,0.5670611439842209,0.5177514792899408
711551,2024-12-15 16:30:00+00:00,12,15,2024,124,Borussia Dortmund,1,7911,TSG Hoffenheim,1,SIGNAL IDUNA PARK,0,2024-2025,0.5,0.6764705882352942,0.4,0.0,0.29411764705882354,-0.2647058823529412,0.2,-0.3,0,0,0,0.5,0.7058823529411764,0.38725490196078427,0.5441176470588236,0.2995073891625616,0.6866995073891625,0.49310344827586206,2,3.179310344827586,1.7645885354521287,3.6204574786906183,0.344040408019455,0,0.7004926108374384,1.0,0.0,0.1566502463054187,0.15,0.38270935960591135,0.17396551724137932,0.560984445145478,0.2993103448275862,0.5267241379310345,0.3195806562369635,0.20886699507389161,0.4827586206896552
711555,2024-12-15 18:30:00+00:00,12,15,2024,11420,RB Leipzig,2,125,Eintracht Frankfurt,1,Red Bull Arena,0,2024-2025,0.5294117647058824,0.7941176470588235,0.5,0.5,0.4411764705882353,0.35294117647058826,0.6,1.4,0,0,0,0.47058823529411764,0.5588235294117647,0.36764705882352944,0.4411764705882353,0.21358267716535434,0.19291338582677164,0.203248031496063,3,3.1781496062992125,1.7641070868995175,3.619176378024092,0.05973683885568026,1,0.8070866141732284,0.7519685039370079,0.24803149606299213,0.3956692913385827,0.19960629921259843,0.40303289106578216,0.13048720472440944,0.6213910823195662,0.2703248031496063,0.5991879921259843,0.19662773836516573,0.04133858267716536,0.6348425196850394
711565,2024-12-20 19:30:00+00:00,12,20,2024,132,Bayern Munich,5,11420,RB Leipzig,1,Allianz Arena,0,2024-2025,0.6470588235294118,1.3529411764705883,0.6,1.7,0.5294117647058824,0.7941176470588235,0.6,0.6,0,0,0,0.3529411764705882,0.47058823529411764,0.27450980392156854,0.36764705882352944,0.07964601769911504,0.18289085545722714,0.13126843657817108,6,3.1779744346116026,1.7632475594875148,3.618786324483481,0.598233891833791,4,0.9203539823008849,0.09046214355948869,0.9095378564405113,0.8928220255653884,0.3319075712881023,0.37425000652622237,0.11969026548672566,0.6016768993811892,0.26312684365781713,0.6171828908554572,0.391943231854624,0.3913470993117011,0.5850540806293019
711563,2024-12-21 14:30:00+00:00,12,21,2024,137,Werder Bremen,4,598,1. FC Union Berlin,1,Weserstadion,0,2024-2025,0.38235294117647056,-0.029411764705882353,0.5,0.2,0.29411764705882354,-0.38235294117647056,0.2,-0.6,0,0,0,0.6176470588235294,0.7058823529411764,0.5049019607843137,0.5637254901960784,0.3512720156555773,0.7377690802348337,0.5445205479452055,5,3.1819960861056753,1.7648623755652837,3.623211679996996,0.2623504881028462,3,0.6487279843444227,0.20743639921722112,0.7925636007827789,0.7808219178082192,0.3085127201565558,0.29344230261066706,0.18167808219178083,0.5718136922201703,0.30445205479452053,0.5138698630136986,0.5687736497350107,0.7788649706457925,0.5068493150684932
711566,2024-12-21 14:30:00+00:00,12,21,2024,7884,Holstein Kiel,5,3841,FC Augsburg,1,Holstein-Stadion,0,2024-2025,0.07142857142857142,-1.6428571428571428,0.1,-1.5,0.29411764705882354,-0.5,0.3,-0.8,0,0,0,0.9285714285714286,0.7058823529411764,0.7738095238095238,0.5833333333333333,0.960822722820764,0.703232125367287,0.8320274240940255,6,3.179236043095005,1.7635191544053386,3.6201158316963395,0.5977118502204533,4,0.29676787463271304,0.0910871694417238,0.9089128305582762,0.8922624877571009,0.33178256611165524,0.16597447721261924,0.22480411361410382,0.5617131022959756,0.33320274240940256,0.44199314397649364,0.8049707474885469,0.8903036238981391,0.4838393731635651
711564,2024-12-21 14:30:00+00:00,12,21,2024,125,Eintracht Frankfurt,1,2950,Mainz,3,Deutsche Bank Park,0,2024-2025,0.4117647058823529,0.20588235294117646,0.5,1.1,0.35294117647058826,0.23529411764705882,0.5,0.6,0,0,0,0.5882352941176471,0.6470588235294117,0.46568627450980393,0.4607843137254902,0.26031434184675833,0.32711198428290766,0.29371316306483297,4,3.180746561886051,1.7645985091065794,3.6218961891626957,0.0226947265745453,2,0.7396856581532416,0.43418467583497056,0.5658153241650294,0.6011787819253438,0.2631630648330059,0.3461975501870071,0.14405697445972496,0.5798157255497669,0.2793713163064833,0.5765717092337916,0.3306886059976376,0.2318271119842829,0.5245579567779961
711561,2024-12-21 14:30:00+00:00,12,21,2024,134,VfB Stuttgart,0,270,St. Pauli,1,MHPArena,0,2024-2025,0.5588235294117647,0.7647058823529411,0.4,0.1,0.21428571428571427,-0.5714285714285714,0.3,-0.3,0,0,0,0.4411764705882353,0.7857142857142857,0.37254901960784315,0.5952380952380951,0.2718351324828263,0.7065750736015701,0.4892051030421982,1,3.181550539744848,1.763918311480113,3.6225301176148763,0.6688664428089488,1,0.7281648675171737,0.7526987242394504,0.2473012757605496,0.05103042198233562,0.1994602551521099,0.37151643310948695,0.17338076545632974,0.44677313614154957,0.29892051030421984,0.5276987242394504,0.4480449081582929,0.5338567222767419,0.22080471050049066
711562,2024-12-21 14:30:00+00:00,12,21,2024,7911,TSG Hoffenheim,1,268,Borussia Mönchengladbach,2,PreZero Arena,0,2024-2025,0.2647058823529412,-0.3235294117647059,0.2,-0.2,0.2647058823529412,-0.11764705882352941,0.5,0.7,0,0,0,0.7352941176470589,0.7352941176470589,0.553921568627451,0.5196078431372548,0.6911764705882353,0.3892156862745098,0.5401960784313725,3,3.179411764705882,1.7643753178049486,3.620505594157119,0.059968055575808754,1,0.6107843137254902,0.7529411764705882,0.24705882352941178,0.39509803921568626,0.19941176470588234,0.3245521914648212,0.18102941176470588,0.5542471942352488,0.30401960784313725,0.5149509803921568,0.3641412086613942,0.3176470588235294,0.45784313725490194
711558,2024-12-21 17:30:00+00:00,12,21,2024,131,Bayer Leverkusen,5,126,SC Freiburg,1,BayArena,0,2024-2025,0.7352941176470589,1.4705882352941178,0.5,0.8,0.35294117647058826,-0.17647058823529413,0.4,-0.3,0,0,0,0.2647058823529411,0.6470588235294117,0.2549019607843137,0.5294117647058822,0.11241446725317693,0.49071358748778104,0.301564027370479,6,3.1837732160312804,1.7649142596234046,3.6250017809371315,0.5956273742980958,4,0.8875855327468231,0.09188660801564028,0.9081133919843597,0.8914956011730205,0.331622678396872,0.36345875269581635,0.14523460410557185,0.599574046511471,0.2801564027370479,0.5746089931573802,0.5142008892161377,0.6871945259042033,0.5767350928641252
711560,2024-12-22 14:30:00+00:00,12,22,2024,121,VfL Bochum,2,6418,1. FC Heidenheim 1846,0,Vonovia Ruhrstadion,0,2024-2025,0.17647058823529413,-1.1764705882352942,0.1,-1.8,0.2647058823529412,-0.2647058823529412,0.1,-1.4,0,0,0,0.8235294117647058,0.7352941176470589,0.696078431372549,0.5441176470588236,0.9375,0.865234375,0.9013671875,2,3.1865234375,1.766245368375364,3.628084779593841,0.3461234059539464,2,0.134765625,0.435546875,0.564453125,0.15625,0.262890625,0.12337944030761719,0.235205078125,0.18506145134568214,0.34013671875,0.42465820312499997,0.6561741867635577,0.861328125,0.0029296875
711559,2024-12-22 16:30:00+00:00,12,22,2024,138,VfL Wolfsburg,1,124,Borussia Dortmund,3,Volkswagen Arena,0,2024-2025,0.3235294117647059,-0.058823529411764705,0.5,0.7,0.5,0.7058823529411765,0.4,0.4,0,0,0,0.6764705882352942,0.5,0.5098039215686274,0.38235294117647056,0.34243902439024393,0.28292682926829266,0.3126829268292683,4,3.1853658536585368,1.7657716996038724,3.626808778559505,0.022086303181394817,2,0.7170731707317073,0.43609756097560975,0.5639024390243903,0.6,0.26278048780487806,0.33804211778703147,0.14690243902439026,0.5753586173154771,0.28126829268292686,0.5718292682926829,0.34065365732690256,0.2575609756097561,0.5160975609756098
711572,2025-01-10 19:45:00+00:00,1,10,2025,124,Borussia Dortmund,2,131,Bayer Leverkusen,3,SIGNAL IDUNA PARK,0,2024-2025,0.5294117647058824,0.7647058823529411,0.4,0.4,0.7352941176470589,1.5,0.6,1.2,0,0,0,0.47058823529411764,0.2647058823529411,0.37254901960784315,0.25,0.260233918128655,0.07212475633528265,0.16617933723196882,5,3.186159844054581,1.7650933699577624,3.6274331865440215,0.26091636298769627,1,0.9278752436647173,0.7543859649122807,0.24561403508771928,0.7797270955165692,0.19912280701754387,0.4516447795903012,0.12492690058479533,0.7977815812839365,0.26661793372319686,0.6084551656920079,0.19919325523848042,0.04580896686159844,0.8362573099415205
711575,2025-01-11 14:30:00+00:00,1,11,2025,270,St. Pauli,0,125,Eintracht Frankfurt,1,Millerntor-Stadion,0,2024-2025,0.26666666666666666,-0.4666666666666667,0.3,-0.5,0.4117647058823529,0.23529411764705882,0.4,0.7,0,0,0,0.7333333333333334,0.5882352941176471,0.5777777777777777,0.4607843137254902,0.6692531522793405,0.33365664403491757,0.501454898157129,1,3.1852570320077596,1.7647068314200787,3.626433739862779,0.669627934024773,1,0.6663433559650824,0.7555771096023278,0.24442289039767218,0.0504364694471387,0.19888457807953444,0.3470205115709795,0.17521823472356934,0.41762911638468136,0.3001454898157129,0.5246362754607178,0.4537748827626828,0.5460717749757517,0.17070805043646944
711569,2025-01-11 14:30:00+00:00,1,11,2025,7911,TSG Hoffenheim,0,138,VfL Wolfsburg,1,PreZero Arena,0,2024-2025,0.2647058823529412,-0.29411764705882354,0.2,-0.2,0.29411764705882354,-0.14705882352941177,0.5,0.5,0,0,0,0.7352941176470589,0.7058823529411764,0.5490196078431373,0.5245098039215685,0.6880466472303207,0.39552964042759964,0.5417881438289602,1,3.188532555879495,1.764717072637576,3.629711824038889,0.6705363610934625,1,0.6044703595724004,0.7551020408163265,0.24489795918367352,0.05053449951409135,0.1989795918367347,0.3221985878899664,0.18126822157434402,0.38776709773291,0.304178814382896,0.51455296404276,0.47481839983604146,0.597667638483965,0.1292517006802721
711571,2025-01-11 14:30:00+00:00,1,11,2025,2950,Mainz,2,121,VfL Bochum,0,MEWA ARENA,0,2024-2025,0.38235294117647056,0.3235294117647059,0.6,1.0,0.17647058823529413,-1.2058823529411764,0.2,-1.4,0,0,0,0.6176470588235294,0.8235294117647058,0.446078431372549,0.7009803921568627,0.22524271844660193,0.916504854368932,0.570873786407767,2,3.1864077669902913,1.765177061113833,3.6277020322687497,0.34632896553019976,2,0.7747572815533981,0.43592233009708736,0.5640776699029126,0.1563106796116505,0.26281553398058255,0.35928796305024036,0.18563106796116505,0.419309153887476,0.30708737864077673,0.5072815533980582,0.5271042899007026,0.7077669902912621,0.17184466019417477
711567,2025-01-11 14:30:00+00:00,1,11,2025,126,SC Freiburg,3,7884,Holstein Kiel,2,Europa-Park Stadion,0,2024-2025,0.3235294117647059,-0.35294117647058826,0.4,-0.4,0.13333333333333333,-1.2666666666666666,0.2,-0.9,0,0,0,0.6764705882352942,0.8666666666666667,0.5588235294117647,0.711111111111111,0.5404089581304771,0.9104186952288218,0.7254138266796495,5,3.1879259980525805,1.765140652408039,3.6292111611545903,0.26032564344067277,1,0.45959104186952293,0.7546251217137293,0.2453748782862707,0.7789678675754625,0.19907497565725413,0.26414148563280243,0.20881207400194743,0.7089580047162617,0.32254138266796495,0.4686465433300876,0.47346537239444475,0.5949367088607594,0.7760467380720545
711570,2025-01-11 14:30:00+00:00,1,11,2025,6418,1. FC Heidenheim 1846,2,598,1. FC Union Berlin,0,Voith-Arena,0,2024-2025,0.23529411764705882,-0.35294117647058826,0.0,-1.8,0.2647058823529412,-0.5294117647058824,0.2,-0.8,0,0,0,0.7647058823529411,0.7352941176470589,0.5588235294117647,0.588235294117647,0.9250972762645915,0.7879377431906615,0.8565175097276265,2,3.1896887159533076,1.7651860778331419,3.6309852354115932,0.34744741605888363,2,0.21206225680933855,0.4357976653696498,0.5642023346303502,0.1556420233463035,0.26284046692607005,0.15187781041348092,0.228477626459144,0.21302096933929432,0.3356517509727627,0.4358706225680934,0.6420902826675476,0.8550583657587548,0.011673151750972763
711573,2025-01-11 17:30:00+00:00,1,11,2025,268,Borussia Mönchengladbach,0,132,Bayern Munich,1,BORUSSIA-PARK,0,2024-2025,0.29411764705882354,-0.08823529411764706,0.5,0.7,0.6470588235294118,1.4411764705882353,0.7,2.1,0,0,0,0.7058823529411764,0.3529411764705882,0.5147058823529411,0.2598039215686274,0.3546511627906977,0.0436046511627907,0.1991279069767442,1,3.183139534883721,1.765162010492276,3.62443003750679,0.6688806203798572,1,0.9563953488372093,0.7558139534883721,0.2441860465116279,0.050387596899224806,0.19883720930232557,0.4632304624121147,0.12986918604651163,0.5573106272613313,0.26991279069767443,0.6002180232558139,0.2722960776950524,0.125,0.47093023255813954
711568,2025-01-12 14:30:00+00:00,1,12,2025,11420,RB Leipzig,4,137,Werder Bremen,2,Red Bull Arena,0,2024-2025,0.5,0.6176470588235294,0.5,-0.2,0.4117647058823529,0.058823529411764705,0.5,0.4,0,0,0,0.5,0.5882352941176471,0.3970588235294118,0.4901960784313726,0.2807357212003872,0.32623426911907066,0.30348499515972893,6,3.181026137463698,1.7656136558376831,3.6224295514231186,0.5961299222951499,2,0.7192642787996129,0.4356243949661181,0.564375605033882,0.8915779283639884,0.2628751210067764,0.3388062851364788,0.14552274927395933,0.6918010340382501,0.2803484995159729,0.5741287512100677,0.41921178053357877,0.4569215876089061,0.755082284607938
711574,2025-01-12 16:30:00+00:00,1,12,2025,3841,FC Augsburg,0,134,VfB Stuttgart,1,WWK Arena,0,2024-2025,0.29411764705882354,-0.6176470588235294,0.3,-0.8,0.5588235294117647,0.8235294117647058,0.4,0.0,0,0,0,0.7058823529411764,0.4411764705882353,0.6029411764705883,0.36274509803921573,0.7088974854932302,0.27949709864603484,0.4941972920696325,1,3.183752417794971,1.7669349423870198,3.625486153391726,0.6684402756234278,1,0.7205029013539652,0.7562862669245648,0.2437137330754352,0.05029013539651837,0.19874274661508703,0.3687798132358608,0.17412959381044488,0.44384718284954905,0.29941972920696325,0.5264506769825918,0.44953843261533594,0.539651837524178,0.21760154738878143
711584,2025-01-14 17:30:00+00:00,1,14,2025,7884,Holstein Kiel,4,124,Borussia Dortmund,2,Holstein-Stadion,0,2024-2025,0.125,-1.25,0.2,-1.0,0.5294117647058824,0.7352941176470589,0.4,0.4,0,0,0,0.875,0.47058823529411764,0.7083333333333333,0.37745098039215685,0.9091787439613527,0.2714975845410628,0.5903381642512078,6,3.181642512077295,1.7673842827277655,3.6234885827592365,0.5950697290758549,2,0.7285024154589372,0.4357487922705314,0.5642512077294686,0.8908212560386474,0.2628502415458937,0.34222266563980486,0.1885507246376812,0.6924195979748229,0.3090338164251208,0.5024154589371981,0.5831685524947359,0.8038647342995169,0.7565217391304347
711583,2025-01-14 19:30:00+00:00,1,14,2025,131,Bayer Leverkusen,1,2950,Mainz,0,BayArena,0,2024-2025,0.7352941176470589,1.411764705882353,0.7,1.3,0.4117647058823529,0.38235294117647056,0.6,0.9,0,0,0,0.2647058823529411,0.5882352941176471,0.2647058823529411,0.4362745098039216,0.05115830115830116,0.23166023166023167,0.1414092664092664,1,3.1843629343629343,1.7686990441369859,3.6265376953971806,0.6680028746527786,1,0.9488416988416989,0.7567567567567568,0.2432432432432432,0.05019305019305019,0.19864864864864865,0.46031292392778883,0.12121138996138997,0.5539487955666345,0.26414092664092664,0.6146476833976833,0.2321369306137035,0.07335907335907337,0.45656370656370654
711582,2025-01-14 19:30:00+00:00,1,14,2025,125,Eintracht Frankfurt,4,126,SC Freiburg,1,Deutsche Bank Park,0,2024-2025,0.4117647058823529,0.23529411764705882,0.5,0.8,0.35294117647058826,-0.29411764705882354,0.4,-0.4,0,0,0,0.5882352941176471,0.6470588235294117,0.4607843137254902,0.5490196078431373,0.2786885245901639,0.5245901639344263,0.4016393442622951,5,3.1822565091610415,1.7691460976512134,3.624543033573845,0.26083147469612955,3,0.7213114754098361,0.2063645130183221,0.793635486981678,0.7782063645130183,0.30872709739633564,0.31843882890431097,0.16024590163934427,0.5785447210350625,0.2901639344262295,0.5495901639344263,0.49281860329711163,0.6460945033751205,0.5255544840887174
711580,2025-01-14 19:30:00+00:00,1,14,2025,138,VfL Wolfsburg,5,268,Borussia Mönchengladbach,1,Volkswagen Arena,0,2024-2025,0.3235294117647059,-0.08823529411764706,0.5,0.4,0.29411764705882354,-0.08823529411764706,0.5,0.7,0,0,0,0.6764705882352942,0.7058823529411764,0.5147058823529411,0.5147058823529411,0.3622350674373796,0.371868978805395,0.3670520231213873,6,3.184007707129094,1.7691927365859181,3.6263058912755737,0.5934528390785239,4,0.6377649325626205,0.09152215799614644,0.9084778420038535,0.8901734104046243,0.33169556840077075,0.27994100853501436,0.1550578034682081,0.5828753998106659,0.28670520231213875,0.5582369942196532,0.5573868352868239,0.7610789980732178,0.5346820809248555
711577,2025-01-15 17:30:00+00:00,1,15,2025,121,VfL Bochum,1,270,St. Pauli,0,Vonovia Ruhrstadion,0,2024-2025,0.17647058823529413,-1.1470588235294117,0.2,-1.4,0.25,-0.5,0.3,-0.3,0,0,0,0.8235294117647058,0.75,0.6911764705882353,0.5833333333333333,0.9085659287776708,0.6679499518768046,0.7882579403272377,1,3.186717998075072,1.770497004227417,3.6293422491319265,0.6680403444451684,1,0.3320500481231954,0.7574590952839269,0.24254090471607315,0.05004812319538017,0.19850818094321465,0.21321688044975504,0.21823869104908566,0.2568597729999344,0.3288257940327238,0.45293551491819056,0.5825759720088415,0.8026948989412896,0.02598652550529355
711576,2025-01-15 19:30:00+00:00,1,15,2025,598,1. FC Union Berlin,0,3841,FC Augsburg,2,Stadion An der Alten Försterei,0,2024-2025,0.2647058823529412,-0.5882352941176471,0.1,-1.1,0.29411764705882354,-0.5588235294117647,0.2,-1.0,0,0,0,0.7352941176470589,0.7058823529411764,0.5980392156862746,0.5931372549019607,0.8609779482262704,0.7909875359539789,0.8259827420901247,2,3.188878235858102,1.7714387343551707,3.6317379194468944,0.34573758939519916,2,0.20901246404602114,0.436241610738255,0.563758389261745,0.15915627996164908,0.262751677852349,0.15077187642770276,0.2238974113135187,0.214032751232913,0.33259827420901245,0.44350431447746885,0.631241728399571,0.850431447746884,0.012464046021093002
711581,2025-01-15 19:30:00+00:00,1,15,2025,132,Bayern Munich,5,7911,TSG Hoffenheim,0,Allianz Arena,0,2024-2025,0.6470588235294118,1.3823529411764706,0.8,2.2,0.2647058823529412,-0.3235294117647059,0.2,-0.3,0,0,0,0.3529411764705882,0.7352941176470589,0.26960784313725483,0.553921568627451,0.03166986564299424,0.7120921305182342,0.3718809980806142,5,3.1871401151631478,1.7713993333024012,3.629989948488748,0.25849847580471996,5,0.9683301343570058,0.03838771593090211,0.9616122840690979,0.7763915547024952,0.34232245681381956,0.38419224619714787,0.15578214971209214,0.5585610883274061,0.2871880998080614,0.5570297504798465,0.5235818324410932,0.7005758157389635,0.4750479846449136
711578,2025-01-15 19:30:00+00:00,1,15,2025,134,VfB Stuttgart,2,11420,RB Leipzig,1,MHPArena,0,2024-2025,0.5588235294117647,0.7647058823529411,0.5,0.1,0.5294117647058824,0.6764705882352942,0.5,-0.1,0,0,0,0.4411764705882353,0.47058823529411764,0.37254901960784315,0.38725490196078427,0.22403846153846155,0.26826923076923076,0.24615384615384617,3,3.1846153846153844,1.770943383596869,3.6273512305146016,0.06081747697098272,1,0.7759615384615385,0.7576923076923077,0.24230769230769234,0.39615384615384613,0.19846153846153847,0.39113535502958585,0.13692307692307693,0.6129415395994539,0.2746153846153846,0.5884615384615385,0.21972080720182569,0.06153846153846154,0.6240384615384615
711579,2025-01-15 19:30:00+00:00,1,15,2025,137,Werder Bremen,3,6418,1. FC Heidenheim 1846,3,Weserstadion,0,2024-2025,0.4117647058823529,0.0,0.5,0.3,0.23529411764705882,-0.3235294117647059,0.1,-1.5,0,0,0,0.5882352941176471,0.7647058823529411,0.5,0.553921568627451,0.3314121037463977,0.8904899135446686,0.6109510086455331,6,3.1844380403458215,1.770101011962746,3.626963293336508,0.5928745609043324,0,0.6685878962536023,1.0,0.0,0.8895292987512008,0.15,0.36914985590778093,0.19164265129682995,0.8971683318245867,0.31109510086455333,0.4972622478386168,0.4174229246164981,0.44764649375600385,0.8885686839577329
711589,2025-01-17 19:30:00+00:00,1,17,2025,125,Eintracht Frankfurt,2,124,Borussia Dortmund,0,Deutsche Bank Park,0,2024-2025,0.4117647058823529,0.29411764705882354,0.6,1.2,0.5,0.5882352941176471,0.3,0.1,0,0,0,0.5882352941176471,0.5,0.4509803921568628,0.4019607843137255,0.20306513409961685,0.3668582375478927,0.2849616858237548,2,3.1877394636015324,1.7709716053010143,3.630482364926786,0.34545676088790045,2,0.7969348659003832,0.4367816091954023,0.5632183908045977,0.15900383141762453,0.26264367816091955,0.3675481129167217,0.14274425287356324,0.42864908275959934,0.27849616858237547,0.5787595785440613,0.37109043633583755,0.33045977011494254,0.1867816091954023
711592,2025-01-18 14:30:00+00:00,1,18,2025,6418,1. FC Heidenheim 1846,0,270,St. Pauli,2,Voith-Arena,0,2024-2025,0.23529411764705882,-0.3235294117647059,0.1,-1.4,0.23529411764705882,-0.5294117647058824,0.3,-0.3,0,0,0,0.7647058823529411,0.7647058823529411,0.553921568627451,0.588235294117647,0.8755980861244019,0.6899521531100479,0.7827751196172249,2,3.186602870813397,1.7705045171910876,3.629229000111169,0.3451765382865838,2,0.31004784688995213,0.43732057416267944,0.5626794258373206,0.15885167464114833,0.2625358851674641,0.18807099196446964,0.21741626794258373,0.250918017720689,0.3282775119617225,0.45430622009569377,0.6153816024597916,0.8373205741626795,0.022966507177033493
711588,2025-01-18 14:30:00+00:00,1,18,2025,132,Bayern Munich,3,138,VfL Wolfsburg,2,Allianz Arena,0,2024-2025,0.6764705882352942,1.5588235294117647,0.8,2.3,0.35294117647058826,0.029411764705882353,0.6,1.0,0,0,0,0.32352941176470584,0.6470588235294117,0.24019607843137258,0.4950980392156863,0.02198852772466539,0.2676864244741874,0.14483747609942638,5,3.18546845124283,1.7700374716815546,3.6279778191632186,0.25949209262860984,1,0.9780114722753346,0.7581261950286807,0.24187380497131927,0.7762906309751434,0.19837476099426385,0.4721618640071071,0.12172562141491396,0.807730400720511,0.26448374760994264,0.6137906309751434,0.184458412458879,0.033460803059273424,0.8489483747609943
711587,2025-01-18 14:30:00+00:00,1,18,2025,7884,Holstein Kiel,1,7911,TSG Hoffenheim,3,Holstein-Stadion,0,2024-2025,0.17647058823529413,-1.0588235294117647,0.3,-0.6,0.2647058823529412,-0.38235294117647056,0.1,-1.0,0,0,0,0.8235294117647058,0.7352941176470589,0.6764705882352942,0.5637254901960784,0.7936962750716332,0.8452722063037249,0.819484240687679,4,3.1872015281757404,1.7700796939198775,3.6297214516557097,0.021642080812167674,2,0.2063037249283668,0.437440305635148,0.562559694364852,0.5988538681948424,0.2625119388729704,0.1498220731630556,0.22292263610315186,0.4716214544017696,0.3319484240687679,0.4451289398280802,0.5563414649575521,0.7583572110792741,0.279847182425979
711585,2025-01-18 14:30:00+00:00,1,18,2025,134,VfB Stuttgart,4,126,SC Freiburg,0,MHPArena,0,2024-2025,0.5882352941176471,0.8529411764705882,0.6,0.6,0.35294117647058826,-0.38235294117647056,0.3,-0.9,0,0,0,0.4117647058823529,0.6470588235294117,0.3578431372549019,0.5637254901960784,0.15744274809160305,0.6498091603053435,0.4036259541984733,4,3.187977099236641,1.7694123241155453,3.6303301802655277,0.021587852251186757,4,0.8425572519083969,0.09255725190839695,0.9074427480916031,0.5982824427480916,0.33148854961832064,0.3484807302896102,0.160543893129771,0.503021261115264,0.2903625954198473,0.5490935114503817,0.488581621878863,0.6230916030534351,0.35400763358778625
711593,2025-01-18 14:30:00+00:00,1,18,2025,121,VfL Bochum,3,11420,RB Leipzig,3,Vonovia Ruhrstadion,0,2024-2025,0.20588235294117646,-1.1176470588235294,0.3,-1.1,0.5294117647058824,0.6764705882352942,0.4,-0.4,0,0,0,0.7941176470588236,0.47058823529411764,0.6862745098039216,0.38725490196078427,0.8255481410867492,0.3317445185891325,0.5786463298379408,6,3.188751191611058,1.768745637402169,3.6309376009616003,0.5922086293649818,0,0.6682554814108674,1.0,0.0,0.8894184938036225,0.15,0.36900857959961864,0.18679694947569114,0.8970495664762208,0.3078646329837941,0.5053384175405148,0.4030349860544906,0.41468064823641565,0.888465204957102
711590,2025-01-18 17:30:00+00:00,1,18,2025,131,Bayer Leverkusen,3,268,Borussia Mönchengladbach,1,BayArena,0,2024-2025,0.7352941176470589,1.411764705882353,0.7,1.3,0.2647058823529412,-0.2647058823529412,0.4,0.2,0,0,0,0.2647058823529411,0.7352941176470589,0.2647058823529411,0.5441176470588236,0.05238095238095238,0.5133333333333333,0.28285714285714286,4,3.1914285714285713,1.7700298256099967,3.6339360278310706,0.02115861560024701,2,0.9476190476190476,0.4380952380952381,0.5619047619047619,0.5971428571428572,0.2623809523809524,0.42325283446712014,0.14242857142857143,0.6217837782096965,0.2782857142857143,0.5792857142857142,0.32323876146137664,0.21619047619047618,0.6419047619047619
711591,2025-01-19 14:30:00+00:00,1,19,2025,598,1. FC Union Berlin,2,2950,Mainz,1,Stadion An der Alten Försterei,0,2024-2025,0.2647058823529412,-0.6176470588235294,0.0,-1.5,0.4117647058823529,0.35294117647058826,0.6,1.0,0,0,0,0.7352941176470589,0.5882352941176471,0.6029411764705883,0.4411764705882353,0.9162702188392008,0.22454804947668885,0.5704091341579448,3,3.192197906755471,1.7693625494148455,3.634538544109182,0.06228210582961413,1,0.7754519505233112,0.758325404376784,0.24167459562321603,0.3948620361560419,0.1983349191246432,0.3909928834031474,0.18556137012369173,0.612457896393777,0.3070409134157945,0.5073977164605137,0.375185433601437,0.34538534728829684,0.6232159847764034
711586,2025-01-19 16:30:00+00:00,1,19,2025,137,Werder Bremen,0,3841,FC Augsburg,2,Weserstadion,0,2024-2025,0.4117647058823529,0.0,0.4,0.1,0.3235294117647059,-0.47058823529411764,0.3,-0.6,0,0,0,0.5882352941176471,0.6764705882352942,0.5,0.5784313725490196,0.3811787072243346,0.6473384030418251,0.5142585551330798,2,3.192015209125475,1.7685305246742873,3.6341478402940472,0.3474721076628656,2,0.6188212927756653,0.438212927756654,0.561787072243346,0.15779467680608364,0.2623574144486692,0.30199872775376246,0.17713878326996196,0.3634343827898902,0.30142585551330797,0.52143536121673,0.4990405306935275,0.6539923954372624,0.10171102661596958
711598,2025-01-24 19:30:00+00:00,1,24,2025,138,VfL Wolfsburg,2,7884,Holstein Kiel,2,Volkswagen Arena,0,2024-2025,0.35294117647058826,0.0,0.6,0.9,0.16666666666666666,-1.1111111111111112,0.3,-0.7,0,0,0,0.6470588235294117,0.8333333333333334,0.5,0.6851851851851851,0.2725546058879392,0.835707502374169,0.5541310541310541,4,3.190883190883191,1.7680714070990493,3.632901042657953,0.021323801195183845,0,0.7274453941120608,1.0,0.0,0.597340930674264,0.15,0.39416429249762586,0.18311965811965814,0.7755704273684647,0.3054131054131054,0.5114672364672365,0.2873246860817605,0.15004748338081672,0.8176638176638177
711596,2025-01-25 14:30:00+00:00,1,25,2025,124,Borussia Dortmund,2,137,Werder Bremen,2,SIGNAL IDUNA PARK,0,2024-2025,0.47058823529411764,0.4117647058823529,0.3,0.0,0.38235294117647056,-0.08823529411764706,0.4,-0.1,0,0,0,0.5294117647058824,0.6176470588235294,0.43137254901960786,0.5147058823529411,0.37855787476280833,0.45161290322580644,0.41508538899430736,4,3.1916508538899433,1.7674073939035413,3.6335027023658286,0.021270511038881668,0,0.6214421252371917,1.0,0.0,0.5967741935483871,0.15,0.34911290322580646,0.1622628083491461,0.7412457152475975,0.29150853889943074,0.5462286527514232,0.2301829456633514,0.07210626185958255,0.7969639468690702
711594,2025-01-25 14:30:00+00:00,1,25,2025,3841,FC Augsburg,2,6418,1. FC Heidenheim 1846,1,WWK Arena,0,2024-2025,0.3235294117647059,-0.4411764705882353,0.3,-0.5,0.23529411764705882,-0.38235294117647056,0.1,-1.6,0,0,0,0.6764705882352942,0.7647058823529411,0.5735294117647058,0.5637254901960784,0.6255924170616114,0.8985781990521327,0.762085308056872,3,3.1924170616113745,1.76674405891957,3.634103076341267,0.06237799442242564,1,0.3744075829383886,0.7573459715639811,0.2426540284360189,0.3943127962085308,0.19853080568720377,0.2301849913523955,0.2143127962085308,0.4739257865104609,0.32620853080568724,0.45947867298578193,0.44268616256467774,0.5137440758293839,0.2881516587677725
711597,2025-01-25 14:30:00+00:00,1,25,2025,2950,Mainz,2,134,VfB Stuttgart,0,MEWA ARENA,0,2024-2025,0.4117647058823529,0.35294117647058826,0.6,0.9,0.6176470588235294,1.0,0.6,0.9,0,0,0,0.5882352941176471,0.38235294117647056,0.4411764705882353,0.33333333333333337,0.2206439393939394,0.13352272727272727,0.17708333333333331,2,3.1922348484848486,1.765916468093001,3.633713965508099,0.348148737900964,2,0.8664772727272727,0.4375,0.5625,0.1571969696969697,0.2625,0.3932634943181818,0.1265625,0.45361599840736916,0.2677083333333333,0.6057291666666667,0.30191305207114627,0.17045454545454544,0.23295454545454544
711599,2025-01-25 14:30:00+00:00,1,25,2025,11420,RB Leipzig,2,131,Bayer Leverkusen,2,Red Bull Arena,0,2024-2025,0.5294117647058824,0.7058823529411765,0.3,-0.6,0.7352941176470589,1.4411764705882353,0.8,1.5,0,0,0,0.47058823529411764,0.2647058823529411,0.38235294117647056,0.2598039215686274,0.37559129612109743,0.033112582781456956,0.2043519394512772,4,3.1911069063386943,1.7654610321878659,3.6324721643856606,0.021435686143741917,0,0.9668874172185431,1.0,0.0,0.5969725638599811,0.15,0.49592715231788076,0.13065279091769158,0.8523320405746615,0.2704351939451277,0.5989120151371807,0.12518946407387113,0.01229895931882687,0.8807947019867549
711600,2025-01-25 14:30:00+00:00,1,25,2025,126,SC Freiburg,1,132,Bayern Munich,2,Europa-Park Stadion,0,2024-2025,0.3235294117647059,-0.5294117647058824,0.3,-1.1,0.6764705882352942,1.5588235294117647,0.8,1.9,0,0,0,0.6764705882352942,0.32352941176470584,0.588235294117647,0.24019607843137258,0.7088846880907372,0.02930056710775047,0.3690926275992438,3,3.1918714555765595,1.7648009298941094,3.633071688050087,0.06231432404723625,1,0.9706994328922496,0.7570888468809074,0.24291115311909262,0.3941398865784499,0.19858223062381852,0.46910966405923366,0.15536389413988658,0.678897232211035,0.2869092627599244,0.5577268431001889,0.28522772190471535,0.14650283553875237,0.7344045368620038
711595,2025-01-25 17:30:00+00:00,1,25,2025,268,Borussia Mönchengladbach,3,121,VfL Bochum,0,BORUSSIA-PARK,0,2024-2025,0.2647058823529412,-0.29411764705882354,0.4,0.0,0.17647058823529413,-1.1470588235294117,0.3,-0.6,0,0,0,0.7352941176470589,0.8235294117647058,0.5490196078431373,0.6911764705882353,0.5306893295561851,0.8205854579792257,0.6756373937677054,3,3.1916902738432484,1.7639765596075299,3.632684413745131,0.06229686675392654,3,0.4693106704438149,0.20585457979225685,0.7941454202077431,0.3937677053824363,0.30882908404154863,0.2313040345757084,0.2013456090651558,0.37363250598938424,0.3175637393767705,0.48109065155807373,0.589777823814232,0.8101983002832861,0.11425873465533522
711601,2025-01-26 14:30:00+00:00,1,26,2025,7911,TSG Hoffenheim,2,125,Eintracht Frankfurt,2,PreZero Arena,0,2024-2025,0.29411764705882354,-0.29411764705882354,0.2,-0.8,0.4411764705882353,0.35294117647058826,0.7,1.4,0,0,0,0.7058823529411764,0.5588235294117647,0.5490196078431373,0.4411764705882353,0.7292452830188679,0.1641509433962264,0.44669811320754715,4,3.1915094339622643,1.7631533432754392,3.632297769781124,0.021511406310309455,0,0.8358490566037736,1.0,0.0,0.5971698113207548,0.15,0.4402358490566038,0.16700471698113206,0.8103119882520469,0.2946698113207547,0.5383254716981132,0.24406147882182935,0.09056603773584905,0.8556603773584905
711602,2025-01-26 16:30:00+00:00,1,26,2025,270,St. Pauli,3,598,1. FC Union Berlin,0,Millerntor-Stadion,0,2024-2025,0.2777777777777778,-0.3888888888888889,0.4,-0.1,0.2647058823529412,-0.6176470588235294,0.1,-1.4,0,0,0,0.7222222222222222,0.7352941176470589,0.5648148148148149,0.6029411764705883,0.5428840716305372,0.8934967012252591,0.7181903864278982,3,3.1922714420358154,1.7624962533948376,3.632895505384525,0.06243853621371731,3,0.4571159283694628,0.2064090480678605,0.7935909519321395,0.3930254476908577,0.3087181903864279,0.22712614404457232,0.20772855796418474,0.37042588164510065,0.3218190386427898,0.4704524033930254,0.606237337704258,0.8284637134778511,0.10933081998114987
711610,2025-01-31 19:30:00+00:00,1,31,2025,137,Werder Bremen,1,2950,Mainz,0,Weserstadion,0,2024-2025,0.35294117647058826,-0.14705882352941177,0.4,0.2,0.4411764705882353,0.4411764705882353,0.7,1.1,0,0,0,0.6470588235294117,0.5588235294117647,0.5245098039215685,0.42647058823529405,0.4303201506591337,0.17419962335216574,0.3022598870056497,1,3.1920903954802258,1.7616753548572543,3.6325092341945395,0.6725756578725876,1,0.8258003766478342,0.7570621468926554,0.24293785310734461,0.04896421845574388,0.19858757062146892,0.41104458595337656,0.14533898305084747,0.4942940436908202,0.280225988700565,0.5744350282485875,0.3394576289502601,0.2542372881355932,0.3286252354048964
711606,2025-02-01 14:30:00+00:00,2,1,2025,6418,1. FC Heidenheim 1846,1,124,Borussia Dortmund,2,Voith-Arena,0,2024-2025,0.23529411764705882,-0.4117647058823529,0.1,-1.6,0.4411764705882353,0.35294117647058826,0.2,-0.1,0,0,0,0.7647058823529411,0.5588235294117647,0.5686274509803921,0.4411764705882353,0.8912839737582006,0.4854732895970009,0.6883786316776007,3,3.190253045923149,1.7643484762551267,3.6313401649869306,0.062015480473292195,1,0.5145267104029991,0.7572633552014996,0.24273664479850043,0.3936269915651359,0.1985473289597001,0.28632967029106127,0.2032567947516401,0.5217511879182128,0.3188378631677601,0.47790534208059976,0.41897852637890876,0.45829428303655106,0.3964386129334583
711607,2025-02-01 14:30:00+00:00,2,1,2025,132,Bayern Munich,4,7884,Holstein Kiel,3,Allianz Arena,0,2024-2025,0.6764705882352942,1.5588235294117647,0.8,1.7,0.15789473684210525,-1.0526315789473684,0.2,-0.8,0,0,0,0.32352941176470584,0.8421052631578947,0.24019607843137258,0.6754385964912281,0.03564727954971857,0.8864915572232646,0.46106941838649157,7,3.1866791744840524,1.7613084243024955,3.627006280559676,0.8401801881989583,1,0.9643527204502814,0.7570356472795498,0.24296435272045025,0.9568480300187617,0.19859287054409006,0.46656028568511987,0.16916041275797372,0.8651138856598708,0.29610694183864916,0.5347326454033771,0.46061752869507233,0.5628517823639775,0.8864915572232646
711611,2025-02-01 14:30:00+00:00,2,1,2025,270,St. Pauli,1,3841,FC Augsburg,1,Millerntor-Stadion,0,2024-2025,0.3157894736842105,-0.21052631578947367,0.4,0.0,0.35294117647058826,-0.38235294117647056,0.4,-0.4,0,0,0,0.6842105263157895,0.6470588235294117,0.5350877192982455,0.5637254901960784,0.48732394366197185,0.5333333333333333,0.5103286384976526,2,3.187793427230047,1.7617599802368862,3.6282334222892687,0.34758904036384597,0,0.5126760563380282,1.0,0.0,0.15774647887323945,0.15,0.3028873239436619,0.1765492957746479,0.46609383058916876,0.30103286384976524,0.5224178403755868,0.32797138550097993,0.2300469483568075,0.26384976525821596
711609,2025-02-01 14:30:00+00:00,2,1,2025,134,VfB Stuttgart,1,268,Borussia Mönchengladbach,2,MHPArena,0,2024-2025,0.5882352941176471,0.8529411764705882,0.6,0.7,0.29411764705882354,-0.20588235294117646,0.4,0.0,0,0,0,0.4117647058823529,0.7058823529411764,0.3578431372549019,0.5343137254901962,0.14943609022556392,0.5037593984962406,0.3265977443609023,3,3.18796992481203,1.7625790388895002,3.628614684534405,0.061617625116114794,1,0.8505639097744361,0.7575187969924813,0.24248120300751874,0.39379699248120303,0.19849624060150375,0.4210154615862966,0.14898966165413535,0.6375960118103643,0.28265977443609025,0.5683505639097745,0.2633420834442575,0.10902255639097744,0.6738721804511278
711608,2025-02-01 14:30:00+00:00,2,1,2025,121,VfL Bochum,0,126,SC Freiburg,1,Vonovia Ruhrstadion,0,2024-2025,0.17647058823529413,-1.1764705882352942,0.3,-0.4,0.3235294117647059,-0.5,0.3,-1.2,0,0,0,0.8235294117647058,0.6764705882352942,0.696078431372549,0.5833333333333333,0.7873941674506115,0.7281279397930386,0.7577610536218251,1,3.1900282220131704,1.7621288857871753,3.6305604434599643,0.671845925658729,1,0.2718720602069614,0.7572906867356538,0.2427093132643462,0.04891815616180621,0.19854186265286924,0.18909285121981223,0.21366415804327377,0.22713202108866287,0.3257761053621825,0.46055973659454374,0.5716125201087365,0.7845719661335842,0.014111006585136407
711605,2025-02-01 17:30:00+00:00,2,1,2025,598,1. FC Union Berlin,0,11420,RB Leipzig,0,Stadion An der Alten Försterei,0,2024-2025,0.2647058823529412,-0.6470588235294118,0.1,-1.4,0.5294117647058824,0.7941176470588235,0.3,-0.5,0,0,0,0.7352941176470589,0.47058823529411764,0.607843137254902,0.36764705882352944,0.8829588014981273,0.3801498127340824,0.6315543071161048,0,3.190074906367041,1.7635311115097672,3.630957684244483,0.879915788069699,0,0.6198501872659177,1.0,0.0,0.0,0.15,0.34843632958801496,0.1947331460674157,0.4414138576779026,0.3131554307116105,0.49211142322097373,0.48214385860144415,0.6198501872659176,0.20880149812734083
711603,2025-02-02 14:30:00+00:00,2,2,2025,125,Eintracht Frankfurt,1,138,VfL Wolfsburg,1,Deutsche Bank Park,0,2024-2025,0.4117647058823529,0.3235294117647059,0.6,0.9,0.35294117647058826,0.0,0.6,0.9,0,0,0,0.5882352941176471,0.6470588235294117,0.446078431372549,0.5,0.2207670720299345,0.2778297474275023,0.24929840972871842,2,3.187090739008419,1.7654035443328502,3.6284416250916314,0.3465101834923856,0,0.7792329279700655,1.0,0.0,0.1580916744621141,0.15,0.41617399438727787,0.13739476145930776,0.6016432132353134,0.2749298409728718,0.5876753975678204,0.19411522605450726,0.03928905519176801,0.5884003741814781
711604,2025-02-02 16:30:00+00:00,2,2,2025,131,Bayer Leverkusen,3,7911,TSG Hoffenheim,1,BayArena,0,2024-2025,0.7352941176470589,1.4411764705882353,0.8,1.5,0.29411764705882354,-0.29411764705882354,0.2,-0.6,0,0,0,0.2647058823529411,0.7058823529411764,0.2598039215686274,0.5490196078431373,0.03457943925233645,0.7233644859813084,0.3789719626168224,4,3.1859813084112147,1.7649507606946113,3.6272189985848677,0.02205859154956813,2,0.9654205607476636,0.43457943925233644,0.5654205607476636,0.5990654205607476,0.2630841121495327,0.429408463621277,0.15684579439252336,0.6248159648273571,0.28789719626168225,0.5552570093457945,0.37666963005125575,0.3542056074766355,0.6467289719626168
711615,2025-02-07 19:30:00+00:00,2,7,2025,132,Bayern Munich,3,137,Werder Bremen,0,Allianz Arena,0,2024-2025,0.6764705882352942,1.5294117647058822,0.8,1.7,0.35294117647058826,-0.14705882352941177,0.4,0.2,0,0,0,0.32352941176470584,0.6470588235294117,0.2450980392156863,0.5245098039215685,0.03828197945845005,0.446311858076564,0.24229691876750703,3,3.1867413632119512,1.7643011714836834,3.627816656082872,0.061350004780467815,3,0.96171802054155,0.20541549953314658,0.7945845004668535,0.39402427637721754,0.3089169000933707,0.40142184542662385,0.13634453781512607,0.49368278476245697,0.2742296918767507,0.5894257703081233,0.36907944876763843,0.3295985060690943,0.3277310924369748
711613,2025-02-08 14:30:00+00:00,2,8,2025,124,Borussia Dortmund,1,134,VfB Stuttgart,2,SIGNAL IDUNA PARK,0,2024-2025,0.47058823529411764,0.38235294117647056,0.3,0.2,0.5588235294117647,0.7647058823529411,0.6,0.7,0,0,0,0.5294117647058824,0.4411764705882353,0.4362745098039216,0.37254901960784315,0.3675373134328358,0.17257462686567165,0.27005597014925375,3,3.1865671641791047,1.7634865323897049,3.6274387972765307,0.06133334306521998,1,0.8274253731343284,0.7565298507462687,0.24347014925373134,0.39365671641791045,0.19869402985074627,0.41164104268768104,0.14050839552238806,0.6292174342221128,0.2770055970149254,0.5824860074626865,0.2333642675191624,0.07929104477611941,0.6632462686567164
711612,2025-02-08 14:30:00+00:00,2,8,2025,2950,Mainz,0,3841,FC Augsburg,0,MEWA ARENA,0,2024-2025,0.4411764705882353,0.4117647058823529,0.6,0.8,0.35294117647058826,-0.38235294117647056,0.4,-0.4,0,0,0,0.5588235294117647,0.6470588235294117,0.43137254901960786,0.5637254901960784,0.21621621621621623,0.5340167753960857,0.375116495806151,0,3.1863932898415657,1.7626730205197905,3.627061544971513,0.8796168212605429,0,0.7837837837837838,1.0,0.0,0.0,0.15,0.41810810810810806,0.15626747437092264,0.5356756756756756,0.2875116495806151,0.5562208760484622,0.3461031249900909,0.2749301025163094,0.4249767008387698
711617,2025-02-08 14:30:00+00:00,2,8,2025,126,SC Freiburg,1,6418,1. FC Heidenheim 1846,0,Europa-Park Stadion,0,2024-2025,0.35294117647058826,-0.4117647058823529,0.4,-1.1,0.23529411764705882,-0.4411764705882353,0.1,-1.5,0,0,0,0.6470588235294117,0.7647058823529411,0.5686274509803921,0.5735294117647058,0.6061452513966481,0.8966480446927374,0.7513966480446927,1,3.1834264432029795,1.764532256054046,3.624559507216491,0.6691779018293885,1,0.3938547486033519,0.7560521415270018,0.24394785847299816,0.05027932960893855,0.19878957169459963,0.2379013087398437,0.2127094972067039,0.2864828156239374,0.32513966480446926,0.4621508379888269,0.5689162105294954,0.7821229050279329,0.043761638733705775
711620,2025-02-08 14:30:00+00:00,2,8,2025,7911,TSG Hoffenheim,0,598,1. FC Union Berlin,4,PreZero Arena,0,2024-2025,0.29411764705882354,-0.35294117647058826,0.2,-0.8,0.2647058823529412,-0.6470588235294118,0.1,-1.4,0,0,0,0.7058823529411764,0.7352941176470589,0.5588235294117647,0.607843137254902,0.7376744186046512,0.893953488372093,0.8158139534883722,4,3.181395348837209,1.7649673603305946,3.6226371889198576,0.022597532192936143,4,0.2623255813953488,0.09116279069767441,0.9088372093023256,0.6,0.33176744186046514,0.15447050297458084,0.22237209302325583,0.40937028230470274,0.33158139534883724,0.446046511627907,0.670269538627172,0.8744186046511628,0.16372093023255813
711616,2025-02-08 14:30:00+00:00,2,8,2025,138,VfL Wolfsburg,0,131,Bayer Leverkusen,0,Volkswagen Arena,0,2024-2025,0.35294117647058826,0.0,0.5,0.7,0.7352941176470589,1.4411764705882353,0.9,1.7,0,0,0,0.6470588235294117,0.2647058823529411,0.5,0.2598039215686274,0.3271375464684015,0.01858736059479554,0.17286245353159851,0,3.1821561338289963,1.7643227563636996,3.623236822919921,0.878599946746533,0,0.9814126394052045,1.0,0.0,0.0,0.15,0.5021003717472119,0.12592936802973978,0.6493122676579925,0.26728624535315987,0.6067843866171003,0.21553177388005193,0.06133828996282528,0.6914498141263941
711614,2025-02-08 17:30:00+00:00,2,8,2025,268,Borussia Mönchengladbach,1,125,Eintracht Frankfurt,1,BORUSSIA-PARK,0,2024-2025,0.3235294117647059,-0.11764705882352941,0.5,0.1,0.4117647058823529,0.38235294117647056,0.5,0.8,0,0,0,0.6764705882352942,0.5882352941176471,0.5196078431372548,0.4362745098039216,0.3862581244196843,0.2757660167130919,0.33101207056638815,2,3.179201485608171,1.7661664619869786,3.6207431011049156,0.3436436264180437,0,0.724233983286908,1.0,0.0,0.15970287836583102,0.15,0.39279944289693586,0.14965181058495822,0.5744507853497929,0.2831012070566388,0.567246982358403,0.23919248904243165,0.0872794800371402,0.5162488393686165
711619,2025-02-09 14:30:00+00:00,2,9,2025,7884,Holstein Kiel,2,121,VfL Bochum,2,Holstein-Stadion,0,2024-2025,0.15,-1.05,0.2,-0.8,0.17647058823529413,-1.2058823529411764,0.3,-0.5,0,0,0,0.85,0.8235294117647058,0.675,0.7009803921568627,0.8794063079777366,0.813543599257885,0.8464749536178108,4,3.1781076066790352,1.7657116265966613,3.6195355133282003,0.02294708348510699,0,0.186456400742115,1.0,0.0,0.6001855287569573,0.15,0.16424397031539886,0.2269712430426716,0.6037932757012402,0.33464749536178107,0.43838126159554736,0.376287086138827,0.35528756957328383,0.5955473098330241
711618,2025-02-09 16:30:00+00:00,2,9,2025,11420,RB Leipzig,2,270,St. Pauli,0,Red Bull Arena,0,2024-2025,0.5,0.7352941176470589,0.3,-0.5,0.3,-0.2,0.4,0.1,0,0,0,0.5,0.7,0.37745098039215685,0.5333333333333334,0.3790546802594995,0.4865616311399444,0.432808155699722,2,3.178869323447637,1.765069813819649,3.620136776902549,0.3437801346605376,2,0.6209453197405005,0.43373493975903615,0.5662650602409638,0.15940685820203893,0.26325301204819274,0.30241449579597357,0.1649212233549583,0.36386903684486394,0.2932808155699722,0.5417979610750695,0.45726589536436807,0.5588507877664504,0.10287303058387395
711626,2025-02-14 19:30:00+00:00,2,14,2025,3841,FC Augsburg,0,11420,RB Leipzig,0,WWK Arena,0,2024-2025,0.35294117647058826,-0.38235294117647056,0.4,-0.1,0.5294117647058824,0.7941176470588235,0.4,-0.2,0,0,0,0.6470588235294117,0.47058823529411764,0.5637254901960784,0.36764705882352944,0.5,0.30925925925925923,0.4046296296296296,0,3.1777777777777776,1.7646163515301936,3.618931865660326,0.8779050380284155,0,0.6907407407407408,1.0,0.0,0.0,0.15,0.37856481481481485,0.16069444444444445,0.48217592592592595,0.290462962962963,0.5488425925925926,0.3631524373266615,0.3175925925925926,0.3037037037037037
711623,2025-02-15 14:30:00+00:00,2,15,2025,598,1. FC Union Berlin,1,268,Borussia Mönchengladbach,2,Stadion An der Alten Försterei,0,2024-2025,0.2647058823529412,-0.5588235294117647,0.2,-0.9,0.3235294117647059,-0.11764705882352941,0.4,-0.1,0,0,0,0.7352941176470589,0.6764705882352942,0.5931372549019607,0.5196078431372548,0.782608695652174,0.48196114708603144,0.6322849213691026,3,3.174838112858464,1.7664453731082914,3.616449456135537,0.05907571180514748,1,0.5180388529139686,0.7539315448658649,0.2460684551341351,0.39592969472710454,0.199213691026827,0.28749784136215395,0.1948427382053654,0.5231802699562393,0.3132284921369103,0.49192876965772425,0.3996252680559037,0.4107308048103608,0.40333024976873266
711627,2025-02-15 14:30:00+00:00,2,15,2025,270,St. Pauli,0,126,SC Freiburg,1,Millerntor-Stadion,0,2024-2025,0.2857142857142857,-0.2857142857142857,0.4,0.1,0.38235294117647056,-0.29411764705882354,0.5,-0.6,0,0,0,0.7142857142857143,0.6176470588235294,0.5476190476190477,0.5490196078431373,0.511090573012939,0.45748613678373384,0.48428835489833644,1,3.174676524953789,1.7656361422583544,3.616085560518378,0.6663521496958802,1,0.5425138632162662,0.7541589648798521,0.24584103512014788,0.051756007393715345,0.19916820702402957,0.2973143541944985,0.17264325323475047,0.3583338513101465,0.2984288354898337,0.5289279112754158,0.4445608847613717,0.5240295748613678,0.09611829944547134
711629,2025-02-15 14:30:00+00:00,2,15,2025,134,VfB Stuttgart,1,138,VfL Wolfsburg,2,MHPArena,0,2024-2025,0.5588235294117647,0.7352941176470589,0.6,0.6,0.35294117647058826,0.029411764705882353,0.4,0.6,0,0,0,0.4411764705882353,0.6470588235294117,0.37745098039215685,0.4950980392156863,0.1698984302862419,0.39242843951985223,0.28116343490304707,3,3.172668513388735,1.7660567801824425,3.6141827084343454,0.05868007331595848,1,0.8301015697137581,0.7543859649122807,0.24561403508771928,0.3961218836565097,0.19912280701754387,0.4124924268195882,0.14217451523545707,0.6303183572523046,0.27811634349030473,0.5797091412742381,0.23964510173153394,0.0886426592797784,0.667590027700831
711621,2025-02-15 14:30:00+00:00,2,15,2025,121,VfL Bochum,2,124,Borussia Dortmund,0,Vonovia Ruhrstadion,0,2024-2025,0.17647058823529413,-1.2058823529411764,0.3,-0.3,0.4411764705882353,0.2647058823529412,0.2,-0.3,0,0,0,0.8235294117647058,0.5588235294117647,0.7009803921568627,0.4558823529411765,0.7795202952029521,0.5276752767527675,0.6535977859778598,2,3.172509225092251,1.765249028311712,3.613821482170179,0.3415698130317628,2,0.4723247232472325,0.4326568265682657,0.5673431734317342,0.16051660516605165,0.26346863468634685,0.24759412317370408,0.19803966789667898,0.3100485838193985,0.31535977859778597,0.4866005535055351,0.5646026343255569,0.7767527675276753,0.05719557195571956
711624,2025-02-15 17:30:00+00:00,2,15,2025,131,Bayer Leverkusen,0,132,Bayern Munich,0,BayArena,0,2024-2025,0.7058823529411765,1.3529411764705883,0.8,1.4,0.7058823529411765,1.7058823529411764,0.8,1.7,0,0,0,0.2941176470588235,0.2941176470588235,0.27450980392156854,0.21568627450980393,0.04423963133640553,0.027649769585253458,0.035944700460829496,0,3.1714285714285713,1.7647936348301916,3.612626980136119,0.8769560915470601,0,0.9723502304147466,1.0,0.0,0.0,0.15,0.4982488479262673,0.10539170506912443,0.6441013824884793,0.25359447004608293,0.6410138248847926,0.11546494768563433,0.011059907834101382,0.6847926267281106
711628,2025-02-16 14:30:00+00:00,2,16,2025,137,Werder Bremen,1,7911,TSG Hoffenheim,3,Weserstadion,0,2024-2025,0.35294117647058826,-0.20588235294117646,0.4,0.0,0.29411764705882354,-0.47058823529411764,0.1,-1.3,0,0,0,0.6470588235294117,0.7058823529411764,0.5343137254901962,0.5784313725490196,0.4631675874769797,0.860036832412523,0.6616022099447514,4,3.1685082872928176,1.7666033913495034,3.6101591351301936,0.024054159959355226,2,0.5368324125230203,0.43278084714548803,0.567219152854512,0.6022099447513812,0.26344383057090237,0.27135922963957826,0.19924033149171272,0.5390104878230051,0.31616022099447516,0.4845994475138121,0.5047367569359817,0.6712707182320442,0.4281767955801105
711625,2025-02-16 16:30:00+00:00,2,16,2025,125,Eintracht Frankfurt,3,7884,Holstein Kiel,1,Deutsche Bank Park,0,2024-2025,0.4117647058823529,0.38235294117647056,0.4,0.7,0.14285714285714285,-1.0,0.2,-0.5,0,0,0,0.5882352941176471,0.8571428571428572,0.4362745098039216,0.6666666666666667,0.3155473781048758,0.8638454461821528,0.5896964121435143,4,3.169273229070837,1.765969943017652,3.61076571482525,0.023997265572673898,2,0.6844526218951241,0.43330266789328425,0.5666973321067157,0.6016559337626495,0.26333946642134315,0.3257706701851521,0.18845446182152714,0.5686150131867875,0.30896964121435144,0.5025758969641214,0.4759818664163795,0.6044158233670653,0.5022999080036799
711622,2025-02-16 18:30:00+00:00,2,16,2025,6418,1. FC Heidenheim 1846,0,2950,Mainz,2,Voith-Arena,0,2024-2025,0.20588235294117646,-0.5,0.1,-1.3,0.4411764705882353,0.47058823529411764,0.5,0.5,0,0,0,0.7941176470588236,0.5588235294117647,0.5833333333333333,0.42156862745098034,0.8915441176470589,0.2766544117647059,0.5840992647058824,2,3.1700367647058822,1.7653371026644211,3.6113710403719876,0.3407069123950244,2,0.7233455882352942,0.4338235294117647,0.5661764705882353,0.16084558823529413,0.26323529411764707,0.34014422037197234,0.18761488970588236,0.4017673101566873,0.30840992647058824,0.5039751838235293,0.5329076677558544,0.7224264705882353,0.15073529411764705
711636,2025-02-21 19:30:00+00:00,2,21,2025,126,SC Freiburg,5,137,Werder Bremen,0,Europa-Park Stadion,0,2024-2025,0.4117647058823529,-0.2647058823529412,0.5,-0.7,0.3235294117647059,-0.29411764705882354,0.4,-0.2,0,0,0,0.5882352941176471,0.6764705882352942,0.5441176470588236,0.5490196078431373,0.44168962350780533,0.5224977043158862,0.4820936639118457,5,3.1689623507805327,1.76488181976461,3.610182805721685,0.2666014284253121,5,0.5583103764921946,0.03764921946740129,0.9623507805325987,0.7823691460055097,0.34247015610651976,0.24930585173885947,0.17231404958677687,0.519972668640766,0.29820936639118456,0.5294765840220386,0.5881784946129858,0.8117539026629935,0.3921028466483012
711632,2025-02-22 14:30:00+00:00,2,22,2025,268,Borussia Mönchengladbach,0,3841,FC Augsburg,3,BORUSSIA-PARK,0,2024-2025,0.35294117647058826,-0.029411764705882353,0.5,0.2,0.35294117647058826,-0.35294117647058826,0.3,-0.2,0,0,0,0.6470588235294117,0.6470588235294117,0.5049019607843137,0.5588235294117647,0.3596330275229358,0.5788990825688073,0.46926605504587154,3,3.1706422018348626,1.7649429062473567,3.6118779283967015,0.058324919114094986,3,0.6403669724770642,0.20458715596330276,0.7954128440366972,0.3963302752293578,0.3090825688073394,0.29031209494150323,0.17038990825688072,0.41609241785319095,0.29692660550458716,0.5326834862385321,0.49608749154674453,0.6513761467889908,0.1724770642201835
711638,2025-02-22 14:30:00+00:00,2,22,2025,7884,Holstein Kiel,0,131,Bayer Leverkusen,2,Holstein-Stadion,0,2024-2025,0.13636363636363635,-1.0454545454545454,0.2,-0.5,0.6764705882352942,1.3235294117647058,0.7,1.3,0,0,0,0.8636363636363636,0.32352941176470584,0.6742424242424243,0.27941176470588236,0.8625114573785518,0.06507791017415215,0.463794683776352,2,3.1704857928505956,1.7641406782329272,3.6115209624088274,0.3411306161003844,2,0.9349220898258479,0.43538038496791936,0.5646196150320806,0.1604032997250229,0.2629239230064161,0.4182619608310979,0.1695692025664528,0.4790552733178286,0.2963794683776352,0.534051329055912,0.47287707516176525,0.5948670944087993,0.29880843263061413
711630,2025-02-22 14:30:00+00:00,2,22,2025,2950,Mainz,2,270,St. Pauli,0,MEWA ARENA,0,2024-2025,0.4411764705882353,0.5,0.5,0.5,0.2727272727272727,-0.3181818181818182,0.3,-0.2,0,0,0,0.5588235294117647,0.7272727272727273,0.41666666666666663,0.553030303030303,0.2683150183150183,0.6272893772893773,0.44780219780219777,2,3.1694139194139193,1.763687710443959,3.610335847024909,0.3408674038535915,2,0.7316849816849818,0.4358974358974359,0.5641025641025641,0.16025641025641027,0.26282051282051283,0.3434095285056824,0.1671703296703297,0.40509731509176783,0.2947802197802198,0.5380494505494504,0.46420892058312246,0.5714285714285714,0.15842490842490842
711634,2025-02-22 14:30:00+00:00,2,22,2025,138,VfL Wolfsburg,1,121,VfL Bochum,1,Volkswagen Arena,0,2024-2025,0.38235294117647056,0.058823529411764705,0.4,0.3,0.17647058823529413,-1.1764705882352942,0.4,0.0,0,0,0,0.6176470588235294,0.8235294117647058,0.4901960784313726,0.696078431372549,0.3778591033851784,0.7026532479414456,0.540256175663312,2,3.1683440073193045,1.7632348058190344,3.6091527087740634,0.34060473245828093,0,0.6221408966148216,1.0,0.0,0.16010978956999086,0.15000000000000002,0.3494098810612992,0.1810384263494968,0.5228803941576146,0.3040256175663312,0.514935956084172,0.3398598751170045,0.2561756633119854,0.40439158279963405
711631,2025-02-22 17:30:00+00:00,2,22,2025,124,Borussia Dortmund,6,598,1. FC Union Berlin,0,SIGNAL IDUNA PARK,0,2024-2025,0.4411764705882353,0.20588235294117646,0.2,-0.5,0.23529411764705882,-0.6176470588235294,0.2,-0.9,0,0,0,0.5588235294117647,0.7647058823529411,0.46568627450980393,0.6029411764705883,0.5493601462522852,0.8217550274223034,0.6855575868372943,6,3.1672760511883,1.7627819656963266,3.6079715426123817,0.6017491427716551,6,0.45063985374771476,0.014625228519195612,0.9853747714808044,0.8921389396709324,0.34707495429616086,0.21240952812248293,0.20283363802559415,0.5525133912955856,0.31855575868372943,0.4786106032906764,0.7640669059507293,0.8930530164533821,0.45886654478976235
711635,2025-02-23 14:30:00+00:00,2,23,2025,11420,RB Leipzig,2,6418,1. FC Heidenheim 1846,2,Red Bull Arena,0,2024-2025,0.5,0.7352941176470589,0.4,0.2,0.20588235294117646,-0.5294117647058824,0.1,-1.1,0,0,0,0.5,0.7941176470588236,0.37745098039215685,0.588235294117647,0.28949771689497716,0.891324200913242,0.5904109589041096,4,3.16986301369863,1.7640544228599486,3.6108766194136175,0.024035240755627352,0,0.7105022831050228,1.0,0.0,0.6018264840182649,0.15,0.38696347031963474,0.18856164383561644,0.7722064594149414,0.30904109589041096,0.5023972602739726,0.30115297269601954,0.17168949771689498,0.8191780821917808
711633,2025-02-23 16:30:00+00:00,2,23,2025,132,Bayern Munich,4,125,Eintracht Frankfurt,0,Allianz Arena,0,2024-2025,0.7058823529411765,1.7352941176470589,0.8,1.7,0.4411764705882353,0.4411764705882353,0.4,0.5,0,0,0,0.2941176470588235,0.5588235294117647,0.21078431372549022,0.42647058823529405,0.025547445255474453,0.3220802919708029,0.1738138686131387,4,3.170620437956204,1.7634270231134443,3.611477193734565,0.02397884879713663,4,0.9744525547445255,0.09215328467153285,0.9078467153284672,0.6012773722627737,0.3315693430656934,0.3925200463530289,0.1260720802919708,0.5251694119059109,0.26738138686131385,0.6065465328467153,0.3511905765208494,0.29105839416058393,0.4096715328467153
711637,2025-02-23 18:30:00+00:00,2,23,2025,7911,TSG Hoffenheim,1,134,VfB Stuttgart,1,PreZero Arena,0,2024-2025,0.3235294117647059,-0.38235294117647056,0.2,-0.9,0.5294117647058824,0.6764705882352942,0.6,0.5,0,0,0,0.6764705882352942,0.47058823529411764,0.5637254901960784,0.38725490196078427,0.731996353691887,0.1959890610756609,0.46399270738377396,2,3.171376481312671,1.7628002207195772,3.612076536492565,0.34173843551846395,0,0.8040109389243391,1.0,0.0,0.15952597994530537,0.15,0.42670464904284405,0.16959890610756612,0.6148328955492272,0.2963992707383774,0.5340018231540564,0.3057314165119644,0.18596171376481313,0.6298997265268915
711639,2025-02-28 19:30:00+00:00,2,28,2025,134,VfB Stuttgart,1,132,Bayern Munich,3,MHPArena,0,2024-2025,0.5294117647058824,0.6764705882352942,0.5,0.4,0.7058823529411765,1.8235294117647058,0.8,1.9,0,0,0,0.47058823529411764,0.2941176470588235,0.38725490196078427,0.1960784313725491,0.22313296903460839,0.02185792349726776,0.12249544626593807,4,3.1703096539162114,1.7623511515384138,3.610897441800815,0.024078612133758615,2,0.9781420765027322,0.43624772313296906,0.5637522768670309,0.6010928961748634,0.2627504553734062,0.4342923547035345,0.11837431693989071,0.6285717416423047,0.26224954462659383,0.6193761384335155,0.22656482363866548,0.07012750455373407,0.6657559198542805
711646,2025-03-01 14:30:00+00:00,3,1,2025,6418,1. FC Heidenheim 1846,0,268,Borussia Mönchengladbach,3,Voith-Arena,0,2024-2025,0.20588235294117646,-0.5294117647058824,0.1,-0.9,0.3235294117647059,-0.20588235294117646,0.5,-0.1,0,0,0,0.7941176470588236,0.6764705882352942,0.588235294117647,0.5343137254901962,0.8676337262012692,0.44061650045330913,0.6541251133272892,3,3.1677243880326382,1.760107185167839,3.6077511843245977,0.057871246256150255,3,0.5593834995466909,0.20489573889392565,0.7951042611060744,0.3970988213961922,0.3090208522212149,0.26235908167702193,0.19811876699909337,0.39682194671991733,0.3154125113327289,0.48646872166817773,0.5804626194111684,0.800543970988214,0.13961922030825022
711641,2025-03-01 14:30:00+00:00,3,1,2025,11420,RB Leipzig,1,2950,Mainz,2,Red Bull Arena,0,2024-2025,0.5,0.7647058823529411,0.3,0.0,0.47058823529411764,0.5882352941176471,0.6,0.8,0,0,0,0.5,0.5294117647058824,0.37254901960784315,0.4019607843137255,0.3466424682395644,0.2014519056261343,0.27404718693284935,3,3.1678765880217785,1.7608990641925693,3.608101354069921,0.05788542406811603,1,0.7985480943738656,0.7549909255898367,0.24500907441016329,0.397459165154265,0.19900181488203267,0.39991760567323553,0.1411070780399274,0.6202598355835873,0.2774047186932849,0.5814882032667876,0.23548992275530745,0.08166969147005444,0.6424682395644283
711642,2025-03-01 14:30:00+00:00,3,1,2025,270,St. Pauli,0,124,Borussia Dortmund,2,Millerntor-Stadion,0,2024-2025,0.2608695652173913,-0.391304347826087,0.3,-0.3,0.47058823529411764,0.4117647058823529,0.3,0.1,0,0,0,0.7391304347826086,0.5294117647058824,0.5652173913043479,0.43137254901960786,0.6430517711171662,0.3960036330608538,0.51952770208901,2,3.1689373297002725,1.7613470198262116,3.6092740846568256,0.34123487164476407,2,0.6039963669391462,0.4359673024523161,0.5640326975476839,0.15985467756584923,0.2628065395095368,0.2963504319828147,0.17792915531335152,0.3584041136629783,0.301952770208901,0.5201180744777475,0.5012426160365199,0.662125340599455,0.0971843778383288
711643,2025-03-01 14:30:00+00:00,3,1,2025,121,VfL Bochum,0,7911,TSG Hoffenheim,1,Vonovia Ruhrstadion,0,2024-2025,0.17647058823529413,-1.088235294117647,0.4,0.1,0.29411764705882354,-0.4117647058823529,0.2,-0.9,0,0,0,0.8235294117647058,0.7058823529411764,0.6813725490196079,0.5686274509803921,0.6681818181818182,0.7709090909090909,0.7195454545454545,1,3.170909090909091,1.76093208084976,3.6111421111215307,0.6669207682483149,1,0.3318181818181818,0.7545454545454545,0.24545454545454548,0.05181818181818182,0.1990909090909091,0.21296900826446277,0.20793181818181816,0.2572227667167543,0.32195454545454544,0.4701136363636364,0.5559673847019466,0.7618181818181818,0.028181818181818183
711640,2025-03-01 14:30:00+00:00,3,1,2025,137,Werder Bremen,1,138,VfL Wolfsburg,2,Weserstadion,0,2024-2025,0.3235294117647059,-0.4411764705882353,0.3,-0.8,0.38235294117647056,0.058823529411764705,0.3,0.2,0,0,0,0.6764705882352942,0.6176470588235294,0.5735294117647058,0.4901960784313726,0.6633303002729755,0.4604185623293904,0.561874431301183,3,3.171064604185623,1.761726222921494,3.6114961599159967,0.058460897527244704,1,0.5395814376706096,0.7543221110100091,0.24567788898999088,0.39672429481346677,0.19913557779799818,0.29615223037569927,0.18428116469517747,0.5310756253429805,0.3061874431301183,0.5095313921747042,0.3722893881571584,0.3421292083712466,0.42038216560509556
711644,2025-03-01 17:30:00+00:00,3,1,2025,125,Eintracht Frankfurt,1,131,Bayer Leverkusen,4,Deutsche Bank Park,0,2024-2025,0.4411764705882353,0.3235294117647059,0.4,0.1,0.6764705882352942,1.3529411764705883,0.7,1.4,0,0,0,0.5588235294117647,0.32352941176470584,0.446078431372549,0.27450980392156854,0.3523550724637681,0.059782608695652176,0.20606884057971014,5,3.1675724637681157,1.7593163734033737,3.6074015571189593,0.26895547086382865,3,0.9402173913043478,0.2056159420289855,0.7943840579710145,0.7835144927536232,0.3088768115942029,0.3940153394770006,0.13091032608695652,0.6042154907785061,0.270606884057971,0.5984827898550724,0.3735034976788627,0.34601449275362317,0.6005434782608695
711645,2025-03-02 14:30:00+00:00,3,2,2025,598,1. FC Union Berlin,0,7884,Holstein Kiel,1,Stadion An der Alten Försterei,0,2024-2025,0.23529411764705882,-0.7941176470588235,0.2,-1.4,0.13043478260869565,-1.0869565217391304,0.2,-0.5,0,0,0,0.7647058823529411,0.8695652173913043,0.6323529411764706,0.681159420289855,0.8660633484162896,0.8796380090497737,0.8728506787330317,1,3.169230769230769,1.7593831897777934,3.6090765666752174,0.666985661731444,1,0.13393665158371038,0.755656108597285,0.24434389140271495,0.051583710407239816,0.198868778280543,0.13376353883008127,0.23092760180995475,0.1621403547812965,0.33728506787330315,0.4317873303167421,0.613324809636752,0.8407239819004525,0.0018099547511312218
711647,2025-03-02 16:30:00+00:00,3,2,2025,3841,FC Augsburg,0,126,SC Freiburg,0,WWK Arena,0,2024-2025,0.35294117647058826,-0.29411764705882354,0.4,0.1,0.4411764705882353,-0.08823529411764706,0.6,-0.2,0,0,0,0.6470588235294117,0.5588235294117647,0.5490196078431373,0.5147058823529411,0.4620253164556962,0.325497287522604,0.3937613019891501,0,3.167269439421338,1.7597961507068305,3.6072184770980456,0.8776447308507375,0,0.674502712477396,1.0,0.0,0.0,0.15,0.3716636528028933,0.1590641952983725,0.47283905967450274,0.289376130198915,0.5515596745027125,0.3567847084275292,0.30018083182640143,0.2848101265822785
711653,2025-03-07 19:30:00+00:00,3,7,2025,268,Borussia Mönchengladbach,1,2950,Mainz,3,BORUSSIA-PARK,0,2024-2025,0.35294117647058826,-0.11764705882352941,0.5,-0.1,0.5,0.6176470588235294,0.6,0.8,0,0,0,0.6470588235294117,0.5,0.5196078431372548,0.3970588235294118,0.3884372177055104,0.1897018970189702,0.28906955736224027,4,3.1644083107497742,1.7615744045768662,3.6048019118939907,0.024851043577228227,2,0.8102981029810298,0.4363143631436314,0.5636856368563685,0.6025293586269196,0.2627371273712737,0.3724276408075734,0.14336043360433603,0.5952148630413725,0.27890695573622404,0.5777326106594399,0.3277834113876519,0.23035230352303523,0.5700090334236676
711655,2025-03-08 14:30:00+00:00,3,8,2025,131,Bayer Leverkusen,0,137,Werder Bremen,2,BayArena,0,2024-2025,0.6764705882352942,1.3823529411764706,0.7,1.5,0.3235294117647059,-0.4411764705882353,0.2,-1.1,0,0,0,0.32352941176470584,0.6764705882352942,0.26960784313725483,0.5735294117647058,0.06046931407942238,0.776173285198556,0.4183212996389892,2,3.1651624548736463,1.7609575059130596,3.6054018313519114,0.34003320974891826,2,0.9395306859205776,0.4368231046931408,0.5631768953068592,0.16064981949458484,0.26263537906137185,0.4201248061358808,0.16274819494584838,0.48123873899597785,0.2918321299638989,0.5454196750902527,0.4478535713445656,0.5324909747292419,0.30505415162454874
711651,2025-03-08 14:30:00+00:00,3,8,2025,132,Bayern Munich,2,121,VfL Bochum,3,Allianz Arena,0,2024-2025,0.7352941176470589,1.8823529411764706,0.9,2.2,0.17647058823529413,-1.0294117647058822,0.3,-0.2,0,0,0,0.2647058823529411,0.8235294117647058,0.18627450980392146,0.6715686274509804,0.010820559062218215,0.7718665464382326,0.3913435527502254,5,3.1641118124436427,1.760510379449934,3.6042394073061264,0.2696844025014671,1,0.9891794409377818,0.7556357078449053,0.2443642921550947,0.7835888187556357,0.19887285843101893,0.47634196316554206,0.1587015329125338,0.8111599737278092,0.2891343552750225,0.5521641118124436,0.32953930536193854,0.23264201983769162,0.8629395852119026
711654,2025-03-08 14:30:00+00:00,3,8,2025,124,Borussia Dortmund,0,3841,FC Augsburg,1,SIGNAL IDUNA PARK,0,2024-2025,0.47058823529411764,0.4117647058823529,0.4,0.3,0.3235294117647059,-0.47058823529411764,0.4,0.3,0,0,0,0.5294117647058824,0.6764705882352942,0.43137254901960786,0.5784313725490196,0.3153153153153153,0.4774774774774775,0.3963963963963964,1,3.165765765765766,1.7605790247369295,3.605910521949998,0.6655985847736021,1,0.6846846846846847,0.7558558558558559,0.2441441441441441,0.05225225225225225,0.19882882882882882,0.3543919324730136,0.15945945945945947,0.4273494928822176,0.2896396396396396,0.5509009009009009,0.39522494436366334,0.4018018018018018,0.18828828828828828
711650,2025-03-08 14:30:00+00:00,3,8,2025,7884,Holstein Kiel,2,134,VfB Stuttgart,2,Holstein-Stadion,0,2024-2025,0.16666666666666666,-1.0,0.3,-0.1,0.5,0.5882352941176471,0.4,0.0,0,0,0,0.8333333333333334,0.5,0.6666666666666667,0.4019607843137255,0.7488748874887489,0.32223222322232226,0.5355535553555355,4,3.163816381638164,1.7609849359470104,3.6040626156249167,0.024959429041718995,0,0.6777677767776777,1.0,0.0,0.6021602160216022,0.15,0.373051305130513,0.18033303330333034,0.7619160007809962,0.3035553555355536,0.516111611161116,0.2809064178662218,0.14401440144014402,0.8154815481548154
711656,2025-03-08 14:30:00+00:00,3,8,2025,138,VfL Wolfsburg,1,270,St. Pauli,1,Volkswagen Arena,0,2024-2025,0.4117647058823529,0.11764705882352941,0.4,0.4,0.25,-0.4583333333333333,0.3,-0.3,0,0,0,0.5882352941176471,0.75,0.48039215686274506,0.5763888888888888,0.35701438848920863,0.6609712230215827,0.5089928057553956,2,3.164568345323741,1.7603708370890445,3.6046610545960025,0.3399628261377847,0,0.6429856115107914,1.0,0.0,0.16097122302158273,0.15,0.35826888489208636,0.17634892086330933,0.5338712856153927,0.30089928057553955,0.5227517985611512,0.3260289821863589,0.22661870503597123,0.4262589928057554
711649,2025-03-08 17:30:00+00:00,3,8,2025,126,SC Freiburg,0,11420,RB Leipzig,0,Europa-Park Stadion,0,2024-2025,0.4411764705882353,-0.08823529411764706,0.5,-0.3,0.47058823529411764,0.6470588235294118,0.2,-0.2,0,0,0,0.5588235294117647,0.5294117647058824,0.5147058823529411,0.3921568627450981,0.36298292902066487,0.4528301886792453,0.4079065588499551,0,3.1635220125786163,1.759925346303067,3.603503349154383,0.8770765545022241,0,0.6370170709793351,1.0,0.0,0.0,0.15,0.3557322551662174,0.16118598382749327,0.4512848158131177,0.29079065588499553,0.5480233602875112,0.3649147703937369,0.3279424977538185,0.23270440251572327
711652,2025-03-09 14:30:00+00:00,3,9,2025,125,Eintracht Frankfurt,1,598,1. FC Union Berlin,2,Deutsche Bank Park,0,2024-2025,0.4117647058823529,0.20588235294117646,0.4,-0.1,0.23529411764705882,-0.7647058823529411,0.2,-1.3,0,0,0,0.5882352941176471,0.7647058823529411,0.46568627450980393,0.6274509803921569,0.3850987432675045,0.8653500897666068,0.6252244165170556,3,3.1606822262118492,1.7616861464584455,3.601103762826461,0.056549996445868556,1,0.6149012567324955,0.7540394973070018,0.24596050269299818,0.3985637342908438,0.19919210053859965,0.32628968183620255,0.19378366247755835,0.5576445334263364,0.31252244165170556,0.49369389587073603,0.39649612025968295,0.4066427289048474,0.4784560143626571
711648,2025-03-09 16:30:00+00:00,3,9,2025,7911,TSG Hoffenheim,1,6418,1. FC Heidenheim 1846,1,PreZero Arena,0,2024-2025,0.29411764705882354,-0.4117647058823529,0.3,-0.8,0.20588235294117646,-0.5882352941176471,0.1,-1.0,0,0,0,0.7058823529411764,0.7941176470588236,0.5686274509803921,0.5980392156862746,0.6825112107623318,0.8923766816143498,0.7874439461883408,2,3.1605381165919284,1.760901841004642,3.600763576843089,0.33846612433577916,0,0.3174887892376682,1.0,0.0,0.16143497757847533,0.15,0.21993273542600902,0.2181165919282511,0.36927094854109277,0.3287443946188341,0.45313901345291485,0.4306466504485388,0.4923766816143498,0.10941704035874439
711663,2025-03-14 19:30:00+00:00,3,14,2025,270,St. Pauli,1,7911,TSG Hoffenheim,0,Millerntor-Stadion,0,2024-2025,0.24,-0.44,0.2,-0.4,0.29411764705882354,-0.35294117647058826,0.3,-0.7,0,0,0,0.76,0.7058823529411764,0.5733333333333333,0.5588235294117647,0.7419354838709677,0.6657706093189965,0.7038530465949822,1,3.1594982078853047,1.7604548227536039,3.5996119135737055,0.663876981361518,1,0.33422939068100355,0.753584229390681,0.24641577060931896,0.0528673835125448,0.1992831541218638,0.21388323634074588,0.20557795698924733,0.2588096785060291,0.3203853046594982,0.4740367383512545,0.54907866774654,0.7553763440860215,0.02956989247311828
711658,2025-03-15 14:30:00+00:00,3,15,2025,598,1. FC Union Berlin,1,132,Bayern Munich,1,Stadion An der Alten Försterei,0,2024-2025,0.2647058823529412,-0.6764705882352942,0.3,-0.9,0.7058823529411765,1.6470588235294117,0.8,1.7,0,0,0,0.7352941176470589,0.2941176470588235,0.6127450980392157,0.22549019607843146,0.738585496866607,0.03043867502238138,0.3845120859444942,2,3.1575649059982096,1.7608518060657488,3.5977778575146466,0.3374621245430013,0,0.9695613249776186,1.0,0.0,0.162041181736795,0.15,0.49706356311548794,0.15767681289167412,0.6996879991728708,0.2884512085944494,0.5538719785138765,0.26618042207416837,0.11817367949865712,0.7726051924798567
711664,2025-03-15 14:30:00+00:00,3,15,2025,3841,FC Augsburg,1,138,VfL Wolfsburg,0,WWK Arena,0,2024-2025,0.3235294117647059,-0.47058823529411764,0.5,0.8,0.4117647058823529,0.17647058823529413,0.4,0.6,0,0,0,0.6764705882352942,0.5882352941176471,0.5784313725490196,0.47058823529411764,0.36046511627906974,0.3488372093023256,0.35465116279069764,1,3.1565295169946332,1.7604038700280145,3.596630484501637,0.6630570458049556,1,0.6511627906976745,0.7531305903398927,0.2468694096601073,0.052772808586762074,0.19937388193202146,0.3407315804800932,0.15319767441860466,0.410710156107724,0.2854651162790698,0.5613372093023256,0.37113029615531223,0.33899821109123435,0.1708407871198569
711665,2025-03-15 14:30:00+00:00,3,15,2025,2950,Mainz,2,126,SC Freiburg,2,MEWA ARENA,0,2024-2025,0.5294117647058824,0.8823529411764706,0.6,0.8,0.4117647058823529,-0.11764705882352941,0.5,0.1,0,0,0,0.47058823529411764,0.5882352941176471,0.3529411764705882,0.5196078431372548,0.15996425379803395,0.3681858802502234,0.2640750670241287,4,3.154602323503128,1.7607969507130539,3.5948015611813915,0.02613063805264415,0,0.8400357462019661,1.0,0.0,0.6041108132260947,0.15,0.44201519213583557,0.13961126005361932,0.8144885881288428,0.2764075067024129,0.5839812332439678,0.15786301461426883,0.024128686327077747,0.8641644325290437
711661,2025-03-15 14:30:00+00:00,3,15,2025,137,Werder Bremen,2,268,Borussia Mönchengladbach,4,Weserstadion,0,2024-2025,0.35294117647058826,-0.35294117647058826,0.2,-1.2,0.35294117647058826,-0.17647058823529413,0.4,-0.4,0,0,0,0.6470588235294117,0.6470588235294117,0.5588235294117647,0.5294117647058822,0.7446428571428572,0.5089285714285714,0.6267857142857143,6,3.155357142857143,1.7601912767594403,3.595404962047003,0.6066725653428328,2,0.4910714285714286,0.4330357142857143,0.5669642857142857,0.89375,0.26339285714285715,0.254524075255102,0.19401785714285713,0.670424463032981,0.3126785714285714,0.49330357142857145,0.6041785254008907,0.8321428571428572,0.7223214285714286
711662,2025-03-15 17:30:00+00:00,3,15,2025,11420,RB Leipzig,2,124,Borussia Dortmund,0,Red Bull Arena,0,2024-2025,0.4411764705882353,0.5882352941176471,0.2,0.2,0.4411764705882353,0.35294117647058826,0.3,0.0,0,0,0,0.5588235294117647,0.5588235294117647,0.4019607843137255,0.4411764705882353,0.4272970561998216,0.4272970561998216,0.4272970561998216,2,3.1578947368421053,1.7614555242496956,3.5982586179045293,0.3374392416965255,2,0.5727029438001784,0.4335414808206958,0.5664585191793041,0.1623550401427297,0.2632917038358608,0.28462833458402204,0.16409455842997323,0.3475835838341112,0.2927297056199822,0.5431757359500446,0.45328857189905075,0.552185548617306,0.0847457627118644
711659,2025-03-16 14:30:00+00:00,3,16,2025,121,VfL Bochum,1,125,Eintracht Frankfurt,3,Vonovia Ruhrstadion,0,2024-2025,0.20588235294117646,-0.9705882352941176,0.3,-0.3,0.38235294117647056,0.11764705882352941,0.4,0.0,0,0,0,0.7941176470588236,0.6176470588235294,0.661764705882353,0.48039215686274506,0.7442067736185384,0.42513368983957217,0.5846702317290553,4,3.156862745098039,1.7610089955204549,3.5971149939781526,0.025830846888895476,2,0.5748663101604279,0.43404634581105167,0.5659536541889483,0.6033868092691622,0.26319073083778965,0.2854643398438617,0.1877005347593583,0.5475398146549528,0.30846702317290553,0.5038324420677361,0.4740023333921848,0.6016042780748663,0.45098039215686275
711657,2025-03-16 16:30:00+00:00,3,16,2025,6418,1. FC Heidenheim 1846,3,7884,Holstein Kiel,1,Voith-Arena,0,2024-2025,0.20588235294117646,-0.5588235294117647,0.1,-0.8,0.16,-0.96,0.2,-0.5,0,0,0,0.7941176470588236,0.84,0.5931372549019607,0.6599999999999999,0.8637577916295637,0.8504007123775601,0.8570792520035619,4,3.157613535173642,1.760403860109967,3.5977145002011337,0.025772506934150896,2,0.1495992876224399,0.43455031166518254,0.5654496883348175,0.6028495102404274,0.2630899376669635,0.12881161641671868,0.2285618878005343,0.46192504561420816,0.3357079252003562,0.4357301869991095,0.5691718572628605,0.786286731967943,0.25734639358860195
711660,2025-03-16 18:30:00+00:00,3,16,2025,134,VfB Stuttgart,3,131,Bayer Leverkusen,4,MHPArena,0,2024-2025,0.47058823529411764,0.5294117647058824,0.4,0.1,0.6470588235294118,1.2647058823529411,0.6,0.9,0,0,0,0.5294117647058824,0.3529411764705882,0.4117647058823529,0.2892156862745098,0.3193950177935943,0.1103202846975089,0.21485765124555162,7,3.1583629893238436,1.7597992751391751,3.5983128081086373,0.845604721256835,1,0.8896797153024911,0.75355871886121,0.24644128113879005,0.958185053380783,0.199288256227758,0.4362596724965489,0.13222864768683273,0.8552625263311889,0.27148576512455513,0.5962855871886121,0.3068349892725522,0.1895017793594306,0.8879003558718861
711666,2025-03-28 19:30:00+00:00,3,28,2025,131,Bayer Leverkusen,3,121,VfL Bochum,1,BayArena,0,2024-2025,0.6470588235294118,1.2647058823529411,0.6,0.9,0.20588235294117646,-0.9705882352941176,0.3,-0.3,0,0,0,0.3529411764705882,0.7941176470588236,0.2892156862745098,0.661764705882353,0.11377777777777778,0.7582222222222222,0.436,4,3.1617777777777776,1.7627412241084084,3.6024630838048797,0.025109463890124806,2,0.8862222222222222,0.43466666666666665,0.5653333333333334,0.6017777777777777,0.26306666666666667,0.40023668148148145,0.1654,0.6097216330798354,0.29359999999999997,0.541,0.4060109719940933,0.42933333333333334,0.624
711674,2025-03-29 14:30:00+00:00,3,29,2025,132,Bayern Munich,3,270,St. Pauli,2,Allianz Arena,0,2024-2025,0.6764705882352942,1.5588235294117647,0.7,1.6,0.2692307692307692,-0.38461538461538464,0.3,-0.2,0,0,0,0.32352941176470584,0.7307692307692308,0.24019607843137258,0.5641025641025641,0.052397868561278864,0.6349911190053286,0.3436944937833037,5,3.1625222024866786,1.7621346743701851,3.603055871079225,0.26965015467746034,1,0.9476021314387212,0.7539964476021315,0.24600355239786853,0.7841918294849023,0.19920071047957372,0.45949948575412747,0.15155417406749555,0.802868515286502,0.28436944937833036,0.5640763765541741,0.3046924459147171,0.18383658969804617,0.8472468916518651
711672,2025-03-29 14:30:00+00:00,3,29,2025,268,Borussia Mönchengladbach,1,11420,RB Leipzig,0,BORUSSIA-PARK,0,2024-2025,0.38235294117647056,-0.11764705882352941,0.5,-0.1,0.4411764705882353,0.5294117647058824,0.2,0.2,0,0,0,0.6176470588235294,0.5588235294117647,0.5196078431372548,0.4117647058823529,0.3779946761313221,0.4454303460514641,0.41171251109139306,1,3.1641526175687664,1.7622022607942283,3.6047031827673237,0.6645837940413932,1,0.6220053238686779,0.7542147293700089,0.24578527062999111,0.05235137533274179,0.1991570541259982,0.3291485825455525,0.16175687666370897,0.39681930571643553,0.29117125110913933,0.5470718722271517,0.4043029378210967,0.42679680567879325,0.1401952085181899
711669,2025-03-29 14:30:00+00:00,3,29,2025,7884,Holstein Kiel,0,137,Werder Bremen,3,Holstein-Stadion,0,2024-2025,0.15384615384615385,-1.0,0.2,-0.6,0.35294117647058826,-0.38235294117647056,0.2,-1.2,0,0,0,0.8461538461538461,0.6470588235294117,0.6666666666666667,0.5637254901960784,0.8599290780141844,0.7588652482269503,0.8093971631205674,3,3.1622340425531914,1.7625985017722146,3.6028836679962453,0.056818505137518294,3,0.24113475177304966,0.20212765957446807,0.7978723404255319,0.39893617021276595,0.30957446808510636,0.15228534781952618,0.22140957446808512,0.3201138275398194,0.33093971631205676,0.44765070921985817,0.6389550211495362,0.8643617021276596,0.06471631205673758
711667,2025-03-29 14:30:00+00:00,3,29,2025,7911,TSG Hoffenheim,1,3841,FC Augsburg,1,PreZero Arena,0,2024-2025,0.29411764705882354,-0.29411764705882354,0.3,-0.7,0.3235294117647059,-0.5,0.6,1.0,0,0,0,0.7058823529411764,0.6764705882352942,0.5490196078431373,0.5833333333333333,0.6589902568644819,0.31355181576616475,0.4862710363153233,2,3.162090345438441,1.7618236509187988,3.602546258168141,0.33878860124358257,0,0.6864481842338352,1.0,0.0,0.16209034543844109,0.15,0.37674047829937996,0.1729406554472985,0.5564185052889401,0.29862710363153233,0.5284322409211691,0.3155516161723041,0.20814880425155005,0.47298494242692646
711670,2025-03-29 14:30:00+00:00,3,29,2025,138,VfL Wolfsburg,0,6418,1. FC Heidenheim 1846,1,Volkswagen Arena,0,2024-2025,0.4117647058823529,0.20588235294117646,0.3,0.4,0.23529411764705882,-0.5,0.1,-0.8,0,0,0,0.5882352941176471,0.7647058823529411,0.46568627450980393,0.5833333333333333,0.39469026548672564,0.8504424778761062,0.6225663716814159,1,3.161061946902655,1.7613825005528903,3.601407572040878,0.663996952144566,1,0.6053097345132743,0.7539823008849558,0.24601769911504423,0.05221238938053097,0.19920353982300884,0.3224445923721513,0.19338495575221237,0.3886732514517668,0.3122566371681416,0.494358407079646,0.5129986004253678,0.6929203539823009,0.13451327433628318
711671,2025-03-29 17:30:00+00:00,3,29,2025,125,Eintracht Frankfurt,1,134,VfB Stuttgart,0,Deutsche Bank Park,0,2024-2025,0.4117647058823529,0.23529411764705882,0.4,0.1,0.4411764705882353,0.4117647058823529,0.3,-0.1,0,0,0,0.5882352941176471,0.5588235294117647,0.4607843137254902,0.43137254901960786,0.367816091954023,0.4288240495137047,0.39832007073386383,1,3.1591511936339525,1.7617752473720918,3.599595005476975,0.6633226466261238,1,0.632183908045977,0.7541998231653404,0.2458001768346596,0.052166224580017684,0.19916003536693191,0.3332230657438743,0.1597480106100796,0.4016163549083497,0.2898320070733864,0.550419982316534,0.3964485580717727,0.40583554376657827,0.15384615384615385
711668,2025-03-30 13:30:00+00:00,3,30,2025,126,SC Freiburg,1,598,1. FC Union Berlin,2,Europa-Park Stadion,0,2024-2025,0.4117647058823529,-0.08823529411764706,0.4,0.0,0.23529411764705882,-0.7058823529411765,0.3,-0.7,0,0,0,0.5882352941176471,0.7647058823529411,0.5147058823529411,0.6176470588235294,0.40724381625441697,0.7544169611307421,0.5808303886925795,3,3.1572438162544167,1.762165144167769,3.597785102296359,0.05591551208716472,1,0.592756183745583,0.7544169611307421,0.24558303886925792,0.4001766784452297,0.1991166077738516,0.3174526308232092,0.1871245583038869,0.5509769659494758,0.308083038869258,0.5047924028268551,0.37932190195421783,0.36837455830388693,0.4584805653710247
711673,2025-03-30 15:30:00+00:00,3,30,2025,124,Borussia Dortmund,3,2950,Mainz,1,SIGNAL IDUNA PARK,0,2024-2025,0.4117647058823529,0.23529411764705882,0.3,-0.1,0.5,0.8235294117647058,0.5,0.6,0,0,0,0.5882352941176471,0.5,0.4607843137254902,0.36274509803921573,0.45719329214474846,0.22241835834068843,0.33980582524271846,4,3.157105030891439,1.761392825565958,3.597453237282928,0.025776964483431142,2,0.7775816416593115,0.4333627537511033,0.5666372462488967,0.6028243601059136,0.26332744924977936,0.36007878076387656,0.15097087378640778,0.5878232206926672,0.28398058252427183,0.5650485436893204,0.3568123328118815,0.30185348631950576,0.5525154457193292
711683,2025-04-04 18:30:00+00:00,4,4,2025,3841,FC Augsburg,1,132,Bayern Munich,3,WWK Arena,0,2024-2025,0.3235294117647059,-0.5,0.5,0.8,0.7058823529411765,1.6470588235294117,0.7,1.2,0,0,0,0.6764705882352942,0.2941176470588235,0.5833333333333333,0.22549019607843146,0.36507936507936506,0.053791887125220456,0.20943562610229277,4,3.1578483245149913,1.760793257282431,3.598046638835599,0.02571928779766619,2,0.9462081128747796,0.43386243386243384,0.5661375661375662,0.6022927689594356,0.26322751322751325,0.4222473008407753,0.13141534391534393,0.6217014953246403,0.2709435626102293,0.5976410934744267,0.28193857474425993,0.1437389770723104,0.6481481481481481
711679,2025-04-05 13:30:00+00:00,4,5,2025,121,VfL Bochum,0,134,VfB Stuttgart,4,Vonovia Ruhrstadion,0,2024-2025,0.20588235294117646,-1.0294117647058822,0.2,-0.6,0.4411764705882353,0.38235294117647056,0.2,-0.3,0,0,0,0.7941176470588236,0.5588235294117647,0.6715686274509804,0.4362745098039216,0.8323090430201932,0.5136084284460053,0.6729587357330993,4,3.1580333625987707,1.7596218025943509,3.5979388132473584,0.02576673811441277,4,0.4863915715539947,0.08955223880597014,0.9104477611940298,0.6014047410008779,0.332089552238806,0.22922405094806914,0.2009438103599649,0.44588116501667435,0.3172958735733099,0.4817603160667252,0.6182637974948231,0.8516242317822651,0.22563652326602282
711680,2025-04-05 13:30:00+00:00,4,5,2025,2950,Mainz,1,7884,Holstein Kiel,1,MEWA ARENA,0,2024-2025,0.5,0.7647058823529411,0.5,0.5,0.14814814814814814,-1.0740740740740742,0.1,-1.1,0,0,0,0.5,0.8518518518518519,0.37254901960784315,0.6790123456790124,0.2179261862917399,0.9340949033391915,0.5760105448154658,2,3.1590509666080844,1.7600601090728785,3.599065993876304,0.3381475605308367,0,0.7820738137082601,1.0,0.0,0.1634446397188049,0.15,0.4173813708260105,0.18640158172231985,0.6054016388632355,0.30760105448154657,0.5059973637961335,0.35449105733389213,0.29525483304042177,0.6124780316344464
711682,2025-04-05 13:30:00+00:00,4,5,2025,6418,1. FC Heidenheim 1846,0,131,Bayer Leverkusen,1,Voith-Arena,0,2024-2025,0.2647058823529412,-0.47058823529411764,0.2,-0.7,0.6470588235294118,1.2941176470588236,0.6,1.0,0,0,0,0.7352941176470589,0.3529411764705882,0.5784313725490196,0.28431372549019607,0.7568281938325991,0.1066079295154185,0.43171806167400884,1,3.158590308370044,1.7601942294254949,3.598638865726418,0.6637110868995737,1,0.8933920704845815,0.7550660792951542,0.24493392070484576,0.051982378854625554,0.19898678414096915,0.43791074928680934,0.16475770925110134,0.5272996976083696,0.2931718061674009,0.5420704845814978,0.4151808571010499,0.45374449339207046,0.41409691629955947
711676,2025-04-05 13:30:00+00:00,4,5,2025,126,SC Freiburg,1,124,Borussia Dortmund,4,Europa-Park Stadion,0,2024-2025,0.38235294117647056,-0.20588235294117646,0.4,0.2,0.4117647058823529,0.23529411764705882,0.4,0.3,0,0,0,0.6176470588235294,0.5882352941176471,0.5343137254901962,0.4607843137254902,0.4225352112676056,0.36971830985915494,0.39612676056338025,5,3.1566901408450705,1.7605838926645208,3.5968361140112006,0.2721023110934113,3,0.630281690140845,0.20158450704225353,0.7984154929577465,0.7852112676056338,0.3096830985915493,0.28657874181709975,0.15941901408450704,0.5699771732598153,0.289612676056338,0.5509683098591549,0.49286282144254845,0.653169014084507,0.5123239436619719
711677,2025-04-05 13:30:00+00:00,4,5,2025,11420,RB Leipzig,3,7911,TSG Hoffenheim,1,Red Bull Arena,0,2024-2025,0.4411764705882353,0.5,0.2,0.2,0.29411764705882354,-0.2647058823529412,0.3,-0.2,0,0,0,0.5588235294117647,0.7058823529411764,0.41666666666666663,0.5441176470588236,0.4415127528583993,0.6033421284080914,0.5224274406332454,4,3.158311345646438,1.7606576770614595,3.598475764911803,0.025669013334992385,2,0.5584872471416007,0.43447669305189096,0.565523306948109,0.6015831134564644,0.2631046613896218,0.2794628584070317,0.1783641160949868,0.5435443522379706,0.3022427440633245,0.5193931398416887,0.44684897572824733,0.5294635004397538,0.4441512752858399
711675,2025-04-05 16:30:00+00:00,4,5,2025,137,Werder Bremen,2,125,Eintracht Frankfurt,0,Weserstadion,0,2024-2025,0.38235294117647056,-0.23529411764705882,0.3,-0.9,0.4411764705882353,0.2647058823529412,0.4,-0.1,0,0,0,0.6176470588235294,0.5588235294117647,0.5392156862745099,0.4558823529411765,0.6157894736842106,0.38070175438596493,0.4982456140350877,2,3.1587719298245616,1.7590259597909275,3.5985284197722933,0.33828497819214065,2,0.619298245614035,0.43508771929824563,0.5649122807017544,0.1631578947368421,0.2629824561403509,0.3019185903354878,0.17473684210526316,0.36521547385700326,0.29982456140350877,0.525438596491228,0.4902829017603084,0.6394736842105263,0.10526315789473684
711678,2025-04-06 13:30:00+00:00,4,6,2025,270,St. Pauli,1,268,Borussia Mönchengladbach,1,Millerntor-Stadion,0,2024-2025,0.25925925925925924,-0.4074074074074074,0.3,-0.2,0.4117647058823529,0.0,0.6,0.4,0,0,0,0.7407407407407407,0.5882352941176471,0.5679012345679013,0.5,0.6310254163014899,0.2813321647677476,0.45617879053461874,2,3.1577563540753726,1.7585889120647888,3.59740358209157,0.3380361667661679,0,0.7186678352322524,1.0,0.0,0.16301489921121823,0.15,0.39043382997370724,0.16842681858019282,0.5731501381462668,0.2956178790534619,0.5359553023663453,0.3014257977475644,0.17177914110429449,0.523225241016652
711681,2025-04-06 15:30:00+00:00,4,6,2025,598,1. FC Union Berlin,1,138,VfL Wolfsburg,0,Stadion An der Alten Försterei,0,2024-2025,0.2647058823529412,-0.6764705882352942,0.4,-0.4,0.38235294117647056,0.11764705882352941,0.2,-0.1,0,0,0,0.7352941176470589,0.6176470588235294,0.6127450980392157,0.48039215686274506,0.6199649737302977,0.5630472854640981,0.591506129597198,1,3.1567425569176883,1.758151936451794,3.596280541030637,0.6638965259044808,1,0.4369527145359019,0.7548161120840631,0.24518388791593693,0.05166374781085814,0.19903677758318739,0.2550878493809061,0.1887259194395797,0.3077160465757181,0.3091506129597198,0.5021234676007005,0.4981023404015394,0.6611208406304728,0.05604203152364273
711692,2025-04-11 18:30:00+00:00,4,11,2025,138,VfL Wolfsburg,2,11420,RB Leipzig,3,Volkswagen Arena,0,2024-2025,0.38235294117647056,0.14705882352941177,0.2,-0.1,0.4411764705882353,0.47058823529411764,0.3,0.4,0,0,0,0.6176470588235294,0.5588235294117647,0.47549019607843135,0.42156862745098034,0.5520559930008749,0.37445319335083116,0.46325459317585305,5,3.1548556430446193,1.7585394729979846,3.5944905112941155,0.2734142953114247,1,0.6255468066491688,0.7550306211723534,0.24496937882764658,0.7856517935258093,0.19899387576552932,0.33063402398409736,0.16948818897637796,0.7436674802235037,0.2963254593175853,0.5341863517060368,0.3663954384921051,0.331583552055993,0.8075240594925635
711691,2025-04-12 13:30:00+00:00,4,12,2025,131,Bayer Leverkusen,0,598,1. FC Union Berlin,0,BayArena,0,2024-2025,0.6470588235294118,1.2941176470588236,0.6,0.9,0.29411764705882354,-0.6176470588235294,0.4,-0.4,0,0,0,0.3529411764705882,0.7058823529411764,0.28431372549019607,0.6029411764705883,0.11188811188811189,0.6013986013986014,0.3566433566433566,0,3.1564685314685317,1.7586163665842913,3.5961226231146046,0.876402418655779,0,0.8881118881118881,1.0,0.0,0.0,0.15,0.4624475524475524,0.1534965034965035,0.5956643356643356,0.2856643356643357,0.5608391608391609,0.3345442677782626,0.24388111888111888,0.576048951048951
711690,2025-04-12 13:30:00+00:00,4,12,2025,268,Borussia Mönchengladbach,1,126,SC Freiburg,2,BORUSSIA-PARK,0,2024-2025,0.38235294117647056,-0.058823529411764705,0.6,0.6,0.38235294117647056,-0.20588235294117646,0.4,0.3,0,0,0,0.6176470588235294,0.6176470588235294,0.5098039215686274,0.5343137254901962,0.27685589519650655,0.4279475982532751,0.35240174672489083,3,3.153711790393013,1.7603208953554028,3.593792014231864,0.05530438168082108,1,0.7231441048034934,0.754585152838428,0.24541484716157203,0.4008733624454148,0.1990829694323144,0.36968091760263916,0.15286026200873362,0.5957924780345789,0.2852401746724891,0.5618995633187773,0.2764704037430408,0.13537117903930132,0.5764192139737991
711687,2025-04-12 13:30:00+00:00,4,12,2025,7884,Holstein Kiel,1,270,St. Pauli,2,Holstein-Stadion,0,2024-2025,0.14285714285714285,-1.0357142857142858,0.1,-0.9,0.25,-0.39285714285714285,0.2,-0.4,0,0,0,0.8571428571428572,0.75,0.6726190476190477,0.5654761904761905,0.9197207678883071,0.7452006980802792,0.8324607329842932,3,3.1535776614310644,1.7595578870042579,3.593467133182129,0.055292157186120905,1,0.2547993019197208,0.7547993019197208,0.24520069808027922,0.4005235602094241,0.19904013961605585,0.18213799268416742,0.22486910994764397,0.4360456559458034,0.3332460732984293,0.4418848167539267,0.46199742642841896,0.5715532286212914,0.20680628272251309
711686,2025-04-12 13:30:00+00:00,4,12,2025,7911,TSG Hoffenheim,2,2950,Mainz,0,PreZero Arena,0,2024-2025,0.2647058823529412,-0.38235294117647056,0.2,-0.6,0.47058823529411764,0.6470588235294118,0.5,0.6,0,0,0,0.7352941176470589,0.5294117647058824,0.5637254901960784,0.3921568627450981,0.7410636442894507,0.24324324324324326,0.49215344376634695,2,3.1534437663469923,1.7587958698992414,3.5931427338218027,0.3365155881803006,2,0.7567567567567568,0.43330427201394944,0.5666957279860505,0.16390584132519617,0.2633391455972101,0.35240262494403735,0.17382301656495203,0.4149634089919882,0.2992153443766347,0.5269616390584133,0.48740419746009966,0.6320836965998257,0.17611159546643418
711684,2025-04-12 13:30:00+00:00,4,12,2025,121,VfL Bochum,1,3841,FC Augsburg,2,Vonovia Ruhrstadion,0,2024-2025,0.20588235294117646,-1.1176470588235294,0.2,-1.0,0.3235294117647059,-0.5,0.4,0.4,0,0,0,0.7941176470588236,0.6764705882352942,0.6862745098039216,0.5833333333333333,0.8789198606271778,0.4738675958188153,0.6763937282229966,3,3.152439024390244,1.7583585837634972,3.592028670331118,0.05510493771994185,1,0.5261324041811847,0.7552264808362369,0.2447735191637631,0.40069686411149824,0.19895470383275263,0.29083247338197626,0.20145905923344948,0.5287615801553839,0.31763937282229965,0.4809015679442508,0.41412990047295867,0.45121951219512196,0.4189895470383275
711688,2025-04-12 16:30:00+00:00,4,12,2025,132,Bayern Munich,2,124,Borussia Dortmund,2,Allianz Arena,0,2024-2025,0.7352941176470589,1.7352941176470589,0.7,1.3,0.4411764705882353,0.35294117647058826,0.5,0.8,0,0,0,0.2647058823529411,0.5588235294117647,0.21078431372549022,0.4411764705882353,0.047867711053089644,0.2584856396866841,0.15317667536988686,4,3.1523063533507396,1.7575983346788502,3.591705937020452,0.026621402989681853,0,0.9521322889469104,1.0,0.0,0.6031331592689295,0.15,0.48965622280243687,0.12297650130548303,0.849811346908539,0.2653176675369887,0.6117058311575283,0.09697287252059794,0.007832898172323759,0.8859878154917319
711685,2025-04-13 13:30:00+00:00,4,13,2025,134,VfB Stuttgart,1,137,Werder Bremen,2,MHPArena,0,2024-2025,0.4411764705882353,0.47058823529411764,0.2,-0.3,0.4117647058823529,-0.17647058823529413,0.4,-0.5,0,0,0,0.5588235294117647,0.5882352941176471,0.42156862745098034,0.5294117647058822,0.5069565217391304,0.4765217391304348,0.49173913043478257,3,3.1530434782608694,1.7570111568355598,3.5922962674697594,0.05523560758002399,1,0.5234782608695652,0.7547826086956522,0.24521739130434783,0.4,0.19904347826086957,0.28973731568998107,0.17376086956521739,0.5273713032300484,0.2991739130434783,0.5270652173913043,0.3421390253893232,0.2678260869565217,0.41391304347826086
711689,2025-04-13 15:30:00+00:00,4,13,2025,125,Eintracht Frankfurt,3,6418,1. FC Heidenheim 1846,0,Deutsche Bank Park,0,2024-2025,0.4411764705882353,0.20588235294117646,0.3,-0.5,0.23529411764705882,-0.5294117647058824,0.2,-0.6,0,0,0,0.5588235294117647,0.7647058823529411,0.46568627450980393,0.588235294117647,0.4882710686359687,0.787141615986099,0.6377063423110338,3,3.152910512597741,1.756252866259841,3.591973729162701,0.05522347358326951,3,0.5117289313640313,0.20069504778453517,0.7993049522154648,0.3996524761077324,0.309860990443093,0.24559594988228423,0.1956559513466551,0.3855174589436281,0.3137706342311034,0.49057341442224145,0.5744450008075522,0.7975673327541268,0.13292788879235448
711693,2025-04-19 13:30:00+00:00,4,19,2025,6418,1. FC Heidenheim 1846,0,132,Bayern Munich,4,Voith-Arena,0,2024-2025,0.23529411764705882,-0.6176470588235294,0.2,-0.8,0.7058823529411765,1.6764705882352942,0.6,1.2,0,0,0,0.7647058823529411,0.2941176470588235,0.6029411764705883,0.22058823529411764,0.8020833333333334,0.07291666666666667,0.4375,4,3.1527777777777777,1.755495556558717,3.591651666917457,0.026691356383689024,4,0.9270833333333334,0.08940972222222222,0.9105902777777778,0.6032986111111112,0.33211805555555557,0.3763793041087963,0.16562500000000002,0.5174162210849087,0.29375,0.5406249999999999,0.5084300874982707,0.6848958333333334,0.3836805555555556
711701,2025-04-19 13:30:00+00:00,4,19,2025,2950,Mainz,2,138,VfL Wolfsburg,2,MEWA ARENA,0,2024-2025,0.4411764705882353,0.5,0.4,0.2,0.38235294117647056,0.20588235294117646,0.2,-0.2,0,0,0,0.5588235294117647,0.6176470588235294,0.41666666666666663,0.46568627450980393,0.32870771899392887,0.5654813529921943,0.4470945359930616,4,3.153512575888985,1.7549108363280161,3.592240284970989,0.026632995945803595,0,0.6712922810060711,1.0,0.0,0.6027753686036427,0.15,0.3702992194275802,0.16706418039895926,0.7601448764074863,0.29470945359930617,0.5382263660017346,0.24508748700603175,0.09280138768430182,0.8169991326973114
711697,2025-04-19 13:30:00+00:00,4,19,2025,11420,RB Leipzig,1,7884,Holstein Kiel,1,Red Bull Arena,0,2024-2025,0.4411764705882353,0.4117647058823529,0.4,0.5,0.13793103448275862,-1.0344827586206897,0.1,-1.0,0,0,0,0.5588235294117647,0.8620689655172413,0.43137254901960786,0.6724137931034483,0.30849220103986136,0.9306759098786829,0.6195840554592721,2,3.1542461005199307,1.7543266287386001,3.5928277577045806,0.33779481164424585,0,0.6915077989601386,1.0,0.0,0.16291161178509533,0.15,0.3788908145580589,0.1929376083188908,0.5593661411291897,0.31195840554592724,0.4951039861351819,0.37193185866485823,0.3440207972270364,0.4896013864818024
711696,2025-04-19 13:30:00+00:00,4,19,2025,126,SC Freiburg,3,7911,TSG Hoffenheim,2,Europa-Park Stadion,0,2024-2025,0.38235294117647056,-0.20588235294117646,0.5,0.5,0.29411764705882354,-0.23529411764705882,0.3,-0.4,0,0,0,0.6176470588235294,0.7058823529411764,0.5343137254901962,0.5392156862745099,0.3385281385281385,0.6268398268398269,0.4826839826839827,5,3.153246753246753,1.753895225374195,3.591720559590302,0.2755622473673446,1,0.6614718614718615,0.7541125541125541,0.24588744588744593,0.787012987012987,0.19917748917748918,0.3449430295534192,0.1724025974025974,0.7506592458408954,0.2982683982683983,0.5293290043290044,0.3763467337910542,0.3619047619047619,0.8147186147186147
711695,2025-04-19 13:30:00+00:00,4,19,2025,137,Werder Bremen,1,121,VfL Bochum,0,Weserstadion,0,2024-2025,0.4411764705882353,0.0,0.5,-0.4,0.20588235294117646,-1.1470588235294117,0.2,-0.8,0,0,0,0.5588235294117647,0.7941176470588236,0.5,0.6911764705882353,0.3633217993079585,0.8737024221453287,0.6185121107266436,1,3.1548442906574397,1.7539770200857867,3.593338545678886,0.6648079171568465,1,0.6366782006920415,0.754325259515571,0.24567474048442905,0.05190311418685121,0.1991349480968858,0.335033165311718,0.19277681660899654,0.4036869854209427,0.31185121107266434,0.4953719723183392,0.5111670834694225,0.6929065743944637,0.15657439446366783
711694,2025-04-19 16:30:00+00:00,4,19,2025,598,1. FC Union Berlin,4,134,VfB Stuttgart,4,Stadion An der Alten Försterei,0,2024-2025,0.29411764705882354,-0.5588235294117647,0.4,-0.1,0.4117647058823529,0.35294117647058826,0.2,-0.2,0,0,0,0.7058823529411764,0.5882352941176471,0.5931372549019607,0.4411764705882353,0.5566119273984442,0.5289541918755402,0.5427830596369922,8,3.1529818496110633,1.754362385927766,3.591572446093005,0.9574542833886993,0,0.47104580812445984,1.0,0.0,0.9922212618841832,0.15,0.2851944684528955,0.18141745894554884,0.9162633969023993,0.3042783059636992,0.514304235090752,0.45285454945573056,0.554019014693172,0.9006050129645635
711699,2025-04-20 13:30:00+00:00,4,20,2025,3841,FC Augsburg,0,125,Eintracht Frankfurt,0,WWK Arena,0,2024-2025,0.3235294117647059,-0.5294117647058824,0.4,0.4,0.47058823529411764,0.38235294117647056,0.4,-0.2,0,0,0,0.6764705882352942,0.5294117647058824,0.588235294117647,0.4362745098039216,0.4835924006908463,0.36614853195164077,0.42487046632124353,0,3.157167530224525,1.7593792389348866,3.5970123399582468,0.8763061069329156,0,0.6338514680483592,1.0,0.0,0.0,0.15,0.3543868739205527,0.16373056994818652,0.4494645941278066,0.2924870466321243,0.5437823834196891,0.3745151731580033,0.3540587219343696,0.23488773747841105
711700,2025-04-20 15:30:00+00:00,4,20,2025,124,Borussia Dortmund,3,268,Borussia Mönchengladbach,2,SIGNAL IDUNA PARK,0,2024-2025,0.4117647058823529,0.3235294117647059,0.5,0.8,0.38235294117647056,-0.058823529411764705,0.5,0.2,0,0,0,0.5882352941176471,0.6176470588235294,0.446078431372549,0.5098039215686274,0.26833477135461603,0.36496980155306297,0.31665228645383947,5,3.1544434857635895,1.761062889537247,3.594709208147901,0.27267732523841837,1,0.731665228645384,0.7532355478861087,0.2467644521138913,0.7860224331320104,0.19935289042277826,0.37296753620426404,0.14749784296807592,0.7629577234923235,0.28166522864538396,0.5708369283865402,0.2904811016910679,0.16048317515099222,0.82053494391717
711698,2025-04-20 17:30:00+00:00,4,20,2025,270,St. Pauli,1,131,Bayer Leverkusen,1,Millerntor-Stadion,0,2024-2025,0.27586206896551724,-0.3448275862068966,0.2,-0.6,0.6176470588235294,1.1470588235294117,0.6,0.9,0,0,0,0.7241379310344828,0.38235294117647056,0.5574712643678161,0.30882352941176483,0.7275862068965517,0.11982758620689656,0.42370689655172417,2,3.1560344827586206,1.7611368197447963,3.59631868769482,0.3368757981796999,0,0.8801724137931034,1.0,0.0,0.16379310344827586,0.15,0.459073275862069,0.16355603448275863,0.6551302392984542,0.29237068965517243,0.5440732758620689,0.28562566887573315,0.15,0.7137931034482758
711704,2025-04-25 18:30:00+00:00,4,25,2025,134,VfB Stuttgart,0,6418,1. FC Heidenheim 1846,1,MHPArena,0,2024-2025,0.4117647058823529,0.38235294117647056,0.2,-0.1,0.23529411764705882,-0.7058823529411765,0.2,-1.1,0,0,0,0.5882352941176471,0.7647058823529411,0.4362745098039216,0.6176470588235294,0.5159345391903531,0.8458225667527993,0.6808785529715762,1,3.1550387596899223,1.7607044591475038,3.5952148744767984,0.6625320857560847,1,0.48406546080964685,0.7527993109388458,0.24720068906115422,0.05254091300602928,0.19944013781223086,0.27381767551659186,0.20213178294573642,0.33034735507227975,0.3180878552971576,0.479780361757106,0.5392224872214346,0.7433247200689062,0.07235142118863049
711706,2025-04-26 13:30:00+00:00,4,26,2025,138,VfL Wolfsburg,0,126,SC Freiburg,1,Volkswagen Arena,0,2024-2025,0.35294117647058826,0.17647058823529413,0.2,-0.2,0.4117647058823529,-0.17647058823529413,0.5,0.5,0,0,0,0.6470588235294117,0.5882352941176471,0.47058823529411764,0.5294117647058822,0.58147512864494,0.33276157804459694,0.45711835334476847,1,3.1569468267581473,1.7628202946306215,3.5976519004158027,0.6623397178224294,1,0.6672384219554031,0.7538593481989708,0.24614065180102918,0.05231560891938251,0.19922813036020584,0.3472300662863464,0.16856775300171528,0.41842261036921014,0.29571183533447687,0.5357204116638078,0.42932345428456514,0.4914236706689537,0.18010291595197256
711708,2025-04-26 13:30:00+00:00,4,26,2025,132,Bayern Munich,3,2950,Mainz,0,Allianz Arena,0,2024-2025,0.7058823529411765,1.6764705882352942,0.6,1.5,0.4411764705882353,0.5,0.4,0.3,0,0,0,0.2941176470588235,0.5588235294117647,0.22058823529411764,0.41666666666666663,0.06094420600858369,0.32875536480686696,0.19484978540772532,3,3.157081545064378,1.7635713524453698,3.5979743831757203,0.05586326742612202,3,0.9390557939914164,0.2,0.8,0.4,0.31000000000000005,0.3929742489270386,0.1292274678111588,0.48851244635193136,0.2694849785407725,0.6012875536480686,0.3399678022224157,0.26008583690987125,0.3218884120171674
711702,2025-04-26 13:30:00+00:00,4,26,2025,131,Bayer Leverkusen,2,3841,FC Augsburg,0,BayArena,0,2024-2025,0.6176470588235294,1.1470588235294117,0.5,0.7,0.3235294117647059,-0.47058823529411764,0.4,0.4,0,0,0,0.38235294117647056,0.6764705882352942,0.30882352941176483,0.5784313725490196,0.1549053356282272,0.47074010327022375,0.31282271944922546,2,3.153184165232358,1.7610811265688857,3.5934544468745795,0.33591560120881037,2,0.8450946643717728,0.43029259896729777,0.5697074010327022,0.16437177280550774,0.26394148020654046,0.38462541585076476,0.1469234079173838,0.4463226887618415,0.28128227194492256,0.5717943201376936,0.38847271119962523,0.3924268502581756,0.2289156626506024
711705,2025-04-26 13:30:00+00:00,4,26,2025,7911,TSG Hoffenheim,2,124,Borussia Dortmund,3,PreZero Arena,0,2024-2025,0.2647058823529412,-0.29411764705882354,0.3,-0.3,0.4411764705882353,0.35294117647058826,0.5,0.8,0,0,0,0.7352941176470589,0.5588235294117647,0.5490196078431373,0.4411764705882353,0.6311263972484953,0.25709372312983664,0.444110060189166,5,3.1521926053310403,1.7606479377791155,3.592354589775819,0.27356297178349187,1,0.7429062768701633,0.7532244196044712,0.24677558039552883,0.7858985382631126,0.19935511607910578,0.3774665432964972,0.16661650902837488,0.7649944243772809,0.2944110060189166,0.5389724849527084,0.3575966569757946,0.30524505588993983,0.82201203783319
711707,2025-04-26 13:30:00+00:00,4,26,2025,7884,Holstein Kiel,4,268,Borussia Mönchengladbach,3,Holstein-Stadion,0,2024-2025,0.13333333333333333,-1.0,0.1,-0.9,0.38235294117647056,-0.058823529411764705,0.4,0.0,0,0,0,0.8666666666666667,0.6176470588235294,0.6666666666666667,0.5098039215686274,0.9209621993127147,0.44072164948453607,0.6808419243986255,7,3.1537800687285222,1.7607240185183584,3.5939610733581118,0.8460389109061828,1,0.5592783505154639,0.7534364261168385,0.24656357388316152,0.9579037800687286,0.19931271477663232,0.3039722606015517,0.20212628865979382,0.8163002597254926,0.3180841924398625,0.4797895189003436,0.5760954997613531,0.802405498281787,0.8685567010309279
711709,2025-04-26 16:30:00+00:00,4,26,2025,125,Eintracht Frankfurt,4,11420,RB Leipzig,0,Deutsche Bank Park,0,2024-2025,0.4411764705882353,0.3235294117647059,0.4,-0.2,0.4117647058823529,0.38235294117647056,0.4,0.5,0,0,0,0.5588235294117647,0.5882352941176471,0.446078431372549,0.4362745098039216,0.3693230505569837,0.3350471293916024,0.3521850899742931,4,3.1550985432733505,1.7631950872398734,3.595897315083319,0.025921622128735833,4,0.6649528706083976,0.08911739502999143,0.9108826049700086,0.6023993144815767,0.33217652099400174,0.28881791761296255,0.15282776349614396,0.47493312200719584,0.2852185089974293,0.5619537275064268,0.46167384608060735,0.5732647814910026,0.29734361610968296
711703,2025-04-27 13:30:00+00:00,4,27,2025,121,VfL Bochum,1,598,1. FC Union Berlin,1,Vonovia Ruhrstadion,0,2024-2025,0.20588235294117646,-1.1470588235294117,0.2,-0.8,0.29411764705882354,-0.4411764705882353,0.4,-0.1,0,0,0,0.7941176470588236,0.7058823529411764,0.6911764705882353,0.5735294117647058,0.8647260273972602,0.5488013698630136,0.7067636986301369,2,3.155821917808219,1.7626128680175912,3.596475134812617,0.33647293647404064,0,0.45119863013698636,1.0,0.0,0.1643835616438356,0.15000000000000002,0.2767594178082192,0.20601455479452052,0.438670540908238,0.3206763698630137,0.47330907534246586,0.4038359948923558,0.4297945205479452,0.2131849315068493
711710,2025-04-27 15:30:00+00:00,4,27,2025,137,Werder Bremen,0,270,St. Pauli,0,Weserstadion,0,2024-2025,0.4411764705882353,0.0,0.5,-0.4,0.26666666666666666,-0.3333333333333333,0.2,-0.6,0,0,0,0.5588235294117647,0.7333333333333334,0.5,0.5555555555555556,0.3618477331052181,0.7493584260051326,0.5556030795551754,0,3.1548331907613343,1.7621824479480919,3.5953788027483573,0.8752457748917521,0,0.6381522668947819,1.0,0.0,0.0,0.15,0.35621471343028227,0.1833404619332763,0.45193755346449954,0.30556030795551753,0.5110992301112061,0.44443627088186755,0.5278015397775877,0.24037639007698888
711714,2025-05-02 18:30:00+00:00,5,2,2025,6418,1. FC Heidenheim 1846,0,121,VfL Bochum,0,Voith-Arena,0,2024-2025,0.23529411764705882,-0.7058823529411765,0.3,-0.9,0.17647058823529413,-1.1764705882352942,0.2,-0.8,0,0,0,0.7647058823529411,0.8235294117647058,0.6176470588235294,0.696078431372549,0.7598290598290598,0.8923076923076924,0.826068376068376,0,3.152136752136752,1.763841668658361,3.593097169301342,0.8744259538880815,0,0.2401709401709402,1.0,0.0,0.0,0.15,0.18707264957264957,0.22391025641025641,0.22309829059829062,0.3326068376068376,0.44348290598290596,0.5621401435062467,0.7794871794871795,0.01282051282051282
711713,2025-05-03 13:30:00+00:00,5,3,2025,598,1. FC Union Berlin,2,137,Werder Bremen,2,Stadion An der Alten Försterei,0,2024-2025,0.29411764705882354,-0.4411764705882353,0.3,-0.5,0.4117647058823529,-0.08823529411764706,0.5,-0.1,0,0,0,0.7058823529411764,0.5882352941176471,0.5735294117647058,0.5147058823529411,0.6513213981244672,0.37851662404092073,0.514919011082694,4,3.1500426257459506,1.767065136358507,3.5918089098355774,0.02632759814773844,0,0.6214833759590792,1.0,0.0,0.6027280477408354,0.15,0.34913043478260863,0.1772378516624041,0.7442410763927498,0.3014919011082694,0.5212702472293265,0.2730782071452924,0.12958226768968456,0.8056265984654731
711719,2025-05-03 13:30:00+00:00,5,3,2025,268,Borussia Mönchengladbach,4,7911,TSG Hoffenheim,4,BORUSSIA-PARK,0,2024-2025,0.38235294117647056,-0.08823529411764706,0.4,-0.1,0.2647058823529412,-0.29411764705882354,0.3,0.0,0,0,0,0.6176470588235294,0.7352941176470589,0.5147058823529411,0.5490196078431373,0.444633730834753,0.6090289608177172,0.526831345826235,8,3.1507666098807494,1.7664859347269997,3.592388093562499,0.955525382918976,0,0.555366269165247,1.0,0.0,0.9914821124361158,0.15000000000000002,0.32103066439523,0.17902470187393527,0.9287992390493632,0.3026831345826235,0.5182921635434412,0.4441152048608297,0.5272572402044293,0.9028960817717206
711718,2025-05-03 13:30:00+00:00,5,3,2025,11420,RB Leipzig,3,132,Bayern Munich,3,Red Bull Arena,0,2024-2025,0.38235294117647056,0.17647058823529413,0.3,-0.1,0.7058823529411765,1.7352941176470589,0.6,1.5,0,0,0,0.6176470588235294,0.2941176470588235,0.47058823529411764,0.21078431372549022,0.48676345004269855,0.05807002561912895,0.27241673783091375,6,3.1494449188727582,1.7654923865129712,3.590818015501001,0.6058641691493201,0,0.941929974380871,1.0,0.0,0.8949615713065756,0.15,0.48532023911187017,0.14086251067463706,0.9529841070971479,0.2772416737830914,0.5818958155422715,0.24386170782166094,0.089666951323655,0.9052092228864219
711717,2025-05-03 13:30:00+00:00,5,3,2025,270,St. Pauli,0,134,VfB Stuttgart,1,Millerntor-Stadion,0,2024-2025,0.25806451612903225,-0.3225806451612903,0.2,-0.4,0.4117647058823529,0.35294117647058826,0.1,-0.3,0,0,0,0.7419354838709677,0.5882352941176471,0.553763440860215,0.4411764705882353,0.7175767918088737,0.6049488054607508,0.6612627986348123,1,3.151877133105802,1.7667016531552386,3.593552546394612,0.6595682736305397,1,0.3950511945392492,0.7517064846416383,0.24829351535836175,0.0537542662116041,0.19965870307167236,0.23812202238814664,0.19918941979522187,0.28809496206670043,0.31612627986348124,0.4846843003412969,0.5303748239623103,0.7252559726962458,0.04607508532423208
711711,2025-05-03 16:30:00+00:00,5,3,2025,124,Borussia Dortmund,4,138,VfL Wolfsburg,0,SIGNAL IDUNA PARK,0,2024-2025,0.47058823529411764,0.47058823529411764,0.6,1.0,0.3235294117647059,0.11764705882352941,0.2,-0.3,0,0,0,0.5294117647058824,0.6764705882352942,0.42156862745098034,0.48039215686274506,0.18212765957446808,0.6238297872340426,0.40297872340425533,4,3.1548936170212767,1.7713913726153951,3.5977414601751256,0.025454501123810203,4,0.8178723404255319,0.08936170212765958,0.9106382978723404,0.6017021276595744,0.3321276595744681,0.3399043911272069,0.1604468085106383,0.4993514741049671,0.29029787234042553,0.5492553191489362,0.48977866114522806,0.64,0.35404255319148936
711716,2025-05-04 13:30:00+00:00,5,4,2025,3841,FC Augsburg,1,7884,Holstein Kiel,3,WWK Arena,0,2024-2025,0.3235294117647059,-0.4411764705882353,0.4,0.2,0.16129032258064516,-0.9354838709677419,0.2,-0.8,0,0,0,0.6764705882352942,0.8387096774193549,0.5735294117647058,0.6559139784946237,0.49404761904761907,0.8784013605442177,0.6862244897959184,4,3.1556122448979593,1.770808917015567,3.598314474151851,0.02539944773111813,2,0.5059523809523809,0.42857142857142855,0.5714285714285714,0.6011904761904762,0.2642857142857143,0.2596896258503401,0.2029336734693878,0.5311930322724328,0.31862244897959185,0.4784438775510203,0.5155442798460803,0.7023809523809523,0.4268707482993197
711715,2025-05-04 15:30:00+00:00,5,4,2025,126,SC Freiburg,2,131,Bayer Leverkusen,2,Europa-Park Stadion,0,2024-2025,0.4411764705882353,-0.11764705882352941,0.5,0.5,0.6470588235294118,1.2058823529411764,0.6,0.9,0,0,0,0.5588235294117647,0.3529411764705882,0.5196078431372548,0.2990196078431372,0.29991503823279525,0.11299915038232795,0.2064570943075616,4,3.1563296516567543,1.7702269695975246,3.5988863940561355,0.02534453756184074,0,0.887000849617672,1.0,0.0,0.6006796941376381,0.15,0.4619753610875106,0.13096856414613425,0.828104009949983,0.27064570943075617,0.5983857264231096,0.12686031604585674,0.014443500424808835,0.8725573491928632
711712,2025-05-04 17:30:00+00:00,5,4,2025,2950,Mainz,1,125,Eintracht Frankfurt,1,MEWA ARENA,0,2024-2025,0.4411764705882353,0.4117647058823529,0.4,0.0,0.47058823529411764,0.47058823529411764,0.5,0.2,0,0,0,0.5588235294117647,0.5294117647058824,0.43137254901960786,0.42156862745098034,0.34889643463497455,0.27843803056027167,0.3136672325976231,2,3.1570458404074704,1.769645529819567,3.599457222862362,0.3353226673901226,0,0.7215619694397284,1.0,0.0,0.16553480475382004,0.15,0.39166383701188456,0.14705008488964347,0.5757687196796966,0.2813667232597623,0.5715831918505943,0.22859614469223138,0.06960950764006792,0.5314091680814941
711725,2025-05-09 18:30:00+00:00,5,9,2025,138,VfL Wolfsburg,2,7911,TSG Hoffenheim,2,Volkswagen Arena,0,2024-2025,0.29411764705882354,-0.08823529411764706,0.1,-0.8,0.2647058823529412,-0.29411764705882354,0.2,-0.2,0,0,0,0.7058823529411764,0.7352941176470589,0.5147058823529411,0.5490196078431373,0.7786259541984732,0.7048346055979644,0.7417302798982188,4,3.156064461407973,1.7692151817031383,3.5983682568337576,0.02543791546564511,0,0.2951653944020356,1.0,0.0,0.6005089058524173,0.15,0.21044529262086512,0.21125954198473285,0.6387783993421777,0.3241730279898219,0.46456743002544526,0.34995773227468824,0.2909245122985581,0.6861747243426632
711723,2025-05-10 13:30:00+00:00,5,10,2025,598,1. FC Union Berlin,0,6418,1. FC Heidenheim 1846,3,Stadion An der Alten Försterei,0,2024-2025,0.29411764705882354,-0.4117647058823529,0.3,-0.4,0.23529411764705882,-0.7058823529411765,0.3,-0.7,0,0,0,0.7058823529411764,0.7647058823529411,0.5686274509803921,0.6176470588235294,0.6314454775993238,0.7582417582417582,0.6948436179205411,3,3.1555367709213864,1.7695921012665672,3.5979347962380284,0.055487373776851534,3,0.3685545224006762,0.2003381234150465,0.7996618765849535,0.39983093829247673,0.3099323753169907,0.19617053438790874,0.20422654268808116,0.3510027523226753,0.3194843617920541,0.47628909551986476,0.5977578971065929,0.8326289095519864,0.08791208791208792
711724,2025-05-10 13:30:00+00:00,5,10,2025,7884,Holstein Kiel,1,126,SC Freiburg,2,Holstein-Stadion,0,2024-2025,0.1875,-0.84375,0.3,-0.4,0.4411764705882353,-0.11764705882352941,0.4,0.4,0,0,0,0.8125,0.5588235294117647,0.640625,0.5196078431372548,0.7542372881355932,0.373728813559322,0.5639830508474576,3,3.156779661016949,1.7686353625202489,3.598938501647011,0.05572705934543032,1,0.626271186440678,0.7491525423728813,0.2508474576271187,0.4,0.20016949152542374,0.33043845159436946,0.18459745762711866,0.5606660138086172,0.30639830508474575,0.5090042372881356,0.3742160719680147,0.35423728813559324,0.4940677966101695
711726,2025-05-10 13:30:00+00:00,5,10,2025,121,VfL Bochum,1,2950,Mainz,4,Vonovia Ruhrstadion,0,2024-2025,0.14705882352941177,-1.2058823529411764,0.1,-1.0,0.4411764705882353,0.4117647058823529,0.3,-0.2,0,0,0,0.8529411764705882,0.5588235294117647,0.7009803921568627,0.43137254901960786,0.9322607959356477,0.4394580863674852,0.6858594411515664,5,3.1566469093988148,1.767891668243588,3.5986198264597116,0.2696082837928552,3,0.5605419136325148,0.19983065198983913,0.8001693480101608,0.785774767146486,0.31003386960203216,0.26237408057724587,0.20287891617273496,0.5622084055261688,0.3185859441151566,0.4785351397121085,0.6378283870892454,0.8687552921253175,0.4995766299745978
711728,2025-05-10 13:30:00+00:00,5,10,2025,137,Werder Bremen,0,11420,RB Leipzig,0,Weserstadion,0,2024-2025,0.4117647058823529,-0.08823529411764706,0.5,0.1,0.38235294117647056,0.17647058823529413,0.3,-0.1,0,0,0,0.5882352941176471,0.6176470588235294,0.5147058823529411,0.47058823529411764,0.344331641285956,0.4813874788494078,0.4128595600676819,0,3.1582064297800336,1.7679562385224181,3.600195489410638,0.8742401530229362,0,0.6556683587140439,1.0,0.0,0.0,0.15,0.36365905245346863,0.1619289340101523,0.46200930626057524,0.2912859560067682,0.5467851099830795,0.3673102360070497,0.3333333333333333,0.2614213197969543
711720,2025-05-10 16:30:00+00:00,5,10,2025,132,Bayern Munich,2,268,Borussia Mönchengladbach,0,Allianz Arena,0,2024-2025,0.7058823529411765,1.7941176470588236,0.6,1.5,0.38235294117647056,-0.08823529411764706,0.3,-0.2,0,0,0,0.2941176470588235,0.6176470588235294,0.2009803921568628,0.5147058823529411,0.059966216216216214,0.5329391891891891,0.2964527027027027,2,3.1554054054054053,1.7688497930485922,3.597617853667553,0.33494225202445926,2,0.9400337837837838,0.4282094594594595,0.5717905405405406,0.16554054054054054,0.2643581081081081,0.41932830476168736,0.1444679054054054,0.4804286215506925,0.27964527027027025,0.5758868243243243,0.3790101313510089,0.37246621621621623,0.3091216216216216
711722,2025-05-11 13:30:00+00:00,5,11,2025,131,Bayer Leverkusen,2,124,Borussia Dortmund,4,BayArena,0,2024-2025,0.6176470588235294,1.088235294117647,0.6,0.9,0.47058823529411764,0.47058823529411764,0.7,1.6,0,0,0,0.38235294117647056,0.5294117647058824,0.31862745098039225,0.42156862745098034,0.12742616033755275,0.13755274261603376,0.13248945147679325,6,3.1544303797468354,1.7684212020118215,3.596535680249791,0.6029046138910623,2,0.8725738396624473,0.4286919831223629,0.5713080168776371,0.8945147679324894,0.2642616033755274,0.3945668785273016,0.119873417721519,0.7049183808988742,0.2632489451476793,0.6168776371308016,0.30439824919640524,0.1839662447257384,0.7780590717299578
711721,2025-05-11 15:30:00+00:00,5,11,2025,125,Eintracht Frankfurt,2,270,St. Pauli,2,Deutsche Bank Park,0,2024-2025,0.47058823529411764,0.5882352941176471,0.4,0.0,0.25,-0.34375,0.2,-0.4,0,0,0,0.5294117647058824,0.75,0.4019607843137255,0.5572916666666667,0.321247892074199,0.7436762225969646,0.5324620573355818,4,3.1568296795952784,1.769604995280276,3.599230928415347,0.02531913423869725,0,0.678752107925801,1.0,0.0,0.6003372681281619,0.15,0.37346964586846537,0.17986930860033729,0.7613613930368065,0.3032462057335582,0.5168844856661045,0.2797755118124916,0.14165261382799327,0.8161888701517707
711727,2025-05-11 17:30:00+00:00,5,11,2025,134,VfB Stuttgart,4,3841,FC Augsburg,0,MHPArena,0,2024-2025,0.4117647058823529,0.3235294117647059,0.2,-0.1,0.3235294117647059,-0.38235294117647056,0.4,0.0,0,0,0,0.5882352941176471,0.6764705882352942,0.446078431372549,0.5637254901960784,0.523167649536647,0.5080033698399326,0.5155855096882898,4,3.1575400168492,1.7690280905632,3.59979703949,0.025264825818729797,4,0.49199663016006745,0.08930075821398484,0.9106992417860151,0.5998315080033698,0.332139848357203,0.2310784871775036,0.17733782645324347,0.44604257470995023,0.301558550968829,0.5211036225779275,0.5477830298650703,0.7607413647851727,0.22830665543386688
711730,2025-05-17 13:30:00+00:00,5,17,2025,6418,1. FC Heidenheim 1846,1,137,Werder Bremen,4,Voith-Arena,0,2024-2025,0.2647058823529412,-0.6176470588235294,0.4,-0.4,0.4117647058823529,-0.08823529411764706,0.5,0.6,0,0,0,0.7352941176470589,0.5882352941176471,0.6029411764705883,0.5147058823529411,0.6161616161616161,0.31734006734006737,0.46675084175084175,5,3.1582491582491583,1.768451685319719,3.600362079579088,0.2688927655071772,3,0.6826599326599326,0.20117845117845118,0.7988215488215489,0.7853535353535354,0.3097643097643098,0.3046216939314582,0.17001262626262625,0.5755903187039749,0.29667508417508415,0.5333122895622896,0.5316295755536671,0.7289562289562289,0.5311447811447811
711732,2025-05-17 13:30:00+00:00,5,17,2025,124,Borussia Dortmund,3,7884,Holstein Kiel,0,SIGNAL IDUNA PARK,0,2024-2025,0.5,0.6176470588235294,0.7,1.2,0.18181818181818182,-0.8484848484848485,0.3,-0.3,0,0,0,0.5,0.8181818181818181,0.3970588235294118,0.6414141414141414,0.13961312026913372,0.7636669470142977,0.45164003364171573,3,3.159798149705635,1.768513983564707,3.6019266455968117,0.056276016593946876,3,0.8603868797308662,0.20185029436501262,0.7981497056349873,0.3986543313708999,0.3096299411269975,0.36602967629397876,0.16774600504625736,0.46958443517740167,0.2951640033641716,0.537089991589571,0.48759648123285215,0.6341463414634146,0.28259041211101765
711733,2025-05-17 13:30:00+00:00,5,17,2025,268,Borussia Mönchengladbach,0,138,VfL Wolfsburg,1,BORUSSIA-PARK,0,2024-2025,0.38235294117647056,-0.14705882352941177,0.3,-0.1,0.29411764705882354,-0.029411764705882353,0.1,-0.8,0,0,0,0.6176470588235294,0.7058823529411764,0.5245098039215685,0.5049019607843137,0.526890756302521,0.7848739495798319,0.6558823529411765,1,3.1596638655462184,1.767776198389217,3.6016079151435227,0.6613969736921332,1,0.473109243697479,0.7495798319327731,0.2504201680672269,0.05378151260504202,0.20008403361344537,0.26921541557799594,0.19838235294117645,0.3250019301442772,0.31558823529411767,0.4860294117647059,0.5290172609784625,0.7210084033613445,0.06554621848739496
711738,2025-05-17 13:30:00+00:00,5,17,2025,3841,FC Augsburg,1,598,1. FC Union Berlin,2,WWK Arena,0,2024-2025,0.3235294117647059,-0.47058823529411764,0.3,-0.7,0.29411764705882354,-0.47058823529411764,0.3,-0.1,0,0,0,0.6764705882352942,0.7058823529411764,0.5784313725490196,0.5784313725490196,0.6641477749790092,0.6196473551637279,0.6418975650713685,3,3.1578505457598656,1.7681410494985874,3.5998858081345126,0.055928822255638666,1,0.38035264483627207,0.7497900923593619,0.2502099076406381,0.3988245172124265,0.20004198152812763,0.2321288758890673,0.1962846347607053,0.476598611694384,0.3141897565071369,0.4895256087321579,0.4038166546915813,0.42989084802686817,0.30310663308144414
711731,2025-05-17 13:30:00+00:00,5,17,2025,2950,Mainz,2,131,Bayer Leverkusen,2,MEWA ARENA,0,2024-2025,0.4411764705882353,0.4117647058823529,0.3,-0.1,0.5882352941176471,0.8823529411764706,0.5,0.5,0,0,0,0.5588235294117647,0.4117647058823529,0.43137254901960786,0.3529411764705882,0.4085570469798658,0.1912751677852349,0.29991610738255037,4,3.1577181208053693,1.767404514571137,3.5995692494481535,0.025339124952783676,0,0.8087248322147651,1.0,0.0,0.5998322147651006,0.15,0.4287080536912751,0.14498741610738256,0.8027212597405522,0.279991610738255,0.5750209731543625,0.1761319061851086,0.028523489932885907,0.8498322147651006
711736,2025-05-17 13:30:00+00:00,5,17,2025,11420,RB Leipzig,2,134,VfB Stuttgart,3,Red Bull Arena,0,2024-2025,0.38235294117647056,0.17647058823529413,0.3,-0.1,0.4117647058823529,0.4117647058823529,0.3,0.3,0,0,0,0.6176470588235294,0.5882352941176471,0.47058823529411764,0.43137254901960786,0.4861693210393965,0.4124056999161777,0.4492875104777871,5,3.1584241408214586,1.7668312926247192,3.6001319639776383,0.26938822975304955,1,0.5875943000838223,0.7493713327745181,0.25062866722548194,0.7854149203688181,0.20012573344509638,0.31498820656118504,0.16739312657166805,0.73447261862936,0.2949287510477787,0.5376781223805532,0.36058340288428026,0.3109807208717519,0.7971500419111484
711734,2025-05-17 13:30:00+00:00,5,17,2025,126,SC Freiburg,1,125,Eintracht Frankfurt,3,Europa-Park Stadion,0,2024-2025,0.47058823529411764,-0.08823529411764706,0.4,0.0,0.47058823529411764,0.5882352941176471,0.4,0.4,0,0,0,0.5294117647058824,0.5294117647058824,0.5147058823529411,0.4019607843137255,0.3710217755443886,0.2964824120603015,0.33375209380234505,4,3.159966499162479,1.7668945955741686,3.6016901480560213,0.025089093164524234,2,0.7035175879396984,0.4288107202680067,0.5711892797319933,0.5988274706867671,0.26423785594639865,0.3323870188463254,0.15006281407035177,0.5699792019828273,0.2833752093802345,0.5665619765494138,0.3547170676047027,0.2964824120603015,0.5159128978224455
711735,2025-05-17 13:30:00+00:00,5,17,2025,270,St. Pauli,0,121,VfL Bochum,2,Millerntor-Stadion,0,2024-2025,0.24242424242424243,-0.3333333333333333,0.2,-0.2,0.14705882352941177,-1.1470588235294117,0.1,-1.3,0,0,0,0.7575757575757576,0.8529411764705882,0.5555555555555556,0.6911764705882353,0.7129707112970711,0.9422594142259414,0.8276150627615062,2,3.1606694560669455,1.766321700249745,3.602249881129382,0.337294912051712,2,0.2870292887029289,0.4292887029288703,0.5707112970711297,0.16485355648535566,0.2641422594142259,0.17919213599201694,0.22414225941422594,0.24451002916146805,0.33276150627615064,0.4430962343096234,0.6322259123059442,0.8661087866108786,0.019246861924686193
711737,2025-05-17 13:30:00+00:00,5,17,2025,7911,TSG Hoffenheim,0,132,Bayern Munich,4,PreZero Arena,0,2024-2025,0.23529411764705882,-0.47058823529411764,0.2,-0.2,0.7058823529411765,1.7941176470588236,0.6,1.3,0,0,0,0.7647058823529411,0.2941176470588235,0.5784313725490196,0.2009803921568628,0.7282608695652174,0.061036789297658864,0.39464882943143814,4,3.1596989966555182,1.7659014533076207,3.6011743599824233,0.025181229407474803,4,0.9389632107023411,0.08946488294314381,0.9105351170568562,0.5986622073578596,0.3321070234113712,0.38035276451046407,0.15919732441471574,0.5180039506200296,0.2894648829431438,0.5513377926421403,0.4851615399091614,0.6304347826086957,0.3887959866220736
746718,2025-08-22 18:30:00+00:00,8,22,2025,132,Bayern Munich,6,11420,RB Leipzig,0,Allianz Arena,0,2025-2026,0.7352941176470589,1.9705882352941178,0.6,1.5,0.38235294117647056,0.14705882352941177,0.3,-0.1,0,0,0,0.2647058823529411,0.6176470588235294,0.17156862745098034,0.47549019607843135,0.04845446950710108,0.48454469507101083,0.26649958228905596,6,3.1604010025062657,1.7653301318773325,3.601733535475599,0.6025998278772344,6,0.9515455304928989,0.014202172096908938,0.985797827903091,0.8947368421052632,0.3471595655806182,0.3758877421903408,0.1399749373433584,0.5834763326573624,0.2766499582289056,0.583375104427736,0.5125390227095965,0.697577276524645,0.5505430242272348
746719,2025-08-23 13:30:00+00:00,8,23,2025,6418,1. FC Heidenheim 1846,1,138,VfL Wolfsburg,3,Voith-Arena,0,2025-2026,0.23529411764705882,-0.7941176470588235,0.4,-0.4,0.3235294117647059,0.058823529411764705,0.1,-0.8,0,0,0,0.7647058823529411,0.6764705882352942,0.6323529411764706,0.4901960784313726,0.654424040066778,0.7595993322203672,0.7070116861435727,4,3.162771285475793,1.766498691435676,3.604395958334712,0.024764577136324295,2,0.345575959933222,0.4307178631051753,0.5692821368948247,0.5976627712854758,0.2638564273789649,0.20081111814069633,0.2060517529215359,0.497623652173133,0.32070116861435727,0.47324707846410685,0.5222634460101768,0.7103505843071787,0.34808013355592654
746720,2025-08-23 13:30:00+00:00,8,23,2025,598,1. FC Union Berlin,2,134,VfB Stuttgart,1,Stadion An der Alten Försterei,0,2025-2026,0.29411764705882354,-0.47058823529411764,0.4,0.1,0.4117647058823529,0.3235294117647059,0.4,0.6,0,0,0,0.7058823529411764,0.5882352941176471,0.5784313725490196,0.446078431372549,0.5321100917431193,0.3302752293577982,0.43119266055045874,3,3.1634695579649708,1.7659268014215692,3.604951258320363,0.05698836579352806,1,0.6697247706422018,0.7506255212677231,0.24937447873227692,0.3969974979149291,0.1998748957464554,0.34794431139099097,0.16467889908256883,0.5745516921925531,0.2931192660550459,0.5422018348623853,0.31627469724790996,0.2085070892410342,0.5296080066722268
746722,2025-08-23 13:30:00+00:00,8,23,2025,131,Bayer Leverkusen,1,7911,TSG Hoffenheim,2,BayArena,0,2025-2026,0.5588235294117647,0.8529411764705882,0.4,0.2,0.20588235294117646,-0.6470588235294118,0.1,-0.7,0,0,0,0.4411764705882353,0.7941176470588236,0.3578431372549019,0.607843137254902,0.24833333333333332,0.8758333333333334,0.5620833333333334,3,3.1633333333333336,1.7651965389836672,3.6046324680792505,0.0569758074189034,1,0.7516666666666667,0.7508333333333334,0.24916666666666665,0.39666666666666667,0.19983333333333334,0.38074597222222223,0.1843125,0.6024550318287036,0.30620833333333336,0.5094791666666667,0.37316801149100776,0.3491666666666667,0.6033333333333334
746724,2025-08-23 13:30:00+00:00,8,23,2025,125,Eintracht Frankfurt,4,137,Werder Bremen,1,Deutsche Bank Park,0,2025-2026,0.5,0.6470588235294118,0.5,0.9,0.4117647058823529,-0.08823529411764706,0.6,1.0,0,0,0,0.5,0.5882352941176471,0.3921568627450981,0.5147058823529411,0.19816819317235637,0.24229808492922564,0.220233139050791,5,3.163197335553705,1.764467181670685,3.6043141309713764,0.2686309284805193,3,0.8018318068276437,0.20233139050791007,0.79766860949209,0.7851790174854288,0.309533721898418,0.34586553947203313,0.13303497085761865,0.588746708415941,0.2720233139050791,0.5949417152373022,0.3837476477929286,0.38384679433805163,0.5603663613655288
746726,2025-08-23 13:30:00+00:00,8,23,2025,126,SC Freiburg,1,3841,FC Augsburg,3,Europa-Park Stadion,0,2025-2026,0.47058823529411764,-0.11764705882352941,0.4,-0.2,0.3235294117647059,-0.47058823529411764,0.3,-0.8,0,0,0,0.5294117647058824,0.6764705882352942,0.5196078431372548,0.5784313725490196,0.39018302828618967,0.6797004991680532,0.5349417637271214,4,3.1647254575707153,1.764527982304016,3.6058574531467196,0.02463846322923091,2,0.6098169717138103,0.43094841930116473,0.5690515806988352,0.5973377703826955,0.263810316139767,0.2980894501953207,0.18024126455906822,0.551031002248779,0.30349417637271214,0.5162645590682197,0.45331618234476967,0.5574043261231281,0.46089850249584025
746725,2025-08-23 16:30:00+00:00,8,23,2025,270,St. Pauli,3,124,Borussia Dortmund,3,Millerntor-Stadion,0,2025-2026,0.23529411764705882,-0.38235294117647056,0.2,-0.2,0.5,0.5882352941176471,0.7,1.3,0,0,0,0.7647058823529411,0.5,0.5637254901960784,0.4019607843137255,0.7198669991687449,0.1371571072319202,0.42851205320033253,6,3.165419783873649,1.7639582302624865,3.606409341439271,0.6017387431121386,0,0.8628428927680798,1.0,0.0,0.8944305901911886,0.15,0.4517082294264339,0.1642768079800499,0.9373790067640542,0.2928512053200333,0.5428719866999169,0.33147890960211435,0.23857024106400665,0.9052369077306733
746721,2025-08-24 13:30:00+00:00,8,24,2025,2950,Mainz,0,122,FC Cologne,1,MEWA ARENA,0,2025-2026,0.4117647058823529,0.35294117647058826,0.2,-0.2,0.14705882352941177,-0.9411764705882353,0.2,-0.9,0,0,0,0.5882352941176471,0.8529411764705882,0.4411764705882353,0.6568627450980393,0.5282392026578073,0.8978405315614618,0.7130398671096345,1,3.1677740863787376,1.765116315273151,3.6090531651970252,0.6645957961939637,1,0.4717607973421927,0.7508305647840532,0.2491694352159468,0.053156146179401995,0.19983388704318936,0.26876011302303504,0.20695598006644517,0.3243145963530871,0.32130398671096344,0.47174003322259145,0.5539706578500952,0.7699335548172758,0.06561461794019934
746723,2025-08-24 15:30:00+00:00,8,24,2025,268,Borussia Mönchengladbach,0,127,Hamburg SV,0,BORUSSIA-PARK,0,2025-2026,0.38235294117647056,-0.058823529411764705,0.2,-0.5,,,,,0,0,0,0.6176470588235294,,0.5098039215686274,,0.6199170124481328,0.0,0.3099585062240664,0,3.1659751037344397,1.7654879374232397,3.6073470880902496,0.8759972234133638,0,1.0,1.0,0.0,0.0,0.15,0.51,0.14649377593360996,0.66,0.2809958506224066,0.5725103734439834,0.30578260111566125,0.18672199170124482,0.7186721991701245
746730,2025-08-29 18:30:00+00:00,8,29,2025,127,Hamburg SV,0,270,St. Pauli,2,Volksparkstadion,0,2025-2026,0.0,0.0,0.0,0.0,0.23529411764705882,-0.3235294117647059,0.2,-0.2,0,0,0,1.0,0.7647058823529411,0.5,0.553921568627451,0.900497512437811,0.7205638474295191,0.810530679933665,2,3.1633499170812605,1.767108444385886,3.605127028177732,0.33803098806736287,2,0.27943615257048093,0.43034825870646765,0.5696517412935324,0.16500829187396351,0.2639303482587065,0.17644920092736976,0.22157960199004975,0.24202830211978424,0.33105306799336653,0.4473673300165837,0.6260906746177068,0.8615257048092869,0.01824212271973466
746731,2025-08-30 13:30:00+00:00,8,30,2025,11420,RB Leipzig,2,6418,1. FC Heidenheim 1846,0,Red Bull Arena,0,2025-2026,0.35294117647058826,-0.058823529411764705,0.3,-0.7,0.20588235294117646,-0.9117647058823529,0.4,-0.6,0,0,0,0.6470588235294117,0.7941176470588236,0.5098039215686274,0.6519607843137254,0.5892561983471074,0.7181818181818181,0.6537190082644628,2,3.1636363636363636,1.7676441261814597,3.6055473951817287,0.338008465278132,2,0.4107438016528926,0.4305785123966942,0.5694214876033058,0.1652892561983471,0.26388429752066117,0.22478905129431048,0.19805785123966943,0.28969497671827277,0.3153719008264463,0.48657024793388426,0.564604987181015,0.7884297520661157,0.047933884297520664
746733,2025-08-30 13:30:00+00:00,8,30,2025,7911,TSG Hoffenheim,1,125,Eintracht Frankfurt,3,PreZero Arena,0,2025-2026,0.20588235294117646,-0.6470588235294118,0.2,-0.6,0.5294117647058824,0.7941176470588235,0.6,1.3,0,0,0,0.7941176470588236,0.47058823529411764,0.607843137254902,0.36764705882352944,0.8081058726220016,0.14722911497105046,0.47766749379652607,4,3.162944582299421,1.7682117461466824,3.604997518836092,0.02464303366071663,2,0.8527708850289495,0.43010752688172044,0.5698924731182795,0.597187758478081,0.2639784946236559,0.38743100580769674,0.1716501240694789,0.5999241452982258,0.29776674937965264,0.5305831265508685,0.4273673213119499,0.48304383788254757,0.5947063688999172
746734,2025-08-30 13:30:00+00:00,8,30,2025,134,VfB Stuttgart,1,268,Borussia Mönchengladbach,0,MHPArena,0,2025-2026,0.4117647058823529,0.35294117647058826,0.4,0.5,0.38235294117647056,-0.029411764705882353,0.2,-0.3,0,0,0,0.5882352941176471,0.6176470588235294,0.4411764705882353,0.5049019607843137,0.3269867549668874,0.6001655629139073,0.4635761589403974,1,3.1647350993377485,1.76784726142037,3.606696914692841,0.6628003989333584,1,0.6730132450331126,0.75,0.25,0.05380794701986755,0.2,0.349205298013245,0.1695364238410596,0.4207629599578966,0.29635761589403975,0.5341059602649006,0.43405700285587434,0.5057947019867549,0.18460264900662252
746732,2025-08-30 13:30:00+00:00,8,30,2025,137,Werder Bremen,3,131,Bayer Leverkusen,3,Weserstadion,0,2025-2026,0.4117647058823529,-0.17647058823529413,0.5,0.5,0.5294117647058824,0.7941176470588235,0.4,0.3,0,0,0,0.5882352941176471,0.47058823529411764,0.5294117647058822,0.36764705882352944,0.32062966031483014,0.2651201325600663,0.29287489643744824,6,3.1623860811930404,1.7666930271398056,3.6040593379779917,0.6013223366042705,0,0.7348798674399337,1.0,0.0,0.8939519469759735,0.15,0.3973239436619718,0.14393123446561723,0.9122265656907476,0.27928748964374484,0.576781275890638,0.25547382266273194,0.10190555095277548,0.9005799502899752
746729,2025-08-30 16:30:00+00:00,8,30,2025,3841,FC Augsburg,2,132,Bayern Munich,3,WWK Arena,0,2025-2026,0.35294117647058826,-0.4117647058823529,0.3,-0.7,0.7352941176470589,2.1176470588235294,0.7,2.2,0,0,0,0.6470588235294117,0.2647058823529411,0.5686274509803921,0.1470588235294118,0.6308835672997523,0.017341040462427744,0.32411230388109,5,3.162675474814203,1.7672299217275755,3.6044829552460973,0.2678605349329988,1,0.9826589595375722,0.7506193228736582,0.24938067712634182,0.7844756399669695,0.19987613542526836,0.47313682858956674,0.1486168455821635,0.8080690854912405,0.282411230388109,0.5689719240297275,0.29464729276089463,0.16432700247729148,0.8579686209744013
746735,2025-08-31 13:30:00+00:00,8,31,2025,138,VfL Wolfsburg,1,2950,Mainz,1,Volkswagen Arena,0,2025-2026,0.35294117647058826,0.14705882352941177,0.2,-0.6,0.4117647058823529,0.3235294117647059,0.1,-0.5,0,0,0,0.6470588235294117,0.5882352941176471,0.47549019607843135,0.446078431372549,0.6287128712871287,0.6328382838283828,0.6307755775577557,2,3.1641914191419143,1.767288299514528,3.606013494020546,0.3382770192485529,0,0.3712871287128713,1.0,0.0,0.16501650165016502,0.15,0.24279702970297032,0.19461633663366334,0.3986886089599059,0.31307755775577556,0.49230610561056115,0.3763689023552198,0.36468646864686466,0.1476897689768977
746728,2025-08-31 15:30:00+00:00,8,31,2025,124,Borussia Dortmund,3,598,1. FC Union Berlin,0,SIGNAL IDUNA PARK,0,2025-2026,0.47058823529411764,0.5294117647058824,0.7,1.4,0.3235294117647059,-0.4411764705882353,0.4,0.1,0,0,0,0.5294117647058824,0.6764705882352942,0.4117647058823529,0.5735294117647058,0.13849958779884583,0.5028854080791426,0.32069249793899424,3,3.1632316570486396,1.766875290916273,3.604950479777708,0.05692883039587748,3,0.8615004122011541,0.20115416323165705,0.798845836768343,0.3973619126133553,0.3097691673536686,0.3663401566840133,0.14810387469084912,0.46925893151633985,0.2820692497938994,0.5698268755152514,0.41650043034323225,0.460840890354493,0.281121187139324
746727,2025-08-31 17:30:00+00:00,8,31,2025,122,FC Cologne,4,126,SC Freiburg,1,RheinEnergieStadion,0,2025-2026,0.17647058823529413,-0.8823529411764706,0.3,-0.8,0.4411764705882353,-0.23529411764705882,0.4,-0.4,0,0,0,0.8235294117647058,0.5588235294117647,0.6470588235294117,0.5392156862745099,0.8088962108731467,0.45799011532125206,0.6334431630971994,5,3.1630971993410215,1.7661530461614452,3.604635460881383,0.26808899961861155,3,0.542009884678748,0.20181219110378912,0.7981878088962109,0.7841845140032949,0.3096375617792422,0.2561278765853619,0.19501647446457993,0.5600363658081153,0.31334431630971993,0.49163920922570015,0.6138148806082276,0.8509060955518946,0.4917627677100494
746739,2025-09-12 18:30:00+00:00,9,12,2025,131,Bayer Leverkusen,3,125,Eintracht Frankfurt,1,BayArena,0,2025-2026,0.5294117647058824,0.8235294117647058,0.3,0.2,0.5294117647058824,0.7941176470588235,0.6,1.3,0,0,0,0.47058823529411764,0.47058823529411764,0.36274509803921573,0.36764705882352944,0.297119341563786,0.14732510288065845,0.2222222222222222,4,3.1646090534979425,1.7662118430548717,3.6061620142616606,0.02455456792424393,2,0.8526748971193415,0.4312757201646091,0.5687242798353909,0.5967078189300411,0.2637448559670782,0.387518653999221,0.13333333333333333,0.6001097948575456,0.2722222222222222,0.5944444444444446,0.290192095110521,0.15967078189300413,0.5958847736625514
746736,2025-09-13 13:30:00+00:00,9,13,2025,6418,1. FC Heidenheim 1846,0,124,Borussia Dortmund,2,Voith-Arena,0,2025-2026,0.17647058823529413,-1.088235294117647,0.3,-1.0,0.5,0.6176470588235294,0.8,1.9,0,0,0,0.8235294117647058,0.5,0.6813725490196079,0.3970588235294118,0.8433141919606235,0.08613617719442165,0.4647251845775226,2,3.166529942575882,1.7665925616464613,3.6081780829874974,0.3392291887058966,2,0.9138638228055783,0.43232157506152585,0.5676784249384741,0.16488925348646433,0.2635356849876948,0.41016047863974897,0.1697087776866284,0.4719609486713072,0.29647251845775224,0.5338187038556194,0.47395021896678036,0.605414273995078,0.2887612797374898
746738,2025-09-13 13:30:00+00:00,9,13,2025,2950,Mainz,0,11420,RB Leipzig,1,MEWA ARENA,0,2025-2026,0.4117647058823529,0.3235294117647059,0.1,-0.5,0.35294117647058826,-0.029411764705882353,0.3,-0.7,0,0,0,0.5882352941176471,0.6470588235294117,0.446078431372549,0.5049019607843137,0.6247947454844006,0.5985221674876847,0.6116584564860427,1,3.1683087027914616,1.7662258030758409,3.609865153560422,0.6643633477271882,1,0.4014778325123153,0.7512315270935961,0.24876847290640391,0.053366174055829226,0.19975369458128078,0.24066520662961977,0.1917487684729064,0.290854673347816,0.3111658456486043,0.49708538587848927,0.5088455858560643,0.6880131362889984,0.05008210180623974
746744,2025-09-13 13:30:00+00:00,9,13,2025,138,VfL Wolfsburg,3,122,FC Cologne,3,Volkswagen Arena,0,2025-2026,0.3235294117647059,0.08823529411764706,0.2,-0.5,0.20588235294117646,-0.7647058823529411,0.4,-0.1,0,0,0,0.6764705882352942,0.7941176470588236,0.48529411764705876,0.6274509803921569,0.6401639344262295,0.6450819672131147,0.6426229508196721,6,3.1655737704918034,1.7661836004646188,3.607119670607958,0.6005966804670257,0,0.35983606557377046,1.0,0.0,0.8934426229508197,0.15,0.23793032786885243,0.19639344262295083,0.8387548710024187,0.31426229508196724,0.489344262295082,0.4324171035075768,0.5016393442622951,0.8778688524590164
746743,2025-09-13 13:30:00+00:00,9,13,2025,126,SC Freiburg,3,134,VfB Stuttgart,1,Europa-Park Stadion,0,2025-2026,0.4411764705882353,-0.2647058823529412,0.4,-0.7,0.4411764705882353,0.38235294117647056,0.5,0.7,0,0,0,0.5588235294117647,0.5588235294117647,0.5441176470588236,0.4362745098039216,0.49506578947368424,0.26151315789473684,0.3782894736842105,4,3.1652960526315788,1.7656473867037272,3.6067078993075103,0.024502852086269566,2,0.7384868421052632,0.4317434210526316,0.5682565789473684,0.5962171052631579,0.26365131578947365,0.34552677566655127,0.1567434210526316,0.5768966467913393,0.2878289473684211,0.5554276315789473,0.37751378023481713,0.3692434210526316,0.5370065789473685
746737,2025-09-13 13:30:00+00:00,9,13,2025,598,1. FC Union Berlin,2,7911,TSG Hoffenheim,4,Stadion An der Alten Försterei,0,2025-2026,0.29411764705882354,-0.5588235294117647,0.4,-0.2,0.20588235294117646,-0.6470588235294118,0.2,-0.7,0,0,0,0.7058823529411764,0.7941176470588236,0.5931372549019607,0.607843137254902,0.5702547247329499,0.8274445357436319,0.6988496302382909,6,3.1659819227608876,1.765083411720487,3.6072527756910095,0.6010127415301737,2,0.4297452752670501,0.4322103533278554,0.5677896466721446,0.8940016433853739,0.2635579293344289,0.2318854572547632,0.20482744453574364,0.6645605118725315,0.31988496302382907,0.4752875924404273,0.636885832345919,0.8718159408381265,0.723911257189811
746741,2025-09-13 16:30:00+00:00,9,13,2025,132,Bayern Munich,5,127,Hamburg SV,0,Allianz Arena,0,2025-2026,0.7352941176470589,2.088235294117647,0.8,2.3,0.0,-1.0,0.0,-1.0,0,0,0,0.2647058823529411,1.0,0.1519607843137255,0.6666666666666667,0.013104013104013105,0.9541359541359541,0.4836199836199836,5,3.1678951678951677,1.7673221130558796,3.6097256961591375,0.2661229154968231,5,0.9868959868959869,0.036036036036036036,0.963963963963964,0.782964782964783,0.34279279279279284,0.3900182983966768,0.17254299754299754,0.5615550509972451,0.2983619983619984,0.5290950040950041,0.5894087774057863,0.823914823914824,0.4963144963144963
746742,2025-09-14 13:30:00+00:00,9,14,2025,270,St. Pauli,2,3841,FC Augsburg,1,Millerntor-Stadion,0,2025-2026,0.2647058823529412,-0.23529411764705882,0.2,-0.1,0.35294117647058826,-0.3235294117647059,0.2,-0.9,0,0,0,0.7352941176470589,0.6470588235294117,0.5392156862745099,0.553921568627451,0.6783960720130933,0.7217675941080196,0.7000818330605565,3,3.169394435351882,1.7673755053207174,3.6112383116820617,0.05805128314770136,1,0.32160392798690673,0.7512274959083469,0.24877250409165308,0.3960720130932897,0.19975450081833063,0.20870559786350085,0.20501227495908347,0.4553196153013841,0.3200081833060556,0.4749795417348609,0.42403501095727686,0.47708674304418985,0.2479541734860884
746740,2025-09-14 15:30:00+00:00,9,14,2025,268,Borussia Mönchengladbach,0,137,Werder Bremen,4,BORUSSIA-PARK,0,2025-2026,0.35294117647058826,-0.11764705882352941,0.1,-0.6,0.4117647058823529,-0.17647058823529413,0.5,0.7,0,0,0,0.6470588235294117,0.5882352941176471,0.5196078431372548,0.5294117647058822,0.7260834014717906,0.31479967293540473,0.5204415372035976,4,3.1692559280457893,1.7666588489170882,3.6109206402750615,0.023959925900246315,4,0.6852003270645952,0.08994276369582993,0.9100572363041701,0.5952575633687653,0.33201144726083404,0.2956518426800577,0.17806623058053966,0.4757223388572495,0.30204415372035975,0.5198896156991006,0.549716072237256,0.7636958299264105,0.3008994276369583
746753,2025-09-19 18:30:00+00:00,9,19,2025,134,VfB Stuttgart,2,270,St. Pauli,0,MHPArena,0,2025-2026,0.4117647058823529,0.2647058823529412,0.5,0.6,0.29411764705882354,-0.14705882352941177,0.3,0.1,0,0,0,0.5882352941176471,0.7058823529411764,0.4558823529411765,0.5245098039215685,0.2777777777777778,0.5620915032679739,0.4199346405228758,2,3.1699346405228757,1.7660960718642003,3.611458658488926,0.3405007135201743,2,0.7222222222222222,0.43300653594771243,0.5669934640522876,0.1642156862745098,0.2633986928104575,0.33965504720406686,0.16299019607843138,0.40249004715660175,0.2919934640522876,0.5450163398692811,0.44992790448723274,0.5522875816993464,0.15522875816993464
746748,2025-09-20 13:30:00+00:00,9,20,2025,3841,FC Augsburg,1,2950,Mainz,4,WWK Arena,0,2025-2026,0.3235294117647059,-0.4117647058823529,0.2,-1.0,0.4117647058823529,0.3235294117647059,0.1,-0.4,0,0,0,0.6764705882352942,0.5882352941176471,0.5686274509803921,0.446078431372549,0.7551020408163265,0.6187755102040816,0.6869387755102041,5,3.1689795918367345,1.7656909126721374,3.610402320004769,0.2663212554121642,3,0.3812244897959184,0.20244897959183675,0.7975510204081633,0.7828571428571428,0.30951020408163266,0.20066478967097046,0.20304081632653062,0.5420802564373688,0.3186938775510204,0.478265306122449,0.636787696099411,0.8718367346938776,0.4448979591836735
746749,2025-09-20 13:30:00+00:00,9,20,2025,127,Hamburg SV,2,6418,1. FC Heidenheim 1846,1,Volksparkstadion,0,2025-2026,0.0,-2.3333333333333335,0.0,-2.3333333333333335,0.17647058823529413,-1.088235294117647,0.2,-1.3,0,0,0,1.0,0.8235294117647058,0.888888888888889,0.6813725490196079,0.9893964110929854,0.9176182707993474,0.9535073409461664,3,3.1704730831973897,1.7657445965063057,3.611909232323966,0.05827932851453754,1,0.08238172920065256,0.7520391517128875,0.2479608482871125,0.39559543230016314,0.1995921696574225,0.1130102735989398,0.24302610114192497,0.3733622319855518,0.34535073409461664,0.41162316476345834,0.49228256827418654,0.6525285481239804,0.11827079934747145
746752,2025-09-20 13:30:00+00:00,9,20,2025,7911,TSG Hoffenheim,1,132,Bayern Munich,4,PreZero Arena,0,2025-2026,0.23529411764705882,-0.5,0.3,-0.5,0.7352941176470589,2.088235294117647,0.8,2.7,0,0,0,0.7647058823529411,0.2647058823529411,0.5833333333333333,0.1519607843137255,0.7033414832925835,0.006519967400162999,0.35493072534637327,5,3.170334148329258,1.765031034807302,3.611591907031084,0.2661020084014869,3,0.993480032599837,0.20293398533007334,0.7970660146699267,0.78239608801956,0.30941320293398533,0.41210077653768207,0.153239608801956,0.6089114649075879,0.28549307253463735,0.5612673186634067,0.46754520973633135,0.589242053789731,0.6332518337408313
746751,2025-09-20 13:30:00+00:00,9,20,2025,137,Werder Bremen,0,126,SC Freiburg,3,Weserstadion,0,2025-2026,0.4117647058823529,-0.08823529411764706,0.5,0.8,0.4411764705882353,-0.23529411764705882,0.5,-0.4,0,0,0,0.5882352941176471,0.5588235294117647,0.5147058823529411,0.5392156862745099,0.28501628664495116,0.40879478827361565,0.34690553745928343,3,3.1718241042345277,1.7650840462444992,3.6130951157956526,0.05854117725842223,3,0.7149837133550488,0.20358306188925082,0.7964169381107492,0.3949511400651466,0.30928338762214985,0.3159972254347526,0.15203583061889253,0.43346011674131757,0.28469055374592833,0.5632736156351792,0.4310354720018337,0.495928338762215,0.20276872964169382
746750,2025-09-20 16:30:00+00:00,9,20,2025,11420,RB Leipzig,3,122,FC Cologne,1,Red Bull Arena,0,2025-2026,0.38235294117647056,0.0,0.4,-0.5,0.20588235294117646,-0.7647058823529411,0.4,-0.1,0,0,0,0.6176470588235294,0.7941176470588236,0.5,0.6274509803921569,0.47843775427176566,0.644426362896664,0.5614320585842149,4,3.1716842961757528,1.7643720250902122,3.612777302448306,0.023795356726347472,2,0.5215622457282343,0.43449959316517495,0.565500406834825,0.5947925142392189,0.263100081366965,0.2658595800829029,0.18421480878763224,0.5329102159484469,0.3061432058584215,0.5096419853539462,0.46363691353024483,0.5785191212367778,0.4304312449145647
746747,2025-09-21 13:30:00+00:00,9,21,2025,125,Eintracht Frankfurt,3,598,1. FC Union Berlin,4,Deutsche Bank Park,0,2025-2026,0.5,0.7058823529411765,0.5,1.0,0.29411764705882354,-0.6176470588235294,0.3,-0.5,0,0,0,0.5,0.7058823529411764,0.38235294117647056,0.6029411764705883,0.191869918699187,0.683739837398374,0.4378048780487805,7,3.1723577235772358,1.7638122045046798,3.6133107747034057,0.8417192355325419,1,0.808130081300813,0.7528455284552845,0.24715447154471548,0.9585365853658536,0.1994308943089431,0.40353889880362215,0.16567073170731708,0.8455365391508367,0.29378048780487803,0.5405487804878049,0.4487122957772436,0.5430894308943089,0.8829268292682927
746745,2025-09-21 15:30:00+00:00,9,21,2025,131,Bayer Leverkusen,1,268,Borussia Mönchengladbach,1,BayArena,0,2025-2026,0.5294117647058824,0.7941176470588235,0.3,0.2,0.35294117647058826,-0.17647058823529413,0.0,-1.1,0,0,0,0.47058823529411764,0.6470588235294117,0.36764705882352944,0.5294117647058822,0.30300568643379366,0.8456539398862714,0.5743298131600325,2,3.175467099918765,1.766467032688478,3.6170838580908846,0.34230214508247714,0,0.6969943135662063,1.0,0.0,0.16328188464662877,0.15,0.38122258326563774,0.1861494719740049,0.5623145903847334,0.3074329813160033,0.5064175467099918,0.354570058545584,0.2924451665312754,0.5028432168968319
746746,2025-09-21 17:30:00+00:00,9,21,2025,124,Borussia Dortmund,1,138,VfL Wolfsburg,0,SIGNAL IDUNA PARK,0,2025-2026,0.5,0.6176470588235294,0.8,1.9,0.3235294117647059,0.11764705882352941,0.2,-0.4,0,0,0,0.5,0.6764705882352942,0.3970588235294118,0.48039215686274506,0.08603896103896104,0.637987012987013,0.362012987012987,1,3.174512987012987,1.7660669442284764,3.616029723070106,0.6661578153776861,1,0.913961038961039,0.752435064935065,0.24756493506493504,0.052759740259740256,0.199512987012987,0.4458556723309159,0.15430194805194805,0.5365347960795688,0.2862012987012987,0.5594967532467532,0.3761879454182193,0.3587662337662338,0.43587662337662336
746759,2025-09-26 18:30:00+00:00,9,26,2025,132,Bayern Munich,4,137,Werder Bremen,0,Allianz Arena,0,2025-2026,0.7352941176470589,2.0294117647058822,0.8,2.8,0.4117647058823529,-0.029411764705882353,0.4,0.3,0,0,0,0.2647058823529411,0.5882352941176471,0.16176470588235292,0.5049019607843137,0.0072992700729927005,0.39172749391727496,0.19951338199513383,4,3.172749391727494,1.7664358925903663,3.6143583648750854,0.023549273703801887,4,0.9927007299270073,0.09002433090024331,0.9099756690997567,0.5944849959448499,0.3319951338199514,0.39836494574386844,0.1299270072992701,0.5257312363770559,0.2699513381995134,0.6001216545012165,0.3684411371569362,0.3309002433090024,0.41362530413625304
746754,2025-09-27 13:30:00+00:00,9,27,2025,6418,1. FC Heidenheim 1846,2,3841,FC Augsburg,1,Voith-Arena,0,2025-2026,0.17647058823529413,-1.0294117647058822,0.2,-1.3,0.3235294117647059,-0.47058823529411764,0.2,-1.1,0,0,0,0.8235294117647058,0.6764705882352942,0.6715686274509804,0.5784313725490196,0.9124797406807131,0.7844408427876823,0.8484602917341977,3,3.173419773095624,1.7658764629861317,3.614888888842157,0.05882269075602409,1,0.21555915721231766,0.752836304700162,0.24716369529983795,0.3946515397082658,0.19943273905996758,0.16634152812400674,0.22726904376012966,0.4185156564818137,0.33484602917341977,0.43788492706645055,0.46765833157130765,0.5915721231766613,0.18071312803889789
746757,2025-09-27 13:30:00+00:00,9,27,2025,2950,Mainz,0,124,Borussia Dortmund,2,MEWA ARENA,0,2025-2026,0.4117647058823529,0.38235294117647056,0.2,-0.1,0.5294117647058824,0.7647058823529411,0.8,1.7,0,0,0,0.5882352941176471,0.47058823529411764,0.4362745098039216,0.37254901960784315,0.5133603238866397,0.0825910931174089,0.29797570850202426,2,3.1732793522267206,1.7651677067406821,3.614571278911891,0.34185086955796373,2,0.9174089068825911,0.4340080971659919,0.5659919028340081,0.16356275303643725,0.2631983805668016,0.41165434608008655,0.14469635627530364,0.47330384121331276,0.2797975708502024,0.575506072874494,0.3793145645604157,0.37165991902834006,0.29554655870445345
746760,2025-09-27 13:30:00+00:00,9,27,2025,270,St. Pauli,1,131,Bayer Leverkusen,2,Millerntor-Stadion,0,2025-2026,0.29411764705882354,-0.20588235294117646,0.3,-0.1,0.5,0.7647058823529411,0.2,0.1,0,0,0,0.7058823529411764,0.5,0.5343137254901962,0.37254901960784315,0.5817152103559871,0.4021035598705502,0.49190938511326865,3,3.1723300970873787,1.7647684963199985,3.6135222211673783,0.05864066812553903,1,0.5978964401294498,0.7532362459546925,0.24676375404530748,0.3948220064724919,0.1993527508090615,0.3194167949644431,0.17378640776699028,0.5497889810860216,0.2991909385113269,0.5270226537216829,0.34326781975898357,0.26779935275080907,0.46116504854368934
746761,2025-09-27 13:30:00+00:00,9,27,2025,138,VfL Wolfsburg,0,11420,RB Leipzig,1,Volkswagen Arena,0,2025-2026,0.3235294117647059,0.11764705882352941,0.2,-0.4,0.4117647058823529,0.058823529411764705,0.4,-0.5,0,0,0,0.6764705882352942,0.5882352941176471,0.48039215686274506,0.4901960784313726,0.6289409862570736,0.4551333872271625,0.5420371867421181,1,3.172190784155214,1.7640612534622417,3.6132060975207745,0.6661991207786604,1,0.5448666127728374,0.7534357316087308,0.24656426839126921,0.05254648342764753,0.19931285367825385,0.29820256128571415,0.18130557801131772,0.35967918231590196,0.3042037186742118,0.5144907033144704,0.47466447742976653,0.6103476151980598,0.10105092966855295
746762,2025-09-27 16:30:00+00:00,9,27,2025,268,Borussia Mönchengladbach,4,125,Eintracht Frankfurt,6,BORUSSIA-PARK,0,2025-2026,0.35294117647058826,-0.11764705882352941,0.0,-1.1,0.47058823529411764,0.6176470588235294,0.5,1.1,0,0,0,0.6470588235294117,0.5294117647058824,0.5196078431372548,0.3970588235294118,0.8303715670436187,0.21163166397415187,0.5210016155088852,10,3.1704361873990305,1.7644284434285304,3.611543298256163,0.9985766115690222,2,0.7883683360258481,0.43376413570274636,0.5662358642972536,1.0,0.2632471728594507,0.364091582911622,0.1781502423263328,0.7381268506379457,0.30210016155088854,0.5197495961227787,0.6197469906525953,0.8602584814216478,0.8004846526655897
746758,2025-09-28 13:30:00+00:00,9,28,2025,126,SC Freiburg,1,7911,TSG Hoffenheim,1,Europa-Park Stadion,0,2025-2026,0.4411764705882353,-0.23529411764705882,0.6,0.2,0.23529411764705882,-0.5588235294117647,0.3,-0.6,0,0,0,0.5588235294117647,0.7647058823529411,0.5392156862745099,0.5931372549019607,0.2824858757062147,0.7312348668280871,0.5068603712671509,2,3.175948345439871,1.774355843591778,3.6195373063378153,0.3406845637047893,0,0.7175141242937852,1.0,0.0,0.1638418079096045,0.15,0.3899435028248587,0.17602905569007266,0.5729471097066615,0.3006860371267151,0.5232849071832122,0.325202764370518,0.22195318805488298,0.5286521388216303
746755,2025-09-28 15:30:00+00:00,9,28,2025,122,FC Cologne,1,134,VfB Stuttgart,2,RheinEnergieStadion,0,2025-2026,0.20588235294117646,-0.7647058823529411,0.3,-0.4,0.4117647058823529,0.20588235294117646,0.5,0.4,0,0,0,0.7941176470588236,0.5882352941176471,0.6274509803921569,0.46568627450980393,0.7370967741935484,0.3024193548387097,0.519758064516129,3,3.175,1.7739540109399052,3.618488502734976,0.05896815711936465,1,0.6975806451612903,0.7532258064516129,0.24677419354838714,0.3951612903225806,0.19935483870967743,0.3593218002081165,0.17796370967741937,0.5841104385552682,0.3019758064516129,0.5200604838709677,0.3553196586301194,0.29596774193548386,0.557258064516129
746756,2025-09-28 17:30:00+00:00,9,28,2025,598,1. FC Union Berlin,0,127,Hamburg SV,0,Stadion An der Alten Försterei,0,2025-2026,0.29411764705882354,-0.6176470588235294,0.3,-0.5,0.25,-1.5,0.25,-1.5,0,0,0,0.7058823529411764,0.75,0.6029411764705883,0.75,0.67767929089444,0.9089443996776793,0.7933118452860597,0,3.174858984689766,1.7732455209810305,3.6181703649350236,0.8752772919267501,0,0.32232070910556,1.0,0.0,0.0,0.15,0.22198630136986297,0.21899677679290896,0.27033440773569695,0.329331184528606,0.45167203867848504,0.5499996842001298,0.765511684125705,0.0346494762288477
746771,2025-10-03 18:30:00+00:00,10,3,2025,7911,TSG Hoffenheim,0,122,FC Cologne,1,PreZero Arena,0,2025-2026,0.23529411764705882,-0.5294117647058824,0.2,-0.8,0.20588235294117646,-0.7647058823529411,0.3,-0.3,0,0,0,0.7647058823529411,0.7941176470588236,0.588235294117647,0.6274509803921569,0.7987117552334944,0.7415458937198067,0.7701288244766505,1,3.1723027375201287,1.7748187623355647,3.61600742810402,0.662528885077092,1,0.2584541062801933,0.7528180354267311,0.2471819645732689,0.05314009661835749,0.1994363929146538,0.1835108365033801,0.21551932367149756,0.22248566595384384,0.3270128824476651,0.4574677938808373,0.5759285982862034,0.8051529790660226,0.012077294685990338
746766,2025-10-04 13:30:00+00:00,10,4,2025,131,Bayer Leverkusen,2,598,1. FC Union Berlin,0,BayArena,0,2025-2026,0.5294117647058824,0.7941176470588235,0.3,0.2,0.29411764705882354,-0.5882352941176471,0.3,-0.5,0,0,0,0.47058823529411764,0.7058823529411764,0.36764705882352944,0.5980392156862746,0.3024939662107804,0.6781979082864039,0.49034593724859216,2,3.1705551086082058,1.7751737382879258,3.614348543180187,0.3386731087715702,2,0.6975060337892196,0.4328238133547868,0.5671761866452132,0.16492357200321803,0.2634352373290426,0.33053565938685436,0.17355189058728882,0.39377514214613735,0.2990345937248592,0.527413515687852,0.4869977335297816,0.6339501206757844,0.1415929203539823
746765,2025-10-04 13:30:00+00:00,10,4,2025,124,Borussia Dortmund,1,11420,RB Leipzig,1,SIGNAL IDUNA PARK,0,2025-2026,0.5294117647058824,0.7647058823529411,0.9,1.9,0.4117647058823529,-0.029411764705882353,0.4,-0.5,0,0,0,0.47058823529411764,0.5882352941176471,0.37254901960784315,0.5049019607843137,0.05546623794212219,0.46141479099678456,0.2584405144694534,2,3.169614147909968,1.7747698602781496,3.6133066129795055,0.3384445023591969,0,0.9445337620578778,1.0,0.0,0.1647909967845659,0.15,0.48642684887459803,0.138766077170418,0.6880204951613402,0.27584405144694535,0.5853898713826367,0.19825307545761578,0.04180064308681672,0.7596463022508039
746767,2025-10-04 13:30:00+00:00,10,4,2025,3841,FC Augsburg,3,138,VfL Wolfsburg,1,WWK Arena,0,2025-2026,0.3235294117647059,-0.38235294117647056,0.1,-1.3,0.3235294117647059,0.08823529411764706,0.2,-0.4,0,0,0,0.6764705882352942,0.6764705882352942,0.5637254901960784,0.48529411764705876,0.8337349397590361,0.6393574297188755,0.7365461847389558,4,3.1686746987951806,1.7743660416841385,3.612266209216215,0.023592649052467052,2,0.36064257028112445,0.43293172690763054,0.5670682730923695,0.5967871485943775,0.2634136546184739,0.20648083095433942,0.2104819277108434,0.5007504385762919,0.3236546184738956,0.465863453815261,0.5316300413456736,0.7317269076305221,0.3598393574297189
746769,2025-10-04 13:30:00+00:00,10,4,2025,137,Werder Bremen,1,270,St. Pauli,0,Weserstadion,0,2025-2026,0.38235294117647056,-0.17647058823529413,0.3,-0.2,0.2647058823529412,-0.3235294117647059,0.2,-0.3,0,0,0,0.6176470588235294,0.7352941176470589,0.5294117647058822,0.553921568627451,0.5337078651685393,0.7134831460674157,0.6235955056179775,1,3.169341894060995,1.7738096546830175,3.6127943077317495,0.6620447600505406,1,0.4662921348314607,0.7528089887640449,0.2471910112359551,0.052969502407704656,0.19943820224719103,0.26670401464461563,0.19353932584269662,0.32205182578443675,0.31235955056179776,0.4941011235955056,0.5134634097054007,0.7006420545746388,0.06741573033707865
746763,2025-10-04 16:30:00+00:00,10,4,2025,125,Eintracht Frankfurt,0,132,Bayern Munich,3,Deutsche Bank Park,0,2025-2026,0.47058823529411764,0.6176470588235294,0.5,1.0,0.7647058823529411,2.1470588235294117,0.9,3.2,0,0,0,0.5294117647058824,0.23529411764705888,0.3970588235294118,0.1421568627450981,0.20689655172413793,0.0032076984763432237,0.10505212510024058,3,3.1676022453889336,1.7741615999100169,3.6111426453664377,0.05760356276946177,3,0.9967923015236568,0.2020850040096231,0.7979149959903769,0.39695268644747395,0.3095829991980754,0.41314287570039787,0.11575781876503609,0.5021446388171321,0.26050521251002406,0.6237369687249399,0.2800539724428331,0.13793103448275862,0.3648757016840417
746770,2025-10-05 13:30:00+00:00,10,5,2025,134,VfB Stuttgart,1,6418,1. FC Heidenheim 1846,0,MHPArena,0,2025-2026,0.4411764705882353,0.23529411764705882,0.6,0.6,0.17647058823529413,-1.0588235294117647,0.3,-0.9,0,0,0,0.5588235294117647,0.8235294117647058,0.4607843137254902,0.6764705882352942,0.22516025641025642,0.84375,0.5344551282051282,1,3.167467948717949,1.7734564312344192,3.6108320565265535,0.6616398768372656,1,0.7748397435897436,0.7532051282051282,0.2467948717948718,0.052884615384615384,0.19935897435897437,0.39024834607166337,0.18016826923076923,0.4701117711250558,0.3034455128205128,0.516386217948718,0.4700805702142403,0.594551282051282,0.2860576923076923
746768,2025-10-05 15:30:00+00:00,10,5,2025,127,Hamburg SV,4,2950,Mainz,0,Volksparkstadion,0,2025-2026,0.2,-1.2,0.2,-1.2,0.4117647058823529,0.38235294117647056,0.2,-0.1,0,0,0,0.8,0.5882352941176471,0.7,0.4362745098039216,0.9015212169735789,0.5076060848678943,0.7045636509207366,4,3.165732586068855,1.7738063327197215,3.6091841692487856,0.0239796038420913,4,0.49239391513210573,0.08967173738991192,0.910328262610088,0.5972778222578062,0.3320656525220176,0.23123683895074426,0.2056845476381105,0.44507225270203676,0.32045636509207365,0.47385908726981585,0.6305166085942024,0.8686949559647719,0.22898318654923938
746764,2025-10-05 17:30:00+00:00,10,5,2025,268,Borussia Mönchengladbach,0,126,SC Freiburg,0,BORUSSIA-PARK,0,2025-2026,0.3235294117647059,-0.20588235294117646,0.0,-1.2,0.4411764705882353,-0.14705882352941177,0.5,0.1,0,0,0,0.6764705882352942,0.5588235294117647,0.5343137254901962,0.5245098039215685,0.8656,0.3424,0.604,0,3.1664,1.773253106937926,3.6097132767344813,0.8740568492485268,0,0.6576,1.0,0.0,0.0,0.15,0.36447999999999997,0.1906,0.46312,0.3104,0.499,0.4679912354667692,0.5896,0.2664
746779,2025-10-17 18:30:00+00:00,10,17,2025,598,1. FC Union Berlin,3,268,Borussia Mönchengladbach,1,Stadion An der Alten Försterei,0,2025-2026,0.2647058823529412,-0.6764705882352942,0.3,-0.7,0.3235294117647059,-0.17647058823529413,0.0,-1.1,0,0,0,0.7352941176470589,0.6764705882352942,0.6127450980392157,0.5294117647058822,0.7210231814548361,0.8593125499600319,0.790167865707434,4,3.1638689048760993,1.7748029466958621,3.607569641550065,0.024148908487547915,2,0.2789768185451639,0.43325339728217427,0.5667466027178257,0.5971223021582733,0.26334932054356514,0.17641929941258827,0.2185251798561151,0.48442926782100754,0.3290167865707434,0.4524580335731415,0.5492640893073468,0.7641886490807354,0.3213429256594724
746777,2025-10-18 13:30:00+00:00,10,18,2025,6418,1. FC Heidenheim 1846,2,137,Werder Bremen,2,Voith-Arena,0,2025-2026,0.17647058823529413,-1.0588235294117647,0.3,-0.6,0.4117647058823529,-0.11764705882352941,0.3,-0.2,0,0,0,0.8235294117647058,0.5882352941176471,0.6764705882352942,0.5196078431372548,0.8049363057324841,0.5087579617834395,0.6568471337579618,4,3.1664012738853504,1.775042142759455,3.610161809575214,0.023828408644442245,0,0.49124203821656054,1.0,0.0,0.5971337579617835,0.15,0.2937778662420382,0.19852707006369427,0.6996031849669357,0.3156847133757962,0.4857882165605095,0.32381918181362424,0.21815286624203822,0.7762738853503185
746780,2025-10-18 13:30:00+00:00,10,18,2025,122,FC Cologne,1,3841,FC Augsburg,1,RheinEnergieStadion,0,2025-2026,0.23529411764705882,-0.6764705882352942,0.4,0.0,0.3235294117647059,-0.35294117647058826,0.2,-1.1,0,0,0,0.7647058823529411,0.6764705882352942,0.6127450980392157,0.5588235294117647,0.5888446215139442,0.7713147410358566,0.6800796812749004,2,3.1673306772908365,1.7754440012936483,3.6111916776142485,0.3375207111349713,0,0.41115537848605577,1.0,0.0,0.1657370517928287,0.15,0.25974103585657365,0.20201195219123508,0.4192421231409025,0.31800796812749005,0.4799800796812748,0.3946079173692922,0.40318725099601593,0.18326693227091634
746778,2025-10-18 13:30:00+00:00,10,18,2025,2950,Mainz,3,131,Bayer Leverkusen,4,MEWA ARENA,0,2025-2026,0.38235294117647056,0.17647058823529413,0.2,-0.5,0.5588235294117647,0.8529411764705882,0.4,0.4,0,0,0,0.6176470588235294,0.4411764705882353,0.47058823529411764,0.3578431372549019,0.5853269537480064,0.23843700159489634,0.41188197767145135,7,3.164274322169059,1.7728464200479268,3.6074859271810404,0.8397351082757694,1,0.7615629984051037,0.7535885167464115,0.24641148325358853,0.9577352472089314,0.1992822966507177,0.3849702578542921,0.1617822966507177,0.8400511714619016,0.2911881977671451,0.5470295055821373,0.4329179847166415,0.5,0.8811802232854864
746773,2025-10-18 13:30:00+00:00,10,18,2025,11420,RB Leipzig,2,127,Hamburg SV,1,Red Bull Arena,0,2025-2026,0.38235294117647056,-0.058823529411764705,0.4,-0.5,0.3333333333333333,-0.3333333333333333,0.3333333333333333,-0.3333333333333333,0,0,0,0.6176470588235294,0.6666666666666667,0.5098039215686274,0.5555555555555556,0.4860335195530726,0.5826017557861133,0.534317637669593,3,3.1644054269752595,1.7735482030294305,3.607792477732617,0.05703033321388573,1,0.5139664804469274,0.753391859537111,0.24660814046288904,0.39664804469273746,0.1993216280925778,0.28582875958035914,0.18014764565043895,0.5219997883974696,0.3034317637669593,0.5164205905826018,0.36103525328311786,0.30806065442936953,0.40861931364724663
746775,2025-10-18 13:30:00+00:00,10,18,2025,138,VfL Wolfsburg,0,134,VfB Stuttgart,3,Volkswagen Arena,0,2025-2026,0.29411764705882354,-0.029411764705882353,0.2,-0.6,0.47058823529411764,0.2647058823529412,0.7,0.7,0,0,0,0.7058823529411764,0.5294117647058824,0.5049019607843137,0.4558823529411765,0.6876996805111821,0.1876996805111821,0.43769968051118213,3,3.1645367412140577,1.7742508199998395,3.6080994462140175,0.057042388011689704,3,0.8123003194888179,0.20287539936102236,0.7971246006389776,0.39696485623003197,0.30942492012779554,0.34953468699282425,0.16565495207667733,0.4576390012198063,0.2937699680511182,0.5405750798722044,0.4802301622672592,0.6230031948881789,0.2539936102236422
746776,2025-10-18 16:30:00+00:00,10,18,2025,132,Bayern Munich,2,124,Borussia Dortmund,1,Allianz Arena,0,2025-2026,0.7941176470588235,2.235294117647059,0.9,3.1,0.5294117647058824,0.7941176470588235,0.8,1.8,0,0,0,0.20588235294117652,0.47058823529411764,0.12745098039215685,0.36764705882352944,0.005568814638027049,0.07637231503579953,0.04097056483691329,3,3.1670644391408116,1.7744911506610066,3.6106872268060632,0.057499523747638004,1,0.994431185361973,0.7525855210819411,0.2474144789180589,0.39618138424821003,0.19948289578361178,0.47808129684585726,0.10614558472553699,0.6859121389150518,0.25409705648369135,0.6397573587907717,0.09518183174238773,0.007159904534606206,0.7589498806682577
746774,2025-10-19 13:30:00+00:00,10,19,2025,126,SC Freiburg,2,125,Eintracht Frankfurt,2,Europa-Park Stadion,0,2025-2026,0.4117647058823529,-0.17647058823529413,0.4,0.0,0.47058823529411764,0.5294117647058824,0.5,0.7,0,0,0,0.5882352941176471,0.5294117647058824,0.5294117647058822,0.4117647058823529,0.4165341812400636,0.2368839427662957,0.3267090620031796,4,3.166931637519873,1.7737914204545862,3.6103794926335193,0.02383529877166435,0,0.7631160572337043,1.0,0.0,0.5969793322734499,0.15,0.4093243243243243,0.14900635930047695,0.7868660035233962,0.282670906200318,0.5683227344992051,0.1892277985961222,0.03656597774244833,0.8394276629570747
746772,2025-10-19 15:30:00+00:00,10,19,2025,270,St. Pauli,0,7911,TSG Hoffenheim,3,Millerntor-Stadion,0,2025-2026,0.2647058823529412,-0.2647058823529412,0.2,-0.4,0.23529411764705882,-0.5588235294117647,0.2,-0.8,0,0,0,0.7352941176470589,0.7647058823529411,0.5441176470588236,0.5931372549019607,0.7124702144559174,0.8141382049245433,0.7633042096902303,3,3.1675933280381257,1.7732417135599485,3.6109037564281126,0.057617839826821005,3,0.2875297855440826,0.20254169976171565,0.7974583002382843,0.39555202541699763,0.3094916600476569,0.16832169144668316,0.21449563145353454,0.32963221859569075,0.32633042096902304,0.4591739475774424,0.6230830849245863,0.8633836378077839,0.07227958697378872
746781,2025-10-24 18:30:00+00:00,10,24,2025,137,Werder Bremen,1,598,1. FC Union Berlin,0,Weserstadion,0,2025-2026,0.38235294117647056,-0.17647058823529413,0.3,-0.2,0.2647058823529412,-0.6764705882352942,0.4,-0.5,0,0,0,0.6176470588235294,0.7352941176470589,0.5294117647058822,0.6127450980392157,0.5317460317460317,0.6404761904761904,0.586111111111111,1,3.1674603174603173,1.7725436354705726,3.6105962263279605,0.6619511615216666,1,0.46825396825396826,0.7523809523809524,0.24761904761904763,0.05317460317460317,0.19952380952380952,0.2674606953892668,0.18791666666666668,0.3230030357292829,0.3086111111111111,0.5034722222222221,0.4959003087675161,0.6619047619047619,0.06746031746031746
746784,2025-10-25 13:30:00+00:00,10,25,2025,125,Eintracht Frankfurt,2,270,St. Pauli,0,Deutsche Bank Park,0,2025-2026,0.47058823529411764,0.5588235294117647,0.4,0.3,0.2647058823529412,-0.3235294117647059,0.2,-0.7,0,0,0,0.5294117647058824,0.7352941176470589,0.4068627450980392,0.553921568627451,0.28865979381443296,0.7636796193497224,0.5261697065820776,2,3.1657414750198254,1.77289110842097,3.6089642521250678,0.337550989925663,2,0.711340206185567,0.4321966693100714,0.5678033306899286,0.16574147501982553,0.26356066613798573,0.3355733871824849,0.17892545598731163,0.3989551121302531,0.30261697065820775,0.5184575733544805,0.5050200579016274,0.6819984139571769,0.14988104678826328
746783,2025-10-25 13:30:00+00:00,10,25,2025,3841,FC Augsburg,0,11420,RB Leipzig,6,WWK Arena,0,2025-2026,0.3235294117647059,-0.29411764705882354,0.2,-0.9,0.38235294117647056,-0.08823529411764706,0.5,0.0,0,0,0,0.6764705882352942,0.6176470588235294,0.5490196078431373,0.5147058823529411,0.7305863708399366,0.3787638668779715,0.554675118858954,6,3.1648177496038037,1.7724917849574915,3.6079406958431766,0.5977322163165866,6,0.6212361331220285,0.014263074484944533,0.9857369255150554,0.8938193343898574,0.34714738510301113,0.268073078478304,0.1832012678288431,0.5634074345591495,0.3054675118858954,0.5113312202852616,0.6942386112505006,0.8961965134706814,0.5103011093502378
746782,2025-10-25 13:30:00+00:00,10,25,2025,127,Hamburg SV,0,138,VfL Wolfsburg,1,Volksparkstadion,0,2025-2026,0.2857142857142857,-0.42857142857142855,0.2857142857142857,-0.42857142857142855,0.29411764705882354,-0.058823529411764705,0.2,-0.8,0,0,0,0.7142857142857143,0.7058823529411764,0.5714285714285714,0.5098039215686274,0.6619160728424386,0.7205067300079177,0.6912114014251781,1,3.1670625494853524,1.773584523458941,3.6104586803500878,0.6614820292891774,1,0.3380839271575614,0.7529691211401425,0.24703087885985753,0.05304829770387965,0.1994061757719715,0.21539333449935402,0.20368171021377673,0.26064444257746533,0.3191211401425178,0.4771971496437055,0.5434086772747913,0.7545526524148852,0.030878859857482184
746789,2025-10-25 13:30:00+00:00,10,25,2025,7911,TSG Hoffenheim,3,6418,1. FC Heidenheim 1846,1,PreZero Arena,0,2025-2026,0.23529411764705882,-0.5294117647058824,0.3,-0.4,0.17647058823529413,-1.0294117647058822,0.2,-0.7,0,0,0,0.7647058823529411,0.8235294117647058,0.588235294117647,0.6715686274509804,0.6954113924050633,0.8718354430379747,0.783623417721519,4,3.1653481012658227,1.773929761507268,3.60883054164264,0.02401919106373762,2,0.30458860759493667,0.432753164556962,0.567246835443038,0.5973101265822784,0.2634493670886076,0.1858275291419644,0.21754351265822786,0.4896136140155748,0.3283623417721519,0.4540941455696202,0.5473265247627318,0.7610759493670886,0.33306962025316456
746785,2025-10-25 13:45:00+00:00,10,25,2025,268,Borussia Mönchengladbach,0,132,Bayern Munich,3,BORUSSIA-PARK,0,2025-2026,0.29411764705882354,-0.2647058823529412,0.0,-1.2,0.7941176470588235,2.1470588235294117,0.9,2.9,0,0,0,0.7058823529411764,0.20588235294117652,0.5441176470588236,0.1421568627450981,0.8861660079051383,0.0031620553359683794,0.44466403162055335,3,3.16600790513834,1.773383186779621,3.6093537018332453,0.05732547808697741,3,0.9968379446640316,0.20316205533596837,0.7968379446640317,0.3960474308300395,0.30936758893280636,0.4132875376900123,0.16669960474308299,0.5021954216542054,0.29446640316205536,0.5388339920948617,0.48379823330616833,0.6284584980237155,0.3691699604743083
746787,2025-10-25 16:30:00+00:00,10,25,2025,124,Borussia Dortmund,1,122,FC Cologne,0,SIGNAL IDUNA PARK,0,2025-2026,0.5,0.7352941176470589,0.7,1.6,0.23529411764705882,-0.5882352941176471,0.4,0.0,0,0,0,0.5,0.7647058823529411,0.37745098039215685,0.5980392156862746,0.11453396524486571,0.5916271721958926,0.35308056872037913,1,3.1658767772511847,1.7726882461407951,3.6090488387863835,0.6614565493395951,1,0.8854660347551343,0.7535545023696683,0.24644549763033174,0.05292259083728278,0.19928909952606635,0.4345722430613269,0.15296208530805688,0.5233146054469755,0.2853080568720379,0.5617298578199053,0.36982655684769833,0.3333333333333333,0.4154818325434439
746786,2025-10-26 14:30:00+00:00,10,26,2025,131,Bayer Leverkusen,2,126,SC Freiburg,0,BayArena,0,2025-2026,0.5588235294117647,0.8529411764705882,0.4,0.3,0.38235294117647056,-0.23529411764705882,0.3,-0.1,0,0,0,0.4411764705882353,0.6176470588235294,0.3578431372549019,0.5392156862745099,0.23835832675611682,0.5327545382794001,0.38555643251775845,2,3.164167324388319,1.773032406671799,3.6074254260562686,0.3369857779120349,2,0.7616416732438832,0.43330702446724545,0.5666929755327546,0.1665351223362273,0.2633385951065509,0.3542021530079631,0.15783346487766375,0.41774082748779073,0.28855564325177585,0.5536108918705603,0.430158329496056,0.489344909234412,0.18232044198895028
746788,2025-10-26 16:30:00+00:00,10,26,2025,134,VfB Stuttgart,2,2950,Mainz,1,MHPArena,0,2025-2026,0.5,0.47058823529411764,0.8,1.1,0.38235294117647056,0.20588235294117646,0.2,-0.3,0,0,0,0.5,0.6176470588235294,0.42156862745098034,0.46568627450980393,0.12066246056782334,0.5717665615141956,0.3462145110410095,3,3.163249211356467,1.772634079864328,3.606407731322549,0.056835152972818936,1,0.8793375394321766,0.7539432176656151,0.24605678233438488,0.39668769716088326,0.199211356466877,0.43216062205813577,0.15193217665615144,0.6472287949132998,0.284621451104101,0.5634463722397476,0.27374143720657906,0.12854889589905363,0.7026813880126183
746791,2025-10-31 19:30:00+00:00,10,31,2025,3841,FC Augsburg,0,124,Borussia Dortmund,1,WWK Arena,0,2025-2026,0.29411764705882354,-0.5,0.2,-1.3,0.5294117647058824,0.7941176470588235,0.7,1.3,0,0,0,0.7058823529411764,0.47058823529411764,0.5833333333333333,0.36764705882352944,0.8108747044917257,0.11583924349881797,0.46335697399527187,1,3.1631205673758864,1.7719408798006837,3.606105787326057,0.6609380634834409,1,0.884160756501182,0.7541371158392435,0.24586288416075652,0.05279747832939322,0.1991725768321513,0.4341128324642735,0.1695035460992908,0.5228427812853609,0.2963356973995272,0.5341607565011819,0.43239640651429123,0.49645390070921985,0.41213553979511425
746797,2025-11-01 14:30:00+00:00,11,1,2025,6418,1. FC Heidenheim 1846,1,125,Eintracht Frankfurt,1,Voith-Arena,0,2025-2026,0.17647058823529413,-1.088235294117647,0.2,-0.9,0.5,0.6176470588235294,0.5,0.5,0,0,0,0.8235294117647058,0.5,0.6813725490196079,0.3970588235294118,0.889763779527559,0.23307086614173228,0.5614173228346456,2,3.161417322834646,1.7722823119463493,3.6044879008212334,0.33622022415856223,0,0.7669291338582678,1.0,0.0,0.16692913385826771,0.15,0.4109448818897638,0.18421259842519683,0.5992753425506852,0.3061417322834646,0.5096456692913387,0.3480599083831655,0.27795275590551183,0.5984251968503937
746794,2025-11-01 14:30:00+00:00,11,1,2025,598,1. FC Union Berlin,0,126,SC Freiburg,0,Stadion An der Alten Försterei,0,2025-2026,0.2647058823529412,-0.7058823529411765,0.4,-0.6,0.38235294117647056,-0.23529411764705882,0.3,-0.3,0,0,0,0.7352941176470589,0.6176470588235294,0.6176470588235294,0.5392156862745099,0.6428009441384737,0.5523210070810386,0.5975609756097562,0,3.1605035405192763,1.7718839295036002,3.6034745228951763,0.8735566832067803,0,0.4476789929189614,1.0,0.0,0.0,0.15,0.2752635719905586,0.18963414634146342,0.3424154209284028,0.3097560975609756,0.5006097560975609,0.46480103015421853,0.5798583792289536,0.08339889850511409
746790,2025-11-01 14:30:00+00:00,11,1,2025,2950,Mainz,1,137,Werder Bremen,1,MEWA ARENA,0,2025-2026,0.38235294117647056,0.17647058823529413,0.2,-0.4,0.4117647058823529,-0.14705882352941177,0.4,-0.1,0,0,0,0.6176470588235294,0.5882352941176471,0.47058823529411764,0.5245098039215685,0.5754716981132075,0.4378930817610063,0.5066823899371069,2,3.1580188679245285,1.77340218696067,3.601369414664696,0.33482026900478346,0,0.5621069182389937,1.0,0.0,0.16745283018867924,0.15,0.3238954402515723,0.17600235849056606,0.49630917549246467,0.3006682389937107,0.5233294025157231,0.32409094940631245,0.21855345911949686,0.34827044025157233
746798,2025-11-01 14:30:00+00:00,11,1,2025,11420,RB Leipzig,3,134,VfB Stuttgart,1,Red Bull Arena,0,2025-2026,0.38235294117647056,0.029411764705882353,0.6,0.6,0.5,0.47058823529411764,0.8,1.1,0,0,0,0.6176470588235294,0.5,0.4950980392156863,0.42156862745098034,0.2631578947368421,0.11704634721131187,0.19010212097407697,4,3.1571091908876667,1.7730020560453188,3.6003597048989966,0.025083347207321638,2,0.8829536527886881,0.43205027494108406,0.5679497250589159,0.5993715632364494,0.2635899450117832,0.39874897949990407,0.12851531814611156,0.6074017576714644,0.2690102120974077,0.6024744697564807,0.27053954487872106,0.1178318931657502,0.6347211311861743
746793,2025-11-01 14:30:00+00:00,11,1,2025,270,St. Pauli,0,268,Borussia Mönchengladbach,4,Millerntor-Stadion,0,2025-2026,0.2647058823529412,-0.38235294117647056,0.2,-0.8,0.29411764705882354,-0.35294117647058826,0.0,-1.5,0,0,0,0.7352941176470589,0.7058823529411764,0.5637254901960784,0.5588235294117647,0.7660910518053375,0.9191522762951334,0.8426216640502355,4,3.1577708006279437,1.7724628524441366,3.6008865137389776,0.025033126089802793,4,0.23390894819466246,0.08948194662480377,0.9105180533751962,0.5989010989010989,0.33210361067503924,0.14490310989750327,0.22639324960753532,0.4038694683772583,0.33426216640502354,0.4393445839874411,0.6802203322863396,0.8940345368916798,0.1609105180533752
746792,2025-11-01 17:30:00+00:00,11,1,2025,132,Bayern Munich,3,131,Bayer Leverkusen,0,Allianz Arena,0,2025-2026,0.7941176470588235,2.088235294117647,1.0,3.2,0.5882352941176471,0.9117647058823529,0.5,0.5,0,0,0,0.20588235294117652,0.4117647058823529,0.1519607843137255,0.3480392156862745,0.004705882352941176,0.18980392156862744,0.0972549019607843,3,3.1584313725490194,1.7719240849732347,3.601412393792328,0.05597277320740712,3,0.9952941176470588,0.20313725490196077,0.7968627450980392,0.3976470588235294,0.30937254901960787,0.4127514648212226,0.11458823529411766,0.5022584463351201,0.25972549019607843,0.625686274509804,0.27423044568159494,0.12941176470588237,0.37019607843137253
746796,2025-11-02 14:30:00+00:00,11,2,2025,122,FC Cologne,4,127,Hamburg SV,1,RheinEnergieStadion,0,2025-2026,0.20588235294117646,-0.6764705882352942,0.4,-0.1,0.25,-0.5,0.25,-0.5,0,0,0,0.7941176470588236,0.75,0.6127450980392157,0.5833333333333333,0.6246081504702194,0.7358934169278997,0.6802507836990596,5,3.158307210031348,1.7712346294623966,3.6011158673969472,0.2679273576090192,3,0.37539184952978055,0.20376175548589343,0.7962382445141065,0.786833855799373,0.3092476489028213,0.19872663643242497,0.20203761755485894,0.5437244254077545,0.31802507836990596,0.4799373040752351,0.6338328623454026,0.8730407523510971,0.4592476489028213
746795,2025-11-02 16:30:00+00:00,11,2,2025,138,VfL Wolfsburg,2,7911,TSG Hoffenheim,3,Volkswagen Arena,0,2025-2026,0.3235294117647059,-0.029411764705882353,0.3,-0.3,0.2647058823529412,-0.47058823529411764,0.4,-0.2,0,0,0,0.6764705882352942,0.7352941176470589,0.5049019607843137,0.5784313725490196,0.562255285826155,0.5849647611589663,0.5736100234925607,5,3.159749412685983,1.7712903572348806,3.602572001994703,0.26743778601894197,1,0.437744714173845,0.7533281127642913,0.24667188723570865,0.7862176977290525,0.19933437744714172,0.2553101343018982,0.1860415035238841,0.7083580081404404,0.30736100234925606,0.5065974941268598,0.41616124682959327,0.45418950665622554,0.7893500391542678
746804,2025-11-07 19:30:00+00:00,11,7,2025,137,Werder Bremen,2,138,VfL Wolfsburg,1,Weserstadion,0,2025-2026,0.4117647058823529,-0.058823529411764705,0.4,-0.1,0.3235294117647059,-0.058823529411764705,0.3,-0.4,0,0,0,0.5882352941176471,0.6764705882352942,0.5098039215686274,0.5098039215686274,0.4107981220657277,0.5884194053208138,0.4996087636932708,3,3.161189358372457,1.7713448235970317,3.6040255642717147,0.056482077424345745,1,0.5892018779342723,0.7535211267605634,0.24647887323943662,0.3967136150234742,0.19929577464788734,0.315958639158897,0.17494131455399062,0.5478121283410308,0.2999608763693271,0.5250978090766822,0.3461585349076274,0.27230046948356806,0.46400625978090765
746806,2025-11-08 14:30:00+00:00,11,8,2025,598,1. FC Union Berlin,2,132,Bayern Munich,2,Stadion An der Alten Försterei,0,2025-2026,0.2647058823529412,-0.6176470588235294,0.4,-0.3,0.7941176470588235,2.088235294117647,1.0,3.3,0,0,0,0.7352941176470589,0.20588235294117652,0.6029411764705883,0.1519607843137255,0.5957779515246286,0.003127443315089914,0.2994526974198593,4,3.1610633307271305,1.7706574099568826,3.603727683216351,0.02473213991551071,0,0.99687255668491,1.0,0.0,0.5981235340109461,0.15,0.5086708365910868,0.1449179046129789,0.8623587255729621,0.2799452697419859,0.5751368256450351,0.1758104037180519,0.027365129007036748,0.8999218139171228
746799,2025-11-08 14:30:00+00:00,11,8,2025,131,Bayer Leverkusen,6,6418,1. FC Heidenheim 1846,0,BayArena,0,2025-2026,0.5882352941176471,0.8235294117647058,0.5,0.4,0.17647058823529413,-1.0588235294117647,0.1,-1.2,0,0,0,0.4117647058823529,0.8235294117647058,0.36274509803921573,0.6764705882352942,0.18671875,0.934375,0.560546875,6,3.16171875,1.7701203933624543,3.6042488483406134,0.5998434618211386,6,0.81328125,0.01484375,0.98515625,0.89453125,0.34703125,0.3308204956054687,0.18408203125,0.5753163062095643,0.3060546875,0.50986328125,0.6977343600984225,0.8984375,0.540625
746807,2025-11-08 14:30:00+00:00,11,8,2025,127,Hamburg SV,1,124,Borussia Dortmund,1,Volksparkstadion,0,2025-2026,0.2222222222222222,-0.7777777777777778,0.2222222222222222,-0.7777777777777778,0.5294117647058824,0.7941176470588235,0.7,1.2,0,0,0,0.7777777777777778,0.47058823529411764,0.6296296296296295,0.36764705882352944,0.8165495706479313,0.117096018735363,0.46682279469164717,2,3.1639344262295084,1.7712049593981825,3.606735666079054,0.3373139615360178,0,0.882903981264637,1.0,0.0,0.16627634660421545,0.15,0.46023419203747074,0.17002341920374708,0.6574786238064159,0.2966822794691647,0.5332943013270882,0.3063052092241557,0.1873536299765808,0.7220921155347385
746805,2025-11-08 14:30:00+00:00,11,8,2025,7911,TSG Hoffenheim,3,11420,RB Leipzig,1,PreZero Arena,0,2025-2026,0.29411764705882354,-0.38235294117647056,0.5,-0.1,0.4117647058823529,0.11764705882352941,0.7,0.8,0,0,0,0.7058823529411764,0.5882352941176471,0.5637254901960784,0.48039215686274506,0.46177847113884557,0.20670826833073322,0.3342433697347894,4,3.1630265210608424,1.770811890583853,3.6057294937068054,0.024481754691766167,2,0.7932917316692668,0.4329173166926677,0.5670826833073324,0.5975039001560063,0.26341653666146647,0.365821131909239,0.15013650546021842,0.5888684023940551,0.28342433697347896,0.5664391575663026,0.3537291713971744,0.2909516380655226,0.5717628705148206
746800,2025-11-08 17:30:00+00:00,11,8,2025,268,Borussia Mönchengladbach,3,122,FC Cologne,1,BORUSSIA-PARK,0,2025-2026,0.29411764705882354,-0.3235294117647059,0.1,-0.9,0.23529411764705882,-0.4117647058823529,0.4,0.1,0,0,0,0.7058823529411764,0.7647058823529411,0.553921568627451,0.5686274509803921,0.813717848791894,0.5619641465315667,0.6878409976617303,4,3.1636788776305536,1.7702753330581953,3.6062477108951025,0.024432854402804516,2,0.4380358534684333,0.4333593141075604,0.5666406858924395,0.5970381917381138,0.2633281371784879,0.23501153036075206,0.20317614964925956,0.5167019786748485,0.31878409976617306,0.4780397505845674,0.5144155531896645,0.7030397505845675,0.3897116134060795
746803,2025-11-09 14:30:00+00:00,11,9,2025,126,SC Freiburg,2,270,St. Pauli,1,Europa-Park Stadion,0,2025-2026,0.38235294117647056,-0.23529411764705882,0.2,-0.4,0.23529411764705882,-0.5588235294117647,0.2,-1.2,0,0,0,0.6176470588235294,0.7647058823529411,0.5392156862745099,0.5931372549019607,0.6246105919003115,0.8473520249221184,0.735981308411215,3,3.1643302180685358,1.7697392095522448,3.606765020456597,0.05708108425770597,1,0.37538940809968846,0.7531152647975078,0.2468847352024922,0.3956386292834891,0.19937694704049844,0.23033501227666653,0.21039719626168224,0.47394078661365807,0.3235981308411215,0.4660046728971963,0.4348718678167487,0.5085669781931464,0.3014018691588785
746802,2025-11-09 16:30:00+00:00,11,9,2025,134,VfB Stuttgart,3,3841,FC Augsburg,2,MHPArena,0,2025-2026,0.5,0.4117647058823529,0.7,0.5,0.29411764705882354,-0.5294117647058824,0.2,-1.0,0,0,0,0.5,0.7058823529411764,0.43137254901960786,0.588235294117647,0.1688715953307393,0.798443579766537,0.4836575875486382,5,3.16420233463035,1.7690558641878988,3.606466300677325,0.2667416577169345,1,0.8311284046692606,0.7533073929961089,0.24669260700389106,0.7859922178988327,0.1993385214007782,0.41279239655407346,0.17254863813229573,0.7814975514287735,0.2983657587548638,0.5290856031128405,0.3755268030484121,0.35797665369649806,0.8396887159533074
746801,2025-11-09 18:30:00+00:00,11,9,2025,125,Eintracht Frankfurt,1,2950,Mainz,0,Deutsche Bank Park,0,2025-2026,0.47058823529411764,0.47058823529411764,0.5,0.5,0.38235294117647056,0.17647058823529413,0.1,-0.7,0,0,0,0.5294117647058824,0.6176470588235294,0.42156862745098034,0.47058823529411764,0.24572317262830481,0.6959564541213064,0.47083981337480557,1,3.165629860031104,1.7691082059084848,3.607906911508225,0.6626178970403345,1,0.7542768273716952,0.7534992223950233,0.24650077760497668,0.05287713841368585,0.19930015552099534,0.3820446536332172,0.17062597200622084,0.4603351269078278,0.29708398133748054,0.5322900466562985,0.43691460139381455,0.5108864696734059,0.2581648522550544
746816,2025-11-21 19:30:00+00:00,11,21,2025,2950,Mainz,1,7911,TSG Hoffenheim,1,MEWA ARENA,0,2025-2026,0.35294117647058826,0.08823529411764706,0.1,-0.8,0.3235294117647059,-0.3235294117647059,0.6,0.5,0,0,0,0.6470588235294117,0.6764705882352942,0.48529411764705876,0.553921568627451,0.7241647241647242,0.3372183372183372,0.5306915306915307,2,3.163947163947164,1.7694502639827177,3.6063097299428435,0.337710062192322,0,0.6627816627816627,1.0,0.0,0.16627816627816627,0.15,0.36668220668220664,0.1796037296037296,0.5464646525019485,0.30306915306915305,0.5173271173271173,0.3351951064570135,0.24164724164724163,0.46153846153846156
746808,2025-11-22 14:30:00+00:00,11,22,2025,6418,1. FC Heidenheim 1846,0,268,Borussia Mönchengladbach,3,Voith-Arena,0,2025-2026,0.17647058823529413,-1.1764705882352942,0.1,-1.5,0.3235294117647059,-0.2647058823529412,0.2,-0.6,0,0,0,0.8235294117647058,0.6764705882352942,0.696078431372549,0.5441176470588236,0.9434984520123839,0.705108359133127,0.8243034055727554,3,3.167956656346749,1.774366363500819,3.611548247221954,0.05766487916956642,3,0.29489164086687303,0.20356037151702785,0.7964396284829721,0.3955108359133127,0.3092879256965945,0.17091381590928698,0.2236455108359133,0.33158354745660956,0.33243034055727555,0.4439241486068111,0.6435853758016536,0.881578947368421,0.07739938080495357
746813,2025-11-22 14:30:00+00:00,11,22,2025,132,Bayern Munich,6,126,SC Freiburg,2,Allianz Arena,0,2025-2026,0.7647058823529411,2.0588235294117645,0.9,2.9,0.4117647058823529,-0.20588235294117646,0.3,-0.1,0,0,0,0.23529411764705888,0.5882352941176471,0.1568627450980392,0.5343137254901962,0.0077459333849728895,0.5027110766847405,0.25522850503485667,8,3.164213787761425,1.7699443071417216,3.6066998645468553,0.9540674109529995,4,0.9922540666150271,0.08985282726568551,0.9101471727343144,0.9907048799380326,0.3320294345468629,0.398195311520321,0.1382842757552285,0.6325041917668168,0.2755228505034857,0.5861928737412858,0.532311995181823,0.7343144848954299,0.6886134779240899
746815,2025-11-22 14:30:00+00:00,11,22,2025,124,Borussia Dortmund,3,134,VfB Stuttgart,3,Signal Iduna Park,0,2025-2026,0.5294117647058824,0.8529411764705882,0.6,0.9,0.5294117647058824,0.47058823529411764,0.7,0.5,0,0,0,0.47058823529411764,0.47058823529411764,0.3578431372549019,0.42156862745098034,0.15193798449612403,0.16899224806201552,0.16046511627906979,6,3.162015503875969,1.7688667701812941,3.6042321964212927,0.6003678969203823,0,0.8480620155038759,1.0,0.0,0.8945736434108527,0.15,0.4454263565891473,0.12406976744186048,0.9345565771287783,0.266046511627907,0.6098837209302326,0.17235256754625222,0.02635658914728682,0.9108527131782945
746814,2025-11-22 14:30:00+00:00,11,22,2025,3841,FC Augsburg,1,127,Hamburg SV,0,WWK Arena,0,2025-2026,0.29411764705882354,-0.5588235294117647,0.2,-1.0,0.2,-0.7,0.2,-0.7,0,0,0,0.7058823529411764,0.8,0.5931372549019607,0.6166666666666667,0.7882079131109387,0.8378588052754073,0.8130333591931731,1,3.1636927851047325,1.7685267806478666,3.605824480266699,0.6622732129702386,1,0.21179208688906126,0.7532971295577967,0.2467028704422033,0.05275407292474787,0.19934057408844066,0.16485260794175938,0.22195500387897596,0.19994315179172928,0.3313033359193173,0.44674166020170675,0.591944210197453,0.8301008533747091,0.007757951900698216
746810,2025-11-22 14:30:00+00:00,11,22,2025,138,VfL Wolfsburg,1,131,Bayer Leverkusen,3,Volkswagen Arena,0,2025-2026,0.29411764705882354,-0.14705882352941177,0.2,-0.6,0.6176470588235294,1.0,0.6,1.0,0,0,0,0.7058823529411764,0.38235294117647056,0.5245098039215685,0.33333333333333337,0.7018633540372671,0.12732919254658384,0.41459627329192544,4,3.1630434782608696,1.7690600117648623,3.6053084812020852,0.024581432034944894,2,0.8726708074534162,0.43245341614906835,0.5675465838509317,0.5970496894409938,0.26350931677018635,0.3950060279310212,0.16218944099378882,0.6046619018105899,0.29145962732919256,0.5463509316770185,0.3959188247245867,0.4083850931677019,0.6218944099378882
746809,2025-11-22 17:30:00+00:00,11,22,2025,122,FC Cologne,3,125,Eintracht Frankfurt,4,RheinEnergieStadion,0,2025-2026,0.23529411764705882,-0.47058823529411764,0.4,0.2,0.47058823529411764,0.47058823529411764,0.5,0.4,0,0,0,0.7647058823529411,0.5294117647058824,0.5784313725490196,0.42156862745098034,0.5460170146945089,0.2637277648878577,0.40487238979118334,7,3.1678267594740914,1.773685706500552,3.6112481860992296,0.8388049347589599,1,0.7362722351121422,0.7532869296210364,0.24671307037896362,0.9574632637277649,0.19934261407579273,0.3748166401391512,0.16073085846867752,0.8368417783276004,0.2904872389791183,0.5487819025522042,0.4286754762464799,0.48491879350348027,0.8793503480278422
746811,2025-11-23 14:30:00+00:00,11,23,2025,11420,RB Leipzig,2,137,Werder Bremen,0,Red Bull Arena,0,2025-2026,0.4117647058823529,0.058823529411764705,0.7,0.7,0.4117647058823529,-0.058823529411764705,0.4,-0.3,0,0,0,0.5882352941176471,0.5882352941176471,0.4901960784313726,0.5098039215686274,0.2063369397217929,0.4474497681607419,0.3268933539412674,2,3.170788253477589,1.776197306713261,3.6148375801559043,0.3385235209616926,2,0.7936630602782071,0.4327666151468315,0.5672333848531685,0.1661514683153014,0.26344667697063373,0.36594291450972144,0.1490340030911901,0.42903323586244857,0.2826893353941267,0.5682766615146833,0.39656820789602976,0.41035548686244205,0.19938176197836166
746812,2025-11-23 16:30:00+00:00,11,23,2025,270,St. Pauli,0,598,1. FC Union Berlin,1,Millerntor-Stadion,0,2025-2026,0.23529411764705882,-0.5588235294117647,0.2,-1.1,0.2647058823529412,-0.6176470588235294,0.3,-0.4,0,0,0,0.7647058823529411,0.7352941176470589,0.5931372549019607,0.6029411764705883,0.8293436293436294,0.694980694980695,0.7621621621621621,1,3.16988416988417,1.7758089091401885,3.613836397169217,0.6615111367828576,1,0.30501930501930496,0.7536679536679537,0.2463320463320463,0.05250965250965251,0.19926640926640926,0.2021929607489453,0.21432432432432433,0.24459561713525727,0.3262162162162162,0.45945945945945943,0.5723180505587193,0.8015444015444015,0.02084942084942085
746817,2025-11-28 19:30:00+00:00,11,28,2025,268,Borussia Mönchengladbach,0,11420,RB Leipzig,0,BORUSSIA-PARK,0,2025-2026,0.3235294117647059,-0.23529411764705882,0.3,-0.3,0.4411764705882353,0.14705882352941177,0.8,1.5,0,0,0,0.6764705882352942,0.5588235294117647,0.5392156862745099,0.47549019607843135,0.5802469135802469,0.13580246913580246,0.3580246913580247,0,3.16820987654321,1.7761461570945767,3.612246415816854,0.873571712638752,0,0.8641975308641976,1.0,0.0,0.0,0.15,0.45228395061728394,0.1537037037037037,0.5819135802469135,0.2858024691358025,0.5604938271604938,0.33494183716057757,0.23996913580246915,0.5578703703703703
746823,2025-11-29 14:30:00+00:00,11,29,2025,598,1. FC Union Berlin,1,6418,1. FC Heidenheim 1846,2,Stadion An der Alten Försterei,0,2025-2026,0.29411764705882354,-0.5588235294117647,0.3,-0.4,0.17647058823529413,-1.1764705882352942,0.1,-1.6,0,0,0,0.7058823529411764,0.8235294117647058,0.5931372549019607,0.696078431372549,0.6545875096376252,0.9475713184271396,0.8010794140323825,3,3.1657671549730146,1.777638896849753,3.610176879185453,0.05720907235211625,1,0.34541249036237476,0.7532767925983038,0.24672320740169618,0.3962991518889746,0.19934464148033923,0.21834371650609408,0.22016191210485736,0.4640989933728753,0.33010794140323824,0.4497301464919044,0.4543101110749974,0.5597532767925983,0.27062451811873556
746818,2025-11-29 14:30:00+00:00,11,29,2025,132,Bayern Munich,3,270,St. Pauli,1,Allianz Arena,0,2025-2026,0.7647058823529411,2.088235294117647,0.9,2.7,0.23529411764705882,-0.5294117647058824,0.2,-1.2,0,0,0,0.23529411764705888,0.7647058823529411,0.1519607843137255,0.588235294117647,0.00847457627118644,0.8466872110939908,0.4275808936825886,4,3.1656394453004624,1.7769594328381562,3.6098793035100014,0.02381169276409356,2,0.9915254237288136,0.4322033898305085,0.5677966101694916,0.5970724191063174,0.2635593220338983,0.438743895432347,0.16413713405238828,0.6286989054382386,0.29275808936825887,0.5431047765793529,0.4023566594833111,0.4221879815100154,0.6825885978428351
746821,2025-11-29 14:30:00+00:00,11,29,2025,7911,TSG Hoffenheim,3,3841,FC Augsburg,0,PreZero Arena,0,2025-2026,0.29411764705882354,-0.35294117647058826,0.5,0.4,0.3235294117647059,-0.4411764705882353,0.2,-1.1,0,0,0,0.7058823529411764,0.6764705882352942,0.5588235294117647,0.5735294117647058,0.3964588144726713,0.7829099307159353,0.5896843725943033,3,3.1662817551963047,1.7764256500187026,3.6103881677009806,0.057323480112409064,3,0.6035411855273287,0.20323325635103925,0.7967667436489607,0.39568899153194764,0.30935334872979214,0.27748151447107117,0.1884526558891455,0.40658585491861127,0.30896843725943035,0.5025789068514241,0.5533414650833095,0.7721324095458044,0.16705157813702848
746820,2025-11-29 14:30:00+00:00,11,29,2025,137,Werder Bremen,1,122,FC Cologne,1,Weserstadion,0,2025-2026,0.4117647058823529,-0.08823529411764706,0.4,-0.2,0.23529411764705882,-0.5,0.3,0.0,0,0,0,0.5882352941176471,0.7647058823529411,0.5147058823529411,0.5833333333333333,0.4276923076923077,0.6461538461538462,0.536923076923077,2,3.166153846153846,1.7757477405022852,3.6100907812794176,0.33705471116864505,0,0.5723076923076923,1.0,0.0,0.16692307692307692,0.15,0.32823076923076927,0.18053846153846154,0.5011722485207101,0.3036923076923077,0.5157692307692308,0.33777974137554156,0.24846153846153846,0.3646153846153846
746824,2025-11-29 17:30:00+00:00,11,29,2025,131,Bayer Leverkusen,1,124,Borussia Dortmund,2,BayArena,0,2025-2026,0.6176470588235294,0.9705882352941176,0.7,1.3,0.5,0.7352941176470589,0.6,0.9,0,0,0,0.38235294117647056,0.5,0.3382352941176471,0.37745098039215685,0.09223674096848578,0.17294388931591084,0.13259031514219832,3,3.165257494235204,1.7753590403372639,3.60909725431952,0.05715493539556793,1,0.9077632590315142,0.7532667179093006,0.24673328209069945,0.39584934665641813,0.1993466564181399,0.44346717862036006,0.11988854727132975,0.6564005466817437,0.2632590315142198,0.6168524212144504,0.15359564398453573,0.0207532667179093,0.7232897770945427
746825,2025-11-30 14:30:00+00:00,11,30,2025,127,Hamburg SV,2,134,VfB Stuttgart,1,Volksparkstadion,0,2025-2026,0.18181818181818182,-0.7272727272727273,0.2,-0.8,0.5,0.4117647058823529,0.7,0.6,0,0,0,0.8181818181818181,0.5,0.6212121212121213,0.43137254901960786,0.847926267281106,0.17357910906298002,0.510752688172043,3,3.165130568356375,1.7746825132704864,3.6088011966739963,0.05714327926482421,1,0.82642089093702,0.7534562211981567,0.2465437788018433,0.3955453149001536,0.19930875576036866,0.41092311013895677,0.17661290322580647,0.6284964526162218,0.3010752688172043,0.5223118279569892,0.35109264512186383,0.2880184331797235,0.6804915514592934
746822,2025-11-30 16:30:00+00:00,11,30,2025,125,Eintracht Frankfurt,1,138,VfL Wolfsburg,1,Deutsche Bank Park,0,2025-2026,0.47058823529411764,0.47058823529411764,0.5,0.2,0.2647058823529412,-0.23529411764705882,0.1,-1.0,0,0,0,0.5294117647058824,0.7352941176470589,0.42156862745098034,0.5392156862745099,0.2686108979278588,0.8434382194934766,0.5560245587106677,2,3.1650038372985416,1.7740067589454191,3.6085055270348962,0.3370524455799302,0,0.7313891020721413,1.0,0.0,0.16653875671527243,0.15,0.39584036838066,0.18340368380660016,0.5811839140916322,0.30560245587106677,0.510993860322333,0.3459417958449686,0.27168073676132004,0.555640828856485
746819,2025-11-30 18:30:00+00:00,11,30,2025,126,SC Freiburg,4,2950,Mainz,0,Europa-Park Stadion,0,2025-2026,0.4117647058823529,-0.20588235294117646,0.3,-0.3,0.3235294117647059,0.0,0.1,-0.7,0,0,0,0.5882352941176471,0.6764705882352942,0.5343137254901962,0.5,0.5253067484662577,0.7569018404907976,0.6411042944785277,4,3.164110429447853,1.7736193311770445,3.607515262242114,0.024187377774483876,4,0.4746932515337423,0.0897239263803681,0.9102760736196319,0.598159509202454,0.3320552147239264,0.2253289195114607,0.19616564417177917,0.44259665398262993,0.3141104294478528,0.48972392638036805,0.604636053254066,0.843558282208589,0.22315950920245398
746832,2025-12-05 19:30:00+00:00,12,5,2025,2950,Mainz,0,268,Borussia Mönchengladbach,1,MEWA ARENA,0,2025-2026,0.29411764705882354,-0.17647058823529413,0.1,-1.1,0.3235294117647059,-0.17647058823529413,0.3,-0.2,0,0,0,0.7058823529411764,0.6764705882352942,0.5294117647058822,0.5294117647058822,0.821455938697318,0.5754789272030651,0.6984674329501916,1,3.164750957854406,1.7730901208720677,3.608023488072423,0.6610020272505459,1,0.42452107279693485,0.753256704980843,0.24674329501915704,0.052873563218390804,0.19934865900383142,0.25001181720761584,0.20477011494252875,0.30206505788859705,0.31984674329501916,0.4753831417624521,0.5463131431337153,0.7609195402298851,0.055938697318007664
746830,2025-12-06 14:30:00+00:00,12,6,2025,6418,1. FC Heidenheim 1846,2,126,SC Freiburg,1,Voith-Arena,0,2025-2026,0.20588235294117646,-1.0294117647058822,0.2,-1.3,0.4117647058823529,-0.14705882352941177,0.4,0.4,0,0,0,0.7941176470588236,0.5882352941176471,0.6715686274509804,0.5245098039215685,0.8996937212863706,0.39127105666156203,0.6454823889739663,3,3.163093415007657,1.7734225849554763,3.606449061246526,0.056793603098352685,1,0.608728943338438,0.7534456355283308,0.24655436447166923,0.39586523736600304,0.19931087289433386,0.32377023585337084,0.19682235834609496,0.554065178260451,0.31454823889739664,0.4886294027565084,0.4041331662520137,0.43032159264931086,0.4793261868300153
746834,2025-12-06 14:30:00+00:00,12,6,2025,3841,FC Augsburg,2,131,Bayer Leverkusen,0,WWK Arena,0,2025-2026,0.29411764705882354,-0.5588235294117647,0.2,-1.3,0.5882352941176471,0.9117647058823529,0.7,1.2,0,0,0,0.7058823529411764,0.4117647058823529,0.5931372549019607,0.3480392156862745,0.8171384850803366,0.09869931140015302,0.4579188982402448,2,3.1629686304514153,1.7727492430687424,3.606155941218601,0.3366423971603947,2,0.901300688599847,0.43152257077276207,0.5684774292272379,0.16679418515684774,0.26369548584544755,0.4054463342287922,0.1686878347360367,0.46781338795316896,0.2957918898240245,0.5355202754399387,0.4701633446855329,0.5967865340474369,0.28003060443764344
746833,2025-12-06 14:30:00+00:00,12,6,2025,122,FC Cologne,1,270,St. Pauli,1,RheinEnergieStadion,0,2025-2026,0.23529411764705882,-0.47058823529411764,0.2,-0.3,0.20588235294117646,-0.6470588235294118,0.1,-1.6,0,0,0,0.7647058823529411,0.7941176470588236,0.5784313725490196,0.607843137254902,0.7423547400611621,0.9304281345565749,0.8363914373088686,2,3.162079510703364,1.7723626685927834,3.60517017785156,0.3364268971424299,0,0.2576452599388379,1.0,0.0,0.16666666666666666,0.15000000000000002,0.19449923547400613,0.2254587155963303,0.3423961518858308,0.3336391437308869,0.44090214067278277,0.4446171512716567,0.5305810397553516,0.08409785932721713
746828,2025-12-06 14:30:00+00:00,12,6,2025,134,VfB Stuttgart,0,132,Bayern Munich,5,MHPArena,0,2025-2026,0.5,0.38235294117647056,0.6,0.4,0.7941176470588235,2.1470588235294117,0.9,2.8,0,0,0,0.5,0.20588235294117652,0.4362745098039216,0.1421568627450981,0.20855614973262032,0.0053475935828877,0.10695187165775401,5,3.1611917494270436,1.7719761556179758,3.6041857883315376,0.26673517712974304,5,0.9946524064171123,0.03590527119938885,0.9640947288006112,0.7868601986249045,0.3428189457601223,0.39255146394970236,0.1160427807486631,0.5633068481162687,0.2606951871657754,0.6232620320855615,0.34894658831260134,0.28189457601222306,0.5133689839572193
746827,2025-12-06 14:30:00+00:00,12,6,2025,138,VfL Wolfsburg,3,598,1. FC Union Berlin,1,Volkswagen Arena,0,2025-2026,0.23529411764705882,-0.35294117647058826,0.1,-1.0,0.29411764705882354,-0.5588235294117647,0.3,-0.2,0,0,0,0.7647058823529411,0.7058823529411764,0.5588235294117647,0.5931372549019607,0.8580152671755725,0.6396946564885496,0.748854961832061,4,3.162595419847328,1.772027617142247,3.6056023241328896,0.02446416743272184,2,0.3603053435114504,0.43206106870229005,0.5679389312977099,0.5984732824427481,0.263587786259542,0.20630784919293751,0.21232824427480917,0.5013629767656202,0.3248854961832061,0.46278625954198477,0.5362693419407664,0.7419847328244275,0.366412213740458
746829,2025-12-06 17:30:00+00:00,12,6,2025,11420,RB Leipzig,6,125,Eintracht Frankfurt,0,Red Bull Arena,0,2025-2026,0.4411764705882353,0.2647058823529412,0.7,1.3,0.4411764705882353,0.35294117647058826,0.4,0.0,0,0,0,0.5588235294117647,0.5588235294117647,0.4558823529411765,0.4411764705882353,0.15789473684210525,0.36384439359267734,0.2608695652173913,6,3.1632341723874906,1.771502119996463,3.606109702386606,0.5987020937053407,6,0.8421052631578947,0.015255530129672006,0.984744469870328,0.8939740655987796,0.3469488939740656,0.3402739973503553,0.1391304347826087,0.5769731733502321,0.27608695652173915,0.5847826086956522,0.5077247711177212,0.6864988558352403,0.5491990846681922
746826,2025-12-07 14:30:00+00:00,12,7,2025,127,Hamburg SV,3,137,Werder Bremen,2,Volksparkstadion,0,2025-2026,0.25,-0.5833333333333334,0.3,-0.5,0.4117647058823529,-0.08823529411764706,0.4,-0.2,0,0,0,0.75,0.5882352941176471,0.5972222222222223,0.5147058823529411,0.7004573170731707,0.43978658536585363,0.5701219512195121,5,3.1653963414634148,1.7725573525824418,3.6085356796090253,0.2651695677897954,1,0.5602134146341464,0.7538109756097561,0.24618902439024393,0.7858231707317073,0.1992378048780488,0.3043750813317966,0.18551829268292683,0.7311294636739041,0.3070121951219512,0.5074695121951219,0.41409634675790974,0.4504573170731707,0.805640243902439
746831,2025-12-07 16:30:00+00:00,12,7,2025,124,Borussia Dortmund,2,7911,TSG Hoffenheim,0,Signal Iduna Park,0,2025-2026,0.5294117647058824,0.7647058823529411,0.6,0.7,0.3235294117647059,-0.20588235294117646,0.6,0.9,0,0,0,0.47058823529411764,0.6764705882352942,0.37254901960784315,0.5343137254901962,0.16450875856816452,0.2916984006092917,0.22810357958872812,2,3.166793602437167,1.772604919893941,3.6099448324106524,0.33797168116619425,2,0.8354912414318355,0.4325971058644326,0.5674028941355673,0.16603198781416603,0.26348057882711345,0.3813297048844846,0.13421553693830923,0.4440706972571229,0.2728103579588728,0.5929741051028179,0.3354139532910638,0.2399086062452399,0.23000761614623
746838,2025-12-12 19:30:00+00:00,12,12,2025,598,1. FC Union Berlin,3,11420,RB Leipzig,1,Stadion An der Alten Försterei,0,2025-2026,0.29411764705882354,-0.5882352941176471,0.3,-0.2,0.4411764705882353,0.38235294117647056,0.7,1.8,0,0,0,0.7058823529411764,0.5588235294117647,0.5980392156862746,0.4362745098039216,0.6293759512937596,0.13926940639269406,0.3843226788432268,4,3.165905631659056,1.7722221051181044,3.608961157938582,0.024049066167109334,2,0.860730593607306,0.4330289193302892,0.5669710806697108,0.5974124809741248,0.26339421613394215,0.39067014518740917,0.157648401826484,0.60254919895119,0.2884322678843227,0.5539193302891934,0.38020781234884304,0.3744292237442922,0.617199391171994
746836,2025-12-13 14:30:00+00:00,12,13,2025,268,Borussia Mönchengladbach,1,138,VfL Wolfsburg,3,BORUSSIA-PARK,0,2025-2026,0.35294117647058826,-0.14705882352941177,0.4,0.3,0.23529411764705882,-0.3235294117647059,0.2,-0.8,0,0,0,0.6470588235294117,0.7647058823529411,0.5245098039215685,0.553921568627451,0.4159695817490494,0.7923954372623574,0.6041825095057034,4,3.166539923954373,1.7716969302547956,3.609464156518072,0.024002035565726776,2,0.5840304182509506,0.43346007604562736,0.5665399239543727,0.596958174904943,0.2633079847908745,0.2887944744032731,0.19062737642585553,0.546336845826503,0.31041825095057035,0.49895437262357417,0.4818992823369149,0.629657794676806,0.4615969581749049
746841,2025-12-13 14:30:00+00:00,12,13,2025,125,Eintracht Frankfurt,1,3841,FC Augsburg,0,Deutsche Bank Park,0,2025-2026,0.4411764705882353,0.17647058823529413,0.4,-0.4,0.3235294117647059,-0.5,0.3,-1.0,0,0,0,0.5588235294117647,0.6764705882352942,0.47058823529411764,0.5833333333333333,0.39361702127659576,0.7082066869300911,0.5509118541033434,1,3.1671732522796354,1.7711721719630988,3.60996629527041,0.6623417568750738,1,0.6063829787234043,0.7545592705167173,0.24544072948328266,0.05243161094224924,0.19908814589665652,0.32292084330336934,0.1826367781155015,0.38944841760712456,0.30509118541033436,0.5122720364741642,0.4780665050123336,0.6200607902735562,0.13677811550151975
746835,2025-12-13 14:30:00+00:00,12,13,2025,270,St. Pauli,2,6418,1. FC Heidenheim 1846,1,Millerntor-Stadion,0,2025-2026,0.20588235294117646,-0.6176470588235294,0.0,-1.7,0.23529411764705882,-0.9411764705882353,0.3,-1.0,0,0,0,0.7941176470588236,0.7647058823529411,0.6029411764705883,0.6568627450980393,0.9445709946848899,0.8139711465451784,0.8792710706150342,3,3.1655277145026575,1.7715059274360454,3.608404196361669,0.05726982122105018,1,0.18602885345482156,0.7547456340167046,0.24525436598329542,0.3955960516324981,0.1990508731966591,0.1545947365477671,0.23189066059225513,0.40940415291178117,0.3379271070615034,0.4301822323462414,0.4744052270605329,0.6089597570235383,0.17312072892938496
746839,2025-12-13 14:30:00+00:00,12,13,2025,7911,TSG Hoffenheim,4,127,Hamburg SV,1,PreZero Arena,0,2025-2026,0.3235294117647059,-0.2647058823529412,0.5,0.5,0.3076923076923077,-0.46153846153846156,0.4,0.1,0,0,0,0.6764705882352942,0.6923076923076923,0.5441176470588236,0.5769230769230769,0.3619119878603945,0.5182094081942337,0.44006069802731407,5,3.165402124430956,1.7708391159401504,3.6081119034159936,0.2657471266792836,3,0.6380880121396055,0.20333839150227617,0.7966616084977238,0.7860394537177542,0.3093323216995448,0.2894201507779525,0.16600910470409713,0.5716278615107142,0.2940060698027314,0.5399848254931714,0.5159658902855346,0.7071320182094082,0.5311077389984825
746837,2025-12-13 17:30:00+00:00,12,13,2025,131,Bayer Leverkusen,2,122,FC Cologne,0,BayArena,0,2025-2026,0.5588235294117647,0.8235294117647058,0.6,0.8,0.20588235294117646,-0.5,0.2,-0.3,0,0,0,0.4411764705882353,0.7941176470588236,0.36274509803921573,0.5833333333333333,0.14859742228961334,0.778620166793025,0.4636087945413192,2,3.1667930250189538,1.7708878148770426,3.6095149787382144,0.33835527200296833,2,0.8514025777103866,0.4336618650492798,0.5663381349507202,0.16603487490523122,0.26326762699014405,0.38730115803262627,0.16954131918119789,0.4501222468420071,0.2963608794541319,0.5340978013646702,0.47281810476754826,0.6027293404094011,0.24184988627748294
746842,2025-12-14 14:30:00+00:00,12,14,2025,126,SC Freiburg,1,124,Borussia Dortmund,1,Europa-Park Stadion,0,2025-2026,0.4117647058823529,-0.17647058823529413,0.3,0.1,0.5588235294117647,0.8235294117647058,0.6,0.7,0,0,0,0.5882352941176471,0.4411764705882353,0.5294117647058822,0.36274509803921573,0.4734848484848485,0.1643939393939394,0.31893939393939397,2,3.165909090909091,1.770507675550118,3.6085360097966204,0.3381401216073433,0,0.8356060606060606,1.0,0.0,0.16590909090909092,0.15,0.44013257575757575,0.1478409090909091,0.6334742165977961,0.2818939393939394,0.5702651515151516,0.23187096478753932,0.07121212121212121,0.6931818181818182
746840,2025-12-14 16:30:00+00:00,12,14,2025,132,Bayern Munich,2,2950,Mainz,2,Allianz Arena,0,2025-2026,0.7941176470588235,2.235294117647059,0.9,2.8,0.29411764705882354,-0.17647058823529413,0.1,-1.1,0,0,0,0.20588235294117652,0.7058823529411764,0.12745098039215685,0.5294117647058822,0.00757002271006813,0.8289174867524602,0.4182437547312642,4,3.165026495079485,1.7701275900068714,3.607558392581203,0.024276455375846107,0,0.9924299772899319,1.0,0.0,0.5972747918243755,0.15,0.506782740348221,0.16273656320968963,0.8606422542507597,0.29182437547312645,0.5454390613171839,0.2320771478971738,0.07191521574564724,0.9008327024981075
746843,2025-12-14 18:30:00+00:00,12,14,2025,137,Werder Bremen,0,134,VfB Stuttgart,4,Weserstadion,0,2025-2026,0.38235294117647056,-0.14705882352941177,0.3,-0.7,0.47058823529411764,0.20588235294117646,0.6,0.1,0,0,0,0.6176470588235294,0.5294117647058824,0.5245098039215685,0.46568627450980393,0.5786686838124054,0.26021180030257185,0.41944024205748864,4,3.1656580937972767,1.7696064813277828,3.6080597141292223,0.024229317612059265,4,0.7397881996974282,0.0907715582450832,0.9092284417549168,0.596822995461422,0.3318456883509834,0.3139617688323519,0.16291603630862328,0.4853845777227628,0.2919440242057489,0.5451399394856278,0.49804478276912856,0.6679273827534039,0.3267776096822995
746848,2025-12-19 19:30:00+00:00,12,19,2025,124,Borussia Dortmund,2,268,Borussia Mönchengladbach,0,Signal Iduna Park,0,2025-2026,0.5588235294117647,0.8235294117647058,0.5,0.6,0.3235294117647059,-0.29411764705882354,0.4,0.1,0,0,0,0.4411764705882353,0.6764705882352942,0.36274509803921573,0.5490196078431373,0.1874527588813303,0.47845804988662133,0.3329554043839758,2,3.1662887377173092,1.7690857827088515,3.608560183394522,0.33858745646935606,2,0.8125472411186697,0.43386243386243384,0.5661375661375662,0.1655328798185941,0.26322751322751325,0.37300847440681156,0.14994331065759636,0.43593405875825353,0.28329554043839755,0.5667611489040061,0.39985935945403095,0.41723356009070295,0.2108843537414966
746851,2025-12-20 14:30:00+00:00,12,20,2025,3841,FC Augsburg,0,137,Werder Bremen,0,WWK Arena,0,2025-2026,0.3235294117647059,-0.47058823529411764,0.3,-0.8,0.35294117647058826,-0.3235294117647059,0.3,-0.8,0,0,0,0.6764705882352942,0.6470588235294117,0.5784313725490196,0.553921568627451,0.6706857573474001,0.6412961567445365,0.6559909570459683,0,3.1605124340617934,1.7701247179230435,3.603043613542554,0.8740131939918818,0,0.35870384325546345,1.0,0.0,0.0,0.15,0.23744913338357193,0.19839864355689524,0.29125470987189145,0.3155990957045968,0.486002260738508,0.492216120287177,0.6563677467972872,0.050489826676714394
746850,2025-12-20 14:30:00+00:00,12,20,2025,138,VfL Wolfsburg,3,126,SC Freiburg,4,Volkswagen Arena,0,2025-2026,0.2647058823529412,-0.23529411764705882,0.3,-0.5,0.38235294117647056,-0.20588235294117646,0.2,-0.2,0,0,0,0.7352941176470589,0.6176470588235294,0.5392156862745099,0.5343137254901962,0.6468373493975904,0.6054216867469879,0.6261295180722892,7,3.158132530120482,1.7715817822100526,3.601027975672995,0.8412666390834591,1,0.39457831325301207,0.7530120481927711,0.24698795180722888,0.9578313253012049,0.19939759036144578,0.23801041515459428,0.1939194277108434,0.7967709107587265,0.3126129518072289,0.4934676204819277,0.5493242212751972,0.7703313253012049,0.8524096385542169
746847,2025-12-20 14:30:00+00:00,12,20,2025,122,FC Cologne,0,598,1. FC Union Berlin,1,RheinEnergieStadion,0,2025-2026,0.20588235294117646,-0.5588235294117647,0.2,-0.3,0.3235294117647059,-0.47058823529411764,0.3,-0.1,0,0,0,0.7941176470588236,0.6764705882352942,0.5931372549019607,0.5784313725490196,0.7735849056603774,0.5977358490566038,0.6856603773584906,1,3.1630188679245284,1.7701767207698529,3.6055630481169914,0.6615158491187116,1,0.4022641509433962,0.7539622641509434,0.24603773584905664,0.052830188679245285,0.19920754716981132,0.24114429334282658,0.20284905660377361,0.29151407007932717,0.3185660377358491,0.4785849056603773,0.5407138395782803,0.7524528301886793,0.050566037735849056
746844,2025-12-20 14:30:00+00:00,12,20,2025,134,VfB Stuttgart,0,7911,TSG Hoffenheim,0,MHPArena,0,2025-2026,0.47058823529411764,0.2647058823529412,0.6,0.3,0.35294117647058826,-0.17647058823529413,0.6,1.1,0,0,0,0.5294117647058824,0.6470588235294117,0.4558823529411765,0.5294117647058822,0.23338368580060423,0.2681268882175227,0.25075528700906347,0,3.165407854984894,1.7687075192227308,3.607584734790577,0.875086364950803,0,0.7666163141993958,1.0,0.0,0.0,0.15,0.4108119335347432,0.13761329305135953,0.5258043806646526,0.27507552870090635,0.5873111782477342,0.2676948994503656,0.11555891238670694,0.42371601208459214
746852,2025-12-20 14:30:00+00:00,12,20,2025,127,Hamburg SV,1,125,Eintracht Frankfurt,1,Volksparkstadion,0,2025-2026,0.2857142857142857,-0.6428571428571429,0.3,-0.3,0.47058823529411764,0.23529411764705882,0.5,-0.2,0,0,0,0.7142857142857143,0.5294117647058824,0.6071428571428572,0.4607843137254902,0.6613876319758673,0.3235294117647059,0.4924585218702866,2,3.161387631975867,1.7705053210572945,3.6040139622401908,0.3366054203185772,0,0.6764705882352942,1.0,0.0,0.16666666666666666,0.15,0.3725,0.17386877828054298,0.5535539215686275,0.29924585218702865,0.5268853695324283,0.31799436346841903,0.20437405731523378,0.4796380090497738
746845,2025-12-20 17:30:00+00:00,12,20,2025,11420,RB Leipzig,1,131,Bayer Leverkusen,3,Red Bull Arena,0,2025-2026,0.4117647058823529,0.29411764705882354,0.6,1.4,0.5588235294117647,0.8235294117647058,0.7,1.0,0,0,0,0.5882352941176471,0.4411764705882353,0.4509803921568628,0.36274509803921573,0.1873589164785553,0.1143717080511663,0.1508653122648608,4,3.1610233258088787,1.7740475571833643,3.6045352151047196,0.024539802854390835,2,0.8856282919488337,0.4326561324303988,0.5673438675696012,0.5974416854778029,0.26346877351392023,0.39979956868853117,0.12262979683972913,0.607488664193411,0.26508653122648607,0.6122836719337847,0.24577689626613144,0.09104589917231001,0.6395786305492852
746849,2025-12-21 14:30:00+00:00,12,21,2025,2950,Mainz,0,270,St. Pauli,0,MEWA ARENA,0,2025-2026,0.2647058823529412,-0.20588235294117646,0.0,-1.4,0.23529411764705882,-0.5294117647058824,0.1,-1.4,0,0,0,0.7352941176470589,0.7647058823529411,0.5343137254901962,0.588235294117647,0.9150375939849624,0.9075187969924812,0.9112781954887218,0,3.161654135338346,1.7735292046243745,3.6050364364944394,0.8732978058304628,0,0.09248120300751883,1.0,0.0,0.0,0.15,0.1243045112781955,0.23669172932330826,0.13817669172932331,0.34112781954887217,0.42218045112781954,0.5914262075506368,0.8330827067669173,0.0
746846,2025-12-21 16:30:00+00:00,12,21,2025,6418,1. FC Heidenheim 1846,0,132,Bayern Munich,4,Voith-Arena,0,2025-2026,0.23529411764705882,-0.9117647058823529,0.3,-1.0,0.7941176470588235,2.264705882352941,0.8,2.5,0,0,0,0.7647058823529411,0.20588235294117652,0.6519607843137254,0.12254901960784315,0.797145003756574,0.008264462809917356,0.4027047332832457,4,3.1592787377911344,1.7749791712403407,3.6030235306012197,0.024699802840018603,4,0.9917355371900827,0.09090909090909091,0.9090909090909091,0.5972952667167544,0.3318181818181818,0.3981480090157776,0.16040570999248685,0.5265610724101513,0.29027047332832456,0.5493238166791886,0.4890595389734499,0.6416228399699474,0.425244177310293
746859,2026-01-09 19:30:00+00:00,1,9,2026,125,Eintracht Frankfurt,3,124,Borussia Dortmund,3,Deutsche Bank Park,0,2025-2026,0.47058823529411764,0.29411764705882354,0.4,-0.4,0.5588235294117647,0.8235294117647058,0.5,0.6,0,0,0,0.5294117647058824,0.4411764705882353,0.4509803921568628,0.36274509803921573,0.36786786786786785,0.19744744744744744,0.28265765765765766,6,3.15990990990991,1.7744617895340236,3.6035253572934156,0.5982695073213855,0,0.8025525525525525,1.0,0.0,0.8941441441441441,0.15,0.4260848348348348,0.14239864864864865,0.9255089802640478,0.2782657657657658,0.5793355855855856,0.24894640898960718,0.09384384384384384,0.9121621621621622
746853,2026-01-10 14:30:00+00:00,1,10,2026,6418,1. FC Heidenheim 1846,2,122,FC Cologne,2,Voith-Arena,0,2025-2026,0.23529411764705882,-0.9705882352941176,0.2,-1.5,0.20588235294117646,-0.5294117647058824,0.2,-0.3,0,0,0,0.7647058823529411,0.7941176470588236,0.661764705882353,0.588235294117647,0.8964741185296324,0.7824456114028507,0.8394598649662416,4,3.162040510127532,1.7755004475354357,3.605915622011391,0.024331506011795345,0,0.21755438859714926,1.0,0.0,0.5963990997749438,0.15,0.17746061515378844,0.22591897974493624,0.6111956571288358,0.33394598649662416,0.4401350337584396,0.37497264501961447,0.35408852213053266,0.6474118529632408
746856,2026-01-10 14:30:00+00:00,1,10,2026,598,1. FC Union Berlin,2,2950,Mainz,2,Stadion An der Alten Försterei,0,2025-2026,0.35294117647058826,-0.35294117647058826,0.4,0.0,0.23529411764705882,-0.2647058823529412,0.0,-1.2,0,0,0,0.6470588235294117,0.7647058823529411,0.5588235294117647,0.5441176470588236,0.47976011994003,0.9190404797601199,0.699400299850075,4,3.1626686656671663,1.7749826239970732,3.606414321666435,0.024284706529852262,0,0.52023988005997,1.0,0.0,0.595952023988006,0.15,0.30610194902548726,0.20491004497751125,0.7082750753558753,0.3199400299850075,0.4751499250374813,0.3372961803522528,0.24662668665667167,0.7908545727136432
746854,2026-01-10 14:30:00+00:00,1,10,2026,126,SC Freiburg,2,127,Hamburg SV,1,Europa-Park Stadion,0,2025-2026,0.4117647058823529,-0.058823529411764705,0.3,-0.1,0.26666666666666666,-0.6,0.3,-0.3,0,0,0,0.5882352941176471,0.7333333333333334,0.5098039215686274,0.6000000000000001,0.4846441947565543,0.6696629213483146,0.5771535580524345,3,3.1632958801498128,1.7744652040024316,3.606912181150421,0.056812977667783815,1,0.5153558052434457,0.751310861423221,0.248689138576779,0.3962546816479401,0.1997378277153558,0.28623609533027533,0.18657303370786518,0.5216735758751251,0.30771535580524345,0.5057116104868914,0.37899849170044486,0.3707865168539326,0.40749063670411984
746861,2026-01-10 17:30:00+00:00,1,10,2026,131,Bayer Leverkusen,1,134,VfB Stuttgart,4,BayArena,0,2025-2026,0.5588235294117647,0.7647058823529411,0.7,1.1,0.47058823529411764,0.29411764705882354,0.5,0.2,0,0,0,0.4411764705882353,0.5294117647058824,0.37254901960784315,0.4509803921568628,0.11676646706586827,0.28892215568862273,0.2028443113772455,5,3.163173652694611,1.773806111904888,3.6066251806708327,0.26547211500675805,3,0.8832335329341318,0.2028443113772455,0.7971556886227544,0.7866766467065869,0.3094311377245509,0.3740236742084693,0.13042664670658682,0.5981872386855247,0.27028443113772455,0.5992889221556885,0.3716457583127214,0.3405688622754491,0.6010479041916168
746860,2026-01-11 14:30:00+00:00,1,11,2026,268,Borussia Mönchengladbach,4,3841,FC Augsburg,0,BORUSSIA-PARK,0,2025-2026,0.29411764705882354,-0.38235294117647056,0.4,0.1,0.3235294117647059,-0.35294117647058826,0.3,-0.7,0,0,0,0.7058823529411764,0.6764705882352942,0.5637254901960784,0.5588235294117647,0.5138369483919222,0.649962602842184,0.5818997756170531,4,3.164547494390426,1.7738535876235455,3.6080108912963125,0.024120776673611566,4,0.4861630516080778,0.0912490650710546,0.9087509349289454,0.5953627524308153,0.33175018698578906,0.2292641654671792,0.18728496634255798,0.4435605274309619,0.3081899775617053,0.5045250560957367,0.5781684060276944,0.8137621540762902,0.22887060583395663
746858,2026-01-11 16:30:00+00:00,1,11,2026,132,Bayern Munich,8,138,VfL Wolfsburg,1,Allianz Arena,0,2025-2026,0.7941176470588235,2.264705882352941,0.8,2.5,0.2647058823529412,-0.20588235294117646,0.3,-0.5,0,0,0,0.20588235294117652,0.7352941176470589,0.12254901960784315,0.5343137254901962,0.009715994020926755,0.6509715994020927,0.3303437967115097,9,3.165171898355755,1.7733371830378113,3.6085061941152077,0.9901643407017227,7,0.9902840059790733,0.0037369207772795215,0.9962630792227205,0.9970104633781763,0.34925261584454415,0.3872871016464795,0.14955156950672646,0.6099791990801404,0.28303437967115097,0.5674140508221226,0.6174990456946465,0.8624813153961136,0.6457399103139013
746863,2026-01-13 17:30:00+00:00,1,13,2026,134,VfB Stuttgart,3,125,Eintracht Frankfurt,2,MHPArena,0,2025-2026,0.47058823529411764,0.35294117647058826,0.5,0.4,0.4411764705882353,0.2647058823529412,0.4,-0.1,0,0,0,0.5294117647058824,0.5588235294117647,0.4411764705882353,0.4558823529411765,0.26362957430918593,0.3764002987303958,0.32001493651979085,5,3.169529499626587,1.7798315374306783,3.6144873839842564,0.26139603367569253,1,0.7363704256908141,0.7520537714712472,0.2479462285287528,0.7856609410007468,0.19958924570575057,0.374740479363006,0.14800224047796862,0.7632291174100712,0.2820014936519791,0.5699962658700524,0.2910157242654629,0.15758028379387604,0.8297236743838685
746868,2026-01-13 19:30:00+00:00,1,13,2026,124,Borussia Dortmund,3,137,Werder Bremen,0,Signal Iduna Park,0,2025-2026,0.5588235294117647,0.8529411764705882,0.5,0.6,0.3235294117647059,-0.4117647058823529,0.3,-0.4,0,0,0,0.4411764705882353,0.6764705882352942,0.3578431372549019,0.5686274509803921,0.18358208955223881,0.6238805970149254,0.40373134328358207,3,3.1708955223880597,1.7798693689160507,3.6158628646170725,0.058106864832822014,3,0.8164179104477611,0.2044776119402985,0.7955223880597015,0.39477611940298507,0.3091044776119403,0.35111929160169303,0.16055970149253732,0.4582900078300855,0.2903731343283582,0.5490671641791045,0.46200357386843804,0.573134328358209,0.25671641791044775
746869,2026-01-13 19:30:00+00:00,1,13,2026,2950,Mainz,2,6418,1. FC Heidenheim 1846,1,MEWA ARENA,0,2025-2026,0.20588235294117646,-0.3235294117647059,0.0,-0.8,0.20588235294117646,-1.0294117647058822,0.2,-1.4,0,0,0,0.7941176470588236,0.7941176470588236,0.553921568627451,0.6715686274509804,0.9000745712155108,0.9112602535421327,0.9056674123788218,3,3.1707680835197616,1.7792112349472902,3.615570892256584,0.0580950967104773,1,0.09992542878448918,0.7524235645041014,0.24757643549589858,0.39448173005219983,0.1995152870991797,0.12004286037610364,0.23585011185682325,0.3786816066937761,0.34056674123788216,0.4235831469052946,0.48164348748662444,0.6286353467561522,0.12900820283370618
746870,2026-01-14 17:30:00+00:00,1,14,2026,138,VfL Wolfsburg,2,270,St. Pauli,1,Volkswagen Arena,0,2025-2026,0.23529411764705882,-0.4411764705882353,0.3,-1.0,0.20588235294117646,-0.5588235294117647,0.1,-1.3,0,0,0,0.7647058823529411,0.7941176470588236,0.5735294117647058,0.5931372549019607,0.7511177347242921,0.9180327868852459,0.834575260804769,3,3.170640834575261,1.7785538304271988,3.615279292182061,0.058083342935085325,1,0.2488822652757079,0.7526080476900149,0.24739195230998512,0.39418777943368105,0.19947839046199703,0.17966997674578727,0.22518628912071534,0.42959983060703005,0.3334575260804769,0.4413561847988077,0.4639192338810475,0.5774962742175856,0.20193740685543965
746864,2026-01-14 19:30:00+00:00,1,14,2026,122,FC Cologne,1,132,Bayern Munich,3,RheinEnergieStadion,0,2025-2026,0.20588235294117646,-0.47058823529411764,0.1,-0.4,0.7941176470588235,2.4411764705882355,0.8,2.9,0,0,0,0.7941176470588236,0.20588235294117652,0.5784313725490196,0.09313725490196079,0.8294862248696947,0.007446016381236039,0.41846612062546534,4,3.1705137751303054,1.777897154009432,3.6149880636326635,0.023175195762628498,2,0.992553983618764,0.43261355174981386,0.5673864482501861,0.5949367088607594,0.26347728965003725,0.43917154612676856,0.1627699180938198,0.6284121188514403,0.29184661206254653,0.5453834698436337,0.3975865422468303,0.41399851079672373,0.684288905435592
746865,2026-01-14 19:30:00+00:00,1,14,2026,11420,RB Leipzig,2,126,SC Freiburg,0,Red Bull Arena,0,2025-2026,0.4117647058823529,0.35294117647058826,0.5,1.1,0.4117647058823529,-0.058823529411764705,0.4,0.0,0,0,0,0.5882352941176471,0.5882352941176471,0.4411764705882353,0.5098039215686274,0.23958333333333334,0.4181547619047619,0.3288690476190476,2,3.1711309523809526,1.7773791394425864,3.6154757372415993,0.33837589651622857,2,0.7604166666666666,0.4330357142857143,0.5669642857142857,0.16592261904761904,0.26339285714285715,0.35372488839285715,0.14933035714285714,0.4169926546057876,0.28288690476190476,0.567782738095238,0.39764273370347747,0.41443452380952384,0.18080357142857142
746862,2026-01-14 19:30:00+00:00,1,14,2026,7911,TSG Hoffenheim,5,268,Borussia Mönchengladbach,1,PreZero Arena,0,2025-2026,0.35294117647058826,-0.14705882352941177,0.6,1.1,0.3235294117647059,-0.23529411764705882,0.5,0.5,0,0,0,0.6470588235294117,0.6764705882352942,0.5245098039215685,0.5392156862745099,0.2527881040892193,0.37769516728624536,0.31524163568773234,6,3.170260223048327,1.777004738308728,3.614511407625509,0.5938558597622481,4,0.7472118959107807,0.09219330855018587,0.9078066914498142,0.8936802973977696,0.3315613382899628,0.31657652602921466,0.14728624535315984,0.5913850715965681,0.28152416356877324,0.5711895910780669,0.5230990603371553,0.7189591078066915,0.5836431226765799
746867,2026-01-15 19:30:00+00:00,1,15,2026,3841,FC Augsburg,1,598,1. FC Union Berlin,1,WWK Arena,0,2025-2026,0.3235294117647059,-0.4411764705882353,0.2,-1.3,0.35294117647058826,-0.29411764705882354,0.4,0.2,0,0,0,0.6764705882352942,0.6470588235294117,0.5735294117647058,0.5490196078431373,0.787518573551263,0.45319465081723626,0.6203566121842496,2,3.1723625557206536,1.7780177524240774,3.616866993826673,0.33865014015979156,0,0.5468053491827638,1.0,0.0,0.16567607726597325,0.15,0.31739227340267456,0.19305349182763745,0.48765343464428196,0.31203566121842496,0.4949108469539376,0.372398808415349,0.34323922734026746,0.33209509658246655
746872,2026-01-16 19:30:00+00:00,1,16,2026,137,Werder Bremen,3,125,Eintracht Frankfurt,3,Weserstadion,0,2025-2026,0.3235294117647059,-0.4411764705882353,0.2,-0.8,0.4117647058823529,0.14705882352941177,0.4,-0.2,0,0,0,0.6764705882352942,0.5882352941176471,0.5735294117647058,0.47549019607843135,0.7334818114328137,0.4172234595397179,0.5753526354862658,6,3.1714922048997773,1.7776441705049608,3.6159032475260178,0.5931654378842126,0,0.582776540460282,1.0,0.0,0.8930957683741648,0.15,0.3326800296956198,0.18630289532293987,0.8821127871389527,0.3075352635486266,0.5061618411284335,0.4017299877591531,0.42242019302152933,0.9072011878247959
746871,2026-01-17 14:30:00+00:00,1,17,2026,138,VfL Wolfsburg,1,6418,1. FC Heidenheim 1846,1,Volkswagen Arena,0,2025-2026,0.23529411764705882,-0.5294117647058824,0.4,-0.6,0.20588235294117646,-1.0588235294117647,0.2,-1.5,0,0,0,0.7647058823529411,0.7941176470588236,0.588235294117647,0.6764705882352942,0.6390532544378699,0.9223372781065089,0.7806952662721893,2,3.1708579881656807,1.7797969354836964,3.615807222036605,0.3377454535702904,0,0.36094674556213013,1.0,0.0,0.16642011834319526,0.15,0.23840236686390534,0.2171042899408284,0.3943265291831518,0.32806952662721894,0.45482618343195264,0.4284066352600928,0.48298816568047337,0.14201183431952663
746879,2026-01-17 14:30:00+00:00,1,17,2026,122,FC Cologne,2,2950,Mainz,1,RheinEnergieStadion,0,2025-2026,0.20588235294117646,-0.5294117647058824,0.1,-0.6,0.23529411764705882,-0.2647058823529412,0.1,-0.6,0,0,0,0.7941176470588236,0.7647058823529411,0.588235294117647,0.5441176470588236,0.8527017024426351,0.8216136195410807,0.8371576609918578,3,3.1709844559585494,1.7804499203901967,3.6160969360560986,0.058112940648846534,1,0.1783863804589193,0.7520355292376018,0.24796447076239825,0.3945225758697261,0.19959289415247966,0.15143157383762118,0.22557364914877867,0.40552207629241077,0.3337157660991858,0.44071058475203556,0.4648026437161476,0.5825314581791265,0.16506291635825315
746878,2026-01-17 14:30:00+00:00,1,17,2026,124,Borussia Dortmund,3,270,St. Pauli,2,Signal Iduna Park,0,2025-2026,0.5882352941176471,1.0,0.6,1.0,0.20588235294117646,-0.5588235294117647,0.1,-1.3,0,0,0,0.4117647058823529,0.7941176470588236,0.33333333333333337,0.5931372549019607,0.13056379821958458,0.9176557863501483,0.5241097922848664,5,3.1735905044510386,1.7786533910914226,3.6182538522238943,0.260475331059293,1,0.8694362017804154,0.7522255192878339,0.24777448071216612,0.7848664688427299,0.1995548961424332,0.4280124858015832,0.17861646884272997,0.787772039157988,0.30241097922848664,0.5189725519287833,0.39345350358738956,0.40059347181008903,0.8456973293768546
746873,2026-01-17 14:30:00+00:00,1,17,2026,7911,TSG Hoffenheim,1,131,Bayer Leverkusen,0,PreZero Arena,0,2025-2026,0.38235294117647056,0.0,0.7,1.6,0.5294117647058824,0.6470588235294118,0.6,0.6,0,0,0,0.6176470588235294,0.47058823529411764,0.5,0.3921568627450981,0.17123795404002964,0.1808747220163084,0.176056338028169,1,3.174944403261675,1.7786887780502516,3.619616597774238,0.6619427154962649,1,0.8287620459599704,0.7524091919940696,0.24759080800593036,0.05337286879169755,0.19951816160118607,0.41175266691248114,0.12640845070422535,0.49590716229303955,0.2676056338028169,0.6059859154929578,0.25661950939934686,0.10081541882876205,0.34840622683469236
746876,2026-01-17 14:30:00+00:00,1,17,2026,127,Hamburg SV,0,268,Borussia Mönchengladbach,0,Volksparkstadion,0,2025-2026,0.25,-0.625,0.2,-0.8,0.3235294117647059,-0.23529411764705882,0.5,0.3,0,0,0,0.75,0.6764705882352942,0.6041666666666667,0.5392156862745099,0.8014814814814815,0.4066666666666667,0.6040740740740741,0,3.1733333333333333,1.7790144780109483,3.6180869528360704,0.8735727351329426,0,0.5933333333333333,1.0,0.0,0.0,0.15,0.3371666666666666,0.19061111111111112,0.4261666666666666,0.3104074074074074,0.4989814814814815,0.46793444608609824,0.5911111111111111,0.1948148148148148
746875,2026-01-17 17:30:00+00:00,1,17,2026,11420,RB Leipzig,1,132,Bayern Munich,5,Red Bull Arena,0,2025-2026,0.4117647058823529,0.35294117647058826,0.6,1.3,0.7941176470588235,2.3529411764705883,0.8,3.0,0,0,0,0.5882352941176471,0.20588235294117652,0.4411764705882353,0.10784313725490191,0.18994826311899482,0.007390983000739098,0.09866962305986696,6,3.169992609016999,1.7794233366986987,3.614848443191674,0.5927571173536262,4,0.9926090169992609,0.09238728750923873,0.9076127124907613,0.8928307464892831,0.3315225424981523,0.3986161217387219,0.11480044345898005,0.6068398251250663,0.2598669623059867,0.6253325942350333,0.3656086698411535,0.3244641537324464,0.6378418329637842
746874,2026-01-18 14:30:00+00:00,1,18,2026,134,VfB Stuttgart,1,598,1. FC Union Berlin,1,MHPArena,0,2025-2026,0.47058823529411764,0.35294117647058826,0.5,0.2,0.35294117647058826,-0.23529411764705882,0.3,0.0,0,0,0,0.5294117647058824,0.6470588235294117,0.4411764705882353,0.5392156862745099,0.276218611521418,0.5376661742983752,0.4069423929098966,2,3.172082717872969,1.7804275308782527,3.6171896005925324,0.3380189569475156,0,0.723781388478582,1.0,0.0,0.16617429837518463,0.15,0.39260709010339734,0.1610413589364845,0.5771812442590366,0.29069423929098964,0.5482644017725258,0.2775470597777456,0.1329394387001477,0.551698670605613
746877,2026-01-18 16:30:00+00:00,1,18,2026,3841,FC Augsburg,2,126,SC Freiburg,2,WWK Arena,0,2025-2026,0.29411764705882354,-0.5,0.2,-1.3,0.4117647058823529,-0.029411764705882353,0.4,-0.2,0,0,0,0.7058823529411764,0.5882352941176471,0.5833333333333333,0.5049019607843137,0.8103321033210332,0.43468634686346863,0.6225092250922509,4,3.1712177121771217,1.7800547455555862,3.6162313985660184,0.02297234692409522,0,0.5653136531365314,1.0,0.0,0.5948339483394834,0.15000000000000002,0.3252583025830259,0.19337638376383764,0.7221895262864069,0.3122509225092251,0.4943726937269373,0.3121938718534743,0.196309963099631,0.803690036900369
746884,2026-01-23 19:30:00+00:00,1,23,2026,270,St. Pauli,0,127,Hamburg SV,0,Millerntor-Stadion,0,2025-2026,0.20588235294117646,-0.5588235294117647,0.1,-1.1,0.23529411764705882,-0.5882352941176471,0.2,-0.7,0,0,0,0.7941176470588236,0.7647058823529411,0.5931372549019607,0.5980392156862746,0.8967551622418879,0.806047197640118,0.851401179941003,0,3.171828908554572,1.779540108985576,3.6167139358009663,0.8732195179671673,0,0.193952802359882,1.0,0.0,0.0,0.15,0.16742994100294983,0.22771017699115045,0.19652286135693214,0.3351401179941003,0.4371497050147492,0.5710307456488496,0.8053097345132744,0.007374631268436578
746881,2026-01-24 14:30:00+00:00,1,24,2026,125,Eintracht Frankfurt,1,7911,TSG Hoffenheim,3,Deutsche Bank Park,0,2025-2026,0.38235294117647056,0.08823529411764706,0.3,-0.4,0.4117647058823529,0.17647058823529413,0.7,1.4,0,0,0,0.6176470588235294,0.5882352941176471,0.48529411764705876,0.47058823529411764,0.523879500367377,0.17119764878765614,0.3475385745775166,4,3.168258633357825,1.7794721567332845,3.613126672541146,0.02335626420499992,2,0.8288023512123439,0.4313005143277002,0.5686994856722998,0.5951506245407788,0.26373989713445994,0.37873306246595484,0.15213078618662748,0.5947184528720428,0.28475385745775167,0.5631153563556208,0.3611968873858587,0.3085966201322557,0.59147685525349
746888,2026-01-24 14:30:00+00:00,1,24,2026,2950,Mainz,3,138,VfL Wolfsburg,1,MEWA ARENA,0,2025-2026,0.23529411764705882,-0.2647058823529412,0.1,-0.6,0.23529411764705882,-0.5,0.3,-0.7,0,0,0,0.7647058823529411,0.7647058823529411,0.5441176470588236,0.5833333333333333,0.8123620309050773,0.7336276674025018,0.7729948491537896,4,3.169242089771891,1.7796663484336108,3.614158676880294,0.023228268639357674,2,0.26637233259749815,0.4311994113318617,0.5688005886681383,0.5952906548933039,0.2637601177336277,0.17168095562193772,0.21594922737306843,0.4803637779759943,0.32729948491537897,0.4567512877115526,0.5442506591019202,0.7615894039735099,0.318616629874908
746883,2026-01-24 14:30:00+00:00,1,24,2026,131,Bayer Leverkusen,1,137,Werder Bremen,0,BayArena,0,2025-2026,0.5,0.5882352941176471,0.5,0.4,0.3235294117647059,-0.4411764705882353,0.2,-0.8,0,0,0,0.5,0.6764705882352942,0.4019607843137255,0.5735294117647058,0.23308823529411765,0.7470588235294118,0.49007352941176474,1,3.1698529411764707,1.7791540785340256,3.614641460809977,0.660356687819432,1,0.7669117647058823,0.7507352941176471,0.24926470588235294,0.054411764705882354,0.1998529411764706,0.38683580233564013,0.17351102941176472,0.46616985647930237,0.2990073529411765,0.5274816176470587,0.44761592663015737,0.5375,0.2801470588235294
746880,2026-01-24 14:30:00+00:00,1,24,2026,132,Bayern Munich,1,3841,FC Augsburg,2,Allianz Arena,0,2025-2026,0.7941176470588235,2.4411764705882355,0.8,3.1,0.2647058823529412,-0.5588235294117647,0.2,-0.7,0,0,0,0.20588235294117652,0.7352941176470589,0.09313725490196079,0.5931372549019607,0.008106116433308769,0.787030213706706,0.39756816507000736,3,3.169491525423729,1.7809664252673596,3.614733131740569,0.057830960894579064,1,0.9918938835666913,0.7501842299189388,0.24981577008106115,0.3949889462048637,0.19996315401621223,0.47677951167803184,0.1596352247605011,0.6836977740471211,0.28975681650700075,0.5506079587324981,0.3005218765186766,0.1658069270449521,0.7627118644067796
746885,2026-01-24 14:30:00+00:00,1,24,2026,6418,1. FC Heidenheim 1846,0,11420,RB Leipzig,3,Voith-Arena,0,2025-2026,0.20588235294117646,-1.0,0.2,-1.3,0.4117647058823529,0.2647058823529412,0.5,0.8,0,0,0,0.7941176470588236,0.5882352941176471,0.6666666666666667,0.4558823529411765,0.8991163475699558,0.27393225331369664,0.5865243004418262,3,3.169366715758468,1.7803160308687531,3.6144457234756566,0.05781946926394621,3,0.7260677466863034,0.20397643593519882,0.7960235640648012,0.3946980854197349,0.30920471281296025,0.31986161751340986,0.18797864506627393,0.43615461106764275,0.30865243004418264,0.5033689248895434,0.5518015394467133,0.7761413843888071,0.21575846833578793
746886,2026-01-24 17:30:00+00:00,1,24,2026,598,1. FC Union Berlin,0,124,Borussia Dortmund,3,Stadion An der Alten Försterei,0,2025-2026,0.3235294117647059,-0.2647058823529412,0.3,0.1,0.6176470588235294,1.088235294117647,0.6,1.0,0,0,0,0.6764705882352942,0.38235294117647056,0.5441176470588236,0.31862745098039225,0.5425844346549192,0.11380323054331865,0.32819383259911894,3,3.168869309838473,1.7789610641734328,3.6136095758818314,0.05775212797666773,3,0.8861967694566814,0.20411160058737152,0.7958883994126285,0.394273127753304,0.3091776798825257,0.37518448619008504,0.14922907488986784,0.4750192831116448,0.2828193832599119,0.5679515418502203,0.4201091561468801,0.4698972099853157,0.30837004405286345
746882,2026-01-25 14:30:00+00:00,1,25,2026,268,Borussia Mönchengladbach,0,134,VfB Stuttgart,3,BORUSSIA-PARK,0,2025-2026,0.3235294117647059,-0.17647058823529413,0.5,0.6,0.4411764705882353,0.23529411764705882,0.4,0.1,0,0,0,0.6764705882352942,0.5588235294117647,0.5294117647058822,0.4607843137254902,0.3492296404988995,0.36243580337490827,0.35583272193690385,3,3.168745414526779,1.7783137574306127,3.6133238538844323,0.05774071523851465,3,0.6507703595011005,0.20469552457813647,0.7953044754218636,0.39398385913426265,0.30906089508437273,0.2939152553412184,0.15337490829053557,0.41771179559904337,0.2855832721936904,0.561041819515774,0.43561866914433034,0.5121056493030081,0.18268525311812178
746887,2026-01-25 16:30:00+00:00,1,25,2026,126,SC Freiburg,2,122,FC Cologne,1,Europa-Park Stadion,0,2025-2026,0.4117647058823529,0.08823529411764706,0.4,0.0,0.23529411764705882,-0.38235294117647056,0.2,-0.4,0,0,0,0.5882352941176471,0.7647058823529411,0.48529411764705876,0.5637254901960784,0.3819648093841642,0.7580645161290323,0.5700146627565983,3,3.1686217008797652,1.7776671567049944,3.613038490056014,0.057729316179348955,1,0.6180351906158358,0.751466275659824,0.24853372434017595,0.3936950146627566,0.1997067448680352,0.3273340227552223,0.18550219941348975,0.555607967033847,0.30700146627565983,0.5074963343108504,0.3762894847656999,0.35997067448680353,0.4868035190615836
746857,2026-01-27 19:30:00+00:00,1,27,2026,270,St. Pauli,1,11420,RB Leipzig,1,Millerntor-Stadion,0,2025-2026,0.17647058823529413,-0.6176470588235294,0.1,-0.9,0.4411764705882353,0.35294117647058826,0.5,0.5,0,0,0,0.8235294117647058,0.5588235294117647,0.6029411764705883,0.4411764705882353,0.8967032967032967,0.2754578754578755,0.5860805860805861,2,3.1684981684981683,1.7770212607142215,3.6127534836767237,0.3375648493231381,0,0.7245421245421245,1.0,0.0,0.1663003663003663,0.15,0.39293040293040293,0.1879120879120879,0.5776225630291564,0.3086080586080586,0.5034798534798535,0.35851228324928036,0.30256410256410254,0.5538461538461539
746855,2026-01-27 19:30:00+00:00,1,27,2026,137,Werder Bremen,0,7911,TSG Hoffenheim,2,Weserstadion,0,2025-2026,0.3235294117647059,-0.4117647058823529,0.1,-1.0,0.4117647058823529,0.17647058823529413,0.7,1.4,0,0,0,0.6764705882352942,0.5882352941176471,0.5686274509803921,0.47058823529411764,0.8133235724743777,0.17130307467057102,0.49231332357247437,2,3.1676427525622253,1.7766515423824658,3.6118056381578416,0.3373576592383496,2,0.828696925329429,0.43191800878477304,0.568081991215227,0.16617862371888725,0.2636163982430454,0.3787577734951949,0.17384699853587116,0.44148016997709505,0.2992313323572474,0.5269216691068814,0.4880471057915292,0.6427525622254758,0.2225475841874085
746894,2026-01-30 19:30:00+00:00,1,30,2026,122,FC Cologne,1,138,VfL Wolfsburg,0,RheinEnergieStadion,0,2025-2026,0.23529411764705882,-0.4117647058823529,0.1,-0.8,0.23529411764705882,-0.5588235294117647,0.3,-0.8,0,0,0,0.7647058823529411,0.7647058823529411,0.5686274509803921,0.5931372549019607,0.8419897585954645,0.7520117044623262,0.7970007315288954,1,3.166788588149232,1.7762818772355053,3.610859057458108,0.660479917272649,1,0.24798829553767376,0.7512801755669349,0.24871982443306506,0.05413313825896123,0.199743964886613,0.17925266858209152,0.2195501097293343,0.21782000281908243,0.3297000731528895,0.4507498171177762,0.5862593166007706,0.831016825164594,0.013167520117044623
746890,2026-01-31 14:30:00+00:00,1,31,2026,125,Eintracht Frankfurt,1,131,Bayer Leverkusen,3,Deutsche Bank Park,0,2025-2026,0.38235294117647056,0.029411764705882353,0.3,-0.6,0.5,0.5588235294117647,0.5,0.3,0,0,0,0.6176470588235294,0.5,0.4950980392156863,0.4068627450980392,0.5470459518599562,0.24799416484318015,0.3975200583515682,4,3.1655725747629466,1.7748064612341656,3.609274190071488,0.023942011716991285,2,0.7520058351568198,0.43180160466812545,0.5681983953318746,0.5966447848285923,0.2636396790663749,0.3505096611533799,0.15962800875273522,0.5798249950550505,0.2897520058351568,0.550619985412108,0.38734092914620677,0.38803792851932895,0.5587162654996353
746893,2026-01-31 14:30:00+00:00,1,31,2026,11420,RB Leipzig,1,2950,Mainz,2,Red Bull Arena,0,2025-2026,0.4411764705882353,0.35294117647058826,0.4,0.3,0.23529411764705882,-0.2647058823529412,0.2,-0.4,0,0,0,0.5588235294117647,0.7647058823529411,0.4411764705882353,0.5441176470588236,0.3284671532846715,0.7437956204379562,0.5361313868613139,3,3.165693430656934,1.7754489120993322,3.609555658681767,0.05723286008605977,1,0.6715328467153285,0.7518248175182481,0.24817518248175185,0.39416058394160586,0.19963503649635037,0.34877217752677286,0.1804197080291971,0.574277139311483,0.3036131386861314,0.5159671532846715,0.3623013674690859,0.3124087591240876,0.5416058394160584
746896,2026-01-31 14:30:00+00:00,1,31,2026,137,Werder Bremen,1,268,Borussia Mönchengladbach,1,Weserstadion,0,2025-2026,0.3235294117647059,-0.47058823529411764,0.1,-1.2,0.29411764705882354,-0.35294117647058826,0.4,-0.1,0,0,0,0.6764705882352942,0.7058823529411764,0.5784313725490196,0.5588235294117647,0.8352769679300291,0.5349854227405247,0.685131195335277,2,3.1661807580174925,1.7743020914908236,3.6097562808901986,0.3373854762948383,0,0.46501457725947526,1.0,0.0,0.1661807580174927,0.15,0.28263119533527703,0.20276967930029155,0.44666915995886075,0.3185131195335277,0.4787172011661808,0.39639563309142417,0.40889212827988336,0.23979591836734693
746897,2026-01-31 14:30:00+00:00,1,31,2026,7911,TSG Hoffenheim,3,598,1. FC Union Berlin,1,PreZero Arena,0,2025-2026,0.4411764705882353,0.23529411764705882,0.7,1.5,0.3235294117647059,-0.2647058823529412,0.3,-0.2,0,0,0,0.5588235294117647,0.6764705882352942,0.4607843137254902,0.5441176470588236,0.14692982456140352,0.5855263157894737,0.36622807017543857,4,3.165204678362573,1.7765982105347393,3.609354230996258,0.02388465425079289,2,0.8530701754385965,0.43201754385964913,0.5679824561403508,0.5964912280701754,0.26359649122807016,0.3877422860880271,0.15493421052631579,0.6003511360023732,0.28662280701754383,0.5584429824561403,0.3710147717336355,0.3347953216374269,0.6118421052631579
746891,2026-01-31 14:30:00+00:00,1,31,2026,3841,FC Augsburg,2,270,St. Pauli,1,WWK Arena,0,2025-2026,0.2647058823529412,-0.5588235294117647,0.3,-0.5,0.14705882352941177,-0.7058823529411765,0.1,-0.5,0,0,0,0.7352941176470589,0.8529411764705882,0.5931372549019607,0.6176470588235294,0.6859021183345507,0.8962746530314097,0.7910883856829802,3,3.1658144631117606,1.7760920610741275,3.6098374783802925,0.05724397917798418,1,0.3140978816654493,0.7516435354273192,0.2483564645726808,0.3944485025566107,0.19967129291453617,0.20572364647434244,0.21866325785244703,0.45188825486147155,0.32910883856829803,0.45222790357925496,0.45200570478925056,0.5544192841490139,0.24762600438276114
746895,2026-01-31 17:30:00+00:00,1,31,2026,127,Hamburg SV,2,132,Bayern Munich,2,Volksparkstadion,0,2025-2026,0.2222222222222222,-0.5555555555555556,0.2,-0.6,0.7647058823529411,2.3823529411764706,0.7,2.7,0,0,0,0.7777777777777778,0.23529411764705888,0.5925925925925926,0.1029411764705882,0.7858703568827385,0.012381646030589949,0.39912600145666427,4,3.165331391114348,1.7739345700331712,3.608815033622641,0.02402094388763676,0,0.98761835396941,1.0,0.0,0.596504005826657,0.15,0.5047378004369992,0.15986890021849964,0.8588308386322633,0.28991260014566644,0.5502184996358339,0.22344671156866225,0.06117989803350328,0.9009468317552805
746892,2026-02-01 14:30:00+00:00,2,1,2026,134,VfB Stuttgart,1,126,SC Freiburg,0,MHPArena,0,2025-2026,0.47058823529411764,0.38235294117647056,0.5,0.6,0.4411764705882353,0.14705882352941177,0.5,0.1,0,0,0,0.5294117647058824,0.5588235294117647,0.4362745098039216,0.47549019607843135,0.24526928675400292,0.32168850072780203,0.28347889374090246,1,3.165938864628821,1.7734314056018108,3.6092967160292737,0.6612188353278281,1,0.754730713245997,0.7510917030567685,0.24890829694323147,0.053857350800582245,0.19978165938864628,0.38199651354220293,0.1425218340611354,0.46022008585494667,0.2783478893740903,0.5791302765647743,0.32769243036098283,0.22343522561863174,0.26346433770014555
746889,2026-02-01 16:30:00+00:00,2,1,2026,124,Borussia Dortmund,3,6418,1. FC Heidenheim 1846,2,Signal Iduna Park,0,2025-2026,0.6470588235294118,1.1764705882352942,0.6,1.2,0.20588235294117646,-1.0588235294117647,0.2,-1.6,0,0,0,0.3529411764705882,0.7941176470588236,0.3039215686274509,0.6764705882352942,0.10036363636363636,0.928,0.5141818181818182,5,3.1643636363636363,1.7737479579077216,3.6078006258405666,0.2651046650060843,1,0.8996363636363637,0.7512727272727273,0.24872727272727269,0.7876363636363637,0.19974545454545453,0.43999449917355377,0.17712727272727274,0.7940080545755072,0.3014181818181818,0.5214545454545454,0.3900506348948462,0.3978181818181818,0.850909090909091
746900,2026-02-06 19:30:00+00:00,2,6,2026,598,1. FC Union Berlin,1,125,Eintracht Frankfurt,1,Stadion An der Alten Försterei,0,2025-2026,0.3235294117647059,-0.3235294117647059,0.3,-0.4,0.38235294117647056,-0.029411764705882353,0.2,-0.9,0,0,0,0.6764705882352942,0.6176470588235294,0.553921568627451,0.5049019607843137,0.5988372093023255,0.6598837209302325,0.629360465116279,2,3.1656976744186047,1.7737932502731486,3.609145986986892,0.3373350998128596,0,0.40116279069767447,1.0,0.0,0.16642441860465115,0.15,0.25549418604651164,0.19440406976744184,0.414608889095457,0.3129360465116279,0.4926598837209303,0.37563996984176273,0.35755813953488375,0.17732558139534885
746898,2026-02-07 14:30:00+00:00,2,7,2026,6418,1. FC Heidenheim 1846,0,127,Hamburg SV,2,Voith-Arena,0,2025-2026,0.20588235294117646,-1.0588235294117647,0.2,-1.1,0.21052631578947367,-0.5263157894736842,0.2,-0.3,0,0,0,0.7941176470588236,0.7894736842105263,0.6764705882352942,0.5877192982456141,0.8910675381263616,0.7777777777777778,0.8344226579520697,2,3.1648511256354395,1.7734268320252329,3.608207833641748,0.337129771049964,2,0.2222222222222222,0.43064633260711693,0.5693536673928831,0.16630355846042122,0.2638707334785766,0.15540506737674495,0.22516339869281046,0.22213906390921248,0.33344226579520697,0.4413943355119826,0.6340652965873287,0.8809005083514887,0.013798111837327523
746902,2026-02-07 14:30:00+00:00,2,7,2026,2950,Mainz,2,3841,FC Augsburg,0,MEWA ARENA,0,2025-2026,0.2647058823529412,-0.20588235294117646,0.3,-0.2,0.29411764705882354,-0.5294117647058824,0.4,-0.3,0,0,0,0.7352941176470589,0.7058823529411764,0.5343137254901962,0.588235294117647,0.6059506531204645,0.5776487663280117,0.591799709724238,2,3.1640058055152394,1.7730604668180765,3.6072709222197585,0.33692477588548964,2,0.42235123367198835,0.4310595065312046,0.5689404934687954,0.16618287373004353,0.2637880986937591,0.22909119251096957,0.1887699564586357,0.29443794202133583,0.3091799709724238,0.5020500725689405,0.5366193677427897,0.7474600870827286,0.055152394775036286
746905,2026-02-07 14:30:00+00:00,2,7,2026,126,SC Freiburg,1,137,Werder Bremen,0,Europa-Park Stadion,0,2025-2026,0.4117647058823529,0.08823529411764706,0.4,-0.1,0.29411764705882354,-0.5,0.0,-1.3,0,0,0,0.5882352941176471,0.7058823529411764,0.48529411764705876,0.5833333333333333,0.39013778100072516,0.9195068890500363,0.6548223350253808,1,3.1631617113850616,1.772694155281747,3.6063352502054986,0.660690903105307,1,0.6098622189992748,0.751269035532995,0.24873096446700504,0.05366207396664249,0.199746192893401,0.32404766199298396,0.1982233502538071,0.3908188403092742,0.31548223350253807,0.4862944162436548,0.527871009661513,0.7280638143582306,0.13778100072516317
746904,2026-02-07 14:30:00+00:00,2,7,2026,270,St. Pauli,2,134,VfB Stuttgart,1,Millerntor-Stadion,0,2025-2026,0.14705882352941177,-0.7352941176470589,0.1,-0.5,0.5,0.4411764705882353,0.5,0.6,0,0,0,0.8529411764705882,0.5,0.6225490196078431,0.42647058823529405,0.8934782608695652,0.23695652173913043,0.5652173913043478,3,3.161594202898551,1.773007771407616,3.604846145750455,0.056528090671310816,1,0.7630434782608696,0.7514492753623189,0.24855072463768113,0.39565217391304347,0.19971014492753622,0.3853569628229364,0.18478260869565216,0.6061328349451613,0.3065217391304348,0.5086956521739131,0.374155237926504,0.3492753623188406,0.6369565217391304
746901,2026-02-07 14:30:00+00:00,2,7,2026,138,VfL Wolfsburg,1,124,Borussia Dortmund,2,Volkswagen Arena,0,2025-2026,0.23529411764705882,-0.5882352941176471,0.3,-0.8,0.6470588235294118,1.1764705882352942,0.7,1.3,0,0,0,0.7647058823529411,0.3529411764705882,0.5980392156862746,0.3039215686274509,0.7400434467776973,0.07530774800868936,0.4076755973931933,3,3.1614771904417087,1.7723705951273547,3.6045698392235472,0.056517387914141515,1,0.9246922519913107,0.7516292541636496,0.24837074583635044,0.3953656770456191,0.19967414916727008,0.4500601417499624,0.16115133960897898,0.6613985465476148,0.29076755973931934,0.5480811006517017,0.3047652985791359,0.1774076755973932,0.7349746560463433
746906,2026-02-07 17:30:00+00:00,2,7,2026,268,Borussia Mönchengladbach,1,131,Bayer Leverkusen,1,BORUSSIA-PARK,0,2025-2026,0.2647058823529412,-0.38235294117647056,0.3,-0.3,0.5294117647058824,0.6176470588235294,0.6,0.8,0,0,0,0.7352941176470589,0.47058823529411764,0.5637254901960784,0.3970588235294118,0.6345875542691751,0.1736613603473227,0.4041244573082489,2,3.1613603473227205,1.7717341052526592,3.604293873635885,0.336322751901322,0,0.8263386396526773,1.0,0.0,0.16642547033285093,0.15,0.4361939218523878,0.16061866859623736,0.6290125889825983,0.2904124457308249,0.5489688856729377,0.2758714656307031,0.1287988422575977,0.691027496382055
746899,2026-02-08 14:30:00+00:00,2,8,2026,122,FC Cologne,1,11420,RB Leipzig,2,RheinEnergieStadion,0,2025-2026,0.23529411764705882,-0.4411764705882353,0.2,-0.5,0.4411764705882353,0.3235294117647059,0.4,0.4,0,0,0,0.7647058823529411,0.5588235294117647,0.5735294117647058,0.446078431372549,0.7556037599421548,0.3304410701373825,0.5430224150397687,3,3.160520607375271,1.7713682859062738,3.6033626788518394,0.0563602825462447,1,0.6695589298626174,0.7512653651482285,0.2487346348517715,0.3955169920462762,0.1997469269703543,0.3479336029014649,0.1814533622559653,0.5740328401657881,0.3043022415039769,0.5142443962400578,0.3651635036577235,0.3232104121475054,0.5401301518438177
746903,2026-02-08 16:30:00+00:00,2,8,2026,132,Bayern Munich,5,7911,TSG Hoffenheim,1,Allianz Arena,0,2025-2026,0.7352941176470589,2.3529411764705883,0.7,2.7,0.47058823529411764,0.35294117647058826,0.7,1.5,0,0,0,0.2647058823529411,0.5294117647058824,0.10784313725490191,0.4411764705882353,0.016618497109826588,0.14523121387283236,0.08092485549132947,6,3.1604046242774566,1.7707330192492128,3.6030878790897596,0.5999449439226032,4,0.9833815028901735,0.09104046242774566,0.9089595375722543,0.8945086705202312,0.33179190751445087,0.3953725483644626,0.11213872832369942,0.606326684135112,0.25809248554913294,0.6297687861271677,0.3528366374016185,0.28684971098265893,0.6380057803468208
746908,2026-02-13 19:30:00+00:00,2,13,2026,124,Borussia Dortmund,4,2950,Mainz,0,Signal Iduna Park,0,2025-2026,0.6764705882352942,1.2352941176470589,0.8,1.4,0.29411764705882354,-0.14705882352941177,0.4,0.0,0,0,0,0.32352941176470584,0.7058823529411764,0.2941176470588235,0.5245098039215685,0.04909747292418772,0.49530685920577616,0.27220216606498193,4,3.1624548736462095,1.7717369366554516,3.6053891078100726,0.024498236607720325,4,0.9509025270758122,0.09169675090252707,0.908303249097473,0.5978339350180505,0.3316606498194946,0.3845967235334749,0.14083032490974728,0.5202741910214923,0.2772202166064982,0.5819494584837545,0.41365802121998996,0.4548736462093863,0.40938628158844764
746907,2026-02-14 14:30:00+00:00,2,14,2026,131,Bayer Leverkusen,4,270,St. Pauli,0,BayArena,0,2025-2026,0.5,0.5588235294117647,0.5,0.2,0.17647058823529413,-0.6470588235294118,0.2,-0.3,0,0,0,0.5,0.8235294117647058,0.4068627450980392,0.607843137254902,0.24963924963924963,0.8095238095238095,0.5295815295815296,4,3.163059163059163,1.7712400822554162,3.605869183623017,0.024452942662894106,4,0.7503607503607503,0.09235209235209235,0.9076479076479076,0.5974025974025974,0.33152958152958156,0.31764402424575583,0.17943722943722945,0.48768647497275774,0.302958152958153,0.5176046176046175,0.5534809470298755,0.7813852813852814,0.3362193362193362
746909,2026-02-14 14:30:00+00:00,2,14,2026,125,Eintracht Frankfurt,3,268,Borussia Mönchengladbach,0,Deutsche Bank Park,0,2025-2026,0.38235294117647056,-0.029411764705882353,0.1,-1.0,0.2647058823529412,-0.38235294117647056,0.2,-0.6,0,0,0,0.6176470588235294,0.7352941176470589,0.5049019607843137,0.5637254901960784,0.7346791636625811,0.7599134823359769,0.7472963229992791,3,3.16366258111031,1.7707435997815586,3.6063484810557,0.056942243371445156,3,0.2653208363374189,0.20403749098774332,0.7959625090122566,0.39437635183850034,0.30919250180245134,0.1607235614047217,0.21209444844989186,0.32388141453966457,0.3247296322999279,0.4631759192501802,0.6166794079349149,0.8658976207642394,0.06993511175198269
746911,2026-02-14 14:30:00+00:00,2,14,2026,127,Hamburg SV,3,598,1. FC Union Berlin,2,Volksparkstadion,0,2025-2026,0.25,-0.4,0.3,-0.1,0.29411764705882354,-0.4411764705882353,0.2,-0.5,0,0,0,0.75,0.7058823529411764,0.5666666666666667,0.5735294117647058,0.6231988472622478,0.7305475504322767,0.6768731988472623,5,3.163544668587896,1.770110599893337,3.6060723185612304,0.2665991130310592,1,0.37680115273775217,0.7521613832853026,0.24783861671469742,0.7881844380403458,0.19956772334293948,0.23084512993214792,0.20153097982708934,0.6977698656156874,0.3176873198847262,0.48078170028818445,0.45789141379950155,0.5706051873198847,0.7831412103746398
746914,2026-02-14 14:30:00+00:00,2,14,2026,7911,TSG Hoffenheim,3,126,SC Freiburg,0,PreZero Arena,0,2025-2026,0.47058823529411764,0.35294117647058826,0.7,1.1,0.4117647058823529,0.08823529411764706,0.5,0.4,0,0,0,0.5294117647058824,0.5882352941176471,0.4411764705882353,0.48529411764705876,0.15190784737221022,0.31605471562275017,0.2339812814974802,3,3.1648668106551474,1.7701587996707657,3.607406510572839,0.05717199980056842,3,0.8480921526277898,0.2044636429085673,0.7955363570914327,0.3938084953203744,0.30910727141828653,0.3620596235670477,0.13509719222462202,0.46567675109201245,0.273398128149748,0.59150467962563,0.36362295050135207,0.31605471562275017,0.28077753779697623
746913,2026-02-14 14:30:00+00:00,2,14,2026,137,Werder Bremen,0,132,Bayern Munich,3,Weserstadion,0,2025-2026,0.29411764705882354,-0.4411764705882353,0.0,-1.2,0.7352941176470589,2.3823529411764706,0.7,2.7,0,0,0,0.7058823529411764,0.2647058823529411,0.5735294117647058,0.1029411764705882,0.9028776978417267,0.015827338129496403,0.45935251798561155,3,3.164748201438849,1.769527004168424,3.607129952480955,0.05716107341036225,3,0.9841726618705036,0.20503597122302158,0.7949640287769784,0.3935251798561151,0.30899280575539567,0.4091359142901506,0.16890287769784174,0.49891329782817295,0.29593525179856117,0.5351618705035971,0.4907405025639386,0.6546762589928058,0.36546762589928056
746915,2026-02-14 17:30:00+00:00,2,14,2026,134,VfB Stuttgart,3,122,FC Cologne,1,MHPArena,0,2025-2026,0.47058823529411764,0.38235294117647056,0.5,0.5,0.23529411764705882,-0.47058823529411764,0.2,-0.5,0,0,0,0.5294117647058824,0.7647058823529411,0.4362745098039216,0.5784313725490196,0.25305535585909417,0.7778576563623293,0.5154565061107117,4,3.1646297627606037,1.7688958846115133,3.606853733913482,0.02439616488914509,2,0.7469446441409058,0.43206326383896476,0.5679367361610352,0.597411933860532,0.26358734723220706,0.3486710087080291,0.17731847591660677,0.579174576722827,0.3015456506110712,0.521135873472322,0.4442076199369581,0.5305535585909418,0.5571531272465852
746910,2026-02-15 14:30:00+00:00,2,15,2026,3841,FC Augsburg,1,6418,1. FC Heidenheim 1846,0,WWK Arena,0,2025-2026,0.29411764705882354,-0.5882352941176471,0.3,-0.6,0.20588235294117646,-1.088235294117647,0.2,-1.0,0,0,0,0.7058823529411764,0.7941176470588236,0.5980392156862746,0.6813725490196079,0.6781609195402298,0.8886494252873564,0.7834051724137931,1,3.1652298850574714,1.7684016849587767,3.6073303062971656,0.6627486332229897,1,0.32183908045977017,0.7528735632183908,0.24712643678160917,0.05316091954022988,0.19942528735632184,0.20888558594266085,0.21751077586206896,0.2529020245541782,0.3283405172413793,0.4541487068965518,0.5810790375185452,0.8247126436781609,0.028017241379310345
746912,2026-02-15 16:30:00+00:00,2,15,2026,11420,RB Leipzig,2,138,VfL Wolfsburg,2,Red Bull Arena,0,2025-2026,0.4411764705882353,0.29411764705882354,0.4,0.3,0.23529411764705882,-0.6176470588235294,0.3,-0.7,0,0,0,0.5588235294117647,0.7647058823529411,0.4509803921568628,0.6029411764705883,0.33022254127781764,0.7465900933237617,0.5384063173007897,4,3.16367552045944,1.7687180364146606,3.6058550295631053,0.0245236049480112,0,0.6697774587221823,1.0,0.0,0.5972720746590093,0.15,0.36965541995692747,0.18076094759511846,0.7570184426387913,0.30384063173007897,0.5153984206748026,0.28192667568701446,0.13783201722900215,0.8277099784637473
746919,2026-02-20 19:40:00+00:00,2,20,2026,2950,Mainz,1,127,Hamburg SV,1,MEWA ARENA,0,2025-2026,0.2647058823529412,-0.3235294117647059,0.4,0.0,0.2857142857142857,-0.3333333333333333,0.4,0.1,0,0,0,0.7352941176470589,0.7142857142857143,0.553921568627451,0.5555555555555556,0.5322812051649928,0.5164992826398852,0.524390243902439,2,3.1642754662840744,1.7682249482165127,3.6063317033382027,0.33809577399558866,0,0.4835007173601148,1.0,0.0,0.16571018651362984,0.15,0.2904878048780488,0.17865853658536585,0.455729782692375,0.3024390243902439,0.5189024390243901,0.3325110727693189,0.23314203730272598,0.2568149210903874
746918,2026-02-21 14:30:00+00:00,2,21,2026,598,1. FC Union Berlin,1,131,Bayer Leverkusen,0,Stadion An der Alten Försterei,0,2025-2026,0.29411764705882354,-0.4411764705882353,0.2,-0.5,0.5294117647058824,0.6764705882352942,0.5,0.4,0,0,0,0.7058823529411764,0.47058823529411764,0.5735294117647058,0.38725490196078427,0.7168458781362007,0.22580645161290322,0.471326164874552,1,3.163440860215054,1.7678654549386368,3.605407223949713,0.6624300263094527,1,0.7741935483870968,0.7519713261648745,0.2480286738351255,0.05304659498207885,0.1996057347670251,0.38986946467799743,0.1706989247311828,0.46948107328793887,0.2971326164874552,0.532168458781362,0.43759842076583755,0.5154121863799284,0.2939068100358423
746920,2026-02-21 14:30:00+00:00,2,21,2026,132,Bayern Munich,3,125,Eintracht Frankfurt,2,Allianz Arena,0,2025-2026,0.7647058823529411,2.4705882352941178,0.7,2.8,0.38235294117647056,0.0,0.2,-0.7,0,0,0,0.23529411764705888,0.6176470588235294,0.08823529411764708,0.5,0.011461318051575931,0.6375358166189111,0.3244985673352435,5,3.16189111747851,1.7681800390519293,3.603936127241492,0.267794016110555,1,0.9885386819484241,0.7521489971346705,0.24785100286532946,0.7886819484240688,0.1995702005730659,0.4756708894015648,0.14867478510028653,0.81118973538711,0.28244985673352435,0.5688753581661892,0.29441893676420394,0.15830945558739254,0.8767908309455588
746917,2026-02-21 14:30:00+00:00,2,21,2026,122,FC Cologne,2,7911,TSG Hoffenheim,2,RheinEnergieStadion,0,2025-2026,0.23529411764705882,-0.5,0.2,-0.7,0.47058823529411764,0.38235294117647056,0.7,1.1,0,0,0,0.7647058823529411,0.5294117647058824,0.5833333333333333,0.4362745098039216,0.7838224767358626,0.16034359341445956,0.4720830350751611,4,3.1632068718682893,1.768230631263794,3.605264529684238,0.024609622955288568,0,0.8396564065855404,1.0,0.0,0.5969935576234788,0.15,0.4418539727988547,0.17081245526127417,0.8114629825953866,0.2972083035075161,0.5319792412312097,0.2553420049174578,0.09591982820329277,0.8768790264853257
746924,2026-02-21 14:30:00+00:00,2,21,2026,138,VfL Wolfsburg,2,3841,FC Augsburg,3,Volkswagen Arena,0,2025-2026,0.20588235294117646,-0.6470588235294118,0.3,-0.7,0.3235294117647059,-0.5588235294117647,0.4,-0.2,0,0,0,0.7941176470588236,0.6764705882352942,0.607843137254902,0.5931372549019607,0.7553648068669528,0.5450643776824035,0.6502145922746781,5,3.163805436337625,1.7677393275166897,3.6057402682167976,0.2673178890916008,1,0.45493562231759654,0.751788268955651,0.24821173104434902,0.7882689556509299,0.1996423462088698,0.2620913690311727,0.19753218884120172,0.7121602337954771,0.3150214592274678,0.48744635193133046,0.44794064043644943,0.5443490701001431,0.7982832618025751
746922,2026-02-21 17:30:00+00:00,2,21,2026,11420,RB Leipzig,2,124,Borussia Dortmund,2,Red Bull Arena,0,2025-2026,0.4411764705882353,0.29411764705882354,0.4,0.3,0.7058823529411765,1.411764705882353,0.8,1.7,0,0,0,0.5588235294117647,0.2941176470588235,0.4509803921568628,0.2647058823529411,0.3295210864903502,0.03716940671908506,0.18334524660471763,4,3.165117941386705,1.7677887538828134,3.6070651298574083,0.024400417561737053,0,0.9628305932809149,1.0,0.0,0.5961401000714797,0.15,0.4942030021443888,0.12750178699070766,0.8507324490433021,0.26833452466047175,0.6041636883488206,0.1138816372723712,0.010007147962830594,0.8992137240886348
746923,2026-02-22 14:30:00+00:00,2,22,2026,126,SC Freiburg,2,268,Borussia Mönchengladbach,1,Europa-Park Stadion,0,2025-2026,0.38235294117647056,-0.029411764705882353,0.4,-0.3,0.23529411764705882,-0.5,0.2,-0.9,0,0,0,0.6176470588235294,0.7647058823529411,0.5049019607843137,0.5833333333333333,0.4514285714285714,0.8192857142857143,0.6353571428571428,3,3.165714285714286,1.7672977004609387,3.6075387108295205,0.057376082774993176,1,0.5485714285714286,0.7514285714285714,0.24857142857142855,0.39285714285714285,0.1997142857142857,0.29953551020408165,0.1953035714285714,0.5313603860058309,0.3135357142857143,0.49116071428571434,0.4012042424009457,0.425,0.44
746921,2026-02-22 16:30:00+00:00,2,22,2026,270,St. Pauli,2,137,Werder Bremen,1,Millerntor-Stadion,0,2025-2026,0.17647058823529413,-0.7352941176470589,0.2,-0.5,0.29411764705882354,-0.47058823529411764,0.0,-1.5,0,0,0,0.8235294117647058,0.7058823529411764,0.6225490196078431,0.5784313725490196,0.8258386866523911,0.92790863668808,0.8768736616702355,3,3.1655960028551036,1.766671957450264,3.6072639922176695,0.057365149802423465,1,0.17416131334760887,0.7516059957173448,0.24839400428265523,0.39257673090649536,0.19967880085653106,0.14972461548572677,0.23153104925053533,0.402719320861686,0.33768736616702355,0.4307815845824411,0.4749023558549708,0.6181299072091363,0.15703069236259815
746916,2026-02-22 18:30:00+00:00,2,22,2026,6418,1. FC Heidenheim 1846,3,134,VfB Stuttgart,3,Voith-Arena,0,2025-2026,0.20588235294117646,-1.0588235294117647,0.1,-1.2,0.5,0.47058823529411764,0.6,0.8,0,0,0,0.7941176470588236,0.5,0.6764705882352942,0.42156862745098034,0.9300998573466477,0.19329529243937232,0.56169757489301,6,3.1654778887303854,1.7660468785715477,3.606989608373272,0.6006932835326433,0,0.8067047075606277,1.0,0.0,0.8951497860199714,0.15,0.4278495007132668,0.1842546362339515,0.9267431359521042,0.306169757489301,0.5095756062767476,0.3969079047157694,0.4144079885877318,0.9165477888730386
746929,2026-02-27 19:30:00+00:00,2,27,2026,3841,FC Augsburg,2,122,FC Cologne,0,WWK Arena,0,2025-2026,0.3235294117647059,-0.6176470588235294,0.4,-0.3,0.23529411764705882,-0.5,0.2,-0.7,0,0,0,0.6764705882352942,0.7647058823529411,0.6029411764705883,0.5833333333333333,0.5552387740555952,0.7997148966500356,0.6774768353528153,2,3.1674982181040625,1.767038093109592,3.6092577413814606,0.33945866028202054,2,0.4447612259444048,0.42908054169636495,0.570919458303635,0.16535994297933002,0.264183891660727,0.23721284804123535,0.20162152530292232,0.3017311755568511,0.31774768353528154,0.48063079116179613,0.5754667355939589,0.8153955808980755,0.05773342836778332
746925,2026-02-28 14:30:00+00:00,2,28,2026,131,Bayer Leverkusen,1,2950,Mainz,1,BayArena,0,2025-2026,0.5294117647058824,0.6470588235294118,0.5,0.4,0.23529411764705882,-0.38235294117647056,0.4,0.1,0,0,0,0.47058823529411764,0.7647058823529411,0.3921568627450981,0.5637254901960784,0.21606254442075337,0.5522388059701493,0.3841506751954513,2,3.1627576403695805,1.7669577692836846,3.604497082690502,0.3378631984302609,0,0.7839374555792467,1.0,0.0,0.16631130063965885,0.15,0.4181734186211798,0.1576226012793177,0.6075816773579559,0.28841506751954515,0.5539623312011371,0.26605987977689105,0.10945273631840796,0.6453447050461976
746927,2026-02-28 14:30:00+00:00,2,28,2026,268,Borussia Mönchengladbach,1,598,1. FC Union Berlin,0,BORUSSIA-PARK,0,2025-2026,0.23529411764705882,-0.4411764705882353,0.1,-1.1,0.3235294117647059,-0.23529411764705882,0.3,-0.2,0,0,0,0.7647058823529411,0.6764705882352942,0.5735294117647058,0.5392156862745099,0.8748221906116643,0.581081081081081,0.7279516358463727,1,3.1642958748221908,1.7666438118498526,3.605956827784654,0.6630914522963745,1,0.41891891891891897,0.751778093883357,0.24822190611664297,0.05263157894736842,0.1996443812233286,0.24767761716196998,0.20919274537695592,0.2989217311523689,0.3227951635846373,0.46801209103840674,0.5595289193993733,0.7887624466571835,0.05689900426742532
746932,2026-02-28 14:30:00+00:00,2,28,2026,7911,TSG Hoffenheim,0,270,St. Pauli,1,PreZero Arena,0,2025-2026,0.47058823529411764,0.38235294117647056,0.7,1.3,0.20588235294117646,-0.6470588235294118,0.3,-0.4,0,0,0,0.5294117647058824,0.7941176470588236,0.4362745098039216,0.607843137254902,0.1396011396011396,0.7350427350427351,0.43732193732193736,1,3.1666666666666665,1.7666830286542201,3.6083374238302217,0.6637445015173917,1,0.8603988603988604,0.7514245014245015,0.24857549857549854,0.05270655270655271,0.1997150997150997,0.42431059812826194,0.16559829059829062,0.5104883332199059,0.2937321937321937,0.5406695156695156,0.41937622139345565,0.4722222222222222,0.38817663817663817
746931,2026-02-28 14:30:00+00:00,2,28,2026,137,Werder Bremen,2,6418,1. FC Heidenheim 1846,0,Weserstadion,0,2025-2026,0.29411764705882354,-0.35294117647058826,0.0,-1.5,0.20588235294117646,-1.0588235294117647,0.0,-1.3,0,0,0,0.7058823529411764,0.7941176470588236,0.5588235294117647,0.6764705882352942,0.9224199288256227,0.9516014234875445,0.9370106761565836,2,3.1651245551601424,1.7669994653489096,3.60687442149737,0.33865935413195614,2,0.07758007117437726,0.4291814946619217,0.5708185053380783,0.16583629893238433,0.26416370106761566,0.1021267461151708,0.24055160142348755,0.16941679511048316,0.3437010676156584,0.4157473309608541,0.6672156673668828,0.898932384341637,0.0028469750889679717
746926,2026-02-28 17:30:00+00:00,2,28,2026,124,Borussia Dortmund,2,132,Bayern Munich,3,Signal Iduna Park,0,2025-2026,0.6764705882352942,1.2352941176470589,0.7,1.5,0.7647058823529411,2.3823529411764706,0.7,2.4,0,0,0,0.32352941176470584,0.23529411764705888,0.2941176470588235,0.1029411764705882,0.06321022727272728,0.019176136363636364,0.04119318181818182,5,3.1619318181818183,1.7666015353460294,3.603582202018326,0.268317797030574,1,0.9808238636363636,0.7514204545454546,0.24857954545454541,0.7883522727272727,0.19971590909090908,0.4724972761169938,0.10617897727272728,0.8093417279868982,0.2541193181818182,0.6397017045454545,0.11800992250237467,0.011363636363636364,0.8707386363636364
746933,2026-03-01 14:30:00+00:00,3,1,2026,134,VfB Stuttgart,4,138,VfL Wolfsburg,0,MHPArena,0,2025-2026,0.5,0.47058823529411764,0.6,1.3,0.20588235294117646,-0.6764705882352942,0.2,-1.0,0,0,0,0.5,0.7941176470588236,0.42156862745098034,0.6127450980392157,0.15755855216465578,0.8552164655784245,0.5063875088715402,4,3.163236337828247,1.7666528368503376,3.6048995470408314,0.02469809645015253,4,0.8424414478353442,0.09155429382540808,0.9084457061745919,0.5968772178850248,0.3316891412349184,0.348337469607577,0.17595812633073105,0.5023052977336316,0.300638750887154,0.523403122782115,0.5425046166096524,0.7579843860894251,0.37757274662881474
746928,2026-03-01 16:30:00+00:00,3,1,2026,125,Eintracht Frankfurt,2,126,SC Freiburg,0,Deutsche Bank Park,0,2025-2026,0.38235294117647056,0.08823529411764706,0.2,-0.2,0.38235294117647056,-0.14705882352941177,0.5,-0.1,0,0,0,0.6176470588235294,0.6176470588235294,0.48529411764705876,0.5245098039215685,0.5602836879432624,0.40070921985815605,0.4804964539007093,2,3.1638297872340426,1.7661663943524823,3.6053713858221634,0.33840552325023154,2,0.5992907801418439,0.42907801418439717,0.5709219858156028,0.16595744680851063,0.2641843971631206,0.29406531361601523,0.1720744680851064,0.35781198441007683,0.29804964539007095,0.5298758865248226,0.4829975303107531,0.6375886524822695,0.10283687943262411
746930,2026-03-01 18:30:00+00:00,3,1,2026,127,Hamburg SV,1,11420,RB Leipzig,2,Volksparkstadion,0,2025-2026,0.2727272727272727,-0.3181818181818182,0.3,0.0,0.4411764705882353,0.29411764705882354,0.3,-0.3,0,0,0,0.7272727272727273,0.5588235294117647,0.553030303030303,0.4509803921568628,0.5861091424521616,0.4500354358610914,0.5180722891566265,3,3.163004961020553,1.7658118216098415,3.604457916423013,0.05690534483736642,1,0.5499645641389086,0.7519489723600283,0.24805102763997167,0.3940467753366407,0.19961020552799433,0.3001319916762142,0.17771084337349397,0.5325874564228539,0.30180722891566264,0.5204819277108435,0.35462355385902067,0.2905740609496811,0.4443656980864635
746866,2026-03-04 19:30:00+00:00,3,4,2026,127,Hamburg SV,0,131,Bayer Leverkusen,1,Volksparkstadion,0,2025-2026,0.2608695652173913,-0.34782608695652173,0.2,-0.2,0.5,0.5882352941176471,0.5,0.6,0,0,0,0.7391304347826086,0.5,0.5579710144927537,0.4019607843137255,0.6968838526912181,0.2301699716713881,0.4635269121813031,1,3.1628895184135977,1.765191310308278,3.6041873459906673,0.6631964820299321,1,0.7698300283286119,0.7521246458923513,0.24787535410764872,0.05240793201133145,0.19957507082152975,0.38813806587004146,0.16952903682719547,0.4671741896755032,0.2963526912181303,0.5341182719546742,0.4334677824409312,0.5070821529745042,0.28611898016997167
746935,2026-03-06 19:30:00+00:00,3,6,2026,132,Bayern Munich,4,268,Borussia Mönchengladbach,1,Allianz Arena,0,2025-2026,0.7647058823529411,2.3529411764705883,0.8,2.5,0.23529411764705882,-0.5,0.2,-0.8,0,0,0,0.23529411764705888,0.7647058823529411,0.10784313725490191,0.5833333333333333,0.010615711252653927,0.8089171974522293,0.40976645435244163,5,3.1613588110403397,1.7655040030029787,3.6027348117910845,0.2688797232233553,3,0.9893842887473461,0.20311394196744514,0.7968860580325549,0.7883934890304317,0.309377211606511,0.4107079469830494,0.16146496815286626,0.6101965010200051,0.29097664543524415,0.5475583864118896,0.49966094645858283,0.6786978060863411,0.6518046709129511
746939,2026-03-07 14:30:00+00:00,3,7,2026,6418,1. FC Heidenheim 1846,2,7911,TSG Hoffenheim,4,Voith-Arena,0,2025-2026,0.20588235294117646,-1.0294117647058822,0.0,-1.4,0.4411764705882353,0.3235294117647059,0.6,0.9,0,0,0,0.7941176470588236,0.5588235294117647,0.6715686274509804,0.446078431372549,0.9505998588567396,0.21524347212420608,0.5829216654904729,6,3.165137614678899,1.765439918561042,3.6064975943191593,0.6010960381310451,2,0.784756527875794,0.42836979534227243,0.5716302046577275,0.89484827099506,0.2643260409315455,0.36222986679044505,0.18743824982357093,0.6967757203007725,0.3082921665490473,0.5042695836273818,0.5828471691662324,0.8306280875088214,0.7805222300635145
746936,2026-03-07 14:30:00+00:00,3,7,2026,2950,Mainz,2,134,VfB Stuttgart,2,MEWA ARENA,0,2025-2026,0.20588235294117646,-0.4117647058823529,0.4,0.1,0.5294117647058824,0.6470588235294118,0.6,1.3,0,0,0,0.7941176470588236,0.47058823529411764,0.5686274509803921,0.3921568627450981,0.5671852899575672,0.15063649222065065,0.35891089108910895,4,3.1626591230551626,1.765556355358598,3.604048211894812,0.024833745602338975,0,0.8493635077793493,1.0,0.0,0.5968882602545968,0.15,0.44597949080622346,0.15383663366336636,0.8145391158129756,0.2858910891089109,0.5602722772277228,0.20490816209704252,0.04950495049504951,0.8776520509193777
746942,2026-03-07 14:30:00+00:00,3,7,2026,11420,RB Leipzig,2,3841,FC Augsburg,1,Red Bull Arena,0,2025-2026,0.47058823529411764,0.35294117647058826,0.4,0.0,0.35294117647058826,-0.5588235294117647,0.5,0.0,0,0,0,0.5294117647058824,0.6470588235294117,0.4411764705882353,0.5931372549019607,0.3371024734982332,0.4416961130742049,0.38939929328621903,3,3.163250883392226,1.7650723017787793,3.604518958836921,0.05696282322720725,1,0.6628975265017668,0.7519434628975264,0.24805653710247355,0.39363957597173144,0.1996113074204947,0.3453267115334191,0.15840989399293287,0.5711184105121215,0.2889399293286219,0.5526501766784453,0.2958985013219421,0.1618374558303887,0.5321554770318021
746934,2026-03-07 14:30:00+00:00,3,7,2026,126,SC Freiburg,3,131,Bayer Leverkusen,3,Europa-Park Stadion,0,2025-2026,0.38235294117647056,-0.20588235294117646,0.5,-0.3,0.5,0.5294117647058824,0.5,0.5,0,0,0,0.6176470588235294,0.5,0.5343137254901962,0.4117647058823529,0.3990112994350282,0.2401129943502825,0.3195621468926554,6,3.163135593220339,1.764453824534937,3.6042490493540735,0.602194307740255,0,0.7598870056497176,1.0,0.0,0.8954802259887006,0.15,0.40795197740112993,0.1479343220338983,0.9177802914232819,0.2819562146892655,0.5701094632768362,0.2712706106967926,0.1193502824858757,0.9152542372881356
746940,2026-03-07 14:30:00+00:00,3,7,2026,138,VfL Wolfsburg,1,127,Hamburg SV,2,Volkswagen Arena,0,2025-2026,0.17647058823529413,-0.8235294117647058,0.1,-1.6,0.25,-0.375,0.2,0.0,0,0,0,0.8235294117647058,0.75,0.6372549019607843,0.5625,0.9435825105782792,0.6960507757404796,0.8198166431593794,3,3.1671368124118477,1.7664218056238645,3.6087422638178137,0.05765240752812084,1,0.3039492242595204,0.7517630465444288,0.24823695345557117,0.3928067700987306,0.19964739069111423,0.20166853829764803,0.2229724964739069,0.44745678051228666,0.33198166431593795,0.4450458392101551,0.46012100414049306,0.5754583921015515,0.24188998589562766
746938,2026-03-07 17:30:00+00:00,3,7,2026,122,FC Cologne,1,124,Borussia Dortmund,2,RheinEnergieStadion,0,2025-2026,0.23529411764705882,-0.5,0.2,-0.7,0.6470588235294118,1.1470588235294117,0.7,1.4,0,0,0,0.7647058823529411,0.3529411764705882,0.5833333333333333,0.30882352941176483,0.7822410147991543,0.07258632840028188,0.4274136715997181,3,3.1670190274841437,1.765804413295218,3.608470130807948,0.05764148957805992,1,0.9274136715997181,0.751937984496124,0.24806201550387597,0.39252995066948554,0.1996124031007752,0.4511839596615151,0.16411205073995772,0.6614585154199162,0.2927413671599718,0.5431465821000705,0.31422595149365296,0.20014094432699084,0.7343199436222692
746941,2026-03-08 14:30:00+00:00,3,8,2026,270,St. Pauli,0,125,Eintracht Frankfurt,0,Millerntor-Stadion,0,2025-2026,0.23529411764705882,-0.5588235294117647,0.3,-0.4,0.4117647058823529,0.23529411764705882,0.2,-0.1,0,0,0,0.7647058823529411,0.5882352941176471,0.5931372549019607,0.4607843137254902,0.6915492957746479,0.5246478873239436,0.6080985915492958,0,3.166901408450704,1.7651876678148073,3.608198325404406,0.8762073358691662,0,0.47535211267605637,1.0,0.0,0.0,0.15,0.28702464788732396,0.1912147887323944,0.3583274647887324,0.3108098591549296,0.497975352112676,0.4703619108599797,0.6028169014084507,0.1028169014084507
746937,2026-03-08 16:30:00+00:00,3,8,2026,598,1. FC Union Berlin,1,137,Werder Bremen,4,Stadion An der Alten Försterei,0,2025-2026,0.3235294117647059,-0.23529411764705882,0.2,-0.5,0.3235294117647059,-0.2647058823529412,0.1,-0.9,0,0,0,0.6764705882352942,0.6764705882352942,0.5392156862745099,0.5441176470588236,0.6727656579873329,0.8029556650246306,0.7378606615059817,5,3.164672765657987,1.766564775951055,3.606313959645751,0.2674332731049409,3,0.3272343420126671,0.20267417311752287,0.7973258268824771,0.7874736101337086,0.30946516537649543,0.18203683958477462,0.21067909922589728,0.5385905476064913,0.3237860661505982,0.4655348346235045,0.6580054350367093,0.896551724137931,0.45038705137227303
746944,2026-03-13 19:30:00+00:00,3,13,2026,268,Borussia Mönchengladbach,2,270,St. Pauli,0,BORUSSIA-PARK,0,2025-2026,0.23529411764705882,-0.5294117647058824,0.2,-0.9,0.23529411764705882,-0.5588235294117647,0.3,-0.4,0,0,0,0.7647058823529411,0.7647058823529411,0.588235294117647,0.5931372549019607,0.8066104078762306,0.7018284106891702,0.7542194092827004,2,3.1659634317862166,1.7666136354263613,3.607616840642807,0.3390315642346883,2,0.29817158931082977,0.4282700421940928,0.5717299578059072,0.1659634317862166,0.26434599156118144,0.1832409632834244,0.21313291139240506,0.24897744424628648,0.32542194092827004,0.4614451476793249,0.6063431435943654,0.8551336146272855,0.02461322081575246
746950,2026-03-14 14:30:00+00:00,3,14,2026,131,Bayer Leverkusen,1,132,Bayern Munich,1,BayArena,0,2025-2026,0.5,0.5882352941176471,0.4,0.3,0.7941176470588235,2.4705882352941178,0.8,2.4,0,0,0,0.5,0.20588235294117652,0.4019607843137255,0.08823529411764708,0.2796907940969782,0.009135628952916374,0.1444132115249473,2,3.165144061841181,1.7662628201477737,3.606709766878124,0.33883139098288695,0,0.9908643710470836,1.0,0.0,0.16584680252986647,0.15,0.5061173576950105,0.1216619817287421,0.7117788500238774,0.26444132115249475,0.6138966971187632,0.12987769207436273,0.015460295151089248,0.797610681658468
746951,2026-03-14 14:30:00+00:00,3,14,2026,124,Borussia Dortmund,2,3841,FC Augsburg,0,Signal Iduna Park,0,2025-2026,0.6764705882352942,1.2058823529411764,0.7,1.3,0.3235294117647059,-0.6176470588235294,0.5,-0.1,0,0,0,0.32352941176470584,0.6764705882352942,0.2990196078431372,0.6029411764705883,0.0702247191011236,0.4691011235955056,0.2696629213483146,2,3.164325842696629,1.7659120487400948,3.605803854881653,0.33863153290863357,2,0.9297752808988764,0.42837078651685395,0.571629213483146,0.16573033707865167,0.2643258426966292,0.41557323885873,0.1404494382022472,0.4768335029403775,0.2769662921348315,0.5825842696629213,0.36298400837783795,0.3160112359550562,0.31741573033707865
746943,2026-03-14 14:30:00+00:00,3,14,2026,125,Eintracht Frankfurt,1,6418,1. FC Heidenheim 1846,0,Deutsche Bank Park,0,2025-2026,0.4117647058823529,0.2647058823529412,0.2,-0.1,0.20588235294117646,-1.088235294117647,0.0,-1.2,0,0,0,0.5882352941176471,0.7941176470588236,0.4558823529411765,0.6813725490196079,0.512280701754386,0.9501754385964912,0.7312280701754386,1,3.1635087719298247,1.7655613217890311,3.6048991023770824,0.6632431638326692,1,0.487719298245614,0.751578947368421,0.248421052631579,0.05263157894736842,0.1996842105263158,0.2751963065558633,0.2096842105263158,0.33185946095154784,0.32312280701754387,0.4671929824561403,0.560966750004709,0.7908771929824562,0.08210526315789474
746947,2026-03-14 14:30:00+00:00,3,14,2026,7911,TSG Hoffenheim,1,138,VfL Wolfsburg,1,PreZero Arena,0,2025-2026,0.47058823529411764,0.38235294117647056,0.7,1.1,0.17647058823529413,-0.8529411764705882,0.1,-1.6,0,0,0,0.5294117647058824,0.8235294117647058,0.4362745098039216,0.642156862745098,0.1514726507713885,0.9446002805049089,0.5480364656381487,2,3.161991584852735,1.7658713755584943,3.603459428742359,0.33784578344813543,0,0.8485273492286115,1.0,0.0,0.1661991584852735,0.15,0.4456241234221599,0.1822054698457223,0.6401101562054335,0.30480364656381487,0.5129908835904629,0.3426950604560719,0.26227208976157085,0.7054698457223001
746949,2026-03-14 17:30:00+00:00,3,14,2026,127,Hamburg SV,1,122,FC Cologne,1,Volksparkstadion,0,2025-2026,0.28,-0.32,0.3,0.1,0.23529411764705882,-0.5294117647058824,0.2,-0.7,0,0,0,0.72,0.7647058823529411,0.5533333333333332,0.588235294117647,0.5704274702172389,0.8016818500350386,0.6860546601261388,2,3.161177295024527,1.7655200836011817,3.6025573159248223,0.33764720276633897,0,0.42957252978276106,1.0,0.0,0.16608269096005607,0.15,0.2675683251576734,0.20290819901892082,0.4287360244832735,0.31860546601261386,0.4784863349684654,0.39677916572888655,0.4141555711282411,0.2025227750525578
746946,2026-03-15 14:30:00+00:00,3,15,2026,137,Werder Bremen,0,2950,Mainz,2,Weserstadion,0,2025-2026,0.3235294117647059,-0.23529411764705882,0.2,-0.6,0.17647058823529413,-0.47058823529411764,0.4,0.1,0,0,0,0.6764705882352942,0.8235294117647058,0.5392156862745099,0.5784313725490196,0.6876750700280112,0.6015406162464986,0.6446078431372548,2,3.160364145658263,1.7651688391155724,3.6016563554371563,0.33744893356278594,2,0.39845938375350143,0.42787114845938373,0.5721288515406162,0.16596638655462184,0.26442577030812325,0.22010565010317856,0.19669117647058823,0.2850902443143457,0.3144607843137255,0.4888480392156863,0.5614005953058827,0.7913165266106442,0.04551820728291316
746945,2026-03-15 16:30:00+00:00,3,15,2026,126,SC Freiburg,0,598,1. FC Union Berlin,1,Europa-Park Stadion,0,2025-2026,0.38235294117647056,-0.20588235294117646,0.4,-0.4,0.29411764705882354,-0.35294117647058826,0.1,-0.9,0,0,0,0.6176470588235294,0.7058823529411764,0.5343137254901962,0.5588235294117647,0.4814555633310007,0.827851644506648,0.6546536039188244,1,3.159552134359692,1.7648176426704656,3.6007565450273082,0.6623852203271801,1,0.5185444366689993,0.7508747375787264,0.24912526242127364,0.052484254723582924,0.19982505248425472,0.2874806284496736,0.19819804058782367,0.3463884899561147,0.31546536039188244,0.4863365990202939,0.52825585074189,0.7291812456263121,0.09307207837648705
746948,2026-03-15 18:30:00+00:00,3,15,2026,134,VfB Stuttgart,1,11420,RB Leipzig,0,MHPArena,0,2025-2026,0.5294117647058824,0.6470588235294118,0.6,1.3,0.5,0.38235294117647056,0.5,0.3,0,0,0,0.47058823529411764,0.5,0.3921568627450981,0.4362745098039216,0.13916083916083916,0.26433566433566436,0.20174825174825176,1,3.158041958041958,1.7651240928951033,3.599322981265734,0.6618536253768157,1,0.8608391608391608,0.7510489510489511,0.24895104895104891,0.05244755244755245,0.19979020979020978,0.42444694117071735,0.13026223776223778,0.5104755082147057,0.27017482517482516,0.5995629370629371,0.27443561480556744,0.12797202797202797,0.3902097902097902
746956,2026-03-20 19:30:00+00:00,3,20,2026,11420,RB Leipzig,5,7911,TSG Hoffenheim,0,Red Bull Arena,0,2025-2026,0.47058823529411764,0.29411764705882354,0.4,0.0,0.47058823529411764,0.4117647058823529,0.6,0.7,0,0,0,0.5294117647058824,0.5294117647058824,0.4509803921568628,0.43137254901960786,0.33962264150943394,0.21174004192872117,0.27568134171907754,5,3.156533892382949,1.7654287714114723,3.597891085235817,0.27048784006267956,5,0.7882599580712788,0.03494060097833683,0.9650593990216632,0.7882599580712788,0.3430118798043327,0.32463752605894924,0.14135220125786163,0.5437042256523079,0.27756813417190773,0.5810796645702306,0.46629660993224253,0.5904961565338924,0.46540880503144655
746952,2026-03-21 14:30:00+00:00,3,21,2026,6418,1. FC Heidenheim 1846,3,131,Bayer Leverkusen,3,Voith-Arena,0,2025-2026,0.17647058823529413,-1.1764705882352942,0.0,-1.3,0.47058823529411764,0.5588235294117647,0.4,0.6,0,0,0,0.8235294117647058,0.5294117647058824,0.696078431372549,0.4068627450980392,0.9567039106145251,0.2849162011173184,0.6208100558659218,6,3.1578212290502794,1.7654840395609739,3.599192238940523,0.603312720566088,0,0.7150837988826816,1.0,0.0,0.8952513966480447,0.15,0.3889106145251397,0.19312150837988828,0.9089641006834993,0.3120810055865922,0.49479748603351953,0.42368791756728386,0.47835195530726254,0.9127094972067039
746954,2026-03-21 14:30:00+00:00,3,21,2026,132,Bayern Munich,4,598,1. FC Union Berlin,0,Allianz Arena,0,2025-2026,0.7941176470588235,2.4705882352941178,0.7,1.7,0.3235294117647059,-0.3235294117647059,0.2,-0.8,0,0,0,0.20588235294117652,0.6764705882352942,0.08823529411764708,0.553921568627451,0.022330774598743892,0.7292393579902303,0.3757850662944871,4,3.159804605722261,1.7664638052341266,3.6014205570307927,0.025134736329861407,4,0.9776692254012561,0.09141660851360782,0.9085833914863922,0.59804605722261,0.33171667829727847,0.3935083509091113,0.15636775994417307,0.5246104746920479,0.2875785066294487,0.5560537334263782,0.4741760063675929,0.6147941381716678,0.4263782274947662
746959,2026-03-21 14:30:00+00:00,3,21,2026,122,FC Cologne,3,268,Borussia Mönchengladbach,3,RheinEnergieStadion,0,2025-2026,0.23529411764705882,-0.4117647058823529,0.2,-0.7,0.23529411764705882,-0.5294117647058824,0.2,-1.1,0,0,0,0.7647058823529411,0.7647058823529411,0.5686274509803921,0.588235294117647,0.7740585774058577,0.8451882845188284,0.8096234309623431,6,3.1603905160390515,1.7659867294572142,3.601887198403355,0.6022800938363838,0,0.2259414225941423,1.0,0.0,0.8947001394700139,0.15000000000000002,0.1810251046025105,0.22144351464435147,0.8134482502057038,0.3309623430962343,0.4475941422594143,0.49575372591417277,0.6701534170153417,0.8765690376569037
746960,2026-03-21 14:30:00+00:00,3,21,2026,138,VfL Wolfsburg,0,137,Werder Bremen,1,Volkswagen Arena,0,2025-2026,0.17647058823529413,-0.8235294117647058,0.1,-0.9,0.3235294117647059,-0.23529411764705882,0.2,-0.5,0,0,0,0.8235294117647058,0.6764705882352942,0.6372549019607843,0.5392156862745099,0.9191637630662021,0.6822299651567945,0.8006968641114982,1,3.162369337979094,1.7669616232784109,3.6041097437986966,0.6624397538678246,1,0.31777003484320554,0.7505226480836237,0.24947735191637632,0.05226480836236934,0.19989547038327526,0.20713507508892906,0.22010452961672472,0.24997179056106952,0.3300696864111498,0.4498257839721254,0.5883249963611958,0.8362369337979094,0.025087108013937282
746957,2026-03-21 17:30:00+00:00,3,21,2026,124,Borussia Dortmund,3,127,Hamburg SV,2,Signal Iduna Park,0,2025-2026,0.7058823529411765,1.3235294117647058,0.8,1.5,0.2692307692307692,-0.3076923076923077,0.3,0.2,0,0,0,0.2941176470588235,0.7307692307692308,0.27941176470588236,0.5512820512820513,0.04317548746518106,0.58008356545961,0.31162952646239556,5,3.1608635097493036,1.7672673307372662,3.60268034243362,0.2684407162856295,1,0.9568245125348189,0.7506963788300836,0.24930362116991645,0.786908077994429,0.1998607242339833,0.46281036382399265,0.14674442896935935,0.8041085499959919,0.2811629526462396,0.5720926183844011,0.28776807361675666,0.14972144846796656,0.8607242339832869
746958,2026-03-22 14:30:00+00:00,3,22,2026,2950,Mainz,2,125,Eintracht Frankfurt,1,MEWA ARENA,0,2025-2026,0.20588235294117646,-0.4117647058823529,0.5,0.3,0.4117647058823529,0.23529411764705882,0.3,0.0,0,0,0,0.7941176470588236,0.5882352941176471,0.5686274509803921,0.4607843137254902,0.47947112038970074,0.44467640918580376,0.46207376478775225,3,3.1621433542101602,1.7673179320735046,3.6039728372285365,0.05672269381150863,1,0.5553235908141962,0.7508698677800975,0.24913013221990254,0.39526791927627003,0.1998260264439805,0.30219513949119814,0.16931106471816285,0.5347123885609727,0.2962073764787752,0.534481558803062,0.33036786863533385,0.22894919972164232,0.4474599860821155
746955,2026-03-22 16:30:00+00:00,3,22,2026,270,St. Pauli,1,126,SC Freiburg,2,Millerntor-Stadion,0,2025-2026,0.20588235294117646,-0.6470588235294118,0.3,-0.5,0.38235294117647056,-0.23529411764705882,0.3,-0.6,0,0,0,0.7941176470588236,0.6176470588235294,0.607843137254902,0.5392156862745099,0.7301808066759388,0.5855354659248957,0.6578581363004172,3,3.1620305980528514,1.766708066108136,3.603707614579885,0.05671232960179762,1,0.4144645340751043,0.7510431154381085,0.24895688456189147,0.3949930458970793,0.1997913769123783,0.24584990937420811,0.19867872044506257,0.48641815866004257,0.3157858136300417,0.48553546592489566,0.40929804215002763,0.44367176634214184,0.33588317107093185
746953,2026-03-22 18:30:00+00:00,3,22,2026,3841,FC Augsburg,2,134,VfB Stuttgart,5,WWK Arena,0,2025-2026,0.29411764705882354,-0.7058823529411765,0.5,0.1,0.5588235294117647,0.7058823529411765,0.6,1.1,0,0,0,0.7058823529411764,0.4411764705882353,0.6176470588235294,0.38235294117647056,0.47463516330785266,0.1487143849895761,0.31167477414871436,7,3.161917998610146,1.7660988310094052,3.603442706362497,0.8426597762449521,3,0.8512856150104239,0.20222376650451704,0.797776233495483,0.9596942321056289,0.3095552466990966,0.36292731855233035,0.14675121612230715,0.6512290509332181,0.2811674774148714,0.5720813064628214,0.5262733900412617,0.7261987491313412,0.7199444058373871
746962,2026-04-04 13:30:00+00:00,4,4,2026,131,Bayer Leverkusen,6,138,VfL Wolfsburg,3,BayArena,0,2025-2026,0.4411764705882353,0.5,0.4,0.7,0.17647058823529413,-0.8235294117647058,0.0,-1.1,0,0,0,0.5588235294117647,0.8235294117647058,0.41666666666666663,0.6372549019607843,0.2816608996539792,0.9460207612456747,0.613840830449827,9,3.1653979238754326,1.7663893984791104,3.60699527349521,0.990540929063327,3,0.7183391003460208,0.20207612456747404,0.797923875432526,0.9965397923875432,0.30958477508650517,0.3170176482561272,0.19207612456747403,0.658554090115703,0.3113840830449827,0.49653979238754326,0.7435164556817594,0.9183391003460207,0.7321799307958478
746963,2026-04-04 13:30:00+00:00,4,4,2026,268,Borussia Mönchengladbach,2,6418,1. FC Heidenheim 1846,2,BORUSSIA-PARK,0,2025-2026,0.20588235294117646,-0.5588235294117647,0.2,-0.7,0.14705882352941177,-1.2058823529411764,0.0,-1.2,0,0,0,0.7941176470588236,0.8529411764705882,0.5931372549019607,0.7009803921568627,0.8088642659279779,0.9549861495844876,0.8819252077562327,4,3.164819944598338,1.766864654994355,3.6065361083469267,0.024490635317302,0,0.1911357340720221,1.0,0.0,0.5976454293628809,0.15,0.1662326869806094,0.2322887811634349,0.6035534564651899,0.3381925207756233,0.42951869806094184,0.384492266850357,0.3871191135734072,0.6239612188365651
746969,2026-04-04 13:30:00+00:00,4,4,2026,127,Hamburg SV,1,3841,FC Augsburg,1,Volksparkstadion,0,2025-2026,0.25925925925925924,-0.3333333333333333,0.3,0.1,0.29411764705882354,-0.7941176470588235,0.5,-0.2,0,0,0,0.7407407407407407,0.7058823529411764,0.5555555555555556,0.6323529411764706,0.5855855855855856,0.5273735273735274,0.5564795564795565,2,3.1656271656271655,1.7672108122894916,3.6074298686995383,0.3387829771762204,0,0.4726264726264726,1.0,0.0,0.16632016632016633,0.15,0.28586625086625084,0.18347193347193347,0.45058704074296585,0.30564795564795566,0.5108801108801109,0.3464515053666898,0.27373527373527373,0.2467082467082467
746966,2026-04-04 13:30:00+00:00,4,4,2026,126,SC Freiburg,2,132,Bayern Munich,3,Europa-Park Stadion,0,2025-2026,0.4117647058823529,-0.17647058823529413,0.4,-0.3,0.7941176470588235,2.5588235294117645,0.7,1.9,0,0,0,0.5882352941176471,0.20588235294117652,0.5294117647058822,0.07352941176470595,0.4445214979195562,0.02011095700416089,0.23231622746185854,5,3.164355062413315,1.767162859885137,3.606145777384599,0.2673339668093112,1,0.9798890429958391,0.7517337031900139,0.24826629680998613,0.7864077669902912,0.19965325936199724,0.472160174938106,0.1348474341192788,0.8086652223405629,0.27323162274618584,0.5919209431345354,0.24139634309242333,0.08183079056865465,0.8682385575589459
746968,2026-04-04 13:30:00+00:00,4,4,2026,7911,TSG Hoffenheim,1,2950,Mainz,2,PreZero Arena,0,2025-2026,0.47058823529411764,0.2647058823529412,0.5,0.1,0.23529411764705882,-0.3235294117647059,0.5,0.3,0,0,0,0.5294117647058824,0.7647058823529411,0.4558823529411765,0.553921568627451,0.28591256072172105,0.45454545454545453,0.3702290076335878,3,3.1644691186675917,1.767771042175038,3.6064118792113513,0.057139921581399356,1,0.714087439278279,0.7515614156835531,0.24843858431644694,0.3941707147814018,0.1996877168632894,0.3657777027576944,0.15553435114503816,0.5887797046455163,0.2870229007633588,0.557442748091603,0.2865762591981844,0.14712005551700208,0.5787647467036781
746967,2026-04-04 13:30:00+00:00,4,4,2026,137,Werder Bremen,1,11420,RB Leipzig,2,Weserstadion,0,2025-2026,0.3235294117647059,-0.29411764705882354,0.3,-0.4,0.5,0.47058823529411764,0.5,0.9,0,0,0,0.6764705882352942,0.5,0.5490196078431373,0.42156862745098034,0.5916666666666667,0.22013888888888888,0.4059027777777778,3,3.1645833333333333,1.7683798527700738,3.606678296525852,0.05715045200777069,1,0.7798611111111111,0.7513888888888889,0.24861111111111112,0.39444444444444443,0.19972222222222222,0.39208053626543204,0.16088541666666667,0.6113716867873371,0.2905902777777778,0.5485243055555555,0.30408618542400484,0.17708333333333334,0.6541666666666667
746964,2026-04-04 16:30:00+00:00,4,4,2026,134,VfB Stuttgart,0,124,Borussia Dortmund,2,MHPArena,0,2025-2026,0.5882352941176471,0.8235294117647058,0.6,1.3,0.7058823529411765,1.2941176470588236,0.8,1.3,0,0,0,0.4117647058823529,0.2941176470588235,0.36274509803921573,0.28431372549019607,0.12378976486860305,0.04564315352697095,0.084716459197787,2,3.169432918395574,1.7724318982418599,3.612540892956039,0.338905815372901,2,0.9543568464730291,0.4260027662517289,0.573997233748271,0.16597510373443983,0.2647994467496542,0.4243418960876478,0.11270746887966805,0.4850787843869719,0.2584716459197787,0.6288208852005532,0.23983070526340433,0.08160442600276625,0.330567081604426
746961,2026-04-05 13:30:00+00:00,4,5,2026,598,1. FC Union Berlin,1,270,St. Pauli,1,Stadion An der Alten Försterei,0,2025-2026,0.29411764705882354,-0.47058823529411764,0.2,-1.2,0.20588235294117646,-0.6470588235294118,0.3,-0.5,0,0,0,0.7058823529411764,0.7941176470588236,0.5784313725490196,0.607843137254902,0.7961299239806496,0.7463718037318591,0.7712508638562543,2,3.1686247408431236,1.7720856040634203,3.6116461418589787,0.3387090690020721,0,0.2536281962681409,1.0,0.0,0.165860400829302,0.15,0.1927919834139599,0.21568762957843815,0.3398409979133722,0.32712508638562543,0.45718728403593645,0.4256614439665872,0.48306841741534207,0.08638562543192813
746965,2026-04-05 15:30:00+00:00,4,5,2026,125,Eintracht Frankfurt,2,122,FC Cologne,2,Deutsche Bank Park,0,2025-2026,0.38235294117647056,0.17647058823529413,0.3,0.0,0.23529411764705882,-0.4117647058823529,0.2,-0.5,0,0,0,0.6176470588235294,0.7647058823529411,0.47058823529411764,0.5686274509803921,0.457182320441989,0.768646408839779,0.612914364640884,4,3.167817679558011,1.771739352837629,3.6107525177674185,0.023844705441016356,0,0.5428176795580111,1.0,0.0,0.5973756906077348,0.15,0.31569751381215466,0.1919371546961326,0.7162994824257501,0.3112914364640884,0.496771408839779,0.3090550173377061,0.19060773480662985,0.8024861878453039
746974,2026-04-10 18:30:00+00:00,4,10,2026,3841,FC Augsburg,2,7911,TSG Hoffenheim,2,WWK Arena,0,2025-2026,0.29411764705882354,-0.7352941176470589,0.5,-0.2,0.47058823529411764,0.29411764705882354,0.4,-0.2,0,0,0,0.7058823529411764,0.5294117647058824,0.6225490196078431,0.4509803921568628,0.5134575569358178,0.36783988957902003,0.44064872325741894,4,3.168391994478951,1.7712623774500817,3.6112075888414714,0.023802312654630065,0,0.63216011042098,1.0,0.0,0.5969634230503795,0.15,0.35366804692891646,0.16609730848861284,0.7447840851666577,0.2940648723257419,0.5398378191856452,0.24183234585796246,0.08350586611456176,0.8191856452726018
746970,2026-04-11 13:30:00+00:00,4,11,2026,6418,1. FC Heidenheim 1846,3,598,1. FC Union Berlin,1,Voith-Arena,0,2025-2026,0.14705882352941177,-1.1764705882352942,0.0,-1.2,0.2647058823529412,-0.5,0.2,-1.2,0,0,0,0.8529411764705882,0.7352941176470589,0.696078431372549,0.5833333333333333,0.9579310344827586,0.8310344827586207,0.8944827586206896,4,3.168965517241379,1.770785746193066,3.6116619537896457,0.023760009645584446,2,0.16896551724137931,0.42551724137931035,0.5744827586206896,0.596551724137931,0.26489655172413795,0.13561391200951248,0.23417241379310344,0.4600909570708106,0.33944827586206894,0.4263793103448277,0.5819600624727608,0.829655172413793,0.26482758620689656
746973,2026-04-11 13:30:00+00:00,4,11,2026,124,Borussia Dortmund,0,131,Bayer Leverkusen,1,Signal Iduna Park,0,2025-2026,0.7058823529411765,1.2647058823529411,0.8,1.4,0.4411764705882353,0.5588235294117647,0.4,0.9,0,0,0,0.2941176470588235,0.5588235294117647,0.2892156862745098,0.4068627450980392,0.0461750516884907,0.27567195037904896,0.16092350103376982,1,3.1695382494831152,1.770309458750887,3.612115614170837,0.6633024181864993,1,0.9538249483115093,0.7498277050310131,0.25017229496898685,0.051688490696071676,0.20003445899379738,0.46151009950123517,0.12413852515506547,0.5543451672071895,0.266092350103377,0.6097691247415575,0.2470365002002224,0.08959338387319091,0.4879393521709166
746976,2026-04-11 13:30:00+00:00,4,11,2026,11420,RB Leipzig,1,268,Borussia Mönchengladbach,0,Red Bull Arena,0,2025-2026,0.5,0.4411764705882353,0.5,0.7,0.20588235294117646,-0.5588235294117647,0.2,-0.7,0,0,0,0.5,0.7941176470588236,0.42647058823529405,0.5931372549019607,0.22107438016528927,0.821625344352617,0.5213498622589532,1,3.168044077134986,1.7706149658010282,3.610697818585243,0.6627779098313504,1,0.7789256198347108,0.75,0.25,0.05165289256198347,0.2,0.3915702479338843,0.17820247933884298,0.470559388019944,0.3021349862258953,0.5196625344352617,0.4645684040883988,0.587465564738292,0.296831955922865
746978,2026-04-11 13:30:00+00:00,4,11,2026,138,VfL Wolfsburg,1,125,Eintracht Frankfurt,2,Volkswagen Arena,0,2025-2026,0.17647058823529413,-0.8823529411764706,0.0,-1.4,0.38235294117647056,0.23529411764705882,0.3,0.0,0,0,0,0.8235294117647058,0.6176470588235294,0.6470588235294117,0.4607843137254902,0.9511355815554026,0.45973847212663455,0.7054370268410186,3,3.1665519614590503,1.770918740509244,3.609281646586361,0.057467265683344815,1,0.5402615278733655,0.7501720578114246,0.2498279421885754,0.3943565037852719,0.19996558843771503,0.2961173479271829,0.2058155540261528,0.528895645992532,0.32054370268410187,0.4736407432897453,0.4260321484851495,0.48382656572608396,0.4377150722642808
746975,2026-04-11 16:30:00+00:00,4,11,2026,270,St. Pauli,0,132,Bayern Munich,5,Millerntor-Stadion,0,2025-2026,0.20588235294117646,-0.6470588235294118,0.3,-0.5,0.7941176470588235,2.5294117647058822,0.7,1.6,0,0,0,0.7941176470588236,0.20588235294117652,0.607843137254902,0.07843137254901966,0.7297111416781293,0.021320495185694635,0.375515818431912,5,3.1664374140302614,1.770314623159466,3.609016069820128,0.26558677298960875,5,0.9786795048143053,0.035075653370013754,0.9649243466299863,0.7867950481430537,0.34298486932599725,0.3872051344391698,0.1563273727647868,0.5615389041265066,0.2875515818431912,0.556121045392022,0.5278162542025993,0.7303988995873453,0.5116918844566712
746971,2026-04-12 13:30:00+00:00,4,12,2026,122,FC Cologne,3,137,Werder Bremen,1,RheinEnergieStadion,0,2025-2026,0.20588235294117646,-0.4411764705882353,0.1,-0.6,0.29411764705882354,-0.38235294117647056,0.3,-0.4,0,0,0,0.7941176470588236,0.7058823529411764,0.5735294117647058,0.5637254901960784,0.8460481099656357,0.638487972508591,0.7422680412371134,4,3.167697594501718,1.7703584501204972,3.6102872070318424,0.023937911551031865,2,0.361512027491409,0.4254295532646048,0.5745704467353951,0.5965635738831615,0.26491408934707905,0.20637979003554516,0.21134020618556704,0.49897650427797124,0.32422680412371135,0.4644329896907216,0.5360839483954256,0.7491408934707904,0.3663230240549828
746977,2026-04-12 15:30:00+00:00,4,12,2026,134,VfB Stuttgart,4,127,Hamburg SV,0,MHPArena,0,2025-2026,0.5588235294117647,0.6470588235294118,0.6,1.1,0.25,-0.32142857142857145,0.3,0.1,0,0,0,0.4411764705882353,0.75,0.3921568627450981,0.5535714285714286,0.1407967032967033,0.6023351648351648,0.3715659340659341,4,3.168269230769231,1.7698843883382682,3.6107403278537977,0.02389558982507245,4,0.8592032967032968,0.09134615384615384,0.9086538461538461,0.5961538461538461,0.3317307692307693,0.3539164861580727,0.1557348901098901,0.5047556780832426,0.2871565934065934,0.5571085164835166,0.4716498664061406,0.6092032967032966,0.38118131868131866
746972,2026-04-12 17:30:00+00:00,4,12,2026,2950,Mainz,0,126,SC Freiburg,1,MEWA ARENA,0,2025-2026,0.2647058823529412,-0.29411764705882354,0.6,0.5,0.4117647058823529,-0.11764705882352941,0.4,-0.4,0,0,0,0.7352941176470589,0.5882352941176471,0.5490196078431373,0.5196078431372548,0.3466026080988332,0.4557309540150995,0.40116678105696635,1,3.1688400823610157,1.7694106665677483,3.611192749002953,0.6634156476169284,1,0.6533973919011669,0.7508579272477693,0.24914207275223066,0.05147563486616335,0.19982841455044614,0.3414321720480355,0.16017501715854496,0.4105483204376729,0.29011667810569663,0.5497083047357584,0.3990675943946598,0.42141386410432397,0.17638984214138642
746984,2026-04-17 18:30:00+00:00,4,17,2026,270,St. Pauli,1,122,FC Cologne,1,Millerntor-Stadion,0,2025-2026,0.17647058823529413,-0.8235294117647058,0.3,-1.0,0.23529411764705882,-0.3235294117647059,0.2,-0.3,0,0,0,0.8235294117647058,0.7647058823529411,0.6372549019607843,0.553921568627451,0.8237311385459534,0.7338820301783264,0.7788065843621399,2,3.167352537722908,1.7697151027256055,3.6097813134043095,0.33880798247836164,0,0.2661179698216736,1.0,0.0,0.16666666666666666,0.15,0.19810013717421127,0.21682098765432098,0.34666780978509376,0.327880658436214,0.455298353909465,0.4280500372600614,0.4869684499314129,0.09327846364883402
746979,2026-04-18 13:30:00+00:00,4,18,2026,598,1. FC Union Berlin,1,138,VfL Wolfsburg,2,Stadion An der Alten Försterei,0,2025-2026,0.2647058823529412,-0.5588235294117647,0.2,-1.1,0.17647058823529413,-0.8823529411764706,0.0,-1.3,0,0,0,0.7352941176470589,0.8235294117647058,0.5931372549019607,0.6470588235294117,0.8128855380397533,0.9520219328307059,0.8824537354352295,3,3.1665524331734063,1.7693720567279028,3.608895447355382,0.05749401430156598,1,0.18711446196024673,0.750514050719671,0.24948594928032897,0.39410555174777245,0.1998971898560658,0.15486568443087528,0.23236806031528442,0.40792406070426546,0.33824537354352296,0.4293865661411926,0.47666101992818105,0.6244002741603838,0.17135023989033585
746980,2026-04-18 13:30:00+00:00,4,18,2026,131,Bayer Leverkusen,1,3841,FC Augsburg,2,BayArena,0,2025-2026,0.47058823529411764,0.5882352941176471,0.4,0.8,0.2647058823529412,-0.7647058823529411,0.4,-0.3,0,0,0,0.5294117647058824,0.7352941176470589,0.4019607843137255,0.6274509803921569,0.26095890410958905,0.6226027397260274,0.4417808219178082,3,3.1664383561643836,1.768770959052477,3.6086310959275028,0.05748347165736145,1,0.739041095890411,0.7506849315068493,0.24931506849315066,0.3938356164383562,0.19986301369863013,0.3756807562394445,0.16626712328767124,0.5968908444553838,0.2941780821917808,0.5395547945205479,0.32126560077286714,0.21164383561643835,0.6027397260273972
746987,2026-04-18 13:30:00+00:00,4,18,2026,7911,TSG Hoffenheim,2,124,Borussia Dortmund,1,PreZero Arena,0,2025-2026,0.4411764705882353,0.23529411764705882,0.3,-0.4,0.7058823529411765,1.2352941176470589,0.7,1.0,0,0,0,0.5588235294117647,0.2941176470588235,0.4607843137254902,0.2941176470588235,0.45516769336071183,0.07255304585900069,0.26386036960985626,3,3.166324435318275,1.76817047352249,3.6083670536988977,0.05747294080422305,1,0.9274469541409993,0.7508555783709788,0.24914442162902117,0.3935660506502396,0.19982888432580423,0.4510752435792386,0.13957905544147844,0.6614153367025941,0.2763860369609856,0.584034907597536,0.23098572469962358,0.06707734428473648,0.7364818617385352
746986,2026-04-18 13:30:00+00:00,4,18,2026,137,Werder Bremen,3,127,Hamburg SV,1,Weserstadion,0,2025-2026,0.2647058823529412,-0.47058823529411764,0.3,-0.4,0.2413793103448276,-0.4482758620689655,0.3,-0.3,0,0,0,0.7352941176470589,0.7586206896551724,0.5784313725490196,0.5747126436781609,0.6600547195622435,0.6655266757865937,0.6627906976744187,4,3.1662106703146375,1.7675705990997561,3.6081033200895765,0.02427914341708115,2,0.3399452804377565,0.42476060191518467,0.5752393980848154,0.5971272229822161,0.2650478796169631,0.1984169643742713,0.1994186046511628,0.49476123272346484,0.31627906976744186,0.48430232558139535,0.5077689708796449,0.6963064295485636,0.35225718194254446
746982,2026-04-18 16:30:00+00:00,4,18,2026,125,Eintracht Frankfurt,1,11420,RB Leipzig,3,Deutsche Bank Park,0,2025-2026,0.38235294117647056,0.17647058823529413,0.4,0.3,0.5,0.4411764705882353,0.6,0.8,0,0,0,0.6176470588235294,0.5,0.47058823529411764,0.42647058823529405,0.3622693096377307,0.19275461380724537,0.27751196172248804,4,3.1667805878332196,1.76710045154794,3.6085557007202045,0.024236541221633212,2,0.8072453861927547,0.42515379357484623,0.5748462064251538,0.596719070403281,0.26496924128503074,0.3701781702127063,0.1416267942583732,0.5889923483201642,0.2777511961722488,0.5806220095693779,0.324226317981648,0.22009569377990432,0.5816814764183186
746985,2026-04-19 13:30:00+00:00,4,19,2026,126,SC Freiburg,2,6418,1. FC Heidenheim 1846,1,Europa-Park Stadion,0,2025-2026,0.4117647058823529,-0.11764705882352941,0.4,-0.4,0.17647058823529413,-1.0294117647058822,0.1,-0.7,0,0,0,0.5882352941176471,0.8235294117647058,0.5196078431372548,0.6715686274509804,0.4501366120218579,0.9207650273224044,0.6854508196721312,3,3.1673497267759565,1.766630638245862,3.609007386337422,0.057687919169782,1,0.549863387978142,0.7513661202185792,0.24863387978142082,0.3927595628415301,0.19972677595628416,0.3000477955448057,0.20281762295081968,0.5317365103353608,0.3185450819672131,0.4786372950819673,0.4189835524933794,0.4713114754098361,0.44330601092896177
746983,2026-04-19 15:30:00+00:00,4,19,2026,132,Bayern Munich,4,134,VfB Stuttgart,2,Allianz Arena,0,2025-2026,0.8235294117647058,2.676470588235294,0.8,2.2,0.5882352941176471,0.7941176470588235,0.6,1.2,0,0,0,0.17647058823529416,0.4117647058823529,0.05392156862745112,0.36764705882352944,0.00955631399317406,0.13174061433447098,0.07064846416382252,6,3.167235494880546,1.7660325900508629,3.6087436423932617,0.6001616659174052,2,0.990443686006826,0.4252559726962457,0.5747440273037543,0.8948805460750853,0.26494880546075084,0.4375185267155121,0.11059726962457338,0.7147304343919678,0.2570648464163823,0.6323378839590443,0.25879642702568095,0.10170648464163823,0.8013651877133106
746981,2026-04-19 17:30:00+00:00,4,19,2026,268,Borussia Mönchengladbach,1,2950,Mainz,1,BORUSSIA-PARK,0,2025-2026,0.20588235294117646,-0.5588235294117647,0.2,-0.5,0.2647058823529412,-0.2647058823529412,0.5,0.2,0,0,0,0.7941176470588236,0.7352941176470589,0.5931372549019607,0.5441176470588236,0.786493860845839,0.4406548431105048,0.6135743519781719,2,3.169167803547067,1.7669793327219274,3.610912636727549,0.34004033374805887,0,0.5593451568894952,1.0,0.0,0.16575716234652116,0.15,0.32272169167803544,0.19203615279672578,0.4940236213657826,0.3113574351978172,0.49660641200545697,0.3700049949231452,0.3369713506139154,0.3506139154160982
746994,2026-04-24 18:30:00+00:00,4,24,2026,11420,RB Leipzig,3,598,1. FC Union Berlin,1,Red Bull Arena,0,2025-2026,0.5294117647058824,0.5,0.7,1.1,0.2647058823529412,-0.5882352941176471,0.2,-1.0,0,0,0,0.47058823529411764,0.7352941176470589,0.41666666666666663,0.5980392156862746,0.1336059986366735,0.820040899795501,0.4768234492160872,4,3.1683708248125426,1.7666403177962864,3.610030904261614,0.02406880087362362,2,0.8663940013633264,0.42535787321063395,0.574642126789366,0.5964553510565781,0.2649284253578732,0.39193795888552935,0.1715235173824131,0.600910176388173,0.2976823449216087,0.5307941376959782,0.4282842727382947,0.49011588275391954,0.6169052488070893
746988,2026-04-25 13:30:00+00:00,4,25,2026,6418,1. FC Heidenheim 1846,2,270,St. Pauli,0,Voith-Arena,0,2025-2026,0.17647058823529413,-0.9411764705882353,0.1,-0.7,0.17647058823529413,-0.8235294117647058,0.3,-0.9,0,0,0,0.8235294117647058,0.8235294117647058,0.6568627450980393,0.6372549019607843,0.9073569482288828,0.8256130790190735,0.8664850136239781,2,3.1689373297002725,1.7661714670858375,3.610480196471732,0.34014392131015747,2,0.17438692098092645,0.4257493188010899,0.5742506811989101,0.16553133514986376,0.26485013623978204,0.1376152469763678,0.2299727520435967,0.20368670035155972,0.3366485013623978,0.4333787465940055,0.6470606540533961,0.8944141689373297,0.010899182561307902
746992,2026-04-25 13:30:00+00:00,4,25,2026,3841,FC Augsburg,1,125,Eintracht Frankfurt,1,WWK Arena,0,2025-2026,0.29411764705882354,-0.7352941176470589,0.4,-0.3,0.38235294117647056,0.11764705882352941,0.4,0.3,0,0,0,0.7058823529411764,0.6176470588235294,0.6225490196078431,0.48039215686274506,0.582709326072158,0.3907420013614704,0.4867256637168142,2,3.168141592920354,1.765833206114861,3.6095998944490693,0.3399490722560654,0,0.6092579986385296,1.0,0.0,0.16541865214431586,0.15,0.343934649421375,0.17300884955752213,0.5190359974068113,0.29867256637168144,0.5283185840707965,0.3159604113849548,0.2042205582028591,0.40639891082368956
746989,2026-04-25 13:30:00+00:00,4,25,2026,122,FC Cologne,1,131,Bayer Leverkusen,2,RheinEnergieStadion,0,2025-2026,0.23529411764705882,-0.2647058823529412,0.1,-0.4,0.47058823529411764,0.5588235294117647,0.4,0.7,0,0,0,0.7647058823529411,0.5294117647058824,0.5441176470588236,0.4068627450980392,0.7884353741496599,0.27755102040816326,0.5329931972789116,3,3.16734693877551,1.7654949828359177,3.6087206844844895,0.05770720153370479,1,0.7224489795918367,0.7510204081632653,0.24897959183673468,0.39319727891156464,0.19979591836734695,0.36907371928363175,0.17994897959183676,0.5910435379816232,0.30329931972789115,0.5167517006802721,0.36132483400619364,0.3115646258503401,0.5891156462585034
746990,2026-04-25 13:30:00+00:00,4,25,2026,2950,Mainz,3,132,Bayern Munich,4,MEWA ARENA,0,2025-2026,0.2647058823529412,-0.2647058823529412,0.4,0.1,0.8235294117647058,2.6176470588235294,0.9,2.4,0,0,0,0.7352941176470589,0.17647058823529416,0.5441176470588236,0.06372549019607854,0.513256288239293,0.003399048266485384,0.2583276682528892,7,3.1672331747110807,1.7648997657112218,3.6084581161388862,0.8421947476818973,1,0.9966009517335146,0.7511896668932699,0.24881033310673006,0.9592114208021754,0.19976206662134602,0.4787827363470791,0.13874915023793338,0.8670832062147981,0.2758327668252889,0.5854180829367777,0.3367135364893994,0.2467709041468389,0.9102651257647859
746996,2026-04-25 13:30:00+00:00,4,25,2026,138,VfL Wolfsburg,0,268,Borussia Mönchengladbach,0,Volkswagen Arena,0,2025-2026,0.20588235294117646,-0.8529411764705882,0.1,-1.1,0.20588235294117646,-0.5294117647058824,0.2,-0.5,0,0,0,0.7941176470588236,0.7941176470588236,0.642156862745098,0.588235294117647,0.9225543478260869,0.7975543478260869,0.8600543478260869,0,3.1698369565217392,1.7671257318178357,3.611618389476198,0.8761297762225914,0,0.20244565217391308,1.0,0.0,0.0,0.15000000000000002,0.17103940217391309,0.22900815217391304,0.20140625000000006,0.3360054347826087,0.4349864130434783,0.5747528169005971,0.8172554347826086,0.009510869565217392
746993,2026-04-25 16:30:00+00:00,4,25,2026,127,Hamburg SV,1,7911,TSG Hoffenheim,2,Volksparkstadion,0,2025-2026,0.23333333333333334,-0.5,0.2,-0.7,0.47058823529411764,0.29411764705882354,0.3,-0.5,0,0,0,0.7666666666666666,0.5294117647058824,0.5833333333333333,0.4509803921568628,0.7820773930753564,0.451459606245757,0.6167684996605567,3,3.167684996605567,1.768455057955896,3.609798761094541,0.057717761802321244,1,0.548540393754243,0.7508486082824168,0.24915139171758316,0.39307535641547864,0.19983027834351663,0.29947967925948354,0.1925152749490835,0.5312877968163022,0.31167684996605566,0.49580787508486085,0.394564950953993,0.406653088934148,0.4426340801086219
746995,2026-04-26 13:30:00+00:00,4,26,2026,134,VfB Stuttgart,1,137,Werder Bremen,1,MHPArena,0,2025-2026,0.5882352941176471,0.7352941176470589,0.5,0.9,0.2647058823529412,-0.4411764705882353,0.4,-0.2,0,0,0,0.4117647058823529,0.7352941176470589,0.37745098039215685,0.5735294117647058,0.16757123473541383,0.5739484396200815,0.37075983717774763,2,3.167571234735414,1.7678600610719044,3.60953625000339,0.3392987122110588,0,0.8324287652645862,1.0,0.0,0.1655359565807327,0.15,0.43878222523744914,0.15561397557666215,0.6317178677354562,0.28707598371777476,0.5573100407055631,0.2594278014647231,0.10176390773405698,0.6981004070556309
746991,2026-04-26 15:30:00+00:00,4,26,2026,124,Borussia Dortmund,4,126,SC Freiburg,0,Signal Iduna Park,0,2025-2026,0.6764705882352942,1.1764705882352942,0.6,0.8,0.4117647058823529,-0.11764705882352941,0.5,-0.2,0,0,0,0.32352941176470584,0.5882352941176471,0.3039215686274509,0.5196078431372548,0.10711864406779661,0.38169491525423727,0.24440677966101693,4,3.166779661016949,1.7675217422965572,3.6086600965910884,0.024212368069789436,4,0.8928813559322034,0.09084745762711864,0.9091525423728813,0.5972881355932204,0.3318305084745763,0.365114989945418,0.13666101694915256,0.5104659011563987,0.2744406779661017,0.5888983050847457,0.3967480652401769,0.41559322033898305,0.3891525423728814
747004,2026-05-02 13:30:00+00:00,5,2,2026,137,Werder Bremen,1,3841,FC Augsburg,3,Weserstadion,0,2025-2026,0.2647058823529412,-0.4411764705882353,0.4,-0.1,0.29411764705882354,-0.6764705882352942,0.4,-0.1,0,0,0,0.7352941176470589,0.7058823529411764,0.5735294117647058,0.6127450980392157,0.5513513513513514,0.5648648648648649,0.5581081081081081,4,3.1716216216216218,1.767868901171581,3.613588846914517,0.023604371264463464,2,0.4486486486486486,0.42364864864864865,0.5763513513513514,0.595945945945946,0.2652702702702703,0.23829072315558802,0.1837162162162162,0.5158155045110853,0.3058108108108108,0.5104729729729729,0.4654900850298005,0.5925675675675676,0.39594594594594595
747001,2026-05-02 13:30:00+00:00,5,2,2026,132,Bayern Munich,3,6418,1. FC Heidenheim 1846,3,Allianz Arena,0,2025-2026,0.8235294117647058,2.5588235294117645,0.9,2.1,0.17647058823529413,-0.9117647058823529,0.2,-0.3,0,0,0,0.17647058823529416,0.8235294117647058,0.07352941176470595,0.6519607843137254,0.008113590263691683,0.8363759296822177,0.42224475997295474,6,3.1697092630155512,1.7669348732770624,3.611442981334817,0.5989594282624859,0,0.9918864097363083,1.0,0.0,0.8938471940500338,0.15,0.5065517241379309,0.1633367139959432,0.9623249632790095,0.2922244759972955,0.5444388100067613,0.3277184994805494,0.22785665990534146,0.9269776876267748
746997,2026-05-02 13:30:00+00:00,5,2,2026,598,1. FC Union Berlin,2,122,FC Cologne,2,Stadion An der Alten Försterei,0,2025-2026,0.2647058823529412,-0.6470588235294118,0.2,-1.2,0.23529411764705882,-0.29411764705882354,0.1,-0.4,0,0,0,0.7352941176470589,0.7647058823529411,0.607843137254902,0.5490196078431373,0.8326558265582655,0.8075880758807588,0.8201219512195121,4,3.1673441734417342,1.7670555781807147,3.609108067986913,0.024170234412691838,0,0.19241192411924124,1.0,0.0,0.5968834688346883,0.15,0.16677506775067752,0.22301829268292683,0.6034425239238841,0.33201219512195124,0.44496951219512193,0.37031966898712254,0.3394308943089431,0.6266937669376694
747005,2026-05-02 13:30:00+00:00,5,2,2026,7911,TSG Hoffenheim,3,134,VfB Stuttgart,3,PreZero Arena,0,2025-2026,0.5,0.35294117647058826,0.4,0.0,0.5882352941176471,0.7647058823529411,0.5,1.0,0,0,0,0.5,0.4117647058823529,0.4411764705882353,0.37254901960784315,0.3209207853757617,0.16858496953283683,0.24475287745429924,6,3.1679079214624237,1.7665897428178026,3.609555357166874,0.5996815808975378,0,0.8314150304671631,1.0,0.0,0.8943805010155721,0.15,0.43835138794854434,0.1367129316181449,0.9312341344075645,0.27447528774542995,0.5888117806364251,0.22609760455166084,0.061611374407582936,0.9214624238320921
747000,2026-05-02 13:30:00+00:00,5,2,2026,125,Eintracht Frankfurt,1,127,Hamburg SV,2,Deutsche Bank Park,0,2025-2026,0.35294117647058826,0.0,0.4,0.3,0.22580645161290322,-0.5161290322580645,0.1,-0.9,0,0,0,0.6470588235294117,0.7741935483870968,0.5,0.586021505376344,0.39242219215155616,0.8741542625169147,0.6332882273342355,3,3.1698240866035183,1.7675274021375298,3.611705937137901,0.058127810676838254,1,0.6075778078484438,0.7496617050067659,0.2503382949932341,0.39242219215155616,0.2000676589986468,0.32300380318647337,0.19499323410013533,0.5508575938051608,0.31332882273342355,0.4916779431664411,0.40114658609757814,0.4282814614343708,0.4790257104194858
746998,2026-05-02 16:30:00+00:00,5,2,2026,131,Bayer Leverkusen,4,11420,RB Leipzig,1,BayArena,0,2025-2026,0.47058823529411764,0.5294117647058824,0.4,0.4,0.5588235294117647,0.6764705882352942,0.7,1.2,0,0,0,0.5294117647058824,0.4411764705882353,0.4117647058823529,0.38725490196078427,0.28966914247130315,0.11276164753544902,0.2012153950033761,5,3.1721809588116137,1.7674026322626863,3.614031616877285,0.26469658746274316,3,0.887238352464551,0.199864956110736,0.800135043889264,0.787305874409183,0.31002700877785283,0.3750825491107027,0.13018230925050642,0.5979488045731336,0.2701215395003376,0.5996961512491559,0.37126062082577005,0.3436866981769075,0.6056718433490884
747002,2026-05-03 13:30:00+00:00,5,3,2026,270,St. Pauli,1,2950,Mainz,2,Millerntor-Stadion,0,2025-2026,0.17647058823529413,-0.8823529411764706,0.2,-1.2,0.2647058823529412,-0.20588235294117646,0.3,-0.2,0,0,0,0.8235294117647058,0.7352941176470589,0.6470588235294117,0.5343137254901962,0.8960863697705803,0.6133603238866396,0.75472334682861,3,3.173414304993252,1.767443692747685,3.6152752281801734,0.05879314157793325,1,0.38663967611336036,0.7496626180836707,0.25033738191632926,0.3913630229419703,0.20006747638326586,0.23463607828353195,0.21320850202429148,0.4744880467165132,0.325472334682861,0.46131916329284745,0.4421814326723878,0.529689608636977,0.3076923076923077
746999,2026-05-03 15:30:00+00:00,5,3,2026,268,Borussia Mönchengladbach,1,124,Borussia Dortmund,0,BORUSSIA-PARK,0,2025-2026,0.20588235294117646,-0.5,0.2,-0.5,0.6764705882352942,1.2647058823529411,0.6,1.1,0,0,0,0.7941176470588236,0.32352941176470584,0.5833333333333333,0.2892156862745098,0.7781523937963587,0.09507754551584625,0.43661496965610247,1,3.1732973701955496,1.7668530270904115,3.6150106269681523,0.6655463867111789,1,0.9049224544841538,0.7498314227916386,0.2501685772083614,0.05124747134187458,0.20003371544167228,0.44195035531937826,0.16549224544841537,0.5307506755630702,0.2936614969656103,0.5408462575859744,0.41974921720819347,0.476062036412677,0.4403236682400539
747003,2026-05-03 17:30:00+00:00,5,3,2026,126,SC Freiburg,1,138,VfL Wolfsburg,1,Europa-Park Stadion,0,2025-2026,0.38235294117647056,-0.2647058823529412,0.4,-0.7,0.20588235294117646,-0.8235294117647058,0.1,-1.0,0,0,0,0.6176470588235294,0.7941176470588236,0.5441176470588236,0.6372549019607843,0.5222371967654986,0.910377358490566,0.7163072776280324,2,3.171832884097035,1.7671579856636581,3.6136223805129495,0.34090758907560004,0,0.4777628032345014,1.0,0.0,0.1650943396226415,0.15000000000000002,0.2880491913746631,0.20744609164420486,0.45248850951024777,0.3216307277628032,0.4709231805929919,0.4080456484280821,0.44609164420485176,0.2486522911051213
747008,2026-05-08 18:30:00+00:00,5,8,2026,124,Borussia Dortmund,3,125,Eintracht Frankfurt,2,Signal Iduna Park,0,2025-2026,0.6470588235294118,1.1176470588235294,0.5,0.6,0.35294117647058826,-0.029411764705882353,0.3,-0.1,0,0,0,0.3529411764705882,0.6470588235294117,0.31372549019607854,0.5049019607843137,0.1468013468013468,0.5239057239057239,0.33535353535353535,5,3.171043771043771,1.766824187729766,3.6127498179762125,0.2652630831899334,1,0.8531986531986532,0.7494949494949495,0.25050505050505045,0.7872053872053872,0.20010101010101009,0.42122626942828967,0.1503030303030303,0.7845260793952287,0.28353535353535353,0.5661616161616162,0.30076118284958214,0.16767676767676767,0.8464646464646465
747009,2026-05-09 13:30:00+00:00,5,9,2026,3841,FC Augsburg,3,268,Borussia Mönchengladbach,1,WWK Arena,0,2025-2026,0.3235294117647059,-0.5588235294117647,0.4,0.0,0.23529411764705882,-0.47058823529411764,0.3,-0.1,0,0,0,0.6764705882352942,0.7647058823529411,0.5931372549019607,0.5784313725490196,0.519489247311828,0.6518817204301075,0.5856854838709677,4,3.1713709677419355,1.7667062890548637,3.6130475400056516,0.02370055144961325,2,0.480510752688172,0.42338709677419356,0.5766129032258065,0.5954301075268817,0.2653225806451613,0.2499779418140825,0.18785282258064517,0.5219324500035432,0.3085685483870968,0.503578629032258,0.4773155150280209,0.6317204301075269,0.4173387096774194
747011,2026-05-09 13:30:00+00:00,5,9,2026,11420,RB Leipzig,2,270,St. Pauli,1,Red Bull Arena,0,2025-2026,0.5588235294117647,0.5882352941176471,0.7,0.9,0.17647058823529413,-0.8823529411764706,0.2,-0.9,0,0,0,0.4411764705882353,0.8235294117647058,0.4019607843137255,0.6470588235294117,0.13163196776359973,0.8817998656816656,0.5067159167226326,3,3.1719274680993954,1.7662430832544487,3.6134882389130074,0.05853942507029042,1,0.8683680322364002,0.7501678979180658,0.24983210208193418,0.39153794492948285,0.19996642041638685,0.4273651505713941,0.1760073875083949,0.640153894493458,0.30067159167226326,0.5233210208193417,0.35059587786136437,0.28811282740094024,0.7092008059100067
747012,2026-05-09 13:30:00+00:00,5,9,2026,7911,TSG Hoffenheim,1,137,Werder Bremen,0,PreZero Arena,0,2025-2026,0.5,0.35294117647058826,0.3,-0.3,0.2647058823529412,-0.5,0.4,0.0,0,0,0,0.5,0.7352941176470589,0.4411764705882353,0.5833333333333333,0.38896366083445494,0.5565275908479138,0.4727456258411844,1,3.172274562584118,1.766866333671829,3.6139911460020757,0.6652551831309044,1,0.6110363391655451,0.7496635262449529,0.2503364737550471,0.05114401076716016,0.20006729475100943,0.3243872464219662,0.17091184387617767,0.389750976459516,0.29727456258411844,0.5318135935397039,0.43953120584024596,0.5248990578734859,0.1379542395693136
747013,2026-05-09 13:30:00+00:00,5,9,2026,134,VfB Stuttgart,3,131,Bayer Leverkusen,1,MHPArena,0,2025-2026,0.5588235294117647,0.7352941176470589,0.4,0.8,0.5,0.6176470588235294,0.5,0.8,0,0,0,0.4411764705882353,0.5,0.37745098039215685,0.3970588235294118,0.21116341627437793,0.2178883658372562,0.21452589105581707,4,3.1708137188971084,1.7671698209024964,3.6126061741227327,0.023741690584450637,2,0.788836583725622,0.4229993275050437,0.5770006724949563,0.5958305312710155,0.26540013449899125,0.36319961070365947,0.13217888365837255,0.5842821376263416,0.27145258910558173,0.5963685272360457,0.2877029663249909,0.15063887020847344,0.5722932078009415
747014,2026-05-09 16:30:00+00:00,5,9,2026,138,VfL Wolfsburg,0,132,Bayern Munich,1,Volkswagen Arena,0,2025-2026,0.20588235294117646,-0.7058823529411765,0.1,-1.0,0.8235294117647058,2.5588235294117645,0.8,1.8,0,0,0,0.7941176470588236,0.17647058823529416,0.6176470588235294,0.07352941176470595,0.9013422818791946,0.011409395973154362,0.4563758389261745,1,3.1718120805369128,1.765655504403406,3.6132259566377645,0.6655429410224833,1,0.9885906040268456,0.7503355704697987,0.2496644295302013,0.05100671140939597,0.19993288590604025,0.4754761272014774,0.1684563758389262,0.5709747423856897,0.29563758389261746,0.5359060402684563,0.43049970925318615,0.5046979865771812,0.5342281879194631
747010,2026-05-10 13:30:00+00:00,5,10,2026,127,Hamburg SV,3,126,SC Freiburg,2,Volksparkstadion,0,2025-2026,0.25,-0.46875,0.2,-0.8,0.38235294117647056,-0.2647058823529412,0.4,-0.4,0,0,0,0.75,0.6176470588235294,0.578125,0.5441176470588236,0.778672032193159,0.48826291079812206,0.6334674714956405,5,3.170355466130114,1.7659588173850371,3.611845170476373,0.26578068072959626,1,0.511737089201878,0.7505030181086519,0.24949698189134806,0.7873910127431254,0.19989939637826962,0.284730637345198,0.1950201207243461,0.7217848175952686,0.31334674714956406,0.4916331321260899,0.44144524525276874,0.5291750503018109,0.8081824279007378
747006,2026-05-10 15:30:00+00:00,5,10,2026,122,FC Cologne,1,6418,1. FC Heidenheim 1846,3,RheinEnergieStadion,0,2025-2026,0.23529411764705882,-0.29411764705882354,0.1,-0.2,0.17647058823529413,-0.9117647058823529,0.2,-0.2,0,0,0,0.7647058823529411,0.8235294117647058,0.5490196078431373,0.6519607843137254,0.7694369973190348,0.8230563002680965,0.7962466487935657,4,3.1715817694369974,1.7660018744059065,3.613082238038474,0.02371503350594628,2,0.2305630026809652,0.42292225201072386,0.5770777479892761,0.5951742627345844,0.26541554959785524,0.158142443343947,0.21943699731903485,0.4711604109111075,0.3296246648793566,0.4509383378016085,0.5544811553212358,0.7882037533512064,0.29624664879356566
747007,2026-05-10 17:30:00+00:00,5,10,2026,2950,Mainz,1,598,1. FC Union Berlin,3,MEWA ARENA,0,2025-2026,0.29411764705882354,-0.17647058823529413,0.4,0.3,0.2647058823529412,-0.6470588235294118,0.2,-1.1,0,0,0,0.7058823529411764,0.7352941176470589,0.5294117647058822,0.607843137254902,0.45411922304085733,0.8379102478231748,0.646014735432016,4,3.172136637642331,1.765540132613788,3.613521670795778,0.02367406903317626,2,0.5458807769591427,0.4233087742799732,0.5766912257200267,0.594775619557937,0.26533824514400534,0.27398504025707826,0.19690221031480243,0.5348225973199434,0.3146014735432016,0.488496316141996,0.5016652043427191,0.6878767582049564,0.45010046885465504
747019,2026-05-16 13:30:00+00:00,5,16,2026,126,SC Freiburg,4,11420,RB Leipzig,1,Europa-Park Stadion,0,2025-2026,0.35294117647058826,-0.3235294117647059,0.3,-0.6,0.5882352941176471,0.6176470588235294,0.8,1.0,0,0,0,0.6470588235294117,0.4117647058823529,0.553921568627451,0.3970588235294118,0.6005326231691078,0.09653794940079893,0.3485352862849534,5,3.174434087882823,1.7631769576516694,3.6152283272957404,0.2653891134271754,3,0.903462050599201,0.19973368841544606,0.800266311584554,0.7876165113182424,0.31005326231691077,0.38066502098400534,0.152280292942743,0.5997483715807361,0.28485352862849533,0.5628661784287616,0.46455093927266233,0.5898801597869507,0.6131824234354194
747020,2026-05-16 13:30:00+00:00,5,16,2026,132,Bayern Munich,5,122,FC Cologne,1,Allianz Arena,0,2025-2026,0.8235294117647058,2.5294117647058822,0.8,1.8,0.20588235294117646,-0.38235294117647056,0.1,-0.4,0,0,0,0.17647058823529416,0.7941176470588236,0.07843137254901966,0.5637254901960784,0.012658227848101266,0.8354430379746836,0.4240506329113924,6,3.17255163224517,1.7622540731023035,3.6131151505207457,0.6003904218023268,4,0.9873417721518988,0.09127248500999334,0.9087275149900067,0.8947368421052632,0.3317455029980013,0.39672323935941445,0.16360759493670884,0.6067051287470142,0.29240506329113924,0.5439873417721519,0.5946231360434344,0.8474350433044637,0.6442371752165224
747017,2026-05-16 13:30:00+00:00,5,16,2026,131,Bayer Leverkusen,1,127,Hamburg SV,1,BayArena,0,2025-2026,0.5,0.6176470588235294,0.5,0.6,0.2727272727272727,-0.42424242424242425,0.3,-0.6,0,0,0,0.5,0.7272727272727273,0.3970588235294118,0.5707070707070707,0.2161440960640427,0.6817878585723816,0.44896597731821214,2,3.174116077384923,1.7629088460082465,3.6148432888869846,0.34264939741632405,0,0.7838559039359573,1.0,0.0,0.1647765176784523,0.15,0.41813875917278187,0.16734489659773183,0.6068777361469799,0.2948965977318212,0.537758505670447,0.2987759010394234,0.1647765176784523,0.6457638425617078
747021,2026-05-16 13:30:00+00:00,5,16,2026,270,St. Pauli,1,138,VfL Wolfsburg,3,Millerntor-Stadion,0,2025-2026,0.17647058823529413,-0.9117647058823529,0.1,-1.1,0.20588235294117646,-0.7352941176470589,0.1,-1.0,0,0,0,0.8235294117647058,0.7941176470588236,0.6519607843137254,0.6225490196078431,0.9299065420560748,0.9058744993324432,0.917890520694259,4,3.173564753004005,1.7633682858578077,3.6144068244684573,0.023624434685391327,2,0.09412550066755676,0.42456608811748997,0.57543391188251,0.5934579439252337,0.265086782376502,0.10807835904035823,0.23768357810413884,0.44283795857487707,0.3417890520694259,0.42052736982643524,0.5882902378938099,0.8404539385847797,0.22496662216288385
747015,2026-05-16 13:30:00+00:00,5,16,2026,6418,1. FC Heidenheim 1846,0,2950,Mainz,2,Voith-Arena,0,2025-2026,0.17647058823529413,-0.9411764705882353,0.3,0.0,0.2647058823529412,-0.3235294117647059,0.4,0.1,0,0,0,0.8235294117647058,0.7352941176470589,0.6568627450980393,0.553921568627451,0.724,0.5253333333333333,0.6246666666666667,2,3.1733333333333333,1.7625814452452866,3.613978694644655,0.3424564906199318,2,0.4746666666666667,0.4246666666666667,0.5753333333333333,0.16466666666666666,0.2650666666666667,0.24791751111111113,0.1937,0.31129588622222226,0.31246666666666667,0.49383333333333335,0.5545875333441919,0.788,0.06466666666666666
747023,2026-05-16 13:30:00+00:00,5,16,2026,125,Eintracht Frankfurt,2,134,VfB Stuttgart,2,Deutsche Bank Park,0,2025-2026,0.35294117647058826,-0.058823529411764705,0.3,-0.1,0.5588235294117647,0.6764705882352942,0.5,1.0,0,0,0,0.6470588235294117,0.4411764705882353,0.5098039215686274,0.38725490196078427,0.5200534759358288,0.1804812834224599,0.35026737967914434,4,3.1724598930481283,1.7642881304044418,3.6135319256492386,0.023706036232556404,0,0.8195187165775402,1.0,0.0,0.5942513368983957,0.15,0.43329545454545454,0.15254010695187165,0.8038504952600874,0.28502673796791445,0.5624331550802139,0.20061810877693942,0.04411764705882353,0.8629679144385026
747022,2026-05-16 13:30:00+00:00,5,16,2026,137,Werder Bremen,0,124,Borussia Dortmund,2,Weserstadion,0,2025-2026,0.2647058823529412,-0.5294117647058824,0.4,0.0,0.6470588235294118,1.088235294117647,0.6,0.7,0,0,0,0.7352941176470589,0.3529411764705882,0.588235294117647,0.31862745098039225,0.551170568561873,0.12642140468227425,0.3387959866220736,2,3.173244147157191,1.7646176201391068,3.6143985521919677,0.34196359714539426,2,0.8735785953177257,0.4240802675585284,0.5759197324414715,0.16521739130434782,0.2651839464882943,0.39444139327300587,0.15081939799331104,0.45516964450017183,0.28387959866220736,0.5653010033444816,0.4065883175307681,0.442809364548495,0.2535117056856187
747018,2026-05-16 13:30:00+00:00,5,16,2026,268,Borussia Mönchengladbach,4,7911,TSG Hoffenheim,0,BORUSSIA-PARK,0,2025-2026,0.23529411764705882,-0.47058823529411764,0.3,-0.2,0.5294117647058824,0.38235294117647056,0.4,-0.2,0,0,0,0.7647058823529411,0.47058823529411764,0.5784313725490196,0.4362745098039216,0.6593038821954484,0.3293172690763052,0.4943105756358768,4,3.1726907630522088,1.765078714621378,3.6139604417075533,0.023633188779912495,4,0.6706827309236948,0.09036144578313253,0.9096385542168675,0.5943775100401606,0.33192771084337347,0.290839502588668,0.17414658634538152,0.473117545908218,0.2994310575635877,0.5264223560910308,0.5367058113071992,0.7550200803212851,0.30254350736278446
747016,2026-05-16 13:30:00+00:00,5,16,2026,598,1. FC Union Berlin,4,3841,FC Augsburg,0,Stadion An der Alten Försterei,0,2025-2026,0.29411764705882354,-0.5,0.2,-1.0,0.35294117647058826,-0.38235294117647056,0.4,0.1,0,0,0,0.7058823529411764,0.6470588235294117,0.5833333333333333,0.5637254901960784,0.7762191048764195,0.46626586506346024,0.6212424849699398,4,3.173012692050768,1.7638280472275039,3.613969703857644,0.02366519358578323,4,0.5337341349365398,0.09084836339345358,0.9091516366065464,0.5938543754175016,0.3318303273213093,0.24512944838686507,0.193186372745491,0.4506030700773366,0.312124248496994,0.494689378757515,0.5956621232023422,0.8490313961255845,0.24315297261189045
401884817,2026-08-28 18:30:00+00:00,8,28,2026,132,Bayern Munich,5,134,VfB Stuttgart,1,Allianz Arena,0,2026-2027,0.8235294117647058,2.5294117647058822,0.8,2.1,0.5294117647058824,0.6470588235294118,0.4,0.6,0,0,0,0.17647058823529416,0.47058823529411764,0.07843137254901966,0.3921568627450981,0.010645375914836993,0.25149700598802394,0.13107119095143047,6,3.1756487025948106,1.7632188106540587,3.6164534052583255,0.598963419142831,4,0.9893546240851631,0.09181636726546906,0.908183632734531,0.8942115768463074,0.33163672654690624,0.3974604749250667,0.11966067864271457,0.6068441245087007,0.26310711909514306,0.6172322022621424,0.391523308279009,0.40053226879574183,0.64604125083167
401884811,2026-08-29 13:30:00+00:00,8,29,2026,598,1. FC Union Berlin,3,125,Eintracht Frankfurt,3,Stadion An der Alten Försterei,0,2026-2027,0.29411764705882354,-0.4117647058823529,0.3,-0.5,0.3235294117647059,-0.11764705882352941,0.2,-0.3,0,0,0,0.7058823529411764,0.6764705882352942,0.5686274509803921,0.5196078431372548,0.6409574468085106,0.6416223404255319,0.6412898936170213,6,3.177526595744681,1.7641360248374218,3.6185606019540364,0.5979342423732046,0,0.35904255319148937,1.0,0.0,0.8936170212765957,0.15,0.23759308510638297,0.1961934840425532,0.8387067111815301,0.31412898936170214,0.48967752659574465,0.43133605117677465,0.5059840425531915,0.8902925531914894
401884810,2026-08-29 13:30:00+00:00,8,29,2026,122,FC Cologne,3,7911,TSG Hoffenheim,2,RheinEnergieStadion,0,2026-2027,0.20588235294117646,-0.4117647058823529,0.1,-0.6,0.5294117647058824,0.38235294117647056,0.4,-0.5,0,0,0,0.7941176470588236,0.47058823529411764,0.5686274509803921,0.4362745098039216,0.840531561461794,0.35415282392026576,0.5973421926910298,5,3.179401993355482,1.7650495483435353,3.6206643804413656,0.26313363080350527,1,0.6458471760797342,0.7508305647840532,0.2491694352159468,0.786046511627907,0.19983388704318936,0.3384091235196079,0.1896013289036545,0.7461125357391014,0.309734219269103,0.5006644518272425,0.4261347880188603,0.4857142857142857,0.825249169435216
401884812,2026-08-29 13:30:00+00:00,8,29,2026,2950,Mainz,0,3307,SC Paderborn 07,0,MEWA ARENA,0,2026-2027,0.29411764705882354,-0.2647058823529412,0.5,0.3,,,,,0,0,0,0.7058823529411764,,0.5441176470588236,,0.3937583001328021,0.0,0.19687915006640105,0,3.1806108897742362,1.7650866237543157,3.621882545712815,0.8781865581727356,0,1.0,1.0,0.0,0.0,0.15,0.51,0.12953187250996018,0.66,0.26968791500664013,0.6007802124833997,0.23203424690363508,0.06839309428950863,0.7357237715803453
401884815,2026-08-29 13:30:00+00:00,8,29,2026,11420,RB Leipzig,3,268,Borussia Mönchengladbach,0,Red Bull Arena,0,2026-2027,0.5882352941176471,0.5588235294117647,0.7,0.6,0.2647058823529412,-0.3235294117647059,0.3,0.1,0,0,0,0.4117647058823529,0.7352941176470589,0.4068627450980392,0.553921568627451,0.1353682813536828,0.5925680159256802,0.3639681486396815,3,3.178500331785003,1.7664016835183334,3.6201007526645865,0.05975907438912875,3,0.8646317186463172,0.20039814200398143,0.7996018579960186,0.39017916390179164,0.3099203715992037,0.36734033039357583,0.15459522229595224,0.46750745268803445,0.2863968148639682,0.5590079628400796,0.4417029859885021,0.528865295288653,0.2840079628400796
401884809,2026-08-29 13:30:00+00:00,8,29,2026,10388,SV Elversberg,3,131,Bayer Leverkusen,2,URSAPHARM-Arena an der Kaiserlinde,0,2026-2027,,,,,0.5,0.6176470588235294,0.4,0.5,0,0,0,,0.5,,0.3970588235294118,0.0,0.27453580901856767,0.13726790450928383,5,3.1783819628647216,1.7658215034209566,3.619837338719961,0.2632066087808884,1,1.0,0.7506631299734748,0.24933687002652516,0.7858090185676393,0.19986737400530502,0.480079575596817,0.12059018567639258,0.8117459842818848,0.2637267904509284,0.615683023872679,0.18201046482625877,0.029840848806366047,0.8793103448275862
401884816,2026-08-29 16:30:00+00:00,8,29,2026,124,Borussia Dortmund,2,127,Hamburg SV,0,Signal Iduna Park,0,2026-2027,0.6470588235294118,1.0588235294117647,0.7,1.0,0.2647058823529412,-0.4117647058823529,0.3,-0.5,0,0,0,0.3529411764705882,0.7352941176470589,0.32352941176470595,0.5686274509803921,0.09410205434062292,0.6726308813783963,0.3833664678595096,2,3.179589131875414,1.7658586750510785,3.6210538006381836,0.34384594642129307,2,0.9058979456593771,0.4254473161033797,0.5745526838966203,0.16434724983432736,0.2649105367793241,0.40646696362579987,0.15750497017892645,0.4669203938532994,0.28833664678595095,0.5541583830351227,0.4322677817527626,0.508283631544069,0.28164347249834326
401884814,2026-08-30 13:30:00+00:00,8,30,2026,126,SC Freiburg,4,137,Werder Bremen,1,Europa-Park Stadion,0,2026-2027,0.38235294117647056,-0.17647058823529413,0.4,-0.1,0.23529411764705882,-0.6764705882352942,0.3,-0.4,0,0,0,0.6176470588235294,0.7647058823529411,0.5294117647058822,0.6127450980392157,0.4377483443708609,0.7099337748344371,0.573841059602649,5,3.1788079470198674,1.7655344511358397,3.6201915598038275,0.26316425173040847,3,0.562251655629139,0.20066225165562915,0.7993377483443709,0.785430463576159,0.3098675496688742,0.2630273014341476,0.18607615894039736,0.562464588473667,0.3073841059602649,0.5065397350993377,0.585345610587793,0.8390728476821192,0.5172185430463576
401884813,2026-08-30 15:30:00+00:00,8,30,2026,3841,FC Augsburg,3,133,Schalke 04,0,WWK Arena,0,2026-2027,0.35294117647058826,-0.47058823529411764,0.3,-0.5,0.20588235294117646,-1.0588235294117647,0.3,-1.2,0,0,0,0.6470588235294117,0.7941176470588236,0.5784313725490196,0.6764705882352942,0.6068828590337525,0.8563864990072799,0.7316346790205162,3,3.1800132362673725,1.7655714793888406,3.621406106114583,0.060057933825195864,3,0.3931171409662475,0.20119126406353408,0.798808735936466,0.38980807412309726,0.3097617471872932,0.20469606954690528,0.20974520185307743,0.35222397678032324,0.32316346790205164,0.46709133024487093,0.612482880225699,0.8663136995367307,0.09794837855724686
401884808,2026-09-04 18:30:00+00:00,9,4,2026,134,VfB Stuttgart,4,122,FC Cologne,1,MHPArena,0,2026-2027,0.5294117647058824,0.5588235294117647,0.4,0.2,0.20588235294117646,-0.4117647058823529,0.2,-0.4,0,0,0,0.47058823529411764,0.7941176470588236,0.4068627450980392,0.5686274509803921,0.27645502645502645,0.7764550264550265,0.5264550264550265,5,3.17989417989418,1.764993214631738,3.6211424835521147,0.2629920182231573,3,0.7235449735449735,0.20171957671957672,0.7982804232804233,0.78505291005291,0.30965608465608463,0.31878182651661485,0.178968253968254,0.580050537790562,0.30264550264550266,0.5183862433862434,0.5615702457405806,0.7962962962962963,0.5615079365079365
