game_id,date,month,day,year,home_id,home_name,home_score,away_id,away_name,away_score,venue_full_name,is_postseason,season,season_id,home_win_pct,home_point_diff,home_recent_win_pct,home_recent_point_diff,away_win_pct,away_point_diff,away_recent_win_pct,away_recent_point_diff,home_playoff_wins,away_playoff_wins,playoff_wins,home_win_badness,away_win_badness,home_point_diff_badness,away_point_diff_badness,home_badness,away_badness,team_badness,total_points,scoring_mean,scoring_std,ideal_scoring,scoring_badness,actual_margin,team_quality,competitiveness,uncompetitiveness,scoring_entertainment,team_quality_weight,competitiveness_weight,scoring_weight,actual_watchability,uncompetitiveness_weight,team_weight,actual_slop,slop_percentile,watchability_percentile
74,2023-12-04 18:00:00+00:00,12,4,2023,1,PWHL Boston,2,6,PWHL Toronto,5,Utica University Nexus Center - Mastrovito Hyundai,0,1,2,,,,,,,,,0,0,0,,,,,,,,7,,,,,3,,,,,,,,,,,,,
75,2023-12-04 21:15:00+00:00,12,4,2023,2,PWHL Minnesota,8,5,PWHL Ottawa,4,Utica University Nexus Center - Mastrovito Hyundai,0,1,2,,,,,,,,,0,0,0,,,,,,,,12,,,,,4,,,,,,,,,,,,,
76,2023-12-05 00:30:00+00:00,12,5,2023,4,PWHL New York,4,3,PWHL Montreal,0,Utica University Nexus Center - Mastrovito Hyundai,0,1,2,,,,,,,,,0,0,0,,,,,,,,4,,,,,4,,,,,,,,,,,,,
77,2023-12-05 17:00:00+00:00,12,5,2023,6,PWHL Toronto,4,2,PWHL Minnesota,5,Utica University Nexus Center - Mastrovito Hyundai,0,1,2,1.0,3.0,1.0,3.0,1.0,4.0,1.0,4.0,0,0,0,0.0,0.0,0.19999999999999996,0.09999999999999998,,,,9,,,,,1,,,,,,,,,,,,,
78,2023-12-05 20:15:00+00:00,12,5,2023,3,PWHL Montreal,3,1,PWHL Boston,1,Utica University Nexus Center - Mastrovito Hyundai,0,1,2,0.0,-4.0,0.0,-4.0,0.0,-3.0,0.0,-3.0,0,0,0,1.0,1.0,0.9,0.8,,,,4,,,,,2,,,,,,,,,,,,,
79,2023-12-06 00:30:00+00:00,12,6,2023,5,PWHL Ottawa,1,4,PWHL New York,2,Utica University Nexus Center - Mastrovito Hyundai,0,1,2,0.0,-4.0,0.0,-4.0,1.0,4.0,1.0,4.0,0,0,0,1.0,0.0,0.9,0.09999999999999998,,,,3,,,,,1,,,,,,,,,,,,,
80,2023-12-07 14:00:00+00:00,12,7,2023,2,PWHL Minnesota,4,3,PWHL Montreal,3,Utica University Nexus Center - Mastrovito Hyundai,0,1,2,1.0,2.5,1.0,2.5,0.5,-1.0,0.5,-1.0,0,0,0,0.0,0.5,0.25,0.6,,,,7,,,,,1,,,,,,,,,,,,,
81,2023-12-07 17:15:00+00:00,12,7,2023,6,PWHL Toronto,4,4,PWHL New York,6,Utica University Nexus Center - Mastrovito Hyundai,0,1,2,0.5,1.0,0.5,1.0,1.0,2.5,1.0,2.5,0,0,0,0.5,0.0,0.4,0.25,,,,10,,,,,2,,,,,,,,,,,,,
82,2023-12-07 20:30:00+00:00,12,7,2023,1,PWHL Boston,3,5,PWHL Ottawa,1,Utica University Nexus Center - Mastrovito Hyundai,0,1,2,0.0,-2.5,0.0,-2.5,0.0,-2.5,0.0,-2.5,0,0,0,1.0,1.0,0.75,0.75,,,,4,,,,,2,,,,,,,,,,,,,
2,2024-01-01 17:30:00+00:00,1,1,2024,6,PWHL Toronto,0,4,PWHL New York,4,Mattamy Athletic Centre | Toronto,0,1,1,0.3333333333333333,0.0,0.3333333333333333,0.0,1.0,2.3333333333333335,1.0,2.3333333333333335,0,0,0,0.6666666666666667,0.0,0.5,0.2666666666666666,,,,4,,,,,4,,,,,,,,,,,,,
3,2024-01-03 00:00:00+00:00,1,3,2024,5,PWHL Ottawa,2,3,PWHL Montreal,3,TD Place | Ottawa,0,1,1,0.0,-2.3333333333333335,0.0,-2.3333333333333335,0.3333333333333333,-1.0,0.3333333333333333,-1.0,0,0,0,1.0,0.6666666666666667,0.7333333333333334,0.6,,,,5,,,,,1,,,,,,,,,,,,,
4,2024-01-04 00:00:00+00:00,1,4,2024,1,PWHL Boston,2,2,PWHL Minnesota,3,Tsongas Center | Lowell,0,1,1,0.3333333333333333,-1.0,0.3333333333333333,-1.0,1.0,2.0,1.0,2.0,0,0,0,0.6666666666666667,0.0,0.6,0.30000000000000004,,,,5,,,,,1,,,,,,,,,,,,,
5,2024-01-06 00:00:00+00:00,1,6,2024,4,PWHL New York,2,6,PWHL Toronto,3,Total Mortgage Arena | Bridgeport,0,1,1,1.0,2.75,1.0,2.75,0.25,-1.0,0.25,-1.0,0,0,0,0.0,0.75,0.22499999999999998,0.6,,,,5,,,,,1,,,,,,,,,,,,,
6,2024-01-06 20:30:00+00:00,1,6,2024,2,PWHL Minnesota,3,3,PWHL Montreal,0,Xcel Energy Center | St. Paul,0,1,1,1.0,1.75,1.0,1.75,0.5,-0.5,0.5,-0.5,0,0,0,0.0,0.5,0.32499999999999996,0.55,,,,3,,,,,3,,,,,,,,,,,,,
9,2024-01-11 00:00:00+00:00,1,11,2024,4,PWHL New York,2,3,PWHL Montreal,5,UBS Arena | Elmont,0,1,1,0.8,2.0,0.8,2.0,0.4,-1.0,0.4,-1.0,0,0,0,0.19999999999999996,0.6,0.30000000000000004,0.6,,,,7,,,,,3,,,,,,,,,,,,,
8,2024-01-11 01:00:00+00:00,1,11,2024,2,PWHL Minnesota,3,6,PWHL Toronto,1,Xcel Energy Center | St. Paul,0,1,1,1.0,2.0,1.0,2.0,0.4,-0.6,0.4,-0.6,0,0,0,0.0,0.6,0.30000000000000004,0.5599999999999999,,,,4,,,,,2,,,,,,,,,,,,,
10,2024-01-13 18:00:00+00:00,1,13,2024,6,PWHL Toronto,1,5,PWHL Ottawa,5,Mattamy Athletic Centre | Toronto,0,1,1,0.3333333333333333,-0.8333333333333334,0.3333333333333333,-0.8333333333333334,0.0,-2.0,0.0,-2.0,0,0,0,0.6666666666666667,1.0,0.5833333333333333,0.7,,,,6,,,,,4,,,,,,,,,,,,,
11,2024-01-13 20:30:00+00:00,1,13,2024,3,PWHL Montreal,2,1,PWHL Boston,3,Verdun Auditorium | Montreal,0,1,1,0.5,-0.3333333333333333,0.5,-0.3333333333333333,0.25,-1.0,0.25,-1.0,0,0,0,0.5,0.75,0.5333333333333333,0.6,,,,5,,,,,1,,,,,,,,,,,,,
12,2024-01-14 21:00:00+00:00,1,14,2024,2,PWHL Minnesota,2,4,PWHL New York,3,Xcel Energy Center | St. Paul,0,1,1,1.0,2.0,1.0,2.0,0.6666666666666666,1.1666666666666667,0.6666666666666666,1.1666666666666667,0,0,0,0.0,0.33333333333333337,0.30000000000000004,0.3833333333333333,,,,5,,,,,1,,,,,,,,,,,,,
13,2024-01-17 00:00:00+00:00,1,17,2024,3,PWHL Montreal,3,4,PWHL New York,2,Place Bell | Laval,0,1,1,0.42857142857142855,-0.42857142857142855,0.42857142857142855,-0.42857142857142855,0.7142857142857143,1.1428571428571428,0.7142857142857143,1.1428571428571428,0,0,0,0.5714285714285714,0.2857142857142857,0.5428571428571429,0.3857142857142858,,,,5,,,,,1,,,,,,,,,,,,,
14,2024-01-18 00:00:00+00:00,1,18,2024,6,PWHL Toronto,2,1,PWHL Boston,3,Mattamy Athletic Centre | Toronto,0,1,1,0.2857142857142857,-1.2857142857142858,0.2857142857142857,-1.2857142857142858,0.4,-0.6,0.4,-0.6,0,0,0,0.7142857142857143,0.6,0.6285714285714286,0.5599999999999999,,,,5,,,,,1,,,,,,,,,,,,,
15,2024-01-18 00:00:00+00:00,1,18,2024,5,PWHL Ottawa,2,2,PWHL Minnesota,3,TD Place | Ottawa,0,1,1,0.2,-0.8,0.2,-0.8,0.8571428571428571,1.5714285714285714,0.8571428571428571,1.5714285714285714,0,0,0,0.8,0.1428571428571429,0.58,0.34285714285714286,,,,5,,,,,1,,,,,,,,,,,,,
16,2024-01-20 17:30:00+00:00,1,20,2024,1,PWHL Boston,1,4,PWHL New York,4,Tsongas Center | Lowell,0,1,1,0.5,-0.3333333333333333,0.5,-0.3333333333333333,0.625,0.875,0.625,0.875,0,0,0,0.5,0.375,0.5333333333333333,0.4125,,,,5,,,,,3,,,,,,,,,,,,,
17,2024-01-21 01:00:00+00:00,1,21,2024,3,PWHL Montreal,3,6,PWHL Toronto,4,Verdun Auditorium | Montreal,0,1,1,0.5,-0.25,0.5,-0.25,0.25,-1.25,0.25,-1.25,0,0,0,0.5,0.75,0.525,0.625,,,,7,,,,,1,,,,,,,,,,,,,
18,2024-01-24 00:00:00+00:00,1,24,2024,5,PWHL Ottawa,3,6,PWHL Toronto,1,TD Place | Ottawa,0,1,1,0.16666666666666666,-0.8333333333333334,0.16666666666666666,-0.8333333333333334,0.3333333333333333,-1.0,0.3333333333333333,-1.0,0,0,0,0.8333333333333334,0.6666666666666667,0.5833333333333333,0.6,,,,4,,,,,2,,,,,,,,,,,,,
19,2024-01-25 00:00:00+00:00,1,25,2024,5,PWHL Ottawa,2,1,PWHL Boston,3,TD Place | Ottawa,0,1,1,0.2857142857142857,-0.42857142857142855,0.2857142857142857,-0.42857142857142855,0.42857142857142855,-0.7142857142857143,0.42857142857142855,-0.7142857142857143,0,0,0,0.7142857142857143,0.5714285714285714,0.5428571428571429,0.5714285714285714,,,,5,,,,,1,,,,,,,,,,,,,
20,2024-01-25 01:00:00+00:00,1,25,2024,2,PWHL Minnesota,1,3,PWHL Montreal,2,Xcel Energy Center | St. Paul,0,1,1,0.875,1.5,0.875,1.5,0.4444444444444444,-0.3333333333333333,0.4444444444444444,-0.3333333333333333,0,0,0,0.125,0.5555555555555556,0.35,0.5333333333333333,,,,3,,,,,1,,,,,,,,,,,,,
21,2024-01-27 00:00:00+00:00,1,27,2024,6,PWHL Toronto,2,4,PWHL New York,0,Mattamy Athletic Centre | Toronto,0,1,1,0.3,-1.1,0.3,-1.1,0.6666666666666666,1.1111111111111112,0.6666666666666666,1.1111111111111112,0,0,0,0.7,0.33333333333333337,0.61,0.38888888888888895,,,,2,,,,,2,,,,,,,,,,,,,
22,2024-01-27 20:30:00+00:00,1,27,2024,3,PWHL Montreal,2,5,PWHL Ottawa,1,Place Bell | Laval,0,1,1,0.5,-0.2,0.5,-0.2,0.25,-0.5,0.25,-0.5,0,0,0,0.5,0.75,0.52,0.55,,,,3,,,,,1,,,,,,,,,,,,,
23,2024-01-27 21:00:00+00:00,1,27,2024,1,PWHL Boston,4,2,PWHL Minnesota,3,Tsongas Center | Lowell,0,1,1,0.5,-0.5,0.5,-0.5,0.7777777777777778,1.2222222222222223,0.7777777777777778,1.2222222222222223,0,0,0,0.5,0.2222222222222222,0.55,0.37777777777777777,,,,7,,,,,1,,1.0,0.0,0.7586206896551724,,,,,,,,,
24,2024-01-28 18:00:00+00:00,1,28,2024,4,PWHL New York,1,2,PWHL Minnesota,2,Total Mortgage Arena | Bridgeport,0,1,1,0.6,0.8,0.6,0.8,0.7,1.0,0.7,1.0,0,0,0,0.4,0.30000000000000004,0.42000000000000004,0.4,,,,3,5.333333333333333,2.186689094362136,5.880005606923867,0.5799268658856667,1,,1.0,0.0,0.03333333333333333,,,,,,,,,
25,2024-02-03 17:00:00+00:00,2,3,2024,6,PWHL Toronto,4,2,PWHL Minnesota,1,Mattamy Athletic Centre | Toronto,0,1,1,0.36363636363636365,-0.8181818181818182,0.3,-1.2,0.7272727272727273,1.0,0.7,0.7,0,0,0,0.6363636363636364,0.2727272727272727,0.5818181818181818,0.4,,,,5,5.258064516129032,2.190399384214119,5.805664362182561,0.06540722174032298,3,,0.25806451612903225,0.7419354838709677,0.3870967741935484,,,,,,,,,
26,2024-02-04 18:00:00+00:00,2,4,2024,5,PWHL Ottawa,3,4,PWHL New York,4,TD Place | Ottawa,0,1,1,0.2222222222222222,-0.5555555555555556,0.2222222222222222,-0.5555555555555556,0.5454545454545454,0.6363636363636364,0.5,0.3,0,0,0,0.7777777777777778,0.4545454545454546,0.5555555555555556,0.4363636363636363,,,,7,5.25,2.1552636243212993,5.788815906080325,0.1460671242958217,1,,1.0,0.0,0.75,,,,,,,,,
27,2024-02-04 20:30:00+00:00,2,4,2024,1,PWHL Boston,1,3,PWHL Montreal,2,Tsongas Center | Lowell,0,1,1,0.5555555555555556,-0.3333333333333333,0.5555555555555556,-0.3333333333333333,0.5454545454545454,-0.09090909090909091,0.6,0.3,0,0,0,0.4444444444444444,0.4545454545454546,0.5333333333333333,0.509090909090909,,,,3,5.303030303030303,2.1430825999720664,5.83880095302332,0.5841073723355419,1,,1.0,0.0,0.030303030303030304,,,,,,,,,
29,2024-02-15 00:00:00+00:00,2,15,2024,1,PWHL Boston,3,6,PWHL Toronto,5,Tsongas Center | Lowell,0,1,1,0.5,-0.4,0.5,-0.4,0.4166666666666667,-0.5,0.4,-0.8,0,0,0,0.5,0.5833333333333333,0.54,0.55,,,,8,5.235294117647059,2.1470038817964907,5.772045088096181,0.4163273517227757,2,,0.4411764705882353,0.5588235294117647,0.9117647058823529,,,,,,,,,
28,2024-02-15 01:00:00+00:00,2,15,2024,2,PWHL Minnesota,2,5,PWHL Ottawa,1,Xcel Energy Center | St. Paul,0,1,1,0.6666666666666666,0.6666666666666666,0.6,0.3,0.2,-0.6,0.2,-0.6,0,0,0,0.33333333333333337,0.8,0.43333333333333335,0.5599999999999999,,,,3,5.314285714285714,2.1662033549022857,5.855836553011286,0.5806447933514861,1,,1.0,0.0,0.02857142857142857,,,,,,,,,
30,2024-02-17 00:00:00+00:00,2,17,2024,6,PWHL Toronto,3,3,PWHL Montreal,0,Scotiabank Arena | Toronto,0,1,1,0.46153846153846156,-0.3076923076923077,0.5,-0.4,0.5833333333333334,0.0,0.6,0.2,0,0,0,0.5384615384615384,0.41666666666666663,0.5307692307692308,0.5,,,,3,5.25,2.1695950905970585,5.792398772649265,0.5631920057810191,3,,0.25,0.75,0.027777777777777776,,,,,,,,,
31,2024-02-17 19:00:00+00:00,2,17,2024,5,PWHL Ottawa,1,2,PWHL Minnesota,2,TD Place | Ottawa,0,1,1,0.18181818181818182,-0.6363636363636364,0.2,-0.3,0.6923076923076923,0.6923076923076923,0.6,0.3,0,0,0,0.8181818181818181,0.3076923076923077,0.5636363636363637,0.4307692307692308,,,,3,5.1891891891891895,2.1709936004542283,5.731937589302746,0.5469540190253293,1,,1.0,0.0,0.02702702702702703,,,,,,,,,
32,2024-02-17 21:00:00+00:00,2,17,2024,1,PWHL Boston,1,4,PWHL New York,2,Tsongas Center | Lowell,0,1,1,0.45454545454545453,-0.5454545454545454,0.5,-0.3,0.5833333333333334,0.6666666666666666,0.5,0.3,0,0,0,0.5454545454545454,0.41666666666666663,0.5545454545454545,0.43333333333333335,,,,3,5.131578947368421,2.17070237271169,5.674254540546344,0.5318109811492542,1,,1.0,0.0,0.02631578947368421,,,,,,,,,
33,2024-02-18 18:00:00+00:00,2,18,2024,3,PWHL Montreal,2,2,PWHL Minnesota,1,Place Bell | Laval,0,1,1,0.5384615384615384,-0.23076923076923078,0.6,0.0,0.7142857142857143,0.7142857142857143,0.6,0.3,0,0,0,0.46153846153846156,0.2857142857142857,0.5230769230769231,0.4285714285714286,,,,3,5.076923076923077,2.168975205320602,5.619166878253227,0.5176571544154944,1,,1.0,0.0,0.02564102564102564,,,,,,,,,
83,2024-02-19 21:30:00+00:00,2,19,2024,1,PWHL Boston,2,5,PWHL Ottawa,4,Tsongas Center | Lowell,0,1,1,0.4166666666666667,-0.5833333333333334,0.5,-0.2,0.16666666666666666,-0.6666666666666666,0.2,-0.3,0,0,0,0.5833333333333333,0.8333333333333334,0.5583333333333333,0.5666666666666667,,,,6,5.025,2.1660255461712974,5.566506386542825,0.01982744659326996,2,,0.425,0.575,0.725,,,,,,,,,
34,2024-02-22 00:00:00+00:00,2,22,2024,1,PWHL Boston,3,5,PWHL Ottawa,1,Tsongas Center | Lowell,0,1,1,0.38461538461538464,-0.6923076923076923,0.4,-0.6,0.23076923076923078,-0.46153846153846156,0.3,0.1,0,0,0,0.6153846153846154,0.7692307692307692,0.5692307692307692,0.5461538461538462,,,,4,5.0476190476190474,2.117895653160731,5.57709296090923,0.24213688851966286,2,,0.42857142857142855,0.5714285714285714,0.2857142857142857,,,,,,,,,
35,2024-02-22 00:00:00+00:00,2,22,2024,4,PWHL New York,3,3,PWHL Montreal,2,UBS Arena | Elmont,0,1,1,0.6153846153846154,0.6923076923076923,0.5,0.2,0.5714285714285714,-0.14285714285714285,0.6,0.0,0,0,0,0.3846153846153846,0.4285714285714286,0.4307692307692308,0.5142857142857143,,,,5,5.048780487804878,2.144192383068683,5.584828583572049,0.03651301126029127,1,,1.0,0.0,0.43902439024390244,,,,,,,,,
36,2024-02-24 00:00:00+00:00,2,24,2024,6,PWHL Toronto,2,4,PWHL New York,1,Mattamy Athletic Centre | Toronto,0,1,1,0.5,-0.07142857142857142,0.6,0.3,0.6428571428571429,0.7142857142857143,0.5,-0.1,0,0,0,0.5,0.3571428571428571,0.5071428571428571,0.4285714285714286,,,,3,5.023255813953488,2.0986205457170835,5.547910950382759,0.5214551650258981,1,,1.0,0.0,0.023255813953488372,,,,,,,,,
37,2024-02-24 19:30:00+00:00,2,24,2024,3,PWHL Montreal,6,5,PWHL Ottawa,3,Verdun Auditorium | Montreal,0,1,1,0.5333333333333333,-0.2,0.6,0.2,0.21428571428571427,-0.5714285714285714,0.3,0.0,0,0,0,0.4666666666666667,0.7857142857142857,0.52,0.5571428571428572,,,,9,4.9772727272727275,2.096382669262243,5.5013683945882885,0.7515705914165044,3,,0.22727272727272727,0.7727272727272727,0.9318181818181818,,,,,,,,,
38,2024-02-25 21:00:00+00:00,2,25,2024,2,PWHL Minnesota,0,1,PWHL Boston,2,Xcel Energy Center | St. Paul,0,1,1,0.6666666666666666,0.6,0.5,-0.1,0.42857142857142855,-0.5,0.5,-0.3,0,0,0,0.33333333333333337,0.5714285714285714,0.44000000000000006,0.55,,,,2,5.066666666666666,2.157439559882375,5.60602655663726,0.7526256657683837,2,,0.4444444444444444,0.5555555555555556,0.0,,,,,,,,,
40,2024-02-28 01:00:00+00:00,2,28,2024,2,PWHL Minnesota,3,6,PWHL Toronto,4,3M Arena at Mariucci | Minneapolis,0,1,1,0.625,0.4375,0.4,-0.5,0.5333333333333333,0.0,0.6,0.3,0,0,0,0.375,0.4666666666666667,0.45625000000000004,0.5,,,,7,5.0,2.180723631172817,5.545180907793204,0.19950825385273385,1,,1.0,0.0,0.7608695652173914,,,,,,,,,
39,2024-02-29 00:00:00+00:00,2,29,2024,5,PWHL Ottawa,4,4,PWHL New York,2,TD Place | Ottawa,0,1,1,0.2,-0.7333333333333333,0.2,-0.7,0.6,0.6,0.5,-0.1,0,0,0,0.8,0.4,0.5733333333333334,0.44000000000000006,,,,6,5.042553191489362,2.1765294153817916,5.586685545334809,0.01786869231647914,2,,0.44680851063829785,0.5531914893617021,0.7021276595744681,,,,,,,,,
41,2024-03-02 20:30:00+00:00,3,2,2024,5,PWHL Ottawa,2,6,PWHL Toronto,5,TD Place | Ottawa,0,1,1,0.25,-0.5625,0.3,-0.4,0.5625,0.0625,0.7,0.6,0,0,0,0.75,0.4375,0.55625,0.49375,,,,7,5.0625,2.1576804921913206,5.60192012304783,0.18935321107626268,3,,0.22916666666666666,0.7708333333333334,0.75,,,,,,,,,
42,2024-03-02 21:00:00+00:00,3,2,2024,3,PWHL Montreal,3,1,PWHL Boston,1,Verdun Auditorium | Montreal,0,1,1,0.5625,0.0,0.6,0.2,0.4666666666666667,-0.3333333333333333,0.5,-0.2,0,0,0,0.4375,0.5333333333333333,0.5,0.5333333333333333,,,,4,5.1020408163265305,2.1529524104430764,5.6402789189373,0.2519056380777662,2,,0.46938775510204084,0.5306122448979591,0.2857142857142857,,,,,,,,,
43,2024-03-03 17:30:00+00:00,3,3,2024,4,PWHL New York,0,2,PWHL Minnesota,2,UBS Arena | Elmont,0,1,1,0.5625,0.4375,0.5,0.0,0.5882352941176471,0.35294117647058826,0.4,-0.5,0,0,0,0.4375,0.4117647058823529,0.45625000000000004,0.4647058823529412,,,,2,5.08,2.136562182381705,5.6141405455954265,0.7608588723093872,2,,0.48,0.52,0.0,,,,,,,,,
44,2024-03-06 01:00:00+00:00,3,6,2024,2,PWHL Minnesota,4,5,PWHL Ottawa,3,Xcel Energy Center | St. Paul,0,1,1,0.6111111111111112,0.4444444444444444,0.4,-0.4,0.23529411764705882,-0.7058823529411765,0.2,-0.9,0,0,0,0.38888888888888884,0.7647058823529411,0.4555555555555555,0.5705882352941176,,,,7,5.019607843137255,2.158612481001918,5.559260963387734,0.19967424859984884,1,,1.0,0.0,0.7450980392156863,,,,,,,,,
45,2024-03-07 00:00:00+00:00,3,7,2024,6,PWHL Toronto,3,1,PWHL Boston,1,Mattamy Athletic Centre | Toronto,0,1,1,0.5882352941176471,0.23529411764705882,0.8,1.3,0.4375,-0.4375,0.4,-0.5,0,0,0,0.4117647058823529,0.5625,0.4764705882352941,0.54375,,,,4,5.09433962264151,2.150707852557781,5.6320165857809545,0.25017070218350035,2,,0.4716981132075472,0.5283018867924528,0.2830188679245283,,,,,,,,,
46,2024-03-07 00:00:00+00:00,3,7,2024,4,PWHL New York,3,3,PWHL Montreal,4,Total Mortgage Arena | Bridgeport,0,1,1,0.5294117647058824,0.29411764705882354,0.4,-0.3,0.5882352941176471,0.11764705882352941,0.7,0.5,0,0,0,0.47058823529411764,0.4117647058823529,0.47058823529411764,0.4882352941176471,,,,7,5.0576923076923075,2.1549165084455226,5.5964214348036885,0.19113274529840396,1,,1.0,0.0,0.7307692307692307,,,,,,,,,
47,2024-03-09 00:00:00+00:00,3,9,2024,6,PWHL Toronto,3,3,PWHL Montreal,0,Mattamy Athletic Centre | Toronto,0,1,1,0.6111111111111112,0.3333333333333333,0.9,1.6,0.6111111111111112,0.16666666666666666,0.7,0.5,0,0,0,0.38888888888888884,0.38888888888888884,0.4666666666666667,0.4833333333333333,,,,3,5.074074074074074,2.1355203674262917,5.607954165930647,0.5255965412073176,3,,0.2222222222222222,0.7777777777777778,0.05555555555555555,,,,,,,,,
48,2024-03-10 19:00:00+00:00,3,10,2024,1,PWHL Boston,3,4,PWHL New York,2,Tsongas Center | Lowell,0,1,1,0.4117647058823529,-0.5294117647058824,0.4,-0.4,0.5,0.2222222222222222,0.4,-0.3,0,0,0,0.5882352941176471,0.5,0.5529411764705883,0.47777777777777775,,,,5,5.036363636363636,2.1340592199394925,5.569878441348509,0.03502693418963121,1,,1.0,0.0,0.45454545454545453,,,,,,,,,
49,2024-03-10 20:00:00+00:00,3,10,2024,3,PWHL Montreal,2,5,PWHL Ottawa,4,Place Bell | Laval,0,1,1,0.5789473684210527,0.0,0.7,0.3,0.2222222222222222,-0.7222222222222222,0.2,-0.9,0,0,0,0.42105263157894735,0.7777777777777778,0.5,0.5722222222222222,,,,6,5.035714285714286,2.114575269747703,5.5643581031512115,0.020998238958175208,2,,0.48214285714285715,0.5178571428571428,0.6785714285714286,,,,,,,,,
50,2024-03-14 00:00:00+00:00,3,14,2024,2,PWHL Minnesota,4,1,PWHL Boston,0,Xcel Energy Center | St. Paul,0,1,1,0.631578947368421,0.47368421052631576,0.5,-0.2,0.4444444444444444,-0.4444444444444444,0.4,-0.4,0,0,0,0.368421052631579,0.5555555555555556,0.4526315789473684,0.5444444444444445,,,,4,5.052631578947368,2.0994986870303367,5.577506250704952,0.24593790322967746,4,,0.07017543859649122,0.9298245614035088,0.2807017543859649,,,,,,,,,
51,2024-03-16 19:30:00+00:00,3,16,2024,2,PWHL Minnesota,5,4,PWHL New York,1,Xcel Energy Center | St. Paul,0,1,1,0.65,0.65,0.6,0.3,0.47368421052631576,0.15789473684210525,0.3,-0.7,0,0,0,0.35,0.5263157894736843,0.43499999999999994,0.4842105263157894,,,,6,5.0344827586206895,2.0855855944140353,5.555879157224198,0.022418271198889173,4,,0.08620689655172414,0.9137931034482758,0.6724137931034483,,,,,,,,,
65,2024-03-16 22:00:00+00:00,3,16,2024,1,PWHL Boston,2,5,PWHL Ottawa,1,Little Caesars Arena | Detroit,0,1,1,0.42105263157894735,-0.631578947368421,0.3,-0.9,0.2631578947368421,-0.5789473684210527,0.3,-0.6,0,0,0,0.5789473684210527,0.736842105263158,0.5631578947368421,0.5578947368421053,,,,3,5.0508474576271185,2.07134579618279,5.568683906672816,0.5364906796119409,1,,1.0,0.0,0.05084745762711865,,,,,,,,,
66,2024-03-17 16:30:00+00:00,3,17,2024,3,PWHL Montreal,1,6,PWHL Toronto,2,PPG Paints Arena | Pittsburgh,0,1,1,0.55,-0.1,0.6,0.0,0.631578947368421,0.47368421052631576,0.9,1.8,0,0,0,0.44999999999999996,0.368421052631579,0.51,0.4526315789473684,,,,3,5.016666666666667,2.0707131880935696,5.534344963690059,0.5271443273104451,1,,1.0,0.0,0.05,,,,,,,,,
52,2024-03-20 23:00:00+00:00,3,20,2024,6,PWHL Toronto,2,1,PWHL Boston,1,Mattamy Athletic Centre | Toronto,0,1,1,0.65,0.5,1.0,2.1,0.45,-0.55,0.4,-0.7,0,0,0,0.35,0.55,0.44999999999999996,0.5549999999999999,,,,3,4.983606557377049,2.0695555342366676,5.500995440936216,0.5181872252542684,1,,1.0,0.0,0.04918032786885246,,,,,,,,,
53,2024-03-20 23:00:00+00:00,3,20,2024,4,PWHL New York,0,5,PWHL Ottawa,3,Total Mortgage Arena | Bridgeport,0,1,1,0.45,-0.05,0.3,-0.9,0.25,-0.6,0.3,-0.6,0,0,0,0.55,0.75,0.505,0.5599999999999999,,,,3,4.951612903225806,2.06792379726773,5.468593852542739,0.5095957361660721,3,,0.24193548387096775,0.7580645161290323,0.04838709677419355,,,,,,,,,
54,2024-03-23 17:00:00+00:00,3,23,2024,5,PWHL Ottawa,5,6,PWHL Toronto,3,TD Place | Ottawa,0,1,1,0.2857142857142857,-0.42857142857142855,0.4,-0.2,0.6666666666666666,0.5238095238095238,1.0,2.0,0,0,0,0.7142857142857143,0.33333333333333337,0.5428571428571429,0.4476190476190476,,,,8,4.920634920634921,2.065863775460735,5.437100864500104,0.5367726438448523,2,,0.49206349206349204,0.5079365079365079,0.9206349206349206,,,,,,,,,
55,2024-03-24 20:00:00+00:00,3,24,2024,2,PWHL Minnesota,3,3,PWHL Montreal,2,Xcel Energy Center | St. Paul,0,1,1,0.6666666666666666,0.8095238095238095,0.6,0.6,0.5238095238095238,-0.14285714285714285,0.5,-0.2,0,0,0,0.33333333333333337,0.47619047619047616,0.4190476190476191,0.5142857142857143,,,,5,4.96875,2.085237225285,5.49005930632125,0.027237890568683643,1,,1.0,0.0,0.46875,,,,,,,,,
56,2024-03-25 23:00:00+00:00,3,25,2024,4,PWHL New York,3,1,PWHL Boston,2,UBS Arena | Elmont,0,1,1,0.42857142857142855,-0.19047619047619047,0.3,-1.1,0.42857142857142855,-0.5714285714285714,0.4,-0.6,0,0,0,0.5714285714285714,0.5714285714285714,0.5190476190476191,0.5571428571428572,,,,5,4.969230769230769,2.0688858019568075,5.486452219719971,0.027263943856275397,1,,1.0,0.0,0.46153846153846156,,,,,,,,,
57,2024-04-18 23:00:00+00:00,4,18,2024,1,PWHL Boston,2,6,PWHL Toronto,1,Tsongas Center | Lowell,0,1,1,0.4090909090909091,-0.5909090909090909,0.4,-0.6,0.6363636363636364,0.4090909090909091,0.9,1.5,0,0,0,0.5909090909090908,0.36363636363636365,0.5590909090909091,0.4590909090909091,,,,3,4.96969696969697,2.0529131044572284,5.482925245811277,0.5187661854276051,1,,1.0,0.0,0.045454545454545456,,,,,,,,,
58,2024-04-18 23:00:00+00:00,4,18,2024,3,PWHL Montreal,4,2,PWHL Minnesota,3,Verdun Auditorium | Montreal,0,1,1,0.5,-0.18181818181818182,0.4,-0.4,0.6818181818181818,0.8181818181818182,0.7,1.0,0,0,0,0.5,0.31818181818181823,0.5181818181818182,0.4181818181818182,,,,7,4.940298507462686,2.0514636091937444,5.453164409761122,0.24743640334681005,1,,1.0,0.0,0.7611940298507462,,,,,,,,,
67,2024-04-20 17:00:00+00:00,4,20,2024,3,PWHL Montreal,2,6,PWHL Toronto,3,Bell Centre | Montréal,0,1,1,0.5217391304347826,-0.13043478260869565,0.5,0.0,0.6086956521739131,0.34782608695652173,0.8,1.2,0,0,0,0.4782608695652174,0.3913043478260869,0.5130434782608695,0.4652173913043478,,,,5,4.970588235294118,2.051359856474492,5.4834281994127405,0.027386364849531053,1,,1.0,0.0,0.45588235294117646,,,,,,,,,
68,2024-04-20 19:30:00+00:00,4,20,2024,4,PWHL New York,1,1,PWHL Boston,2,Prudential Center | Newark,0,1,1,0.45454545454545453,-0.13636363636363635,0.3,-1.1,0.43478260869565216,-0.5217391304347826,0.5,-0.3,0,0,0,0.5454545454545454,0.5652173913043479,0.5136363636363637,0.5521739130434782,,,,3,4.971014492753623,2.036223540923344,5.480070377984459,0.5237118043340228,1,,1.0,0.0,0.043478260869565216,,,,,,,,,
59,2024-04-20 23:00:00+00:00,4,20,2024,5,PWHL Ottawa,4,2,PWHL Minnesota,0,TD Place | Ottawa,0,1,1,0.3181818181818182,-0.3181818181818182,0.5,0.1,0.6521739130434783,0.7391304347826086,0.6,0.8,0,0,0,0.6818181818181819,0.34782608695652173,0.5318181818181819,0.4260869565217391,,,,4,4.942857142857143,2.0350957979496442,5.451631092344554,0.22461646216458253,4,,0.08571428571428572,0.9142857142857143,0.3142857142857143,,,,,,,,,
60,2024-04-24 23:00:00+00:00,4,24,2024,3,PWHL Montreal,5,4,PWHL New York,2,Verdun Auditorium | Montreal,0,1,1,0.5,-0.16666666666666666,0.4,-0.2,0.43478260869565216,-0.17391304347826086,0.2,-1.3,0,0,0,0.5,0.5652173913043479,0.5166666666666667,0.5173913043478261,,,,7,4.929577464788732,2.02360317723448,5.435478259097352,0.25834427378035174,3,,0.23943661971830985,0.7605633802816901,0.7605633802816901,,,,,,,,,
69,2024-04-24 23:00:00+00:00,4,24,2024,5,PWHL Ottawa,3,1,PWHL Boston,2,TD Place | Ottawa,0,1,1,0.34782608695652173,-0.13043478260869565,0.5,0.3,0.4583333333333333,-0.4583333333333333,0.5,-0.4,0,0,0,0.6521739130434783,0.5416666666666667,0.5130434782608695,0.5458333333333333,,,,5,4.958333333333333,2.024062989611611,5.464349080736236,0.025972235756657525,1,,1.0,0.0,0.4583333333333333,,,,,,,,,
62,2024-04-27 16:30:00+00:00,4,27,2024,5,PWHL Ottawa,0,3,PWHL Montreal,2,TD Place | Ottawa,0,1,1,0.375,-0.08333333333333333,0.6,0.6,0.52,-0.04,0.5,0.2,0,0,0,0.625,0.48,0.5083333333333333,0.504,,,,2,4.958904109589041,2.0099637653200477,5.461395050919053,0.7730091192967118,2,,0.4657534246575342,0.5342465753424658,0.0,,,,,,,,,
70,2024-04-27 18:00:00+00:00,4,27,2024,2,PWHL Minnesota,1,1,PWHL Boston,2,Xcel Energy Center | St. Paul,0,1,1,0.625,0.5416666666666666,0.5,0.3,0.44,-0.48,0.4,-0.7,0,0,0,0.375,0.56,0.4458333333333333,0.548,,,,3,4.918918918918919,2.0255677827836003,5.425310864614819,0.5116983375481168,1,,1.0,0.0,0.05405405405405406,,,,,,,,,
61,2024-04-28 17:00:00+00:00,4,28,2024,4,PWHL New York,2,6,PWHL Toronto,6,UBS Arena | Elmont,0,1,1,0.4166666666666667,-0.2916666666666667,0.1,-1.7,0.625,0.375,0.8,1.0,0,0,0,0.5833333333333333,0.375,0.5291666666666667,0.4625,,,,8,4.8933333333333335,2.0240001424349203,5.399333368942064,0.5619850859144528,4,,0.09333333333333334,0.9066666666666666,0.92,,,,,,,,,
71,2024-04-30 23:00:00+00:00,4,30,2024,4,PWHL New York,4,5,PWHL Ottawa,3,Prudential Center | Newark,0,1,1,0.4,-0.44,0.1,-2.0,0.36,-0.16,0.6,0.7,0,0,0,0.6,0.64,0.544,0.516,,,,7,4.934210526315789,2.0418000314479996,5.444660534177789,0.2518343692110362,1,,1.0,0.0,0.75,,,,,,,,,
63,2024-05-01 23:00:00+00:00,5,1,2024,6,PWHL Toronto,4,2,PWHL Minnesota,1,Mattamy Athletic Centre | Toronto,0,1,1,0.64,0.52,0.8,1.3,0.6,0.48,0.5,0.3,0,0,0,0.36,0.4,0.44800000000000006,0.45199999999999996,,,,5,4.961038961038961,2.041938954971594,5.4715236997818595,0.026309636456537167,3,,0.24675324675324675,0.7532467532467533,0.45454545454545453,,,,,,,,,
73,2024-05-04 17:00:00+00:00,5,4,2024,4,PWHL New York,5,2,PWHL Minnesota,2,UBS Arena | Elmont,0,1,1,0.4230769230769231,-0.38461538461538464,0.2,-1.7,0.5769230769230769,0.34615384615384615,0.5,0.2,0,0,0,0.5769230769230769,0.42307692307692313,0.5384615384615385,0.4653846153846154,,,,7,4.961538461538462,2.0286410760370144,5.4686987305477155,0.2479048225672199,3,,0.2564102564102564,0.7435897435897436,0.7435897435897436,,,,,,,,,
64,2024-05-04 19:30:00+00:00,5,4,2024,1,PWHL Boston,4,3,PWHL Montreal,3,Tsongas Center | Lowell,0,1,1,0.46153846153846156,-0.4230769230769231,0.5,-0.4,0.5384615384615384,0.038461538461538464,0.5,0.1,0,0,0,0.5384615384615384,0.46153846153846156,0.5423076923076924,0.49615384615384617,,,,7,4.987341772151899,2.0286010771988177,5.494492041451603,0.2407214744420706,1,,1.0,0.0,0.7341772151898734,,,,,,,,,
72,2024-05-05 23:00:00+00:00,5,5,2024,6,PWHL Toronto,5,5,PWHL Ottawa,2,Mattamy Athletic Centre | Toronto,0,1,1,0.6538461538461539,0.6153846153846154,0.8,1.5,0.34615384615384615,-0.19230769230769232,0.5,0.4,0,0,0,0.34615384615384615,0.6538461538461539,0.43846153846153846,0.5192307692307693,,,,7,5.0125,2.0282420523164415,5.51956051307911,0.23385683127320345,3,,0.2625,0.7375,0.725,,,,,,,,,
84,2024-05-08 23:00:00+00:00,5,8,2024,6,PWHL Toronto,4,2,PWHL Minnesota,0,Coca-Cola Coliseum | Toronto,1,1,3,0.6666666666666666,0.7037037037037037,0.8,1.5,0.5555555555555556,0.2222222222222222,0.5,0.0,0,0,0,0.33333333333333337,0.4444444444444444,0.4296296296296296,0.47777777777777775,,,,4,5.037037037037037,2.0275875100994063,5.543933914561888,0.2516715874451718,4,,0.09876543209876543,0.9012345679012346,0.2962962962962963,,,,,,,,,
85,2024-05-09 23:00:00+00:00,5,9,2024,3,PWHL Montreal,1,1,PWHL Boston,2,Place Bell | Laval,1,1,3,0.5185185185185185,0.0,0.4,-0.2,0.48148148148148145,-0.37037037037037035,0.6,-0.1,0,0,0,0.4814814814814815,0.5185185185185186,0.5,0.537037037037037,,,,3,5.024390243902439,2.0182843818029137,5.528961339353168,0.5438967948159601,1,,1.0,0.0,0.04878048780487805,,,,,,,,,
86,2024-05-10 23:00:00+00:00,5,10,2024,6,PWHL Toronto,2,2,PWHL Minnesota,0,Coca-Cola Coliseum | Toronto,1,1,3,0.6785714285714286,0.8214285714285714,0.8,1.7,0.5357142857142857,0.07142857142857142,0.4,-0.6,1,0,1,0.3214285714285714,0.4642857142857143,0.4178571428571429,0.4928571428571429,,,,2,5.0,2.018209783869684,5.504552445967421,0.7785717990691943,2,,0.4819277108433735,0.5180722891566265,0.0,,,,,,,,,
87,2024-05-11 23:00:00+00:00,5,11,2024,3,PWHL Montreal,1,1,PWHL Boston,2,Place Bell | Laval,1,1,3,0.5,-0.03571428571428571,0.3,-0.4,0.5,-0.32142857142857145,0.6,-0.1,0,1,1,0.5,0.5,0.5035714285714286,0.5321428571428571,,,,3,4.964285714285714,2.03254501615217,5.472421968323757,0.5228073321965545,1,,1.0,0.0,0.05952380952380952,,,,,,,,,
88,2024-05-14 00:00:00+00:00,5,14,2024,2,PWHL Minnesota,2,6,PWHL Toronto,0,Xcel Energy Center | St. Paul,1,1,3,0.5172413793103449,0.0,0.3,-0.9,0.6896551724137931,0.8620689655172413,0.8,1.6,0,2,2,0.48275862068965514,0.31034482758620685,0.5,0.4137931034482759,,,,2,4.9411764705882355,2.0316129012171973,5.449079695892535,0.7633330492115455,2,,0.4823529411764706,0.5176470588235293,0.0,,,,,,,,,
89,2024-05-14 23:00:00+00:00,5,14,2024,1,PWHL Boston,3,3,PWHL Montreal,2,Tsongas Center | Lowell,1,1,3,0.5172413793103449,-0.27586206896551724,0.7,0.4,0.4827586206896552,-0.06896551724137931,0.3,-0.2,2,0,2,0.48275862068965514,0.5172413793103448,0.5275862068965517,0.506896551724138,,,,5,4.906976744186046,2.044377696062713,5.418071168201725,0.020692625410749343,1,,1.0,0.0,0.46511627906976744,,,,,,,,,
90,2024-05-16 00:00:00+00:00,5,16,2024,2,PWHL Minnesota,1,6,PWHL Toronto,0,Xcel Energy Center | St. Paul,1,1,3,0.5333333333333333,0.06666666666666667,0.3,-1.1,0.6666666666666666,0.7666666666666667,0.7,1.3,1,2,2,0.4666666666666667,0.33333333333333337,0.4933333333333334,0.42333333333333334,,,,1,4.908045977011494,2.0324814934255486,5.416166350367882,0.9056288464986344,1,,1.0,0.0,0.0,,,,,,,,,
92,2024-05-17 23:00:00+00:00,5,17,2024,6,PWHL Toronto,1,2,PWHL Minnesota,4,Coca-Cola Coliseum | Toronto,1,1,3,0.6333333333333333,0.6333333333333333,0.6,1.1,0.5333333333333333,-0.03333333333333333,0.3,-1.4,2,2,2,0.3666666666666667,0.4666666666666667,0.43666666666666676,0.5033333333333333,,,,5,4.863636363636363,2.06326277811045,5.3794520581639755,0.016769020477967023,3,,0.26136363636363635,0.7386363636363636,0.4659090909090909,,,,,,,,,
94,2024-05-19 21:00:00+00:00,5,19,2024,1,PWHL Boston,4,2,PWHL Minnesota,3,Tsongas Center | Lowell,1,1,3,0.5333333333333333,-0.23333333333333334,0.7,0.4,0.5333333333333333,0.03333333333333333,0.3,-1.2,3,3,3,0.4666666666666667,0.4666666666666667,0.5233333333333333,0.4966666666666667,,,,7,4.865168539325842,2.051557120579142,5.378057819470628,0.2683967387067331,1,,1.0,0.0,0.7415730337078652,,,,,,,,,
95,2024-05-21 23:00:00+00:00,5,21,2024,1,PWHL Boston,0,2,PWHL Minnesota,3,Tsongas Center | Lowell,1,1,3,0.5666666666666667,-0.1,0.8,0.6,0.5,-0.03333333333333333,0.3,-1.2,4,3,4,0.43333333333333335,0.5,0.51,0.5033333333333333,,,,3,4.888888888888889,2.0523729453042225,5.4019821252149445,0.49583536321919996,3,,0.26666666666666666,0.7333333333333334,0.07777777777777778,,,,,,,,,
96,2024-05-24 23:00:00+00:00,5,24,2024,2,PWHL Minnesota,4,1,PWHL Boston,1,Xcel Energy Center | St. Paul,1,1,3,0.5,0.03333333333333333,0.4,-0.5,0.5666666666666667,-0.13333333333333333,0.8,0.4,4,4,4,0.5,0.43333333333333335,0.4966666666666667,0.5133333333333334,,,,5,4.868131868131868,2.0505218371526324,5.380762327420026,0.017092705509030748,3,,0.27472527472527475,0.7252747252747253,0.46153846153846156,,,,,,,,,
97,2024-05-26 22:00:00+00:00,5,26,2024,2,PWHL Minnesota,0,1,PWHL Boston,1,Xcel Energy Center | St. Paul,1,1,3,0.5,0.03333333333333333,0.5,-0.1,0.5333333333333333,-0.3,0.7,0.0,5,4,5,0.5,0.4666666666666667,0.4966666666666667,0.53,,,,1,4.869565217391305,2.0392704540376547,5.379382830900719,0.9003339602970277,1,,1.0,0.0,0.0,,,,,,,,,
98,2024-05-29 23:00:00+00:00,5,29,2024,1,PWHL Boston,0,2,PWHL Minnesota,3,Tsongas Center | Lowell,1,1,3,0.5666666666666667,-0.23333333333333334,0.7,0.0,0.4666666666666667,-0.06666666666666667,0.5,0.1,5,5,5,0.43333333333333335,0.5333333333333333,0.5233333333333333,0.5066666666666666,,,,3,4.827956989247312,2.067468815357996,5.3448241930868114,0.4743662201665406,3,,0.27956989247311825,0.7204301075268817,0.08602150537634409,,,,,,,,,
99,2024-11-20 19:00:00+00:00,11,20,2024,1,Boston Fleet,3,3,Montréal Victoire,1,Verdun Auditorium | Montreal,0,2,4,,,,,,,,,0,0,0,,,,,,,,4,4.808510638297872,2.064948622051786,5.324747793810819,0.1859935500504133,2,,0.48936170212765956,0.5106382978723405,0.3404255319148936,,,,,,,,,
100,2024-11-20 19:15:00+00:00,11,20,2024,2,Minnesota Frost,3,6,Toronto Sceptres,1,Ford Performance Centre | Toronto,0,2,4,,,,,,,,,0,0,0,,,,,,,,4,4.8,2.055609864466898,5.3139024661167245,0.18476171765052585,2,,0.49473684210526314,0.5052631578947369,0.3368421052631579,,,,,,,,,
101,2024-11-21 19:00:00+00:00,11,21,2024,5,Ottawa Charge,6,1,Boston Fleet,1,Verdun Auditorium | Montreal,0,2,4,,,,,1.0,2.0,1.0,2.0,0,0,0,,0.0,,0.30000000000000004,,,,7,4.791666666666667,2.046391775356228,5.303264610505724,0.29088145335798643,5,,0.0,1.0,0.75,,,,,,,,,
102,2024-11-21 19:30:00+00:00,11,21,2024,4,New York Sirens,3,2,Minnesota Frost,4,Ford Performance Centre | Toronto,0,2,4,,,,,1.0,2.0,1.0,2.0,0,0,0,,0.0,,0.30000000000000004,,,,7,4.814432989690721,2.048016809558378,5.326437192080316,0.2838584128419068,1,,1.0,0.0,0.7422680412371134,,,,,,,,,
103,2024-11-22 19:00:00+00:00,11,22,2024,3,Montréal Victoire,6,5,Ottawa Charge,3,Verdun Auditorium | Montreal,0,2,4,0.0,-2.0,0.0,-2.0,1.0,5.0,1.0,5.0,0,0,0,1.0,0.0,0.7,0.0,,,,9,4.836734693877551,2.0493593545151048,5.349074532506327,0.7954338690724521,3,,0.2857142857142857,0.7142857142857143,0.9591836734693877,,,,,,,,,
104,2024-11-22 19:30:00+00:00,11,22,2024,6,Toronto Sceptres,2,4,New York Sirens,5,Ford Performance Centre | Toronto,0,2,4,0.0,-2.0,0.0,-2.0,0.0,-1.0,0.0,-1.0,0,0,0,1.0,1.0,0.7,0.6,,,,7,4.878787878787879,2.0813688944907436,5.399130102410565,0.25605660032490185,3,,0.29292929292929293,0.7070707070707071,0.7272727272727273,,,,,,,,,
105,2024-11-30 19:00:00+00:00,11,30,2024,6,Toronto Sceptres,3,1,Boston Fleet,1,Coca-Cola Coliseum | Toronto,0,2,5,0.0,-2.5,0.0,-2.5,0.5,-1.5,0.5,-1.5,0,0,0,1.0,0.5,0.75,0.65,,,,4,4.9,2.081665999466133,5.420416499866533,0.20768642879022514,2,,0.51,0.49,0.32,,,,,,,,,
106,2024-11-30 22:00:00+00:00,11,30,2024,3,Montréal Victoire,4,5,Ottawa Charge,3,Place Bell | Laval,0,2,5,0.5,0.5,0.5,0.5,0.5,1.0,0.5,1.0,0,0,0,0.5,0.5,0.44999999999999996,0.4,,,,7,4.891089108910891,2.073166612209496,5.409380761963265,0.25496916860410135,1,,1.0,0.0,0.7227722772277227,,,,,,,,,
107,2024-12-01 23:00:00+00:00,12,1,2024,2,Minnesota Frost,3,4,New York Sirens,4,Xcel Energy Center | St. Paul,0,2,5,1.0,1.5,1.0,1.5,0.5,1.0,0.5,1.0,0,0,0,0.0,0.5,0.35,0.4,,,,7,4.911764705882353,2.073419432268428,5.43011956394946,0.24921409137703887,1,,1.0,0.0,0.7156862745098039,,,,,,,,,
108,2024-12-04 00:00:00+00:00,12,4,2024,5,Ottawa Charge,3,6,Toronto Sceptres,2,TD Place | Ottawa,0,2,5,0.3333333333333333,0.3333333333333333,0.3333333333333333,0.3333333333333333,0.3333333333333333,-1.0,0.3333333333333333,-1.0,0,0,0,0.6666666666666667,0.6666666666666667,0.4666666666666667,0.6,,,,5,4.932038834951456,2.0734651111375166,5.450405112735835,0.023316860861649635,1,,1.0,0.0,0.4563106796116505,,,,,,,,,
109,2024-12-05 00:00:00+00:00,12,5,2024,1,Boston Fleet,1,2,Minnesota Frost,2,Tsongas Center | Lowell,0,2,5,0.3333333333333333,-1.6666666666666667,0.3333333333333333,-1.6666666666666667,0.6666666666666666,0.6666666666666666,0.6666666666666666,0.6666666666666666,0,0,0,0.6666666666666667,0.33333333333333337,0.6666666666666667,0.43333333333333335,,0.22115384615384615,,3,4.9326923076923075,2.063385958356831,5.448538797281516,0.5054374661112142,1,0.7788461538461539,1.0,0.0,0.07692307692307693,0.15,0.4160096153846154,,0.5662204142011834,,,,,
110,2024-12-05 00:00:00+00:00,12,5,2024,3,Montréal Victoire,1,4,New York Sirens,4,Place Bell | Laval,0,2,5,0.6666666666666666,0.6666666666666666,0.6666666666666666,0.6666666666666666,0.6666666666666666,1.0,0.6666666666666666,1.0,0,0,0,0.33333333333333337,0.33333333333333337,0.43333333333333335,0.4,,0.21904761904761905,,5,4.914285714285715,2.0620857892429703,5.429807161596457,0.02148797366764721,3,0.780952380952381,0.2857142857142857,0.7142857142857143,0.45714285714285713,0.29285714285714287,0.34683673469387755,,0.4925150631681243,,,,,
172,2024-12-07 00:00:00+00:00,12,7,2024,5,Ottawa Charge,1,3,Montréal Victoire,2,Canadian Tire Centre | Ottawa,0,2,5,0.5,0.5,0.5,0.5,0.5,-0.25,0.5,-0.25,0,0,0,0.5,0.5,0.44999999999999996,0.525,0.3584905660377358,0.5188679245283019,0.4386792452830188,3,4.915094339622642,2.0522597279621495,5.428159271613179,0.5033840083914909,1,0.6415094339622642,1.0,0.0,0.07547169811320754,0.15,0.3576415094339623,0.16580188679245284,0.4910270558917764,0.2938679245283019,0.5403301886792452,0.32049365774589955,,
111,2024-12-07 19:00:00+00:00,12,7,2024,6,Toronto Sceptres,3,2,Minnesota Frost,6,Coca-Cola Coliseum | Toronto,0,2,5,0.25,-1.0,0.25,-1.0,0.75,0.75,0.75,0.75,0,0,0,0.75,0.25,0.6,0.42500000000000004,0.822429906542056,0.14018691588785046,0.48130841121495327,9,4.897196261682243,2.050929745166454,5.409928697973856,0.7839090307286656,3,0.8598130841121495,0.2897196261682243,0.7102803738317758,0.9532710280373832,0.29205607476635514,0.37514411739016507,0.172196261682243,0.6770486627816329,0.29813084112149535,0.5296728971962616,0.6016787104861382,,
112,2024-12-08 21:00:00+00:00,12,8,2024,1,Boston Fleet,4,4,New York Sirens,2,Tsongas Center | Lowell,0,2,5,0.25,-1.5,0.25,-1.5,0.75,1.5,0.75,1.5,0,0,0,0.75,0.25,0.65,0.35,0.8611111111111112,0.09259259259259259,0.47685185185185186,6,4.935185185185185,2.0791494852964223,5.454972556509291,0.03377503475840793,2,0.9074074074074074,0.5,0.5,0.6666666666666666,0.25,0.41527777777777775,0.17152777777777778,0.6576388888888889,0.29768518518518516,0.5307870370370371,0.4077427307991381,,
113,2024-12-18 00:00:00+00:00,12,18,2024,1,Boston Fleet,3,5,Ottawa Charge,2,Tsongas Center | Lowell,0,2,5,0.4,-0.8,0.4,-0.8,0.4,0.2,0.4,0.2,0,0,0,0.6,0.6,0.58,0.48,0.6697247706422018,0.6055045871559633,0.6376146788990826,5,4.944954128440367,2.0720130772562135,5.46295739775442,0.02465233583632065,1,0.39449541284403666,1.0,0.0,0.44954128440366975,0.15,0.2526605504587156,0.19564220183486242,0.5803636057570911,0.3137614678899083,0.49059633027522925,0.3176344588608988,,
114,2024-12-19 00:00:00+00:00,12,19,2024,4,New York Sirens,4,6,Toronto Sceptres,2,Prudential Center | Newark,0,2,5,0.6,0.8,0.6,0.8,0.2,-1.4,0.2,-1.4,0,0,0,0.4,0.8,0.42000000000000004,0.64,0.19090909090909092,0.9181818181818182,0.5545454545454546,6,4.945454545454545,2.0624932077124245,5.461077847382652,0.03356179310409746,2,0.8090909090909091,0.5,0.5,0.6636363636363637,0.25,0.3784090909090909,0.18318181818181817,0.6380785123966942,0.3054545454545455,0.5113636363636365,0.44244956317481265,,
115,2024-12-20 01:00:00+00:00,12,20,2024,2,Minnesota Frost,5,5,Ottawa Charge,2,Xcel Energy Center | St. Paul,0,2,5,0.8,1.2,0.8,1.2,0.3333333333333333,0.0,0.3333333333333333,0.0,0,0,0,0.19999999999999996,0.6666666666666667,0.38,0.5,0.09009009009009009,0.7567567567567568,0.42342342342342343,7,4.954954954954955,2.055535264894579,5.4688387711786,0.24227554246908678,3,0.9099099099099099,0.2882882882882883,0.7117117117117118,0.7207207207207207,0.29234234234234235,0.3927181235289343,0.1635135135135135,0.6062046780162194,0.29234234234234235,0.5441441441441441,0.4780821704111148,,
116,2024-12-21 19:00:00+00:00,12,21,2024,6,Toronto Sceptres,3,3,Montréal Victoire,4,Coca-Cola Coliseum | Toronto,0,2,5,0.16666666666666666,-1.5,0.16666666666666666,-1.5,0.6,0.0,0.6,0.0,0,0,0,0.8333333333333334,0.4,0.65,0.5,0.875,0.35714285714285715,0.6160714285714286,7,4.973214285714286,2.055359162531281,5.487054076347106,0.23732263541101395,1,0.6428571428571428,1.0,0.0,0.7142857142857143,0.15,0.35821428571428565,0.1924107142857143,0.8059183673469387,0.31160714285714286,0.4959821428571428,0.3512238450915197,,
117,2024-12-22 17:00:00+00:00,12,22,2024,4,New York Sirens,3,2,Minnesota Frost,4,Prudential Center | Newark,0,2,5,0.6666666666666666,1.0,0.6666666666666666,1.0,0.8333333333333334,1.5,0.8333333333333334,1.5,0,0,0,0.33333333333333337,0.16666666666666663,0.4,0.35,0.1504424778761062,0.07964601769911504,0.11504424778761063,7,4.991150442477876,2.055026829948417,5.50490714996498,0.23252522023876032,1,0.9203539823008849,1.0,0.0,0.7079646017699115,0.15,0.47615044247787613,0.1172566371681416,0.8788757929360168,0.26150442477876107,0.6212389380530974,0.09873509170667116,,
118,2024-12-28 00:00:00+00:00,12,28,2024,6,Toronto Sceptres,4,1,Boston Fleet,2,Coca-Cola Coliseum | Toronto,0,2,5,0.14285714285714285,-1.4285714285714286,0.14285714285714285,-1.4285714285714286,0.5,-0.5,0.5,-0.5,0,0,0,0.8571428571428572,0.5,0.6428571428571429,0.55,0.8771929824561403,0.5350877192982456,0.706140350877193,6,5.008771929824562,2.0545464974917307,5.5224085541974945,0.026656153904272895,2,0.4649122807017544,0.5,0.5,0.6403508771929824,0.25,0.24934210526315792,0.20592105263157895,0.5614958448753462,0.3206140350877193,0.4734649122807018,0.500128760100871,,
119,2024-12-28 19:00:00+00:00,12,28,2024,2,Minnesota Frost,2,3,Montréal Victoire,3,Xcel Energy Center | St. Paul,0,2,5,0.8571428571428571,1.4285714285714286,0.8571428571428571,1.4285714285714286,0.6666666666666666,0.16666666666666666,0.6666666666666666,0.16666666666666666,0,0,0,0.1428571428571429,0.33333333333333337,0.3571428571428571,0.4833333333333333,0.06956521739130435,0.2956521739130435,0.1826086956521739,5,5.017391304347826,2.0476028290510246,5.529292011610583,0.03285751166939621,1,0.9304347826086956,1.0,0.0,0.4260869565217391,0.15,0.4804347826086956,0.12739130434782608,0.7774669187145556,0.2682608695652174,0.6043478260869566,0.11454492951115428,,
120,2024-12-29 18:00:00+00:00,12,29,2024,4,New York Sirens,1,5,Ottawa Charge,3,Prudential Center | Newark,0,2,5,0.5714285714285714,0.7142857142857143,0.5714285714285714,0.7142857142857143,0.2857142857142857,-0.42857142857142855,0.2857142857142857,-0.42857142857142855,0,0,0,0.4285714285714286,0.7142857142857143,0.4285714285714286,0.5428571428571429,0.2413793103448276,0.7931034482758621,0.5172413793103449,4,5.017241379310345,2.03868140940547,5.526911731661713,0.2445776031781467,2,0.7586206896551724,0.5,0.5,0.29310344827586204,0.25,0.3594827586206896,0.17758620689655175,0.48385850178359097,0.3017241379310345,0.5206896551724138,0.4636179132397815,,
121,2024-12-31 00:00:00+00:00,12,31,2024,3,Montréal Victoire,3,1,Boston Fleet,1,Place Bell | Laval,0,2,5,0.7142857142857143,0.2857142857142857,0.7142857142857143,0.2857142857142857,0.42857142857142855,-0.7142857142857143,0.42857142857142855,-0.7142857142857143,0,0,0,0.2857142857142857,0.5714285714285714,0.4714285714285714,0.5714285714285714,0.1623931623931624,0.6837606837606838,0.4230769230769231,4,5.0085470085470085,2.0320523279973437,5.516560090546345,0.24307895390982137,2,0.8376068376068376,0.5042735042735043,0.49572649572649574,0.2905982905982906,0.24914529914529915,0.3895459858280371,0.16346153846153846,0.5101192204358981,0.2923076923076923,0.5442307692307693,0.41489020704525276,,
122,2025-01-01 00:00:00+00:00,1,1,2025,6,Toronto Sceptres,1,5,Ottawa Charge,2,Coca-Cola Coliseum | Toronto,0,2,5,0.25,-1.0,0.25,-1.0,0.375,-0.125,0.375,-0.125,0,0,0,0.75,0.625,0.6,0.5125,0.8050847457627118,0.6440677966101694,0.7245762711864406,3,5.0,2.0254787341673337,5.506369683541833,0.5349476135586353,1,0.35593220338983056,1.0,0.0,0.06779661016949153,0.15,0.23627118644067802,0.2086864406779661,0.33126975007181847,0.32245762711864406,0.4688559322033899,0.4513581965022985,,
123,2025-01-03 00:30:00+00:00,1,3,2025,2,Minnesota Frost,4,1,Boston Fleet,3,Xcel Energy Center | St. Paul,0,2,5,0.75,1.125,0.75,1.125,0.375,-0.875,0.375,-0.875,0,0,0,0.25,0.625,0.38749999999999996,0.5875,0.1092436974789916,0.773109243697479,0.4411764705882353,7,4.983193277310924,2.0251938315992484,5.489491735210737,0.24281868486493652,1,0.8907563025210083,1.0,0.0,0.7142857142857143,0.15,0.4635714285714285,0.16617647058823531,0.8732052821128451,0.29411764705882354,0.539705882352941,0.27845628837591196,,
124,2025-01-04 19:00:00+00:00,1,4,2025,2,Minnesota Frost,0,4,New York Sirens,5,Xcel Energy Center | St. Paul,0,2,5,0.7777777777777778,1.1111111111111112,0.7777777777777778,1.1111111111111112,0.5,0.375,0.5,0.375,0,0,0,0.2222222222222222,0.5,0.38888888888888895,0.4625,0.1,0.43333333333333335,0.26666666666666666,5,5.0,2.025053168717912,5.506263292179478,0.03076676552365587,5,0.9,0.008333333333333333,0.9916666666666667,0.43333333333333335,0.3483333333333334,0.35841666666666666,0.14,0.4435618055555556,0.27666666666666667,0.5833333333333333,0.43422401383997844,,
173,2025-01-05 21:00:00+00:00,1,5,2025,1,Boston Fleet,3,3,Montréal Victoire,2,Climate Pledge Arena | Seattle,0,2,5,0.3333333333333333,-0.8888888888888888,0.3333333333333333,-0.8888888888888888,0.75,0.5,0.75,0.5,0,0,0,0.6666666666666667,0.25,0.5888888888888889,0.44999999999999996,0.71900826446281,0.1487603305785124,0.43388429752066116,5,5.0,2.0165977949672236,5.504149448741806,0.03076676552365598,1,0.8512396694214877,1.0,0.0,0.4297520661157025,0.15,0.4467768595041322,0.16508264462809918,0.7477487876511167,0.29338842975206614,0.5415289256198347,0.24003995649897808,,
125,2025-01-08 00:00:00+00:00,1,8,2025,4,New York Sirens,2,5,Ottawa Charge,3,Prudential Center | Newark,0,2,5,0.5555555555555556,0.8888888888888888,0.5555555555555556,0.8888888888888888,0.4444444444444444,0.0,0.4444444444444444,0.0,0,0,0,0.4444444444444444,0.5555555555555556,0.4111111111111111,0.5,0.2540983606557377,0.5491803278688525,0.4016393442622951,5,5.0,2.0082474576704117,5.502061864417603,0.03076676552365587,1,0.7459016393442623,1.0,0.0,0.4262295081967213,0.15,0.4020081967213115,0.16024590163934427,0.7048407686105885,0.2901639344262295,0.5495901639344263,0.22566728113749474,,
126,2025-01-09 00:30:00+00:00,1,9,2025,2,Minnesota Frost,2,1,Boston Fleet,1,Xcel Energy Center | St. Paul,0,2,5,0.7,0.5,0.7,0.5,0.4,-0.7,0.4,-0.7,0,0,0,0.30000000000000004,0.6,0.44999999999999996,0.5700000000000001,0.17073170731707318,0.7642276422764228,0.467479674796748,3,5.0,2.0000000000000004,5.5,0.5421666382283856,1,0.8292682926829268,1.0,0.0,0.06504065040650407,0.15,0.4374390243902439,0.1701219512195122,0.5886625024786833,0.2967479674796748,0.533130081300813,0.3414619234124042,,
174,2025-01-09 03:00:00+00:00,1,9,2025,6,Toronto Sceptres,2,3,Montréal Victoire,4,Rogers Arena | Vancouver,0,2,5,0.2222222222222222,-1.0,0.2222222222222222,-1.0,0.6666666666666666,0.3333333333333333,0.6666666666666666,0.3333333333333333,0,0,0,0.7777777777777778,0.33333333333333337,0.6,0.4666666666666667,0.8467741935483871,0.25806451612903225,0.5524193548387097,6,4.983870967741935,1.9999344337534866,5.483854576180307,0.03275450778857625,2,0.7419354838709677,0.49193548387096775,0.5080645161290323,0.6532258064516129,0.25161290322580643,0.3524661810613944,0.18286290322580645,0.6186969218891611,0.30524193548387096,0.5118951612903226,0.4438529753869108,,
127,2025-01-11 19:00:00+00:00,1,11,2025,5,Ottawa Charge,1,1,Boston Fleet,2,TD Place | Ottawa,0,2,5,0.5,0.1,0.5,0.1,0.36363636363636365,-0.7272727272727273,0.3,-1.0,0,0,0,0.5,0.6363636363636364,0.49,0.5727272727272728,0.416,0.792,0.604,3,4.992,1.9939262612955055,5.4904815653238765,0.5416136475037501,1,0.5840000000000001,1.0,0.0,0.064,0.15000000000000002,0.33320000000000005,0.1906,0.4538752000000001,0.3104,0.499,0.4046275612142147,,
128,2025-01-12 17:00:00+00:00,1,12,2025,4,New York Sirens,1,6,Toronto Sceptres,0,Prudential Center | Newark,0,2,5,0.5,0.7,0.5,0.7,0.2,-1.1,0.2,-1.1,0,0,0,0.5,0.8,0.42999999999999994,0.61,0.3412698412698413,0.9206349206349206,0.6309523809523809,1,4.976190476190476,1.9938476800970963,5.474652396214751,0.9194021831027283,1,0.6587301587301587,1.0,0.0,0.0,0.15,0.3649603174603175,0.19464285714285715,0.4637698412698413,0.3130952380952381,0.4922619047619048,0.48954888864417334,,
175,2025-01-12 20:00:00+00:00,1,12,2025,2,Minnesota Frost,4,3,Montréal Victoire,2,Ball Arena | Denver,0,2,5,0.7272727272727273,0.5454545454545454,0.7,0.4,0.7,0.5,0.7,0.5,0,0,0,0.2727272727272727,0.30000000000000004,0.44545454545454555,0.44999999999999996,0.16535433070866143,0.2204724409448819,0.19291338582677164,6,4.94488188976378,2.0170192002539853,5.4491366898272755,0.03660703360827389,2,0.8346456692913385,0.4881889763779528,0.5118110236220472,0.6535433070866141,0.25236220472440946,0.38677010354020713,0.12893700787401574,0.6352925868843864,0.2692913385826772,0.6017716535433071,0.25863608421276,,
129,2025-01-15 00:00:00+00:00,1,15,2025,5,Ottawa Charge,2,6,Toronto Sceptres,4,TD Place | Ottawa,0,2,5,0.45454545454545453,0.0,0.4,-0.5,0.18181818181818182,-1.0909090909090908,0.2,-1.0,0,0,0,0.5454545454545454,0.8181818181818181,0.5,0.6090909090909091,0.5859375,0.921875,0.75390625,6,4.953125,2.0112258768122135,5.455931469203053,0.03592811698118603,2,0.4140625,0.4921875,0.5078125,0.6484375,0.2515625000000001,0.229793701171875,0.2130859375,0.5535722732543946,0.325390625,0.46152343749999997,0.5208386073000926,,
130,2025-01-16 00:00:00+00:00,1,16,2025,4,New York Sirens,3,2,Minnesota Frost,2,Prudential Center | Newark,0,2,5,0.5454545454545454,0.7272727272727273,0.6,0.9,0.75,0.6666666666666666,0.7,0.5,0,0,0,0.4545454545454546,0.25,0.42727272727272725,0.43333333333333335,0.2558139534883721,0.17054263565891473,0.2131782945736434,5,4.961240310077519,2.005473372950238,5.462608653315079,0.026254231396467986,1,0.8294573643410853,1.0,0.0,0.4263565891472868,0.15,0.43751937984496125,0.13197674418604652,0.737801814794784,0.2713178294573643,0.5967054263565892,0.13066959313434937,,
131,2025-01-18 00:00:00+00:00,1,18,2025,3,Montréal Victoire,4,2,Minnesota Frost,2,Place Bell | Laval,0,2,5,0.6363636363636364,0.2727272727272727,0.7,0.5,0.6923076923076923,0.5384615384615384,0.7,0.5,0,0,0,0.36363636363636365,0.3076923076923077,0.4727272727272728,0.4461538461538461,0.2,0.23076923076923078,0.2153846153846154,6,4.961538461538462,1.9976879898299422,5.460960458995947,0.03574989445750698,2,0.8,0.49230769230769234,0.5076923076923077,0.6461538461538462,0.25153846153846154,0.37423076923076926,0.13230769230769232,0.6272781065088758,0.27153846153846156,0.596153846153846,0.2709903410655021,,
176,2025-01-19 18:00:00+00:00,1,19,2025,3,Montréal Victoire,2,5,Ottawa Charge,1,Videotron Centre | Quebec City,0,2,5,0.6666666666666666,0.4166666666666667,0.7,0.4,0.4166666666666667,-0.16666666666666666,0.4,-0.4,0,0,0,0.33333333333333337,0.5833333333333333,0.45833333333333326,0.5166666666666667,0.19083969465648856,0.6106870229007634,0.40076335877862596,3,4.969465648854962,1.99205704003023,5.4674799088625194,0.5356600700233511,1,0.8091603053435115,1.0,0.0,0.06870229007633588,0.15,0.42889312977099237,0.1601145038167939,0.5791981819241303,0.2900763358778626,0.5498091603053434,0.3061103120974834,,
132,2025-01-22 00:00:00+00:00,1,22,2025,2,Minnesota Frost,0,5,Ottawa Charge,1,Xcel Energy Center | St. Paul,0,2,5,0.6428571428571429,0.35714285714285715,0.6,0.2,0.38461538461538464,-0.23076923076923078,0.4,-0.4,0,0,0,0.3571428571428571,0.6153846153846154,0.4642857142857143,0.5230769230769231,0.2727272727272727,0.6590909090909091,0.4659090909090909,1,4.954545454545454,1.9918292500304573,5.452502767053068,0.9177893388103406,1,0.7272727272727273,1.0,0.0,0.0,0.15,0.39409090909090905,0.16988636363636364,0.5031818181818182,0.29659090909090907,0.5335227272727272,0.4044929821976865,,
133,2025-01-23 00:00:00+00:00,1,23,2025,1,Boston Fleet,4,6,Toronto Sceptres,1,Tsongas Center | Lowell,0,2,5,0.4166666666666667,-0.5833333333333334,0.4,-0.4,0.25,-0.8333333333333334,0.3,-0.5,0,0,0,0.5833333333333333,0.75,0.5583333333333333,0.5833333333333333,0.6541353383458647,0.849624060150376,0.7518796992481203,5,4.924812030075188,2.013680710112312,5.428232207603266,0.022358695622014646,3,0.3458646616541353,0.2556390977443609,0.7443609022556391,0.42857142857142855,0.29887218045112784,0.1913604499971734,0.21278195488721804,0.3707602681586662,0.325187969924812,0.4620300751879699,0.5942057716350104,,
177,2025-01-25 19:00:00+00:00,1,25,2025,6,Toronto Sceptres,4,4,New York Sirens,2,Scotiabank Arena | Toronto,0,2,5,0.23076923076923078,-1.0,0.2,-1.0,0.5833333333333334,0.75,0.6,0.7,0,0,0,0.7692307692307692,0.41666666666666663,0.6,0.42500000000000004,0.8656716417910447,0.31343283582089554,0.5895522388059702,6,4.925373134328358,2.006106713372503,5.426899812671484,0.03998455650383359,2,0.6865671641791045,0.4925373134328358,0.5074626865671642,0.6492537313432836,0.25149253731343285,0.3318010692804633,0.18843283582089554,0.6066391062065479,0.30895522388059704,0.5026119402985074,0.46063364596406337,,
134,2025-01-26 20:00:00+00:00,1,26,2025,2,Minnesota Frost,5,1,Boston Fleet,2,Xcel Energy Center | St. Paul,0,2,5,0.6,0.26666666666666666,0.5,-0.2,0.46153846153846156,-0.3076923076923077,0.5,0.1,0,0,0,0.4,0.5384615384615384,0.4733333333333334,0.5307692307692308,0.3925925925925926,0.5037037037037037,0.44814814814814813,7,4.933333333333334,2.000746129479417,5.433519865703188,0.26398425457283625,3,0.6074074074074074,0.25925925925925924,0.7407407407407407,0.7407407407407407,0.29814814814814816,0.2833401920438957,0.16722222222222222,0.5645645988924453,0.2948148148148148,0.537962962962963,0.5036124836127593,,
135,2025-01-28 00:00:00+00:00,1,28,2025,5,Ottawa Charge,0,4,New York Sirens,3,TD Place | Ottawa,0,2,5,0.42857142857142855,-0.14285714285714285,0.4,-0.4,0.5384615384615384,0.5384615384615384,0.5,0.4,0,0,0,0.5714285714285714,0.46153846153846156,0.5142857142857143,0.4461538461538461,0.6029411764705882,0.4117647058823529,0.5073529411764706,3,4.948529411764706,2.001184289887242,5.448825484236516,0.5270219671130667,3,0.5882352941176471,0.2647058823529412,0.7352941176470589,0.07352941176470588,0.29705882352941176,0.2770415224913495,0.17610294117647057,0.27939115611642584,0.30073529411764705,0.5231617647058824,0.5793666712413863,,
136,2025-01-29 00:00:00+00:00,1,29,2025,2,Minnesota Frost,4,6,Toronto Sceptres,3,Xcel Energy Center | St. Paul,0,2,5,0.625,0.4375,0.5,-0.2,0.2857142857142857,-0.7857142857142857,0.3,-0.7,0,0,0,0.375,0.7142857142857143,0.45625000000000004,0.5785714285714285,0.35036496350364965,0.8394160583941606,0.5948905109489051,7,4.934306569343065,2.0007512543529153,5.434494382931295,0.2637024497612611,1,0.6496350364963503,1.0,0.0,0.7372262773722628,0.15,0.3610948905109489,0.18923357664233575,0.8189738398422931,0.3094890510948905,0.5012773722627737,0.34810650985019526,,
137,2025-01-30 00:00:00+00:00,1,30,2025,3,Montréal Victoire,4,5,Ottawa Charge,1,Place Bell | Laval,0,2,5,0.6923076923076923,0.46153846153846156,0.7,0.4,0.4,-0.3333333333333333,0.4,-0.6,0,0,0,0.3076923076923077,0.6,0.4538461538461538,0.5333333333333333,0.17391304347826086,0.6956521739130435,0.43478260869565216,5,4.949275362318841,2.001176529010989,5.449569494571588,0.024918667561336094,3,0.8260869565217391,0.26811594202898553,0.7318840579710144,0.42028985507246375,0.29637681159420287,0.3609892879647133,0.16521739130434782,0.48562555363779986,0.2934782608695652,0.541304347826087,0.4542587741868823,,
138,2025-01-31 00:00:00+00:00,1,31,2025,3,Montréal Victoire,4,6,Toronto Sceptres,3,Place Bell | Laval,0,2,5,0.7142857142857143,0.6428571428571429,0.8,1.0,0.26666666666666666,-0.8,0.3,-0.5,0,0,0,0.2857142857142857,0.7333333333333334,0.4357142857142857,0.58,0.1223021582733813,0.841726618705036,0.48201438848920863,7,4.9496402877697845,1.9939173481888899,5.448119624817007,0.26131308349681026,1,0.8776978417266187,1.0,0.0,0.7338129496402878,0.15,0.45802158273381294,0.1723021582733813,0.8773150975622379,0.29820143884892086,0.5294964028776978,0.30024969311190186,,
139,2025-02-01 00:00:00+00:00,2,1,2025,1,Boston Fleet,3,4,New York Sirens,2,Tsongas Center | Lowell,0,2,5,0.42857142857142855,-0.5,0.5,-0.1,0.5714285714285714,0.7142857142857143,0.5,0.4,0,0,0,0.5714285714285714,0.4285714285714286,0.55,0.4285714285714286,0.5571428571428572,0.35,0.45357142857142857,5,4.964285714285714,1.9942749508657445,5.4628544520021505,0.026573788315911062,1,0.65,1.0,0.0,0.4142857142857143,0.15,0.36125,0.1680357142857143,0.6612321428571429,0.2953571428571429,0.5366071428571428,0.24785501386828843,,
140,2025-02-01 19:00:00+00:00,2,1,2025,6,Toronto Sceptres,4,5,Ottawa Charge,2,Coca-Cola Coliseum | Toronto,0,2,5,0.25,-0.8125,0.3,-0.4,0.375,-0.5,0.4,-0.8,0,0,0,0.75,0.625,0.58125,0.55,0.7730496453900709,0.75177304964539,0.7624113475177305,6,4.964539007092198,1.9871420522870478,5.46132452016396,0.03607551383671592,2,0.24822695035460995,0.49645390070921985,0.5035460992907801,0.6382978723404256,0.25070921985815603,0.16792616065590266,0.2143617021276596,0.516684182231797,0.3262411347517731,0.45939716312056733,0.5222602695641958,,
141,2025-02-02 18:00:00+00:00,2,2,2025,4,New York Sirens,1,3,Montréal Victoire,2,Prudential Center | Newark,0,2,5,0.5333333333333333,0.6,0.5,0.5,0.7333333333333333,0.6666666666666666,0.8,1.0,0,0,0,0.4666666666666667,0.2666666666666667,0.44000000000000006,0.43333333333333335,0.3591549295774648,0.11267605633802817,0.2359154929577465,3,4.971830985915493,1.9819886208597322,5.467328141130426,0.539230296073471,1,0.8873239436619719,1.0,0.0,0.07042253521126761,0.15,0.46211267605633805,0.13538732394366199,0.6225272763340607,0.27359154929577467,0.5910211267605633,0.21243598724289686,,
142,2025-02-12 00:00:00+00:00,2,12,2025,6,Toronto Sceptres,3,2,Minnesota Frost,2,Coca-Cola Coliseum | Toronto,0,2,5,0.29411764705882354,-0.6470588235294118,0.4,-0.1,0.6470588235294118,0.47058823529411764,0.5,-0.2,0,0,0,0.7058823529411764,0.3529411764705882,0.5647058823529412,0.4529411764705882,0.7132867132867133,0.3706293706293706,0.541958041958042,5,4.958041958041958,1.9818689638259193,5.453509198998439,0.0258416074226685,1,0.6293706293706294,1.0,0.0,0.4125874125874126,0.15,0.35248251748251747,0.18129370629370628,0.6521575627170032,0.3041958041958042,0.5145104895104895,0.2835280182482211,,
143,2025-02-13 00:00:00+00:00,2,13,2025,4,New York Sirens,0,1,Boston Fleet,4,Prudential Center | Newark,0,2,5,0.5,0.5,0.4,0.2,0.4666666666666667,-0.4,0.5,-0.2,0,0,0,0.5,0.5333333333333333,0.44999999999999996,0.54,0.4722222222222222,0.5138888888888888,0.4930555555555555,4,4.958333333333333,1.974930289997511,5.452065905832711,0.23684619547969532,4,0.5277777777777778,0.0763888888888889,0.9236111111111112,0.2916666666666667,0.33472222222222225,0.2420871913580247,0.17395833333333333,0.3185823098851166,0.29930555555555555,0.5267361111111111,0.5773534720454454,,
144,2025-02-14 00:00:00+00:00,2,14,2025,5,Ottawa Charge,8,2,Minnesota Frost,3,TD Place | Ottawa,0,2,5,0.35294117647058826,-0.5882352941176471,0.4,-0.7,0.6111111111111112,0.3888888888888889,0.5,-0.2,0,0,0,0.6470588235294117,0.38888888888888884,0.5588235294117647,0.461111111111111,0.7034482758620689,0.4206896551724138,0.5620689655172414,11,4.951724137931034,1.9696694395632552,5.444141497821848,0.9812805334888718,5,0.5793103448275863,0.013793103448275862,0.9862068965517241,0.993103448275862,0.3472413793103448,0.2543507728894174,0.1843103448275862,0.6003290171798762,0.3062068965517242,0.5094827586206896,0.7692079537377439,,
145,2025-02-15 00:00:00+00:00,2,15,2025,6,Toronto Sceptres,3,1,Boston Fleet,1,Coca-Cola Coliseum | Toronto,0,2,5,0.3333333333333333,-0.5555555555555556,0.4,-0.2,0.5,-0.125,0.5,0.1,0,0,0,0.6666666666666667,0.5,0.5555555555555556,0.5125,0.6712328767123288,0.4726027397260274,0.571917808219178,4,4.993150684931507,2.025685325811101,5.499572016384282,0.23967278522562452,2,0.5273972602739726,0.5,0.5,0.2876712328767123,0.25,0.2727739726027397,0.1857876712328767,0.4055205010320886,0.3071917808219178,0.5070205479452055,0.48809821953883364,,
146,2025-02-15 19:00:00+00:00,2,15,2025,3,Montréal Victoire,6,4,New York Sirens,2,Place Bell | Laval,0,2,5,0.75,0.6875,0.8,1.0,0.47058823529411764,0.23529411764705882,0.4,-0.1,0,0,0,0.25,0.5294117647058824,0.43125,0.4764705882352941,0.10204081632653061,0.5510204081632653,0.32653061224489793,8,4.98639455782313,2.020397338372254,5.491493892416194,0.5373449171538671,4,0.8979591836734694,0.08843537414965986,0.9115646258503401,0.9319727891156463,0.33231292517006805,0.3665465778147994,0.1489795918367347,0.6114738756810514,0.2826530612244898,0.5683673469387756,0.5232992962096092,,
147,2025-02-16 18:00:00+00:00,2,16,2025,1,Boston Fleet,4,2,Minnesota Frost,2,Tsongas Center | Lowell,0,2,5,0.47058823529411764,-0.23529411764705882,0.5,0.1,0.5789473684210527,0.10526315789473684,0.4,-0.8,0,0,0,0.5294117647058824,0.42105263157894735,0.5235294117647059,0.4894736842105263,0.4797297297297297,0.5135135135135135,0.4966216216216216,6,5.006756756756757,2.0286942337798775,5.513930315201726,0.028295405562950404,2,0.5202702702702703,0.5067567567567568,0.4932432432432432,0.6351351351351351,0.24864864864864863,0.2705880204528853,0.17449324324324322,0.5718364904349199,0.2996621621621622,0.5258445945945946,0.41388948911624146,,
178,2025-02-16 21:00:00+00:00,2,16,2025,5,Ottawa Charge,2,6,Toronto Sceptres,3,Rogers Place | Edmonton,0,2,5,0.3888888888888889,-0.2777777777777778,0.4,-0.4,0.3684210526315789,-0.42105263157894735,0.5,0.1,0,0,0,0.6111111111111112,0.631578947368421,0.5277777777777778,0.5421052631578946,0.6442953020134228,0.5973154362416108,0.6208053691275168,5,5.0134228187919465,2.023465642196937,5.51928922934118,0.03239409436915863,1,0.40268456375838924,1.0,0.0,0.40939597315436244,0.15,0.25614093959731543,0.1931208053691275,0.5596671321111661,0.31208053691275167,0.49479865771812076,0.31342963694227327,,
148,2025-02-17 21:00:00+00:00,2,17,2025,4,New York Sirens,1,1,Boston Fleet,4,Prudential Center | Newark,0,2,5,0.4444444444444444,0.0,0.4,-0.3,0.5,-0.1111111111111111,0.6,0.5,0,0,0,0.5555555555555556,0.5,0.5,0.5111111111111111,0.5866666666666667,0.3933333333333333,0.49,5,5.013333333333334,2.016664355573953,5.517499422226821,0.03238863130143388,3,0.6066666666666667,0.2733333333333333,0.7266666666666667,0.4066666666666667,0.29533333333333334,0.28421555555555555,0.1735,0.42783792592592595,0.299,0.5275000000000001,0.48136776086413213,,
149,2025-02-19 00:00:00+00:00,2,19,2025,3,Montréal Victoire,0,2,Minnesota Frost,4,Place Bell | Laval,0,2,5,0.7647058823529411,0.8823529411764706,0.8,1.3,0.55,0.0,0.4,-0.5,0,0,0,0.23529411764705888,0.44999999999999996,0.4117647058823529,0.5,0.07947019867549669,0.5231788079470199,0.30132450331125826,4,5.013245033112582,2.009931192742304,5.515727831298158,0.24749522133517365,4,0.9205298013245033,0.09271523178807947,0.9072847682119205,0.2781456953642384,0.33145695364238414,0.37456120345598876,0.14519867549668874,0.42161331659962636,0.2801324503311258,0.5746688741721855,0.4632576966753136,,
150,2025-02-20 00:00:00+00:00,2,20,2025,4,New York Sirens,1,6,Toronto Sceptres,4,Prudential Center | Newark,0,2,5,0.42105263157894735,-0.15789473684210525,0.3,-1.1,0.4,-0.35,0.6,0.4,0,0,0,0.5789473684210527,0.6,0.5157894736842106,0.5349999999999999,0.7368421052631579,0.4605263157894737,0.5986842105263157,5,5.006578947368421,2.004949869817449,5.507816414822783,0.031566752181604985,3,0.5394736842105263,0.28289473684210525,0.7171052631578947,0.40789473684210525,0.2934210526315789,0.26124826869806095,0.18980263157894736,0.4138467364958448,0.30986842105263157,0.500328947368421,0.5277387691164634,,
151,2025-02-21 00:00:00+00:00,2,21,2025,5,Ottawa Charge,2,1,Boston Fleet,3,TD Place | Ottawa,0,2,5,0.3684210526315789,-0.3157894736842105,0.3,-0.6,0.5263157894736842,0.05263157894736842,0.7,0.9,0,0,0,0.631578947368421,0.4736842105263158,0.531578947368421,0.49473684210526314,0.738562091503268,0.2875816993464052,0.5130718954248366,5,5.006535947712418,1.998343827517071,5.506121904591686,0.03156413496028676,1,0.7124183006535948,1.0,0.0,0.40522875816993464,0.15,0.38777777777777783,0.17696078431372547,0.6819462599854756,0.30130718954248364,0.5217320261437908,0.2732716536361917,,
152,2025-02-22 19:00:00+00:00,2,22,2025,5,Ottawa Charge,3,3,Montréal Victoire,1,TD Place | Ottawa,0,2,5,0.35,-0.35,0.2,-0.8,0.7222222222222222,0.6111111111111112,0.7,0.7,0,0,0,0.65,0.2777777777777778,0.5349999999999999,0.4388888888888889,0.7857142857142857,0.18831168831168832,0.487012987012987,4,5.0064935064935066,1.9918026559423496,5.504444170479094,0.2481756459832215,2,0.8116883116883117,0.512987012987013,0.487012987012987,0.2727272727272727,0.2474025974025974,0.3806969978073874,0.17305194805194807,0.49753379547590204,0.2987012987012987,0.5282467532467532,0.44568171988023864,,
153,2025-02-23 18:30:00+00:00,2,23,2025,2,Minnesota Frost,1,6,Toronto Sceptres,2,Xcel Energy Center | St. Paul,0,2,5,0.5714285714285714,0.19047619047619047,0.4,-0.2,0.42857142857142855,-0.19047619047619047,0.7,0.8,0,0,0,0.4285714285714286,0.5714285714285714,0.4809523809523809,0.5190476190476191,0.45161290322580644,0.33548387096774196,0.3935483870967742,3,5.0,1.9869705453408084,5.4967426363352025,0.5459138354523816,1,0.6645161290322581,1.0,0.0,0.06451612903225806,0.15,0.3674193548387097,0.15903225806451612,0.49823100936524456,0.28935483870967743,0.5516129032258064,0.303904278326938,,
179,2025-02-23 21:00:00+00:00,2,23,2025,4,New York Sirens,2,1,Boston Fleet,3,KeyBank Center | Buffalo,0,2,5,0.4,-0.3,0.3,-1.3,0.55,0.1,0.7,0.9,0,0,0,0.6,0.44999999999999996,0.53,0.49,0.7435897435897436,0.2692307692307692,0.5064102564102564,5,4.987179487179487,1.9870132538064051,5.483932800631089,0.029222300811970192,1,0.7307692307692308,1.0,0.0,0.41025641025641024,0.15,0.3955769230769231,0.17596153846153845,0.6916222879684418,0.3006410256410256,0.5233974358974358,0.2701958307255513,,
154,2025-02-26 00:00:00+00:00,2,26,2025,3,Montréal Victoire,3,6,Toronto Sceptres,1,Place Bell | Laval,0,2,5,0.6842105263157895,0.47368421052631576,0.7,0.6,0.45454545454545453,-0.13636363636363635,0.7,0.7,0,0,0,0.3157894736842105,0.5454545454545454,0.4526315789473684,0.5136363636363637,0.16560509554140126,0.29936305732484075,0.23248407643312102,4,4.987261146496815,1.9806346468852525,5.482419808218128,0.24428723738151203,2,0.8343949044585988,0.5095541401273885,0.49044585987261147,0.27388535031847133,0.2480891719745223,0.3888863645583999,0.13487261146496815,0.5045900803975717,0.2732484076433121,0.5918789808917198,0.30456364613144155,,
155,2025-02-27 00:00:00+00:00,2,27,2025,5,Ottawa Charge,5,4,New York Sirens,4,TD Place | Ottawa,0,2,5,0.38095238095238093,-0.23809523809523808,0.3,-0.5,0.38095238095238093,-0.3333333333333333,0.2,-1.5,0,0,0,0.6190476190476191,0.6190476190476191,0.5238095238095238,0.5333333333333333,0.7151898734177216,0.879746835443038,0.7974683544303798,9,4.981012658227848,1.9758784839352448,5.474982279211659,0.796354308430676,1,0.28481012658227844,1.0,0.0,0.9556962025316456,0.15,0.20604430379746833,0.21962025316455697,0.8641918362441916,0.32974683544303796,0.450632911392405,0.5342610211265031,,
180,2025-03-01 19:00:00+00:00,3,1,2025,3,Montréal Victoire,3,1,Boston Fleet,2,Bell Centre | Montréal,0,2,5,0.7,0.55,0.7,0.6,0.5714285714285714,0.14285714285714285,0.8,1.1,0,0,0,0.30000000000000004,0.4285714285714286,0.44500000000000006,0.48571428571428565,0.15723270440251572,0.20754716981132076,0.18238993710691825,5,5.0062893081761,1.9952375428704976,5.505098693893725,0.031535070635675955,1,0.8427672955974843,1.0,0.0,0.4088050314465409,0.15,0.4431761006289308,0.12735849056603774,0.7359028519441477,0.2682389937106918,0.6044025157232704,0.11425319582608354,,
156,2025-03-05 00:00:00+00:00,3,5,2025,3,Montréal Victoire,2,2,Minnesota Frost,1,Place Bell | Laval,0,2,5,0.7142857142857143,0.5714285714285714,0.8,0.9,0.5454545454545454,0.13636363636363635,0.3,-0.5,0,0,0,0.2857142857142857,0.4545454545454546,0.44285714285714284,0.48636363636363633,0.13125,0.625,0.378125,3,5.00625,1.9889533766760843,5.50348834416902,0.5471336560736615,1,0.86875,1.0,0.0,0.0625,0.15,0.45421875,0.15671875000000002,0.609267578125,0.2878125,0.55546875,0.29578272375654413,,
157,2025-03-06 00:00:00+00:00,3,6,2025,1,Boston Fleet,5,4,New York Sirens,2,Tsongas Center | Lowell,0,2,5,0.5454545454545454,0.09090909090909091,0.7,0.9,0.36363636363636365,-0.36363636363636365,0.1,-1.7,0,0,0,0.4545454545454546,0.6363636363636364,0.49090909090909096,0.5363636363636364,0.2546583850931677,0.9192546583850931,0.5869565217391304,7,4.9937888198757765,1.9890226695852982,5.491044487272101,0.2500648960926568,3,0.7453416149068324,0.2732919254658385,0.7267080745341614,0.7453416149068323,0.2953416149068323,0.33307144786080783,0.18804347826086956,0.5881153413824758,0.30869565217391304,0.5032608695652174,0.5667469453879879,,
158,2025-03-07 00:00:00+00:00,3,7,2025,6,Toronto Sceptres,4,3,Montréal Victoire,1,Coca-Cola Coliseum | Toronto,0,2,5,0.43478260869565216,-0.21739130434782608,0.7,0.8,0.7272727272727273,0.5909090909090909,0.8,0.8,0,0,0,0.5652173913043479,0.2727272727272727,0.5217391304347826,0.4409090909090909,0.3333333333333333,0.10493827160493827,0.21913580246913578,5,5.006172839506172,1.989091098595634,5.503445614155081,0.031523104209006614,3,0.8950617283950617,0.2777777777777778,0.7222222222222222,0.4074074074074074,0.29444444444444445,0.38631344307270227,0.13287037037037036,0.5009168444850887,0.2719135802469136,0.595216049382716,0.33100366333379116,,
181,2025-03-08 00:00:00+00:00,3,8,2025,2,Minnesota Frost,5,5,Ottawa Charge,0,Lenovo Center | Raleigh,0,2,5,0.5217391304347826,0.08695652173913043,0.3,-0.5,0.4090909090909091,-0.18181818181818182,0.4,-0.2,0,0,0,0.4782608695652174,0.5909090909090908,0.4913043478260869,0.5181818181818182,0.6012269938650306,0.6319018404907976,0.6165644171779141,5,5.006134969325154,1.9829424841006058,5.501870590350305,0.03152078162873828,5,0.39877300613496935,0.018404907975460124,0.9815950920245399,0.4049079754601227,0.346319018404908,0.19570326320147544,0.19248466257668712,0.3271434073613628,0.3116564417177914,0.49585889570552144,0.6177166516371362,,
182,2025-03-08 19:00:00+00:00,3,8,2025,1,Boston Fleet,2,3,Montréal Victoire,3,Agganis Arena | Boston,0,2,5,0.5652173913043478,0.21739130434782608,0.7,0.9,0.6956521739130435,0.43478260869565216,0.7,0.4,0,0,0,0.4347826086956522,0.30434782608695654,0.4782608695652174,0.4565217391304348,0.22560975609756098,0.21341463414634146,0.21951219512195122,5,5.0060975609756095,1.976850538551956,5.500310195613599,0.03151848027275894,1,0.7865853658536586,1.0,0.0,0.4024390243902439,0.15,0.4192987804878049,0.1329268292682927,0.7106175639500298,0.27195121951219514,0.5951219512195122,0.13482617752346698,,
159,2025-03-09 17:00:00+00:00,3,9,2025,6,Toronto Sceptres,1,2,Minnesota Frost,2,Coca-Cola Coliseum | Toronto,0,2,5,0.4583333333333333,-0.08333333333333333,0.7,0.9,0.5416666666666666,0.2916666666666667,0.4,0.2,0,0,0,0.5416666666666667,0.45833333333333337,0.5083333333333333,0.4708333333333333,0.30303030303030304,0.48484848484848486,0.3939393939393939,3,5.006060606060606,1.9708143967782488,5.498764205255168,0.5523595897800464,1,0.696969696969697,1.0,0.0,0.06060606060606061,0.15,0.3812121212121212,0.1590909090909091,0.5141689623507806,0.2893939393939394,0.5515151515151515,0.305138933819461,,
160,2025-03-11 23:00:00+00:00,3,11,2025,5,Ottawa Charge,3,2,Minnesota Frost,2,TD Place | Ottawa,0,2,5,0.391304347826087,-0.391304347826087,0.4,-0.6,0.56,0.32,0.5,0.4,0,0,0,0.6086956521739131,0.43999999999999995,0.5391304347826087,0.46799999999999997,0.6626506024096386,0.41566265060240964,0.5391566265060241,5,4.993975903614458,1.9709926370165423,5.486724062868594,0.030030427460228215,1,0.5843373493975903,1.0,0.0,0.4036144578313253,0.15,0.33334337349397586,0.18087349397590363,0.6295240600958049,0.30391566265060244,0.515210843373494,0.28321104859289803,,
161,2025-03-12 23:00:00+00:00,3,12,2025,4,New York Sirens,3,3,Montréal Victoire,2,Prudential Center | Newark,0,2,5,0.34782608695652173,-0.4782608695652174,0.1,-1.8,0.7083333333333334,0.4583333333333333,0.7,0.2,0,0,0,0.6521739130434783,0.29166666666666663,0.5478260869565218,0.4541666666666667,0.8922155688622755,0.2155688622754491,0.5538922155688623,5,4.994011976047904,1.965046999615807,5.485273725951856,0.030032609443476188,1,0.7844311377245509,1.0,0.0,0.40119760479041916,0.15,0.41838323353293416,0.18308383233532932,0.7092115170855893,0.30538922155688625,0.5115269461077845,0.28882927873475656,,
162,2025-03-15 18:00:00+00:00,3,15,2025,5,Ottawa Charge,2,1,Boston Fleet,5,TD Place | Ottawa,0,2,5,0.4166666666666667,-0.3333333333333333,0.4,-0.6,0.5416666666666666,0.16666666666666666,0.7,1.1,0,0,0,0.5833333333333333,0.45833333333333337,0.5333333333333333,0.4833333333333333,0.6369047619047619,0.26785714285714285,0.45238095238095233,7,4.994047619047619,1.9591548459204802,5.483836330527739,0.2587743874507781,3,0.7321428571428572,0.27976190476190477,0.7202380952380952,0.75,0.29404761904761906,0.32902423469387754,0.16785714285714287,0.5900294202502429,0.29523809523809524,0.5369047619047618,0.49896434020644853,,
183,2025-03-16 23:30:00+00:00,3,16,2025,4,New York Sirens,4,2,Minnesota Frost,1,Little Caesars Arena | Detroit,0,2,5,0.375,-0.4166666666666667,0.1,-2.0,0.5384615384615384,0.2692307692307692,0.4,0.0,0,0,0,0.625,0.46153846153846156,0.5416666666666667,0.47307692307692306,0.8816568047337278,0.514792899408284,0.6982248520710059,5,5.005917159763314,1.9594005443238625,5.49576729584428,0.03150264824354476,3,0.485207100591716,0.28402366863905326,0.7159763313609467,0.39644970414201186,0.29319526627218934,0.24215381114106652,0.2047337278106509,0.3952485596591869,0.3198224852071006,0.4754437869822485,0.5674016520898885,,
163,2025-03-18 23:00:00+00:00,3,18,2025,1,Boston Fleet,3,3,Montréal Victoire,2,Tsongas Center | Lowell,0,2,5,0.56,0.28,0.7,1.3,0.68,0.4,0.6,0.0,0,0,0,0.43999999999999995,0.31999999999999995,0.472,0.45999999999999996,0.19411764705882353,0.3058823529411765,0.25,5,5.0058823529411764,1.953594953032778,5.494281091199371,0.03150048143818451,1,0.8058823529411765,1.0,0.0,0.3941176470588235,0.15,0.4275,0.1375,0.7148970588235294,0.275,0.5875,0.15120631619775038,,
164,2025-03-19 23:00:00+00:00,3,19,2025,6,Toronto Sceptres,2,4,New York Sirens,1,Coca-Cola Coliseum | Toronto,0,2,5,0.44,-0.12,0.7,0.9,0.4,-0.28,0.2,-1.6,0,0,0,0.56,0.6,0.512,0.528,0.30994152046783624,0.8713450292397661,0.5906432748538012,3,5.005847953216374,1.9478406627170568,5.492808118895638,0.5590919000996608,1,0.6900584795321638,1.0,0.0,0.05847953216374269,0.15,0.3782748538011696,0.18859649122807018,0.5093698915905749,0.30906432748538015,0.5023391812865496,0.40214602975529573,,
165,2025-03-22 16:00:00+00:00,3,22,2025,4,New York Sirens,2,5,Ottawa Charge,5,Prudential Center | Newark,0,2,5,0.38461538461538464,-0.3076923076923077,0.2,-1.6,0.4,-0.44,0.4,-0.6,0,0,0,0.6153846153846154,0.6,0.5307692307692308,0.544,0.8081395348837209,0.7325581395348837,0.7703488372093024,7,4.994186046511628,1.9481497985778453,5.4812234961560895,0.2620562288668471,3,0.2674418604651163,0.28488372093023256,0.7151162790697674,0.75,0.2930232558139535,0.16523526230394808,0.21555232558139537,0.531745632460035,0.32703488372093026,0.4574127906976744,0.6427222101764805,,
166,2025-03-23 16:00:00+00:00,3,23,2025,3,Montréal Victoire,1,6,Toronto Sceptres,2,Place Bell | Laval,0,2,5,0.6538461538461539,0.34615384615384615,0.5,-0.2,0.46153846153846156,-0.07692307692307693,0.8,1.1,0,0,0,0.34615384615384615,0.5384615384615384,0.4653846153846154,0.5076923076923077,0.3468208092485549,0.27167630057803466,0.3092485549132948,3,5.005780346820809,1.948455291054792,5.492894169584507,0.5588890085345407,1,0.7283236994219653,1.0,0.0,0.057803468208092484,0.15,0.3945375722543352,0.14638728323699424,0.5301134351298071,0.2809248554913295,0.5726878612716763,0.25891713710504005,,
167,2025-03-25 23:00:00+00:00,3,25,2025,5,Ottawa Charge,3,4,New York Sirens,6,TD Place | Ottawa,0,2,5,0.4230769230769231,-0.3076923076923077,0.5,0.0,0.37037037037037035,-0.4074074074074074,0.2,-1.5,0,0,0,0.5769230769230769,0.6296296296296297,0.5307692307692308,0.5407407407407407,0.5229885057471264,0.8850574712643678,0.7040229885057472,9,4.994252873563219,1.9487572041913404,5.481442174611054,0.804067718326583,3,0.4770114942528736,0.28735632183908044,0.7126436781609196,0.9540229885057471,0.2925287356321839,0.23948308891531245,0.20560344827586208,0.6548280265997269,0.3204022988505747,0.4739942528735632,0.7273546187219326,,
184,2025-03-26 23:00:00+00:00,3,26,2025,1,Boston Fleet,2,6,Toronto Sceptres,4,Agganis Arena | Boston,0,2,5,0.5769230769230769,0.3076923076923077,0.7,1.0,0.48148148148148145,-0.037037037037037035,0.8,1.0,0,0,0,0.42307692307692313,0.5185185185185186,0.46923076923076923,0.5037037037037038,0.2057142857142857,0.2571428571428571,0.23142857142857143,6,5.017142857142857,1.9666012624453288,5.5087931727541894,0.030712145668948754,2,0.7942857142857143,0.5028571428571429,0.4971428571428571,0.6571428571428571,0.24942857142857142,0.37314122448979586,0.13471428571428573,0.6337798437317784,0.27314285714285713,0.5921428571428571,0.27696716068491284,,
168,2025-03-27 00:00:00+00:00,3,27,2025,2,Minnesota Frost,1,3,Montréal Victoire,4,Xcel Energy Center | St. Paul,0,2,5,0.5185185185185185,0.14814814814814814,0.3,-0.4,0.6296296296296297,0.2962962962962963,0.4,-0.7,0,0,0,0.4814814814814815,0.37037037037037035,0.48518518518518516,0.47037037037037044,0.5965909090909091,0.5,0.5482954545454546,5,5.0227272727272725,1.962373331175567,5.513320605521164,0.033633818479851474,3,0.5,0.2897727272727273,0.7102272727272727,0.39204545454545453,0.29204545454545455,0.2477840909090909,0.1822443181818182,0.39823153409090906,0.30482954545454544,0.5129261363636364,0.5038628981173314,,
185,2025-03-29 18:00:00+00:00,3,29,2025,1,Boston Fleet,1,5,Ottawa Charge,2,Enterprise Center | St. Louis,0,2,5,0.5555555555555556,0.2222222222222222,0.7,1.0,0.4074074074074074,-0.4074074074074074,0.5,-0.1,0,0,0,0.4444444444444444,0.5925925925925926,0.47777777777777775,0.5407407407407407,0.22033898305084745,0.5988700564971752,0.4096045197740113,3,5.022598870056497,1.9567912111061703,5.51179667283304,0.5612622803089344,1,0.7796610169491526,1.0,0.0,0.05649717514124294,0.15,0.41635593220338984,0.1614406779661017,0.5578047495930288,0.2909604519774011,0.5475988700564971,0.3149095352481573,,
169,2025-03-30 17:00:00+00:00,3,30,2025,2,Minnesota Frost,5,6,Toronto Sceptres,2,Xcel Energy Center | St. Paul,0,2,5,0.5,0.03571428571428571,0.3,-0.6,0.5,0.03571428571428571,0.8,1.1,0,0,0,0.5,0.5,0.49642857142857144,0.49642857142857144,0.6235955056179775,0.2247191011235955,0.4241573033707865,7,5.01123595505618,1.957136049086045,5.500519967327691,0.2543514019482681,3,0.7752808988764045,0.29213483146067415,0.7078651685393258,0.7471910112359551,0.29157303370786514,0.34545764423683883,0.16362359550561797,0.59817862913121,0.2924157303370787,0.5439606741573033,0.4793336938375934,,
170,2025-04-01 23:00:00+00:00,4,1,2025,3,Montréal Victoire,0,4,New York Sirens,1,Place Bell | Laval,0,2,5,0.6428571428571429,0.39285714285714285,0.5,0.0,0.39285714285714285,-0.2857142857142857,0.3,-0.8,0,0,0,0.3571428571428571,0.6071428571428572,0.46071428571428563,0.5285714285714286,0.3463687150837989,0.7877094972067039,0.5670391061452514,1,5.022346368715084,1.957283451257942,5.51166723152957,0.9298180605452723,1,0.6536312849162011,1.0,0.0,0.0,0.15,0.3627932960893855,0.18505586592178772,0.46083798882681565,0.3067039106145252,0.5082402234636871,0.46026036836383455,,
171,2025-04-02 23:00:00+00:00,4,2,2025,1,Boston Fleet,0,5,Ottawa Charge,4,Tsongas Center | Lowell,0,2,5,0.5357142857142857,0.17857142857142858,0.6,0.7,0.42857142857142855,-0.35714285714285715,0.5,-0.5,0,0,0,0.4642857142857143,0.5714285714285714,0.4821428571428571,0.5357142857142857,0.3055555555555556,0.6111111111111112,0.45833333333333337,4,5.0,1.9747003167017834,5.493675079175446,0.24879371498348912,4,0.6944444444444444,0.08888888888888889,0.9111111111111111,0.2722222222222222,0.3322222222222222,0.29864506172839506,0.16875,0.357742232510288,0.29583333333333334,0.5354166666666667,0.5569202819960564,,
188,2025-04-26 16:00:00+00:00,4,26,2025,5,Ottawa Charge,3,3,Montréal Victoire,2,TD Place | Ottawa,0,2,5,0.4482758620689655,-0.20689655172413793,0.6,0.0,0.6206896551724138,0.3448275862068966,0.5,0.1,0,0,0,0.5517241379310345,0.3793103448275862,0.5206896551724138,0.4655172413793103,0.430939226519337,0.3812154696132597,0.40607734806629836,5,4.994475138121547,1.970609712666674,5.4871275662882155,0.0300909962951611,1,0.6187845303867403,1.0,0.0,0.39779005524861877,0.15000000000000002,0.34798342541436467,0.16091160220994477,0.6404983059125179,0.2906077348066298,0.5484806629834253,0.22756756351590238,,
187,2025-04-26 18:00:00+00:00,4,26,2025,1,Boston Fleet,3,6,Toronto Sceptres,0,Tsongas Center | Lowell,0,2,5,0.5172413793103449,0.034482758620689655,0.5,0.0,0.4827586206896552,-0.06896551724137931,0.7,0.6,0,0,0,0.48275862068965514,0.5172413793103448,0.496551724137931,0.506896551724138,0.43956043956043955,0.3076923076923077,0.37362637362637363,3,4.9945054945054945,1.9651585423712579,5.4857951300983085,0.550683861868594,3,0.6923076923076923,0.2967032967032967,0.7032967032967032,0.06043956043956044,0.2906593406593406,0.3164750633981403,0.15604395604395604,0.3188695159447484,0.28736263736263734,0.5565934065934066,0.49599005993317197,,
186,2025-04-27 18:00:00+00:00,4,27,2025,2,Minnesota Frost,0,4,New York Sirens,2,Xcel Energy Center | St. Paul,0,2,5,0.5172413793103449,0.13793103448275862,0.4,0.2,0.41379310344827586,-0.2413793103448276,0.4,-0.4,0,0,0,0.48275862068965514,0.5862068965517242,0.4862068965517241,0.5241379310344827,0.4918032786885246,0.6666666666666666,0.5792349726775956,2,4.983606557377049,1.9652905996456773,5.4749292072884685,0.790530635376202,2,0.5081967213114754,0.5081967213114754,0.4918032786885246,0.0273224043715847,0.2483606557377049,0.2661542596076324,0.18688524590163935,0.2747394128436595,0.3079234972677596,0.5051912568306011,0.5918007415738152,,
190,2025-04-28 23:00:00+00:00,4,28,2025,3,Montréal Victoire,3,1,Boston Fleet,2,Place Bell | Laval,0,2,5,0.6,0.3,0.4,-0.2,0.5333333333333333,0.13333333333333333,0.5,0.2,0,0,0,0.4,0.4666666666666667,0.47,0.4866666666666666,0.45652173913043476,0.44565217391304346,0.45108695652173914,5,4.967391304347826,1.9722173422194866,5.460445639902698,0.026885163048418703,1,0.5543478260869565,1.0,0.0,0.40217391304347827,0.15,0.3205978260869565,0.1676630434782609,0.6166617438563328,0.2951086956521739,0.5372282608695652,0.24684430941422625,,
189,2025-04-29 23:00:00+00:00,4,29,2025,6,Toronto Sceptres,2,4,New York Sirens,1,Coca-Cola Coliseum | Toronto,0,2,5,0.4666666666666667,-0.16666666666666666,0.6,0.2,0.43333333333333335,-0.16666666666666666,0.5,0.1,0,0,0,0.5333333333333333,0.5666666666666667,0.5166666666666667,0.5166666666666667,0.41621621621621624,0.5297297297297298,0.472972972972973,3,4.967567567567568,1.966852215615819,5.459280621471523,0.5423747659505174,1,0.5837837837837838,1.0,0.0,0.06486486486486487,0.15,0.3331081081081081,0.17094594594594598,0.4542037983929876,0.2972972972972973,0.5317567567567567,0.34422334156433154,,
191,2025-04-30 23:00:00+00:00,4,30,2025,5,Ottawa Charge,0,2,Minnesota Frost,3,TD Place | Ottawa,0,2,5,0.4666666666666667,-0.16666666666666666,0.7,0.2,0.5,0.06666666666666667,0.4,0.2,0,0,0,0.5333333333333333,0.5,0.5166666666666667,0.4933333333333334,0.34408602150537637,0.5268817204301075,0.43548387096774194,3,4.956989247311828,1.966827482477734,5.448696117931261,0.5393007827690248,3,0.6559139784946236,0.2956989247311828,0.7043010752688172,0.06451612903225806,0.29086021505376347,0.3034813273210776,0.1653225806451613,0.3066898964017221,0.2935483870967742,0.5411290322580645,0.5315580074877859,,
194,2025-05-03 16:00:00+00:00,5,3,2025,6,Toronto Sceptres,1,5,Ottawa Charge,2,Coca-Cola Coliseum | Toronto,0,2,5,0.5,-0.06666666666666667,0.6,0.0,0.43333333333333335,-0.43333333333333335,0.6,-0.3,0,0,0,0.5,0.5666666666666667,0.5066666666666666,0.5433333333333333,0.41711229946524064,0.5133689839572193,0.46524064171123,3,4.946524064171123,1.966746727878835,5.4382107461408316,0.5362687040423815,1,0.5828877005347594,1.0,0.0,0.06417112299465241,0.15,0.33272727272727276,0.1697860962566845,0.45335439961108415,0.296524064171123,0.5336898395721925,0.33934517324131747,,
193,2025-05-03 17:00:00+00:00,5,3,2025,1,Boston Fleet,1,2,Minnesota Frost,8,Tsongas Center | Lowell,0,2,5,0.5,0.03333333333333333,0.4,0.0,0.5,0.1,0.4,0.1,0,0,0,0.5,0.5,0.4966666666666667,0.49,0.5319148936170213,0.5372340425531915,0.5345744680851063,9,4.9361702127659575,1.966611737197604,5.427823147065358,0.8078878560476792,7,0.46808510638297873,0.0,1.0,0.9521276595744681,0.35,0.21712765957446808,0.18018617021276595,0.5759795156179266,0.3034574468085106,0.5163563829787234,0.7250586043243449,,
192,2025-05-03 18:00:00+00:00,5,3,2025,4,New York Sirens,2,3,Montréal Victoire,3,Prudential Center | Newark,0,2,5,0.43333333333333335,-0.16666666666666666,0.5,0.1,0.6333333333333333,0.4,0.4,-0.2,0,0,0,0.5666666666666667,0.3666666666666667,0.5166666666666667,0.45999999999999996,0.5238095238095238,0.4444444444444444,0.48412698412698413,5,4.957671957671957,1.9835243934661866,5.453553056038504,0.02580397729935835,1,0.5555555555555556,1.0,0.0,0.4074074074074074,0.15,0.32111111111111107,0.17261904761904762,0.619917695473251,0.2984126984126984,0.5289682539682539,0.2605420634787661,,
195,2025-05-07 23:00:00+00:00,5,7,2025,6,Toronto Sceptres,3,2,Minnesota Frost,2,Coca-Cola Coliseum | Toronto,1,2,6,0.5,0.0,0.5,-0.2,0.5,0.3,0.5,0.9,0,0,0,0.5,0.5,0.5,0.47,0.47368421052631576,0.42105263157894735,0.4473684210526315,5,4.957894736842105,1.9782723983270694,5.452462836423872,0.025816444210693956,1,0.5789473684210527,1.0,0.0,0.4052631578947368,0.15,0.3310526315789474,0.16710526315789473,0.6282049861495845,0.2947368421052632,0.5381578947368421,0.24506891134905845,,
197,2025-05-08 23:00:00+00:00,5,8,2025,3,Montréal Victoire,2,5,Ottawa Charge,3,Place Bell | Laval,1,2,6,0.6333333333333333,0.3333333333333333,0.4,-0.2,0.4666666666666667,-0.3,0.6,-0.3,0,0,0,0.3666666666666667,0.5333333333333333,0.4666666666666667,0.53,0.418848167539267,0.4712041884816754,0.4450261780104712,5,4.958115183246074,1.9730619024433875,5.4513806588569205,0.025828816418472678,1,0.581151832460733,1.0,0.0,0.4031413612565445,0.15000000000000002,0.33198952879581156,0.1667539267015707,0.6279937501713222,0.29450261780104714,0.5387434554973821,0.24406199748798865,,
196,2025-05-09 23:00:00+00:00,5,9,2025,6,Toronto Sceptres,3,2,Minnesota Frost,5,Coca-Cola Coliseum | Toronto,1,2,6,0.5,-0.03333333333333333,0.6,0.1,0.5,0.3,0.5,0.9,1,0,1,0.5,0.5,0.5033333333333333,0.47,0.3854166666666667,0.4166666666666667,0.4010416666666667,8,4.958333333333333,1.9678923621580884,5.450306423872855,0.5680089478774997,2,0.6145833333333333,0.5,0.5,0.9270833333333334,0.25,0.30546874999999996,0.16015625,0.7284977213541666,0.29010416666666666,0.5497395833333334,0.45649074512447807,,
199,2025-05-11 18:00:00+00:00,5,11,2025,3,Montréal Victoire,3,5,Ottawa Charge,2,Place Bell | Laval,1,2,6,0.6,0.26666666666666666,0.4,0.0,0.5,-0.23333333333333334,0.7,0.3,0,1,1,0.4,0.5,0.4733333333333334,0.5233333333333333,0.44041450777202074,0.3005181347150259,0.3704663212435233,5,4.974093264248705,1.9749346855250203,5.46782693562996,0.027666664769056326,1,0.6994818652849741,1.0,0.0,0.39896373056994816,0.15,0.38227979274611396,0.1555699481865285,0.6838054712878198,0.28704663212435233,0.5573834196891192,0.21079588661897894,,
203,2025-05-11 22:00:00+00:00,5,11,2025,2,Minnesota Frost,7,6,Toronto Sceptres,5,Xcel Energy Center | St. Paul,1,2,6,0.5,0.3333333333333333,0.5,0.6,0.5,-0.06666666666666667,0.5,-0.4,1,1,1,0.5,0.5,0.4666666666666667,0.5066666666666666,0.4072164948453608,0.5257731958762887,0.46649484536082475,12,4.974226804123711,1.969812507872008,5.466679931091713,0.9959145431429792,2,0.5927835051546392,0.5,0.5,0.9948453608247423,0.25,0.29729381443298974,0.16997422680412372,0.7572154320331598,0.2966494845360825,0.5333762886597937,0.5664218359992323,,
200,2025-05-13 23:00:00+00:00,5,13,2025,5,Ottawa Charge,1,3,Montréal Victoire,0,TD Place | Ottawa,1,2,6,0.4666666666666667,-0.3,0.6,0.1,0.6333333333333333,0.4,0.4,0.0,1,1,1,0.5333333333333333,0.3666666666666667,0.53,0.45999999999999996,0.4205128205128205,0.4358974358974359,0.42820512820512824,1,5.01025641025641,2.0281263091009545,5.517287987531649,0.9162968823768626,1,0.5794871794871794,1.0,0.0,0.0,0.15,0.33128205128205124,0.16423076923076924,0.4282051282051281,0.2928205128205128,0.542948717948718,0.3829775672145486,,
204,2025-05-14 23:00:00+00:00,5,14,2025,2,Minnesota Frost,4,6,Toronto Sceptres,3,Xcel Energy Center | St. Paul,1,2,6,0.5,0.3,0.5,0.7,0.5,-0.03333333333333333,0.5,-0.5,2,1,2,0.5,0.5,0.47,0.5033333333333333,0.39285714285714285,0.5357142857142857,0.4642857142857143,7,4.989795918367347,2.0430991941439016,5.500570716903322,0.2360891372279339,1,0.6071428571428572,1.0,0.0,0.75,0.15,0.3430357142857143,0.16964285714285715,0.8343303571428572,0.29642857142857143,0.5339285714285713,0.28794624394300405,,
201,2025-05-16 23:00:00+00:00,5,16,2025,5,Ottawa Charge,2,3,Montréal Victoire,1,TD Place | Ottawa,1,2,6,0.5,-0.23333333333333334,0.7,0.5,0.6,0.3333333333333333,0.4,0.0,2,1,2,0.5,0.4,0.5233333333333333,0.4666666666666667,0.27918781725888325,0.467005076142132,0.3730964467005076,3,5.0,2.042907092296442,5.5107267730741105,0.5300913027682619,1,0.7208121827411167,1.0,0.0,0.06598984771573604,0.15,0.39134517766497456,0.15596446700507616,0.5497335669561184,0.28730964467005077,0.5567258883248731,0.2903878582204722,,
206,2025-05-20 23:00:00+00:00,5,20,2025,5,Ottawa Charge,2,2,Minnesota Frost,1,TD Place | Ottawa,1,2,6,0.5333333333333333,-0.16666666666666666,0.7,0.3,0.5,0.23333333333333334,0.6,0.9,3,3,3,0.4666666666666667,0.5,0.5166666666666667,0.4766666666666667,0.26262626262626265,0.2878787878787879,0.2752525252525253,3,4.98989898989899,2.042666464247507,5.500565605960866,0.5272992991291192,1,0.7373737373737373,1.0,0.0,0.06565656565656566,0.15,0.3983838383838384,0.1412878787878788,0.5686414651566167,0.2775252525252525,0.5811868686868686,0.23447415270995686,,
207,2025-05-22 23:00:00+00:00,5,22,2025,5,Ottawa Charge,1,2,Minnesota Frost,2,TD Place | Ottawa,1,2,6,0.5666666666666667,-0.03333333333333333,0.8,0.7,0.4666666666666667,0.16666666666666666,0.6,1.1,4,3,4,0.43333333333333335,0.5333333333333333,0.5033333333333333,0.4833333333333333,0.1658291457286432,0.3316582914572864,0.24874371859296482,3,4.9798994974874375,2.0423787848876964,5.490494193709361,0.524542904063108,1,0.8341708542713568,1.0,0.0,0.06532663316582915,0.15,0.43952261306532664,0.13731155778894472,0.6314633468851797,0.2748743718592965,0.5878140703517587,0.21824086098460543,,
208,2025-05-24 21:00:00+00:00,5,24,2025,2,Minnesota Frost,2,5,Ottawa Charge,1,Xcel Energy Center | St. Paul,1,2,6,0.5,0.23333333333333334,0.7,1.5,0.5333333333333333,-0.13333333333333333,0.7,0.5,4,4,4,0.5,0.4666666666666667,0.4766666666666667,0.5133333333333334,0.21,0.28,0.245,3,4.97,2.0420454815561087,5.480511370389027,0.521821449636765,1,0.79,1.0,0.0,0.065,0.15,0.42075,0.13675,0.60715125,0.2745,0.5887499999999999,0.21560283323782758,,
209,2025-05-26 21:00:00+00:00,5,26,2025,2,Minnesota Frost,2,5,Ottawa Charge,1,Xcel Energy Center | St. Paul,1,2,6,0.5,0.23333333333333334,0.7,1.3,0.5,-0.2,0.6,0.0,5,4,5,0.5,0.5,0.4766666666666667,0.52,0.22885572139303484,0.42786069651741293,0.3283582089552239,3,4.960199004975125,2.0416679358306546,5.4706159889327886,0.5191342834574058,1,0.7711442786069651,1.0,0.0,0.06467661691542288,0.15,0.41273631840796016,0.1492537313432836,0.6066886958243608,0.2828358208955224,0.567910447761194,0.2639607863480646,,
330,2025-11-13 20:00:00+00:00,11,13,2025,4,New York Sirens,2,2,Minnesota Frost,5,Codey Arena,0,3,7,0.4,-0.3,0.5,0.1,0.5333333333333333,0.43333333333333335,0.8,1.6,0,0,0,0.6,0.4666666666666667,0.53,0.45666666666666667,0.5841584158415841,0.15346534653465346,0.3688118811881188,7,4.9504950495049505,2.0412474852391793,5.460806920814745,0.24745325127661622,3,0.8465346534653465,0.28217821782178215,0.7178217821782178,0.7524752475247525,0.29356435643564355,0.3696546907165964,0.15532178217821782,0.6062402334366365,0.28688118811881186,0.5577970297029704,0.45008661756882595,,
331,2025-11-14 17:00:00+00:00,11,14,2025,4,New York Sirens,6,2,Minnesota Frost,2,Codey Arena,0,3,7,0.36666666666666664,-0.43333333333333335,0.5,0.1,0.5333333333333333,0.5,0.8,1.6,0,0,0,0.6333333333333333,0.4666666666666667,0.5433333333333333,0.44999999999999996,0.625615763546798,0.15270935960591134,0.3891625615763547,8,4.960591133004926,2.0412633550023487,5.470906971755514,0.5358469415603826,4,0.8472906403940886,0.08866995073891626,0.9113300492610837,0.9211822660098522,0.33226600985221677,0.349655779077386,0.15837438423645323,0.6055378482174311,0.2889162561576355,0.5527093596059113,0.5632562855625411,,0.2660098522167488
332,2025-11-16 00:30:00+00:00,11,16,2025,3,Montréal Victoire,3,1,Boston Fleet,2,Verdun Auditorium | Montreal,0,3,7,0.5666666666666667,0.26666666666666666,0.4,0.0,0.5,-0.03333333333333333,0.4,-0.6,0,0,0,0.43333333333333335,0.5,0.4733333333333334,0.5033333333333333,0.49019607843137253,0.6568627450980392,0.5735294117647058,5,4.9754901960784315,2.0473188654553116,5.48731991244226,0.027931248949714993,1,0.5098039215686274,1.0,0.0,0.4068627450980392,0.15,0.30166666666666664,0.1860294117647059,0.6012336601307189,0.3073529411764706,0.5066176470588235,0.29575615491923546,,0.2647058823529412
333,2025-11-16 03:00:00+00:00,11,16,2025,9,Vancouver Goldeneyes,3,8,Seattle Torrent,0,Pacific Coliseum | Vancouver,0,3,7,,,,,,,,,0,0,0,,,,,0.0,0.0,0.0,3,4.975609756097561,2.0422954799331396,5.486183626080846,0.5233475472169162,3,1.0,0.28780487804878047,0.7121951219512195,0.06341463414634146,0.2924390243902439,0.42453658536585365,0.1,0.43257061273051756,0.25,0.65,0.2303835352094965,0.05853658536585366,0.07804878048780488
334,2025-11-16 18:00:00+00:00,11,16,2025,5,Ottawa Charge,2,6,Toronto Sceptres,3,TD Place | Ottawa,0,3,7,0.4666666666666667,-0.26666666666666666,0.5,-0.2,0.5,0.0,0.4,-0.7,0,0,0,0.5333333333333333,0.5,0.5266666666666666,0.5,0.5485436893203883,0.6601941747572816,0.604368932038835,5,4.966019417475728,2.041952838520781,5.476507627105923,0.026860815774893965,1,0.45145631067961167,1.0,0.0,0.4077669902912621,0.15000000000000002,0.276868932038835,0.19065533980582527,0.5782913092657178,0.3104368932038835,0.4989077669902912,0.3066455122808263,0.1941747572815534,0.23300970873786409
335,2025-11-17 01:00:00+00:00,11,17,2025,9,Vancouver Goldeneyes,2,8,Seattle Torrent,4,Pacific Coliseum | Vancouver,0,3,7,1.0,3.0,1.0,3.0,0.0,-3.0,0.0,-3.0,0,0,0,0.0,1.0,0.19999999999999996,0.8,0.0,0.966183574879227,0.4830917874396135,6,4.966183574879227,2.036991982082579,5.475431570399872,0.03261484135888659,2,1.0,0.48792270531400966,0.5120772946859904,0.6714975845410628,0.2524154589371981,0.44855072463768114,0.17246376811594202,0.672074027398539,0.29830917874396135,0.5292270531400967,0.4140474787313131,0.2753623188405797,0.3961352657004831
336,2025-11-17 18:00:00+00:00,11,17,2025,5,Ottawa Charge,0,6,Toronto Sceptres,3,TD Place | Ottawa,0,3,7,0.4666666666666667,-0.26666666666666666,0.5,0.0,0.5333333333333333,0.06666666666666667,0.4,-0.7,0,0,0,0.5333333333333333,0.4666666666666667,0.5266666666666666,0.4933333333333334,0.5288461538461539,0.6153846153846154,0.5721153846153846,3,4.971153846153846,2.033329678158895,5.47948626569357,0.5245504973077615,3,0.47115384615384615,0.28846153846153844,0.7115384615384616,0.0625,0.2923076923076923,0.2374852071005917,0.1858173076923077,0.23561518548020027,0.3072115384615385,0.5069711538461538,0.606109383273774,0.46634615384615385,0.0
337,2025-11-17 19:00:00+00:00,11,17,2025,3,Montréal Victoire,3,1,Boston Fleet,2,Verdun Auditorium | Montreal,0,3,7,0.5666666666666667,0.26666666666666666,0.5,0.2,0.5,0.0,0.3,-1.0,0,0,0,0.43333333333333335,0.5,0.4733333333333334,0.5,0.3827751196172249,0.7511961722488039,0.5669856459330144,5,4.961722488038277,2.0330133232757865,5.469975818857224,0.026366426416213895,1,0.6172248803827751,1.0,0.0,0.40669856459330145,0.15,0.3473205741626794,0.18504784688995216,0.644343307158719,0.30669856459330147,0.5082535885167464,0.2930515396214427,0.15789473684210525,0.37799043062200954
210,2025-11-22 00:00:00+00:00,11,22,2025,2,Minnesota Frost,1,6,Toronto Sceptres,2,Grand Casino Arena | St. Paul,0,3,8,0.5,0.3,0.7,0.5,0.5333333333333333,0.1,0.4,-0.6,0,0,0,0.5,0.4666666666666667,0.47,0.49,0.2619047619047619,0.6,0.430952380952381,3,4.961904761904762,2.028145543335905,5.468941147738739,0.5233426588760546,1,0.7380952380952381,1.0,0.0,0.06190476190476191,0.15,0.3986904761904762,0.16464285714285715,0.537342970521542,0.2930952380952381,0.5422619047619048,0.3198536895790094,0.21428571428571427,0.18571428571428572
211,2025-11-22 03:00:00+00:00,11,22,2025,9,Vancouver Goldeneyes,4,8,Seattle Torrent,3,Pacific Coliseum | Vancouver,0,3,8,0.5,0.5,0.5,0.5,0.5,-0.5,0.5,-0.5,0,0,0,0.5,0.5,0.44999999999999996,0.55,0.4028436018957346,0.5734597156398105,0.48815165876777256,7,4.95260663507109,2.027813819704447,5.459560089997202,0.2506418472422287,1,0.5971563981042654,1.0,0.0,0.7535545023696683,0.15,0.33879146919431274,0.1732227488151659,0.8135884189483614,0.29881516587677726,0.5279620853080569,0.30114243745702995,0.17535545023696683,0.4786729857819905
212,2025-11-23 00:00:00+00:00,11,23,2025,5,Ottawa Charge,0,4,New York Sirens,4,TD Place | Ottawa,0,3,8,0.4666666666666667,-0.3,0.4,-0.4,0.36666666666666664,-0.4,0.5,0.4,0,0,0,0.5333333333333333,0.6333333333333333,0.53,0.54,0.6462264150943396,0.6226415094339622,0.6344339622641509,4,4.962264150943396,2.027883954455282,5.469235139557217,0.23084440186225552,4,0.37735849056603776,0.08962264150943396,0.910377358490566,0.2971698113207547,0.33207547169811324,0.19281594873620508,0.19516509433962265,0.28378010035129675,0.3134433962264151,0.4913915094339623,0.642160002913287,0.4811320754716981,0.014150943396226415
213,2025-11-23 18:00:00+00:00,11,23,2025,1,Boston Fleet,2,3,Montréal Victoire,0,Tsongas Center | Lowell,0,3,8,0.5,0.0,0.3,-1.0,0.5666666666666667,0.23333333333333334,0.5,0.0,0,0,0,0.5,0.43333333333333335,0.5,0.4766666666666667,0.7136150234741784,0.4131455399061033,0.5633802816901409,2,4.957746478873239,2.0241696624088403,5.463788894475449,0.7687203941821913,2,0.5868544600938967,0.48826291079812206,0.511737089201878,0.028169014084507043,0.2523474178403756,0.2941468844365095,0.18450704225352113,0.30448703003653815,0.3063380281690141,0.5091549295774648,0.5854467047468471,0.45539906103286387,0.018779342723004695
214,2025-11-26 00:00:00+00:00,11,26,2025,3,Montréal Victoire,4,4,New York Sirens,0,Place Bell | Laval,0,3,8,0.5666666666666667,0.2,0.5,-0.1,0.4,-0.2,0.5,0.5,0,0,0,0.43333333333333335,0.6,0.48,0.52,0.4252336448598131,0.5373831775700935,0.48130841121495327,4,4.94392523364486,2.0295089519223724,5.4513024716254534,0.22561353676176787,4,0.5747663551401869,0.09345794392523364,0.9065420560747663,0.29906542056074764,0.33130841121495325,0.2590398724779457,0.172196261682243,0.33714692463856366,0.29813084112149535,0.5296728971962616,0.5640539739180196,0.42990654205607476,0.04672897196261682
215,2025-11-27 00:00:00+00:00,11,27,2025,5,Ottawa Charge,5,9,Vancouver Goldeneyes,1,TD Place | Ottawa,0,3,8,0.4666666666666667,-0.4,0.3,-0.9,0.6666666666666666,0.6666666666666666,0.6666666666666666,0.6666666666666666,0,0,0,0.5333333333333333,0.33333333333333337,0.54,0.43333333333333335,0.7488372093023256,0.1813953488372093,0.46511627906976744,6,4.93953488372093,2.0257846679678724,5.4459810507128985,0.036706029616815794,4,0.8186046511627907,0.09767441860465116,0.9023255813953488,0.6744186046511628,0.33046511627906977,0.3409956733369389,0.1697674418604651,0.5253997912133523,0.2965116279069767,0.5337209302325582,0.5220238089219678,0.3953488372093023,0.18604651162790697
216,2025-11-28 21:00:00+00:00,11,28,2025,8,Seattle Torrent,0,2,Minnesota Frost,3,Climate Pledge Arena | Seattle,0,3,8,0.3333333333333333,-0.6666666666666666,0.3333333333333333,-0.6666666666666666,0.5,0.3,0.7,0.5,0,0,0,0.6666666666666667,0.5,0.5666666666666667,0.47,0.7962962962962963,0.27314814814814814,0.5347222222222222,3,4.944444444444445,2.0223556760916606,5.45003336346736,0.5199359998186084,3,0.7268518518518519,0.2962962962962963,0.7037037037037037,0.06481481481481481,0.29074074074074074,0.32868912894375857,0.18020833333333333,0.3333813998755271,0.30347222222222225,0.5163194444444444,0.5833388074261595,0.4583333333333333,0.046296296296296294
217,2025-11-29 17:00:00+00:00,11,29,2025,4,New York Sirens,5,9,Vancouver Goldeneyes,1,Prudential Center | Newark,0,3,8,0.36666666666666664,-0.4,0.5,0.2,0.5,-0.5,0.5,-0.5,0,0,0,0.6333333333333333,0.5,0.54,0.55,0.6129032258064516,0.576036866359447,0.5944700460829493,6,4.935483870967742,2.0219819464171285,5.440979357572024,0.03749717793256979,4,0.42396313364055305,0.10138248847926268,0.8986175115207373,0.6728110599078341,0.3297235023041475,0.20911391195395956,0.18917050691244242,0.4712663861441707,0.30944700460829494,0.5013824884792626,0.5832247284173935,0.45622119815668205,0.12903225806451613
218,2025-11-29 19:00:00+00:00,11,29,2025,6,Toronto Sceptres,1,1,Boston Fleet,3,Coca-Cola Coliseum | Toronto,0,3,8,0.5666666666666667,0.16666666666666666,0.5,-0.2,0.5,0.0,0.3,-1.1,0,0,0,0.43333333333333335,0.5,0.4833333333333333,0.5,0.42660550458715596,0.7706422018348624,0.5986238532110092,4,4.940366972477064,2.018605590080707,5.445018369997241,0.22602867557496398,2,0.573394495412844,0.5,0.5,0.2981651376146789,0.25,0.2900229357798165,0.18979357798165136,0.42550921639592626,0.30986238532110094,0.5003440366972478,0.49734785890323385,0.3669724770642202,0.0871559633027523
219,2025-12-03 00:00:00+00:00,12,3,2025,5,Ottawa Charge,1,2,Minnesota Frost,5,TD Place | Ottawa,0,3,8,0.4666666666666667,-0.3,0.4,-0.4,0.5333333333333333,0.4666666666666667,0.7,0.6,0,0,0,0.5333333333333333,0.4666666666666667,0.53,0.45333333333333337,0.639269406392694,0.2511415525114155,0.4452054794520548,6,4.936073059360731,2.0149726508388826,5.439816222070451,0.037907760571466165,4,0.7488584474885844,0.1050228310502283,0.8949771689497716,0.6712328767123288,0.32899543378995433,0.3183441754759075,0.16678082191780824,0.5165216649105785,0.2945205479452055,0.5386986301369863,0.5097430355730102,0.3881278538812785,0.1917808219178082
220,2025-12-04 00:00:00+00:00,12,4,2025,1,Boston Fleet,2,9,Vancouver Goldeneyes,0,Agganis Arena | Boston,0,3,8,0.5,0.03333333333333333,0.3,-1.0,0.4,-1.2,0.4,-1.2,0,0,0,0.5,0.6,0.4966666666666667,0.62,0.7090909090909091,0.8227272727272728,0.7659090909090909,2,4.9409090909090905,2.011646248963075,5.443820653149859,0.7690079102291126,2,0.2909090909090909,0.5045454545454545,0.4954545454545455,0.02727272727272727,0.24909090909090909,0.18431404958677688,0.21488636363636363,0.18091021788129225,0.3265909090909091,0.4585227272727273,0.6782469890565679,0.5045454545454545,0.0
221,2025-12-04 03:00:00+00:00,12,4,2025,8,Seattle Torrent,2,4,New York Sirens,1,Climate Pledge Arena | Seattle,0,3,8,0.25,-1.25,0.25,-1.25,0.4,-0.23333333333333334,0.6,0.9,0,0,0,0.75,0.6,0.625,0.5233333333333333,0.8914027149321267,0.43891402714932126,0.6651583710407241,3,4.927601809954751,2.0167949697019014,5.431800552380227,0.5166172203979343,1,0.5610859728506787,1.0,0.0,0.06787330316742081,0.15,0.3234615384615384,0.1997737556561086,0.44336233901844757,0.3165158371040724,0.48371040723981906,0.4249505888905983,0.28054298642533937,0.1085972850678733
222,2025-12-05 00:00:00+00:00,12,5,2025,6,Toronto Sceptres,3,5,Ottawa Charge,1,Coca-Cola Coliseum | Toronto,0,3,8,0.5666666666666667,0.16666666666666666,0.5,-0.1,0.4666666666666667,-0.3333333333333333,0.3,-0.9,0,0,0,0.43333333333333335,0.5333333333333333,0.4833333333333333,0.5333333333333333,0.4144144144144144,0.8063063063063063,0.6103603603603603,4,4.918918918918919,2.016381486993079,5.423014290667189,0.22043959446238948,2,0.5855855855855856,0.5045045045045045,0.49549549549549554,0.30180180180180183,0.2490990990990991,0.29494846197548896,0.19155405405405407,0.43227893708171283,0.311036036036036,0.49740990990990985,0.49994234464535975,0.3738738738738739,0.1036036036036036
223,2025-12-06 20:00:00+00:00,12,6,2025,9,Vancouver Goldeneyes,4,4,New York Sirens,0,Pacific Coliseum | Vancouver,0,3,8,0.3333333333333333,-1.3333333333333333,0.3333333333333333,-1.3333333333333333,0.4,-0.2,0.5,0.5,0,0,0,0.6666666666666667,0.6,0.6333333333333333,0.52,0.8385650224215246,0.5336322869955157,0.6860986547085202,4,4.914798206278027,2.0127758228749477,5.4179921619967635,0.2197627064488762,4,0.4663677130044843,0.10762331838565023,0.8923766816143498,0.3004484304932735,0.32847533632286996,0.2237411771803173,0.20291479820627803,0.3118059050457065,0.318609865470852,0.47847533632287,0.6571944042731404,0.5067264573991032,0.03139013452914798
224,2025-12-07 17:00:00+00:00,12,7,2025,3,Montréal Victoire,3,6,Toronto Sceptres,1,Place Bell | Laval,0,3,8,0.5666666666666667,0.26666666666666666,0.6,0.4,0.6,0.26666666666666666,0.5,0.0,0,0,0,0.43333333333333335,0.4,0.4733333333333334,0.4733333333333334,0.26785714285714285,0.39732142857142855,0.3325892857142857,4,4.910714285714286,2.009187736859717,5.413011219929215,0.21909186648728163,2,0.7321428571428572,0.5089285714285714,0.4910714285714286,0.29910714285714285,0.24821428571428572,0.3503858418367347,0.14988839285714287,0.48011125125273324,0.2832589285714286,0.5668526785714285,0.360468821936335,0.24107142857142858,0.15178571428571427
225,2025-12-07 20:00:00+00:00,12,7,2025,1,Boston Fleet,4,2,Minnesota Frost,1,Agganis Arena | Boston,0,3,8,0.5333333333333333,0.16666666666666666,0.4,-0.6,0.5666666666666667,0.6333333333333333,0.7,0.8,0,0,0,0.4666666666666667,0.43333333333333335,0.4833333333333333,0.43666666666666676,0.5733333333333334,0.19555555555555557,0.3844444444444445,5,4.906666666666666,2.0056171120131583,5.408070944669956,0.020486056329449442,3,0.8044444444444444,0.3022222222222222,0.6977777777777778,0.4266666666666667,0.28955555555555557,0.356800987654321,0.15766666666666668,0.49165242030178324,0.28844444444444445,0.5538888888888889,0.4174395978442395,0.28,0.1688888888888889
226,2025-12-17 03:00:00+00:00,12,17,2025,9,Vancouver Goldeneyes,2,5,Ottawa Charge,1,Pacific Coliseum | Vancouver,0,3,8,0.42857142857142855,-0.5714285714285714,0.42857142857142855,-0.5714285714285714,0.4666666666666667,-0.3,0.2,-1.2,0,0,0,0.5714285714285714,0.5333333333333333,0.5571428571428572,0.53,0.672566371681416,0.827433628318584,0.75,3,4.907079646017699,2.001164852520065,5.407370859147716,0.51499020386498,1,0.327433628318584,1.0,0.0,0.06637168141592921,0.15,0.22415929203539822,0.2125,0.314812436369332,0.325,0.46249999999999997,0.45631041832130825,0.3185840707964602,0.035398230088495575
227,2025-12-17 23:30:00+00:00,12,17,2025,6,Toronto Sceptres,1,3,Montréal Victoire,2,Scotiabank Centre | Halifax,0,3,8,0.5666666666666667,0.13333333333333333,0.5,-0.1,0.6,0.4,0.6,0.5,0,0,0,0.43333333333333335,0.4,0.4866666666666666,0.45999999999999996,0.41409691629955947,0.2687224669603524,0.34140969162995594,3,4.898678414096916,2.0007405747503455,5.3988635577845026,0.5126564108906103,1,0.7312775330396476,1.0,0.0,0.06607929515418502,0.15,0.39579295154185024,0.1512114537444934,0.5354982631139746,0.2841409691629956,0.564647577092511,0.2702956763369595,0.10572687224669604,0.23788546255506607
228,2025-12-18 00:00:00+00:00,12,18,2025,4,New York Sirens,0,1,Boston Fleet,2,Prudential Center | Newark,0,3,8,0.36666666666666664,-0.5,0.4,0.0,0.5666666666666667,0.3333333333333333,0.5,-0.2,0,0,0,0.6333333333333333,0.43333333333333335,0.55,0.4666666666666667,0.706140350877193,0.4166666666666667,0.5614035087719298,2,4.890350877192983,2.0002849708100516,5.390422119895495,0.7622322424411136,2,0.5833333333333333,0.5087719298245614,0.49122807017543857,0.02631578947368421,0.2482456140350877,0.2944371345029239,0.1842105263157895,0.30664595516569193,0.306140350877193,0.5096491228070175,0.5769147421055729,0.4605263157894737,0.02631578947368421
229,2025-12-18 03:00:00+00:00,12,18,2025,8,Seattle Torrent,4,5,Ottawa Charge,1,Climate Pledge Arena | Seattle,0,3,8,0.4,-0.8,0.4,-0.8,0.4666666666666667,-0.26666666666666666,0.1,-1.4,0,0,0,0.6,0.5333333333333333,0.58,0.5266666666666666,0.74235807860262,0.8951965065502183,0.8187772925764192,5,4.877729257641922,2.0050117241792824,5.378982188686742,0.01770518507749641,3,0.25764192139737996,0.30131004366812225,0.6986899563318778,0.43231441048034935,0.28973799126637556,0.16252283518620927,0.22281659388646288,0.36041395324785463,0.3318777292576419,0.44530567685589517,0.6004308216606214,0.49344978165938863,0.07423580786026202
230,2025-12-20 01:00:00+00:00,12,20,2025,2,Minnesota Frost,5,1,Boston Fleet,2,Grand Casino Arena | St. Paul,0,3,8,0.5333333333333333,0.43333333333333335,0.6,0.4,0.6,0.43333333333333335,0.6,0.4,0,0,0,0.4666666666666667,0.4,0.45666666666666667,0.45666666666666667,0.2826086956521739,0.26956521739130435,0.2760869565217391,7,4.878260869565217,2.0006454246207674,5.378422225720409,0.27998070464699565,3,0.7304347826086957,0.30434782608695654,0.6956521739130435,0.7695652173913043,0.2891304347826087,0.33070888468809073,0.14141304347826086,0.6043998931536122,0.2776086956521739,0.5809782608695653,0.3931125360356902,0.24782608695652175,0.3347826086956522
231,2025-12-20 20:00:00+00:00,12,20,2025,9,Vancouver Goldeneyes,2,3,Montréal Victoire,4,Pacific Coliseum | Vancouver,0,3,8,0.5,-0.375,0.5,-0.375,0.6,0.36666666666666664,0.6,0.5,0,0,0,0.5,0.4,0.5375,0.4633333333333334,0.5367965367965368,0.2683982683982684,0.4025974025974026,6,4.887445887445887,2.001166608749043,5.3877375396331475,0.04572515132820987,2,0.7316017316017316,0.5151515151515151,0.48484848484848486,0.6796536796536796,0.24696969696969698,0.3507621671258035,0.1603896103896104,0.6347821385837915,0.2902597402597403,0.5493506493506493,0.3692329790277553,0.24242424242424243,0.4155844155844156
232,2025-12-21 17:00:00+00:00,12,21,2025,4,New York Sirens,3,6,Toronto Sceptres,4,Prudential Center | Newark,0,3,8,0.36666666666666664,-0.5333333333333333,0.3,-0.4,0.5666666666666667,0.2,0.4,-0.3,0,0,0,0.6333333333333333,0.43333333333333335,0.5533333333333333,0.48,0.7887931034482759,0.521551724137931,0.6551724137931034,7,4.892241379310345,1.9981658629710097,5.391782845053098,0.2766695351400582,1,0.47844827586206895,1.0,0.0,0.7672413793103449,0.15,0.28834051724137927,0.19827586206896552,0.7910361548751487,0.31551724137931036,0.4862068965517241,0.3734062366047618,0.24568965517241378,0.5172413793103449
233,2025-12-21 19:00:00+00:00,12,21,2025,2,Minnesota Frost,2,5,Ottawa Charge,3,Allstate Arena | Chicago,0,3,8,0.5333333333333333,0.5,0.7,0.8,0.43333333333333335,-0.5333333333333333,0.1,-1.6,0,0,0,0.4666666666666667,0.5666666666666667,0.44999999999999996,0.5533333333333333,0.1888412017167382,0.9055793991416309,0.5472103004291845,5,4.901287553648069,1.9986305804547537,5.400945198761757,0.019921077915709406,1,0.8111587982832618,1.0,0.0,0.4248927038626609,0.15,0.4297424892703862,0.18208154506437768,0.7299806590653722,0.30472103004291845,0.5131974248927038,0.2844541777012606,0.13304721030042918,0.49356223175965663
234,2025-12-21 22:00:00+00:00,12,21,2025,8,Seattle Torrent,1,1,Boston Fleet,3,Climate Pledge Arena | Seattle,0,3,8,0.5,-0.16666666666666666,0.5,-0.16666666666666666,0.5666666666666667,0.3,0.5,-0.2,0,0,0,0.5,0.43333333333333335,0.5166666666666667,0.47,0.49572649572649574,0.42735042735042733,0.46153846153846156,4,4.901709401709402,1.994347501843311,5.40029627717023,0.21846477134556364,2,0.5726495726495726,0.5128205128205128,0.4871794871794872,0.29914529914529914,0.24743589743589745,0.29073416611878145,0.16923076923076924,0.4289427595804979,0.29615384615384616,0.5346153846153845,0.42799660233027487,0.29914529914529914,0.11538461538461539
235,2025-12-24 00:00:00+00:00,12,24,2025,6,Toronto Sceptres,3,5,Ottawa Charge,4,Coca-Cola Coliseum | Toronto,0,3,8,0.5666666666666667,0.16666666666666666,0.5,0.0,0.4666666666666667,-0.4666666666666667,0.2,-1.4,0,0,0,0.43333333333333335,0.5333333333333333,0.4833333333333333,0.5466666666666666,0.4,0.8425531914893617,0.6212765957446809,7,4.897872340425532,1.9909506127997623,5.395609993625472,0.27724863528214505,1,0.6,1.0,0.0,0.7659574468085106,0.15,0.34,0.19319148936170213,0.8206382978723404,0.3121276595744681,0.49468085106382975,0.36089571190267455,0.2425531914893617,0.5361702127659574
236,2025-12-24 03:00:00+00:00,12,24,2025,8,Seattle Torrent,2,3,Montréal Victoire,1,Climate Pledge Arena | Seattle,0,3,8,0.42857142857142855,-0.42857142857142855,0.42857142857142855,-0.42857142857142855,0.6,0.4,0.7,0.8,0,0,0,0.5714285714285714,0.4,0.5428571428571429,0.45999999999999996,0.6567796610169492,0.17796610169491525,0.4173728813559322,3,4.906779661016949,1.9914168510506276,5.404633873779606,0.5176218496079119,1,0.8220338983050848,1.0,0.0,0.06779661016949153,0.15,0.434364406779661,0.1626059322033898,0.5858481758115484,0.29173728813559324,0.545656779661017,0.31191072574285506,0.1906779661016949,0.3050847457627119
237,2025-12-27 17:00:00+00:00,12,27,2025,5,Ottawa Charge,3,1,Boston Fleet,2,TD Place | Ottawa,0,3,8,0.5,-0.4,0.3,-1.2,0.6,0.4,0.6,0.1,0,0,0,0.5,0.4,0.54,0.45999999999999996,0.7426160337552743,0.28270042194092826,0.5126582278481013,5,4.89873417721519,1.9910494850505827,5.3964965484778356,0.019632977999394896,1,0.7172995780590717,1.0,0.0,0.42616033755274263,0.15,0.3898523206751055,0.1768987341772152,0.6935439477291745,0.3012658227848101,0.5218354430379746,0.270996282412399,0.10970464135021098,0.47257383966244726
238,2025-12-27 19:00:00+00:00,12,27,2025,3,Montréal Victoire,1,6,Toronto Sceptres,2,Bell Centre | Montréal,0,3,8,0.5666666666666667,0.26666666666666666,0.6,0.6,0.5666666666666667,0.16666666666666666,0.5,0.1,0,0,0,0.43333333333333335,0.43333333333333335,0.4733333333333334,0.4833333333333333,0.23949579831932774,0.4117647058823529,0.32563025210084034,3,4.899159663865547,1.9868553615108588,5.395873504243261,0.5166680802827244,1,0.7605042016806722,1.0,0.0,0.06722689075630252,0.15,0.4082142857142857,0.14884453781512605,0.5519897959183673,0.28256302521008403,0.5685924369747899,0.2620541202082426,0.09243697478991597,0.25210084033613445
239,2025-12-27 20:00:00+00:00,12,27,2025,9,Vancouver Goldeneyes,1,2,Minnesota Frost,2,Rogers Place | Edmonton,0,3,8,0.4444444444444444,-0.5555555555555556,0.4444444444444444,-0.5555555555555556,0.5333333333333333,0.5,0.6,0.6,0,0,0,0.5555555555555556,0.4666666666666667,0.5555555555555556,0.44999999999999996,0.6485355648535565,0.28451882845188287,0.4665271966527197,3,4.891213389121339,1.9864790312683192,5.387833146938419,0.5144405978606879,1,0.7154811715481171,1.0,0.0,0.06694560669456066,0.15,0.3890794979079497,0.16997907949790797,0.5272582762906811,0.29665271966527196,0.5333682008368201,0.3362749108008196,0.22594142259414227,0.2301255230125523
240,2025-12-28 23:00:00+00:00,12,28,2025,4,New York Sirens,4,8,Seattle Torrent,3,American Airlines Center | Dallas,0,3,8,0.3333333333333333,-0.6,0.3,-0.4,0.5,-0.25,0.5,-0.25,0,0,0,0.6666666666666667,0.5,0.5599999999999999,0.525,0.8041666666666667,0.5333333333333333,0.66875,7,4.883333333333334,1.9860742519979193,5.379851896332814,0.2830343378455116,1,0.4666666666666667,1.0,0.0,0.7666666666666667,0.15,0.2833333333333334,0.2003125,0.7877777777777778,0.316875,0.4828125,0.379576175174679,0.26666666666666666,0.525
241,2025-12-31 00:00:00+00:00,12,31,2025,6,Toronto Sceptres,1,2,Minnesota Frost,5,Coca-Cola Coliseum | Toronto,0,3,8,0.6,0.23333333333333334,0.6,0.3,0.5666666666666667,0.7,0.6,0.6,0,0,0,0.4,0.43333333333333335,0.4766666666666667,0.42999999999999994,0.24066390041493776,0.2572614107883817,0.24896265560165975,6,4.8921161825726145,1.9866167017768428,5.388770358016825,0.046228870145545664,4,0.7593360995850622,0.1037344398340249,0.8962655601659751,0.6763485477178424,0.3292531120331951,0.32173585165544666,0.13734439834024897,0.5194419697602168,0.274896265560166,0.5877593360995851,0.3990594569659275,0.27800829875518673,0.22406639004149378
242,2025-12-31 18:00:00+00:00,12,31,2025,4,New York Sirens,2,9,Vancouver Goldeneyes,0,Prudential Center | Newark,0,3,8,0.3333333333333333,-0.6,0.4,-0.2,0.4,-0.6,0.4,-0.6,0,0,0,0.6666666666666667,0.6,0.5599999999999999,0.5599999999999999,0.7396694214876033,0.7768595041322314,0.7582644628099173,2,4.896694214876033,1.9837695742033297,5.392636608426865,0.768317353377816,2,0.2603305785123967,0.5041322314049587,0.49586776859504134,0.024793388429752067,0.24917355371900826,0.17281418618946795,0.2137396694214876,0.16631957917339568,0.3258264462809917,0.4604338842975207,0.6749173819247173,0.5454545454545454,0.0
243,2026-01-02 18:00:00+00:00,1,2,2026,4,New York Sirens,4,3,Montréal Victoire,3,Prudential Center | Newark,0,3,8,0.36666666666666664,-0.4666666666666667,0.5,0.3,0.5333333333333333,0.2,0.6,0.6,0,0,0,0.6333333333333333,0.4666666666666667,0.5466666666666666,0.48,0.5967078189300411,0.29218106995884774,0.4444444444444444,7,4.88477366255144,1.988368722302883,5.381865843127161,0.2818918491801785,1,0.7078189300411523,1.0,0.0,0.7654320987654321,0.15,0.38582304526748973,0.16666666666666669,0.8472918254331149,0.29444444444444445,0.5388888888888888,0.2864881477028692,0.13991769547325103,0.5555555555555556
244,2026-01-03 18:00:00+00:00,1,3,2026,5,Ottawa Charge,5,2,Minnesota Frost,2,TD Place | Ottawa,0,3,8,0.5,-0.43333333333333335,0.4,-1.0,0.6,0.9,0.6,0.9,0,0,0,0.5,0.4,0.5433333333333333,0.4099999999999999,0.6598360655737705,0.20491803278688525,0.4323770491803279,7,4.89344262295082,1.9888883800917223,5.390664717973751,0.27918483981694364,3,0.7950819672131147,0.29508196721311475,0.7049180327868853,0.7622950819672131,0.29098360655737704,0.35276471378661656,0.16485655737704918,0.6070192273802653,0.2932377049180328,0.541905737704918,0.48704160145658626,0.38934426229508196,0.36475409836065575
245,2026-01-03 19:00:00+00:00,1,3,2026,6,Toronto Sceptres,2,8,Seattle Torrent,3,TD Coliseum | Hamilton,0,3,8,0.5666666666666667,0.03333333333333333,0.5,-0.2,0.4444444444444444,-0.3333333333333333,0.4444444444444444,-0.3333333333333333,0,0,0,0.43333333333333335,0.5555555555555556,0.4966666666666667,0.5333333333333333,0.4163265306122449,0.673469387755102,0.5448979591836735,5,4.90204081632653,1.9893661767539046,5.399382360515006,0.019950312358583466,1,0.5836734693877551,1.0,0.0,0.42448979591836733,0.15,0.3330612244897959,0.18173469387755103,0.6400474802165763,0.30448979591836733,0.5137755102040816,0.28358089089800337,0.1346938775510204,0.4326530612244898
246,2026-01-04 00:00:00+00:00,1,4,2026,1,Boston Fleet,3,9,Vancouver Goldeneyes,4,Little Caesars Arena | Detroit,0,3,8,0.5666666666666667,0.3333333333333333,0.6,0.7,0.36363636363636365,-0.7272727272727273,0.3,-1.1,0,0,0,0.43333333333333335,0.6363636363636364,0.4666666666666667,0.5727272727272728,0.23170731707317074,0.8455284552845529,0.5386178861788619,7,4.902439024390244,1.9853119187256565,5.398767004071658,0.27765556077161213,1,0.7682926829268293,1.0,0.0,0.7601626016260162,0.15,0.4115243902439024,0.18079268292682926,0.8600810529446757,0.3038617886178862,0.5153455284552846,0.32777241294976694,0.22357723577235772,0.5609756097560976
247,2026-01-04 19:00:00+00:00,1,4,2026,3,Montréal Victoire,3,2,Minnesota Frost,2,Place Bell | Laval,0,3,8,0.5,0.13333333333333333,0.6,0.6,0.5666666666666667,0.6666666666666666,0.5,0.3,0,0,0,0.5,0.43333333333333335,0.4866666666666666,0.43333333333333335,0.3117408906882591,0.3643724696356275,0.33805668016194335,5,4.910931174089069,1.9857628275901584,5.4073718809866085,0.020822651912828283,1,0.688259109311741,1.0,0.0,0.42105263157894735,0.15,0.37751012145748986,0.1507085020242915,0.6796920946089922,0.28380566801619433,0.5654858299595141,0.19430441303269014,0.024291497975708502,0.46558704453441296
248,2026-01-07 00:00:00+00:00,1,7,2026,6,Toronto Sceptres,0,4,New York Sirens,2,Coca-Cola Coliseum | Toronto,0,3,8,0.5333333333333333,-0.03333333333333333,0.4,-0.6,0.36666666666666664,-0.5333333333333333,0.5,0.0,0,0,0,0.4666666666666667,0.6333333333333333,0.5033333333333333,0.5533333333333333,0.5766129032258065,0.6774193548387096,0.627016129032258,2,4.911290322580645,1.9817470588473443,5.406727087292481,0.7718086208756793,2,0.4233870967741935,0.5,0.5,0.024193548387096774,0.25,0.23377016129032255,0.1940524193548387,0.2352212864203954,0.3127016129032258,0.49324596774193546,0.6153953139657783,0.5362903225806451,0.008064516129032258
250,2026-01-08 00:00:00+00:00,1,8,2026,1,Boston Fleet,2,8,Seattle Torrent,1,Agganis Arena | Boston,0,3,8,0.5333333333333333,0.2,0.6,0.7,0.5,-0.2,0.5,-0.2,0,0,0,0.4666666666666667,0.5,0.48,0.52,0.27309236947791166,0.5180722891566265,0.3955823293172691,3,4.899598393574297,1.9863343202014896,5.396181973624669,0.5169429245538367,1,0.7269076305220883,1.0,0.0,0.07228915662650602,0.15,0.3939357429718875,0.15933734939759037,0.5359403880582571,0.2895582329317269,0.5511044176706827,0.3003754846274527,0.17670682730923695,0.24899598393574296
249,2026-01-10 00:00:00+00:00,1,10,2026,5,Ottawa Charge,4,9,Vancouver Goldeneyes,2,TD Place | Ottawa,0,3,8,0.5,-0.36666666666666664,0.5,-0.4,0.4166666666666667,-0.5833333333333334,0.4,-0.8,0,0,0,0.5,0.5833333333333333,0.5366666666666666,0.5583333333333333,0.536,0.788,0.662,6,4.892,1.9859789650948467,5.388494741273712,0.04629861281640335,2,0.46399999999999997,0.5,0.5,0.672,0.25,0.24899999999999997,0.1993,0.577172,0.31620000000000004,0.48449999999999993,0.4880663135343092,0.4,0.3
251,2026-01-11 17:00:00+00:00,1,11,2026,1,Boston Fleet,1,5,Ottawa Charge,2,Scotiabank Centre | Halifax,0,3,8,0.5666666666666667,0.3333333333333333,0.7,0.9,0.5333333333333333,-0.13333333333333333,0.6,0.2,0,0,0,0.43333333333333335,0.4666666666666667,0.4666666666666667,0.5133333333333334,0.16334661354581673,0.3745019920318725,0.2689243027888446,3,4.896414342629482,1.9832365193373855,5.3922234724638285,0.5168778347691325,1,0.8366533864541833,1.0,0.0,0.07171314741035857,0.15,0.4405776892430279,0.1403386454183267,0.5954366597355598,0.27689243027888444,0.5827689243027889,0.22925866183339022,0.05179282868525897,0.33067729083665337
252,2026-01-11 19:00:00+00:00,1,11,2026,2,Minnesota Frost,6,8,Seattle Torrent,2,Grand Casino Arena | St. Paul,0,3,8,0.5666666666666667,0.6666666666666666,0.5,0.6,0.45454545454545453,-0.2727272727272727,0.5,0.0,0,0,0,0.43333333333333335,0.5454545454545454,0.43333333333333335,0.5272727272727272,0.30158730158730157,0.5555555555555556,0.4285714285714286,8,4.888888888888889,1.9828838197396277,5.384609843823796,0.5809890175458068,4,0.6984126984126984,0.10317460317460317,0.8968253968253969,0.9325396825396826,0.3293650793650794,0.30125346434870237,0.1642857142857143,0.6055773264626251,0.29285714285714287,0.5428571428571427,0.5907429803201671,0.5198412698412699,0.3531746031746032
253,2026-01-11 19:00:00+00:00,1,11,2026,3,Montréal Victoire,1,9,Vancouver Goldeneyes,0,Videotron Centre | Quebec City,0,3,8,0.5,0.03333333333333333,0.6,0.6,0.38461538461538464,-0.6923076923076923,0.3,-1.1,0,0,0,0.5,0.6153846153846154,0.4966666666666667,0.5692307692307692,0.32806324110671936,0.8300395256916996,0.5790513833992095,1,4.901185770750988,1.9885881210930236,5.398332801024244,0.9133605696300906,1,0.6719367588932806,1.0,0.0,0.0,0.15,0.3705731225296443,0.18685770750988143,0.47136363636363643,0.30790513833992095,0.5052371541501977,0.4632267352263497,0.37549407114624506,0.15810276679841898
254,2026-01-14 00:00:00+00:00,1,14,2026,3,Montréal Victoire,2,5,Ottawa Charge,1,Place Bell | Laval,0,3,8,0.5333333333333333,0.2,0.6,0.6,0.5333333333333333,-0.13333333333333333,0.6,-0.1,0,0,0,0.4666666666666667,0.4666666666666667,0.48,0.5133333333333334,0.2874015748031496,0.4094488188976378,0.3484251968503937,3,4.8858267716535435,1.9996926407876707,5.385749931850461,0.509187977677755,1,0.7125984251968505,1.0,0.0,0.07480314960629922,0.15,0.38785433070866143,0.15226377952755907,0.5293140461280923,0.2848425196850394,0.5628937007874015,0.27365723447390633,0.1220472440944882,0.23622047244094488
255,2026-01-15 00:00:00+00:00,1,15,2026,1,Boston Fleet,2,6,Toronto Sceptres,1,Tsongas Center | Lowell,0,3,8,0.5333333333333333,0.26666666666666666,0.6,0.6,0.5,-0.16666666666666666,0.3,-0.9,0,0,0,0.4666666666666667,0.5,0.4733333333333334,0.5166666666666667,0.27450980392156865,0.7607843137254902,0.5176470588235293,3,4.87843137254902,1.9992433337823854,5.378242205994616,0.5071447551079813,1,0.7254901960784313,1.0,0.0,0.07450980392156863,0.15,0.39333333333333337,0.1776470588235294,0.5361830065359477,0.30176470588235293,0.5205882352941177,0.35957374300084344,0.2627450980392157,0.2549019607843137
256,2026-01-17 00:00:00+00:00,1,17,2026,4,New York Sirens,2,2,Minnesota Frost,3,Prudential Center | Newark,0,3,8,0.4,-0.43333333333333335,0.5,-0.2,0.6,0.8333333333333334,0.6,1.1,0,0,0,0.6,0.4,0.5433333333333333,0.41666666666666674,0.625,0.19140625,0.408203125,5,4.87109375,1.9987703021078327,5.370786325526958,0.017059278827069813,1,0.80859375,1.0,0.0,0.4296875,0.15,0.42865234374999994,0.16123046875,0.7309892272949219,0.2908203125,0.5479492187499999,0.22642505895688397,0.046875,0.5234375
257,2026-01-17 20:00:00+00:00,1,17,2026,6,Toronto Sceptres,2,9,Vancouver Goldeneyes,1,Scotiabank Arena | Toronto,0,3,8,0.4666666666666667,-0.23333333333333334,0.3,-0.8,0.35714285714285715,-0.7142857142857143,0.3,-0.8,0,0,0,0.5333333333333333,0.6428571428571428,0.5233333333333333,0.5714285714285714,0.7392996108949417,0.8287937743190662,0.784046692607004,3,4.871595330739299,1.9948788398304078,5.370315040696902,0.5063406733762871,1,0.2607003891050583,1.0,0.0,0.07392996108949416,0.15,0.1957976653696498,0.2176070038910506,0.28326787687928656,0.3284046692607004,0.453988326848249,0.46613132302914806,0.39299610894941633,0.023346303501945526
258,2026-01-18 19:00:00+00:00,1,18,2026,4,New York Sirens,2,3,Montréal Victoire,1,Capital One Arena | Washington,0,3,8,0.4,-0.43333333333333335,0.5,0.1,0.5666666666666667,0.3,0.7,0.9,0,0,0,0.6,0.43333333333333335,0.5433333333333333,0.47,0.5930232558139535,0.19767441860465115,0.39534883720930236,3,4.864341085271318,1.9944006618379555,5.362941250730806,0.5043379198150648,1,0.8023255813953488,1.0,0.0,0.07364341085271318,0.15,0.42598837209302326,0.15930232558139534,0.5775628718226068,0.2895348837209302,0.5511627906976744,0.2982437719207828,0.17829457364341086,0.31007751937984496
259,2026-01-19 03:00:00+00:00,1,19,2026,8,Seattle Torrent,1,1,Boston Fleet,2,Climate Pledge Arena | Seattle,0,3,8,0.4166666666666667,-0.5833333333333334,0.4,-0.6,0.5333333333333333,0.16666666666666666,0.6,0.5,0,0,0,0.5833333333333333,0.4666666666666667,0.5583333333333333,0.4833333333333333,0.7258687258687259,0.3204633204633205,0.5231660231660231,3,4.857142857142857,1.9938998887442774,5.355617829328926,0.502354596605336,1,0.6795366795366795,1.0,0.0,0.07335907335907337,0.15,0.37380308880308877,0.17847490347490347,0.510666954875449,0.3023166023166023,0.5192084942084942,0.3612899312483885,0.277992277992278,0.21235521235521235
260,2026-01-21 00:00:00+00:00,1,21,2026,4,New York Sirens,3,5,Ottawa Charge,4,Prudential Center | Newark,0,3,8,0.43333333333333335,-0.26666666666666666,0.5,-0.2,0.5333333333333333,-0.06666666666666667,0.6,0.2,0,0,0,0.5666666666666667,0.4666666666666667,0.5266666666666666,0.5066666666666666,0.5692307692307692,0.3730769230769231,0.47115384615384615,7,4.85,1.9933770650712637,5.348344266267816,0.29055016789767474,1,0.6269230769230769,1.0,0.0,0.7653846153846153,0.15,0.35144230769230766,0.17067307692307693,0.8270691568047337,0.2971153846153846,0.5322115384615385,0.30034260446922223,0.18461538461538463,0.573076923076923
261,2026-01-21 03:00:00+00:00,1,21,2026,8,Seattle Torrent,6,6,Toronto Sceptres,4,Climate Pledge Arena | Seattle,0,3,8,0.38461538461538464,-0.6153846153846154,0.4,-0.6,0.4666666666666667,-0.3,0.3,-0.9,0,0,0,0.6153846153846154,0.5333333333333333,0.5615384615384615,0.53,0.7432950191570882,0.8007662835249042,0.7720306513409962,10,4.85823754789272,1.99398594747771,5.356734034762148,0.9335477120787652,2,0.2567049808429118,0.48659003831417624,0.5134099616858238,0.9846743295019157,0.25268199233716476,0.1706519281866091,0.21580459770114943,0.7157305394317223,0.32720306513409964,0.4569923371647509,0.7222652932931153,0.5823754789272031,0.5172413793103449
262,2026-01-22 00:00:00+00:00,1,22,2026,2,Minnesota Frost,1,3,Montréal Victoire,2,Grand Casino Arena | St. Paul,0,3,8,0.6,0.7,0.6,0.9,0.5333333333333333,0.2,0.6,0.4,0,0,0,0.4,0.4666666666666667,0.42999999999999994,0.48,0.17938931297709923,0.3244274809160305,0.25190839694656486,3,4.877862595419847,2.015354472926718,5.381701213651526,0.5025694881504035,1,0.8206106870229007,1.0,0.0,0.07251908396946564,0.15,0.4337595419847328,0.13778625954198473,0.587036521764466,0.27519083969465646,0.5870229007633587,0.21712316783439403,0.03816793893129771,0.3282442748091603
263,2026-01-23 03:00:00+00:00,1,23,2026,9,Vancouver Goldeneyes,5,6,Toronto Sceptres,0,Pacific Coliseum | Vancouver,0,3,8,0.3333333333333333,-0.7333333333333333,0.3,-0.5,0.43333333333333335,-0.4,0.3,-0.9,0,0,0,0.6666666666666667,0.5666666666666667,0.5733333333333334,0.54,0.8250950570342205,0.8098859315589354,0.8174904942965779,5,4.870722433460076,2.014834831881263,5.374431141430391,0.01711948852422729,5,0.1901140684410646,0.019011406844106463,0.9809885931558935,0.43346007604562736,0.3461977186311787,0.12752873397042028,0.2226235741444867,0.2963601292959268,0.33174904942965777,0.4456273764258556,0.6935493792300538,0.5817490494296578,0.030418250950570342
264,2026-01-24 19:00:00+00:00,1,24,2026,3,Montréal Victoire,3,5,Ottawa Charge,1,Place Bell | Laval,0,3,8,0.5333333333333333,0.2,0.6,0.3,0.5333333333333333,-0.13333333333333333,0.7,0.5,0,0,0,0.4666666666666667,0.4666666666666667,0.48,0.5133333333333334,0.3068181818181818,0.26515151515151514,0.2859848484848485,4,4.871212121212121,2.011016439100289,5.373966230987193,0.208158981336382,2,0.7348484848484849,0.48863636363636365,0.5113636363636364,0.3181818181818182,0.25227272727272726,0.34950585399449036,0.1428977272727273,0.4828703160217882,0.2785984848484849,0.5785037878787878,0.33765389776632176,0.25,0.16666666666666666
265,2026-01-25 20:00:00+00:00,1,25,2026,2,Minnesota Frost,6,4,New York Sirens,2,Grand Casino Arena | St. Paul,0,3,8,0.5666666666666667,0.6333333333333333,0.5,0.4,0.43333333333333335,-0.16666666666666666,0.5,-0.2,0,0,0,0.43333333333333335,0.5666666666666667,0.43666666666666676,0.5166666666666667,0.32075471698113206,0.6,0.46037735849056605,8,4.867924528301887,2.0079174331941223,5.369903886600418,0.5759356736954266,4,0.679245283018868,0.10566037735849057,0.8943396226415095,0.9283018867924528,0.32886792452830194,0.2950448558205767,0.1690566037735849,0.6036790128764014,0.2960377358490566,0.5349056603773585,0.6083824609200728,0.5547169811320755,0.3622641509433962
266,2026-01-25 23:00:00+00:00,1,25,2026,8,Seattle Torrent,1,9,Vancouver Goldeneyes,3,Ball Arena | Denver,0,3,8,0.42857142857142855,-0.42857142857142855,0.5,-0.1,0.375,-0.375,0.4,0.2,0,0,0,0.5714285714285714,0.625,0.5428571428571429,0.5375,0.5789473684210527,0.6954887218045113,0.637218045112782,4,4.879699248120301,2.013305154480075,5.38302553674032,0.21017606430706182,2,0.42105263157894735,0.4924812030075188,0.5075187969924813,0.3157894736842105,0.25150375939849623,0.2324277799762564,0.1955827067669173,0.38333162000767645,0.3137218045112782,0.49069548872180446,0.5130065364396366,0.45864661654135336,0.08646616541353383
267,2026-01-28 23:30:00+00:00,1,28,2026,3,Montréal Victoire,3,6,Toronto Sceptres,0,Place Bell | Laval,0,3,8,0.5333333333333333,0.23333333333333334,0.6,0.4,0.43333333333333335,-0.5,0.3,-1.3,0,0,0,0.4666666666666667,0.5666666666666667,0.4766666666666667,0.55,0.2958801498127341,0.8277153558052435,0.5617977528089888,3,4.876404494382022,2.0102382198214355,5.378964049337381,0.5035369005720907,3,0.7041198501872659,0.2846441947565543,0.7153558052434457,0.07116104868913857,0.29307116104868913,0.31957419798285847,0.18426966292134833,0.32488672472753327,0.3061797752808989,0.5095505617977528,0.5980784151927396,0.5430711610486891,0.0599250936329588
268,2026-01-29 00:00:00+00:00,1,29,2026,5,Ottawa Charge,4,8,Seattle Torrent,2,TD Place | Ottawa,0,3,8,0.5333333333333333,-0.1,0.7,0.4,0.4,-0.5333333333333333,0.4,-0.4,0,0,0,0.4666666666666667,0.6,0.51,0.5533333333333333,0.22388059701492538,0.7388059701492538,0.48134328358208955,6,4.869402985074627,2.009741355596673,5.371838323973796,0.047672601636224776,2,0.7761194029850746,0.4962686567164179,0.5037313432835822,0.6753731343283582,0.25074626865671645,0.3656805524615727,0.17220149253731343,0.6351398609536413,0.29813432835820897,0.5296641791044776,0.413339194023685,0.3208955223880597,0.45149253731343286
269,2026-01-29 00:00:00+00:00,1,29,2026,1,Boston Fleet,4,4,New York Sirens,3,Tsongas Center | Lowell,0,3,8,0.5666666666666667,0.26666666666666666,0.6,0.4,0.43333333333333335,-0.2,0.5,-0.2,0,0,0,0.43333333333333335,0.5666666666666667,0.4733333333333334,0.52,0.24907063197026022,0.5947955390334573,0.42193308550185876,7,4.87360594795539,2.007172402435531,5.375399048564272,0.2793216871398495,1,0.7509293680297398,1.0,0.0,0.7620817843866171,0.15,0.4041449814126394,0.1632899628252788,0.8565623747598844,0.2921933085501859,0.5445167286245353,0.2753600513252886,0.12639405204460966,0.5947955390334573
270,2026-01-29 02:00:00+00:00,1,29,2026,2,Minnesota Frost,4,9,Vancouver Goldeneyes,1,Grand Casino Arena | St. Paul,0,3,8,0.6,0.8,0.6,1.1,0.4117647058823529,-0.23529411764705882,0.4,0.0,0,0,0,0.4,0.5882352941176471,0.42000000000000004,0.5235294117647059,0.15555555555555556,0.6777777777777778,0.4166666666666667,5,4.881481481481481,2.007613211803005,5.3833847844322325,0.01806867200452167,3,0.8444444444444444,0.2851851851851852,0.7148148148148148,0.43333333333333335,0.292962962962963,0.3692304526748971,0.1625,0.49907285474775187,0.2916666666666667,0.5458333333333334,0.43885436907727804,0.35185185185185186,0.2
271,2026-02-27 00:00:00+00:00,2,27,2026,4,New York Sirens,1,3,Montréal Victoire,4,Prudential Center | Newark,0,3,8,0.43333333333333335,-0.13333333333333333,0.5,-0.1,0.5666666666666667,0.43333333333333335,0.6,0.5,0,0,0,0.5666666666666667,0.43333333333333335,0.5133333333333334,0.45666666666666667,0.5498154981549815,0.2656826568265683,0.40774907749077494,5,4.881918819188192,2.003904893705013,5.382895042614445,0.018089116122450233,3,0.7343173431734318,0.2878228782287823,0.7121771217712177,0.4317343173431734,0.2924354243542435,0.33054492722048995,0.16116236162361625,0.47265111673597365,0.2907749077490775,0.5480627306273063,0.4334705943783665,0.34686346863468637,0.16605166051660517
272,2026-02-28 03:00:00+00:00,2,28,2026,8,Seattle Torrent,2,6,Toronto Sceptres,5,Climate Pledge Arena | Seattle,0,3,8,0.375,-0.625,0.3,-0.9,0.4,-0.7,0.2,-1.7,0,0,0,0.625,0.6,0.5625,0.5700000000000001,0.8272058823529411,0.9154411764705882,0.8713235294117647,7,4.882352941176471,2.0002170492165496,5.382407203480608,0.2789197375829373,3,0.17279411764705888,0.29044117647058826,0.7095588235294117,0.7610294117647058,0.2919117647058823,0.1319855644463668,0.23069852941176472,0.527205755139426,0.3371323529411765,0.4321691176470588,0.6801207299019459,0.5919117647058824,0.24632352941176472
273,2026-02-28 19:00:00+00:00,2,28,2026,5,Ottawa Charge,2,1,Boston Fleet,3,TD Place | Ottawa,0,3,8,0.5333333333333333,-0.06666666666666667,0.8,0.9,0.5666666666666667,0.23333333333333334,0.6,0.2,0,0,0,0.4666666666666667,0.43333333333333335,0.5066666666666666,0.4766666666666667,0.13186813186813187,0.2893772893772894,0.21062271062271065,5,4.8901098901098905,2.000646307982617,5.390271467105545,0.018846813481464886,1,0.8681318681318682,1.0,0.0,0.42857142857142855,0.15,0.45395604395604394,0.1315934065934066,0.7539089481946625,0.27106227106227104,0.5973443223443224,0.12829439673670393,0.01098901098901099,0.5567765567765568
274,2026-03-01 18:00:00+00:00,3,1,2026,3,Montréal Victoire,4,2,Minnesota Frost,0,Place Bell | Laval,0,3,8,0.5666666666666667,0.5,0.7,0.9,0.6333333333333333,1.0,0.6,1.1,0,0,0,0.43333333333333335,0.3666666666666667,0.44999999999999996,0.4,0.14963503649635038,0.14963503649635038,0.14963503649635038,4,4.890510948905109,1.9969897937003638,5.3897583973302,0.2150670227631145,4,0.8503649635036497,0.10583941605839416,0.8941605839416058,0.3102189781021898,0.32883211678832114,0.35248561457722843,0.12244525547445256,0.41579547032243336,0.26496350364963506,0.6125912408759123,0.35491897037874265,0.27007299270072993,0.10583941605839416
275,2026-03-01 21:00:00+00:00,3,1,2026,9,Vancouver Goldeneyes,1,6,Toronto Sceptres,2,Pacific Coliseum | Vancouver,0,3,8,0.3888888888888889,-0.3888888888888889,0.3,-0.4,0.43333333333333335,-0.5666666666666667,0.3,-1.3,0,0,0,0.6111111111111112,0.5666666666666667,0.538888888888889,0.5566666666666666,0.7927272727272727,0.8290909090909091,0.8109090909090909,3,4.887272727272728,1.9940655153136206,5.385789106101133,0.5111697336741761,1,0.20727272727272728,1.0,0.0,0.06909090909090909,0.15,0.1730909090909091,0.22163636363636363,0.25095008264462815,0.3310909090909091,0.44727272727272727,0.47599132163366986,0.4109090909090909,0.014545454545454545
276,2026-03-04 00:00:00+00:00,3,4,2026,6,Toronto Sceptres,3,3,Montréal Victoire,4,Coca-Cola Coliseum | Toronto,0,3,8,0.43333333333333335,-0.5666666666666667,0.3,-1.3,0.6,0.6666666666666666,0.8,1.4,0,0,0,0.5666666666666667,0.4,0.5566666666666666,0.43333333333333335,0.8152173913043478,0.07246376811594203,0.4438405797101449,7,4.880434782608695,1.993675771785361,5.378853725555036,0.2815088577047148,1,0.927536231884058,1.0,0.0,0.7608695652173914,0.15,0.4792028985507247,0.16657608695652174,0.9004615626969125,0.2943840579710145,0.5390398550724638,0.2861404057222865,0.15217391304347827,0.6231884057971014
277,2026-03-05 00:00:00+00:00,3,5,2026,5,Ottawa Charge,4,8,Seattle Torrent,3,TD Place | Ottawa,0,3,8,0.5,-0.23333333333333334,0.7,0.7,0.35294117647058826,-0.7647058823529411,0.3,-1.0,0,0,0,0.5,0.6470588235294117,0.5233333333333333,0.5764705882352941,0.24187725631768953,0.8628158844765343,0.552346570397112,7,4.888086642599278,1.9941315042478969,5.386619518661252,0.279127120584292,1,0.7581227436823105,1.0,0.0,0.7581227436823105,0.15,0.407202166064982,0.1828519855595668,0.8566156863767284,0.3052346570397112,0.511913357400722,0.33379253552312227,0.24548736462093862,0.6028880866425993
278,2026-03-06 00:00:00+00:00,3,6,2026,4,New York Sirens,0,1,Boston Fleet,1,Prudential Center | Newark,0,3,8,0.43333333333333335,-0.2,0.5,-0.3,0.5666666666666667,0.16666666666666666,0.6,0.1,0,0,0,0.5666666666666667,0.43333333333333335,0.52,0.4833333333333333,0.5755395683453237,0.3237410071942446,0.44964028776978415,1,4.89568345323741,1.9945546992180667,5.394322128041927,0.9116947648407054,1,0.6762589928057554,1.0,0.0,0.0,0.15,0.372410071942446,0.16744604316546763,0.4738489208633093,0.2949640287769784,0.537589928057554,0.39438177090118376,0.30935251798561153,0.17266187050359713
279,2026-03-08 16:00:00+00:00,3,8,2026,4,New York Sirens,6,5,Ottawa Charge,2,Prudential Center | Newark,0,3,8,0.43333333333333335,-0.2,0.4,-0.5,0.5,-0.23333333333333334,0.7,0.7,0,0,0,0.5666666666666667,0.5,0.52,0.5233333333333333,0.6738351254480287,0.2724014336917563,0.4731182795698925,8,4.881720430107527,2.0045781900740813,5.382864977626047,0.5735534124384931,4,0.7275985663082437,0.10752688172043011,0.8924731182795699,0.9283154121863799,0.328494623655914,0.3114437121825259,0.17096774193548386,0.6067515805930838,0.29731182795698924,0.5317204301075269,0.6149686011068101,0.5734767025089605,0.4014336917562724
280,2026-03-08 16:00:00+00:00,3,8,2026,6,Toronto Sceptres,2,2,Minnesota Frost,3,Coca-Cola Coliseum | Toronto,0,3,8,0.4,-0.6333333333333333,0.3,-1.0,0.6333333333333333,0.9666666666666667,0.6,0.8,0,0,0,0.6,0.3666666666666667,0.5633333333333332,0.4033333333333333,0.8214285714285714,0.16785714285714284,0.4946428571428571,5,4.892857142857143,2.0096413794859886,5.39526748772864,0.019156741465489624,1,0.8321428571428572,1.0,0.0,0.42857142857142855,0.15,0.4386607142857143,0.17419642857142859,0.7397704081632652,0.29946428571428574,0.5263392857142857,0.26368700405859935,0.1,0.5535714285714286
281,2026-03-11 02:00:00+00:00,3,11,2026,9,Vancouver Goldeneyes,1,1,Boston Fleet,2,Pacific Coliseum | Vancouver,0,3,8,0.3684210526315789,-0.42105263157894735,0.3,-0.3,0.5666666666666667,0.16666666666666666,0.7,0.5,0,0,0,0.631578947368421,0.43333333333333335,0.5421052631578946,0.4833333333333333,0.797153024911032,0.2277580071174377,0.5124555160142349,3,4.893238434163701,2.0060597066183106,5.394753360818278,0.5095986720163266,1,0.7722419928825623,1.0,0.0,0.0711743772241993,0.15,0.41320284697508897,0.17686832740213523,0.5601279112473246,0.3012455516014235,0.5218861209964413,0.3575752862017757,0.2775800711743772,0.298932384341637
283,2026-03-12 02:00:00+00:00,3,12,2026,8,Seattle Torrent,3,1,Boston Fleet,2,Climate Pledge Arena | Seattle,0,3,8,0.3333333333333333,-0.7777777777777778,0.2,-1.2,0.5666666666666667,0.16666666666666666,0.7,0.4,0,0,0,0.6666666666666667,0.43333333333333335,0.5777777777777777,0.4833333333333333,0.8794326241134752,0.2375886524822695,0.5585106382978724,5,4.886524822695035,2.005658183363248,5.387939368535847,0.018532253058926584,1,0.7624113475177305,1.0,0.0,0.42907801418439717,0.15,0.40902482269503543,0.18377659574468086,0.7125992782053217,0.3058510638297872,0.5103723404255319,0.2884541759992913,0.16312056737588654,0.5283687943262412
284,2026-03-14 00:00:00+00:00,3,14,2026,2,Minnesota Frost,4,8,Seattle Torrent,1,Grand Casino Arena | St. Paul,0,3,8,0.6333333333333333,0.9,0.6,0.8,0.3684210526315789,-0.6842105263157895,0.3,-1.0,0,0,0,0.3666666666666667,0.631578947368421,0.4099999999999999,0.5684210526315789,0.1519434628975265,0.8409893992932862,0.49646643109540634,5,4.886925795053004,2.0021102567765103,5.387453359247131,0.018551244271142187,3,0.8480565371024735,0.28975265017667845,0.7102473498233215,0.4275618374558304,0.2920494699646643,0.3709860904743473,0.17446996466431097,0.4992417999904435,0.29964664310954064,0.5258833922261483,0.47714331999533266,0.42402826855123676,0.20848056537102475
285,2026-03-14 19:00:00+00:00,3,14,2026,9,Vancouver Goldeneyes,2,5,Ottawa Charge,3,Pacific Coliseum | Vancouver,0,3,8,0.35,-0.45,0.3,-0.3,0.5,-0.26666666666666666,0.6,0.2,0,0,0,0.65,0.5,0.545,0.5266666666666666,0.8028169014084507,0.426056338028169,0.6144366197183099,5,4.887323943661972,1.9985810922557543,5.386969216725911,0.01857014449870631,1,0.573943661971831,1.0,0.0,0.426056338028169,0.15000000000000002,0.3289260563380282,0.1921654929577465,0.637024461912319,0.311443661971831,0.49639084507042247,0.3085692538760761,0.21830985915492956,0.4647887323943662
286,2026-03-15 17:00:00+00:00,3,15,2026,3,Montréal Victoire,3,1,Boston Fleet,4,Place Bell | Laval,0,3,8,0.6333333333333333,0.7333333333333333,0.9,1.6,0.5666666666666667,0.16666666666666666,0.7,0.4,0,0,0,0.3666666666666667,0.43333333333333335,0.42666666666666664,0.4833333333333333,0.05263157894736842,0.23508771929824562,0.14385964912280702,7,4.887719298245614,1.9950705250196858,5.386486929500535,0.27894379711745687,1,0.9473684210526316,1.0,0.0,0.7578947368421053,0.15,0.4876315789473684,0.12157894736842106,0.9043739612188366,0.2643859649122807,0.6140350877192983,0.1222485654968811,0.010526315789473684,0.6350877192982456
287,2026-03-15 17:00:00+00:00,3,15,2026,6,Toronto Sceptres,2,8,Seattle Torrent,0,Coca-Cola Coliseum | Toronto,0,3,8,0.36666666666666664,-0.7333333333333333,0.3,-1.0,0.35,-0.8,0.2,-1.4,0,0,0,0.6333333333333333,0.65,0.5733333333333334,0.58,0.8391608391608392,0.9195804195804196,0.8793706293706294,2,4.895104895104895,1.9954801091846028,5.393974922401045,0.7645869069639322,2,0.16083916083916083,0.48951048951048953,0.5104895104895104,0.027972027972027972,0.25209790209790206,0.13493618269842048,0.2319055944055944,0.12374579159409714,0.33793706293706294,0.4301573426573426,0.7280930401101946,0.6258741258741258,0.0
288,2026-03-15 20:00:00+00:00,3,15,2026,2,Minnesota Frost,4,4,New York Sirens,3,Ball Arena | Denver,0,3,8,0.6666666666666666,1.0666666666666667,0.6,0.7,0.4666666666666667,0.03333333333333333,0.4,-0.3,0,0,0,0.33333333333333337,0.5333333333333333,0.3933333333333333,0.4966666666666667,0.12195121951219512,0.6445993031358885,0.3832752613240418,7,4.885017421602788,1.999305451877031,5.384843784572046,0.27842416876487774,1,0.8780487804878049,1.0,0.0,0.7560975609756098,0.15,0.4581707317073171,0.15749128919860628,0.8861392028554432,0.2883275261324042,0.5541811846689896,0.256253319657705,0.08710801393728224,0.6306620209059234
289,2026-03-17 23:00:00+00:00,3,17,2026,1,Boston Fleet,0,6,Toronto Sceptres,2,Agganis Arena | Boston,0,3,8,0.5666666666666667,0.1,0.8,0.6,0.4,-0.5666666666666667,0.4,-0.6,0,0,0,0.43333333333333335,0.6,0.49,0.5566666666666666,0.125,0.7673611111111112,0.4461805555555556,2,4.892361111111111,1.999706593847933,5.392287759573094,0.7628053516881713,2,0.875,0.4895833333333333,0.5104166666666667,0.027777777777777776,0.2520833333333333,0.4020052083333333,0.16692708333333334,0.4269966182002315,0.29461805555555554,0.5384548611111111,0.5179589274369906,0.4861111111111111,0.11805555555555555
290,2026-03-18 23:00:00+00:00,3,18,2026,2,Minnesota Frost,5,5,Ottawa Charge,0,Grand Casino Arena | St. Paul,0,3,8,0.6666666666666666,1.0,0.7,1.1,0.5,-0.26666666666666666,0.6,0.0,0,0,0,0.33333333333333337,0.5,0.4,0.5266666666666666,0.08650519031141868,0.4463667820069204,0.2664359861591695,5,4.882352941176471,2.003469213361885,5.383220244516942,0.01812738567167871,5,0.9134948096885813,0.020761245674740483,0.9792387543252595,0.42560553633217996,0.34584775086505193,0.3641975670789382,0.13996539792387544,0.4468976384904379,0.276643598615917,0.5833910034602077,0.4288736969728716,0.3633217993079585,0.1453287197231834
291,2026-03-19 02:00:00+00:00,3,19,2026,9,Vancouver Goldeneyes,5,4,New York Sirens,2,Pacific Coliseum | Vancouver,0,3,8,0.3333333333333333,-0.47619047619047616,0.3,-0.2,0.43333333333333335,-0.03333333333333333,0.3,-0.5,0,0,0,0.6666666666666667,0.5666666666666667,0.5476190476190477,0.5033333333333333,0.8103448275862069,0.7689655172413793,0.789655172413793,7,4.882758620689655,2.000011931714797,5.382761603618355,0.27886477192733405,3,0.2310344827586207,0.2896551724137931,0.7103448275862069,0.7551724137931034,0.2920689655172414,0.15257134363852556,0.21844827586206894,0.5310633994833737,0.3289655172413793,0.45258620689655177,0.6519835214918313,0.6,0.2689655172413793
292,2026-03-19 23:00:00+00:00,3,19,2026,3,Montréal Victoire,4,8,Seattle Torrent,1,Place Bell | Laval,0,3,8,0.6333333333333333,0.7333333333333333,0.8,1.4,0.3333333333333333,-0.8571428571428571,0.2,-1.5,0,0,0,0.3666666666666667,0.6666666666666667,0.42666666666666664,0.5857142857142856,0.08247422680412371,0.9312714776632303,0.506872852233677,5,4.890034364261169,2.000414698089441,5.390138038783529,0.018838371027306566,3,0.9175257731958762,0.2920962199312715,0.7079037800687284,0.422680412371134,0.29158075601374567,0.3958383816912885,0.17603092783505153,0.5152775613804481,0.3006872852233677,0.5232817869415807,0.4814111336280779,0.43986254295532645,0.24054982817869416
293,2026-03-21 19:00:00+00:00,3,21,2026,9,Vancouver Goldeneyes,1,2,Minnesota Frost,3,Pacific Coliseum | Vancouver,0,3,8,0.36363636363636365,-0.3181818181818182,0.3,0.0,0.6666666666666666,0.9333333333333333,0.8,1.7,0,0,0,0.6363636363636364,0.33333333333333337,0.5318181818181819,0.4066666666666666,0.7636986301369864,0.05136986301369863,0.4075342465753425,4,4.890410958904109,1.9969849702553808,5.389657201467954,0.21504026031744228,2,0.9486301369863014,0.4965753424657534,0.5034246575342466,0.3082191780821918,0.25068493150684934,0.43034293488459374,0.16113013698630138,0.5498183000357311,0.29075342465753423,0.5481164383561643,0.4043981295786875,0.3253424657534247,0.2945205479452055
294,2026-03-21 20:00:00+00:00,3,21,2026,1,Boston Fleet,3,8,Seattle Torrent,0,Tsongas Center | Lowell,0,3,8,0.5666666666666667,0.06666666666666667,0.7,0.3,0.3181818181818182,-0.9545454545454546,0.2,-1.4,0,0,0,0.43333333333333335,0.6818181818181819,0.4933333333333334,0.5954545454545455,0.21843003412969283,0.931740614334471,0.5750853242320819,3,4.887372013651877,1.9942410892594697,5.385932285966744,0.5111501180494931,3,0.7815699658703071,0.2935153583617747,0.7064846416382253,0.07508532423208192,0.2912969283276451,0.34782082493680766,0.1862627986348123,0.35685664491391883,0.3075085324232082,0.5062286689419795,0.6035829850541936,0.5767918088737202,0.07849829351535836
295,2026-03-22 23:00:00+00:00,3,22,2026,5,Ottawa Charge,2,3,Montréal Victoire,1,Canada Life Centre | Winnipeg,0,3,8,0.4666666666666667,-0.4666666666666667,0.5,-0.7,0.6333333333333333,0.7333333333333333,0.8,1.6,0,0,0,0.5333333333333333,0.3666666666666667,0.5466666666666666,0.42666666666666664,0.608843537414966,0.061224489795918366,0.33503401360544216,3,4.880952380952381,1.9938757199994155,5.379421310952235,0.5093674977264544,1,0.9387755102040817,1.0,0.0,0.07482993197278912,0.15,0.4839795918367347,0.15025510204081632,0.6521852006108566,0.2835034013605442,0.5662414965986395,0.26624522662255823,0.10884353741496598,0.4931972789115646
296,2026-03-24 23:00:00+00:00,3,24,2026,1,Boston Fleet,2,9,Vancouver Goldeneyes,0,Tsongas Center | Lowell,0,3,8,0.5666666666666667,0.06666666666666667,0.8,0.7,0.34782608695652173,-0.391304347826087,0.3,0.0,0,0,0,0.43333333333333335,0.6521739130434783,0.4933333333333334,0.5391304347826087,0.12542372881355932,0.8,0.4627118644067797,2,4.874576271186441,1.9934922371143136,5.372949330465019,0.7610255041399063,2,0.8745762711864407,0.49830508474576274,0.5016949152542373,0.02711864406779661,0.25033898305084745,0.4027839701235277,0.16940677966101697,0.4290566698640075,0.29627118644067796,0.534322033898305,0.524797772168579,0.5050847457627119,0.13220338983050847
297,2026-03-25 23:00:00+00:00,3,25,2026,2,Minnesota Frost,0,3,Montréal Victoire,3,Grand Casino Arena | St. Paul,0,3,8,0.7,1.0333333333333334,0.8,1.5,0.6333333333333333,0.7333333333333333,0.7,1.4,0,0,0,0.30000000000000004,0.3666666666666667,0.3966666666666667,0.42666666666666664,0.05405405405405406,0.11486486486486487,0.08445945945945946,3,4.864864864864865,1.99711197804806,5.36414285937688,0.5037465612288152,3,0.9459459459459459,0.2939189189189189,0.7060810810810811,0.0777027027027027,0.29121621621621624,0.4061139517896275,0.11266891891891892,0.41835763676386395,0.25844594594594594,0.6288851351351351,0.2923556719529124,0.17567567567567569,0.11148648648648649
298,2026-03-26 00:00:00+00:00,3,26,2026,8,Seattle Torrent,4,4,New York Sirens,1,Allstate Arena | Chicago,0,3,8,0.30434782608695654,-1.0434782608695652,0.2,-1.6,0.4,-0.23333333333333334,0.2,-1.0,0,0,0,0.6956521739130435,0.6,0.6043478260869566,0.5233333333333333,0.9259259259259259,0.8585858585858586,0.8922558922558923,5,4.858585858585859,1.99667003700943,5.3577533678382165,0.01592369732268739,3,0.14141414141414144,0.2962962962962963,0.7037037037037037,0.43097643097643096,0.29074074074074074,0.12107557052001497,0.23383838383838385,0.3304824022743963,0.3392255892255892,0.42693602693602695,0.6233740608257775,0.5993265993265994,0.06734006734006734
299,2026-03-27 23:00:00+00:00,3,27,2026,6,Toronto Sceptres,0,1,Boston Fleet,4,Coca-Cola Coliseum | Toronto,0,3,8,0.43333333333333335,-0.4,0.5,-0.3,0.5666666666666667,0.1,0.8,0.8,0,0,0,0.5666666666666667,0.43333333333333335,0.54,0.49,0.5973154362416108,0.15100671140939598,0.37416107382550334,4,4.859060402684563,1.9933226384909137,5.357391062307292,0.20694240981052647,4,0.848993288590604,0.10738255033557047,0.8926174496644296,0.31543624161073824,0.32852348993288594,0.35218717625332185,0.1561241610738255,0.4174484227235668,0.28741610738255036,0.5564597315436242,0.49706691358156785,0.4597315436241611,0.11409395973154363
300,2026-03-28 17:00:00+00:00,3,28,2026,3,Montréal Victoire,3,4,New York Sirens,1,Little Caesars Arena | Detroit,0,3,8,0.6666666666666666,0.8666666666666667,0.8,1.8,0.4,-0.3,0.2,-1.2,0,0,0,0.33333333333333337,0.6,0.41333333333333333,0.53,0.056856187290969896,0.8762541806020067,0.46655518394648826,4,4.8561872909699,1.9905953828508702,5.3538361366826175,0.20648196607831482,2,0.9431438127090301,0.5050167224080268,0.49498327759197325,0.31438127090301005,0.24899665551839464,0.42925241328396774,0.16998327759197324,0.552771768543961,0.2966555183946488,0.5333612040133779,0.4307804368167377,0.36454849498327757,0.3110367892976589
301,2026-03-29 17:00:00+00:00,3,29,2026,6,Toronto Sceptres,2,9,Vancouver Goldeneyes,3,Coca-Cola Coliseum | Toronto,0,3,8,0.4,-0.5666666666666667,0.4,-0.8,0.3333333333333333,-0.4583333333333333,0.3,-0.1,0,0,0,0.6,0.6666666666666667,0.5566666666666666,0.5458333333333333,0.7333333333333333,0.8066666666666666,0.77,5,4.8533333333333335,1.987878540688706,5.35030296850551,0.015406739528862068,1,0.2666666666666667,1.0,0.0,0.43333333333333335,0.15,0.19833333333333336,0.2155,0.5207222222222222,0.327,0.45749999999999996,0.3555951523684698,0.28,0.2633333333333333
302,2026-03-29 20:00:00+00:00,3,29,2026,2,Minnesota Frost,2,1,Boston Fleet,4,Grand Casino Arena | St. Paul,0,3,8,0.6666666666666666,0.8666666666666667,0.7,1.1,0.6,0.3,0.8,1.1,0,0,0,0.33333333333333337,0.4,0.41333333333333333,0.47,0.09634551495016612,0.11960132890365449,0.10797342192691031,6,4.853820598006645,1.9845806495011256,5.349965760381926,0.05222865251869824,2,0.9036544850498339,0.5049833887043189,0.4950166112956811,0.6810631229235881,0.2490033222591362,0.41442042582311456,0.11619601328903656,0.6635180731652394,0.260797342192691,0.6230066445182725,0.20243593706111726,0.029900332225913623,0.5149501661129569
303,2026-03-29 23:00:00+00:00,3,29,2026,8,Seattle Torrent,0,5,Ottawa Charge,2,Climate Pledge Arena | Seattle,0,3,8,0.3333333333333333,-0.875,0.2,-1.5,0.5,-0.4,0.5,-0.7,0,0,0,0.6666666666666667,0.5,0.5875,0.54,0.9039735099337748,0.5927152317880795,0.7483443708609272,2,4.857615894039735,1.9823787545247402,5.35321058267092,0.7608347544079298,2,0.4072847682119205,0.5066225165562914,0.4933774834437086,0.026490066225165563,0.24867549668874173,0.22813396342265688,0.21225165562913909,0.23071889674003493,0.3248344370860927,0.4629139072847682,0.6681734500984562,0.6192052980132451,0.009933774834437087
304,2026-04-01 23:00:00+00:00,4,1,2026,4,New York Sirens,4,2,Minnesota Frost,3,Prudential Center | Newark,0,3,8,0.4,-0.26666666666666666,0.1,-1.5,0.6333333333333333,0.7333333333333333,0.7,1.0,0,0,0,0.6,0.3666666666666667,0.5266666666666666,0.42666666666666664,0.8877887788778878,0.12871287128712872,0.5082508250825082,7,4.848184818481848,1.9858910469855182,5.344657580228228,0.29348018761966366,1,0.8712871287128713,1.0,0.0,0.7623762376237624,0.15,0.4552970297029703,0.17623762376237623,0.8869022644838741,0.3008250825082508,0.522937293729373,0.31750556189179363,0.23432343234323433,0.6501650165016502
305,2026-04-01 23:00:00+00:00,4,1,2026,3,Montréal Victoire,3,9,Vancouver Goldeneyes,0,Place Bell | Laval,0,3,8,0.6666666666666666,0.9,0.8,1.9,0.36,-0.4,0.4,0.1,0,0,0,0.33333333333333337,0.64,0.4099999999999999,0.54,0.05592105263157895,0.694078947368421,0.375,3,4.855263157894737,1.9864487933010404,5.351875356219997,0.5038516522453547,3,0.944078947368421,0.29605263157894735,0.7039473684210527,0.07894736842105263,0.29078947368421054,0.40569641620498614,0.15625,0.41859735213314625,0.2875,0.55625,0.48970543908438935,0.4605263157894737,0.12171052631578948
306,2026-04-02 01:30:00+00:00,4,2,2026,5,Ottawa Charge,1,6,Toronto Sceptres,2,Scotiabank Saddledome | Calgary,0,3,8,0.5,-0.36666666666666664,0.6,-0.4,0.4,-0.5666666666666667,0.4,-0.7,0,0,0,0.5,0.6,0.5366666666666666,0.5566666666666666,0.4557377049180328,0.7770491803278688,0.6163934426229508,3,4.849180327868853,1.9860221210754956,5.345685858137727,0.5021695438090581,1,0.5442622950819672,1.0,0.0,0.07868852459016394,0.15,0.31631147540983606,0.19245901639344262,0.43994598226283255,0.3116393442622951,0.49590163934426224,0.40231757514200983,0.32786885245901637,0.1540983606557377
282,2026-04-03 23:00:00+00:00,4,3,2026,5,Ottawa Charge,0,3,Montréal Victoire,3,Canadian Tire Centre | Ottawa,0,3,8,0.4666666666666667,-0.43333333333333335,0.5,-0.6,0.6666666666666666,0.9666666666666667,0.8,2.0,0,0,0,0.5333333333333333,0.33333333333333337,0.5433333333333333,0.4033333333333333,0.5947712418300654,0.042483660130718956,0.31862745098039214,3,4.8431372549019605,1.985579643027256,5.339532165658775,0.5005012336553183,3,0.9575163398692811,0.2973856209150327,0.7026143790849673,0.0784313725490196,0.29052287581699343,0.4106156820026486,0.14779411764705883,0.4237317133625774,0.2818627450980392,0.5703431372549019,0.4537389358512848,0.39869281045751637,0.12745098039215685
307,2026-04-04 18:00:00+00:00,4,4,2026,2,Minnesota Frost,6,9,Vancouver Goldeneyes,5,Grand Casino Arena | St. Paul,0,3,8,0.6,0.6666666666666666,0.6,0.5,0.34615384615384615,-0.5,0.3,-0.7,0,0,0,0.4,0.6538461538461539,0.43333333333333335,0.55,0.2182410423452769,0.8241042345276873,0.5211726384364821,11,4.837133550488599,1.9851216830423941,5.333413971249198,0.9829936064720288,1,0.7817589576547231,1.0,0.0,0.990228013029316,0.15,0.41724755700325733,0.17817589576547233,0.9630349924137127,0.30211726384364823,0.5197068403908794,0.4460027515848883,0.39087947882736157,0.6612377850162866
308,2026-04-05 00:00:00+00:00,4,5,2026,4,New York Sirens,2,8,Seattle Torrent,1,Madison Square Garden | New York,0,3,8,0.4,-0.3333333333333333,0.2,-1.3,0.32,-0.92,0.2,-1.5,0,0,0,0.6,0.6799999999999999,0.5333333333333333,0.592,0.8571428571428571,0.9383116883116883,0.8977272727272727,3,4.857142857142857,2.0127559709060288,5.360331849869364,0.49721712845549526,1,0.1428571428571429,1.0,0.0,0.07792207792207792,0.15000000000000002,0.14571428571428577,0.2346590909090909,0.22202226345083495,0.3397727272727273,0.42556818181818185,0.4987206825709357,0.4772727272727273,0.00974025974025974
309,2026-04-07 23:00:00+00:00,4,7,2026,3,Montréal Victoire,4,8,Seattle Torrent,1,Place Bell | Laval,0,3,8,0.7,1.1,0.8,2.0,0.3076923076923077,-0.9230769230769231,0.2,-1.4,0,0,0,0.30000000000000004,0.6923076923076923,0.39,0.5923076923076923,0.042071197411003236,0.9385113268608414,0.49029126213592233,5,4.851132686084142,2.0122612010939713,5.354197986357635,0.01537212400439103,3,0.9579288025889967,0.2977346278317152,0.7022653721682848,0.4368932038834951,0.290453074433657,0.4108024109508698,0.17354368932038836,0.531062916870328,0.29902912621359223,0.5274271844660194,0.47125847567859847,0.43042071197411,0.2912621359223301
310,2026-04-08 01:30:00+00:00,4,8,2026,9,Vancouver Goldeneyes,1,1,Boston Fleet,5,Rogers Place | Edmonton,0,3,8,0.3333333333333333,-0.5185185185185185,0.2,-1.0,0.6333333333333333,0.4,0.8,1.2,0,0,0,0.6666666666666667,0.3666666666666667,0.5518518518518518,0.45999999999999996,0.8741935483870967,0.08709677419354839,0.48064516129032253,6,4.851612903225806,2.009020268356674,5.353867970314975,0.05040363191087849,4,0.9129032258064516,0.1064516129032258,0.8935483870967742,0.6806451612903226,0.32870967741935486,0.3735405827263267,0.17209677419354838,0.5425060420932497,0.2980645161290323,0.5298387096774193,0.529673782168138,0.5258064516129032,0.31290322580645163
311,2026-04-08 23:00:00+00:00,4,8,2026,5,Ottawa Charge,3,8,Seattle Torrent,5,TD Place | Ottawa,0,3,8,0.43333333333333335,-0.5666666666666667,0.5,-0.7,0.2962962962962963,-1.0,0.2,-1.4,0,0,0,0.5666666666666667,0.7037037037037037,0.5566666666666666,0.6,0.6302250803858521,0.9517684887459807,0.7909967845659165,8,4.855305466237942,2.006834086702404,5.357013987913543,0.5798884456392563,2,0.3697749196141479,0.5080385852090032,0.49196141479099675,0.9292604501607717,0.24839228295819935,0.2141236132794326,0.21864951768488747,0.7000950142304425,0.32909967845659166,0.45225080385852084,0.6464256040402704,0.6205787781350482,0.5466237942122186
312,2026-04-11 17:00:00+00:00,4,11,2026,2,Minnesota Frost,4,4,New York Sirens,1,Grand Casino Arena | St. Paul,0,3,8,0.6333333333333333,0.7333333333333333,0.6,0.3,0.4,-0.3333333333333333,0.3,-0.8,0,0,0,0.3666666666666667,0.6,0.42666666666666664,0.5333333333333333,0.21794871794871795,0.7948717948717948,0.5064102564102564,5,4.865384615384615,2.011499219996248,5.368259420383677,0.016618965799505503,3,0.782051282051282,0.30128205128205127,0.6987179487179487,0.4326923076923077,0.2897435897435897,0.34875410913872457,0.17596153846153845,0.48808696412616526,0.3006410256410256,0.5233974358974358,0.47804140924336946,0.4358974358974359,0.21153846153846154
313,2026-04-11 18:00:00+00:00,4,11,2026,6,Toronto Sceptres,0,5,Ottawa Charge,2,Coca-Cola Coliseum | Toronto,0,3,8,0.4,-0.5666666666666667,0.5,-0.1,0.43333333333333335,-0.6,0.4,-1.1,0,0,0,0.6,0.5666666666666667,0.5566666666666666,0.5599999999999999,0.6230031948881789,0.7699680511182109,0.6964856230031948,2,4.865814696485623,2.0082874906346784,5.367886569144293,0.754916142893054,2,0.3769968051118211,0.5111821086261981,0.48881789137380194,0.025559105431309903,0.2477635782747604,0.21701900601210586,0.20447284345047922,0.2180219888947723,0.31964856230031946,0.4758785942492013,0.64205238569786,0.6134185303514377,0.009584664536741214
314,2026-04-11 23:00:00+00:00,4,11,2026,1,Boston Fleet,0,3,Montréal Victoire,1,TD Garden | Boston,0,3,8,0.6666666666666666,0.6666666666666666,0.8,1.5,0.7,1.1666666666666667,0.8,2.0,0,0,0,0.33333333333333337,0.30000000000000004,0.43333333333333335,0.3833333333333333,0.07961783439490445,0.03503184713375796,0.05732484076433121,1,4.856687898089172,2.0115885949776446,5.359585046833583,0.9044832446592237,1,0.964968152866242,1.0,0.0,0.0,0.15,0.4951114649681529,0.10859872611464969,0.6398566878980891,0.2557324840764331,0.6356687898089172,0.13466534031668803,0.01910828025477707,0.4968152866242038
315,2026-04-15 02:00:00+00:00,4,15,2026,9,Vancouver Goldeneyes,4,8,Seattle Torrent,1,Pacific Coliseum | Vancouver,0,3,8,0.32142857142857145,-0.6428571428571429,0.2,-1.1,0.32142857142857145,-0.8928571428571429,0.3,-1.1,0,0,0,0.6785714285714286,0.6785714285714286,0.5642857142857143,0.5892857142857143,0.8793650793650793,0.8857142857142857,0.8825396825396825,5,4.844444444444444,2.020104192445745,5.349470492555881,0.014852452793468363,3,0.12063492063492065,0.30158730158730157,0.6984126984126984,0.43492063492063493,0.28968253968253965,0.11387629125724365,0.23238095238095238,0.3286940455194424,0.33825396825396825,0.4293650793650794,0.6186240146788793,0.6095238095238096,0.07301587301587302
316,2026-04-15 23:00:00+00:00,4,15,2026,4,New York Sirens,3,6,Toronto Sceptres,2,Prudential Center | Newark,0,3,8,0.36666666666666664,-0.5,0.3,-1.0,0.4,-0.5666666666666667,0.5,0.0,0,0,0,0.6333333333333333,0.6,0.55,0.5566666666666666,0.8259493670886076,0.6170886075949367,0.7215189873417721,5,4.844936708860759,2.0169141121188225,5.349165236890465,0.014873298725453843,1,0.38291139240506333,1.0,0.0,0.43354430379746833,0.15,0.2477373417721519,0.20822784810126582,0.5662815954975164,0.3221518987341772,0.46962025316455697,0.34193696448624633,0.2626582278481013,0.35443037974683544
317,2026-04-15 23:00:00+00:00,4,15,2026,1,Boston Fleet,3,2,Minnesota Frost,2,Tsongas Center | Lowell,0,3,8,0.6333333333333333,0.5333333333333333,0.7,1.3,0.6333333333333333,0.8,0.7,1.0,0,0,0,0.3666666666666667,0.3666666666666667,0.44666666666666666,0.42000000000000004,0.11356466876971609,0.13249211356466878,0.12302839116719244,5,4.8454258675078865,2.0137390968895192,5.348860641730266,0.014894059852528119,1,0.886435331230284,1.0,0.0,0.43217665615141954,0.15,0.4617350157728706,0.11845425867507887,0.7624993780413777,0.26230283911671926,0.6192429022082019,0.07794872281887162,0.0,0.6025236593059937
318,2026-04-17 23:00:00+00:00,4,17,2026,3,Montréal Victoire,3,1,Boston Fleet,2,Place Bell | Laval,0,3,8,0.7333333333333333,1.2333333333333334,0.8,1.7,0.6666666666666666,0.6,0.7,1.3,0,0,0,0.2666666666666667,0.33333333333333337,0.3766666666666667,0.44000000000000006,0.040880503144654086,0.11006289308176101,0.07547169811320754,5,4.845911949685535,2.0105790285580865,5.348556706825057,0.014914736753538382,1,0.9591194968553459,1.0,0.0,0.4308176100628931,0.15,0.49262578616352204,0.11132075471698114,0.7904568153949607,0.25754716981132075,0.6311320754716981,0.049292929221371115,0.0,0.610062893081761
319,2026-04-18 18:00:00+00:00,4,18,2026,5,Ottawa Charge,5,4,New York Sirens,1,TD Place | Ottawa,0,3,8,0.4666666666666667,-0.5,0.5,-0.8,0.4,-0.43333333333333335,0.4,-0.6,0,0,0,0.5333333333333333,0.6,0.55,0.5433333333333333,0.6206896551724138,0.7241379310344828,0.6724137931034483,6,4.846394984326019,2.007433790219028,5.348253431880776,0.05133939500823359,4,0.3793103448275862,0.10658307210031348,0.8934169278996865,0.6833855799373041,0.3286833855799373,0.19445032969408713,0.20086206896551723,0.47128166437314745,0.31724137931034485,0.481896551724138,0.6177748438351989,0.6112852664576802,0.19122257053291536
320,2026-04-18 21:00:00+00:00,4,18,2026,8,Seattle Torrent,5,9,Vancouver Goldeneyes,6,Climate Pledge Arena | Seattle,0,3,8,0.3103448275862069,-0.9655172413793104,0.2,-1.5,0.3448275862068966,-0.5172413793103449,0.3,-0.7,0,0,0,0.6896551724137931,0.6551724137931034,0.596551724137931,0.5517241379310345,0.9125,0.81875,0.865625,11,4.85,2.0053220724911163,5.351330518122778,0.9810753705728151,1,0.18125000000000002,1.0,0.0,0.9875,0.15,0.16203125000000002,0.22984374999999999,0.8685878906250001,0.3365625,0.43359375,0.6008236320488455,0.5875,0.65
321,2026-04-19 17:30:00+00:00,4,19,2026,2,Minnesota Frost,0,6,Toronto Sceptres,2,Grand Casino Arena | St. Paul,0,3,8,0.6,0.7333333333333333,0.6,0.8,0.4,-0.5333333333333333,0.4,-0.4,0,0,0,0.4,0.6,0.42666666666666664,0.5533333333333333,0.2118380062305296,0.7071651090342679,0.45950155763239875,2,4.869158878504673,2.031397819926895,5.377008333486397,0.7488731751899201,2,0.7881619937694704,0.5077881619937694,0.4922118380062306,0.028037383177570093,0.2484423676012461,0.37133034423190764,0.1689252336448598,0.39503056294834216,0.2959501557632399,0.5351246105919003,0.5180643383101888,0.5046728971962616,0.102803738317757
322,2026-04-21 23:00:00+00:00,4,21,2026,6,Toronto Sceptres,0,4,New York Sirens,1,Coca-Cola Coliseum | Toronto,0,3,8,0.43333333333333335,-0.43333333333333335,0.4,-0.3,0.4,-0.5333333333333333,0.4,-0.9,0,0,0,0.5666666666666667,0.6,0.5433333333333333,0.5533333333333333,0.6677018633540373,0.7732919254658385,0.7204968944099379,1,4.8602484472049685,2.03452381787386,5.368879401673434,0.9003013527882462,1,0.33229813664596275,1.0,0.0,0.0,0.15,0.22622670807453416,0.2080745341614907,0.2760714285714286,0.32204968944099377,0.46987577639751554,0.5258738222392425,0.5217391304347826,0.031055900621118012
323,2026-04-22 02:00:00+00:00,4,22,2026,9,Vancouver Goldeneyes,4,3,Montréal Victoire,3,Pacific Coliseum | Vancouver,0,3,8,0.36666666666666664,-0.4666666666666667,0.4,-0.5,0.7666666666666667,1.3,0.8,1.7,0,0,0,0.6333333333333333,0.23333333333333328,0.5466666666666666,0.37,0.7213622291021672,0.034055727554179564,0.37770897832817335,7,4.848297213622291,2.042686213614404,5.3589687670258925,0.27580968342148426,1,0.9659442724458205,1.0,0.0,0.7647058823529411,0.15,0.49552631578947365,0.15665634674922602,0.9114860681114549,0.28777089783281734,0.5555727554179566,0.2530521552387548,0.08978328173374613,0.6749226006191951
324,2026-04-22 23:00:00+00:00,4,22,2026,1,Boston Fleet,1,5,Ottawa Charge,2,Tsongas Center | Lowell,0,3,8,0.6666666666666666,0.8,0.7,1.3,0.5,-0.3333333333333333,0.5,-0.5,0,0,0,0.33333333333333337,0.5,0.42000000000000004,0.5333333333333333,0.09876543209876543,0.5401234567901234,0.3194444444444444,3,4.854938271604938,2.0430218761116317,5.365693740632846,0.4885015968356399,1,0.9012345679012346,1.0,0.0,0.08641975308641975,0.15,0.46802469135802466,0.14791666666666667,0.6362200884011583,0.28194444444444444,0.5701388888888889,0.2543852284825556,0.09259259259259259,0.49074074074074076
325,2026-04-23 02:00:00+00:00,4,23,2026,8,Seattle Torrent,5,2,Minnesota Frost,4,Climate Pledge Arena | Seattle,0,3,8,0.3,-0.9666666666666667,0.2,-1.3,0.5666666666666667,0.6333333333333333,0.5,0.3,0,0,0,0.7,0.43333333333333335,0.5966666666666667,0.43666666666666676,0.9107692307692308,0.36615384615384616,0.6384615384615384,9,4.849230769230769,2.042460017962717,5.359845773721449,0.7957049397795013,1,0.6338461538461538,1.0,0.0,0.9569230769230769,0.15,0.3543846153846154,0.19576923076923075,0.9237273372781065,0.31384615384615383,0.4903846153846155,0.4688662599562414,0.4276923076923077,0.676923076923077
329,2026-04-25 16:00:00+00:00,4,25,2026,1,Boston Fleet,4,4,New York Sirens,0,Tsongas Center | Lowell,0,3,8,0.6666666666666666,0.8,0.6,1.1,0.43333333333333335,-0.4,0.4,-1.2,0,0,0,0.33333333333333337,0.5666666666666667,0.42000000000000004,0.54,0.13803680981595093,0.7607361963190185,0.4493865030674847,4,4.861963190184049,2.052232063319788,5.375021206013996,0.20105118624804597,4,0.8619631901840491,0.10736196319018405,0.8926380368098159,0.31901840490797545,0.3285276073619632,0.356539482103203,0.1674079754601227,0.42192687803051065,0.2949386503067485,0.5376533742331288,0.5385451995518536,0.5398773006134969,0.13496932515337423
328,2026-04-25 18:00:00+00:00,4,25,2026,5,Ottawa Charge,3,6,Toronto Sceptres,0,TD Place | Ottawa,0,3,8,0.5333333333333333,-0.26666666666666666,0.6,0.0,0.4,-0.5,0.4,-0.3,0,0,0,0.4666666666666667,0.6,0.5266666666666666,0.55,0.3853211009174312,0.6880733944954128,0.536697247706422,3,4.859327217125382,2.0496363974924114,5.371736316498485,0.4880343839533624,3,0.6146788990825688,0.2996941896024465,0.7003058103975535,0.0856269113149847,0.2900611620795107,0.28918609544651125,0.1805045871559633,0.30098962605813806,0.3036697247706422,0.5158256880733945,0.5775963447773853,0.5657492354740061,0.045871559633027525
327,2026-04-25 23:00:00+00:00,4,25,2026,9,Vancouver Goldeneyes,4,2,Minnesota Frost,3,Pacific Coliseum | Vancouver,0,3,8,0.36666666666666664,-0.5333333333333333,0.5,-0.3,0.5333333333333333,0.5,0.4,0.1,0,0,0,0.6333333333333333,0.4666666666666667,0.5533333333333333,0.44999999999999996,0.6463414634146342,0.47560975609756095,0.5609756097560976,7,4.853658536585366,2.0490734907533077,5.365926909273693,0.27238163983927244,1,0.524390243902439,1.0,0.0,0.7621951219512195,0.15,0.3078658536585366,0.18414634146341463,0.7997363920285544,0.30609756097560975,0.5097560975609756,0.33611882011436456,0.2530487804878049,0.6158536585365854
326,2026-04-26 02:00:00+00:00,4,26,2026,8,Seattle Torrent,1,3,Montréal Victoire,2,Climate Pledge Arena | Seattle,0,3,8,0.3333333333333333,-0.8333333333333334,0.3,-1.0,0.7333333333333333,1.2333333333333334,0.8,1.7,0,0,0,0.6666666666666667,0.2666666666666667,0.5833333333333333,0.3766666666666667,0.851063829787234,0.0364741641337386,0.44376899696048633,3,4.860182370820668,2.049366640007608,5.372524030822571,0.488352302289075,1,0.9635258358662614,1.0,0.0,0.0851063829787234,0.15,0.4944984802431611,0.16656534954407295,0.6692828041130441,0.29437689969604863,0.5390577507598784,0.3205596892899196,0.24316109422492402,0.5288753799392097
338,2026-04-30 23:00:00+00:00,4,30,2026,1,Boston Fleet,2,5,Ottawa Charge,1,Tsongas Center | Lowell,1,3,9,0.7,0.9666666666666667,0.7,1.7,0.5666666666666667,-0.06666666666666667,0.6,0.2,0,0,0,0.30000000000000004,0.43333333333333335,0.4033333333333333,0.5066666666666666,0.08484848484848485,0.3424242424242424,0.21363636363636362,3,4.8545454545454545,2.0488103018441715,5.366748030006497,0.4868680746799685,1,0.9151515151515152,1.0,0.0,0.08484848484848485,0.15,0.47393939393939394,0.13204545454545455,0.6431202938475666,0.27136363636363636,0.5965909090909091,0.19174222862148094,0.03333333333333333,0.5060606060606061
340,2026-05-02 18:00:00+00:00,5,2,2026,3,Montréal Victoire,4,2,Minnesota Frost,5,Place Bell | Laval,1,3,9,0.7333333333333333,1.2333333333333334,0.8,1.5,0.5333333333333333,0.6,0.3,-0.5,0,0,0,0.2666666666666667,0.4666666666666667,0.3766666666666667,0.44000000000000006,0.045317220543806644,0.6132930513595166,0.3293051359516616,9,4.848942598187311,2.0482417662616608,5.361003039752727,0.7936604979698866,1,0.9546827794561934,1.0,0.0,0.9546827794561934,0.15,0.49074018126888214,0.14939577039274926,0.976921760480463,0.2829305135951662,0.5676737160120845,0.30550739175204866,0.21450151057401812,0.6858006042296072
339,2026-05-02 23:00:00+00:00,5,2,2026,1,Boston Fleet,1,5,Ottawa Charge,3,Tsongas Center | Lowell,1,3,9,0.7,0.9333333333333333,0.7,1.5,0.5666666666666667,0.03333333333333333,0.6,0.6,1,0,1,0.30000000000000004,0.43333333333333335,0.4066666666666666,0.4966666666666667,0.09939759036144578,0.2891566265060241,0.19427710843373494,4,4.86144578313253,2.0577952197038325,5.375894588058488,0.20030918277341503,2,0.9006024096385542,0.5,0.5,0.32228915662650603,0.25,0.4127259036144578,0.12914156626506024,0.5502133382929307,0.26942771084337347,0.6014307228915663,0.2774263187889042,0.14457831325301204,0.3253012048192771
341,2026-05-05 23:00:00+00:00,5,5,2026,3,Montréal Victoire,1,2,Minnesota Frost,0,Place Bell | Laval,1,3,9,0.7333333333333333,1.2666666666666666,0.8,1.5,0.5666666666666667,0.6666666666666666,0.3,-0.6,0,1,1,0.2666666666666667,0.43333333333333335,0.3733333333333333,0.43333333333333335,0.042042042042042045,0.5915915915915916,0.31681681681681684,1,4.858858858858859,2.0552360155020564,5.372667862734374,0.8959919267639374,1,0.9579579579579579,1.0,0.0,0.0,0.15,0.49213213213213214,0.14752252252252251,0.6458258258258258,0.2816816816816817,0.5707957957957959,0.3130166962724772,0.23123123123123124,0.5105105105105106
342,2026-05-07 23:00:00+00:00,5,7,2026,2,Minnesota Frost,1,3,Montréal Victoire,2,Grand Casino Arena | St. Paul,1,3,9,0.5333333333333333,0.5333333333333333,0.3,-0.4,0.7333333333333333,1.1666666666666667,0.8,1.3,1,1,1,0.4666666666666667,0.2666666666666667,0.44666666666666666,0.3833333333333333,0.6047904191616766,0.04790419161676647,0.3263473053892216,3,4.847305389221557,2.062981729964924,5.363050821712788,0.48109399223432614,1,0.9520958083832335,1.0,0.0,0.08682634730538923,0.15,0.4896407185628742,0.14895209580838326,0.6737437699451396,0.2826347305389222,0.5684131736526946,0.2571600659934175,0.09880239520958084,0.5359281437125748
343,2026-05-08 23:00:00+00:00,5,8,2026,5,Ottawa Charge,2,1,Boston Fleet,1,Canadian Tire Centre | Ottawa,1,3,9,0.5666666666666667,-0.03333333333333333,0.6,0.7,0.6666666666666666,0.8,0.6,1.1,1,1,1,0.43333333333333335,0.33333333333333337,0.5033333333333333,0.42000000000000004,0.2865671641791045,0.16417910447761194,0.2253731343283582,3,4.841791044776119,2.0623622620479574,5.357381610288109,0.4796641337295867,1,0.835820895522388,1.0,0.0,0.08656716417910448,0.15,0.4402238805970149,0.13380597014925374,0.6110701715304077,0.2725373134328358,0.5936567164179104,0.19797619965367452,0.03880597014925373,0.4417910447761194
345,2026-05-09 00:30:00+00:00,5,9,2026,2,Minnesota Frost,3,3,Montréal Victoire,1,Grand Casino Arena | St. Paul,1,3,9,0.5,0.36666666666666664,0.3,-0.3,0.7333333333333333,1.1333333333333333,0.8,1.2,1,2,2,0.5,0.2666666666666667,0.4633333333333334,0.3866666666666667,0.6309523809523809,0.050595238095238096,0.34077380952380953,4,4.836309523809524,2.0617316470641964,5.351742435575573,0.1934007375080794,2,0.9494047619047619,0.49702380952380953,0.5029761904761905,0.3273809523809524,0.2505952380952381,0.4306847009637188,0.15111607142857142,0.5763197402286807,0.28407738095238094,0.5648065476190476,0.3645813974116252,0.31547619047619047,0.3630952380952381
344,2026-05-10 19:00:00+00:00,5,10,2026,5,Ottawa Charge,4,1,Boston Fleet,3,Canadian Tire Centre | Ottawa,1,3,9,0.6,0.13333333333333333,0.6,0.6,0.6333333333333333,0.7,0.5,0.6,2,1,2,0.4,0.3666666666666667,0.4866666666666666,0.42999999999999994,0.258160237388724,0.2789317507418398,0.2685459940652819,7,4.833827893175074,2.059165314325117,5.348619221756353,0.27499361226596186,1,0.741839762611276,1.0,0.0,0.7626112759643917,0.15,0.4002818991097923,0.14028189910979227,0.874517958245648,0.2768545994065282,0.5828635014836796,0.19510228458203666,0.03857566765578635,0.6617210682492581
347,2026-05-12 23:00:00+00:00,5,12,2026,3,Montréal Victoire,2,2,Minnesota Frost,1,Place Bell | Laval,1,3,9,0.7,1.0333333333333334,0.7,0.7,0.5333333333333333,0.5333333333333333,0.4,0.0,2,2,2,0.30000000000000004,0.4666666666666667,0.3966666666666667,0.44666666666666666,0.11242603550295859,0.4940828402366864,0.3032544378698225,3,4.840236686390533,2.0594810653058655,5.355106952717,0.4799583082311707,1,0.8875739644970414,1.0,0.0,0.08579881656804733,0.15,0.4622189349112426,0.14548816568047337,0.6486261860579111,0.28032544378698226,0.5741863905325444,0.24395282496110537,0.08284023668639054,0.5118343195266272
350,2026-05-14 23:00:00+00:00,5,14,2026,3,Montréal Victoire,3,5,Ottawa Charge,2,Place Bell | Laval,1,3,9,0.7,1.0,0.7,0.5,0.6333333333333333,0.23333333333333334,0.7,0.8,3,3,3,0.30000000000000004,0.3666666666666667,0.4,0.4766666666666667,0.11799410029498525,0.17404129793510326,0.14601769911504425,5,4.834808259587021,2.0588596706915747,5.349523177259915,0.014306819687734285,1,0.8820058997050148,1.0,0.0,0.4424778761061947,0.15,0.4598525073746313,0.12190265486725664,0.7947850262354139,0.2646017699115044,0.613495575221239,0.09132525161370782,0.0058997050147492625,0.6194690265486725
351,2026-05-16 18:00:00+00:00,5,16,2026,3,Montréal Victoire,2,5,Ottawa Charge,1,Place Bell | Laval,1,3,9,0.7333333333333333,1.0666666666666667,0.7,0.3,0.6333333333333333,0.23333333333333334,0.7,1.0,4,3,4,0.2666666666666667,0.3666666666666667,0.3933333333333333,0.4766666666666667,0.11470588235294117,0.16470588235294117,0.13970588235294118,3,4.8352941176470585,2.0558402818001413,5.349254188097094,0.47946957253815925,1,0.8852941176470588,1.0,0.0,0.08529411764705883,0.15,0.46124999999999994,0.12095588235294118,0.6672022058823529,0.2639705882352941,0.6150735294117646,0.14392405534614888,0.03235294117647059,0.5294117647058824
348,2026-05-18 22:00:00+00:00,5,18,2026,5,Ottawa Charge,2,3,Montréal Victoire,1,Canadian Tire Centre | Ottawa,1,3,9,0.6333333333333333,0.3,0.7,1.1,0.7666666666666667,1.1333333333333333,0.7,0.3,3,5,5,0.3666666666666667,0.23333333333333328,0.47,0.3866666666666667,0.1495601173020528,0.08211143695014662,0.11583577712609971,3,4.829912023460411,2.0552192507632747,5.34371683615123,0.4780719064553043,1,0.9178885630498533,1.0,0.0,0.08504398826979472,0.15,0.4751026392961877,0.11737536656891497,0.6946686904997378,0.26158357771261,0.621041055718475,0.12805263858285432,0.020527859237536656,0.5571847507331378
349,2026-05-20 23:00:00+00:00,5,20,2026,5,Ottawa Charge,0,3,Montréal Victoire,4,Canadian Tire Centre | Ottawa,1,3,9,0.6333333333333333,0.3,0.7,1.0,0.7666666666666667,1.1333333333333333,0.6,0.1,4,5,5,0.3666666666666667,0.23333333333333328,0.47,0.3866666666666667,0.15497076023391812,0.15497076023391812,0.15497076023391812,4,4.824561403508772,2.0545876599041195,5.338208318484802,0.19112703327034875,4,0.8450292397660819,0.10526315789473684,0.8947368421052632,0.3304093567251462,0.32894736842105265,0.35063481071098795,0.12324561403508773,0.47074811817941287,0.2654970760233918,0.6112573099415205,0.3558325939836365,0.30994152046783624,0.1871345029239766
