game_id,date,month,day,year,home_id,home_name,home_score,away_id,away_name,away_score,venue_full_name,is_postseason,season,season_type,home_win_pct,home_point_diff,home_recent_win_pct,home_recent_point_diff,away_win_pct,away_point_diff,away_recent_win_pct,away_recent_point_diff,home_playoff_wins,away_playoff_wins,playoff_wins,home_win_badness,away_win_badness,home_point_diff_badness,away_point_diff_badness,home_badness,away_badness,team_badness,total_points,scoring_mean,scoring_std,ideal_scoring,scoring_badness,actual_margin,team_quality,competitiveness,uncompetitiveness,scoring_entertainment,team_quality_weight,competitiveness_weight,scoring_weight,actual_watchability,uncompetitiveness_weight,team_weight,actual_slop,slop_percentile,watchability_percentile
401320727,2021-09-04 17:00:00+00:00,9,4,2021,5,Fever,65,11,Mercury,87,Corteva Coliseum,0,2021,2,,,,,,,,,0,0,0,,,,,,,,152,,,,,22,,,,,,,,,,,,,
401320728,2021-09-05 00:00:00+00:00,9,5,2021,8,Lynx,93,16,Mystics,75,Target Center,0,2021,2,,,,,,,,,0,0,0,,,,,,,,168,,,,,18,,,,,,,,,,,,,
401320729,2021-09-05 19:00:00+00:00,9,5,2021,19,Sky,92,17,Aces,84,Wintrust Arena,0,2021,2,,,,,,,,,0,0,0,,,,,,,,176,,,,,8,,,,,,,,,,,,,
401320730,2021-09-05 20:00:00+00:00,9,5,2021,3,Wings,64,20,Dream,69,College Park Center,0,2021,2,,,,,,,,,0,0,0,,,,,,,,133,,,,,5,,,,,,,,,,,,,
401320731,2021-09-06 23:00:00+00:00,9,6,2021,5,Fever,81,11,Mercury,86,Corteva Coliseum,0,2021,2,0.0,-22.0,0.0,-22.0,1.0,22.0,1.0,22.0,0,0,0,1.0,0.0,1.0,0.0,,,,167,,,,,5,,,,,,,,,,,,,
401320732,2021-09-08 00:00:00+00:00,9,8,2021,3,Wings,56,18,Sun,83,College Park Center,0,2021,2,0.0,-5.0,0.0,-5.0,,,,,0,0,0,1.0,,0.625,,,,,139,,,,,27,,,,,,,,,,,,,
401320733,2021-09-08 02:00:00+00:00,9,8,2021,14,Storm,105,16,Mystics,71,Angel of the Winds Arena,0,2021,2,,,,,0.0,-18.0,0.0,-18.0,0,0,0,,1.0,,0.95,,,,176,,,,,34,,,,,,,,,,,,,
401320734,2021-09-08 23:00:00+00:00,9,8,2021,20,Dream,75,11,Mercury,76,Gateway Center,0,2021,2,1.0,5.0,1.0,5.0,1.0,13.5,1.0,13.5,0,0,0,0.0,0.0,0.375,0.16249999999999998,,,,151,,,,,1,,,,,,,,,,,,,
401320735,2021-09-09 01:00:00+00:00,9,9,2021,17,Aces,102,8,Lynx,81,Michelob ULTRA Arena,0,2021,2,0.0,-8.0,0.0,-8.0,1.0,18.0,1.0,18.0,0,0,0,1.0,0.0,0.7,0.050000000000000044,,,,183,,,,,21,,,,,,,,,,,,,
401320736,2021-09-10 02:30:00+00:00,9,10,2021,6,Sparks,57,18,Sun,75,crypto.com Arena,0,2021,2,,,,,1.0,27.0,1.0,27.0,0,0,0,,0.0,,0.0,,,,132,,,,,18,,,,,,,,,,,,,
401320737,2021-09-10 23:00:00+00:00,9,10,2021,16,Mystics,82,20,Dream,74,CareFirst Arena,0,2021,2,0.0,-26.0,0.0,-26.0,0.5,2.0,0.5,2.0,0,0,0,1.0,0.5,1.0,0.44999999999999996,,,,156,,,,,8,,,,,,,,,,,,,
401320738,2021-09-11 00:00:00+00:00,9,11,2021,8,Lynx,89,5,Fever,72,Target Center,0,2021,2,0.5,-1.5,0.5,-1.5,0.0,-13.5,0.0,-13.5,0,0,0,0.5,1.0,0.5375,0.8375,,,,161,,,,,17,,,,,,,,,,,,,
401320739,2021-09-12 00:00:00+00:00,9,12,2021,3,Wings,77,9,Liberty,76,College Park Center,0,2021,2,0.0,-16.0,0.0,-16.0,,,,,0,0,0,1.0,,0.9,,,,,153,,,,,1,,,,,,,,,,,,,
401320740,2021-09-12 02:00:00+00:00,9,12,2021,11,Mercury,67,18,Sun,76,Mortgage Matchup Center,0,2021,2,1.0,9.333333333333334,1.0,9.333333333333334,1.0,22.5,1.0,22.5,0,0,0,0.0,0.0,0.2666666666666666,0.0,,,,143,,,,,9,,,,,,,,,,,,,
401320741,2021-09-12 19:00:00+00:00,9,12,2021,19,Sky,71,16,Mystics,79,Wintrust Arena,0,2021,2,1.0,8.0,1.0,8.0,0.3333333333333333,-14.666666666666666,0.3333333333333333,-14.666666666666666,0,0,0,0.0,0.6666666666666667,0.30000000000000004,0.8666666666666667,,,,150,,,,,8,,,,,,,,,,,,,
401320742,2021-09-12 23:00:00+00:00,9,12,2021,8,Lynx,90,5,Fever,80,Target Center,0,2021,2,0.6666666666666666,4.666666666666667,0.6666666666666666,4.666666666666667,0.0,-14.666666666666666,0.0,-14.666666666666666,0,0,0,0.33333333333333337,1.0,0.3833333333333333,0.8666666666666667,,,,170,,,,,10,,,,,,,,,,,,,
401320743,2021-09-13 01:00:00+00:00,9,13,2021,6,Sparks,81,14,Storm,53,crypto.com Arena,0,2021,2,0.0,-18.0,0.0,-18.0,1.0,34.0,1.0,34.0,0,0,0,1.0,0.0,0.95,0.0,,,,134,,,,,28,,,,,,,,,,,,,
401320744,2021-09-13 19:00:00+00:00,9,13,2021,17,Aces,85,3,Wings,75,Michelob ULTRA Arena,0,2021,2,0.5,6.5,0.5,6.5,0.3333333333333333,-10.333333333333334,0.3333333333333333,-10.333333333333334,0,0,0,0.5,0.6666666666666667,0.3375,0.7583333333333333,,,,160,,,,,10,,,,,,,,,,,,,
401320745,2021-09-14 23:00:00+00:00,9,14,2021,20,Dream,85,5,Fever,78,Gateway Center,0,2021,2,0.3333333333333333,-1.3333333333333333,0.3333333333333333,-1.3333333333333333,0.0,-13.5,0.0,-13.5,0,0,0,0.6666666666666667,1.0,0.5333333333333333,0.8375,,,,163,,,,,7,,,,,,,,,,,,,
401320746,2021-09-15 23:00:00+00:00,9,15,2021,18,Sun,98,9,Liberty,69,Mohegan Sun Arena,0,2021,2,1.0,18.0,1.0,18.0,0.0,-1.0,0.0,-1.0,0,0,0,0.0,1.0,0.050000000000000044,0.525,,,,167,,,,,29,,,,,,,,,,,,,
401320747,2021-09-16 23:00:00+00:00,9,16,2021,20,Dream,68,6,Sparks,74,Gateway Center,0,2021,2,0.5,0.75,0.5,0.75,0.5,5.0,0.5,5.0,0,0,0,0.5,0.5,0.48124999999999996,0.375,,,,142,,,,,6,,,,,,,,,,,,,
401320749,2021-09-17 23:00:00+00:00,9,17,2021,9,Liberty,91,16,Mystics,80,Barclays Center,0,2021,2,0.0,-15.0,0.0,-15.0,0.5,-9.0,0.5,-9.0,0,0,0,1.0,0.5,0.875,0.725,,,,171,,,,,11,,,,,,,,,,,,,
401320748,2021-09-17 23:00:00+00:00,9,17,2021,5,Fever,73,8,Lynx,92,Corteva Coliseum,0,2021,2,0.0,-12.2,0.0,-12.2,0.75,6.0,0.75,6.0,0,0,0,1.0,0.25,0.8049999999999999,0.35,,,,165,,,,,19,,,,,,,,,,,,,
401320750,2021-09-18 00:00:00+00:00,9,18,2021,19,Sky,70,17,Aces,103,Wintrust Arena,0,2021,2,0.5,0.0,0.5,0.0,0.6666666666666666,7.666666666666667,0.6666666666666666,7.666666666666667,0,0,0,0.5,0.33333333333333337,0.5,0.30833333333333335,,,,173,,,,,33,,,,,,,,,,,,,
401320751,2021-09-18 02:00:00+00:00,9,18,2021,14,Storm,94,11,Mercury,85,Angel of the Winds Arena,0,2021,2,0.5,3.0,0.5,3.0,0.75,4.75,0.75,4.75,0,0,0,0.5,0.25,0.42500000000000004,0.38125,,,,179,,,,,9,,,,,,,,,,,,,
401320752,2021-09-19 17:00:00+00:00,9,19,2021,18,Sun,84,20,Dream,64,Mohegan Sun Arena,0,2021,2,1.0,20.75,1.0,20.75,0.4,-0.6,0.4,-0.6,0,0,0,0.0,0.6,0.0,0.515,,,,148,,,,,20,,,,,,,,,,,,,
401320753,2021-09-19 19:00:00+00:00,9,19,2021,11,Mercury,83,17,Aces,84,Mortgage Matchup Center,0,2021,2,0.6,2.0,0.6,2.0,0.75,14.0,0.75,14.0,0,0,0,0.4,0.25,0.44999999999999996,0.15000000000000002,,,,167,,,,,1,,,,,,,,,,,,,
401320754,2021-09-19 19:00:00+00:00,9,19,2021,16,Mystics,77,8,Lynx,83,CareFirst Arena,0,2021,2,0.4,-9.4,0.4,-9.4,0.8,8.6,0.8,8.6,0,0,0,0.6,0.19999999999999996,0.735,0.2849999999999999,,,,160,,,,,6,,,,,,,,,,,,,
401320755,2021-09-19 21:00:00+00:00,9,19,2021,3,Wings,87,6,Sparks,84,College Park Center,0,2021,2,0.25,-10.25,0.25,-10.25,0.6666666666666666,5.333333333333333,0.6666666666666666,5.333333333333333,0,0,0,0.75,0.33333333333333337,0.75625,0.3666666666666667,,,,171,,,,,3,,,,,,,,,,,,,
401320756,2021-09-19 22:00:00+00:00,9,19,2021,19,Sky,98,5,Fever,87,Wintrust Arena,0,2021,2,0.3333333333333333,-11.0,0.3333333333333333,-11.0,0.0,-13.333333333333334,0.0,-13.333333333333334,0,0,0,0.6666666666666667,1.0,0.775,0.8333333333333334,,,,185,,,,,11,,0.4482758620689655,0.5517241379310345,1.0,,,,,,,,,
401370430,2021-09-24 00:00:00+00:00,9,24,2021,19,Sky,81,3,Wings,64,Wintrust Arena,1,2021,3,0.5,-5.5,0.5,-5.5,0.4,-7.6,0.4,-7.6,0,0,0,0.5,0.6,0.6375,0.69,,,,145,159.83333333333334,14.948378607344193,163.5704279851694,0.5377546194192449,17,,0.4,0.6,0.2,,,,,,,,,
401370431,2021-09-24 02:00:00+00:00,9,24,2021,11,Mercury,83,9,Liberty,82,Global Credit Union Arena,1,2021,3,0.5,1.5,0.5,1.5,0.3333333333333333,-6.333333333333333,0.3333333333333333,-6.333333333333333,0,0,0,0.5,0.6666666666666667,0.4625,0.6583333333333333,,,,165,159.3548387096774,14.93664037882855,163.08899880438454,0.008150984505595593,1,,1.0,0.0,0.5483870967741935,,,,,,,,,
401370433,2021-09-26 19:00:00+00:00,9,26,2021,14,Storm,80,11,Mercury,85,Angel of the Winds Arena,1,2021,3,0.6666666666666666,5.0,0.6666666666666666,5.0,0.5714285714285714,1.4285714285714286,0.5714285714285714,1.4285714285714286,0,1,1,0.33333333333333337,0.4285714285714286,0.375,0.4642857142857143,,,,165,159.53125,14.727600542584502,163.21315013564612,0.007333054276354445,5,,0.84375,0.15625,0.53125,,,,,,,,,
401370432,2021-09-26 21:00:00+00:00,9,26,2021,8,Lynx,76,19,Sky,89,Target Center,1,2021,3,0.8333333333333334,8.166666666666666,0.8333333333333334,8.166666666666666,0.6,-1.0,0.6,-1.0,0,1,1,0.16666666666666663,0.4,0.2958333333333334,0.525,,,,165,159.6969696969697,14.526882082205487,163.32869021752106,0.006596335911173368,13,,0.3939393939393939,0.6060606060606061,0.5151515151515151,,,,,,,,,
401370434,2021-09-29 00:00:00+00:00,9,29,2021,18,Sun,95,19,Sky,101,Mohegan Sun Arena,1,2021,3,1.0,20.6,1.0,20.6,0.6666666666666666,1.3333333333333333,0.6666666666666666,1.3333333333333333,0,2,2,0.0,0.33333333333333337,0.0,0.4666666666666667,,,,196,159.85294117647058,14.333965496153517,163.43643255050895,0.9242626971737324,6,,0.7647058823529411,0.23529411764705888,1.0,,,,,,,,,
401370435,2021-09-29 02:00:00+00:00,9,29,2021,17,Aces,96,11,Mercury,90,Michelob ULTRA Arena,1,2021,3,0.8,11.4,0.8,11.4,0.625,1.875,0.625,1.875,0,2,2,0.19999999999999996,0.375,0.21500000000000008,0.453125,,,,186,160.88571428571427,15.386723514257392,164.7323951642786,0.6152822039348605,6,,0.7714285714285715,0.22857142857142854,0.9714285714285714,,,,,,,,,
401370436,2021-10-01 00:00:00+00:00,10,1,2021,18,Sun,79,19,Sky,68,Mohegan Sun Arena,1,2021,3,0.8333333333333334,16.166666666666668,0.8333333333333334,16.166666666666668,0.7142857142857143,2.0,0.7142857142857143,2.0,0,3,3,0.16666666666666663,0.2857142857142857,0.09583333333333321,0.44999999999999996,,,,147,161.58333333333334,15.732359735816573,165.51642326728748,0.4997374883157254,11,,0.4444444444444444,0.5555555555555556,0.19444444444444445,,,,,,,,,
401370437,2021-10-01 02:00:00+00:00,10,1,2021,17,Aces,91,11,Mercury,117,Michelob ULTRA Arena,1,2021,3,0.8333333333333334,10.5,0.8333333333333334,10.5,0.5555555555555556,1.0,0.5555555555555556,1.0,1,2,2,0.16666666666666663,0.4444444444444444,0.23750000000000004,0.475,,,,208,161.1891891891892,15.696492598025825,165.11331233869564,0.9760691196668503,26,,0.13513513513513514,0.8648648648648649,1.0,,,,,,,,,
401370439,2021-10-03 17:00:00+00:00,10,3,2021,19,Sky,86,18,Sun,83,Wintrust Arena,1,2021,3,0.625,0.375,0.625,0.375,0.8571428571428571,15.428571428571429,0.8571428571428571,15.428571428571429,3,1,3,0.375,0.1428571428571429,0.490625,0.11428571428571421,,,,169,162.42105263157896,17.24486853397008,166.7322697650715,0.008609081720476586,3,,0.8947368421052632,0.10526315789473684,0.6842105263157895,,,,,,,,,
401370438,2021-10-03 19:00:00+00:00,10,3,2021,11,Mercury,87,17,Aces,60,Mortgage Matchup Center,1,2021,3,0.6,3.5,0.6,3.5,0.7142857142857143,5.285714285714286,0.7142857142857143,5.285714285714286,3,1,3,0.4,0.2857142857142857,0.4125,0.3678571428571429,,,,147,162.5897435897436,17.049028292603566,166.85200066289448,0.4923288265905883,27,,0.1282051282051282,0.8717948717948718,0.1794871794871795,,,,,,,,,
401370441,2021-10-07 00:00:00+00:00,10,7,2021,19,Sky,79,18,Sun,69,Wintrust Arena,1,2021,3,0.6666666666666666,0.6666666666666666,0.6666666666666666,0.6666666666666666,0.75,13.125,0.75,13.125,4,1,4,0.33333333333333337,0.25,0.4833333333333333,0.171875,,,,148,162.2,17.008595112245672,166.4521487780614,0.44482596608343683,10,,0.525,0.475,0.225,,,,,,,,,
401370440,2021-10-07 02:00:00+00:00,10,7,2021,11,Mercury,76,17,Aces,93,Mortgage Matchup Center,1,2021,3,0.6363636363636364,5.636363636363637,0.6,4.0,0.625,1.25,0.625,1.25,4,1,4,0.36363636363636365,0.375,0.3590909090909091,0.46875,,,,169,161.85365853658536,16.940426463949706,166.0887651525728,0.014657950883498083,17,,0.36585365853658536,0.6341463414634146,0.6829268292682927,,,,,,,,,
401370442,2021-10-09 01:00:00+00:00,10,9,2021,17,Aces,84,11,Mercury,87,Michelob ULTRA Arena,1,2021,3,0.6666666666666666,3.0,0.6666666666666666,3.0,0.5833333333333334,3.75,0.5,1.8,2,4,4,0.33333333333333337,0.41666666666666663,0.42500000000000004,0.40625,,,,171,162.02380952380952,16.76885628870157,166.21602359598492,0.03987808865580633,3,,0.9047619047619048,0.09523809523809523,0.7380952380952381,,,,,,,,,
401370395,2021-10-10 19:00:00+00:00,10,10,2021,11,Mercury,77,19,Sky,91,Mortgage Matchup Center,1,2021,3,0.6153846153846154,3.6923076923076925,0.5,2.0,0.7,1.6,0.7,1.6,5,5,5,0.3846153846153846,0.30000000000000004,0.4076923076923077,0.45999999999999996,,,,168,162.2325581395349,16.624475944912295,166.38867712576297,0.004686187228854832,14,,0.37209302325581395,0.627906976744186,0.627906976744186,,,,,,,,,
401370396,2021-10-14 01:00:00+00:00,10,14,2021,11,Mercury,91,19,Sky,86,Mortgage Matchup Center,1,2021,3,0.5714285714285714,2.4285714285714284,0.5,1.5,0.7272727272727273,2.727272727272727,0.7,2.2,5,6,6,0.4285714285714286,0.2727272727272727,0.4392857142857143,0.4318181818181819,,,,177,162.36363636363637,16.45302108271955,166.47689163431627,0.18497345680287713,5,,0.8409090909090909,0.15909090909090906,0.8636363636363636,,,,,,,,,
401370397,2021-10-16 01:00:00+00:00,10,16,2021,19,Sky,86,11,Mercury,50,Wintrust Arena,1,2021,3,0.6666666666666666,2.0833333333333335,0.7,2.5,0.6,2.6,0.6,2.9,6,6,6,0.33333333333333337,0.4,0.44791666666666674,0.43499999999999994,,,,136,162.6888888888889,16.41067034005926,166.7915564739037,0.828002529497887,36,,0.0,1.0,0.06666666666666667,,,,,,,,,
401370398,2021-10-17 19:11:00+00:00,10,17,2021,19,Sky,80,11,Mercury,74,Wintrust Arena,1,2021,3,0.6923076923076923,4.6923076923076925,0.8,9.4,0.5625,0.1875,0.6,-0.6,7,6,7,0.3076923076923077,0.4375,0.38269230769230766,0.49531250000000004,,,,154,162.1086956521739,16.697608958396884,166.28309789177314,0.23705437509468952,6,,0.7608695652173914,0.23913043478260865,0.34782608695652173,,,,,,,,,
401430475,2022-04-24 01:00:00+00:00,4,24,2022,14,Storm,81,6,Sparks,68,Climate Pledge Arena,0,2022,1,0.5,2.5,0.5,2.5,0.5,3.25,0.5,3.25,0,0,0,0.5,0.5,0.4375,0.41874999999999996,,,,149,161.93617021276594,16.55741559244172,166.0755241108764,0.4124425278442292,13,,0.40425531914893614,0.5957446808510638,0.2553191489361702,,,,,,,,,
401430476,2022-04-24 19:00:00+00:00,4,24,2022,20,Dream,88,16,Mystics,69,Gateway Center,0,2022,1,0.3333333333333333,-3.8333333333333335,0.3333333333333333,-3.8333333333333335,0.3333333333333333,-8.833333333333334,0.3333333333333333,-8.833333333333334,0,0,0,0.6666666666666667,0.6666666666666667,0.5958333333333333,0.7208333333333333,,,,157,161.66666666666666,16.48640101537373,165.7882669205101,0.13244582740375188,19,,0.25,0.75,0.3958333333333333,,,,,,,,,
401430477,2022-04-25 16:30:00+00:00,4,25,2022,19,Sky,77,3,Wings,92,Wintrust Arena,0,2022,1,0.7142857142857143,4.785714285714286,0.8,8.9,0.3333333333333333,-9.166666666666666,0.3333333333333333,-9.166666666666666,0,0,0,0.2857142857142857,0.6666666666666667,0.38035714285714284,0.7291666666666666,,,,169,161.57142857142858,16.327379867367974,165.65327353827058,0.020788525113139222,15,,0.3673469387755102,0.6326530612244898,0.673469387755102,,,,,,,,,
401430478,2022-04-27 15:30:00+00:00,4,27,2022,16,Mystics,78,8,Lynx,66,CareFirst Arena,0,2022,1,0.2857142857142857,-10.285714285714286,0.2857142857142857,-10.285714285714286,0.7142857142857143,5.142857142857143,0.7142857142857143,5.142857142857143,0,0,0,0.7142857142857143,0.2857142857142857,0.7571428571428571,0.37142857142857144,,,,144,161.72,16.194027621695742,165.76850690542395,0.5948418954414848,12,,0.44,0.56,0.14,,,,,,,,,
401430479,2022-04-29 02:00:00+00:00,4,29,2022,11,Mercury,78,14,Storm,82,Mortgage Matchup Center,0,2022,1,0.5294117647058824,-0.17647058823529413,0.5,-1.3,0.6,4.6,0.6,4.6,0,0,0,0.47058823529411764,0.4,0.5044117647058823,0.385,,,,160,161.37254901960785,16.222158653291142,165.42808868293062,0.054443621730110414,4,,0.8627450980392157,0.13725490196078427,0.4117647058823529,,,,,,,,,
401430481,2022-04-30 19:00:00+00:00,4,30,2022,5,Fever,79,19,Sky,75,Gainbridge Fieldhouse,0,2022,1,0.0,-13.0,0.0,-13.0,0.6666666666666666,3.466666666666667,0.7,5.7,0,0,0,1.0,0.33333333333333337,0.825,0.41333333333333333,,,,154,161.34615384615384,16.063458245328007,165.36201840748583,0.2213170942816779,4,,0.8653846153846154,0.13461538461538458,0.34615384615384615,,,,,,,,,
401430482,2022-05-01 17:00:00+00:00,5,1,2022,18,Sun,94,20,Dream,78,Mohegan Sun Arena,0,2022,1,0.6666666666666666,10.555555555555555,0.6666666666666666,10.555555555555555,0.42857142857142855,-0.5714285714285714,0.42857142857142855,-0.5714285714285714,0,0,0,0.33333333333333337,0.5714285714285714,0.23611111111111105,0.5142857142857143,,,,172,161.20754716981133,15.940223059154993,165.19260293460007,0.08715501112513657,16,,0.33962264150943394,0.6603773584905661,0.8113207547169812,,,,,,,,,
401430483,2022-05-01 18:00:00+00:00,5,1,2022,8,Lynx,89,17,Aces,86,Target Center,0,2022,1,0.625,3.0,0.625,3.0,0.6,2.4,0.6,2.4,0,0,0,0.375,0.4,0.42500000000000004,0.44000000000000006,,,,175,161.40740740740742,15.857286306322987,165.37172898398816,0.1683432287072334,3,,0.9259259259259259,0.07407407407407407,0.8333333333333334,,,,,,,,,
401430484,2022-05-02 18:00:00+00:00,5,2,2022,3,Wings,101,5,Fever,89,College Park Center,0,2022,1,0.42857142857142855,-5.714285714285714,0.42857142857142855,-5.714285714285714,0.125,-10.875,0.125,-10.875,0,0,0,0.5714285714285714,0.875,0.6428571428571429,0.771875,,,,190,161.65454545454546,15.816327922632,165.60862743520346,0.6955154712752671,12,,0.43636363636363634,0.5636363636363637,0.9636363636363636,,,,,,,,,
401391650,2022-05-06 23:00:00+00:00,5,6,2022,16,Mystics,84,5,Fever,70,CareFirst Arena,0,2022,2,0.375,-7.5,0.375,-7.5,0.1111111111111111,-11.0,0.1111111111111111,-11.0,0,0,0,0.625,0.8888888888888888,0.6875,0.775,,,,154,162.16071428571428,16.123136155243472,166.19149832452516,0.24864789707335244,14,,0.375,0.625,0.32142857142857145,,,,,,,,,
401391651,2022-05-07 00:00:00+00:00,5,7,2022,19,Sky,91,6,Sparks,98,Wintrust Arena,0,2022,2,0.625,3.0,0.6,4.0,0.4,0.0,0.4,0.0,0,0,0,0.375,0.6,0.42500000000000004,0.5,,,,189,162.01754385964912,16.015050095892132,166.02130638362215,0.6427617575540733,7,,0.6666666666666666,0.33333333333333337,0.9473684210526315,,,,,,,,,
401391652,2022-05-07 02:00:00+00:00,5,7,2022,11,Mercury,88,17,Aces,106,Mortgage Matchup Center,0,2022,2,0.5,-0.3888888888888889,0.4,-2.2,0.5454545454545454,1.9090909090909092,0.6,2.9,0,0,0,0.5,0.4545454545454546,0.5097222222222222,0.45227272727272727,,,,194,162.48275862068965,16.264525361625505,166.54888996109602,0.7593275131578535,18,,0.25862068965517243,0.7413793103448276,0.9655172413793104,,,,,,,,,
401391653,2022-05-07 02:00:00+00:00,5,7,2022,14,Storm,97,8,Lynx,74,Climate Pledge Arena,0,2022,2,0.6666666666666666,4.5,0.6666666666666666,4.5,0.6666666666666666,3.0,0.6666666666666666,3.0,0,0,0,0.33333333333333337,0.33333333333333337,0.38749999999999996,0.42500000000000004,,,,171,163.01694915254237,16.637609581932676,167.17635154802554,0.026062864230584126,23,,0.13559322033898305,0.864406779661017,0.6949152542372882,,,,,,,,,
401391654,2022-05-07 22:00:00+00:00,5,7,2022,9,Liberty,81,18,Sun,79,Barclays Center,0,2022,2,0.25,-5.0,0.25,-5.0,0.7,11.1,0.7,11.1,0,0,0,0.75,0.30000000000000004,0.625,0.22249999999999992,,,,160,163.15,16.528173174146506,167.28204329353665,0.09249571196757145,2,,0.9333333333333333,0.06666666666666665,0.38333333333333336,,,,,,,,,
401391655,2022-05-08 00:00:00+00:00,5,8,2022,3,Wings,59,20,Dream,66,College Park Center,0,2022,2,0.5,-3.5,0.5,-3.5,0.375,-2.5,0.375,-2.5,0,0,0,0.5,0.625,0.5875,0.5625,,,,125,163.0983606557377,16.39482125350643,167.1970659691143,0.9635653486998234,7,,0.6721311475409836,0.3278688524590164,0.0,,,,,,,,,
401391656,2022-05-08 19:00:00+00:00,5,8,2022,5,Fever,77,6,Sparks,87,Gainbridge Fieldhouse,0,2022,2,0.1,-11.3,0.1,-11.3,0.5,1.1666666666666667,0.5,1.1666666666666667,0,0,0,0.9,0.5,0.7825,0.4708333333333333,,,,164,162.48387096774192,16.964516425670613,166.72500007415957,0.01281804194798608,10,,0.5483870967741935,0.4516129032258065,0.4838709677419355,,,,,,,,,
401391658,2022-05-09 00:00:00+00:00,5,9,2022,8,Lynx,66,16,Mystics,78,Target Center,0,2022,2,0.6,0.4,0.6,0.4,0.4444444444444444,-5.111111111111111,0.4444444444444444,-5.111111111111111,0,0,0,0.4,0.5555555555555556,0.49,0.6277777777777778,,,,144,162.5079365079365,16.82823377912655,166.71499495271814,0.5978779668882421,12,,0.4444444444444444,0.5555555555555556,0.12698412698412698,,,,,,,,,
401391657,2022-05-09 02:00:00+00:00,5,9,2022,17,Aces,85,14,Storm,74,Michelob ULTRA Arena,0,2022,2,0.5833333333333334,3.25,0.6,2.6,0.7142857142857143,7.142857142857143,0.7142857142857143,7.142857142857143,0,0,0,0.41666666666666663,0.2857142857142857,0.41874999999999996,0.3214285714285714,,,,159,162.21875,16.853682890814305,166.43217072270357,0.0926550309494707,11,,0.5,0.5,0.390625,,,,,,,,,
401391659,2022-05-10 23:00:00+00:00,5,10,2022,16,Mystics,89,17,Aces,76,CareFirst Arena,0,2022,2,0.5,-3.4,0.5,-3.4,0.6153846153846154,3.8461538461538463,0.6,2.7,0,0,0,0.5,0.3846153846153846,0.585,0.40384615384615385,,,,165,162.16923076923078,16.72626044462833,166.35079588038786,0.003255695829484928,13,,0.4,0.6,0.5076923076923077,,,,,,,,,
401391660,2022-05-10 23:00:00+00:00,5,10,2022,5,Fever,82,8,Lynx,76,Gainbridge Fieldhouse,0,2022,2,0.09090909090909091,-11.181818181818182,0.1,-10.1,0.5454545454545454,-0.7272727272727273,0.5,-2.6,0,0,0,0.9090909090909091,0.4545454545454546,0.7795454545454545,0.5181818181818182,,,,158,162.21212121212122,16.60075545224016,166.36231007518126,0.1191538561259663,6,,0.7727272727272727,0.2272727272727273,0.3787878787878788,,,,,,,,,
401391661,2022-05-11 23:00:00+00:00,5,11,2022,20,Dream,77,6,Sparks,75,Gateway Center,0,2022,2,0.4444444444444444,-1.4444444444444444,0.4444444444444444,-1.4444444444444444,0.5714285714285714,2.4285714285714284,0.5714285714285714,2.4285714285714284,0,0,0,0.5555555555555556,0.4285714285714286,0.5361111111111111,0.4392857142857143,,,,152,162.1492537313433,16.482546996603737,166.26989048049424,0.31255133333706253,2,,0.9402985074626866,0.05970149253731338,0.26865671641791045,,,,,,,,,
401391662,2022-05-12 00:00:00+00:00,5,12,2022,19,Sky,83,9,Liberty,50,Wintrust Arena,0,2022,2,0.5882352941176471,2.411764705882353,0.5,2.7,0.4,-3.6,0.4,-3.6,0,0,0,0.4117647058823529,0.6,0.43970588235294117,0.5900000000000001,,,,133,162.0,16.405314028027895,166.10132850700697,0.8693974828302904,33,,0.04411764705882353,0.9558823529411765,0.029411764705882353,,,,,,,,,
401391663,2022-05-12 02:00:00+00:00,5,12,2022,11,Mercury,97,14,Storm,77,Mortgage Matchup Center,0,2022,2,0.47368421052631576,-1.3157894736842106,0.4,-3.4,0.625,4.875,0.625,4.875,0,0,0,0.5263157894736843,0.375,0.5328947368421053,0.37812500000000004,,,,174,161.57971014492753,16.654275018304958,165.74327889950376,0.11564337386642276,20,,0.18840579710144928,0.8115942028985508,0.8115942028985508,,,,,,,,,
401391664,2022-05-13 23:00:00+00:00,5,13,2022,16,Mystics,86,3,Wings,94,CareFirst Arena,0,2022,2,0.5454545454545454,-1.9090909090909092,0.6,-0.3,0.4444444444444444,-3.888888888888889,0.4444444444444444,-3.888888888888889,0,0,0,0.4545454545454546,0.5555555555555556,0.5477272727272727,0.5972222222222222,,,,180,161.75714285714287,16.599664493104786,165.90705898041907,0.30259682617416805,8,,0.6428571428571429,0.3571428571428571,0.8857142857142857,,,,,,,,,
401391665,2022-05-13 23:30:00+00:00,5,13,2022,20,Dream,73,17,Aces,96,Gateway Center,0,2022,2,0.5,-1.1,0.5,-1.1,0.5714285714285714,2.642857142857143,0.5,-1.9,0,0,0,0.5,0.4285714285714286,0.5275000000000001,0.43392857142857144,,,,169,162.01408450704224,16.622268160294983,166.169651547116,0.014392131938979813,23,,0.14084507042253522,0.8591549295774648,0.647887323943662,,,,,,,,,
401391666,2022-05-14 00:00:00+00:00,5,14,2022,9,Liberty,86,5,Fever,92,Barclays Center,0,2022,2,0.3333333333333333,-8.5,0.3333333333333333,-8.5,0.16666666666666666,-9.75,0.2,-9.0,0,0,0,0.6666666666666667,0.8333333333333334,0.7125,0.74375,,,,178,162.11111111111111,16.525316093421036,166.24244013446636,0.2236155101550702,6,,0.7777777777777778,0.2222222222222222,0.8611111111111112,,,,,,,,,
401391667,2022-05-14 19:00:00+00:00,5,14,2022,14,Storm,64,11,Mercury,69,Climate Pledge Arena,0,2022,2,0.5555555555555556,2.111111111111111,0.5555555555555556,2.111111111111111,0.5,-0.25,0.4,-4.0,0,0,0,0.4444444444444444,0.5,0.4472222222222222,0.50625,,,,133,162.32876712328766,16.515190645887653,166.45756478475957,0.8715308803812692,5,,0.8356164383561644,0.1643835616438356,0.0273972602739726,,,,,,,,,
401391668,2022-05-14 23:00:00+00:00,5,14,2022,18,Sun,77,6,Sparks,60,Mohegan Sun Arena,0,2022,2,0.6363636363636364,9.909090909090908,0.6,8.2,0.5,1.875,0.5,1.875,0,0,0,0.36363636363636365,0.5,0.2522727272727273,0.453125,,,,137,161.93243243243242,16.752289625625846,166.12050483883888,0.7792762639225623,17,,0.3108108108108108,0.6891891891891893,0.0945945945945946,,,,,,,,,
401391669,2022-05-15 00:00:00+00:00,5,15,2022,8,Lynx,78,19,Sky,82,Target Center,0,2022,2,0.5,-1.1666666666666667,0.5,-1.1,0.6111111111111112,4.111111111111111,0.6,7.1,0,0,0,0.5,0.38888888888888884,0.5291666666666667,0.39722222222222225,,,,160,161.6,16.88594489909093,165.82148622477274,0.05769609464867986,4,,0.8666666666666667,0.1333333333333333,0.41333333333333333,,,,,,,,,
401391670,2022-05-15 18:00:00+00:00,5,15,2022,9,Liberty,71,3,Wings,81,Barclays Center,0,2022,2,0.2857142857142857,-8.142857142857142,0.2857142857142857,-8.142857142857142,0.5,-2.7,0.5,-2.7,0,0,0,0.7142857142857143,0.5,0.7035714285714285,0.5675,,,,152,161.57894736842104,16.773998257537155,165.77244693280534,0.28614053994493016,10,,0.5526315789473685,0.4473684210526315,0.27631578947368424,,,,,,,,,
401391671,2022-05-15 19:00:00+00:00,5,15,2022,5,Fever,79,20,Dream,85,Gainbridge Fieldhouse,0,2022,2,0.23076923076923078,-8.538461538461538,0.3,-6.7,0.45454545454545453,-3.090909090909091,0.4,-3.9,0,0,0,0.7692307692307692,0.5454545454545454,0.7134615384615385,0.5772727272727273,,,,164,161.45454545454547,16.698995758132984,165.62929439407873,0.0047484870203232665,6,,0.7662337662337663,0.23376623376623373,0.5064935064935064,,,,,,,,,
401391673,2022-05-17 23:00:00+00:00,5,17,2022,5,Fever,79,20,Dream,101,Gainbridge Fieldhouse,0,2022,2,0.21428571428571427,-8.357142857142858,0.3,-6.3,0.5,-2.3333333333333335,0.5,-3.2,0,0,0,0.7857142857142857,0.5,0.7089285714285715,0.5583333333333333,,,,180,161.48717948717947,16.592709703903555,165.63535691315536,0.31252903743996585,22,,0.15384615384615385,0.8461538461538461,0.8846153846153846,,,,,,,,,
401391672,2022-05-17 23:00:00+00:00,5,17,2022,9,Liberty,65,18,Sun,92,Barclays Center,0,2022,2,0.25,-8.375,0.25,-8.375,0.6666666666666666,10.5,0.6,8.1,0,0,0,0.75,0.33333333333333337,0.709375,0.23750000000000004,,,,157,161.72151898734177,16.61705696802177,165.8757832293472,0.13294347810342433,27,,0.10126582278481013,0.8987341772151899,0.3670886075949367,,,,,,,,,
401391674,2022-05-18 00:00:00+00:00,5,18,2022,3,Wings,68,16,Mystics,84,College Park Center,0,2022,2,0.5454545454545454,-1.5454545454545454,0.6,-1.2,0.5,-2.4166666666666665,0.6,2.3,0,0,0,0.4545454545454546,0.5,0.5386363636363637,0.5604166666666667,,,,152,161.6625,16.51998693566161,165.79249673391539,0.2942731153875128,16,,0.3375,0.6625,0.2625,,,,,,,,,
401391675,2022-05-18 02:00:00+00:00,5,18,2022,17,Aces,86,11,Mercury,74,Michelob ULTRA Arena,0,2022,2,0.6,4.0,0.5,0.3,0.5238095238095238,0.0,0.4,-6.2,0,0,0,0.4,0.47619047619047616,0.4,0.5,,,,160,161.54320987654322,16.451481227169214,165.65608018333552,0.0573879619535993,12,,0.4567901234567901,0.5432098765432098,0.41975308641975306,,,,,,,,,
401391676,2022-05-18 02:30:00+00:00,5,18,2022,6,Sparks,84,8,Lynx,87,crypto.com Arena,0,2022,2,0.4444444444444444,-0.2222222222222222,0.4444444444444444,-0.2222222222222222,0.46153846153846156,-1.3846153846153846,0.4,-3.2,0,0,0,0.5555555555555556,0.5384615384615384,0.5055555555555555,0.5346153846153846,,,,171,161.52439024390245,16.350501641986245,165.61201565439902,0.052847422212248696,3,,0.926829268292683,0.07317073170731703,0.7195121951219512,,,,,,,,,
401391677,2022-05-19 02:00:00+00:00,5,19,2022,14,Storm,74,19,Sky,71,Climate Pledge Arena,0,2022,2,0.5,1.4,0.5,1.4,0.631578947368421,4.105263157894737,0.6,7.2,0,0,0,0.5,0.368421052631579,0.4650000000000001,0.3973684210526316,,,,145,161.63855421686748,16.283747930519787,165.70949119949742,0.554573757542216,3,,0.927710843373494,0.07228915662650603,0.1566265060240964,,,,,,,,,
401391678,2022-05-20 02:00:00+00:00,5,20,2022,17,Aces,93,8,Lynx,87,Michelob ULTRA Arena,0,2022,2,0.625,4.5,0.5,0.9,0.5,-1.0714285714285714,0.4,-3.9,0,0,0,0.375,0.5,0.38749999999999996,0.5267857142857143,,,,180,161.4404761904762,16.286849740490197,165.51218862559875,0.3267517126792502,6,,0.7619047619047619,0.23809523809523814,0.8809523809523809,,,,,,,,,
401391679,2022-05-20 02:00:00+00:00,5,20,2022,11,Mercury,84,3,Wings,94,Mortgage Matchup Center,0,2022,2,0.5,-0.5454545454545454,0.4,-5.7,0.5,-2.75,0.6,-0.1,0,0,0,0.5,0.5,0.5136363636363637,0.56875,,,,178,161.65882352941176,16.314288902951407,165.7373957551496,0.24609388343662209,10,,0.5529411764705883,0.44705882352941173,0.8470588235294118,,,,,,,,,
401391680,2022-05-20 23:00:00+00:00,5,20,2022,18,Sun,94,5,Fever,85,Mohegan Sun Arena,0,2022,2,0.6923076923076923,11.76923076923077,0.6,9.9,0.2,-9.266666666666667,0.3,-7.8,0,0,0,0.3076923076923077,0.8,0.2057692307692307,0.7316666666666667,,,,179,161.84883720930233,16.313485898526487,165.92720868393394,0.27463470722196304,9,,0.5813953488372093,0.41860465116279066,0.8604651162790697,,,,,,,,,
401391681,2022-05-20 23:30:00+00:00,5,20,2022,20,Dream,73,16,Mystics,78,Gateway Center,0,2022,2,0.5384615384615384,-0.46153846153846156,0.6,-0.2,0.5384615384615384,-1.0,0.6,3.1,0,0,0,0.46153846153846156,0.46153846153846156,0.5115384615384615,0.525,,,,151,162.04597701149424,16.32226902686976,166.1265442682117,0.349117438465427,5,,0.8275862068965517,0.1724137931034483,0.2413793103448276,,,,,,,,,
401391682,2022-05-21 02:00:00+00:00,5,21,2022,14,Storm,83,6,Sparks,80,Climate Pledge Arena,0,2022,2,0.5454545454545454,1.5454545454545454,0.5,-1.7,0.4,-0.5,0.4,-0.5,0,0,0,0.4545454545454546,0.6,0.4613636363636363,0.5125,,,,163,161.92045454545453,16.270855116673957,165.98816832462302,0.01672255178888793,3,,0.9318181818181818,0.06818181818181823,0.48863636363636365,,,,,,,,,
401391683,2022-05-21 19:00:00+00:00,5,21,2022,17,Aces,100,11,Mercury,80,Michelob ULTRA Arena,0,2022,2,0.6470588235294118,4.588235294117647,0.6,4.1,0.4782608695652174,-0.9565217391304348,0.3,-7.0,0,0,0,0.3529411764705882,0.5217391304347826,0.3852941176470589,0.5239130434782608,,,,180,161.93258426966293,16.178547631753954,165.97722117760142,0.3131428870582995,20,,0.19101123595505617,0.8089887640449438,0.8764044943820225,,,,,,,,,
401391684,2022-05-22 00:00:00+00:00,5,22,2022,3,Wings,94,8,Lynx,78,College Park Center,0,2022,2,0.5384615384615384,-1.7692307692307692,0.6,0.8,0.4666666666666667,-1.4,0.3,-6.4,0,0,0,0.46153846153846156,0.5333333333333333,0.5442307692307693,0.5349999999999999,,,,172,162.13333333333333,16.199736438416437,166.18326744293745,0.06242944481059176,16,,0.32222222222222224,0.6777777777777778,0.7444444444444445,,,,,,,,,
401391685,2022-05-22 18:00:00+00:00,5,22,2022,5,Fever,70,18,Sun,92,Gainbridge Fieldhouse,0,2022,2,0.1875,-9.25,0.3,-6.8,0.7142857142857143,11.571428571428571,0.6,7.9,0,0,0,0.8125,0.2857142857142857,0.73125,0.21071428571428574,,,,162,162.24175824175825,16.142656162643988,166.27742228241925,0.034497160226747314,22,,0.15384615384615385,0.8461538461538461,0.4725274725274725,,,,,,,,,
401391686,2022-05-22 19:00:00+00:00,5,22,2022,16,Mystics,73,19,Sky,82,CareFirst Arena,0,2022,2,0.5714285714285714,-0.5714285714285714,0.6,2.8,0.6,3.75,0.5,5.9,0,0,0,0.4285714285714286,0.4,0.5142857142857143,0.40625,,,,155,162.2391304347826,16.05373501795628,166.25256418927165,0.2178058477509408,9,,0.5869565217391305,0.4130434782608695,0.33695652173913043,,,,,,,,,
401391687,2022-05-24 02:00:00+00:00,5,24,2022,17,Aces,104,6,Sparks,76,Michelob ULTRA Arena,0,2022,2,0.6666666666666666,5.444444444444445,0.7,8.8,0.36363636363636365,-0.7272727272727273,0.4,1.0,0,0,0,0.33333333333333337,0.6363636363636364,0.36388888888888893,0.5181818181818182,,,,180,162.16129032258064,15.983884766539514,166.15726151421552,0.3127214542638752,28,,0.06451612903225806,0.935483870967742,0.8709677419354839,,,,,,,,,
401391688,2022-05-24 23:00:00+00:00,5,24,2022,18,Sun,77,3,Wings,85,Mohegan Sun Arena,0,2022,2,0.7333333333333333,12.266666666666667,0.6,8.1,0.5714285714285714,-0.5,0.7,3.4,0,0,0,0.2666666666666667,0.4285714285714286,0.19333333333333336,0.5125,,,,162,162.35106382978722,16.003835190090555,166.35202262730985,0.036299441835619284,8,,0.6382978723404256,0.36170212765957444,0.46808510638297873,,,,,,,,,
401391689,2022-05-24 23:00:00+00:00,5,24,2022,16,Mystics,70,20,Dream,50,CareFirst Arena,0,2022,2,0.5333333333333333,-1.1333333333333333,0.6,3.0,0.5,-0.7857142857142857,0.5,-1.4,0,0,0,0.4666666666666667,0.5,0.5283333333333333,0.5196428571428571,,,,120,162.34736842105264,15.918521542765921,166.32699880674411,0.9855172898098977,20,,0.21052631578947367,0.7894736842105263,0.0,,,,,,,,,
401391690,2022-05-25 00:00:00+00:00,5,25,2022,19,Sky,95,5,Fever,90,Wintrust Arena,0,2022,2,0.6190476190476191,4.0,0.5,5.4,0.17647058823529413,-10.0,0.3,-7.9,0,0,0,0.38095238095238093,0.8235294117647058,0.4,0.75,,,,185,161.90625,16.413779913616228,166.00969497840407,0.4879298246349828,5,,0.8333333333333334,0.16666666666666663,0.9270833333333334,,,,,,,,,
401391691,2022-05-25 00:00:00+00:00,5,25,2022,8,Lynx,84,9,Liberty,78,Target Center,0,2022,2,0.4375,-2.3125,0.2,-8.6,0.2222222222222222,-10.444444444444445,0.2222222222222222,-10.444444444444445,0,0,0,0.5625,0.7777777777777778,0.5578125,0.7611111111111111,,,,162,162.1443298969072,16.49557370599866,166.2682233234069,0.03292157094764869,6,,0.7628865979381443,0.23711340206185572,0.4639175257731959,,,,,,,,,
401391692,2022-05-26 02:30:00+00:00,5,26,2022,6,Sparks,99,11,Mercury,94,crypto.com Arena,0,2022,2,0.3333333333333333,-3.0,0.3,-4.6,0.4583333333333333,-1.75,0.3,-7.6,0,0,0,0.6666666666666667,0.5416666666666667,0.575,0.54375,,,,193,162.14285714285714,16.410331168875445,166.245439935076,0.7352629582237601,5,,0.8367346938775511,0.16326530612244894,0.9693877551020408,,,,,,,,,
401391693,2022-05-26 23:00:00+00:00,5,26,2022,18,Sun,99,3,Wings,68,Mohegan Sun Arena,0,2022,2,0.6875,11.0,0.6,7.9,0.6,0.06666666666666667,0.7,3.9,0,0,0,0.3125,0.4,0.22499999999999998,0.4983333333333333,,,,167,162.45454545454547,16.61832817009073,166.60912749706816,0.0002765702859042207,31,,0.04040404040404041,0.9595959595959596,0.5757575757575758,,,,,,,,,
401391694,2022-05-27 23:00:00+00:00,5,27,2022,5,Fever,101,6,Sparks,96,Corteva Coliseum,0,2022,2,0.16666666666666666,-9.722222222222221,0.2,-8.8,0.38461538461538464,-2.3846153846153846,0.3,-4.7,0,0,0,0.8333333333333334,0.6153846153846154,0.7430555555555556,0.5596153846153846,,,,197,162.5,16.54043102781359,166.6351077569534,0.8145699162809492,5,,0.84,0.16000000000000003,0.99,,,,,,,,,
401391695,2022-05-28 02:00:00+00:00,5,28,2022,14,Storm,79,9,Liberty,71,Climate Pledge Arena,0,2022,2,0.5833333333333334,1.6666666666666667,0.6,1.4,0.2,-10.0,0.2,-10.0,0,0,0,0.41666666666666663,0.8,0.45833333333333326,0.75,,,,150,162.84158415841586,16.811741535764416,167.04451954235697,0.40186692399338053,8,,0.6237623762376238,0.37623762376237624,0.2079207920792079,,,,,,,,,
401391696,2022-05-28 19:00:00+00:00,5,28,2022,19,Sky,76,17,Aces,83,Wintrust Arena,0,2022,2,0.6363636363636364,4.045454545454546,0.6,6.4,0.6842105263157895,6.631578947368421,0.7,9.9,0,0,0,0.36363636363636365,0.3157894736842105,0.3988636363636363,0.3342105263157895,,,,159,162.7156862745098,16.776561591437467,166.90982667236918,0.10519286196672273,7,,0.6568627450980392,0.3431372549019608,0.37254901960784315,,,,,,,,,
401391697,2022-05-28 23:00:00+00:00,5,28,2022,18,Sun,79,16,Mystics,71,Mohegan Sun Arena,0,2022,2,0.7058823529411765,12.176470588235293,0.6,9.9,0.5625,0.1875,0.7,5.6,0,0,0,0.2941176470588235,0.4375,0.19558823529411773,0.49531250000000004,,,,150,162.67961165048544,16.69813515021258,166.85414543803859,0.3991359776155331,8,,0.6213592233009708,0.3786407766990292,0.20388349514563106,,,,,,,,,
401391698,2022-05-29 16:00:00+00:00,5,29,2022,20,Dream,81,11,Mercury,54,Gateway Center,0,2022,2,0.4666666666666667,-2.066666666666667,0.5,-2.8,0.44,-1.88,0.2,-8.6,0,0,0,0.5333333333333333,0.56,0.5516666666666666,0.5469999999999999,,,,135,162.55769230769232,16.6633292650559,166.7235246239563,0.8367076822006299,27,,0.10576923076923077,0.8942307692307693,0.0673076923076923,,,,,,,,,
401391699,2022-05-29 22:00:00+00:00,5,29,2022,14,Storm,92,9,Liberty,61,Climate Pledge Arena,0,2022,2,0.6153846153846154,2.1538461538461537,0.6,1.3,0.18181818181818182,-9.818181818181818,0.2,-10.7,0,0,0,0.3846153846153846,0.8181818181818181,0.4461538461538461,0.7454545454545455,0.3238095238095238,0.8761904761904762,0.6,153,162.2952380952381,16.79968166452281,166.4951585113688,0.27576851916355727,31,0.6761904761904762,0.047619047619047616,0.9523809523809523,0.29523809523809524,0.3404761904761905,0.2889342403628118,0.19,0.35339768923442394,0.31,0.5,0.6476341138791711,,
401391700,2022-05-29 23:00:00+00:00,5,29,2022,8,Lynx,83,6,Sparks,85,Target Center,0,2022,2,0.47058823529411764,-1.8235294117647058,0.3,-6.7,0.35714285714285715,-2.5714285714285716,0.3,-4.9,0,0,0,0.5294117647058824,0.6428571428571428,0.5455882352941177,0.5642857142857143,0.6886792452830188,0.7452830188679245,0.7169811320754716,168,162.20754716981133,16.743850032962108,166.39350967805186,0.00459215452296835,2,0.3113207547169812,0.9622641509433962,0.037735849056603765,0.6226415094339622,0.15754716981132075,0.2153818084727661,0.20754716981132076,0.6467423443513773,0.32169811320754715,0.47075471698113214,0.35061489002737295,,
401391701,2022-05-31 23:00:00+00:00,5,31,2022,5,Fever,75,16,Mystics,87,Corteva Coliseum,0,2022,2,0.21052631578947367,-8.947368421052632,0.3,-7.1,0.5294117647058824,-0.29411764705882354,0.7,6.7,0,0,0,0.7894736842105263,0.47058823529411764,0.7236842105263158,0.5073529411764706,0.794392523364486,0.308411214953271,0.5514018691588785,162,162.26168224299064,16.674088161314412,166.43020428331926,0.034680975104142475,12,0.691588785046729,0.42990654205607476,0.5700934579439252,0.4672897196261682,0.26401869158878505,0.32809634029172857,0.18271028037383177,0.5142435816538685,0.30514018691588785,0.5121495327102804,0.46269520462674474,,
401391702,2022-05-31 23:00:00+00:00,5,31,2022,19,Sky,73,11,Mercury,70,Wintrust Arena,0,2022,2,0.6086956521739131,3.5652173913043477,0.5,2.1,0.4230769230769231,-2.8461538461538463,0.2,-7.7,0,0,0,0.3913043478260869,0.5769230769230769,0.41086956521739126,0.5711538461538461,0.37037037037037035,0.7685185185185185,0.5694444444444444,143,162.25925925925927,16.596008060926117,166.4082612744908,0.6301731815426588,3,0.6296296296296297,0.9351851851851852,0.06481481481481477,0.1111111111111111,0.16296296296296295,0.3472153635116598,0.18541666666666667,0.48174160443021896,0.30694444444444446,0.5076388888888889,0.4258113031311992,,
401391703,2022-06-01 01:00:00+00:00,6,1,2022,17,Aces,89,18,Sun,81,Michelob ULTRA Arena,0,2022,2,0.7,6.65,0.8,10.9,0.7222222222222222,11.944444444444445,0.7,11.0,0,0,0,0.30000000000000004,0.2777777777777778,0.33375,0.20138888888888895,0.09174311926605505,0.09174311926605505,0.09174311926605505,170,162.08256880733944,16.62167730113577,166.23798813262337,0.025287780329692366,8,0.908256880733945,0.6238532110091743,0.37614678899082565,0.6880733944954128,0.22522935779816514,0.42932244760542043,0.11376146788990826,0.7100940133386975,0.2591743119266055,0.6270642201834862,0.15789318776985206,,
401391704,2022-06-01 02:30:00+00:00,6,1,2022,6,Sparks,93,3,Wings,91,crypto.com Arena,0,2022,2,0.4,-2.2666666666666666,0.4,-3.4,0.5625,-1.875,0.7,2.5,0,0,0,0.6,0.4375,0.5566666666666666,0.546875,0.6636363636363637,0.38181818181818183,0.5227272727272727,184,162.15454545454546,16.562467996097926,166.29516245356993,0.43523866519469334,2,0.6181818181818182,0.9636363636363636,0.036363636363636376,0.9090909090909091,0.15727272727272726,0.34475206611570247,0.1784090909090909,0.8821435011269723,0.30227272727272725,0.5193181818181818,0.36010404698256565,,
401391705,2022-06-01 23:00:00+00:00,6,1,2022,20,Dream,84,8,Lynx,76,Gateway Center,0,2022,2,0.5,-0.25,0.6,1.9,0.4444444444444444,-1.8333333333333333,0.3,-5.7,0,0,0,0.5,0.5555555555555556,0.50625,0.5458333333333333,0.45045045045045046,0.7117117117117117,0.581081081081081,160,162.35135135135135,16.616885524095196,166.50557273237516,0.07377453098860653,8,0.5495495495495495,0.6216216216216216,0.3783783783783784,0.3963963963963964,0.22567567567567567,0.29019722425127825,0.18716216216216214,0.49631907290782384,0.3081081081081081,0.5047297297297297,0.42367814404861626,,
401391706,2022-06-01 23:00:00+00:00,6,1,2022,9,Liberty,87,5,Fever,74,Barclays Center,0,2022,2,0.16666666666666666,-11.583333333333334,0.2,-10.9,0.2,-9.1,0.3,-6.9,0,0,0,0.8333333333333334,0.8,0.7895833333333333,0.7275,0.8482142857142857,0.8125,0.8303571428571428,161,162.33035714285714,16.543357390359844,166.4661964904471,0.053124343214213554,13,0.1875,0.375,0.625,0.45535714285714285,0.275,0.14046875,0.2245535714285714,0.37040876116071425,0.33303571428571427,0.4424107142857144,0.5874354791107937,,
401391707,2022-06-03 02:00:00+00:00,6,3,2022,17,Aces,90,18,Sun,97,Michelob ULTRA Arena,0,2022,2,0.7142857142857143,6.714285714285714,0.9,12.0,0.6842105263157895,10.894736842105264,0.7,11.2,0,0,0,0.2857142857142857,0.3157894736842105,0.3321428571428571,0.2276315789473684,0.07964601769911504,0.10619469026548672,0.09292035398230089,187,162.31858407079645,16.469813017590297,166.43603732519404,0.5413566293557666,7,0.9203539823008849,0.6637168141592921,0.33628318584070793,0.9380530973451328,0.2172566371681416,0.43847482183412956,0.11393805309734514,0.8139182942372186,0.2592920353982301,0.6267699115044247,0.2071163541494221,,
401391708,2022-06-03 23:00:00+00:00,6,3,2022,16,Mystics,70,9,Liberty,74,CareFirst Arena,0,2022,2,0.5555555555555556,0.3888888888888889,0.7,6.7,0.23076923076923078,-9.692307692307692,0.2,-10.7,0,0,0,0.4444444444444444,0.7692307692307692,0.4902777777777778,0.7423076923076923,0.2543859649122807,0.8596491228070176,0.5570175438596492,144,162.53508771929825,16.558921251128854,166.67481803208045,0.6084131970157811,4,0.7456140350877193,0.8596491228070176,0.14035087719298245,0.12280701754385964,0.1780701754385965,0.388614188981225,0.18355263157894738,0.5200576695663442,0.3057017543859649,0.5107456140350877,0.4390756202540239,,
401391709,2022-06-03 23:30:00+00:00,6,3,2022,20,Dream,65,19,Sky,73,Gateway Center,0,2022,2,0.5294117647058824,0.23529411764705882,0.6,0.8,0.625,3.5416666666666665,0.5,1.8,0,0,0,0.47058823529411764,0.375,0.49411764705882355,0.41145833333333326,0.4434782608695652,0.4,0.4217391304347826,138,162.37391304347827,16.576489835171078,166.51803550227103,0.7723331089244603,8,0.6,0.6173913043478261,0.3826086956521739,0.08695652173913043,0.22652173913043477,0.3093913043478261,0.1632608695652174,0.36728393194706993,0.2921739130434783,0.5445652173913044,0.46754451597780916,,
401391710,2022-06-04 02:00:00+00:00,6,4,2022,11,Mercury,88,18,Sun,92,Mortgage Matchup Center,0,2022,2,0.4074074074074074,-2.8518518518518516,0.2,-7.4,0.7,10.7,0.7,10.3,0,0,0,0.5925925925925926,0.30000000000000004,0.5712962962962963,0.23250000000000004,0.7327586206896551,0.11206896551724138,0.4224137931034483,180,162.16379310344828,16.65869349515493,166.32846647723701,0.2859209595544232,4,0.8879310344827587,0.8620689655172413,0.13793103448275867,0.8448275862068966,0.17758620689655175,0.447364744351962,0.16336206896551725,0.8601953493378163,0.29224137931034483,0.5443965517241378,0.31697840764659135,,
401391711,2022-06-04 02:00:00+00:00,6,4,2022,14,Storm,51,3,Wings,68,Climate Pledge Arena,0,2022,2,0.6428571428571429,4.214285714285714,0.7,4.9,0.5294117647058824,-1.8823529411764706,0.6,0.8,0,0,0,0.3571428571428571,0.47058823529411764,0.3946428571428571,0.5470588235294118,0.18803418803418803,0.47863247863247865,0.33333333333333337,119,162.31623931623932,16.668496804911275,166.48336351746713,0.9827080553529369,17,0.811965811965812,0.28205128205128205,0.717948717948718,0.0,0.2935897435897436,0.35743151435459125,0.15000000000000002,0.3391988514079244,0.2833333333333333,0.5666666666666667,0.5397139006106328,,
401391712,2022-06-05 18:00:00+00:00,6,5,2022,9,Liberty,77,8,Lynx,84,Barclays Center,0,2022,2,0.2857142857142857,-8.714285714285714,0.3,-10.2,0.42105263157894735,-2.1578947368421053,0.2,-6.8,0,0,0,0.7142857142857143,0.5789473684210527,0.7178571428571429,0.5539473684210526,0.7966101694915254,0.7542372881355932,0.7754237288135593,161,161.94915254237287,17.06941457126142,166.21650618518822,0.04562380098899799,7,0.2457627118644068,0.6610169491525424,0.3389830508474576,0.4576271186440678,0.21779661016949153,0.17433855214018962,0.2163135593220339,0.4469424576027734,0.3275423728813559,0.4561440677966102,0.47460529354990033,,
401391713,2022-06-05 19:00:00+00:00,6,5,2022,20,Dream,75,5,Fever,66,Gateway Center,0,2022,2,0.5,-0.2222222222222222,0.6,1.6,0.19047619047619047,-9.285714285714286,0.3,-7.2,0,0,0,0.5,0.8095238095238095,0.5055555555555555,0.7321428571428572,0.46218487394957986,0.8151260504201681,0.6386554621848739,141,161.94117647058823,16.997155354047074,166.1904653091,0.6665363397736795,9,0.5378151260504201,0.5294117647058824,0.47058823529411764,0.1092436974789916,0.24411764705882352,0.2788507167572912,0.1957983193277311,0.3310297129232316,0.3138655462184874,0.49033613445378155,0.5913639791886506,,
401391714,2022-06-05 22:00:00+00:00,6,5,2022,19,Sky,91,16,Mystics,82,Wintrust Arena,0,2022,2,0.64,3.72,0.6,4.1,0.5263157894736842,0.15789473684210525,0.6,4.9,0,0,0,0.36,0.4736842105263158,0.40700000000000003,0.4960526315789473,0.25,0.4,0.325,173,161.76666666666668,17.033202047436514,166.0249671785258,0.08042493396219186,9,0.75,0.5333333333333333,0.4666666666666667,0.7583333333333333,0.24333333333333335,0.3594166666666666,0.14875,0.6754368055555555,0.2825,0.5687500000000001,0.3286402922602094,,
401391715,2022-06-05 22:00:00+00:00,6,5,2022,17,Aces,84,3,Wings,78,Michelob ULTRA Arena,0,2022,2,0.6818181818181818,6.090909090909091,0.8,9.5,0.5555555555555556,-0.8333333333333334,0.6,1.3,0,0,0,0.31818181818181823,0.4444444444444444,0.3477272727272728,0.5208333333333333,0.09917355371900827,0.4380165289256198,0.26859504132231404,162,161.8595041322314,16.99279542684878,166.1077029889436,0.028794492571394326,6,0.9008264462809917,0.7520661157024794,0.2479338842975206,0.4793388429752066,0.19958677685950413,0.4405580219930333,0.14028925619834712,0.6836143830215273,0.2768595041322314,0.5828512396694214,0.22923336301340955,,
401391716,2022-06-05 22:00:00+00:00,6,5,2022,11,Mercury,81,6,Sparks,74,Mortgage Matchup Center,0,2022,2,0.39285714285714285,-2.892857142857143,0.2,-7.4,0.4375,-2.0,0.4,-3.9,0,0,0,0.6071428571428572,0.5625,0.5723214285714285,0.55,0.7377049180327869,0.6475409836065574,0.6926229508196722,155,161.86065573770492,16.922436362977297,166.09126482844925,0.1932861031921943,7,0.35245901639344257,0.6639344262295082,0.33606557377049184,0.3360655737704918,0.21721311475409838,0.21622883633431875,0.20389344262295084,0.41052114494164715,0.31926229508196724,0.4768442622950819,0.4769761154032862,,
401391717,2022-06-05 22:00:00+00:00,6,5,2022,14,Storm,86,18,Sun,93,Climate Pledge Arena,0,2022,2,0.6,2.8,0.6,1.9,0.7142857142857143,10.380952380952381,0.8,10.9,0,0,0,0.4,0.2857142857142857,0.42999999999999994,0.2404761904761905,0.3252032520325203,0.07317073170731707,0.1991869918699187,179,161.8048780487805,16.86428884669253,166.02095026045362,0.25632818708636407,7,0.926829268292683,0.6666666666666666,0.33333333333333337,0.8292682926829268,0.21666666666666667,0.4413414634146342,0.1298780487804878,0.7786436644854252,0.26991869918699185,0.6002032520325203,0.24281698479811448,,
401391718,2022-06-08 00:00:00+00:00,6,8,2022,9,Liberty,88,8,Lynx,69,Barclays Center,0,2022,2,0.26666666666666666,-8.6,0.2,-11.1,0.45,-1.7,0.3,-3.8,0,0,0,0.7333333333333334,0.55,0.715,0.5425,0.8467741935483871,0.6854838709677419,0.7661290322580645,157,161.94354838709677,16.866430034341313,166.1601558956821,0.13711921043378072,19,0.3145161290322581,0.20967741935483872,0.7903225806451613,0.3548387096774194,0.3080645161290323,0.1780059833506764,0.21491935483870966,0.31657717515356987,0.32661290322580644,0.45846774193548395,0.6388445722424214,,
401391719,2022-06-08 02:00:00+00:00,6,8,2022,14,Storm,72,20,Dream,60,Climate Pledge Arena,0,2022,2,0.5625,2.1875,0.5,0.8,0.5263157894736842,0.2631578947368421,0.6,1.8,0,0,0,0.4375,0.4736842105263158,0.4453125,0.493421052631579,0.464,0.432,0.448,132,161.904,16.804100881975593,166.1050252204939,0.8724909935729325,12,0.5680000000000001,0.4,0.6,0.024,0.27,0.28032,0.16720000000000002,0.27628032,0.2948,0.538,0.5637844941253943,,
401391720,2022-06-08 23:00:00+00:00,6,8,2022,18,Sun,88,5,Fever,69,Mohegan Sun Arena,0,2022,2,0.7272727272727273,10.227272727272727,0.8,9.9,0.18181818181818182,-9.272727272727273,0.2,-8.7,0,0,0,0.2727272727272727,0.8181818181818181,0.24431818181818188,0.7318181818181818,0.0873015873015873,0.8571428571428571,0.4722222222222222,157,161.66666666666666,16.947448185493887,165.90352871304012,0.12890313943497123,19,0.9126984126984127,0.21428571428571427,0.7857142857142857,0.35714285714285715,0.30714285714285716,0.3854705215419501,0.17083333333333334,0.47271056041464204,0.2972222222222222,0.5319444444444443,0.5067486866728745,,
401391721,2022-06-09 00:00:00+00:00,6,9,2022,16,Mystics,84,19,Sky,82,CareFirst Arena,0,2022,2,0.5,-0.3,0.5,2.8,0.6538461538461539,3.923076923076923,0.7,5.4,0,0,0,0.5,0.34615384615384615,0.5075000000000001,0.40192307692307694,0.5354330708661418,0.2047244094488189,0.3700787401574803,166,161.62992125984252,16.885140997388422,165.85120650918964,3.8825768062134e-05,2,0.7952755905511811,0.968503937007874,0.03149606299212604,0.5984251968503937,0.1562992125984252,0.41985739971479946,0.15551181102362205,0.7845730559177654,0.287007874015748,0.55748031496063,0.2153572685679672,,
401391722,2022-06-10 23:00:00+00:00,6,10,2022,18,Sun,79,19,Sky,83,Mohegan Sun Arena,0,2022,2,0.7391304347826086,10.608695652173912,0.8,9.1,0.6296296296296297,3.7037037037037037,0.7,5.9,0,0,0,0.26086956521739135,0.37037037037037035,0.23478260869565215,0.40740740740740744,0.0859375,0.2109375,0.1484375,162,161.6640625,16.822967682126073,165.86980442053152,0.026110211421424,4,0.9140625,0.8671875,0.1328125,0.484375,0.1765625,0.458680419921875,0.122265625,0.7358302974700929,0.26484375,0.6128906249999999,0.12934289401363502,,
401391723,2022-06-10 23:00:00+00:00,6,10,2022,5,Fever,83,9,Liberty,97,Corteva Coliseum,0,2022,2,0.17391304347826086,-9.695652173913043,0.1,-11.2,0.3125,-6.875,0.3,-5.9,0,0,0,0.8260869565217391,0.6875,0.7423913043478261,0.671875,0.8682170542635659,0.7829457364341085,0.8255813953488371,180,161.66666666666666,16.757150215156912,165.85595422045589,0.29968071206311364,14,0.21705426356589153,0.32558139534883723,0.6744186046511628,0.8527131782945736,0.28488372093023256,0.1491211465657112,0.22383720930232556,0.5930178055600974,0.3325581395348837,0.44360465116279074,0.6575948375906551,,
401391724,2022-06-11 00:00:00+00:00,6,11,2022,3,Wings,88,14,Storm,89,College Park Center,0,2022,2,0.5263157894736842,-1.105263157894737,0.6,1.4,0.5882352941176471,2.764705882352941,0.5,-0.3,0,0,0,0.4736842105263158,0.4117647058823529,0.5276315789473685,0.4308823529411765,0.47692307692307695,0.47692307692307695,0.47692307692307695,177,161.80769230769232,16.76934086608314,166.0000275242131,0.19357148839720995,1,0.523076923076923,1.0,0.0,0.8,0.15,0.3073076923076922,0.17153846153846153,0.819923076923077,0.2976923076923077,0.5307692307692308,0.2863410499919238,,
401391725,2022-06-11 00:00:00+00:00,6,11,2022,8,Lynx,59,16,Mystics,76,Target Center,0,2022,2,0.42857142857142855,-2.5238095238095237,0.3,-4.5,0.5238095238095238,-0.19047619047619047,0.5,1.7,0,0,0,0.5714285714285714,0.47619047619047616,0.5630952380952381,0.5047619047619047,0.6946564885496184,0.5190839694656488,0.6068702290076335,135,161.9236641221374,16.75737188895621,166.11300709437646,0.8215813527513343,17,0.48091603053435117,0.2748091603053435,0.7251908396946565,0.06870229007633588,0.2950381679389313,0.24000990618262336,0.19103053435114503,0.2397887674475811,0.31068702290076333,0.49828244274809164,0.6846472879896789,,
401391726,2022-06-11 02:00:00+00:00,6,11,2022,11,Mercury,90,20,Dream,88,Mortgage Matchup Center,0,2022,2,0.41379310344827586,-2.5517241379310347,0.3,-4.9,0.5,-0.35,0.5,0.4,0,0,0,0.5862068965517242,0.5,0.5637931034482759,0.50875,0.696969696969697,0.5378787878787878,0.6174242424242424,178,161.71969696969697,16.85697101092592,165.93393972242845,0.22599585035921776,2,0.46212121212121215,0.9621212121212122,0.037878787878787845,0.8106060606060606,0.1575757575757576,0.2788934802571167,0.19261363636363638,0.7979498845201325,0.31174242424242427,0.49564393939393936,0.3613608914939492,,
401391727,2022-06-12 01:00:00+00:00,6,12,2022,6,Sparks,72,17,Aces,89,crypto.com Arena,0,2022,2,0.4117647058823529,-2.2941176470588234,0.3,-5.6,0.6956521739130435,6.086956521739131,0.8,9.0,0,0,0,0.5882352941176471,0.30434782608695654,0.5573529411764706,0.34782608695652173,0.6992481203007519,0.11278195488721804,0.40601503759398494,161,161.8421052631579,16.852228566438992,166.05516240476763,0.04399390439970097,17,0.887218045112782,0.2781954887218045,0.7218045112781954,0.45112781954887216,0.2943609022556391,0.3835917802023857,0.16090225563909774,0.5131603111742271,0.2906015037593985,0.5484962406015037,0.439533916598023,,
401391728,2022-06-12 18:00:00+00:00,6,12,2022,9,Liberty,86,19,Sky,88,Barclays Center,0,2022,2,0.35294117647058826,-5.647058823529412,0.4,-3.9,0.6428571428571429,3.7142857142857144,0.7,3.0,0,0,0,0.6470588235294117,0.3571428571428571,0.6411764705882353,0.40714285714285714,0.7014925373134329,0.23880597014925373,0.4701492537313433,174,161.83582089552237,16.78891239468036,166.03304899419246,0.10648523940191335,2,0.7611940298507462,0.9626865671641791,0.03731343283582089,0.7611940298507462,0.15746268656716417,0.4049209177990643,0.1705223880597015,0.8427825729893637,0.29701492537313434,0.5324626865671641,0.27957769851440845,,
401391729,2022-06-12 20:00:00+00:00,6,12,2022,3,Wings,79,14,Storm,84,College Park Center,0,2022,2,0.5,-1.1,0.5,0.5,0.6111111111111112,2.6666666666666665,0.6,0.9,0,0,0,0.5,0.38888888888888884,0.5275000000000001,0.43333333333333335,0.5555555555555556,0.362962962962963,0.45925925925925926,163,161.92592592592592,16.758882532132485,166.11564655895904,0.0171328289745728,5,0.6370370370370371,0.8074074074074075,0.19259259259259254,0.5185185185185185,0.1885185185185185,0.33962002743484226,0.1688888888888889,0.6389739064167047,0.2959259259259259,0.5351851851851852,0.3056754374531542,,
401391730,2022-06-12 22:00:00+00:00,6,12,2022,16,Mystics,90,11,Mercury,99,CareFirst Arena,0,2022,2,0.5454545454545454,0.5909090909090909,0.6,4.2,0.43333333333333335,-2.4,0.3,-6.7,0,0,0,0.4545454545454546,0.5666666666666667,0.48522727272727273,0.5599999999999999,0.3382352941176471,0.7426470588235294,0.5404411764705883,189,161.93382352941177,16.69695124350211,166.1080613402873,0.6093154663981304,9,0.6617647058823529,0.5220588235294118,0.4779411764705882,0.9485294117647058,0.24558823529411763,0.3250627162629758,0.18106617647058826,0.7394736858843883,0.30404411764705885,0.5148897058823528,0.5339092234519539,,
401391731,2022-06-12 23:00:00+00:00,6,12,2022,8,Lynx,80,5,Fever,84,Target Center,0,2022,2,0.4090909090909091,-3.1818181818181817,0.3,-5.6,0.16666666666666666,-9.875,0.1,-12.0,0,0,0,0.5909090909090908,0.8333333333333334,0.5795454545454545,0.746875,0.708029197080292,0.9051094890510949,0.8065693430656935,164,162.13138686131387,16.79540269654002,166.33023753544887,0.009578582343576114,4,0.291970802919708,0.8540145985401459,0.14598540145985406,0.5328467153284672,0.17919708029197082,0.20190553572379988,0.22098540145985401,0.5545280286292859,0.33065693430656934,0.44835766423357665,0.4120193588641853,,
401391732,2022-06-14 23:00:00+00:00,6,14,2022,16,Mystics,83,11,Mercury,65,CareFirst Arena,0,2022,2,0.5217391304347826,0.17391304347826086,0.5,1.7,0.45161290322580644,-2.032258064516129,0.3,-6.3,0,0,0,0.4782608695652174,0.5483870967741935,0.4956521739130435,0.5508064516129032,0.5144927536231884,0.717391304347826,0.6159420289855072,148,162.14492753623188,16.734749337715535,166.32861487066077,0.4510667725570793,18,0.48550724637681164,0.2246376811594203,0.7753623188405797,0.18840579710144928,0.3050724637681159,0.23818893089687046,0.1923913043478261,0.28767330194910945,0.3115942028985507,0.49601449275362325,0.6338959014898069,,
401391733,2022-06-15 01:00:00+00:00,6,15,2022,8,Lynx,79,14,Storm,81,Target Center,0,2022,2,0.391304347826087,-3.217391304347826,0.3,-5.6,0.631578947368421,2.789473684210526,0.7,3.4,0,0,0,0.6086956521739131,0.368421052631579,0.5804347826086957,0.4302631578947368,0.7194244604316546,0.2517985611510791,0.4856115107913669,160,162.0431654676259,16.717113726851295,166.2224438993387,0.06692888611422265,2,0.7482014388489209,0.9640287769784173,0.03597122302158273,0.38848920863309355,0.15719424460431655,0.3995748149681693,0.17284172661870503,0.6750050174652473,0.2985611510791367,0.5285971223021583,0.279000561148817,,
401391734,2022-06-15 17:00:00+00:00,6,15,2022,3,Wings,84,17,Aces,92,College Park Center,0,2022,2,0.47619047619047616,-1.2857142857142858,0.4,-1.0,0.7083333333333334,6.541666666666667,0.9,12.0,0,0,0,0.5238095238095238,0.29166666666666663,0.5321428571428571,0.3364583333333333,0.6142857142857143,0.06428571428571428,0.3392857142857143,176,162.02857142857144,16.657766722736447,166.19301310925556,0.15911773516555627,8,0.9357142857142857,0.5928571428571429,0.40714285714285714,0.7785714285714286,0.23142857142857143,0.43643877551020405,0.15089285714285716,0.7338858600583091,0.2839285714285714,0.5651785714285714,0.3313662347832721,,
401391735,2022-06-15 23:00:00+00:00,6,15,2022,18,Sun,105,20,Dream,92,Mohegan Sun Arena,0,2022,2,0.7083333333333334,10.0,0.7,7.8,0.47619047619047616,-0.42857142857142855,0.5,2.5,0,0,0,0.29166666666666663,0.5238095238095238,0.25,0.5107142857142857,0.1276595744680851,0.5390070921985816,0.3333333333333333,197,162.12765957446808,16.63981930869863,166.28761440164274,0.817924586121594,13,0.8723404255319149,0.3546099290780142,0.6453900709219857,0.9858156028368794,0.27907801418439715,0.38653689452240836,0.15,0.7101628947557114,0.2833333333333333,0.5666666666666667,0.4944380969016906,,
401391736,2022-06-15 23:00:00+00:00,6,15,2022,5,Fever,80,11,Mercury,93,Corteva Coliseum,0,2022,2,0.2,-9.32,0.2,-9.4,0.4375,-2.53125,0.3,-6.9,0,0,0,0.8,0.5625,0.733,0.56328125,0.8591549295774648,0.7464788732394366,0.8028169014084507,173,162.3732394366197,16.836977691985563,166.5824838596161,0.07006442778078892,13,0.2535211267605634,0.3591549295774648,0.6408450704225352,0.7323943661971831,0.27816901408450706,0.16368280103154137,0.22042253521126762,0.5380937928702946,0.3302816901408451,0.4492957746478873,0.5878054133958786,,
401391737,2022-06-16 23:00:00+00:00,6,16,2022,9,Liberty,77,16,Mystics,65,Barclays Center,0,2022,2,0.3333333333333333,-5.444444444444445,0.4,-3.1,0.5416666666666666,0.9166666666666666,0.5,3.0,0,0,0,0.6666666666666667,0.45833333333333337,0.6361111111111111,0.4770833333333333,0.6853146853146853,0.4755244755244755,0.5804195804195804,142,162.44755244755245,16.80110589991796,166.64782892253194,0.6590766010669047,12,0.5244755244755245,0.40559440559440557,0.5944055944055944,0.11188811188811189,0.2688811188811189,0.26483886742628004,0.18706293706293708,0.3006099192020264,0.30804195804195805,0.5048951048951049,0.599441672855943,,
401391738,2022-06-17 23:00:00+00:00,6,17,2022,18,Sun,82,14,Storm,71,Mohegan Sun Arena,0,2022,2,0.72,10.12,0.7,6.9,0.65,2.75,0.8,4.1,0,0,0,0.28,0.35,0.2470000000000001,0.43125,0.13194444444444445,0.18055555555555555,0.15625,153,162.30555555555554,16.828745711035097,166.51274198331433,0.2755692840076046,11,0.8680555555555556,0.4375,0.5625,0.2777777777777778,0.2625,0.39384548611111114,0.1234375,0.49563157069830255,0.265625,0.6109375,0.2788886303696887,,
401391739,2022-06-18 00:00:00+00:00,6,18,2022,3,Wings,93,11,Mercury,88,College Park Center,0,2022,2,0.45454545454545453,-1.5909090909090908,0.4,-0.2,0.45454545454545453,-2.0606060606060606,0.4,-4.6,0,0,0,0.5454545454545454,0.5454545454545454,0.5397727272727273,0.5515151515151515,0.6206896551724138,0.6551724137931034,0.6379310344827587,181,162.24137931034483,16.788006574663886,166.4383809540108,0.3135184918384879,5,0.3793103448275862,0.8068965517241379,0.19310344827586212,0.896551724137931,0.18862068965517242,0.23502021403091558,0.19568965517241382,0.7779185206445528,0.3137931034482759,0.49051724137931024,0.43486302710382774,,
401391740,2022-06-18 00:00:00+00:00,6,18,2022,19,Sky,106,20,Dream,100,Wintrust Arena,0,2022,2,0.6551724137931034,3.6551724137931036,0.7,2.8,0.45454545454545453,-1.0,0.4,0.6,0,0,0,0.3448275862068966,0.5454545454545454,0.4086206896551724,0.525,0.2054794520547945,0.5753424657534246,0.3904109589041096,206,162.36986301369862,16.801893858207908,166.5703364782506,0.9363013886244929,6,0.7945205479452055,0.7328767123287672,0.26712328767123283,0.9931506849315068,0.20342465753424657,0.3961052730343404,0.15856164383561644,0.8496485243575473,0.28904109589041094,0.5523972602739726,0.4413330391917772,,
401391741,2022-06-19 16:00:00+00:00,6,19,2022,9,Liberty,72,14,Storm,81,Barclays Center,0,2022,2,0.3684210526315789,-4.526315789473684,0.5,0.8,0.6190476190476191,2.0952380952380953,0.7,2.7,0,0,0,0.631578947368421,0.38095238095238093,0.6131578947368421,0.4476190476190476,0.6258503401360545,0.272108843537415,0.44897959183673475,153,162.66666666666666,17.126576853043236,166.94831087992748,0.28225718482559536,9,0.727891156462585,0.5238095238095238,0.47619047619047616,0.272108843537415,0.24523809523809523,0.35016844833171357,0.1673469387755102,0.47202166645731825,0.29489795918367345,0.5377551020408163,0.4291035416616372,,
401391743,2022-06-19 18:00:00+00:00,6,19,2022,16,Mystics,71,18,Sun,63,CareFirst Arena,0,2022,2,0.52,0.4,0.5,2.7,0.7307692307692307,10.153846153846153,0.8,8.8,0,0,0,0.48,0.2692307692307693,0.49,0.24615384615384617,0.47297297297297297,0.08108108108108109,0.27702702702702703,134,162.60135135135135,17.086709584350352,166.87302874743895,0.8428705460934396,8,0.9189189189189189,0.6013513513513513,0.3986486486486487,0.05405405405405406,0.22972972972972974,0.4309349890430971,0.14155405405405405,0.48858878052632615,0.2777027027027027,0.5807432432432432,0.39089912414249994,,
401391742,2022-06-19 19:00:00+00:00,6,19,2022,5,Fever,89,19,Sky,87,Corteva Coliseum,0,2022,2,0.19230769230769232,-9.461538461538462,0.2,-9.8,0.6666666666666666,3.7333333333333334,0.8,3.7,0,0,0,0.8076923076923077,0.33333333333333337,0.7365384615384616,0.4066666666666666,0.8657718120805369,0.18120805369127516,0.5234899328859061,176,162.40939597315437,17.189332574664324,166.70672911682047,0.13596910450110633,2,0.8187919463087249,0.9664429530201343,0.03355704697986572,0.7651006711409396,0.15671140939597314,0.429567812260709,0.17852348993288591,0.8600048700871747,0.3023489932885906,0.5191275167785234,0.30617764734830344,,
401391744,2022-06-19 20:00:00+00:00,6,19,2022,3,Wings,92,6,Sparks,82,College Park Center,0,2022,2,0.4782608695652174,-1.3043478260869565,0.4,-0.7,0.3888888888888889,-3.111111111111111,0.3,-7.1,0,0,0,0.5217391304347826,0.6111111111111112,0.532608695652174,0.5777777777777777,0.5933333333333334,0.7666666666666667,0.68,174,162.5,17.167453990329115,166.79186349758228,0.08437311487360744,10,0.4066666666666666,0.4666666666666667,0.5333333333333333,0.74,0.25666666666666665,0.2254777777777778,0.202,0.5928138518518519,0.318,0.48000000000000004,0.5130433692044687,,
401391745,2022-06-19 22:00:00+00:00,6,19,2022,17,Aces,96,8,Lynx,95,Michelob ULTRA Arena,0,2022,2,0.72,6.6,0.9,10.5,0.375,-3.1666666666666665,0.2,-6.1,0,0,0,0.28,0.625,0.33499999999999996,0.5791666666666667,0.0728476821192053,0.8013245033112583,0.4370860927152318,191,162.57615894039736,17.135708169820006,166.86008598285235,0.6292721557445817,1,0.9271523178807947,1.0,0.0,0.9536423841059603,0.15,0.4790397350993377,0.16556291390728478,0.971876014209903,0.2937086092715232,0.5407284768211921,0.3405290288994253,,
401391746,2022-06-21 23:00:00+00:00,6,21,2022,20,Dream,80,3,Wings,75,Gateway Center,0,2022,2,0.43478260869565216,-1.2173913043478262,0.3,-2.2,0.5,-0.8333333333333334,0.4,-1.3,0,0,0,0.5652173913043479,0.5,0.5304347826086957,0.5208333333333333,0.6578947368421053,0.5723684210526315,0.6151315789473684,155,162.76315789473685,17.233778952438918,167.07160263284658,0.21754848342914734,5,0.4276315789473685,0.8026315789473685,0.19736842105263153,0.3157894736842105,0.1894736842105263,0.2543559556786704,0.19226973684210524,0.46081179836710895,0.3115131578947368,0.49621710526315793,0.4085496612313434,,
401391747,2022-06-22 02:00:00+00:00,6,22,2022,17,Aces,95,19,Sky,104,Michelob ULTRA Arena,0,2022,2,0.7307692307692307,6.384615384615385,0.9,9.4,0.6451612903225806,3.5483870967741935,0.7,2.6,0,0,0,0.2692307692307693,0.3548387096774194,0.3403846153846153,0.41129032258064524,0.0915032679738562,0.24183006535947713,0.16666666666666666,199,162.71241830065358,17.188457419310563,167.00953265548122,0.8230623819797604,9,0.9084967320261438,0.5163398692810458,0.4836601307189542,0.9869281045751634,0.24673202614379083,0.4174975436797813,0.125,0.7711071407930081,0.26666666666666666,0.6083333333333334,0.33324772149474674,,
401391748,2022-06-22 02:00:00+00:00,6,22,2022,11,Mercury,71,8,Lynx,84,Mortgage Matchup Center,0,2022,2,0.4411764705882353,-2.1470588235294117,0.4,-3.1,0.36,-3.08,0.2,-5.6,0,0,0,0.5588235294117647,0.64,0.5536764705882353,0.577,0.6493506493506493,0.8051948051948052,0.7272727272727273,155,162.94805194805195,17.379949460200216,167.293039313102,0.22131200050464028,13,0.35064935064935066,0.33766233766233766,0.6623376623376623,0.3116883116883117,0.2824675324675325,0.19755439365828972,0.2090909090909091,0.3278248231781711,0.32272727272727275,0.46818181818181814,0.6005246225376291,,
401391749,2022-06-22 02:30:00+00:00,6,22,2022,6,Sparks,84,16,Mystics,82,crypto.com Arena,0,2022,2,0.3684210526315789,-3.473684210526316,0.3,-6.4,0.5384615384615384,0.6923076923076923,0.5,1.5,0,0,0,0.631578947368421,0.46153846153846156,0.5868421052631578,0.48269230769230764,0.7419354838709677,0.5032258064516129,0.6225806451612903,166,162.8967741935484,17.335188368182465,167.230571285594,0.0025163985433604985,2,0.49677419354838714,0.9612903225806452,0.03870967741935483,0.5741935483870968,0.15774193548387097,0.2934318418314256,0.19338709677419355,0.6755677889295425,0.31225806451612903,0.49435483870967745,0.3203498023801153,,
401391750,2022-06-22 23:00:00+00:00,6,22,2022,18,Sun,77,9,Liberty,81,Mohegan Sun Arena,0,2022,2,0.7037037037037037,9.481481481481481,0.7,4.9,0.35,-4.75,0.5,0.5,0,0,0,0.2962962962962963,0.65,0.26296296296296295,0.61875,0.16025641025641027,0.6410256410256411,0.40064102564102566,158,162.91666666666666,17.28096410592035,167.23690769314675,0.1331179129579284,4,0.8397435897435898,0.8461538461538461,0.15384615384615385,0.36538461538461536,0.18076923076923077,0.4258949704142012,0.16009615384615386,0.6558913196024883,0.2900641025641026,0.5498397435897435,0.28622527123090835,,
401391751,2022-06-24 00:00:00+00:00,6,24,2022,3,Wings,94,5,Fever,68,College Park Center,0,2022,2,0.48,-1.0,0.3,-2.6,0.2222222222222222,-9.037037037037036,0.3,-7.4,0,0,0,0.52,0.7777777777777778,0.525,0.7259259259259259,0.6496815286624203,0.8343949044585988,0.7420382165605095,162,162.88535031847132,17.229956081638985,167.19283933888107,0.044400385691731326,26,0.35031847133757965,0.08917197452229299,0.910828025477707,0.46496815286624205,0.3321656050955414,0.18376080165523961,0.21130573248407641,0.35782886503580336,0.32420382165605094,0.4644904458598727,0.6493456448077302,,
401391752,2022-06-24 00:00:00+00:00,6,24,2022,8,Lynx,100,11,Mercury,88,Target Center,0,2022,2,0.38461538461538464,-2.4615384615384617,0.3,-2.7,0.42857142857142855,-2.4571428571428573,0.4,-3.9,0,0,0,0.6153846153846154,0.5714285714285714,0.5615384615384615,0.5614285714285714,0.6835443037974683,0.6645569620253164,0.6740506329113924,188,162.87974683544303,17.175140379899588,167.17353193041794,0.5205865083770345,12,0.33544303797468356,0.3860759493670886,0.6139240506329113,0.9240506329113924,0.27278481012658234,0.19469115526357958,0.20110759493670888,0.658748509245719,0.31740506329113927,0.4814873417721518,0.624103350263639,,
401391753,2022-06-24 02:00:00+00:00,6,24,2022,14,Storm,85,16,Mystics,71,Climate Pledge Arena,0,2022,2,0.6363636363636364,2.409090909090909,0.7,3.3,0.5185185185185185,0.5925925925925926,0.5,2.1,0,0,0,0.36363636363636365,0.4814814814814815,0.4397727272727272,0.48518518518518516,0.23270440251572327,0.5031446540880503,0.3679245283018868,156,163.03773584905662,17.236216945374366,167.34679008540022,0.194817760951566,14,0.7672955974842768,0.29559748427672955,0.7044025157232705,0.3270440251572327,0.2908805031446541,0.34296408369922077,0.155188679245283,0.4443195899473565,0.28679245283018867,0.5580188679245284,0.4375596650443141,,
401391754,2022-06-24 02:30:00+00:00,6,24,2022,6,Sparks,59,19,Sky,82,crypto.com Arena,0,2022,2,0.4,-3.2,0.4,-5.9,0.65625,3.71875,0.7,3.0,0,0,0,0.6,0.34375,0.58,0.40703124999999996,0.66875,0.21875,0.44375,141,162.99375,17.190935477123293,167.29148386928082,0.6894786339046157,23,0.78125,0.10625,0.89375,0.1,0.32875,0.32933203125,0.1665625,0.3260192626953125,0.294375,0.5390625,0.6171479255847376,,
401391755,2022-06-24 23:30:00+00:00,6,24,2022,20,Dream,77,9,Liberty,89,Gateway Center,0,2022,2,0.4583333333333333,-0.9583333333333334,0.4,-1.2,0.38095238095238093,-4.333333333333333,0.6,1.7,0,0,0,0.5416666666666667,0.6190476190476191,0.5239583333333333,0.6083333333333333,0.6086956521739131,0.5527950310559007,0.5807453416149069,166,162.85714285714286,17.2245671726669,167.16328465030958,0.0022779817307688743,12,0.44720496894409933,0.39751552795031053,0.6024844720496895,0.577639751552795,0.2704968944099379,0.23606901739902003,0.18711180124223603,0.49983579945850753,0.30807453416149067,0.5048136645962733,0.4792045444289166,,
401391756,2022-06-26 00:00:00+00:00,6,26,2022,3,Wings,72,11,Mercury,83,College Park Center,0,2022,2,0.5,0.038461538461538464,0.4,3.1,0.4166666666666667,-2.7222222222222223,0.4,-2.4,0,0,0,0.5,0.5833333333333333,0.49903846153846154,0.5680555555555555,0.5308641975308642,0.654320987654321,0.5925925925925926,155,162.87654320987653,17.17276676634155,167.1697349014619,0.2220576687151833,11,0.4691358024691358,0.43209876543209874,0.5679012345679013,0.30246913580246915,0.2635802469135803,0.24638241121780216,0.18888888888888888,0.3783376376681513,0.30925925925925923,0.5018518518518519,0.5149666314340385,,
401391757,2022-06-26 01:00:00+00:00,6,26,2022,14,Storm,77,6,Sparks,85,Climate Pledge Arena,0,2022,2,0.6521739130434783,2.9130434782608696,0.7,3.9,0.38095238095238093,-4.142857142857143,0.4,-7.9,0,0,0,0.34782608695652173,0.6190476190476191,0.4271739130434782,0.6035714285714285,0.20245398773006135,0.754601226993865,0.4785276073619632,162,162.82822085889572,17.130794988516282,167.1109196060248,0.043529600091502085,8,0.7975460122699387,0.6073619631901841,0.3926380368098159,0.4662576687116564,0.22852760736196318,0.384789604426211,0.17177914110429449,0.596261666867171,0.2978527607361963,0.5303680981595091,0.37822157758356034,,
401391758,2022-06-26 02:00:00+00:00,6,26,2022,17,Aces,86,16,Mystics,87,Michelob ULTRA Arena,0,2022,2,0.7037037037037037,5.814814814814815,0.8,7.9,0.5,0.07142857142857142,0.4,-0.5,0,0,0,0.2962962962962963,0.5,0.35462962962962963,0.4982142857142857,0.12804878048780488,0.5487804878048781,0.3384146341463415,173,162.8231707317073,17.078288148438684,167.09274276881698,0.058066801170786,1,0.8719512195121951,1.0,0.0,0.7195121951219512,0.15,0.4555792682926829,0.15076219512195121,0.8701624776918502,0.2838414634146341,0.5653963414634147,0.20009267445223902,,
401391759,2022-06-26 19:00:00+00:00,6,26,2022,20,Dream,61,18,Sun,72,Gateway Center,0,2022,2,0.44,-1.4,0.4,-0.4,0.6785714285714286,9.0,0.6,3.7,0,0,0,0.56,0.3214285714285714,0.5349999999999999,0.275,0.6181818181818182,0.18181818181818182,0.4,133,162.88484848484848,17.0445635638042,167.14598937579953,0.8655654412837107,11,0.8181818181818181,0.4303030303030303,0.5696969696969697,0.030303030303030304,0.2639393939393939,0.3747217630853994,0.16,0.3881439853076216,0.29000000000000004,0.5499999999999999,0.5237025918175149,,
401391760,2022-06-26 22:00:00+00:00,6,26,2022,19,Sky,88,8,Lynx,85,Wintrust Arena,0,2022,2,0.6666666666666666,4.303030303030303,0.8,6.0,0.4074074074074074,-1.9259259259259258,0.3,-2.1,0,0,0,0.33333333333333337,0.5925925925925926,0.39242424242424234,0.5481481481481482,0.1686746987951807,0.6987951807228916,0.43373493975903615,173,162.70481927710844,17.150410569266672,166.9924219194251,0.059506687304776484,3,0.8313253012048193,0.8975903614457831,0.10240963855421692,0.7168674698795181,0.1704819277108434,0.4277514878792278,0.1650602409638554,0.8136849473667642,0.2933734939759036,0.541566265060241,0.2747626729763771,,
401391761,2022-06-28 02:00:00+00:00,6,28,2022,11,Mercury,83,5,Fever,71,Mortgage Matchup Center,0,2022,2,0.43243243243243246,-2.3513513513513513,0.5,-1.0,0.21428571428571427,-9.642857142857142,0.3,-9.5,0,0,0,0.5675675675675675,0.7857142857142857,0.5587837837837838,0.7410714285714286,0.562874251497006,0.8622754491017964,0.7125748502994012,154,162.76646706586826,17.117223802246613,167.0457730164299,0.25205887059532706,12,0.437125748502994,0.38922155688622756,0.6107784431137724,0.281437125748503,0.27215568862275447,0.23186417583993688,0.20688622754491018,0.3488000183791047,0.3212574850299401,0.47185628742514973,0.584597578776738,,
401391762,2022-06-28 02:30:00+00:00,6,28,2022,6,Sparks,73,17,Aces,79,crypto.com Arena,0,2022,2,0.4090909090909091,-3.590909090909091,0.5,-4.3,0.6785714285714286,5.571428571428571,0.7,5.8,0,0,0,0.5909090909090908,0.3214285714285714,0.5897727272727272,0.36071428571428577,0.6488095238095238,0.16071428571428573,0.40476190476190477,152,162.71428571428572,17.0792947649012,166.98410940551102,0.31944759991890015,6,0.8392857142857143,0.7261904761904762,0.27380952380952384,0.23214285714285715,0.20476190476190476,0.4132397959183674,0.16071428571428573,0.560622722303207,0.2904761904761905,0.5488095238095239,0.35301212844501606,,
401391763,2022-06-28 23:00:00+00:00,6,28,2022,16,Mystics,92,20,Dream,74,CareFirst Arena,0,2022,2,0.5172413793103449,0.10344827586206896,0.5,0.0,0.4230769230769231,-1.7692307692307692,0.3,-4.2,0,0,0,0.48275862068965514,0.5769230769230769,0.49741379310344835,0.5442307692307693,0.5088757396449705,0.7041420118343196,0.6065088757396451,166,162.6508875739645,17.04832109574763,166.9129678479014,0.001432868741039206,18,0.49112426035502954,0.20118343195266272,0.7988165680473372,0.5798816568047337,0.30976331360946746,0.23851965967578165,0.19097633136094677,0.46206089986158555,0.31065088757396453,0.49837278106508875,0.5506942350312063,,
401391764,2022-06-29 00:00:00+00:00,6,29,2022,8,Lynx,92,3,Wings,64,Target Center,0,2022,2,0.39285714285714285,-1.9642857142857142,0.3,-2.2,0.48148148148148145,-0.37037037037037035,0.4,2.2,0,0,0,0.6071428571428572,0.5185185185185186,0.5491071428571429,0.5092592592592593,0.6823529411764706,0.5352941176470588,0.6088235294117648,156,162.6705882352941,16.999748160539152,166.9205252754289,0.18643919651234386,28,0.4647058823529412,0.052941176470588235,0.9470588235294117,0.3352941176470588,0.33941176470588236,0.21954844290657444,0.19132352941176473,0.31722784449419905,0.3108823529411765,0.4977941176470587,0.6331628521562587,,
401391765,2022-06-29 16:00:00+00:00,6,29,2022,19,Sky,91,18,Sun,83,Wintrust Arena,0,2022,2,0.6764705882352942,4.264705882352941,0.8,6.0,0.6896551724137931,9.068965517241379,0.7,5.6,0,0,0,0.32352941176470584,0.31034482758620685,0.3933823529411764,0.2732758620689655,0.16374269005847952,0.1286549707602339,0.14619883040935672,174,162.6315789473684,16.957349521265925,166.87091632768488,0.08458098975927353,8,0.8713450292397661,0.6081871345029239,0.39181286549707606,0.7485380116959064,0.2283625730994152,0.4133449608426525,0.12192982456140351,0.7185692103793221,0.26461988304093564,0.6134502923976608,0.2036801351471641,,
401391767,2022-06-30 02:00:00+00:00,6,30,2022,14,Storm,88,17,Aces,78,Climate Pledge Arena,0,2022,2,0.625,2.4583333333333335,0.6,0.0,0.6896551724137931,5.586206896551724,0.7,3.6,0,0,0,0.375,0.31034482758620685,0.4385416666666667,0.3603448275862069,0.3236994219653179,0.1791907514450867,0.2514450867052023,166,162.78034682080926,16.915599855862848,167.00924678477497,0.0017782937779281527,10,0.8208092485549133,0.4797687861271676,0.5202312138728324,0.5722543352601156,0.2540462427745665,0.38073824718500454,0.13771676300578034,0.600185991238996,0.2751445086705202,0.5871387283236995,0.29101681105021326,,
401391766,2022-06-30 02:00:00+00:00,6,30,2022,11,Mercury,99,5,Fever,78,Mortgage Matchup Center,0,2022,2,0.4473684210526316,-1.9736842105263157,0.6,0.6,0.20689655172413793,-9.724137931034482,0.2,-11.2,0,0,0,0.5526315789473684,0.7931034482758621,0.5493421052631579,0.743103448275862,0.5116279069767442,0.9127906976744186,0.7122093023255813,177,162.69767441860466,16.929900030061603,166.93014942612007,0.1621294154036239,21,0.4883720930232558,0.13372093023255813,0.8662790697674418,0.7965116279069767,0.32325581395348835,0.23292590589507842,0.2068313953488372,0.5425226080722452,0.32122093023255816,0.47194767441860463,0.6479259457785707,,
401391768,2022-06-30 23:00:00+00:00,6,30,2022,9,Liberty,81,20,Dream,92,Barclays Center,0,2022,2,0.4090909090909091,-3.590909090909091,0.7,6.0,0.4074074074074074,-2.3703703703703702,0.2,-6.8,0,0,0,0.5909090909090908,0.5925925925925926,0.5897727272727272,0.5592592592592592,0.40229885057471265,0.7816091954022989,0.5919540229885057,173,162.79885057471265,16.86840597265989,167.0159520678776,0.060984581564323626,11,0.5977011494252873,0.4367816091954023,0.5632183908045977,0.7126436781609196,0.26264367816091955,0.29409499273351825,0.18879310344827588,0.6013250964688088,0.30919540229885056,0.5020114942528735,0.4828257289524216,,
401391769,2022-07-02 00:00:00+00:00,7,2,2022,3,Wings,89,6,Sparks,97,College Park Center,0,2022,2,0.4642857142857143,-1.3571428571428572,0.3,-2.3,0.391304347826087,-3.6956521739130435,0.4,-5.4,0,0,0,0.5357142857142857,0.6086956521739131,0.5339285714285714,0.592391304347826,0.6685714285714286,0.7085714285714285,0.6885714285714286,186,162.85714285714286,16.837531382426203,167.0665257027494,0.46859354748393856,8,0.3314285714285714,0.6171428571428571,0.3828571428571429,0.9142857142857143,0.2265714285714286,0.20551102040816321,0.2032857142857143,0.7211608069970845,0.31885714285714284,0.47785714285714287,0.5463738842140309,,
401391770,2022-07-02 00:00:00+00:00,7,2,2022,8,Lynx,85,17,Aces,91,Target Center,0,2022,2,0.41379310344827586,-0.9310344827586207,0.4,1.4,0.6666666666666666,5.066666666666666,0.6,1.9,0,0,0,0.5862068965517242,0.33333333333333337,0.5232758620689655,0.3733333333333333,0.5909090909090909,0.2727272727272727,0.4318181818181818,176,162.98863636363637,16.87973887284944,167.20857108184873,0.12683482852696026,6,0.7272727272727273,0.7386363636363636,0.26136363636363635,0.7670454545454546,0.20227272727272727,0.36985537190082646,0.1647727272727273,0.7484932616453794,0.2931818181818182,0.5420454545454545,0.3315910693698865,,
401391771,2022-07-02 02:00:00+00:00,7,2,2022,14,Storm,73,5,Fever,57,Climate Pledge Arena,0,2022,2,0.64,2.76,0.7,2.7,0.2,-10.1,0.2,-12.1,0,0,0,0.36,0.8,0.43100000000000005,0.7525,0.24293785310734464,0.9209039548022598,0.5819209039548022,130,163.06214689265536,16.860105612769882,167.27717329584783,0.9132037864246059,16,0.7570621468926554,0.2655367231638418,0.7344632768361582,0.01694915254237288,0.29689265536723164,0.3364587123751157,0.18728813559322033,0.3203227186305787,0.30819209039548023,0.5045197740112994,0.6909786101387116,,
401391772,2022-07-02 17:00:00+00:00,7,2,2022,19,Sky,91,11,Mercury,75,Wintrust Arena,0,2022,2,0.6857142857142857,4.371428571428571,0.8,6.0,0.46153846153846156,-1.3846153846153846,0.6,2.0,0,0,0,0.3142857142857143,0.5384615384615384,0.3907142857142858,0.5346153846153846,0.15730337078651685,0.4887640449438202,0.3230337078651685,166,162.87640449438203,16.994063586111277,167.12492039090984,0.002188484361035914,16,0.8426966292134832,0.2696629213483146,0.7303370786516854,0.5617977528089888,0.29606741573033707,0.3669940664057568,0.14845505617977528,0.5377510074911096,0.28230337078651685,0.5692415730337079,0.3903857266905942,,
401391773,2022-07-03 17:00:00+00:00,7,3,2022,18,Sun,74,16,Mystics,72,Mohegan Sun Arena,0,2022,2,0.6666666666666666,8.5,0.6,4.1,0.5333333333333333,0.7,0.6,2.7,0,0,0,0.33333333333333337,0.4666666666666667,0.2875,0.48250000000000004,0.18994413407821228,0.39106145251396646,0.29050279329608936,146,162.89385474860336,16.947868388756262,167.1308218457924,0.5403414146528513,2,0.8100558659217877,0.9608938547486033,0.03910614525139666,0.16201117318435754,0.15782122905027932,0.42532380387628355,0.1435754189944134,0.6040702040454802,0.2790502793296089,0.5773743016759777,0.2562211731789742,,
401391774,2022-07-03 19:00:00+00:00,7,3,2022,20,Dream,90,14,Storm,76,Gateway Center,0,2022,2,0.42857142857142855,-1.8928571428571428,0.3,-4.9,0.6538461538461539,3.269230769230769,0.8,5.0,0,0,0,0.5714285714285714,0.34615384615384615,0.5473214285714285,0.4182692307692307,0.7111111111111111,0.16111111111111112,0.4361111111111111,166,162.8,16.947305779514267,167.03682644487859,0.0018697110096307368,14,0.8388888888888889,0.3,0.7,0.5611111111111111,0.29,0.36880555555555555,0.16541666666666666,0.5453674382716049,0.2936111111111111,0.5409722222222222,0.4417610560542011,,
401391776,2022-07-03 22:00:00+00:00,7,3,2022,6,Sparks,84,9,Liberty,74,crypto.com Arena,0,2022,2,0.4166666666666667,-3.2083333333333335,0.5,-4.1,0.391304347826087,-3.9130434782608696,0.6,3.6,0,0,0,0.5833333333333333,0.6086956521739131,0.5802083333333333,0.5978260869565217,0.6464088397790055,0.5248618784530387,0.5856353591160222,158,162.81767955801104,16.90183806990207,167.04313907548655,0.13336142369184223,10,0.47513812154696133,0.4861878453038674,0.5138121546961326,0.36464088397790057,0.2527624309392265,0.25224428436250423,0.18784530386740333,0.4232299606340311,0.30856353591160224,0.5035911602209945,0.47851580236865787,,
401391775,2022-07-03 23:00:00+00:00,7,3,2022,8,Lynx,102,17,Aces,71,Target Center,0,2022,2,0.4,-1.1,0.3,0.1,0.6774193548387096,5.096774193548387,0.6,1.7,0,0,0,0.6,0.32258064516129037,0.5275000000000001,0.3725806451612903,0.6703296703296703,0.2692307692307692,0.4697802197802198,173,162.7912087912088,16.858865879760284,167.00592526114886,0.06124983225553815,31,0.7307692307692308,0.03296703296703297,0.967032967032967,0.7087912087912088,0.3434065934065934,0.3055684699915469,0.17046703296703297,0.509828047058605,0.296978021978022,0.5325549450549449,0.5478123940442733,,
401391777,2022-07-04 23:00:00+00:00,7,4,2022,6,Sparks,78,11,Mercury,75,crypto.com Arena,0,2022,2,0.44,-2.68,0.5,-3.3,0.45,-1.75,0.5,0.2,0,0,0,0.56,0.55,0.567,0.54375,0.6229508196721312,0.5519125683060109,0.587431693989071,153,162.84699453551912,16.829414961623577,167.054348275925,0.2943960369823184,3,0.4480874316939891,0.9016393442622951,0.09836065573770492,0.25136612021857924,0.16967213114754098,0.2690625279942668,0.18811475409836065,0.45970840192693563,0.3087431693989071,0.5031420765027322,0.3813100210182533,,
401391778,2022-07-05 23:00:00+00:00,7,5,2022,5,Fever,73,14,Storm,95,Corteva Coliseum,0,2022,2,0.1935483870967742,-10.290322580645162,0.2,-12.4,0.6296296296296297,2.6296296296296298,0.7,2.4,0,0,0,0.8064516129032258,0.37037037037037035,0.7572580645161291,0.43425925925925923,0.8967391304347826,0.266304347826087,0.5815217391304348,168,162.79347826086956,16.799061932877724,166.993243744089,0.0017941499179893183,22,0.7336956521739131,0.125,0.875,0.6195652173913043,0.325,0.3151222826086957,0.18722826086956523,0.5008090884924385,0.3081521739130435,0.5046195652173913,0.5634163149072586,,
401391779,2022-07-06 00:00:00+00:00,7,6,2022,3,Wings,82,18,Sun,71,College Park Center,0,2022,2,0.4482758620689655,-1.5862068965517242,0.3,-2.5,0.6774193548387096,8.290322580645162,0.6,3.9,0,0,0,0.5517241379310345,0.32258064516129037,0.539655172413793,0.29274193548387095,0.6864864864864865,0.2,0.44324324324324327,153,162.82162162162163,16.757722670314788,167.01105228920034,0.294978959353664,11,0.8,0.44324324324324327,0.5567567567567567,0.24864864864864866,0.26135135135135135,0.3693243243243243,0.1664864864864865,0.4646135865595325,0.2943243243243243,0.5391891891891891,0.45196903171357705,,
401391780,2022-07-06 17:00:00+00:00,7,6,2022,8,Lynx,81,19,Sky,78,Target Center,0,2022,2,0.41935483870967744,-0.06451612903225806,0.4,5.1,0.6944444444444444,4.694444444444445,0.8,6.7,0,0,0,0.5806451612903225,0.3055555555555556,0.5016129032258065,0.382638888888889,0.5268817204301075,0.11827956989247312,0.3225806451612903,159,162.7688172043011,16.727879163125696,166.95078699508252,0.10680984797547066,3,0.8817204301075269,0.9032258064516129,0.09677419354838712,0.3817204301075269,0.16935483870967744,0.44926292056885186,0.14838709677419354,0.7006908779310679,0.282258064516129,0.5693548387096774,0.22682735101072019,,
401391781,2022-07-07 00:00:00+00:00,7,7,2022,20,Dream,66,16,Mystics,85,Gateway Center,0,2022,2,0.4482758620689655,-1.3448275862068966,0.3,-4.4,0.5161290322580645,0.6129032258064516,0.5,2.3,0,0,0,0.5517241379310345,0.4838709677419355,0.5336206896551724,0.48467741935483866,0.6898395721925134,0.4919786096256685,0.5909090909090909,151,162.74866310160428,16.685127490849126,166.91994497431656,0.36567346826405445,19,0.5080213903743316,0.18181818181818182,0.8181818181818181,0.20855614973262032,0.3136363636363636,0.24298006806028197,0.18863636363636366,0.29598254557933135,0.3090909090909091,0.5022727272727272,0.6186693959762566,,
401391782,2022-07-07 02:00:00+00:00,7,7,2022,17,Aces,107,9,Liberty,116,Michelob ULTRA Arena,0,2022,2,0.65625,3.96875,0.6,-0.7,0.375,-4.166666666666667,0.5,2.2,0,0,0,0.34375,0.625,0.40078125,0.6041666666666667,0.2872340425531915,0.5957446808510638,0.44148936170212766,223,162.68617021276594,16.662501375820344,166.85179555672104,0.9965780853231044,9,0.7127659574468085,0.5425531914893617,0.45744680851063835,1.0,0.24148936170212768,0.34617134449977366,0.16622340425531915,0.7722810576654497,0.29414893617021276,0.5396276595744681,0.5384519650088626,,
401391783,2022-07-07 23:00:00+00:00,7,7,2022,5,Fever,84,19,Sky,93,Corteva Coliseum,0,2022,2,0.1875,-10.65625,0.2,-13.7,0.6756756756756757,4.486486486486487,0.8,6.6,0,0,0,0.8125,0.32432432432432434,0.76640625,0.38783783783783776,0.9047619047619048,0.12698412698412698,0.5158730158730158,177,163.005291005291,17.18748225670182,167.30216156946648,0.1471593131102883,9,0.873015873015873,0.544973544973545,0.455026455026455,0.798941798941799,0.241005291005291,0.4072066851431931,0.17738095238095236,0.7133764718899513,0.30158730158730157,0.521031746031746,0.43211967802447393,,
401391784,2022-07-08 02:00:00+00:00,7,8,2022,11,Mercury,84,9,Liberty,81,Mortgage Matchup Center,0,2022,2,0.43902439024390244,-1.7804878048780488,0.4,-1.0,0.4,-3.64,0.6,3.8,0,0,0,0.5609756097560976,0.6,0.5445121951219513,0.591,0.6210526315789474,0.5263157894736842,0.5736842105263158,165,163.07894736842104,17.171992668861627,167.37194553563646,0.009494413718536765,3,0.4736842105263158,0.9052631578947369,0.09473684210526312,0.531578947368421,0.16894736842105262,0.2799335180055402,0.18605263157894736,0.6264045196092726,0.30736842105263157,0.506578947368421,0.3215019177213449,,
401391785,2022-07-08 02:30:00+00:00,7,8,2022,6,Sparks,69,14,Storm,106,crypto.com Arena,0,2022,2,0.46153846153846156,-2.4615384615384617,0.5,-3.2,0.6428571428571429,3.3214285714285716,0.7,4.5,0,0,0,0.5384615384615384,0.3571428571428571,0.5615384615384615,0.4169642857142857,0.581151832460733,0.2198952879581152,0.4005235602094241,175,163.0890052356021,17.127307667949566,167.3708321525895,0.0944455532780708,37,0.7801047120418848,0.0,1.0,0.7643979057591623,0.35,0.3185340314136126,0.16007853403141362,0.5264085414325265,0.2900523560209424,0.549869109947644,0.5254065953008994,,
401455978,2022-07-10 17:00:00+00:00,7,10,2022,112530,Team Wilson,134,126287,TEAM STEWART,112,Wintrust Arena,0,2022,2,,,,,,,,,0,0,0,,,,,0.0,0.0,0.0,246,163.15104166666666,17.10402723338422,167.42704847501273,0.9999738490693906,22,1.0,0.13020833333333334,0.8697916666666666,1.0,0.32395833333333335,0.40562499999999996,0.1,0.6471907552083334,0.25,0.65,0.31744530157360573,,
401391786,2022-07-12 19:00:00+00:00,7,12,2022,14,Storm,83,3,Wings,74,Climate Pledge Arena,0,2022,2,0.6551724137931034,4.482758620689655,0.7,7.7,0.4666666666666667,-1.1666666666666667,0.4,-1.3,0,0,0,0.3448275862068966,0.5333333333333333,0.3879310344827587,0.5291666666666667,0.17098445595854922,0.6010362694300518,0.38601036269430056,157,163.58031088082902,18.071761636676424,168.09825128999813,0.1718594577416247,9,0.8290155440414508,0.5492227979274611,0.4507772020725389,0.33678756476683935,0.2401554404145078,0.39094593143440093,0.15790155440414508,0.5380494820113404,0.28860103626943007,0.5534974093264249,0.370887378885674,,
401391787,2022-07-12 23:00:00+00:00,7,12,2022,9,Liberty,101,17,Aces,107,Barclays Center,0,2022,2,0.38461538461538464,-3.6153846153846154,0.5,1.6,0.6363636363636364,3.5757575757575757,0.5,-2.2,0,0,0,0.6153846153846154,0.36363636363636365,0.5903846153846154,0.41060606060606064,0.5567010309278351,0.4175257731958763,0.4871134020618557,208,163.5463917525773,18.03107313256912,168.05416003571958,0.9140486700771758,6,0.5824742268041236,0.7422680412371134,0.25773195876288657,0.9845360824742269,0.20154639175257733,0.3123846848761824,0.17306701030927835,0.8278211404851464,0.29871134020618556,0.528221649484536,0.49248297414659337,,
401391788,2022-07-13 00:00:00+00:00,7,13,2022,19,Sky,90,20,Dream,75,Wintrust Arena,0,2022,2,0.6842105263157895,4.605263157894737,0.8,7.1,0.43333333333333335,-1.9333333333333333,0.3,-5.1,0,0,0,0.3157894736842105,0.5666666666666667,0.38486842105263164,0.5483333333333333,0.13333333333333333,0.7282051282051282,0.43076923076923074,165,163.77435897435896,18.264109331261885,168.34038630717444,0.0165859239353926,15,0.8666666666666667,0.28205128205128205,0.717948717948718,0.5230769230769231,0.2935897435897436,0.3767521367521367,0.1646153846153846,0.5331444225290379,0.29307692307692307,0.5423076923076924,0.4467539668868794,,
401391789,2022-07-13 00:00:00+00:00,7,13,2022,8,Lynx,118,11,Mercury,107,Target Center,0,2022,2,0.4375,0.03125,0.5,7.1,0.4523809523809524,-1.6666666666666667,0.5,1.1,0,0,0,0.5625,0.5476190476190477,0.49921875000000004,0.5416666666666667,0.4336734693877551,0.5459183673469388,0.4897959183673469,225,163.78061224489795,18.21742844394931,168.33496935588528,0.9920736071952327,11,0.5663265306122449,0.44387755102040816,0.5561224489795918,0.9948979591836735,0.2612244897959184,0.28307163681799247,0.17346938775510204,0.7269663575551004,0.2989795918367347,0.5275510204081633,0.5967560005817636,,
401391790,2022-07-13 02:30:00+00:00,7,13,2022,6,Sparks,81,16,Mystics,94,crypto.com Arena,0,2022,2,0.4444444444444444,-3.740740740740741,0.5,-6.2,0.53125,1.1875,0.5,2.5,0,0,0,0.5555555555555556,0.46875,0.5935185185185186,0.4703125,0.6598984771573604,0.4517766497461929,0.5558375634517767,175,164.09137055837564,18.687051520787254,168.76313343857245,0.054173053527403314,13,0.5482233502538071,0.34517766497461927,0.6548223350253808,0.751269035532995,0.28096446700507616,0.2689995877244969,0.1833756345177665,0.5849820015321685,0.30558375634517765,0.5110406091370558,0.4940926539477817,,
401391791,2022-07-13 16:00:00+00:00,7,13,2022,5,Fever,81,18,Sun,89,Corteva Coliseum,0,2022,2,0.18181818181818182,-10.606060606060606,0.2,-12.7,0.65625,7.6875,0.5,2.1,0,0,0,0.8181818181818181,0.34375,0.7651515151515151,0.30781250000000004,0.898989898989899,0.29797979797979796,0.5984848484848485,170,164.14646464646464,18.655676797638073,168.81038384587416,0.002031048441548,8,0.702020202020202,0.6313131313131313,0.36868686868686873,0.6464646464646465,0.22373737373737373,0.3501022854810733,0.18977272727272726,0.6535899204781206,0.3098484848484849,0.500378787878788,0.41409162829680274,,
401391792,2022-07-14 15:00:00+00:00,7,14,2022,9,Liberty,74,17,Aces,108,Barclays Center,0,2022,2,0.37037037037037035,-3.7037037037037037,0.4,-0.4,0.6470588235294118,3.6470588235294117,0.5,-3.3,0,0,0,0.6296296296296297,0.3529411764705882,0.5925925925925926,0.4088235294117647,0.6733668341708543,0.4321608040201005,0.5527638190954773,182,164.17587939698493,18.613132680647865,168.82916256714688,0.2214763455046651,34,0.5678391959798995,0.01507537688442211,0.9849246231155779,0.8793969849246231,0.3469849246231156,0.25070528522007024,0.1829145728643216,0.5546011337463053,0.30527638190954776,0.5118090452261307,0.6240949990226912,,
401391793,2022-07-15 00:00:00+00:00,7,15,2022,8,Lynx,87,3,Wings,92,Target Center,0,2022,2,0.45454545454545453,0.36363636363636365,0.6,8.6,0.45161290322580644,-1.4193548387096775,0.4,-1.7,0,0,0,0.5454545454545454,0.5483870967741935,0.49090909090909096,0.5354838709677419,0.315,0.63,0.47250000000000003,179,164.265,18.609036952013582,168.9172592380034,0.13651973280280516,5,0.685,0.81,0.18999999999999995,0.82,0.188,0.35931,0.170875,0.7910269000000001,0.29725,0.531875,0.33111624684267926,,
401391794,2022-07-15 02:00:00+00:00,7,15,2022,11,Mercury,80,16,Mystics,75,Mortgage Matchup Center,0,2022,2,0.4418604651162791,-1.8837209302325582,0.4,-1.3,0.5454545454545454,1.5454545454545454,0.6,4.7,0,0,0,0.5581395348837209,0.4545454545454546,0.547093023255814,0.4613636363636363,0.6218905472636815,0.3482587064676617,0.4850746268656716,155,164.33830845771143,18.591529660691666,168.98619087288435,0.24645675368879583,5,0.6517412935323383,0.8109452736318408,0.18905472636815923,0.2835820895522388,0.18781094527363185,0.34588747803272196,0.17276119402985074,0.5351347394115288,0.29850746268656714,0.5287313432835821,0.3554865687765285,,
401391795,2022-07-15 02:30:00+00:00,7,15,2022,6,Sparks,68,19,Sky,80,crypto.com Arena,0,2022,2,0.42857142857142855,-4.071428571428571,0.5,-5.8,0.6923076923076923,4.871794871794871,0.8,8.4,0,0,0,0.5714285714285714,0.3076923076923077,0.6017857142857143,0.3782051282051282,0.6633663366336634,0.0891089108910891,0.37623762376237624,148,164.29207920792078,18.55685995465772,168.9312941965852,0.47066866853758826,12,0.9108910891089109,0.39603960396039606,0.6039603960396039,0.15841584158415842,0.2707920792079208,0.40503529065777866,0.15643564356435644,0.45842618807513535,0.28762376237623766,0.5559405940594059,0.4565084855653645,,
401391796,2022-07-15 23:00:00+00:00,7,15,2022,5,Fever,77,8,Lynx,87,Corteva Coliseum,0,2022,2,0.17647058823529413,-10.529411764705882,0.2,-12.1,0.4411764705882353,0.20588235294117646,0.6,8.3,0,0,0,0.8235294117647058,0.5588235294117647,0.763235294117647,0.4948529411764706,0.8916256157635468,0.3793103448275862,0.6354679802955665,164,164.21182266009853,18.546154844947004,168.84836137133527,0.03359334810087422,10,0.6206896551724138,0.49261083743842365,0.5073891625615763,0.4975369458128079,0.25147783251231526,0.3071521997621879,0.19532019704433498,0.5269940572071217,0.31354679802955665,0.49113300492610834,0.4777510053434087,,
401391797,2022-07-15 23:30:00+00:00,7,15,2022,20,Dream,68,18,Sun,93,Gateway Center,0,2022,2,0.41935483870967744,-2.3548387096774195,0.3,-6.4,0.6666666666666666,7.696969696969697,0.5,1.0,0,0,0,0.5806451612903225,0.33333333333333337,0.5588709677419355,0.3075757575757576,0.7549019607843137,0.3137254901960784,0.5343137254901961,161,164.2107843137255,18.500424209556538,168.83589036611463,0.08579287406305935,25,0.6862745098039216,0.09313725490196079,0.9068627450980392,0.4215686274509804,0.3313725490196079,0.29629373317954627,0.1801470588235294,0.41197273296092757,0.30343137254901964,0.5164215686274509,0.5665570736459716,0.3872549019607843,0.09803921568627451
401391798,2022-07-17 00:00:00+00:00,7,17,2022,3,Wings,81,19,Sky,89,College Park Center,0,2022,2,0.46875,-1.21875,0.5,-0.4,0.7,5.05,0.8,9.0,0,0,0,0.53125,0.30000000000000004,0.53046875,0.37375,0.5170731707317073,0.08780487804878048,0.3024390243902439,170,164.1951219512195,18.456386736902587,168.80921863544515,0.0020791643645340363,8,0.9121951219512195,0.6341463414634146,0.36585365853658536,0.6439024390243903,0.22317073170731705,0.4319928613920286,0.1453658536585366,0.6995629488835043,0.2802439024390244,0.574390243902439,0.27654852147776177,0.05365853658536585,0.3463414634146341
401391799,2022-07-17 17:00:00+00:00,7,17,2022,18,Sun,83,17,Aces,91,Mohegan Sun Arena,0,2022,2,0.6764705882352942,8.205882352941176,0.6,3.9,0.6571428571428571,4.514285714285714,0.5,-0.7,0,0,0,0.32352941176470584,0.34285714285714286,0.29485294117647065,0.38714285714285723,0.1796116504854369,0.3932038834951456,0.28640776699029125,174,164.2233009708738,18.415757854161768,168.82724043441425,0.03868096750551131,8,0.8203883495145631,0.6359223300970874,0.36407766990291257,0.7281553398058253,0.22281553398058251,0.39651498727495527,0.1429611650485437,0.7121345164437229,0.27864077669902915,0.5783980582524271,0.2726344571959111,0.04854368932038835,0.3640776699029126
401391800,2022-07-17 19:00:00+00:00,7,17,2022,16,Mystics,70,8,Lynx,57,CareFirst Arena,0,2022,2,0.5294117647058824,1.3529411764705883,0.5,2.4,0.45714285714285713,0.4857142857142857,0.7,9.4,0,0,0,0.47058823529411764,0.5428571428571429,0.4661764705882353,0.4878571428571429,0.41545893719806765,0.2946859903381642,0.35507246376811596,127,164.27053140096618,18.383568306964364,168.86642347770726,0.9252223592477293,13,0.7053140096618358,0.34299516908212563,0.6570048309178744,0.014492753623188406,0.2814009661835749,0.32527888632173446,0.1532608695652174,0.31574542238709735,0.2855072463768116,0.5612318840579711,0.5286580112687994,0.3526570048309179,0.024154589371980676
401391802,2022-07-17 22:00:00+00:00,7,17,2022,14,Storm,81,5,Fever,65,Climate Pledge Arena,0,2022,2,0.6666666666666666,4.633333333333334,0.7,8.4,0.17142857142857143,-10.514285714285714,0.1,-13.5,0,0,0,0.33333333333333337,0.8285714285714285,0.38416666666666666,0.7628571428571429,0.15789473684210525,0.9425837320574163,0.5502392344497608,146,164.07177033492823,18.47788744025389,168.6912421949917,0.529527770617422,16,0.8421052631578947,0.2679425837320574,0.7320574162679425,0.14354066985645933,0.2964114832535885,0.366606648199446,0.1825358851674641,0.3962098057809068,0.3050239234449761,0.5124401913875598,0.6019175442378247,0.4354066985645933,0.09569377990430622
401391801,2022-07-17 22:00:00+00:00,7,17,2022,11,Mercury,75,20,Dream,85,Mortgage Matchup Center,0,2022,2,0.45454545454545453,-1.7272727272727273,0.5,-0.3,0.40625,-3.0625,0.3,-7.6,0,0,0,0.5454545454545454,0.59375,0.5431818181818182,0.5765625,0.5288461538461539,0.7884615384615384,0.6586538461538461,160,164.09134615384616,18.520293664144976,168.7214195698824,0.10495280302345811,10,0.47115384615384615,0.4951923076923077,0.5048076923076923,0.3798076923076923,0.25096153846153846,0.2513600221893491,0.19879807692307694,0.4317351430928539,0.3158653846153846,0.48533653846153846,0.4999844690330103,0.3269230769230769,0.11057692307692307
401391803,2022-07-19 15:30:00+00:00,7,19,2022,18,Sun,82,9,Liberty,63,Mohegan Sun Arena,0,2022,2,0.6571428571428571,7.742857142857143,0.5,1.8,0.35714285714285715,-4.785714285714286,0.4,-3.6,0,0,0,0.34285714285714286,0.6428571428571428,0.3064285714285714,0.6196428571428572,0.2619047619047619,0.7476190476190476,0.5047619047619047,145,163.9857142857143,18.47576417709281,168.6046553299875,0.557861543099031,19,0.7380952380952381,0.18571428571428572,0.8142857142857143,0.13333333333333333,0.31285714285714283,0.3223027210884354,0.1757142857142857,0.3394199384515711,0.30047619047619045,0.5238095238095238,0.6070968049313921,0.4380952380952381,0.06190476190476191
401391804,2022-07-20 02:00:00+00:00,7,20,2022,17,Aces,76,20,Dream,92,Michelob ULTRA Arena,0,2022,2,0.6666666666666666,4.611111111111111,0.5,0.0,0.42424242424242425,-2.6666666666666665,0.4,-6.0,0,0,0,0.33333333333333337,0.5757575757575757,0.3847222222222222,0.5666666666666667,0.3127962085308057,0.7061611374407583,0.509478672985782,168,163.8957345971564,18.478005736697245,168.51523603133072,0.0003886761106471903,16,0.6872037914691943,0.27488151658767773,0.7251184834123223,0.6066350710900474,0.2950236966824645,0.3127288245996272,0.1764218009478673,0.5266558536570047,0.3009478672985782,0.5226303317535546,0.48456043994506365,0.3080568720379147,0.21800947867298578
401391805,2022-07-20 02:30:00+00:00,7,20,2022,6,Sparks,86,5,Fever,79,crypto.com Arena,0,2022,2,0.41379310344827586,-4.344827586206897,0.5,-6.0,0.16666666666666666,-10.666666666666666,0.1,-13.8,0,0,0,0.5862068965517242,0.8333333333333334,0.6086206896551725,0.7666666666666666,0.6886792452830188,0.9433962264150944,0.8160377358490566,165,163.91509433962264,18.436322033779888,168.52417484806762,0.01810402364950947,7,0.3113207547169812,0.6839622641509434,0.3160377358490566,0.5188679245283019,0.21320754716981133,0.2011516553933784,0.22240566037735848,0.5078263012419648,0.33160377358490567,0.4459905660377358,0.47277087485750635,0.2783018867924528,0.19339622641509435
401391806,2022-07-20 16:00:00+00:00,7,20,2022,19,Sky,78,14,Storm,74,Wintrust Arena,0,2022,2,0.7073170731707317,5.121951219512195,0.9,10.0,0.6774193548387096,5.0,0.8,11.1,0,0,0,0.29268292682926833,0.32258064516129037,0.3719512195121951,0.375,0.07042253521126761,0.07981220657276995,0.07511737089201878,152,163.92018779342723,18.392938964128383,168.51842253445932,0.3318738867139548,4,0.9295774647887324,0.8591549295774648,0.14084507042253525,0.215962441314554,0.17816901408450705,0.4641608807776235,0.11126760563380282,0.6416513183445046,0.2575117370892019,0.6312206572769954,0.12061170771938363,0.0,0.3192488262910798
401391807,2022-07-21 15:30:00+00:00,7,21,2022,16,Mystics,78,9,Liberty,69,Capital One Arena,0,2022,2,0.5428571428571428,1.6857142857142857,0.6,4.9,0.3448275862068966,-5.275862068965517,0.3,-6.7,0,0,0,0.4571428571428572,0.6551724137931034,0.45785714285714285,0.631896551724138,0.29906542056074764,0.8177570093457944,0.5584112149532711,147,163.8644859813084,18.367795619826765,168.4564348862651,0.49454345923390264,9,0.7009345794392523,0.5560747663551402,0.4439252336448598,0.1542056074766355,0.23878504672897197,0.34290243689405187,0.18376168224299066,0.42255822448681396,0.3058411214953271,0.5103971962616822,0.511660247802338,0.3411214953271028,0.11214953271028037
401391808,2022-07-21 19:30:00+00:00,7,21,2022,6,Sparks,85,20,Dream,78,crypto.com Arena,0,2022,2,0.43333333333333335,-3.966666666666667,0.5,-5.5,0.4411764705882353,-2.1176470588235294,0.4,-4.9,0,0,0,0.5666666666666667,0.5588235294117647,0.5991666666666667,0.5529411764705883,0.6558139534883721,0.6790697674418604,0.6674418604651162,163,163.78604651162792,18.360888712066522,168.37626868964455,0.04196322742922687,7,0.3441860465116279,0.6837209302325581,0.3162790697674419,0.4883720930232558,0.21325581395348836,0.21406760411032993,0.20011627906976742,0.4994414378608172,0.3167441860465116,0.4831395348837209,0.43104463147497313,0.22325581395348837,0.18604651162790697
401391809,2022-07-22 02:00:00+00:00,7,22,2022,17,Aces,90,5,Fever,77,Michelob ULTRA Arena,0,2022,2,0.6486486486486487,4.054054054054054,0.5,-0.7,0.16216216216216217,-10.567567567567568,0.0,-14.7,0,0,0,0.3513513513513513,0.8378378378378378,0.3986486486486486,0.7641891891891892,0.35185185185185186,0.9444444444444444,0.6481481481481481,167,163.78240740740742,18.318217282530288,168.36196172804,0.0027601542264169554,13,0.6481481481481481,0.3472222222222222,0.6527777777777778,0.5925925925925926,0.28055555555555556,0.30509773662551437,0.19722222222222224,0.5333170677107149,0.3148148148148148,0.487962962962963,0.5223207697858753,0.35648148148148145,0.24074074074074073
401391810,2022-07-23 00:00:00+00:00,7,23,2022,8,Lynx,84,18,Sun,94,Target Center,0,2022,2,0.4444444444444444,0.1111111111111111,0.6,6.8,0.6666666666666666,8.055555555555555,0.5,2.6,0,0,0,0.5555555555555556,0.33333333333333337,0.49722222222222223,0.29861111111111105,0.3640552995391705,0.2764976958525346,0.32027649769585254,178,163.79723502304148,18.277070022730793,168.36650252872417,0.1296912304508534,10,0.7235023041474654,0.4976958525345622,0.5023041474654377,0.815668202764977,0.25046082949308757,0.3461005755059568,0.1480414746543779,0.6825338419365311,0.2820276497695853,0.5699308755760368,0.3433988039431014,0.14746543778801843,0.3686635944700461
401391811,2022-07-23 00:00:00+00:00,7,23,2022,19,Sky,89,3,Wings,83,Wintrust Arena,0,2022,2,0.7142857142857143,5.095238095238095,0.9,9.5,0.45454545454545453,-1.4242424242424243,0.4,-1.7,0,0,0,0.2857142857142857,0.5454545454545454,0.3726190476190476,0.5356060606060606,0.07339449541284404,0.6100917431192661,0.34174311926605505,172,163.86238532110093,18.26026276172775,168.42745101153287,0.018956713990032847,6,0.926605504587156,0.7568807339449541,0.24311926605504586,0.6926605504587156,0.19862385321100917,0.45141738910866086,0.15126146788990827,0.7681177062444162,0.2841743119266055,0.5645642201834862,0.26489160816330803,0.05045871559633028,0.43577981651376146
401391812,2022-07-23 02:00:00+00:00,7,23,2022,11,Mercury,94,14,Storm,78,Mortgage Matchup Center,0,2022,2,0.4318181818181818,-2.4545454545454546,0.5,0.0,0.65625,4.71875,0.7,9.8,0,0,0,0.5681818181818181,0.34375,0.5613636363636363,0.38203125000000004,0.547945205479452,0.136986301369863,0.3424657534246575,172,163.89954337899545,18.226630123588407,168.45620090989254,0.018723950845410453,16,0.863013698630137,0.2694063926940639,0.730593607305936,0.6894977168949772,0.29611872146118723,0.37411772064802656,0.15136986301369865,0.5837154388854187,0.2842465753424658,0.5643835616438356,0.4037850143772034,0.2009132420091324,0.2831050228310502
401391813,2022-07-23 23:00:00+00:00,7,23,2022,9,Liberty,83,19,Sky,80,Barclays Center,0,2022,2,0.3333333333333333,-5.4,0.3,-6.7,0.7209302325581395,5.116279069767442,0.9,7.8,0,0,0,0.6666666666666667,0.2790697674418605,0.635,0.37209302325581395,0.8136363636363636,0.06818181818181818,0.4409090909090909,163,163.93636363636364,18.193168105415662,168.48465566271756,0.04442443936006868,3,0.9318181818181819,0.9181818181818182,0.08181818181818179,0.4772727272727273,0.16636363636363635,0.4717623966942149,0.16613636363636364,0.7608968914350114,0.29409090909090907,0.5397727272727273,0.26943320076227917,0.05454545454545454,0.43636363636363634
401391814,2022-07-24 02:00:00+00:00,7,24,2022,17,Aces,84,6,Sparks,66,Michelob ULTRA Arena,0,2022,2,0.6578947368421053,4.2894736842105265,0.6,0.7,0.45161290322580644,-3.6129032258064515,0.6,-2.5,0,0,0,0.3421052631578947,0.5483870967741935,0.3927631578947368,0.5903225806451613,0.26244343891402716,0.5656108597285068,0.41402714932126694,150,163.93212669683257,18.15188218395653,168.4700972428217,0.40410115814502545,18,0.7375565610859729,0.20361990950226244,0.7963800904977376,0.18552036199095023,0.3092760180995475,0.323796400565099,0.16210407239819005,0.3621124878298878,0.2914027149321267,0.5464932126696833,0.523836790850117,0.3755656108597285,0.07692307692307693
401391815,2022-07-24 19:00:00+00:00,7,24,2022,5,Fever,86,3,Wings,96,Hinkle Fieldhouse,0,2022,2,0.15789473684210525,-10.631578947368421,0.0,-13.4,0.4411764705882353,-1.5588235294117647,0.3,-3.3,0,0,0,0.8421052631578947,0.5588235294117647,0.7657894736842106,0.5389705882352941,0.9369369369369369,0.6981981981981982,0.8175675675675675,182,163.86936936936937,18.134890712076732,168.40309204738855,0.2450274171522474,10,0.30180180180180183,0.5,0.5,0.8873873873873874,0.25,0.18817567567567567,0.22263513513513514,0.6680941076211346,0.33175675675675675,0.44560810810810814,0.5847448275422138,0.43243243243243246,0.35585585585585583
401391816,2022-07-24 22:00:00+00:00,7,24,2022,14,Storm,82,20,Dream,72,Climate Pledge Arena,0,2022,2,0.6363636363636364,4.090909090909091,0.6,6.8,0.42857142857142855,-2.257142857142857,0.4,-4.4,0,0,0,0.36363636363636365,0.5714285714285714,0.3977272727272727,0.5564285714285714,0.2062780269058296,0.6816143497757847,0.4439461883408072,154,163.9506726457399,18.134688451175148,168.4843447585337,0.2731014027991283,10,0.7937219730941704,0.5022421524663677,0.4977578475336323,0.26905829596412556,0.24955156950672647,0.37286854752759957,0.16659192825112107,0.4869358659359738,0.2943946188340807,0.5390134529147983,0.4313266889826709,0.23766816143497757,0.17040358744394618
401391817,2022-07-24 23:00:00+00:00,7,24,2022,8,Lynx,79,18,Sun,86,Target Center,0,2022,2,0.43243243243243246,-0.16216216216216217,0.5,4.6,0.6756756756756757,8.108108108108109,0.6,4.4,0,0,0,0.5675675675675675,0.32432432432432434,0.504054054054054,0.29729729729729726,0.47767857142857145,0.19196428571428573,0.3348214285714286,165,163.90625,18.106192886745074,168.43279822168626,0.01781211147970596,7,0.8080357142857143,0.6875,0.3125,0.5178571428571429,0.2125,0.3969140625,0.15022321428571428,0.6468537248883929,0.28348214285714285,0.5662946428571429,0.2808715435963296,0.08482142857142858,0.3392857142857143
401430112,2022-07-27 00:30:00+00:00,7,27,2022,19,Sky,83,17,Aces,93,Wintrust Arena,0,2022,2,0.7045454545454546,4.931818181818182,0.8,7.2,0.6666666666666666,4.641025641025641,0.6,1.9,0,0,0,0.2954545454545454,0.33333333333333337,0.37670454545454546,0.38397435897435894,0.12444444444444444,0.28444444444444444,0.20444444444444443,176,163.9111111111111,18.06587922198895,168.42758091660835,0.08409791683286671,10,0.8755555555555555,0.5022222222222222,0.49777777777777776,0.7733333333333333,0.24955555555555556,0.4035723456790124,0.13066666666666665,0.689430509739369,0.27044444444444443,0.5988888888888888,0.268049535206902,0.05333333333333334,0.38666666666666666
401391818,2022-07-28 23:00:00+00:00,7,28,2022,20,Dream,85,8,Lynx,92,Gateway Center,0,2022,2,0.4166666666666667,-2.4722222222222223,0.4,-4.3,0.42105263157894735,-0.34210526315789475,0.5,4.2,0,0,0,0.5833333333333333,0.5789473684210527,0.5618055555555556,0.5085526315789474,0.7035398230088495,0.5221238938053098,0.6128318584070797,177,163.9646017699115,18.04361589952515,168.47550574479277,0.10559711266960303,7,0.47787610619469023,0.6902654867256637,0.3097345132743363,0.7964601769911505,0.21194690265486726,0.2671011825514919,0.19192477876106195,0.7005725426000607,0.31128318584070797,0.4967920353982301,0.42113183483871,0.22566371681415928,0.3938053097345133
401391819,2022-07-28 23:00:00+00:00,7,28,2022,18,Sun,88,14,Storm,83,Mohegan Sun Arena,0,2022,2,0.6842105263157895,8.078947368421053,0.7,5.5,0.6470588235294118,4.264705882352941,0.7,8.6,0,0,0,0.3157894736842105,0.3529411764705882,0.2980263157894736,0.3933823529411764,0.15418502202643172,0.15418502202643172,0.15418502202643172,171,164.02202643171807,18.024429080085035,168.52813370173934,0.00935958393838443,5,0.8458149779735683,0.8237885462555066,0.17621145374449343,0.6607929515418502,0.1852422907488987,0.4260429078771178,0.12312775330396476,0.7645099727000313,0.2654185022026432,0.6114537444933921,0.14219921372886474,0.00881057268722467,0.45374449339207046
401391820,2022-07-29 00:00:00+00:00,7,29,2022,3,Wings,77,16,Mystics,87,College Park Center,0,2022,2,0.45714285714285713,-1.2285714285714286,0.4,-1.8,0.5555555555555556,1.8888888888888888,0.6,5.0,0,0,0,0.5428571428571429,0.4444444444444444,0.5307142857142857,0.4527777777777777,0.618421052631579,0.34649122807017546,0.48245614035087725,164,164.05263157894737,17.990620221431325,168.5502866343052,0.031479524157549954,10,0.6535087719298245,0.5,0.5,0.49122807017543857,0.25,0.32006578947368414,0.1723684210526316,0.5346058402585411,0.29824561403508776,0.5293859649122806,0.40995439227957275,0.21929824561403508,0.2412280701754386
401391821,2022-07-29 02:00:00+00:00,7,29,2022,11,Mercury,90,6,Sparks,80,Mortgage Matchup Center,0,2022,2,0.4318181818181818,-2.2045454545454546,0.6,2.8,0.4375,-4.0625,0.5,-5.1,0,0,0,0.5681818181818181,0.5625,0.5551136363636363,0.6015625,0.4759825327510917,0.6550218340611353,0.5655021834061136,170,164.05240174672488,17.951124088714277,168.54018276890346,0.0033011545176629964,10,0.5240174672489083,0.5021834061135371,0.49781659388646293,0.6419213973799127,0.2495633187772926,0.27166463263477053,0.18482532751091704,0.5745350312170325,0.30655021834061136,0.5086244541484716,0.4408441618690693,0.2794759825327511,0.2838427947598253
401391822,2022-07-29 23:00:00+00:00,7,29,2022,5,Fever,72,17,Aces,93,Hinkle Fieldhouse,0,2022,2,0.15384615384615385,-10.615384615384615,0.0,-13.2,0.675,4.775,0.7,3.9,0,0,0,0.8461538461538461,0.32499999999999996,0.7653846153846153,0.380625,0.9347826086956522,0.19130434782608696,0.5630434782608695,165,164.0782608695652,17.916179327032168,168.55730570132326,0.019518583369166786,21,0.808695652173913,0.13043478260869565,0.8695652173913043,0.508695652173913,0.3239130434782609,0.3409829867674858,0.18445652173913044,0.47688904413577715,0.30630434782608695,0.5092391304347826,0.5566757080693854,0.43043478260869567,0.1608695652173913
401391823,2022-07-30 00:00:00+00:00,7,30,2022,19,Sky,89,9,Liberty,81,Wintrust Arena,0,2022,2,0.6818181818181818,4.5227272727272725,0.7,5.4,0.3548387096774194,-5.129032258064516,0.3,-6.8,0,0,0,0.31818181818181823,0.6451612903225806,0.3869318181818182,0.6282258064516129,0.17316017316017315,0.8181818181818182,0.4956709956709957,170,164.08225108225108,17.87729155021717,168.55157396980536,0.003276775476012239,8,0.8268398268398268,0.6406926406926406,0.35930735930735935,0.6406926406926406,0.22186147186147187,0.399511815745582,0.17435064935064937,0.6819915293941268,0.2995670995670996,0.526082251082251,0.3689716846116165,0.18614718614718614,0.38095238095238093
401391824,2022-07-30 16:00:00+00:00,7,30,2022,16,Mystics,77,14,Storm,82,CareFirst Arena,0,2022,2,0.5675675675675675,2.108108108108108,0.7,6.2,0.6285714285714286,4.0,0.6,7.1,0,0,0,0.43243243243243246,0.37142857142857144,0.4472972972972973,0.4,0.2413793103448276,0.23706896551724138,0.23922413793103448,159,164.10775862068965,17.842784569350073,168.56845476302718,0.1339303025853441,5,0.7629310344827587,0.8275862068965517,0.1724137931034483,0.35344827586206895,0.18448275862068966,0.3926434304399524,0.13588362068965518,0.6151579285231047,0.27392241379310345,0.5901939655172413,0.20661557942643966,0.02586206896551724,0.3232758620689655
401391825,2022-07-30 23:30:00+00:00,7,30,2022,20,Dream,68,3,Wings,81,Gateway Center,0,2022,2,0.40540540540540543,-2.5945945945945947,0.4,-3.2,0.4444444444444444,-1.4722222222222223,0.3,-5.4,0,0,0,0.5945945945945945,0.5555555555555556,0.5648648648648649,0.5368055555555555,0.6909871244635193,0.7296137339055794,0.7103004291845494,149,164.08583690987123,17.807432977043817,168.5376951541322,0.45222228313728596,13,0.3090128755364807,0.33905579399141633,0.6609442060085837,0.17167381974248927,0.2821888412017167,0.18268756101604378,0.2065450643776824,0.24100797338232038,0.32103004291845494,0.4724248927038627,0.6411508314502713,0.5236051502145923,0.004291845493562232
401391826,2022-07-31 17:00:00+00:00,7,31,2022,18,Sun,92,19,Sky,95,Mohegan Sun Arena,0,2022,2,0.6923076923076923,8.0,0.7,4.9,0.7045454545454546,4.886363636363637,0.7,4.6,0,0,0,0.3076923076923077,0.2954545454545454,0.30000000000000004,0.37784090909090906,0.1581196581196581,0.16666666666666666,0.16239316239316237,187,164.02136752136752,17.79652437041917,168.47049861397232,0.4184362548317949,3,0.8418803418803419,0.9230769230769231,0.07692307692307687,0.9230769230769231,0.16538461538461538,0.434784681130835,0.12435897435897436,0.9096482577251809,0.26623931623931624,0.6094017094017095,0.1714789216460593,0.017094017094017096,0.5470085470085471
401391827,2022-07-31 18:00:00+00:00,7,31,2022,9,Liberty,89,11,Mercury,69,Barclays Center,0,2022,2,0.34375,-5.21875,0.2,-8.8,0.4318181818181818,-2.0,0.6,2.7,0,0,0,0.65625,0.5681818181818181,0.63046875,0.55,0.8297872340425532,0.5148936170212766,0.6723404255319149,158,164.1191489361702,17.821606955778993,168.57455067511495,0.16141174255003088,20,0.48510638297872344,0.14893617021276595,0.851063829787234,0.3404255319148936,0.32021276595744685,0.23286328655500224,0.20085106382978724,0.34216334530884296,0.3172340425531915,0.4819148936170213,0.6264170040446345,0.5106382978723404,0.06382978723404255
401391828,2022-07-31 19:00:00+00:00,7,31,2022,5,Fever,69,17,Aces,94,Hinkle Fieldhouse,0,2022,2,0.15,-10.875,0.0,-13.2,0.6829268292682927,5.170731707317073,0.7,5.4,0,0,0,0.85,0.31707317073170727,0.771875,0.37073170731707317,0.940677966101695,0.1652542372881356,0.5529661016949152,163,164.09322033898306,17.78810852520401,168.54024747028407,0.047345538917417884,25,0.8347457627118644,0.0847457627118644,0.9152542372881356,0.4661016949152542,0.33305084745762714,0.3450614047687446,0.18294491525423728,0.4572877004221464,0.3052966101694915,0.5117584745762712,0.5710707303880215,0.4491525423728814,0.13559322033898305
401391829,2022-07-31 19:00:00+00:00,7,31,2022,16,Mystics,78,14,Storm,75,CareFirst Arena,0,2022,2,0.5526315789473685,1.9210526315789473,0.7,7.1,0.6388888888888888,4.027777777777778,0.6,6.0,0,0,0,0.4473684210526315,0.36111111111111116,0.4519736842105263,0.3993055555555556,0.2320675105485232,0.25738396624472576,0.24472573839662448,153,164.08860759493672,17.750523893021345,168.52623856819204,0.3178753833879645,3,0.7679324894514767,0.9240506329113924,0.07594936708860756,0.2320675105485232,0.1651898734177215,0.4040199220210436,0.13670886075949368,0.6001619457194168,0.27447257383966245,0.5888185654008438,0.20840145799212198,0.0379746835443038,0.31645569620253167
401391830,2022-07-31 23:00:00+00:00,7,31,2022,6,Sparks,77,8,Lynx,84,crypto.com Arena,0,2022,2,0.42424242424242425,-4.242424242424242,0.5,-5.5,0.4358974358974359,-0.15384615384615385,0.5,2.1,0,0,0,0.5757575757575757,0.5641025641025641,0.6060606060606061,0.5038461538461538,0.6722689075630253,0.542016806722689,0.6071428571428572,161,164.0420168067227,17.72761318770944,168.47392010365007,0.0850375842924691,7,0.45798319327731096,0.6890756302521008,0.31092436974789917,0.4117647058823529,0.21218487394957983,0.25918455617541136,0.1910714285714286,0.4934462786597585,0.3107142857142857,0.4982142857142857,0.4153441410683675,0.23949579831932774,0.18487394957983194
401391831,2022-08-02 23:00:00+00:00,8,2,2022,18,Sun,87,11,Mercury,63,Mohegan Sun Arena,0,2022,2,0.675,7.725,0.7,5.4,0.4318181818181818,-2.25,0.5,-0.5,0,0,0,0.32499999999999996,0.5681818181818181,0.306875,0.55625,0.1589958158995816,0.5857740585774058,0.3723849372384937,150,164.02928870292888,17.69142542379059,168.45214505887654,0.4195338623922893,24,0.8410041841004184,0.08786610878661087,0.9121338912133892,0.17573221757322174,0.33242677824267786,0.34747325852138444,0.15585774058577406,0.36635531092735024,0.28723849372384935,0.5569037656903766,0.5347701387127843,0.41422594142259417,0.08368200836820083
401391832,2022-08-02 23:00:00+00:00,8,2,2022,9,Liberty,102,6,Sparks,73,Barclays Center,0,2022,2,0.36363636363636365,-4.454545454545454,0.3,-5.7,0.4117647058823529,-4.323529411764706,0.4,-7.0,0,0,0,0.6363636363636364,0.5882352941176471,0.6113636363636363,0.6080882352941177,0.7916666666666666,0.7666666666666667,0.7791666666666667,175,163.97083333333333,17.677586195404487,168.39022988218446,0.06751587960448835,29,0.23333333333333328,0.041666666666666664,0.9583333333333334,0.7625,0.3416666666666667,0.14263888888888887,0.21687499999999998,0.4788825231481481,0.3279166666666667,0.4552083333333334,0.683579138333668,0.5541666666666667,0.175
401391833,2022-08-02 23:00:00+00:00,8,2,2022,16,Mystics,83,17,Aces,73,CareFirst Arena,0,2022,2,0.5641025641025641,1.9487179487179487,0.7,7.3,0.6904761904761905,5.642857142857143,0.8,11.0,0,0,0,0.4358974358974359,0.30952380952380953,0.45128205128205123,0.3589285714285715,0.21991701244813278,0.07468879668049792,0.14730290456431536,156,164.01659751037346,17.655019778375415,168.4303524549673,0.21952813862393716,10,0.9253112033195021,0.5062240663900415,0.49377593360995853,0.3070539419087137,0.2487551867219917,0.4226921024087051,0.12209543568464731,0.5450362810671976,0.26473029045643154,0.6131742738589212,0.2478431815988233,0.058091286307053944,0.2821576763485477
401391834,2022-08-03 01:00:00+00:00,8,3,2022,19,Sky,78,3,Wings,84,Wintrust Arena,0,2022,2,0.7272727272727273,5.704545454545454,0.8,5.2,0.4594594594594595,-1.0810810810810811,0.4,-3.0,0,0,0,0.2727272727272727,0.5405405405405406,0.35738636363636367,0.527027027027027,0.11983471074380166,0.6487603305785123,0.384297520661157,162,163.98347107438016,17.625887916105388,168.3899430534065,0.06360194042311618,6,0.8801652892561983,0.7603305785123967,0.23966942148760328,0.4380165289256198,0.19793388429752065,0.433181988935182,0.15764462809917357,0.6651533915569376,0.2884297520661157,0.5539256198347107,0.29202653839506065,0.11983471074380166,0.384297520661157
401391835,2022-08-03 23:00:00+00:00,8,3,2022,20,Dream,91,5,Fever,81,Gateway Center,0,2022,2,0.39473684210526316,-2.8684210526315788,0.3,-5.6,0.14634146341463414,-11.21951219512195,0.0,-14.1,0,0,0,0.6052631578947368,0.8536585365853658,0.5717105263157894,0.7804878048780488,0.7736625514403292,0.9506172839506173,0.8621399176954733,172,163.97530864197532,17.58989330539715,168.3727819683246,0.021036924735028162,10,0.22633744855967075,0.5061728395061729,0.49382716049382713,0.6954732510288066,0.24876543209876542,0.16013971447441955,0.229320987654321,0.5484539665634462,0.33621399176954736,0.4344650205761317,0.5454254463123651,0.4279835390946502,0.2880658436213992
401391836,2022-08-03 23:00:00+00:00,8,3,2022,9,Liberty,64,6,Sparks,61,Barclays Center,0,2022,2,0.38235294117647056,-3.4705882352941178,0.4,-1.8,0.4,-5.0285714285714285,0.3,-10.9,0,0,0,0.6176470588235294,0.6,0.5867647058823529,0.6257142857142857,0.6967213114754098,0.8401639344262295,0.7684426229508197,125,164.00819672131146,17.561178612657756,168.3984913744759,0.9528111957747432,3,0.30327868852459017,0.9262295081967213,0.07377049180327866,0.00819672131147541,0.16475409836065572,0.210180730986294,0.21526639344262294,0.24976548697908635,0.32684426229508196,0.45788934426229516,0.5810813804449187,0.46311475409836067,0.00819672131147541
401391837,2022-08-04 02:00:00+00:00,8,4,2022,14,Storm,89,8,Lynx,77,Climate Pledge Arena,0,2022,2,0.6216216216216216,3.8378378378378377,0.6,7.1,0.45,0.025,0.6,3.4,0,0,0,0.3783783783783784,0.55,0.40405405405405403,0.499375,0.22448979591836735,0.45714285714285713,0.3408163265306122,166,163.84897959183672,17.701464726476633,168.27434577345588,0.008220031455452692,12,0.7755102040816326,0.3877551020408163,0.6122448979591837,0.5591836734693878,0.2724489795918367,0.35486672219908366,0.15112244897959184,0.5572873207592075,0.28408163265306124,0.564795918367347,0.3676614316174318,0.19591836734693877,0.3020408163265306
401391838,2022-08-04 23:00:00+00:00,8,4,2022,18,Sun,77,11,Mercury,64,Mohegan Sun Arena,0,2022,2,0.6829268292682927,8.121951219512194,0.7,7.6,0.4318181818181818,-2.590909090909091,0.4,-5.0,0,0,0,0.31707317073170727,0.5681818181818181,0.29695121951219516,0.5647727272727272,0.12601626016260162,0.6910569105691057,0.40853658536585363,141,163.85772357723576,17.665834699019303,168.2741822519906,0.6963273208002863,13,0.8739837398373984,0.34146341463414637,0.6585365853658536,0.08130081300813008,0.2817073170731707,0.38571733095379734,0.16128048780487805,0.40495461792809484,0.29085365853658535,0.5478658536585366,0.5276650301965898,0.4065040650406504,0.10975609756097561
401391839,2022-08-05 00:00:00+00:00,8,5,2022,3,Wings,82,17,Aces,80,College Park Center,0,2022,2,0.47368421052631576,-0.8947368421052632,0.5,0.4,0.6744186046511628,5.27906976744186,0.8,10.9,0,0,0,0.5263157894736843,0.32558139534883723,0.5223684210526316,0.36802325581395345,0.5182186234817814,0.08097165991902834,0.29959514170040485,162,163.76518218623482,17.68978169135536,168.18762760907367,0.05934131261617315,2,0.9190283400809717,0.97165991902834,0.028340080971659964,0.43724696356275305,0.155668016194332,0.4724157091576653,0.14493927125506073,0.7647099900240377,0.2799595141700405,0.5751012145748987,0.18883249177891412,0.020242914979757085,0.4939271255060729
401391840,2022-08-05 23:30:00+00:00,8,5,2022,20,Dream,88,6,Sparks,86,Gateway Center,0,2022,2,0.41025641025641024,-2.5384615384615383,0.3,-6.0,0.3888888888888889,-4.972222222222222,0.2,-11.5,0,0,0,0.5897435897435898,0.6111111111111112,0.5634615384615385,0.6243055555555556,0.7701612903225806,0.8548387096774194,0.8125,174,163.75806451612902,17.654291936214833,168.17163750018273,0.05303745147117167,2,0.22983870967741937,0.9717741935483871,0.028225806451612878,0.7459677419354839,0.15564516129032258,0.18146819719042664,0.221875,0.7066114451512202,0.33125,0.44687499999999997,0.3842034204322629,0.21774193548387097,0.43951612903225806
401391841,2022-08-06 00:00:00+00:00,8,6,2022,19,Sky,93,16,Mystics,83,Wintrust Arena,0,2022,2,0.7045454545454546,5.318181818181818,0.7,3.7,0.575,2.15,0.7,6.5,0,0,0,0.2954545454545454,0.42500000000000004,0.36704545454545445,0.44625000000000004,0.17670682730923695,0.25301204819277107,0.21485943775100402,176,163.7991967871486,17.630613935406345,168.20685027100018,0.09307224869807551,10,0.8232931726907631,0.5060240963855421,0.49397590361445787,0.7831325301204819,0.24879518072289158,0.38435138142933173,0.1322289156626506,0.6866172951349598,0.2714859437751004,0.596285140562249,0.2745318469590434,0.08433734939759036,0.42168674698795183
401391842,2022-08-07 00:00:00+00:00,8,7,2022,3,Wings,95,5,Fever,91,College Park Center,0,2022,2,0.48717948717948717,-0.8205128205128205,0.6,1.4,0.14285714285714285,-11.19047619047619,0.0,-12.9,0,0,0,0.5128205128205128,0.8571428571428572,0.5205128205128206,0.7797619047619048,0.448,0.944,0.696,186,163.848,17.612087853352786,168.25102196333822,0.3981835130295521,4,0.552,0.856,0.14400000000000002,0.916,0.17880000000000001,0.30877119999999997,0.2044,0.832390528,0.3196,0.476,0.45870711006324044,0.324,0.548
401391843,2022-08-07 02:00:00+00:00,8,7,2022,11,Mercury,76,9,Liberty,62,Mortgage Matchup Center,0,2022,2,0.4318181818181818,-2.8636363636363638,0.4,-4.7,0.4,-3.2857142857142856,0.4,-2.4,0,0,0,0.5681818181818181,0.6,0.571590909090909,0.5821428571428571,0.7131474103585658,0.6852589641434262,0.6992031872509961,138,163.93625498007967,17.632354361194224,168.34434357037821,0.772550926955951,14,0.31474103585657376,0.2908366533864542,0.7091633466135459,0.07171314741035857,0.2918326693227092,0.18226139267630678,0.20488047808764942,0.18257438018279737,0.31992031872509963,0.47519920318725095,0.7174171645862154,0.5816733067729084,0.0
401391844,2022-08-07 17:00:00+00:00,8,7,2022,19,Sky,94,18,Sun,91,Wintrust Arena,0,2022,2,0.7045454545454546,5.159090909090909,0.7,3.2,0.6904761904761905,8.238095238095237,0.8,10.0,0,0,0,0.2954545454545454,0.30952380952380953,0.3710227272727272,0.2940476190476191,0.18253968253968253,0.05952380952380952,0.12103174603174602,185,163.83333333333334,17.67287971132143,168.2515532611637,0.3617722372731855,3,0.9404761904761905,0.9206349206349206,0.07936507936507942,0.9047619047619048,0.16587301587301587,0.47565098261526834,0.1181547619047619,0.9182359566401517,0.2621031746031746,0.6197420634920634,0.1385554158467481,0.007936507936507936,0.5793650793650794
401391846,2022-08-07 19:00:00+00:00,8,7,2022,14,Storm,81,17,Aces,89,Climate Pledge Arena,0,2022,2,0.631578947368421,4.052631578947368,0.6,6.1,0.6590909090909091,5.113636363636363,0.7,10.1,0,0,0,0.368421052631579,0.34090909090909094,0.39868421052631575,0.37215909090909094,0.23228346456692914,0.12598425196850394,0.17913385826771655,170,163.88188976377953,17.66178258284282,168.29733540949024,0.004636075322418831,8,0.8740157480314961,0.6299212598425197,0.3700787401574803,0.6417322834645669,0.22401574803149604,0.4167096534193068,0.1268700787401575,0.6888456699748045,0.26791338582677166,0.6052165354330707,0.2081520006188433,0.04330708661417323,0.4251968503937008
401391845,2022-08-07 19:00:00+00:00,8,7,2022,16,Mystics,76,6,Sparks,79,CareFirst Arena,0,2022,2,0.5609756097560976,1.853658536585366,0.7,5.7,0.3783783783783784,-4.891891891891892,0.2,-8.0,0,0,0,0.4390243902439024,0.6216216216216216,0.4536585365853658,0.6222972972972973,0.2648221343873518,0.841897233201581,0.5533596837944664,155,163.91699604743084,17.68790916482217,168.33897333863638,0.24750100594057167,3,0.7351778656126482,0.9209486166007905,0.07905138339920947,0.28063241106719367,0.16581027667984188,0.39005788248527545,0.18300395256916996,0.6057611019003811,0.30533596837944665,0.5116600790513833,0.35256295260802795,0.1857707509881423,0.34782608695652173
401391847,2022-08-07 23:00:00+00:00,8,7,2022,8,Lynx,81,20,Dream,71,Target Center,0,2022,2,0.43902439024390244,-0.2682926829268293,0.5,-0.9,0.425,-2.425,0.4,-3.9,0,0,0,0.5609756097560976,0.575,0.5067073170731707,0.560625,0.5450980392156862,0.6745098039215687,0.6098039215686275,152,163.90588235294118,17.631144282951748,168.3136684236791,0.34823258811505764,10,0.4549019607843138,0.5019607843137255,0.4980392156862745,0.20784313725490197,0.24960784313725493,0.2457166474432911,0.19147058823529411,0.34178055951330943,0.31098039215686274,0.4975490196078432,0.5249640724221917,0.41568627450980394,0.06666666666666667
401391848,2022-08-09 00:00:00+00:00,8,9,2022,3,Wings,86,9,Liberty,77,College Park Center,0,2022,2,0.5,-0.7,0.6,0.7,0.3888888888888889,-3.5833333333333335,0.4,-3.5,0,0,0,0.5,0.6111111111111112,0.5175,0.5895833333333333,0.453125,0.7109375,0.58203125,163,163.859375,17.612265946342788,168.2624414865857,0.043657305167618676,9,0.546875,0.5546875,0.4453125,0.47265625,0.2390625,0.28416259765625,0.1873046875,0.5137093830108643,0.308203125,0.5044921875,0.4390541405089349,0.296875,0.23046875
401391849,2022-08-10 00:00:00+00:00,8,10,2022,19,Sky,100,14,Storm,111,Wintrust Arena,0,2022,2,0.7045454545454546,4.931818181818182,0.7,2.3,0.6153846153846154,3.7435897435897436,0.5,1.6,0,0,0,0.2954545454545454,0.3846153846153846,0.37670454545454546,0.4064102564102564,0.1828793774319066,0.3968871595330739,0.28988326848249024,211,163.85603112840468,17.577915071163222,168.2505098961955,0.9480416108832739,11,0.8171206225680934,0.42023346303501946,0.5797665369649805,0.9883268482490273,0.2659533073929961,0.37330701448924286,0.14348249027237353,0.7307207406975826,0.27898832684824904,0.5775291828793775,0.4651915144989239,0.33852140077821014,0.4785992217898833
401391850,2022-08-10 02:00:00+00:00,8,10,2022,17,Aces,97,20,Dream,90,Michelob ULTRA Arena,0,2022,2,0.6818181818181818,5.4772727272727275,0.7,7.5,0.4146341463414634,-2.6097560975609757,0.4,-3.4,0,0,0,0.31818181818181823,0.5853658536585367,0.3630681818181818,0.5652439024390243,0.15503875968992248,0.6782945736434108,0.41666666666666663,187,164.03875968992247,17.787506261429453,168.48563625527984,0.41824057712551976,7,0.8449612403100775,0.686046511627907,0.313953488372093,0.9224806201550387,0.2127906976744186,0.41130160447088515,0.1625,0.8087394890456885,0.2916666666666667,0.5458333333333334,0.38696441678031296,0.22868217054263565,0.5387596899224806
401391851,2022-08-10 02:30:00+00:00,8,10,2022,6,Sparks,71,18,Sun,97,crypto.com Arena,0,2022,2,0.39473684210526316,-4.684210526315789,0.3,-6.4,0.6744186046511628,7.976744186046512,0.7,8.9,0,0,0,0.6052631578947368,0.32558139534883723,0.6171052631578947,0.3005813953488372,0.803088803088803,0.10810810810810811,0.4555984555984556,168,164.12741312741312,17.810239560562714,168.5799730175538,0.0005300672011112617,26,0.8918918918918919,0.07722007722007722,0.9227799227799228,0.6023166023166023,0.33455598455598456,0.36329646248565167,0.16833976833976833,0.5084300383924719,0.29555984555984555,0.5361003861003861,0.5170724308054714,0.4092664092664093,0.22007722007722008
401391852,2022-08-11 00:00:00+00:00,8,11,2022,3,Wings,73,9,Liberty,91,College Park Center,0,2022,2,0.5121951219512195,-0.4634146341463415,0.7,2.5,0.3783783783783784,-3.72972972972973,0.4,-3.8,0,0,0,0.4878048780487805,0.6216216216216216,0.5115853658536585,0.5932432432432433,0.35384615384615387,0.7230769230769231,0.5384615384615384,164,164.1423076923077,17.777445974818352,168.58666918601227,0.032735484894183764,18,0.6461538461538461,0.2,0.8,0.49230769230769234,0.31000000000000005,0.29192307692307684,0.18076923076923077,0.4546686390532545,0.3038461538461539,0.5153846153846153,0.5265092843995107,0.4307692307692308,0.1423076923076923
401391853,2022-08-11 02:00:00+00:00,8,11,2022,11,Mercury,77,8,Lynx,86,Mortgage Matchup Center,0,2022,2,0.4318181818181818,-2.5681818181818183,0.5,-3.0,0.4523809523809524,-0.023809523809523808,0.5,-0.2,0,0,0,0.5681818181818181,0.5476190476190477,0.5642045454545455,0.5005952380952381,0.6168582375478927,0.5363984674329502,0.5766283524904214,163,164.1417624521073,17.743227829368937,168.57756940944952,0.048207003641314694,9,0.46360153256704983,0.5593869731800766,0.4406130268199234,0.46360153256704983,0.2381226053639847,0.25279150335432543,0.18649425287356322,0.4878152780990733,0.30766283524904214,0.5058429118773946,0.4362339471012595,0.29118773946360155,0.19157088122605365
401391854,2022-08-12 02:00:00+00:00,8,12,2022,17,Aces,89,19,Sky,78,Michelob ULTRA Arena,0,2022,2,0.6818181818181818,5.159090909090909,0.7,7.4,0.6818181818181818,4.545454545454546,0.6,0.4,0,0,0,0.31818181818181823,0.31818181818181823,0.3710227272727272,0.38636363636363635,0.16030534351145037,0.3015267175572519,0.23091603053435114,167,164.13740458015266,17.709344832246387,168.56474078821427,0.003895852199586991,11,0.8396946564885497,0.42366412213740456,0.5763358778625954,0.583969465648855,0.2652671755725191,0.3819488957519958,0.13463740458015266,0.5905765158083014,0.2730916030534351,0.5922709923664122,0.2946818827693781,0.1297709923664122,0.3282442748091603
401391855,2022-08-12 02:30:00+00:00,8,12,2022,6,Sparks,69,18,Sun,93,crypto.com Arena,0,2022,2,0.38461538461538464,-5.230769230769231,0.3,-7.8,0.6818181818181818,8.386363636363637,0.7,9.0,0,0,0,0.6153846153846154,0.31818181818181823,0.6307692307692307,0.29034090909090904,0.8174904942965779,0.09505703422053231,0.45627376425855515,162,164.14828897338404,17.67639741822886,168.56738832794125,0.06669093738379983,24,0.9049429657794676,0.09125475285171103,0.908745247148289,0.4220532319391635,0.33174904942965777,0.36918959360407116,0.16844106463878328,0.46012408606088345,0.2956273764258555,0.5359315589353613,0.524414975528993,0.42585551330798477,0.155893536121673
401391856,2022-08-12 23:00:00+00:00,8,12,2022,5,Fever,70,16,Mystics,82,Hinkle Fieldhouse,0,2022,2,0.13953488372093023,-11.023255813953488,0.0,-12.4,0.5476190476190477,1.7380952380952381,0.6,3.5,0,0,0,0.8604651162790697,0.45238095238095233,0.7755813953488372,0.4565476190476191,0.9431818181818182,0.36742424242424243,0.6553030303030303,152,164.1401515151515,17.6432555209121,168.55096539537954,0.35596784716348595,12,0.6325757575757576,0.38257575757575757,0.6174242424242424,0.20075757575757575,0.2734848484848485,0.3024394513314968,0.19829545454545455,0.3738422969363052,0.31553030303030305,0.48617424242424245,0.583994318683113,0.5,0.09848484848484848
401391857,2022-08-12 23:30:00+00:00,8,12,2022,20,Dream,70,9,Liberty,80,Gateway Center,0,2022,2,0.40476190476190477,-2.7142857142857144,0.4,-1.6,0.39473684210526316,-3.1578947368421053,0.5,1.4,0,0,0,0.5952380952380952,0.6052631578947368,0.5678571428571428,0.5789473684210527,0.6566037735849056,0.5811320754716981,0.6188679245283019,150,164.0943396226415,17.625592780643377,168.50073781780236,0.4235603379121825,10,0.4188679245283019,0.5094339622641509,0.49056603773584906,0.16981132075471697,0.2481132075471698,0.23265930936276258,0.19283018867924528,0.3106219227953277,0.3118867924528302,0.49528301886792453,0.5411910618132832,0.46037735849056605,0.03018867924528302
401391858,2022-08-13 01:00:00+00:00,8,13,2022,8,Lynx,69,14,Storm,96,Target Center,0,2022,2,0.46511627906976744,0.18604651162790697,0.5,-0.4,0.625,3.925,0.5,1.8,0,0,0,0.5348837209302326,0.375,0.49534883720930234,0.401875,0.5225563909774437,0.37218045112781956,0.44736842105263164,165,164.04135338345864,17.61351808394668,168.44473290444532,0.01894273525032797,27,0.6278195488721805,0.06766917293233082,0.9323308270676691,0.518796992481203,0.3364661654135338,0.27464313980439825,0.16710526315789476,0.43158023315964167,0.2947368421052632,0.5381578947368421,0.5187125221716788,0.40977443609022557,0.13533834586466165
401391859,2022-08-13 02:00:00+00:00,8,13,2022,11,Mercury,86,3,Wings,74,Mortgage Matchup Center,0,2022,2,0.4090909090909091,-2.8863636363636362,0.4,-4.2,0.5,-0.8809523809523809,0.6,0.2,0,0,0,0.5909090909090908,0.5,0.5721590909090909,0.5220238095238094,0.7191011235955056,0.4943820224719101,0.6067415730337078,160,164.04494382022472,17.580476683786557,168.44006299117135,0.1088470104829572,12,0.5056179775280899,0.3857677902621723,0.6142322097378277,0.36704119850187267,0.2728464419475655,0.25654631149265666,0.19101123595505617,0.40965561763866376,0.3106741573033708,0.498314606741573,0.5139652645113051,0.40074906367041196,0.1198501872659176
401391860,2022-08-14 17:00:00+00:00,8,14,2022,18,Sun,90,8,Lynx,83,Mohegan Sun Arena,0,2022,2,0.6818181818181818,8.318181818181818,0.8,12.2,0.45454545454545453,-0.4318181818181818,0.5,-2.6,0,0,0,0.31818181818181823,0.5454545454545454,0.2920454545454545,0.5107954545454546,0.055970149253731345,0.5708955223880597,0.31343283582089554,173,164.02985074626866,17.54926305249041,168.41716650939128,0.03352256872746617,7,0.9440298507462687,0.6977611940298507,0.3022388059701493,0.7164179104477612,0.21044776119402986,0.45163566495878815,0.14701492537313432,0.7558922951792607,0.28134328358208954,0.5716417910447762,0.26913248367825604,0.07835820895522388,0.5111940298507462
401391861,2022-08-14 18:00:00+00:00,8,14,2022,9,Liberty,87,20,Dream,83,Barclays Center,0,2022,2,0.41025641025641024,-2.8205128205128207,0.6,4.3,0.3953488372093023,-2.883720930232558,0.3,-3.6,0,0,0,0.5897435897435898,0.6046511627906976,0.5705128205128205,0.5720930232558139,0.4795539033457249,0.7695167286245354,0.6245353159851301,170,164.0631970260223,17.525027482099684,168.4444538965472,0.003931544879688498,4,0.5204460966542751,0.8587360594795539,0.1412639405204461,0.6468401486988847,0.17825278810408923,0.29601228562347126,0.19368029739776954,0.6870338493866127,0.312453531598513,0.4938661710037174,0.3533367450468393,0.19330855018587362,0.4423791821561338
401391862,2022-08-14 19:00:00+00:00,8,14,2022,16,Mystics,95,5,Fever,83,CareFirst Arena,0,2022,2,0.5581395348837209,1.9767441860465116,0.6,3.4,0.13636363636363635,-11.045454545454545,0.0,-12.8,0,0,0,0.4418604651162791,0.8636363636363636,0.45058139534883723,0.7761363636363636,0.3296296296296296,0.9481481481481482,0.6388888888888888,178,164.0851851851852,17.496153665541904,168.45922360157067,0.13815505580670828,12,0.6703703703703704,0.3851851851851852,0.6148148148148148,0.825925925925926,0.27296296296296296,0.3163957475994513,0.19583333333333333,0.6440165244119291,0.3138888888888889,0.4902777777777778,0.5332719288814887,0.45185185185185184,0.3851851851851852
401391864,2022-08-14 19:00:00+00:00,8,14,2022,17,Aces,109,14,Storm,100,Michelob ULTRA Arena,0,2022,2,0.6818181818181818,5.181818181818182,0.8,10.1,0.6341463414634146,4.487804878048781,0.5,2.9,0,0,0,0.31818181818181823,0.36585365853658536,0.3704545454545455,0.3878048780487805,0.07380073800738007,0.34686346863468637,0.21033210332103322,209,164.13653136531366,17.484167265301757,168.5075731816391,0.9315607083400964,9,0.9261992619926199,0.5682656826568265,0.43173431734317347,0.985239852398524,0.2363468634686347,0.4300127993899865,0.13154981549815498,0.7919815640348093,0.2710332103321033,0.5974169741697417,0.36521694608433874,0.2066420664206642,0.5535055350553506
401391863,2022-08-14 21:00:00+00:00,8,14,2022,11,Mercury,67,19,Sky,82,Mortgage Matchup Center,0,2022,2,0.4318181818181818,-2.477272727272727,0.5,-1.9,0.6818181818181818,4.545454545454546,0.5,-1.1,0,0,0,0.5681818181818181,0.31818181818181823,0.5619318181818181,0.38636363636363635,0.5919117647058824,0.3713235294117647,0.48161764705882354,149,164.3014705882353,17.66261081232383,168.71712329131626,0.4637125738591782,15,0.6286764705882353,0.2647058823529412,0.7352941176470589,0.15808823529411764,0.29705882352941176,0.2912554065743944,0.17224264705882353,0.3289335889794932,0.29816176470588235,0.5295955882352941,0.5541702539900828,0.4889705882352941,0.05514705882352941
401391865,2022-08-14 23:00:00+00:00,8,14,2022,6,Sparks,88,3,Wings,116,crypto.com Arena,0,2022,2,0.375,-5.7,0.2,-10.9,0.4883720930232558,-1.1395348837209303,0.6,-0.2,0,0,0,0.625,0.5116279069767442,0.6425,0.5284883720930232,0.8498168498168498,0.5054945054945055,0.6776556776556777,204,164.24542124542126,17.654419207690474,168.65902604734387,0.8651567337568307,28,0.4945054945054945,0.05128205128205128,0.9487179487179487,0.9706959706959707,0.33974358974358976,0.22927585235277542,0.20164835164835165,0.5981138988746766,0.31776556776556775,0.48058608058608066,0.8015992130147271,0.6153846153846154,0.3516483516483517
401455627,2022-08-18 00:00:00+00:00,8,18,2022,19,Sky,91,9,Liberty,98,Wintrust Arena,1,2022,3,0.6818181818181818,4.818181818181818,0.5,-0.2,0.425,-2.65,0.7,5.6,0,0,0,0.31818181818181823,0.575,0.3795454545454545,0.5662499999999999,0.3284671532846715,0.4124087591240876,0.3704379562043796,189,164.3905109489051,17.784960445640387,168.8367510603152,0.4741113850447678,7,0.6715328467153285,0.7007299270072993,0.2992700729927007,0.9306569343065694,0.20985401459854014,0.34431908998881133,0.15556569343065693,0.7971104463292282,0.28704379562043797,0.557390510948905,0.36613768572891603,0.20802919708029197,0.5583941605839416
401455628,2022-08-18 02:00:00+00:00,8,18,2022,17,Aces,79,11,Mercury,63,Michelob ULTRA Arena,1,2022,3,0.6818181818181818,4.636363636363637,0.8,9.7,0.4090909090909091,-3.409090909090909,0.4,-3.9,0,0,0,0.31818181818181823,0.5909090909090908,0.38409090909090904,0.5852272727272727,0.10545454545454545,0.7018181818181818,0.4036363636363636,142,164.48,17.814395884506634,168.93359897112666,0.6811141186863955,16,0.8945454545454545,0.2581818181818182,0.7418181818181818,0.08727272727272728,0.2983636363636364,0.3839864462809917,0.16054545454545455,0.39376032817430506,0.2903636363636364,0.5490909090909091,0.5463798584264621,0.48,0.11272727272727273
401455629,2022-08-19 00:00:00+00:00,8,19,2022,18,Sun,93,3,Wings,68,Mohegan Sun Arena,1,2022,3,0.6818181818181818,8.068181818181818,0.8,11.0,0.5,-0.4772727272727273,0.7,3.2,0,0,0,0.31818181818181823,0.5,0.2982954545454545,0.5119318181818182,0.06521739130434782,0.36594202898550726,0.21557971014492755,161,164.3985507246377,17.83338640357562,168.8568973255316,0.09249119182707466,25,0.9347826086956522,0.09057971014492754,0.9094202898550725,0.39855072463768115,0.3318840579710145,0.37908317580340267,0.13233695652173913,0.45977090810297433,0.27155797101449275,0.5961050724637681,0.38770849028157894,0.23550724637681159,0.17028985507246377
401455650,2022-08-19 02:00:00+00:00,8,19,2022,14,Storm,86,16,Mystics,83,Climate Pledge Arena,1,2022,3,0.6190476190476191,4.166666666666667,0.5,2.4,0.5681818181818182,2.2045454545454546,0.7,5.1,0,0,0,0.38095238095238093,0.43181818181818177,0.39583333333333326,0.4448863636363637,0.34296028880866425,0.26353790613718414,0.30324909747292417,169,164.38628158844764,17.8022213918836,168.83683693641854,4.200066732140684e-05,3,0.7364620938628159,0.927797833935018,0.07220216606498198,0.6245487364620939,0.1644404332129964,0.39123493073023236,0.14548736462093864,0.7615934570792144,0.2803249097472924,0.5741877256317689,0.1943680858299909,0.02527075812274368,0.5234657039711191
401455651,2022-08-20 16:00:00+00:00,8,20,2022,19,Sky,100,9,Liberty,62,Wintrust Arena,1,2022,3,0.6590909090909091,4.431818181818182,0.5,-0.6,0.43902439024390244,-2.4146341463414633,0.7,6.0,0,1,1,0.34090909090909094,0.5609756097560976,0.3892045454545455,0.5603658536585365,0.37410071942446044,0.4028776978417266,0.38848920863309355,162,164.40287769784172,17.772212693852435,168.84593087130483,0.07150579145983593,38,0.6258992805755396,0.0,1.0,0.420863309352518,0.35,0.26841726618705036,0.15827338129496404,0.3896589203457378,0.2888489208633094,0.5528776978417266,0.5149534035652491,0.41007194244604317,0.11151079136690648
401455652,2022-08-21 01:00:00+00:00,8,21,2022,17,Aces,117,11,Mercury,80,Michelob ULTRA Arena,1,2022,3,0.6818181818181818,4.9772727272727275,0.8,9.5,0.38636363636363635,-4.386363636363637,0.4,-4.5,1,0,1,0.31818181818181823,0.6136363636363636,0.37556818181818186,0.6096590909090909,0.1039426523297491,0.7491039426523297,0.4265232974910394,197,164.3942652329749,17.740802746833644,168.82946591968332,0.716546007719624,37,0.8960573476702509,0.007168458781362007,0.992831541218638,0.956989247311828,0.3485663082437276,0.35700434218470983,0.1639784946236559,0.6066602941968049,0.29265232974910393,0.5433691756272402,0.6398122118040006,0.5878136200716846,0.3763440860215054
401455653,2022-08-21 16:00:00+00:00,8,21,2022,18,Sun,79,3,Wings,89,Mohegan Sun Arena,1,2022,3,0.6818181818181818,8.431818181818182,0.8,12.5,0.5,-0.9318181818181818,0.6,-0.3,1,0,1,0.31818181818181823,0.5,0.28920454545454555,0.5232954545454546,0.05357142857142857,0.5,0.2767857142857143,168,164.51071428571427,17.815860987158988,168.96467953250402,0.0014648872923079814,10,0.9464285714285714,0.5178571428571429,0.4821428571428571,0.6,0.2464285714285714,0.4319579081632653,0.14151785714285714,0.6598876412172012,0.27767857142857144,0.5808035714285714,0.29484617888403264,0.13214285714285715,0.41785714285714287
401455654,2022-08-21 20:00:00+00:00,8,21,2022,14,Storm,97,16,Mystics,84,Climate Pledge Arena,1,2022,3,0.627906976744186,4.1395348837209305,0.6,4.3,0.5681818181818182,2.5454545454545454,0.6,3.5,1,0,1,0.37209302325581395,0.43181818181818177,0.3965116279069767,0.4363636363636363,0.2775800711743772,0.33807829181494664,0.30782918149466193,181,164.52313167259786,17.785236618785024,168.9694408272941,0.20449826885875333,13,0.7224199288256228,0.3416370106761566,0.6583629893238434,0.8718861209964412,0.28167259786476867,0.33129975557553726,0.1461743772241993,0.6641141897114756,0.2807829181494662,0.5730427046263346,0.3911487551644216,0.2491103202846975,0.4199288256227758
401455657,2022-08-24 01:00:00+00:00,8,24,2022,9,Liberty,72,19,Sky,90,Barclays Center,1,2022,3,0.42857142857142855,-3.261904761904762,0.7,3.0,0.6590909090909091,4.9772727272727275,0.6,4.2,1,1,1,0.5714285714285714,0.34090909090909094,0.5815476190476191,0.37556818181818186,0.450354609929078,0.24468085106382978,0.3475177304964539,162,164.58156028368793,17.78065485960982,169.0267239985904,0.07511630010447767,18,0.7553191489361702,0.20921985815602837,0.7907801418439716,0.4148936170212766,0.3081560283687943,0.3304658970876717,0.15212765957446808,0.46182963366070673,0.2847517730496454,0.5631205673758866,0.4322976959836521,0.2978723404255319,0.18085106382978725
401455659,2022-08-25 01:00:00+00:00,8,25,2022,3,Wings,58,18,Sun,73,College Park Center,1,2022,3,0.5227272727272727,-0.09090909090909091,0.7,1.7,0.6590909090909091,7.545454545454546,0.7,10.8,1,1,1,0.4772727272727273,0.34090909090909094,0.5022727272727272,0.3113636363636363,0.3674911660777385,0.08833922261484099,0.22791519434628976,131,164.57243816254416,17.74976425951414,169.0098792274227,0.899022888774248,15,0.911660777385159,0.2791519434628975,0.7208480565371025,0.02120141342756184,0.2941696113074205,0.392321979298031,0.13418727915194348,0.39434716091246014,0.272791519434629,0.5930212014134275,0.45243721433580375,0.3392226148409894,0.1166077738515901
401455660,2022-08-28 20:00:00+00:00,8,28,2022,17,Aces,73,14,Storm,76,Michelob ULTRA Arena,1,2022,3,0.6818181818181818,5.681818181818182,0.8,12.2,0.6363636363636364,4.340909090909091,0.6,4.6,2,2,2,0.31818181818181823,0.36363636363636365,0.3579545454545455,0.39147727272727273,0.07394366197183098,0.2605633802816901,0.16725352112676056,149,164.45422535211267,17.83001845358114,168.91172996550796,0.46397197960260206,3,0.926056338028169,0.9295774647887324,0.07042253521126762,0.15845070422535212,0.16408450704225352,0.47064396945050585,0.1250880281690141,0.667329055791803,0.26672535211267606,0.6081866197183099,0.17854216920512564,0.02112676056338028,0.4295774647887324
401455661,2022-08-29 00:00:00+00:00,8,29,2022,19,Sky,63,18,Sun,68,Wintrust Arena,1,2022,3,0.6818181818181818,5.5,0.6,5.2,0.6590909090909091,7.431818181818182,0.7,11.8,2,2,2,0.31818181818181823,0.34090909090909094,0.36250000000000004,0.31420454545454546,0.22105263157894736,0.08421052631578947,0.15263157894736842,131,164.4,17.82212582757973,168.85553145689494,0.8952152725286939,5,0.9157894736842105,0.8210526315789474,0.17894736842105263,0.021052631578947368,0.18578947368421053,0.45424376731301935,0.12289473684210526,0.5706803324099723,0.26526315789473687,0.6118421052631579,0.2508718159715665,0.07017543859649122,0.3298245614035088
401455671,2022-09-01 00:00:00+00:00,9,1,2022,19,Sky,85,18,Sun,77,Wintrust Arena,1,2022,3,0.6590909090909091,4.568181818181818,0.5,4.4,0.6818181818181818,7.681818181818182,0.8,12.6,2,3,3,0.34090909090909094,0.31818181818181823,0.3857954545454545,0.3079545454545455,0.3006993006993007,0.04895104895104895,0.17482517482517482,162,164.28321678321677,17.900118537347332,168.7582464175536,0.06879254515978861,8,0.951048951048951,0.6468531468531469,0.3531468531468531,0.4195804195804196,0.2206293706293706,0.4485468727077119,0.12622377622377623,0.668780458257572,0.2674825174825175,0.6062937062937063,0.20913926734506275,0.05244755244755245,0.4370629370629371
401455674,2022-09-01 02:00:00+00:00,9,1,2022,17,Aces,78,14,Storm,73,Michelob ULTRA Arena,1,2022,3,0.6818181818181818,6.204545454545454,0.7,9.8,0.6363636363636364,3.6363636363636362,0.7,5.4,2,3,3,0.31818181818181823,0.36363636363636365,0.3448863636363637,0.40909090909090906,0.1289198606271777,0.20905923344947736,0.16898954703832753,151,164.27526132404182,17.869305475192274,168.7425876928399,0.3891682817137798,5,0.8710801393728222,0.8222996515679443,0.17770034843205573,0.1951219512195122,0.18554006968641115,0.43617592783692893,0.12534843205574914,0.6240990959226863,0.26689895470383274,0.6077526132404181,0.19891350998853302,0.0313588850174216,0.3832752613240418
401455675,2022-09-04 17:00:00+00:00,9,4,2022,18,Sun,72,19,Sky,76,Mohegan Sun Arena,1,2022,3,0.6590909090909091,7.25,0.7,9.4,0.6590909090909091,4.613636363636363,0.6,5.8,3,3,3,0.34090909090909094,0.34090909090909094,0.31875,0.3846590909090909,0.1388888888888889,0.22569444444444445,0.18229166666666669,148,164.22916666666666,17.855290844727946,168.69298937784865,0.48908732397727983,4,0.8611111111111112,0.8611111111111112,0.13888888888888884,0.14583333333333334,0.17777777777777776,0.43623456790123455,0.12734375,0.615022719478738,0.2682291666666667,0.6044270833333334,0.2097182852379632,0.059027777777777776,0.3784722222222222
401455676,2022-09-04 19:00:00+00:00,9,4,2022,14,Storm,98,17,Aces,110,Climate Pledge Arena,1,2022,3,0.6363636363636364,4.159090909090909,0.6,4.4,0.7045454545454546,6.931818181818182,0.7,7.8,3,3,3,0.36363636363636365,0.2954545454545454,0.39602272727272725,0.3267045454545455,0.28027681660899656,0.12110726643598616,0.20069204152249137,208,164.17301038062283,17.849812234556403,168.63546343926194,0.9121141748279009,12,0.8788927335640139,0.3944636678200692,0.6055363321799307,0.9757785467128027,0.27110726643598615,0.3931985368949127,0.1301038062283737,0.7509399388977407,0.2700692041522491,0.5998269896193772,0.4025867442840711,0.2629757785467128,0.532871972318339
401455677,2022-09-07 00:00:00+00:00,9,7,2022,18,Sun,104,19,Sky,80,Mohegan Sun Arena,1,2022,3,0.6590909090909091,7.2272727272727275,0.6,7.7,0.6818181818181818,5.045454545454546,0.6,5.2,3,4,4,0.34090909090909094,0.31818181818181823,0.31931818181818183,0.3738636363636363,0.1896551724137931,0.2206896551724138,0.20517241379310344,184,164.32413793103447,18.00379919868152,168.82508773070487,0.29897887794171263,24,0.8103448275862069,0.10344827586206896,0.896551724137931,0.8862068965517241,0.32931034482758625,0.33881391200951244,0.13077586206896552,0.6360152220263233,0.2705172413793103,0.5987068965517242,0.4044700587909922,0.2689655172413793,0.3896551724137931
401455678,2022-09-07 02:15:00+00:00,9,7,2022,14,Storm,92,17,Aces,97,Climate Pledge Arena,1,2022,3,0.6136363636363636,3.6818181818181817,0.6,3.5,0.7045454545454546,6.818181818181818,0.8,10.0,3,4,4,0.38636363636363635,0.2954545454545454,0.40795454545454546,0.3295454545454545,0.30927835051546393,0.06529209621993128,0.1872852233676976,189,164.39175257731958,18.00970430037225,168.89417865241265,0.4637534838129608,5,0.9347079037800687,0.8213058419243986,0.1786941580756014,0.9243986254295533,0.18573883161512028,0.4619742917537582,0.12809278350515466,0.9186872431004557,0.26872852233676975,0.6031786941580757,0.22039014811771573,0.06529209621993128,0.6357388316151202
401455679,2022-09-09 00:00:00+00:00,9,9,2022,19,Sky,63,18,Sun,72,Wintrust Arena,1,2022,3,0.6818181818181818,4.590909090909091,0.5,2.5,0.6818181818181818,8.0,0.7,10.4,4,4,4,0.31818181818181823,0.31818181818181823,0.38522727272727275,0.30000000000000004,0.3253424657534247,0.08904109589041095,0.2071917808219178,135,164.47602739726028,18.036316189565106,168.98510644465156,0.8305534247086679,9,0.910958904109589,0.571917808219178,0.42808219178082196,0.0547945205479452,0.2356164383561644,0.4245993619816101,0.13107876712328767,0.5160911412611788,0.27071917808219176,0.5982020547945206,0.348700527075571,0.1952054794520548,0.2568493150684932
401455681,2022-09-11 19:00:00+00:00,9,11,2022,17,Aces,67,18,Sun,64,Michelob ULTRA Arena,1,2022,3,0.7272727272727273,7.0,0.9,10.7,0.6818181818181818,7.840909090909091,0.7,8.7,5,5,5,0.2727272727272727,0.31818181818181823,0.32499999999999996,0.3039772727272727,0.03754266211604096,0.11945392491467577,0.07849829351535836,131,164.37542662116041,18.08756318651783,168.89731741778988,0.8886371023100682,3,0.962457337883959,0.931740614334471,0.06825938566552903,0.020477815699658702,0.1636518771331058,0.4861095062260481,0.11177474402730377,0.6676080418126009,0.25784982935153583,0.6303754266211603,0.16641125085314723,0.017064846416382253,0.43686006825938567
401455682,2022-09-14 01:00:00+00:00,9,14,2022,17,Aces,85,18,Sun,71,Michelob ULTRA Arena,1,2022,3,0.75,7.136363636363637,0.9,10.2,0.6818181818181818,7.818181818181818,0.6,6.0,6,5,6,0.25,0.31818181818181823,0.32159090909090904,0.30454545454545445,0.030612244897959183,0.1836734693877551,0.10714285714285715,156,164.26190476190476,18.161282875306618,168.8022254807314,0.2199951117479101,14,0.9693877551020408,0.29591836734693877,0.7040816326530612,0.30612244897959184,0.29081632653061223,0.414655351936693,0.11607142857142858,0.554779651760746,0.26071428571428573,0.6232142857142857,0.2758722460246754,0.11564625850340136,0.3163265306122449
401455683,2022-09-16 01:00:00+00:00,9,16,2022,18,Sun,105,17,Aces,76,Mohegan Sun Arena,1,2022,3,0.6590909090909091,7.113636363636363,0.5,3.9,0.75,7.045454545454546,0.9,10.9,5,7,7,0.34090909090909094,0.25,0.3221590909090909,0.32386363636363635,0.2983050847457627,0.030508474576271188,0.16440677966101697,181,164.23389830508475,18.136750098605944,168.76808582973624,0.20341855163814693,29,0.9694915254237289,0.04406779661016949,0.9559322033898305,0.864406779661017,0.3411864406779661,0.38523843723068085,0.12466101694915255,0.6542341622074312,0.2664406779661017,0.6088983050847457,0.38016459735438546,0.24745762711864408,0.41694915254237286
401455684,2022-09-18 20:00:00+00:00,9,18,2022,18,Sun,71,17,Aces,78,Mohegan Sun Arena,1,2022,3,0.6590909090909091,7.159090909090909,0.5,4.3,0.7272727272727273,6.136363636363637,0.8,6.9,6,7,7,0.34090909090909094,0.2727272727272727,0.3210227272727273,0.34659090909090906,0.2905405405405405,0.08783783783783784,0.18918918918918917,149,164.29054054054055,18.13219007717934,168.82358805983537,0.4498873616849248,7,0.9121621621621622,0.6993243243243243,0.30067567567567566,0.16554054054054054,0.21013513513513513,0.4392289079620161,0.12837837837837837,0.6268852443339981,0.26891891891891895,0.6027027027027027,0.25263802324041307,0.08783783783783784,0.3885135135135135
401537457,2023-05-06 00:00:00+00:00,5,6,2023,8,Lynx,72,16,Mystics,69,Target Center,0,2023,1,0.4318181818181818,-1.0,0.4,-4.3,0.5681818181818182,3.022727272727273,0.5,1.3,0,0,0,0.5681818181818181,0.43181818181818177,0.525,0.4244318181818182,0.6835016835016835,0.45454545454545453,0.569023569023569,141,164.23905723905725,18.123266639951904,168.76987389904522,0.6908526285204526,3,0.5454545454545454,0.9326599326599326,0.06734006734006737,0.08417508417508418,0.16346801346801343,0.3117982858891949,0.18535353535353535,0.4241356427245621,0.3069023569023569,0.5077441077441077,0.4376371668244184,0.3400673400673401,0.13804713804713806
401537458,2023-05-06 00:00:00+00:00,5,6,2023,3,Wings,75,19,Sky,70,College Park Center,0,2023,1,0.5,-0.45454545454545453,0.6,-1.1,0.6818181818181818,4.545454545454546,0.5,2.7,0,0,0,0.5,0.31818181818181823,0.5113636363636364,0.38636363636363635,0.5167785234899329,0.348993288590604,0.43288590604026844,145,164.16107382550337,18.142743812658832,168.69675977866808,0.5738595066218293,5,0.651006711409396,0.8187919463087249,0.18120805369127513,0.12416107382550336,0.18624161073825501,0.3462569253637224,0.16493288590604027,0.46280240414831064,0.29328859060402684,0.5417785234899328,0.3823228462190661,0.2550335570469799,0.18456375838926176
401537459,2023-05-07 22:00:00+00:00,5,7,2023,19,Sky,81,5,Fever,56,Wintrust Arena,0,2023,1,0.6590909090909091,3.6818181818181817,0.5,3.3,0.13636363636363635,-10.818181818181818,0.0,-13.0,0,0,0,0.34090909090909094,0.8636363636363636,0.40795454545454546,0.7704545454545455,0.3411371237458194,0.9464882943143813,0.6438127090301003,137,164.09698996655518,18.146143052665995,168.6335257297217,0.7811755430141647,25,0.6588628762541806,0.09698996655518395,0.903010033444816,0.07023411371237458,0.3306020066889632,0.2874605429469469,0.19657190635451505,0.2725272157887395,0.31438127090301005,0.4890468227424749,0.7523011674327648,0.6454849498327759,0.013377926421404682
401535138,2023-05-09 02:00:00+00:00,5,9,2023,14,Storm,71,11,Mercury,77,Climate Pledge Arena,0,2023,1,0.6136363636363636,3.6818181818181817,0.5,1.8,0.38636363636363635,-4.840909090909091,0.3,-9.8,0,0,0,0.38636363636363635,0.6136363636363636,0.40795454545454546,0.6210227272727272,0.41,0.85,0.63,148,164.00666666666666,18.18319878208226,168.55246636218723,0.472068556078895,6,0.5900000000000001,0.7533333333333333,0.2466666666666667,0.15666666666666668,0.19933333333333333,0.31626333333333334,0.1945,0.43174823333333334,0.313,0.4925,0.4792990008240118,0.41,0.15
401537460,2023-05-10 15:00:00+00:00,5,10,2023,18,Sun,63,9,Liberty,57,Mohegan Sun Arena,0,2023,1,0.6363636363636364,6.795454545454546,0.5,4.6,0.4186046511627907,-3.604651162790698,0.6,-0.8,0,0,0,0.36363636363636365,0.5813953488372092,0.33011363636363633,0.5901162790697675,0.3023255813953488,0.5880398671096345,0.44518272425249167,120,163.95348837209303,18.17629856316638,168.49756301288463,0.971549271090738,6,0.6976744186046512,0.7541528239202658,0.24584717607973416,0.0033222591362126247,0.19916943521594682,0.3594425558216797,0.16677740863787377,0.4114964437735299,0.2945182724252492,0.5387043189368771,0.47426081164705985,0.3920265780730897,0.12956810631229235
401537461,2023-05-10 15:30:00+00:00,5,10,2023,16,Mystics,88,20,Dream,76,CareFirst Arena,0,2023,1,0.5454545454545454,2.772727272727273,0.4,0.0,0.38636363636363635,-2.909090909090909,0.2,-5.6,0,0,0,0.4545454545454546,0.6136363636363636,0.43068181818181817,0.5727272727272728,0.543046357615894,0.8278145695364238,0.685430463576159,164,163.80794701986756,18.321497723378087,168.38832145071208,0.028276853808934854,12,0.45695364238410596,0.39403973509933776,0.6059602649006622,0.5066225165562914,0.27119205298013244,0.23939651769659231,0.20281456953642385,0.4662007867669334,0.3185430463576159,0.4786423841059603,0.5268354579111747,0.48344370860927155,0.1986754966887417
401535139,2023-05-13 02:00:00+00:00,5,13,2023,11,Mercury,71,6,Sparks,90,Mortgage Matchup Center,0,2023,1,0.38636363636363635,-4.7727272727272725,0.3,-10.2,0.36585365853658536,-6.2439024390243905,0.1,-14.4,0,0,0,0.6136363636363636,0.6341463414634146,0.6193181818181819,0.6560975609756098,0.8481848184818482,0.8976897689768977,0.8729372937293729,161,163.8085808580858,18.291142293196547,168.38136643138495,0.07819886816497335,19,0.15181518151815176,0.18151815181518152,0.8184818481848185,0.40924092409240925,0.3136963696369637,0.12072601814636909,0.23094059405940592,0.30099533965748304,0.3372937293729373,0.4317656765676568,0.6710324492953059,0.6336633663366337,0.0297029702970297
401537462,2023-05-13 17:00:00+00:00,5,13,2023,5,Fever,90,3,Wings,83,Gainbridge Fieldhouse,0,2023,1,0.13636363636363635,-11.272727272727273,0.0,-13.9,0.5227272727272727,-0.11363636363636363,0.6,-1.2,0,0,0,0.8636363636363636,0.4772727272727273,0.7818181818181819,0.5028409090909091,0.9539473684210527,0.506578947368421,0.7302631578947368,173,163.79934210526315,18.261644403815954,168.36475320621713,0.03170003205990324,7,0.493421052631579,0.694078947368421,0.305921052631579,0.7138157894736842,0.2111842105263158,0.27349073753462605,0.20953947368421053,0.6618740574655563,0.3230263157894737,0.46743421052631573,0.4468129412746019,0.3618421052631579,0.4440789473684211
401525954,2023-05-13 20:00:00+00:00,5,13,2023,8,Lynx,74,19,Sky,82,Scotiabank Arena,0,2023,1,0.45454545454545453,-0.45454545454545453,0.5,-2.7,0.6590909090909091,4.159090909090909,0.5,4.3,0,0,0,0.5454545454545454,0.34090909090909094,0.5113636363636364,0.39602272727272725,0.5901639344262295,0.34098360655737703,0.46557377049180326,156,163.82950819672132,18.23919420778887,168.38930674866853,0.20602453846486046,8,0.659016393442623,0.6360655737704918,0.3639344262295082,0.31475409836065577,0.22278688524590162,0.3338194033861865,0.1698360655737705,0.4987112278120195,0.29655737704918034,0.5336065573770492,0.39135105276222876,0.2721311475409836,0.23934426229508196
401545052,2023-05-13 21:00:00+00:00,5,13,2023,17,Aces,84,9,Liberty,77,Michelob ULTRA Arena,0,2023,1,0.75,6.590909090909091,0.8,6.7,0.4090909090909091,-3.659090909090909,0.5,-4.3,0,0,0,0.25,0.5909090909090908,0.3352272727272727,0.5914772727272728,0.0784313725490196,0.6666666666666666,0.37254901960784315,161,163.80392156862746,18.214769299567074,168.35761389351921,0.07834326620714094,7,0.9215686274509804,0.696078431372549,0.303921568627451,0.4084967320261438,0.2107843137254902,0.44257977700884277,0.15588235294117647,0.6439220837636606,0.2872549019607843,0.5568627450980392,0.3069739628157191,0.16013071895424835,0.4150326797385621
401537464,2023-05-14 19:00:00+00:00,5,14,2023,20,Dream,68,18,Sun,85,Gateway Center,0,2023,1,0.36363636363636365,-3.2954545454545454,0.2,-6.1,0.6363636363636364,6.431818181818182,0.5,3.7,0,0,0,0.6363636363636364,0.36363636363636365,0.5823863636363636,0.3392045454545455,0.8436482084690554,0.3289902280130293,0.5863192182410424,153,163.79478827361564,18.185686361405704,168.34120986396707,0.29940098341189925,17,0.6710097719869708,0.23127035830618892,0.7687296416938111,0.250814332247557,0.30374592833876224,0.30322205010132736,0.18794788273615637,0.3725208223292911,0.30863192182410426,0.5034201954397394,0.5886912230374862,0.5700325732899023,0.09771986970684039
401507130,2023-05-19 23:00:00+00:00,5,19,2023,5,Fever,61,18,Sun,70,Gainbridge Fieldhouse,0,2023,2,0.1590909090909091,-10.727272727272727,0.1,-12.5,0.6590909090909091,7.0,0.5,4.9,0,0,0,0.8409090909090909,0.34090909090909094,0.7681818181818182,0.32499999999999996,0.9285714285714286,0.2824675324675325,0.6055194805194806,131,163.75974025974025,18.166459840169672,168.30135521978266,0.8785240398261055,9,0.7175324675324675,0.564935064935065,0.43506493506493504,0.022727272727272728,0.237012987012987,0.3500326783606004,0.1908279220779221,0.37719557307467366,0.3105519480519481,0.4986201298701298,0.6046813821445443,0.5876623376623377,0.1038961038961039
401507131,2023-05-19 23:00:00+00:00,5,19,2023,16,Mystics,80,9,Liberty,64,CareFirst Arena,0,2023,2,0.5454545454545454,2.8636363636363638,0.5,1.7,0.4090909090909091,-3.7954545454545454,0.4,-5.3,0,0,0,0.4545454545454546,0.5909090909090908,0.42840909090909096,0.5948863636363637,0.44336569579288027,0.7443365695792881,0.5938511326860841,144,163.6537216828479,18.232441136759633,168.21183196703782,0.5859340836002938,16,0.5566343042071198,0.2621359223300971,0.7378640776699029,0.11974110032362459,0.2975728155339806,0.2657402519873064,0.18907766990291264,0.28758867697258533,0.3093851132686084,0.501537216828479,0.6369096567884005,0.6148867313915858,0.019417475728155338
401507132,2023-05-20 00:00:00+00:00,5,20,2023,8,Lynx,66,19,Sky,77,Target Center,0,2023,2,0.4318181818181818,-1.0227272727272727,0.5,-2.5,0.6818181818181818,4.409090909090909,0.6,5.8,0,0,0,0.5681818181818181,0.31818181818181823,0.5255681818181819,0.38977272727272727,0.6,0.22903225806451613,0.41451612903225804,143,163.59032258064516,18.237108845817115,168.14959979209945,0.6135944788559415,11,0.7709677419354839,0.43548387096774194,0.564516129032258,0.11290322580645161,0.2629032258064516,0.3578485952133194,0.1621774193548387,0.4013455405995099,0.2914516129032258,0.5463709677419355,0.49051988399156665,0.41935483870967744,0.12903225806451613
401507133,2023-05-20 03:00:00+00:00,5,20,2023,6,Sparks,94,11,Mercury,71,crypto.com Arena,0,2023,2,0.38095238095238093,-5.642857142857143,0.2,-10.7,0.38636363636363635,-4.886363636363637,0.3,-10.1,0,0,0,0.6190476190476191,0.6136363636363636,0.6410714285714285,0.6221590909090909,0.8553054662379421,0.8520900321543409,0.8536977491961415,165,163.524115755627,18.24506730791718,168.08538258260631,0.014196977176977876,23,0.14790996784565913,0.1157556270096463,0.8842443729903537,0.5369774919614148,0.32684887459807077,0.11709799319692724,0.22805466237942124,0.36048697448500305,0.33536977491961417,0.43657556270096454,0.6724900984124668,0.6430868167202572,0.08681672025723473
401507135,2023-05-20 17:00:00+00:00,5,20,2023,3,Wings,85,20,Dream,78,College Park Center,0,2023,2,0.5,-0.3409090909090909,0.5,-2.1,0.36363636363636365,-3.659090909090909,0.2,-6.8,0,0,0,0.5,0.6363636363636364,0.5085227272727273,0.5914772727272728,0.5673076923076923,0.8525641025641025,0.7099358974358974,163,163.52884615384616,18.215902418358578,168.0828217584358,0.03818144684897007,7,0.4326923076923077,0.7019230769230769,0.29807692307692313,0.48717948717948717,0.20961538461538465,0.2500351331360947,0.2064903846153846,0.5294515781463359,0.3209935897435897,0.4725160256410257,0.4390209719195062,0.33653846153846156,0.2980769230769231
401507134,2023-05-20 19:00:00+00:00,5,20,2023,14,Storm,64,17,Aces,105,Climate Pledge Arena,0,2023,2,0.5909090909090909,3.25,0.5,2.0,0.75,6.2272727272727275,0.8,5.8,0,0,0,0.40909090909090906,0.25,0.41874999999999996,0.34431818181818186,0.41214057507987223,0.08945686900958466,0.2507987220447284,169,163.52715654952075,18.186711404115023,168.07383440054952,0.0012958579628272737,41,0.9105431309904153,0.0,1.0,0.6421725239616614,0.35,0.360926517571885,0.13761980830670928,0.5043251436678949,0.27507987220447283,0.5873003194888179,0.4225523775131661,0.3003194888178914,0.26198083067092653
401507136,2023-05-21 17:00:00+00:00,5,21,2023,18,Sun,80,16,Mystics,74,Mohegan Sun Arena,0,2023,2,0.6590909090909091,6.5,0.6,6.6,0.5681818181818182,3.477272727272727,0.5,3.0,0,0,0,0.34090909090909094,0.43181818181818177,0.3375,0.41306818181818183,0.19745222929936307,0.4267515923566879,0.3121019108280255,154,163.54458598726114,18.1602623973121,168.08465158658916,0.2597435138107915,6,0.802547770700637,0.7643312101910829,0.23566878980891715,0.2802547770700637,0.19713375796178342,0.402455880563106,0.14681528662420384,0.5780357648131357,0.28121019108280254,0.5719745222929936,0.28292112519591806,0.1305732484076433,0.35987261146496813
401507137,2023-05-21 18:00:00+00:00,5,21,2023,9,Liberty,90,5,Fever,73,Barclays Center,0,2023,2,0.4090909090909091,-3.5,0.4,-5.5,0.1590909090909091,-10.704545454545455,0.1,-12.1,0,0,0,0.5909090909090908,0.8409090909090909,0.5875,0.7676136363636363,0.7523809523809524,0.9365079365079365,0.8444444444444444,163,163.5142857142857,18.13929521611067,168.04910951831337,0.037999130374773094,17,0.24761904761904763,0.23492063492063492,0.765079365079365,0.4857142857142857,0.303015873015873,0.15599168556311416,0.22666666666666666,0.3744459249661064,0.33444444444444443,0.4388888888888889,0.6351069633787757,0.6158730158730159,0.10793650793650794
401507138,2023-05-21 20:00:00+00:00,5,21,2023,11,Mercury,69,19,Sky,75,Mortgage Matchup Center,0,2023,2,0.36363636363636365,-5.5227272727272725,0.3,-10.0,0.6818181818181818,4.454545454545454,0.6,3.1,0,0,0,0.6363636363636364,0.31818181818181823,0.6380681818181818,0.38863636363636367,0.8449367088607594,0.27848101265822783,0.5617088607594937,144,163.5126582278481,18.11050290442192,168.04028395395358,0.5856419707142136,6,0.7215189873417722,0.7658227848101266,0.23417721518987344,0.12025316455696203,0.19683544303797468,0.37006569460022437,0.18425632911392403,0.4775067591001929,0.3061708860759494,0.5095727848101266,0.4658380336020659,0.3860759493670886,0.22468354430379747
401507139,2023-05-23 23:00:00+00:00,5,23,2023,16,Mystics,81,18,Sun,88,CareFirst Arena,0,2023,2,0.5681818181818182,3.477272727272727,0.4,1.4,0.6590909090909091,6.454545454545454,0.7,7.6,0,0,0,0.43181818181818177,0.34090909090909094,0.41306818181818183,0.3386363636363636,0.4921135646687697,0.15457413249211358,0.32334384858044163,169,163.45110410094637,18.11500637746463,167.97985569531252,0.0015844259959451046,7,0.8454258675078864,0.7003154574132492,0.2996845425867508,0.6435331230283912,0.20993690851735017,0.4129761963996059,0.14850157728706626,0.709367614133449,0.2823343848580442,0.5691640378548896,0.26888223121577126,0.0946372239747634,0.5299684542586751
401507140,2023-05-24 00:00:00+00:00,5,24,2023,8,Lynx,77,20,Dream,83,Target Center,0,2023,2,0.4090909090909091,-1.5,0.5,-2.9,0.36363636363636365,-3.6363636363636362,0.2,-6.8,0,0,0,0.5909090909090908,0.6363636363636364,0.5375,0.5909090909090909,0.6383647798742138,0.8490566037735849,0.7437106918238994,160,163.4685534591195,18.089087769250042,167.990825401432,0.09296189724991921,6,0.3616352201257862,0.7672955974842768,0.23270440251572322,0.3805031446540881,0.19654088050314464,0.22562546972034334,0.21155660377358493,0.4640650550081238,0.32437106918238995,0.46407232704402507,0.44028483051225503,0.3522012578616352,0.20754716981132076
401507141,2023-05-26 02:00:00+00:00,5,26,2023,6,Sparks,85,17,Aces,94,crypto.com Arena,0,2023,2,0.3953488372093023,-4.976744186046512,0.3,-7.4,0.75,6.886363636363637,0.8,6.2,0,0,0,0.6046511627906976,0.25,0.6244186046511628,0.3278409090909091,0.8150470219435737,0.07836990595611286,0.44670846394984326,179,163.4576802507837,18.061667484971878,167.97309712202667,0.17002835399113525,9,0.9216300940438872,0.5642633228840125,0.4357366771159875,0.8369905956112853,0.2371473354231975,0.42781925295545453,0.1670062695924765,0.7403846490573724,0.2946708463949843,0.5383228840125391,0.39726808520240564,0.2727272727272727,0.567398119122257
401507142,2023-05-26 02:00:00+00:00,5,26,2023,11,Mercury,90,8,Lynx,81,Mortgage Matchup Center,0,2023,2,0.36363636363636365,-4.840909090909091,0.3,-9.3,0.38636363636363635,-2.0681818181818183,0.4,-4.2,0,0,0,0.6363636363636364,0.6136363636363636,0.6210227272727272,0.5517045454545455,0.84375,0.709375,0.7765625,171,163.50625,18.054253617020876,168.01981340425522,0.013531403088654748,9,0.290625,0.565625,0.43437499999999996,0.6875,0.236875,0.18720410156250003,0.216484375,0.5706747344970704,0.32765625,0.45585937499999996,0.49925831683270794,0.440625,0.35625
401507143,2023-05-27 00:00:00+00:00,5,27,2023,19,Sky,69,16,Mystics,71,Wintrust Arena,0,2023,2,0.6818181818181818,4.4772727272727275,0.6,1.9,0.5681818181818182,3.75,0.4,1.7,0,0,0,0.31818181818181823,0.43181818181818177,0.3880681818181818,0.40625,0.2772585669781931,0.48909657320872274,0.38317757009345793,140,163.52959501557632,18.03087359636174,168.03731341466676,0.7014902134375582,2,0.7227414330218069,0.9781931464174455,0.02180685358255452,0.08722741433021806,0.1543613707165109,0.3901529003018216,0.1574766355140187,0.5329390938083776,0.2883177570093458,0.5542056074766355,0.3291147797755768,0.17757009345794392,0.3052959501557632
401507144,2023-05-27 02:00:00+00:00,5,27,2023,14,Storm,91,3,Wings,95,Climate Pledge Arena,0,2023,2,0.5681818181818182,2.227272727272727,0.4,-3.2,0.5227272727272727,0.20454545454545456,0.5,-1.8,0,0,0,0.43181818181818177,0.4772727272727273,0.44431818181818183,0.4948863636363636,0.5590062111801242,0.562111801242236,0.56055900621118,186,163.45652173913044,18.05045639384239,167.96913583759104,0.39281100322766316,4,0.44099378881987583,0.8664596273291926,0.13354037267080743,0.906832298136646,0.17670807453416149,0.26386250530457933,0.184083850931677,0.8138620380463237,0.306055900621118,0.509860248447205,0.39898773536567794,0.27639751552795033,0.6304347826086957
401507145,2023-05-27 17:00:00+00:00,5,27,2023,9,Liberty,81,18,Sun,65,Barclays Center,0,2023,2,0.4090909090909091,-3.3636363636363638,0.5,-2.9,0.6818181818181818,6.795454545454546,0.7,5.9,0,0,0,0.5909090909090908,0.31818181818181823,0.5840909090909091,0.33011363636363633,0.6625386996904025,0.15789473684210525,0.41021671826625383,146,163.52631578947367,18.066004442285042,168.04281690004493,0.5249592798852265,16,0.8421052631578947,0.2631578947368421,0.736842105263158,0.14860681114551083,0.2973684210526316,0.36610803324099717,0.16153250773993807,0.396769422742125,0.2910216718266254,0.5474458204334365,0.5238064381739284,0.47987616099071206,0.13003095975232198
401507146,2023-05-28 01:00:00+00:00,5,28,2023,17,Aces,93,6,Sparks,65,Michelob ULTRA Arena,0,2023,2,0.75,6.954545454545454,0.9,7.4,0.38636363636363635,-5.068181818181818,0.3,-7.6,0,0,0,0.25,0.6136363636363636,0.32613636363636367,0.6267045454545455,0.05246913580246913,0.8240740740740741,0.4382716049382716,158,163.47222222222223,18.06427721928304,167.98829152704297,0.14175538469744864,28,0.9475308641975309,0.05864197530864197,0.941358024691358,0.3549382716049383,0.3382716049382716,0.3796768785246151,0.16574074074074074,0.4428986660795836,0.2938271604938272,0.5404320987654321,0.536947241152968,0.5154320987654321,0.1697530864197531
401507147,2023-05-28 19:00:00+00:00,5,28,2023,20,Dream,87,5,Fever,90,Gateway Center,0,2023,2,0.36363636363636365,-3.659090909090909,0.3,-4.9,0.1590909090909091,-10.931818181818182,0.1,-12.8,0,0,0,0.6363636363636364,0.8409090909090909,0.5914772727272728,0.7732954545454546,0.8,0.9446153846153846,0.8723076923076923,177,163.45538461538462,18.038932782080792,167.96511781090481,0.11788042320361036,3,0.19999999999999996,0.9353846153846154,0.06461538461538463,0.803076923076923,0.16292307692307692,0.1674153846153846,0.23084615384615384,0.7269721183431952,0.3372307692307692,0.43192307692307697,0.4257723606535057,0.31076923076923074,0.556923076923077
401507148,2023-05-28 22:00:00+00:00,5,28,2023,19,Sky,94,3,Wings,88,Wintrust Arena,0,2023,2,0.6818181818181818,4.590909090909091,0.6,2.2,0.5227272727272727,-0.045454545454545456,0.5,-2.3,0,0,0,0.31818181818181823,0.4772727272727273,0.38522727272727275,0.5011363636363637,0.2668711656441718,0.5613496932515337,0.41411042944785276,182,163.49693251533742,18.026774696162395,168.00362618937802,0.26022937143671465,6,0.7331288343558282,0.7638036809815951,0.23619631901840488,0.8803680981595092,0.19723926380368098,0.3745395950167488,0.16211656441717792,0.8076687445606959,0.29141104294478526,0.5464723926380368,0.3373176245193675,0.1901840490797546,0.6257668711656442
401507149,2023-05-29 01:00:00+00:00,5,29,2023,17,Aces,94,8,Lynx,73,Michelob ULTRA Arena,0,2023,2,0.75,7.136363636363637,0.9,9.7,0.36363636363636365,-2.409090909090909,0.3,-5.8,0,0,0,0.25,0.6363636363636364,0.32159090909090904,0.5602272727272728,0.03669724770642202,0.7981651376146789,0.41743119266055045,167,163.55351681957185,18.02816588567465,168.0605582909905,0.0017288619325720456,21,0.963302752293578,0.1437308868501529,0.8562691131498471,0.5963302752293578,0.32125382262996943,0.39479364812165074,0.16261467889908257,0.5355382226103731,0.29174311926605506,0.5456422018348623,0.47785983540739646,0.41590214067278286,0.3211009174311927
401507150,2023-05-30 23:00:00+00:00,5,30,2023,20,Dream,83,19,Sky,65,Gateway Center,0,2023,2,0.36363636363636365,-3.590909090909091,0.2,-6.2,0.6818181818181818,4.659090909090909,0.6,2.0,0,0,0,0.6363636363636364,0.31818181818181823,0.5897727272727272,0.3835227272727273,0.8414634146341463,0.2926829268292683,0.5670731707317073,148,163.5640243902439,18.001584664173915,168.0644205562874,0.46267790408676557,18,0.7073170731707317,0.2073170731707317,0.7926829268292683,0.16463414634146342,0.3085365853658537,0.3136882807852468,0.1850609756097561,0.34546081745766893,0.3067073170731707,0.5082317073170732,0.6169498438355692,0.6067073170731707,0.07317073170731707
401507151,2023-05-30 23:00:00+00:00,5,30,2023,18,Sun,81,5,Fever,78,Mohegan Sun Arena,0,2023,2,0.6590909090909091,6.2727272727272725,0.6,3.4,0.18181818181818182,-10.431818181818182,0.2,-10.4,0,0,0,0.34090909090909094,0.8181818181818181,0.34318181818181814,0.7607954545454545,0.23100303951367782,0.9240121580547113,0.5775075987841946,159,163.51671732522797,17.994592518945794,168.0153654549644,0.11794650870005619,3,0.7689969604863222,0.9361702127659575,0.06382978723404253,0.3677811550151976,0.1627659574468085,0.40563862122485933,0.18662613981762918,0.6636459834408128,0.3077507598784195,0.5056231003039513,0.3336567496941672,0.1884498480243161,0.47112462006079026
401507152,2023-05-31 00:00:00+00:00,5,31,2023,3,Wings,94,8,Lynx,89,College Park Center,0,2023,2,0.5,-0.45454545454545453,0.5,-1.1,0.36363636363636365,-2.590909090909091,0.3,-6.7,0,0,0,0.5,0.6363636363636364,0.5113636363636364,0.5647727272727272,0.5484848484848485,0.803030303030303,0.6757575757575758,183,163.5030303030303,17.96894458538833,167.99526644937737,0.29435527768398706,5,0.45151515151515154,0.8242424242424242,0.17575757575757578,0.8878787878787879,0.18515151515151515,0.26544306703397613,0.20136363636363636,0.7901935679105101,0.31757575757575757,0.481060606060606,0.4401691433121516,0.3575757575757576,0.6151515151515151
401507153,2023-05-31 01:00:00+00:00,5,31,2023,14,Storm,78,9,Liberty,86,Climate Pledge Arena,0,2023,2,0.5454545454545454,1.6136363636363635,0.3,-6.3,0.4318181818181818,-2.977272727272727,0.5,-3.1,0,0,0,0.4545454545454546,0.5681818181818181,0.45965909090909096,0.5744318181818182,0.6706948640483383,0.6253776435045317,0.648036253776435,164,163.5619335347432,17.973674382150378,168.0553521302808,0.02513262768723723,8,0.37462235649546827,0.6283987915407855,0.3716012084592145,0.513595166163142,0.2243202416918429,0.22286146530243425,0.19720543806646526,0.5080060560835884,0.3148036253776435,0.4879909365558912,0.4381735168730309,0.34441087613293053,0.2719033232628399
401507154,2023-06-02 00:00:00+00:00,6,2,2023,8,Lynx,84,18,Sun,89,Target Center,0,2023,2,0.36363636363636365,-2.4318181818181817,0.2,-8.2,0.6590909090909091,6.25,0.7,4.0,0,0,0,0.6363636363636364,0.34090909090909094,0.5607954545454545,0.34375,0.8493975903614458,0.1897590361445783,0.5195783132530121,173,163.5632530120482,17.9465193830448,168.0498828578094,0.03732556552821853,5,0.8102409638554217,0.8253012048192772,0.17469879518072284,0.7198795180722891,0.18493975903614457,0.4117036217157788,0.1779367469879518,0.7799934323227007,0.3019578313253012,0.520105421686747,0.32962875675123743,0.1746987951807229,0.6114457831325302
401507157,2023-06-02 22:00:00+00:00,6,2,2023,19,Sky,76,9,Liberty,77,Wintrust Arena,0,2023,2,0.6590909090909091,4.068181818181818,0.5,-0.2,0.4318181818181818,-2.840909090909091,0.5,-3.3,0,0,0,0.34090909090909094,0.5681818181818181,0.39829545454545445,0.5710227272727273,0.39039039039039036,0.6276276276276276,0.5090090090090089,153,163.5915915915916,17.926931383947117,168.07332443757838,0.29776644411531894,1,0.6096096096096096,1.0,0.0,0.25225225225225223,0.15,0.34408408408408414,0.17635135135135133,0.5631439547655764,0.3009009009009009,0.5227477477477478,0.31859482784959564,0.16216216216216217,0.36036036036036034
401507155,2023-06-02 23:00:00+00:00,6,2,2023,16,Mystics,75,3,Wings,74,CareFirst Arena,0,2023,2,0.5681818181818182,3.522727272727273,0.5,2.2,0.5227272727272727,-0.18181818181818182,0.6,0.6,0,0,0,0.43181818181818177,0.4772727272727273,0.4119318181818181,0.5045454545454546,0.4221556886227545,0.47604790419161674,0.4491017964071856,149,163.55988023952096,17.909373323443425,168.03722357038183,0.4316161908930425,1,0.5778443113772456,1.0,0.0,0.18263473053892215,0.15,0.33058383233532934,0.16736526946107783,0.5121239108609129,0.2949101796407186,0.5377245508982036,0.31373062187320844,0.15568862275449102,0.27844311377245506
401507156,2023-06-03 00:00:00+00:00,6,3,2023,20,Dream,87,17,Aces,92,Gateway Center,0,2023,2,0.38636363636363635,-2.727272727272727,0.2,-4.6,0.75,6.9772727272727275,0.9,10.6,0,0,0,0.6136363636363636,0.25,0.5681818181818181,0.3255681818181818,0.8119402985074626,0.029850746268656716,0.42089552238805966,179,163.51641791044776,17.900227451595125,167.99147477334654,0.17230335356774396,5,0.9701492537313433,0.8208955223880597,0.17910447761194026,0.8328358208955224,0.18582089552238806,0.4763555357540655,0.16313432835820896,0.852663698659742,0.29208955223880595,0.5447761194029851,0.30971696788843717,0.15522388059701492,0.6626865671641791
401507158,2023-06-03 02:00:00+00:00,6,3,2023,11,Mercury,93,6,Sparks,99,Mortgage Matchup Center,0,2023,2,0.38636363636363635,-4.5,0.3,-9.8,0.38636363636363635,-5.295454545454546,0.3,-7.5,0,0,0,0.6136363636363636,0.6136363636363636,0.6125,0.6323863636363637,0.8363095238095238,0.8244047619047619,0.8303571428571428,192,163.5625,17.89343976342067,168.03585994085518,0.5921360196113519,6,0.17559523809523814,0.7529761904761905,0.24702380952380953,0.9494047619047619,0.19940476190476192,0.15034987953514742,0.2245535714285714,0.7655704459983398,0.33303571428571427,0.4424107142857144,0.5825929055092413,0.5744047619047619,0.5952380952380952
401507159,2023-06-03 23:00:00+00:00,6,3,2023,16,Mystics,78,8,Lynx,80,CareFirst Arena,0,2023,2,0.5681818181818182,3.227272727272727,0.5,1.1,0.3409090909090909,-2.6136363636363638,0.1,-9.6,0,0,0,0.43181818181818177,0.6590909090909092,0.4193181818181818,0.5653409090909091,0.42729970326409494,0.8753709198813057,0.6513353115727003,158,163.64688427299703,17.933821734073955,168.1303397065155,0.14746499215138564,2,0.5727002967359051,0.973293768545994,0.02670623145400597,0.35014836795252224,0.15534124629080118,0.3263340348158389,0.19770029673590506,0.5880734147867545,0.31513353115727005,0.4871661721068249,0.35487843222536963,0.22255192878338279,0.3798219584569733
401507160,2023-06-04 02:00:00+00:00,6,4,2023,6,Sparks,92,14,Storm,85,crypto.com Arena,0,2023,2,0.38636363636363635,-5.795454545454546,0.4,-6.6,0.5454545454545454,1.6818181818181819,0.3,-6.2,0,0,0,0.6136363636363636,0.4545454545454546,0.6448863636363636,0.4579545454545454,0.7869822485207101,0.6568047337278107,0.7218934911242604,177,163.6301775147929,17.909827896436287,168.10763448890197,0.11596612253514527,7,0.3431952662721893,0.6804733727810651,0.3195266272189349,0.7958579881656804,0.213905325443787,0.21350145303035603,0.20828402366863907,0.6743962382808186,0.322189349112426,0.4695266272189349,0.466050182757504,0.40828402366863903,0.4911242603550296
401507161,2023-06-04 17:00:00+00:00,6,4,2023,18,Sun,80,3,Wings,74,Mohegan Sun Arena,0,2023,2,0.6590909090909091,6.204545454545454,0.8,5.9,0.5,-0.38636363636363635,0.5,-2.3,0,0,0,0.34090909090909094,0.5,0.3448863636363637,0.5096590909090909,0.13864306784660768,0.5663716814159292,0.35250737463126847,154,163.66961651917404,17.89805095419655,168.1441292577232,0.2682059218859675,6,0.8613569321533923,0.7522123893805309,0.24778761061946908,0.27728613569321536,0.19955752212389383,0.42477758634192175,0.15287610619469028,0.5955798843114466,0.28525073746312685,0.5618731563421828,0.3097483068776808,0.15634218289085547,0.3893805309734513
401507162,2023-06-04 18:00:00+00:00,6,4,2023,9,Liberty,82,19,Sky,86,Barclays Center,0,2023,2,0.45454545454545453,-2.0681818181818183,0.5,-3.6,0.6363636363636364,3.840909090909091,0.5,2.1,0,0,0,0.5454545454545454,0.36363636363636365,0.5517045454545455,0.4039772727272728,0.6235294117647059,0.3764705882352941,0.5,168,163.64117647058825,17.87932537591868,168.11100781456793,1.9273947360676225e-05,4,0.6235294117647059,0.8588235294117647,0.14117647058823535,0.6147058823529412,0.17823529411764708,0.3383737024221453,0.175,0.6988815387746795,0.3,0.5249999999999999,0.30485631411725866,0.14411764705882352,0.5235294117647059
401507163,2023-06-04 20:00:00+00:00,6,4,2023,5,Fever,80,17,Aces,84,Gainbridge Fieldhouse,0,2023,2,0.18181818181818182,-10.25,0.2,-8.2,0.75,6.931818181818182,0.9,10.6,0,0,0,0.8181818181818181,0.25,0.75625,0.3267045454545455,0.906158357771261,0.03225806451612903,0.469208211143695,164,163.65395894428153,17.854573244725017,168.11760225546277,0.026242073139220223,4,0.967741935483871,0.8592375366568915,0.1407624633431085,0.5102639296187683,0.1781524926686217,0.4798528994418692,0.17038123167155425,0.7592207738706376,0.2969208211143695,0.5326979472140763,0.2962127138332276,0.1436950146627566,0.5865102639296188
401507164,2023-06-06 23:00:00+00:00,6,6,2023,18,Sun,84,17,Aces,90,Mohegan Sun Arena,0,2023,2,0.6590909090909091,5.909090909090909,0.8,3.6,0.75,6.840909090909091,0.9,10.7,0,0,0,0.34090909090909094,0.25,0.3522727272727273,0.32897727272727273,0.16666666666666666,0.03216374269005848,0.09941520467836257,174,163.6549707602339,17.82838411647059,168.11206678935156,0.05307421458827777,6,0.9678362573099415,0.7485380116959064,0.2514619883040936,0.7456140350877193,0.20029239766081872,0.4669637666290482,0.11491228070175438,0.7914888479206177,0.25994152046783625,0.6251461988304093,0.13361332793505015,0.005847953216374269,0.6286549707602339
401507165,2023-06-07 00:00:00+00:00,6,7,2023,19,Sky,108,5,Fever,103,Wintrust Arena,0,2023,2,0.6590909090909091,3.977272727272727,0.6,3.4,0.1590909090909091,-10.431818181818182,0.2,-7.6,0,0,0,0.34090909090909094,0.8409090909090909,0.4005681818181819,0.7607954545454545,0.27696793002915454,0.9125364431486881,0.5947521865889214,211,163.6851311953353,17.811061200254983,168.13789649539905,0.944733704387226,5,0.7230320699708455,0.8163265306122449,0.18367346938775508,0.9883381924198251,0.186734693877551,0.37533497947283867,0.18921282798833822,0.8742343413068379,0.30947521865889216,0.5013119533527696,0.5337545034233416,0.5276967930029155,0.6793002915451894
401507166,2023-06-07 02:00:00+00:00,6,7,2023,14,Storm,66,6,Sparks,63,Climate Pledge Arena,0,2023,2,0.5454545454545454,1.9772727272727273,0.2,-7.2,0.38636363636363635,-5.7727272727272725,0.5,-5.7,0,0,0,0.4545454545454546,0.6136363636363636,0.4505681818181818,0.6443181818181818,0.7325581395348837,0.7296511627906976,0.7311046511627907,129,163.82267441860466,17.96710495503146,168.31445065736253,0.9087331205116711,3,0.27034883720930236,0.9302325581395349,0.06976744186046513,0.01744186046511628,0.16395348837209303,0.19661675229853978,0.20966569767441862,0.23837678404102786,0.32311046511627906,0.4672238372093023,0.5546622748192862,0.563953488372093,0.0029069767441860465
401507168,2023-06-08 00:00:00+00:00,6,8,2023,3,Wings,84,11,Mercury,79,College Park Center,0,2023,2,0.4772727272727273,-0.75,0.5,-0.4,0.38636363636363635,-4.545454545454546,0.3,-9.5,0,0,0,0.5227272727272727,0.6136363636363636,0.51875,0.6136363636363636,0.5478260869565217,0.8405797101449275,0.6942028985507246,163,163.72173913043477,18.038660594301344,168.2314042790101,0.041181132259890285,5,0.4521739130434783,0.8144927536231884,0.1855072463768116,0.4782608695652174,0.18710144927536232,0.26507561436672966,0.20413043478260867,0.5625068354291664,0.3194202898550725,0.4764492753623188,0.39841356880986306,0.2898550724637681,0.3536231884057971
401507169,2023-06-08 23:00:00+00:00,6,8,2023,18,Sun,94,17,Aces,77,Mohegan Sun Arena,0,2023,2,0.6590909090909091,5.863636363636363,0.8,3.7,0.7727272727272727,7.136363636363637,0.9,9.9,0,0,0,0.34090909090909094,0.2272727272727273,0.3534090909090909,0.32159090909090904,0.16473988439306358,0.02601156069364162,0.09537572254335261,171,163.71965317919074,18.012540426963366,168.22278828593159,0.011815703236787822,17,0.9739884393063584,0.2254335260115607,0.7745664739884393,0.6791907514450867,0.30491329479768786,0.40801187811153067,0.1143063583815029,0.5839401479937973,0.25953757225433527,0.6261560693641618,0.2620997997577865,0.0838150289017341,0.37283236994219654
401507170,2023-06-09 23:30:00+00:00,6,9,2023,20,Dream,83,9,Liberty,106,Gateway Center,0,2023,2,0.36363636363636365,-3.272727272727273,0.2,-4.1,0.45454545454545453,-2.022727272727273,0.4,-4.7,0,0,0,0.6363636363636364,0.5454545454545454,0.5818181818181818,0.5505681818181818,0.8155619596541787,0.6743515850144092,0.7449567723342939,189,163.7406340057637,17.990737586414657,168.23831840236736,0.4861797385945231,23,0.32564841498559083,0.11239193083573487,0.8876080691642652,0.9279538904899135,0.32752161383285305,0.17674359890041444,0.2117435158501441,0.5865404732568196,0.3244956772334294,0.4637608069164265,0.7364521425620321,0.69164265129683,0.37752161383285304
401507171,2023-06-10 00:00:00+00:00,6,10,2023,3,Wings,90,11,Mercury,77,College Park Center,0,2023,2,0.5,-0.2727272727272727,0.5,-0.9,0.38636363636363635,-4.25,0.2,-11.2,0,0,0,0.5,0.6136363636363636,0.5068181818181818,0.60625,0.5358166189111748,0.8653295128939829,0.7005730659025788,167,163.74498567335243,18.034951995013394,168.2537236721058,0.002413343252806177,13,0.4641833810888252,0.32951289398280803,0.670487106017192,0.5902578796561605,0.2840974212034384,0.23774529765765468,0.20508595988538683,0.49244954550201187,0.3200573065902579,0.4748567335243553,0.5477610777425352,0.5530085959885387,0.23782234957020057
401507172,2023-06-10 00:00:00+00:00,6,10,2023,8,Lynx,69,5,Fever,71,Target Center,0,2023,2,0.36363636363636365,-2.0454545454545454,0.2,-6.7,0.1590909090909091,-10.272727272727273,0.2,-7.7,0,0,0,0.6363636363636364,0.8409090909090909,0.5511363636363636,0.7568181818181818,0.8275862068965517,0.9109195402298851,0.8692528735632183,140,163.8132183908046,18.01575192896485,168.3171563730458,0.7092459043286564,2,0.1724137931034483,0.9741379310344828,0.025862068965517238,0.08333333333333333,0.15517241379310345,0.15731272294887041,0.23038793103448274,0.2372910601774024,0.3369252873563218,0.43268678160919544,0.5482295097774096,0.5574712643678161,0.0028735632183908046
401507173,2023-06-10 02:00:00+00:00,6,10,2023,6,Sparks,77,19,Sky,62,crypto.com Arena,0,2023,2,0.38636363636363635,-5.7727272727272725,0.4,-6.3,0.6590909090909091,4.0,0.7,4.4,0,0,0,0.6136363636363636,0.34090909090909094,0.6443181818181818,0.4,0.78,0.21714285714285714,0.49857142857142855,139,163.75428571428571,18.009935857824342,168.2567696787418,0.7327221833933206,15,0.7828571428571429,0.2714285714285714,0.7285714285714286,0.08,0.2957142857142857,0.3461061224489796,0.17478571428571427,0.35409949854227407,0.2998571428571429,0.5253571428571429,0.608464778360655,0.6257142857142857,0.08285714285714285
401507174,2023-06-10 02:00:00+00:00,6,10,2023,14,Storm,66,16,Mystics,73,Climate Pledge Arena,0,2023,2,0.5681818181818182,2.159090909090909,0.2,-8.2,0.5454545454545454,2.909090909090909,0.4,-0.3,0,0,0,0.43181818181818177,0.4545454545454546,0.4460227272727273,0.42727272727272725,0.7264957264957265,0.5327635327635327,0.6296296296296295,139,163.68376068376068,18.032660641648242,168.19192584417274,0.7302650589876032,7,0.4672364672364673,0.6695156695156695,0.33048433048433046,0.07977207977207977,0.21609686609686607,0.2615243788605612,0.19444444444444442,0.31773424562196567,0.31296296296296294,0.49259259259259264,0.5555762306056141,0.5669515669515669,0.04843304843304843
401507175,2023-06-11 17:00:00+00:00,6,11,2023,9,Liberty,102,3,Wings,93,Barclays Center,0,2023,2,0.4772727272727273,-1.2727272727272727,0.5,1.4,0.5,-0.20454545454545456,0.6,1.9,0,0,0,0.5227272727272727,0.5,0.5318181818181819,0.5051136363636364,0.5284090909090909,0.4630681818181818,0.49573863636363635,195,163.61363636363637,18.054953668767798,168.12737478082832,0.6696613564216947,9,0.5369318181818181,0.5397727272727273,0.4602272727272727,0.9545454545454546,0.24204545454545454,0.2792804106404958,0.17436079545454547,0.7376260745122324,0.2995738636363636,0.526065340909091,0.5154256637730363,0.48011363636363635,0.5767045454545454
401507176,2023-06-11 19:00:00+00:00,6,11,2023,17,Aces,93,19,Sky,80,Michelob ULTRA Arena,0,2023,2,0.75,6.613636363636363,0.9,11.1,0.6363636363636364,3.6136363636363638,0.6,0.4,0,0,0,0.25,0.36363636363636365,0.33465909090909096,0.4096590909090909,0.025495750708215296,0.35410764872521244,0.18980169971671387,173,163.70254957507083,18.106516257447204,168.22917863943263,0.034116980438533395,13,0.9745042492917847,0.3314447592067989,0.6685552407932012,0.7138810198300283,0.28371104815864023,0.4206422088292178,0.12847025495750708,0.6269538760301714,0.2689801699716714,0.6025495750708215,0.2985760529913512,0.14730878186968838,0.43626062322946174
401507179,2023-06-11 19:00:00+00:00,6,11,2023,14,Storm,65,16,Mystics,71,Climate Pledge Arena,0,2023,2,0.5454545454545454,1.9318181818181819,0.1,-9.2,0.5454545454545454,2.772727272727273,0.5,0.7,0,0,0,0.4545454545454546,0.4545454545454546,0.4517045454545454,0.43068181818181817,0.7937853107344632,0.4745762711864407,0.634180790960452,136,163.72881355932202,18.08760285550923,168.25071427319932,0.7959919041357227,6,0.5254237288135593,0.7457627118644068,0.2542372881355932,0.06497175141242938,0.20084745762711864,0.28986210858948575,0.1951271186440678,0.3547878637380972,0.3134180790960452,0.4914548022598871,0.5466733644185418,0.5508474576271186,0.08757062146892655
401507177,2023-06-11 20:00:00+00:00,6,11,2023,20,Dream,77,18,Sun,89,Gateway Center,0,2023,2,0.36363636363636365,-3.4318181818181817,0.2,-5.7,0.6590909090909091,5.954545454545454,0.8,4.8,0,0,0,0.6363636363636364,0.34090909090909094,0.5857954545454545,0.3511363636363637,0.8338028169014085,0.14647887323943662,0.49014084507042255,166,163.65070422535211,18.121894810879017,168.18117792807186,0.007217271426694705,12,0.8535211267605634,0.38028169014084506,0.619718309859155,0.5661971830985916,0.273943661971831,0.38245784566554253,0.1735211267605634,0.5738029174850732,0.29901408450704225,0.5274647887323943,0.4450888894390713,0.38309859154929576,0.36901408450704226
401507178,2023-06-11 21:00:00+00:00,6,11,2023,5,Fever,82,11,Mercury,85,Gainbridge Fieldhouse,0,2023,2,0.18181818181818182,-9.909090909090908,0.3,-6.3,0.36363636363636365,-5.0,0.2,-11.0,0,0,0,0.8181818181818181,0.6363636363636364,0.7477272727272727,0.625,0.8960674157303371,0.8707865168539326,0.8834269662921348,167,163.6573033707865,18.096781365930745,168.1814987122692,0.0021289777283886036,3,0.1292134831460674,0.9297752808988764,0.0702247191011236,0.5898876404494382,0.16404494382022472,0.13760383789925515,0.23251404494382022,0.5610862179755421,0.33834269662921346,0.4291432584269663,0.40337176495078264,0.2949438202247191,0.35674157303370785
401507180,2023-06-11 23:00:00+00:00,6,11,2023,8,Lynx,91,6,Sparks,86,Target Center,0,2023,2,0.36363636363636365,-1.8181818181818181,0.2,-6.2,0.4090909090909091,-5.136363636363637,0.5,-2.2,0,0,0,0.6363636363636364,0.5909090909090908,0.5454545454545454,0.6284090909090909,0.8179271708683473,0.6554621848739496,0.7366946778711485,177,163.66666666666666,18.072212618101233,168.18471982119198,0.11216121807778467,5,0.3445378151260504,0.8151260504201681,0.18487394957983194,0.7955182072829131,0.1869747899159664,0.22136148577077894,0.2105042016806723,0.7155366644927866,0.32366946778711486,0.46582633053221284,0.42662023905452967,0.33053221288515405,0.5602240896358543
401507181,2023-06-13 23:00:00+00:00,6,13,2023,5,Fever,87,16,Mystics,66,Gainbridge Fieldhouse,0,2023,2,0.18181818181818182,-9.75,0.3,-5.4,0.5681818181818182,3.090909090909091,0.6,2.6,0,0,0,0.8181818181818181,0.43181818181818177,0.74375,0.42272727272727273,0.888268156424581,0.3687150837988827,0.6284916201117319,153,163.70391061452514,18.060636625227644,168.21906977083205,0.2988562229312113,21,0.6312849162011174,0.13687150837988826,0.8631284916201117,0.25139664804469275,0.3226256983240223,0.2815455198027527,0.1942737430167598,0.3417143258663525,0.3128491620111732,0.492877094972067,0.6378580662989758,0.6620111731843575,0.06983240223463687
401507182,2023-06-14 00:00:00+00:00,6,14,2023,9,Liberty,79,20,Dream,86,Barclays Center,0,2023,2,0.5,-0.45454545454545453,0.6,4.1,0.3409090909090909,-3.8636363636363638,0.2,-5.9,0,0,0,0.5,0.6590909090909092,0.5113636363636364,0.5965909090909091,0.41225626740947074,0.8523676880222841,0.6323119777158774,165,163.67409470752088,18.04424025474316,168.18515477120667,0.015458780354731028,7,0.5877437325905293,0.6685236768802229,0.33147632311977715,0.5292479108635098,0.21629526462395543,0.30867924674699915,0.19484679665738164,0.5848918186475014,0.31323119777158775,0.49192200557103055,0.41788899578065825,0.3147632311977716,0.38440111420612816
401507183,2023-06-14 02:00:00+00:00,6,14,2023,11,Mercury,69,14,Storm,83,Mortgage Matchup Center,0,2023,2,0.36363636363636365,-5.045454545454546,0.3,-9.1,0.5227272727272727,1.7272727272727273,0.1,-9.3,0,0,0,0.6363636363636364,0.4772727272727273,0.6261363636363637,0.4568181818181818,0.85,0.7944444444444444,0.8222222222222222,152,163.67777777777778,18.01922698144888,168.18258452314,0.3318667976768458,14,0.2055555555555556,0.28888888888888886,0.7111111111111111,0.22777777777777777,0.2922222222222222,0.14352160493827162,0.22333333333333333,0.23005471536351169,0.3322222222222222,0.4444444444444444,0.675795930493508,0.6888888888888889,0.002777777777777778
401507184,2023-06-14 17:00:00+00:00,6,14,2023,3,Wings,61,6,Sparks,79,College Park Center,0,2023,2,0.4772727272727273,-0.7727272727272727,0.5,0.5,0.38636363636363635,-5.409090909090909,0.5,-0.3,0,0,0,0.5227272727272727,0.6136363636363636,0.5193181818181818,0.6352272727272728,0.5290858725761773,0.6481994459833795,0.5886426592797784,140,163.6454293628809,18.00467647264398,168.14659848104188,0.705343114261002,18,0.47091412742382266,0.19667590027700832,0.8033240997229917,0.0886426592797784,0.3106648199445984,0.23124235541470672,0.18829639889196675,0.23238281721198928,0.30886426592797783,0.5028393351800553,0.6769243602126508,0.6897506925207756,0.00554016620498615
401507185,2023-06-15 23:00:00+00:00,6,15,2023,18,Sun,88,20,Dream,92,Mohegan Sun Arena,0,2023,2,0.6590909090909091,5.9772727272727275,0.8,4.3,0.3409090909090909,-3.75,0.3,-4.8,0,0,0,0.34090909090909094,0.6590909090909092,0.35056818181818183,0.59375,0.15193370165745856,0.7983425414364641,0.47513812154696133,180,163.58011049723757,18.022621734103556,168.08576593076347,0.19628253915588512,4,0.8480662983425414,0.8591160220994475,0.14088397790055252,0.8480662983425414,0.17817679558011051,0.43066260187417965,0.1712707182320442,0.8528250011256815,0.29751381215469613,0.5312154696132596,0.32793310116308017,0.17955801104972377,0.6850828729281768
401507186,2023-06-16 00:00:00+00:00,6,16,2023,19,Sky,90,5,Fever,92,Wintrust Arena,0,2023,2,0.6136363636363636,3.1818181818181817,0.5,-1.7,0.18181818181818182,-9.409090909090908,0.4,-0.8,0,0,0,0.38636363636363635,0.8181818181818181,0.4204545454545455,0.7352272727272727,0.4297520661157025,0.837465564738292,0.6336088154269972,182,163.62534435261708,18.018333728858476,168.1299277848317,0.25641870311882864,2,0.5702479338842975,0.9752066115702479,0.024793388429752095,0.8760330578512396,0.15495867768595042,0.32544566627962573,0.19504132231404958,0.8609246026526889,0.3133608815426997,0.4915977961432507,0.3692622182579753,0.24793388429752067,0.6914600550964187
401507187,2023-06-16 02:00:00+00:00,6,16,2023,17,Aces,96,14,Storm,63,Michelob ULTRA Arena,0,2023,2,0.75,6.5227272727272725,0.9,11.7,0.5227272727272727,1.8636363636363635,0.2,-6.7,0,0,0,0.25,0.4772727272727273,0.33693181818181817,0.4534090909090909,0.024725274725274724,0.7197802197802198,0.37225274725274726,159,163.67582417582418,18.019254107831692,168.1806377027821,0.12172037292982385,33,0.9752747252747253,0.024725274725274724,0.9752747252747253,0.36538461538461536,0.34505494505494505,0.38487018476029466,0.1558379120879121,0.444720590362421,0.2872252747252747,0.5569368131868132,0.5064134584305768,0.46703296703296704,0.1813186813186813
401507188,2023-06-17 00:00:00+00:00,6,17,2023,16,Mystics,88,11,Mercury,69,CareFirst Arena,0,2023,2,0.5454545454545454,2.25,0.6,0.8,0.36363636363636365,-5.090909090909091,0.3,-6.8,0,0,0,0.4545454545454546,0.6363636363636364,0.44375,0.6272727272727272,0.39452054794520547,0.8164383561643835,0.6054794520547945,157,163.66301369863012,17.99614967098743,168.16205111637697,0.17498436276233031,19,0.6054794520547946,0.1726027397260274,0.8273972602739725,0.33424657534246577,0.31547945205479455,0.2756836179395759,0.19082191780821917,0.3752524172465471,0.31054794520547946,0.49863013698630143,0.5922476728559554,0.6136986301369863,0.12054794520547946
401507189,2023-06-17 02:00:00+00:00,6,17,2023,6,Sparks,72,8,Lynx,77,crypto.com Arena,0,2023,2,0.38636363636363635,-5.2272727272727275,0.6,4.3,0.38636363636363635,-1.5681818181818181,0.2,-6.0,0,0,0,0.6136363636363636,0.6136363636363636,0.6306818181818181,0.5392045454545454,0.5355191256830601,0.7978142076502732,0.6666666666666667,149,163.6448087431694,17.974854973912404,168.1385224866475,0.43268137073824,5,0.46448087431693985,0.8142076502732241,0.18579234972677594,0.1830601092896175,0.18715846994535518,0.2700588252859148,0.2,0.406177352583109,0.31666666666666665,0.4833333333333334,0.467592740450016,0.4180327868852459,0.15027322404371585
401507190,2023-06-17 18:00:00+00:00,6,17,2023,3,Wings,103,14,Storm,109,College Park Center,0,2023,2,0.45454545454545453,-1.3636363636363635,0.5,-0.6,0.5,0.4090909090909091,0.2,-9.5,0,0,0,0.5454545454545454,0.5,0.5340909090909091,0.48977272727272725,0.5694822888283378,0.773841961852861,0.6716621253405994,212,163.6049046321526,17.966552954286637,168.09654287072425,0.9494929978741034,6,0.43051771117166215,0.7411444141689373,0.2588555858310627,0.9918256130790191,0.20177111716621254,0.2516487240977363,0.20074931880108993,0.8154862867759359,0.31716621253405997,0.4820844686648501,0.5965081970980813,0.6158038147138964,0.667574931880109
401507191,2023-06-18 16:00:00+00:00,6,18,2023,9,Liberty,89,11,Mercury,71,Barclays Center,0,2023,2,0.5,-0.4772727272727273,0.6,4.0,0.36363636363636365,-5.295454545454546,0.2,-9.3,0,0,0,0.5,0.6363636363636364,0.5119318181818182,0.6323863636363637,0.41304347826086957,0.8695652173913043,0.6413043478260869,160,163.73641304347825,18.11854936909614,168.2660503857523,0.09883642543586668,18,0.5869565217391304,0.20108695652173914,0.7989130434782609,0.38315217391304346,0.3097826086956522,0.2715855387523629,0.19619565217391305,0.3968409362928413,0.3141304347826087,0.4896739130434783,0.5843841881000473,0.595108695652174,0.14402173913043478
401507192,2023-06-18 19:00:00+00:00,6,18,2023,16,Mystics,77,19,Sky,69,CareFirst Arena,0,2023,2,0.5454545454545454,2.5681818181818183,0.6,1.5,0.6136363636363636,3.1818181818181817,0.4,-3.0,0,0,0,0.4545454545454546,0.38636363636363635,0.43579545454545454,0.4204545454545455,0.3821138211382114,0.5176151761517616,0.44986449864498645,146,163.72628726287263,18.094960490299957,168.25002738544762,0.5304542814980695,8,0.6178861788617886,0.6016260162601627,0.39837398373983735,0.14634146341463414,0.22967479674796748,0.31501916848436773,0.16747967479674797,0.3980667613537131,0.2949864498644986,0.5375338753387534,0.44817264507559634,0.3902439024390244,0.14634146341463414
401507193,2023-06-18 20:00:00+00:00,6,18,2023,5,Fever,94,20,Dream,100,Gainbridge Fieldhouse,0,2023,2,0.18181818181818182,-9.5,0.4,-1.3,0.36363636363636365,-3.1363636363636362,0.4,-3.2,0,0,0,0.8181818181818181,0.6363636363636364,0.7375,0.5784090909090909,0.8486486486486486,0.7108108108108108,0.7797297297297296,194,163.67837837837837,18.093907928866127,168.2018553605949,0.638119436373594,6,0.28918918918918923,0.7432432432432432,0.2567567567567568,0.9486486486486486,0.20135135135135135,0.19534514243973705,0.21695945945945944,0.775740647148244,0.32797297297297295,0.45506756756756755,0.5774850362988269,0.5864864864864865,0.6270270270270271
401507194,2023-06-18 23:30:00+00:00,6,18,2023,6,Sparks,74,18,Sun,83,crypto.com Arena,0,2023,2,0.38636363636363635,-5.295454545454546,0.5,1.9,0.6590909090909091,6.068181818181818,0.7,3.0,0,0,0,0.6136363636363636,0.34090909090909094,0.6323863636363637,0.3482954545454545,0.6253369272237197,0.20215633423180593,0.4137466307277628,157,163.76010781671158,18.13788402061003,168.2945788218641,0.17624466055903032,9,0.7978436657681941,0.5363881401617251,0.4636118598382749,0.33423180592991913,0.24272237196765498,0.3778223421800191,0.16206199460916443,0.5231399559081888,0.29137466307277626,0.5465633423180594,0.38978605204973404,0.2668463611859838,0.3045822102425876
401507195,2023-06-19 01:00:00+00:00,6,19,2023,17,Aces,93,8,Lynx,62,Michelob ULTRA Arena,0,2023,2,0.75,7.090909090909091,0.9,14.3,0.4090909090909091,-1.3636363636363635,0.3,-4.7,0,0,0,0.25,0.5909090909090908,0.32272727272727275,0.5340909090909091,0.021505376344086023,0.739247311827957,0.3803763440860215,155,163.74193548387098,18.116813668073558,168.27113890088935,0.2353226421629111,31,0.978494623655914,0.03494623655913978,0.9650537634408602,0.29838709677419356,0.34301075268817205,0.38712914787836744,0.15705645161290321,0.4296856557473858,0.28803763440860214,0.5549059139784946,0.526003825131756,0.510752688172043,0.17473118279569894
401507196,2023-06-21 00:00:00+00:00,6,21,2023,3,Wings,85,20,Dream,73,College Park Center,0,2023,2,0.45454545454545453,-0.7954545454545454,0.4,-1.9,0.36363636363636365,-3.1363636363636362,0.5,-0.9,0,0,0,0.5454545454545454,0.6363636363636364,0.5198863636363636,0.5784090909090909,0.6380697050938338,0.6246648793565683,0.631367292225201,158,163.71849865951742,18.0981079596297,168.24302564942485,0.1479944646795308,12,0.37533512064343166,0.38337801608579086,0.6166219839142091,0.353887399463807,0.2733243967828418,0.20904099792279107,0.19470509383378015,0.3659143328456125,0.3131367292225201,0.4921581769436997,0.53263484286534,0.5227882037533512,0.10187667560321716
401507197,2023-06-21 02:00:00+00:00,6,21,2023,6,Sparks,61,8,Lynx,67,crypto.com Arena,0,2023,2,0.38636363636363635,-5.113636363636363,0.4,-1.3,0.38636363636363635,-2.1363636363636362,0.3,-6.7,0,0,0,0.6136363636363636,0.6136363636363636,0.6278409090909091,0.553409090909091,0.7219251336898396,0.7780748663101604,0.75,128,163.70320855614975,18.076250185720568,168.2222711025799,0.9158903791650426,6,0.27807486631016043,0.7459893048128342,0.2540106951871658,0.016042780748663103,0.20080213903743316,0.19103820526752266,0.2125,0.20810705792433726,0.325,0.46249999999999997,0.6240551815084003,0.6497326203208557,0.00267379679144385
401507198,2023-06-21 02:00:00+00:00,6,21,2023,14,Storm,79,18,Sun,85,Climate Pledge Arena,0,2023,2,0.5227272727272727,0.9318181818181818,0.3,-8.3,0.6818181818181818,6.363636363636363,0.7,3.3,0,0,0,0.4772727272727273,0.31818181818181823,0.47670454545454544,0.34090909090909094,0.7173333333333334,0.176,0.44666666666666666,164,163.608,18.145974937079355,168.14449373426984,0.0257454740116424,6,0.8240000000000001,0.7466666666666667,0.2533333333333333,0.512,0.20066666666666666,0.40925866666666666,0.16699999999999998,0.6706473671111112,0.2946666666666667,0.5383333333333333,0.3194039386043887,0.168,0.512
401507199,2023-06-21 19:30:00+00:00,6,21,2023,11,Mercury,79,17,Aces,99,Mortgage Matchup Center,0,2023,2,0.36363636363636365,-5.25,0.2,-9.2,0.75,7.7727272727272725,0.9,13.3,0,0,0,0.6363636363636364,0.25,0.63125,0.30568181818181817,0.8670212765957447,0.02127659574468085,0.4441489361702128,178,163.6090425531915,18.121775428496264,168.13948641031556,0.1376000043902229,20,0.9787234042553191,0.15159574468085107,0.8484042553191489,0.8138297872340425,0.3196808510638298,0.400954051607062,0.16662234042553192,0.6010176965845718,0.2944148936170213,0.5389627659574467,0.5120898224834332,0.47074468085106386,0.42819148936170215
401507200,2023-06-23 00:00:00+00:00,6,23,2023,19,Sky,59,16,Mystics,80,Wintrust Arena,0,2023,2,0.5909090909090909,2.7954545454545454,0.3,-4.4,0.5681818181818182,2.9545454545454546,0.6,0.7,0,0,0,0.40909090909090906,0.43181818181818177,0.4301136363636363,0.42613636363636365,0.5755968169761273,0.38726790450928383,0.48143236074270557,139,163.6472148541114,18.112831907858357,168.175422831076,0.7267241856662179,21,0.6127320954907162,0.13793103448275862,0.8620689655172413,0.07957559681697612,0.3224137931034483,0.2753480289033202,0.17221485411140586,0.267540660609194,0.29814323607427057,0.5296419098143235,0.6371594857024319,0.6710875331564987,0.023872679045092837
401507201,2023-06-23 00:00:00+00:00,6,23,2023,8,Lynx,68,18,Sun,89,Target Center,0,2023,2,0.4090909090909091,-1.8636363636363635,0.4,-5.5,0.6818181818181818,6.25,0.7,3.2,0,0,0,0.5909090909090908,0.31818181818181823,0.5465909090909091,0.34375,0.7222222222222222,0.18518518518518517,0.4537037037037037,157,163.58201058201058,18.133161853674572,168.11530104542922,0.17128041665246807,21,0.8148148148148149,0.1402116402116402,0.8597883597883598,0.335978835978836,0.321957671957672,0.3440436997844405,0.16805555555555557,0.42279128264627,0.2953703703703704,0.536574074074074,0.5261862765659315,0.5105820105820106,0.1746031746031746
401507202,2023-06-23 02:00:00+00:00,6,23,2023,14,Storm,68,5,Fever,80,Climate Pledge Arena,0,2023,2,0.5227272727272727,0.9545454545454546,0.3,-4.8,0.18181818181818182,-9.5,0.4,-1.0,0,0,0,0.4772727272727273,0.8181818181818181,0.4761363636363637,0.7375,0.6569920844327177,0.8443271767810027,0.7506596306068603,148,163.5646437994723,18.112316122166522,168.0927228300139,0.4595309952975988,12,0.3430079155672823,0.38786279683377306,0.6121372031662269,0.1662269129287599,0.27242744063324537,0.19753882944284706,0.21259894459102904,0.2581686020992786,0.325065963060686,0.46233509234828496,0.6437370637183912,0.683377308707124,0.023746701846965697
401507203,2023-06-23 23:30:00+00:00,6,23,2023,20,Dream,80,9,Liberty,110,Gateway Center,0,2023,2,0.3409090909090909,-3.909090909090909,0.5,-1.4,0.5227272727272727,0.11363636363636363,0.7,6.5,0,0,0,0.6590909090909092,0.4772727272727273,0.5977272727272728,0.49715909090909094,0.6657894736842105,0.32105263157894737,0.4934210526315789,190,163.5236842105263,18.106019264883443,168.05018902674718,0.5204119947330204,30,0.6789473684210526,0.03684210526315789,0.9631578947368421,0.9368421052631579,0.3426315789473684,0.28889612188365654,0.17401315789473684,0.5884727146814404,0.2993421052631579,0.5266447368421052,0.6387298469366618,0.6736842105263158,0.4105263157894737
401507204,2023-06-24 02:00:00+00:00,6,24,2023,6,Sparks,76,3,Wings,74,crypto.com Arena,0,2023,2,0.38636363636363635,-5.181818181818182,0.4,-1.0,0.4772727272727273,-0.4772727272727273,0.4,-1.1,0,0,0,0.6136363636363636,0.5227272727272727,0.6295454545454545,0.5119318181818182,0.7191601049868767,0.5879265091863517,0.6535433070866141,150,163.59317585301838,18.1329840678032,168.1264218699692,0.3932498411694735,2,0.4120734908136483,0.9763779527559056,0.023622047244094446,0.2047244094488189,0.15472440944881888,0.2586853907041147,0.19803149606299214,0.43642187195135546,0.3153543307086614,0.4866141732283465,0.40334860531882677,0.28608923884514437,0.1942257217847769
401507206,2023-06-25 01:00:00+00:00,6,25,2023,14,Storm,97,11,Mercury,74,Climate Pledge Arena,0,2023,2,0.5,0.4090909090909091,0.3,-5.6,0.36363636363636365,-5.590909090909091,0.2,-8.9,0,0,0,0.5,0.6363636363636364,0.48977272727272725,0.6397727272727273,0.6892950391644909,0.8694516971279374,0.779373368146214,171,163.62402088772845,18.145417476960265,168.1603752569685,0.012170312472294054,23,0.31070496083550914,0.1122715404699739,0.8877284595300261,0.6788511749347258,0.32754569190600524,0.1717128755394065,0.2169060052219321,0.46097745025901316,0.3279373368146214,0.45515665796344656,0.6484960982446368,0.6919060052219321,0.2245430809399478
401507205,2023-06-25 01:00:00+00:00,6,25,2023,17,Aces,101,5,Fever,88,Michelob ULTRA Arena,0,2023,2,0.7727272727272727,8.431818181818182,0.9,14.4,0.20454545454545456,-8.727272727272727,0.5,1.9,0,0,0,0.2272727272727273,0.7954545454545454,0.28920454545454555,0.7181818181818181,0.01832460732984293,0.7539267015706806,0.3861256544502618,189,163.55759162303664,18.122522130148575,168.0882221555738,0.48611476228116046,13,0.981675392670157,0.337696335078534,0.662303664921466,0.9214659685863874,0.2824607329842932,0.42394924755352104,0.15791884816753926,0.6909840697754019,0.28861256544502617,0.5534685863874345,0.48162426330981467,0.43717277486910994,0.5497382198952879
401507207,2023-06-25 17:00:00+00:00,6,25,2023,18,Sun,96,19,Sky,72,Mohegan Sun Arena,0,2023,2,0.7045454545454546,6.909090909090909,0.8,6.9,0.5681818181818182,1.7954545454545454,0.3,-6.3,0,0,0,0.2954545454545454,0.43181818181818177,0.32727272727272727,0.45511363636363633,0.09635416666666667,0.6276041666666666,0.36197916666666663,168,163.64322916666666,18.125622157023997,168.17463470592264,4.6412524887018414e-05,24,0.9036458333333334,0.09895833333333333,0.9010416666666666,0.6171875,0.3302083333333333,0.3696063910590278,0.154296875,0.5202376167862504,0.28619791666666666,0.5595052083333334,0.46041263819557177,0.3958333333333333,0.3151041666666667
401507208,2023-06-25 17:00:00+00:00,6,25,2023,9,Liberty,89,16,Mystics,88,Barclays Center,0,2023,2,0.5454545454545454,1.5,0.8,11.1,0.5681818181818182,2.977272727272727,0.7,3.4,0,0,0,0.4545454545454546,0.43181818181818177,0.4625,0.4255681818181818,0.17662337662337663,0.2961038961038961,0.23636363636363636,177,163.65454545454546,18.103367445831392,168.1803873160033,0.1119014447439245,1,0.8233766233766233,1.0,0.0,0.7896103896103897,0.15,0.4349350649350649,0.13545454545454547,0.8861811435317929,0.2736363636363636,0.5909090909090908,0.1548269808210985,0.012987012987012988,0.7168831168831169
401507209,2023-06-25 19:00:00+00:00,6,25,2023,6,Sparks,93,3,Wings,83,crypto.com Arena,0,2023,2,0.4090909090909091,-5.068181818181818,0.5,2.0,0.45454545454545453,-0.9090909090909091,0.4,-0.7,0,0,0,0.5909090909090908,0.5454545454545454,0.6267045454545455,0.5227272727272727,0.5854922279792746,0.5906735751295337,0.5880829015544041,176,163.68911917098447,18.09259691471152,168.21226839966235,0.08847677645481711,10,0.4145077720207254,0.48704663212435234,0.5129533678756477,0.7694300518134715,0.25259067357512954,0.22964441998442914,0.1882124352331606,0.6149322174660736,0.3088082901554404,0.5029792746113989,0.47085019325649546,0.41450777202072536,0.4481865284974093
401507210,2023-06-27 02:00:00+00:00,6,27,2023,17,Aces,88,5,Fever,80,Michelob ULTRA Arena,0,2023,2,0.7954545454545454,8.75,0.9,12.9,0.20454545454545456,-8.818181818181818,0.4,0.3,0,0,0,0.20454545454545459,0.7954545454545454,0.28125,0.7204545454545455,0.020671834625323,0.8036175710594315,0.41214470284237725,168,163.72093023255815,18.079979227680493,168.24092503947827,8.87807375088423e-05,8,0.979328165374677,0.6072351421188631,0.3927648578811369,0.6124031007751938,0.2285529715762274,0.45489460435737705,0.1618217054263566,0.6939140381268981,0.29121447028423775,0.5469638242894056,0.33982141951175926,0.19896640826873385,0.5529715762273901
401507211,2023-06-27 23:00:00+00:00,6,27,2023,18,Sun,81,9,Liberty,89,Mohegan Sun Arena,0,2023,2,0.7045454545454546,7.409090909090909,0.8,9.0,0.5454545454545454,1.2272727272727273,0.8,9.5,0,0,0,0.2954545454545454,0.4545454545454546,0.3147727272727272,0.46931818181818186,0.07989690721649484,0.18556701030927836,0.1327319587628866,170,163.7319587628866,18.05791169999187,168.24643668788457,0.004703860326147669,8,0.9201030927835052,0.6082474226804123,0.3917525773195877,0.654639175257732,0.22835051546391755,0.4321634870868317,0.119909793814433,0.6952091760959291,0.26327319587628867,0.6168170103092783,0.1855733219221591,0.02577319587628866,0.5541237113402062
401507212,2023-06-28 00:00:00+00:00,6,28,2023,8,Lynx,104,14,Storm,93,Target Center,0,2023,2,0.4090909090909091,-1.9772727272727273,0.4,-6.7,0.5,0.9090909090909091,0.4,-2.5,0,0,0,0.5909090909090908,0.5,0.5494318181818182,0.4772727272727273,0.7403598971722365,0.5732647814910026,0.6568123393316195,197,163.74807197943446,18.037426086608285,168.25742850108654,0.7190602958339438,11,0.4267352185089974,0.4241645244215938,0.5758354755784062,0.9588688946015425,0.26516709511568126,0.2302728306051374,0.19852185089974295,0.6946366646405795,0.31568123393316194,0.4857969151670951,0.6436070426015357,0.6863753213367609,0.5526992287917738
401507213,2023-06-28 02:00:00+00:00,6,28,2023,11,Mercury,62,3,Wings,77,Mortgage Matchup Center,0,2023,2,0.36363636363636365,-5.5,0.2,-10.6,0.45454545454545453,-1.0,0.3,-2.2,0,0,0,0.6363636363636364,0.5454545454545454,0.6375,0.525,0.8794871794871795,0.6641025641025641,0.7717948717948717,139,163.83333333333334,18.092746396023294,168.35651993233915,0.7318868784864943,15,0.3358974358974359,0.27692307692307694,0.7230769230769231,0.07692307692307693,0.2946153846153846,0.18900690335305723,0.21576923076923077,0.19102228796844184,0.3271794871794872,0.4570512820512821,0.7472444412992045,0.7256410256410256,0.002564102564102564
401507214,2023-06-28 16:00:00+00:00,6,28,2023,19,Sky,80,6,Sparks,63,Wintrust Arena,0,2023,2,0.5454545454545454,1.1818181818181819,0.2,-9.3,0.4318181818181818,-4.204545454545454,0.5,2.4,0,0,0,0.4545454545454546,0.5681818181818181,0.47045454545454546,0.6051136363636364,0.7595907928388747,0.5601023017902813,0.659846547314578,143,163.769820971867,18.11312627077943,168.29810253956185,0.622938441346276,17,0.4398976982097187,0.23529411764705882,0.7647058823529411,0.11508951406649616,0.30294117647058827,0.22302316834662253,0.19897698209718673,0.24029569903850634,0.3159846547314578,0.48503836317135546,0.6856366245515495,0.7161125319693095,0.020460358056265986
401507215,2023-06-28 23:00:00+00:00,6,28,2023,16,Mystics,109,20,Dream,86,CareFirst Arena,0,2023,2,0.5681818181818182,3.1363636363636362,0.7,4.0,0.3409090909090909,-4.4772727272727275,0.4,-5.0,0,0,0,0.43181818181818177,0.6590909090909092,0.4215909090909091,0.6119318181818182,0.2653061224489796,0.7678571428571429,0.5165816326530612,195,163.71683673469389,18.1203400484648,168.24692174681007,0.6637483510510407,23,0.7346938775510203,0.11479591836734694,0.8852040816326531,0.951530612244898,0.3270408163265306,0.3145054144106622,0.1774872448979592,0.6174585578712951,0.30165816326530615,0.5208545918367347,0.6538998189397351,0.6964285714285714,0.45408163265306123
401507216,2023-06-30 02:00:00+00:00,6,30,2023,17,Aces,98,9,Liberty,81,Michelob ULTRA Arena,0,2023,2,0.7954545454545454,8.795454545454545,0.9,11.6,0.5454545454545454,1.3181818181818181,0.8,8.7,0,0,0,0.20454545454545459,0.4545454545454546,0.2801136363636363,0.46704545454545454,0.02284263959390863,0.19035532994923857,0.10659898477157359,179,163.75634517766497,18.160200950638515,168.2963954153246,0.1594472774393575,17,0.9771573604060914,0.24111675126903553,0.7588832487309645,0.8248730964467005,0.3017766497461929,0.4109593779793347,0.11598984771573605,0.6309287869277274,0.26065989847715737,0.6233502538071065,0.28275320021204864,0.116751269035533,0.467005076142132
401507218,2023-06-30 02:00:00+00:00,6,30,2023,14,Storm,97,8,Lynx,99,Climate Pledge Arena,0,2023,2,0.4772727272727273,0.5454545454545454,0.4,-2.9,0.4090909090909091,-1.8636363636363635,0.5,-3.5,0,0,0,0.5227272727272727,0.5909090909090908,0.48636363636363633,0.5465909090909091,0.6025316455696202,0.610126582278481,0.6063291139240506,196,163.79493670886075,18.15335056496631,168.33327435010233,0.6869441221040684,2,0.39746835443037976,0.9746835443037974,0.025316455696202556,0.9544303797468354,0.1550632911392405,0.25241147252042945,0.1909493670886076,0.8731781461507102,0.31063291139240506,0.4984177215189874,0.44124084513271117,0.369620253164557,0.7164556962025317
401507217,2023-06-30 02:00:00+00:00,6,30,2023,11,Mercury,85,5,Fever,63,Mortgage Matchup Center,0,2023,2,0.36363636363636365,-5.7727272727272725,0.1,-13.0,0.20454545454545456,-8.5,0.4,-0.2,0,0,0,0.6363636363636364,0.7954545454545454,0.6443181818181818,0.7125,0.9083969465648855,0.806615776081425,0.8575063613231553,148,163.79643765903307,18.165882114327378,168.33790818761491,0.46565537007188595,22,0.19338422391857502,0.1297709923664122,0.8702290076335878,0.16539440203562342,0.3240458015267176,0.13295485888545733,0.22862595419847329,0.16972808089668573,0.33575063613231554,0.43562340966921115,0.7721906911367304,0.7302798982188295,0.0
401507219,2023-06-30 23:30:00+00:00,6,30,2023,20,Dream,94,16,Mystics,89,Gateway Center,0,2023,2,0.3409090909090909,-4.545454545454546,0.4,-7.0,0.5681818181818182,3.3863636363636362,0.7,6.1,0,0,0,0.6590909090909092,0.43181818181818177,0.6136363636363636,0.41534090909090904,0.7929292929292929,0.2398989898989899,0.5164141414141414,183,163.87626262626262,18.20244362985205,168.42687353372563,0.2742075453045968,5,0.7601010101010102,0.8207070707070707,0.17929292929292928,0.8762626262626263,0.18585858585858586,0.3908289970411183,0.17746212121212124,0.8329602704939406,0.30164141414141415,0.5208964646464647,0.3717419259356641,0.24494949494949494,0.6944444444444444
401507220,2023-07-01 00:00:00+00:00,7,1,2023,19,Sky,86,6,Sparks,78,Wintrust Arena,0,2023,2,0.5454545454545454,1.3863636363636365,0.3,-5.8,0.4090909090909091,-4.704545454545454,0.4,0.0,0,0,0,0.4545454545454546,0.5909090909090908,0.4653409090909091,0.6176136363636363,0.6448362720403022,0.6498740554156172,0.6473551637279598,164,163.92443324937028,18.204764957706985,168.47562448879702,0.029768796724094382,8,0.35516372795969775,0.6120906801007556,0.3879093198992444,0.5012594458438288,0.22758186397984886,0.214409265968314,0.19710327455919396,0.491773953631674,0.31473551637279595,0.4881612090680101,0.44397004684017527,0.3778337531486146,0.26448362720403024
401507221,2023-07-01 19:00:00+00:00,7,1,2023,17,Aces,102,18,Sun,84,Michelob ULTRA Arena,0,2023,2,0.8181818181818182,9.409090909090908,0.9,12.8,0.7045454545454546,7.4772727272727275,0.7,7.7,0,0,0,0.18181818181818177,0.2954545454545454,0.2647727272727274,0.31306818181818186,0.01507537688442211,0.11557788944723618,0.06532663316582915,186,163.9246231155779,18.18182298025443,168.4700788606415,0.3717318317090982,18,0.9849246231155779,0.21105527638190955,0.7889447236180904,0.8944723618090452,0.30778894472361806,0.41010896189490165,0.10979899497487437,0.6420370964186859,0.2565326633165829,0.6336683417085427,0.2846012919887355,0.12060301507537688,0.4748743718592965
401507222,2023-07-02 02:00:00+00:00,7,2,2023,11,Mercury,76,8,Lynx,86,Mortgage Matchup Center,0,2023,2,0.38636363636363635,-5.181818181818182,0.2,-10.2,0.4318181818181818,-1.7727272727272727,0.6,-2.8,0,0,0,0.6136363636363636,0.5681818181818181,0.6295454545454545,0.5443181818181818,0.8696741854636592,0.543859649122807,0.7067669172932332,162,163.97994987468672,18.19256568570351,168.5280912961126,0.0623518705398165,10,0.45614035087719296,0.49122807017543857,0.5087719298245614,0.43609022556390975,0.2517543859649123,0.2454770698676516,0.20601503759398498,0.45467300908473085,0.32067669172932334,0.4733082706766917,0.510515349649756,0.47117794486215536,0.20802005012531327
401507223,2023-07-02 19:00:00+00:00,7,2,2023,20,Dream,112,6,Sparks,84,Gateway Center,0,2023,2,0.3409090909090909,-5.045454545454546,0.4,-8.3,0.4090909090909091,-4.7727272727272725,0.4,-0.5,0,0,0,0.6590909090909092,0.5909090909090908,0.6261363636363637,0.6193181818181819,0.805,0.665,0.7350000000000001,196,163.975,18.170023372946815,168.5175058432367,0.6814117975735111,28,0.33499999999999996,0.0575,0.9425,0.9525,0.3385,0.17695124999999998,0.21025000000000002,0.58510488125,0.3235,0.46624999999999994,0.7908593304398308,0.735,0.405
401507225,2023-07-02 19:00:00+00:00,7,2,2023,3,Wings,89,16,Mystics,72,College Park Center,0,2023,2,0.4772727272727273,-0.6363636363636364,0.4,-0.6,0.5681818181818182,3.3636363636363638,0.6,5.5,0,0,0,0.5227272727272727,0.43181818181818177,0.5159090909090909,0.4159090909090909,0.5660847880299252,0.3117206982543641,0.43890274314214467,161,164.05486284289276,18.217628345743606,168.60926992932866,0.08353490075638748,17,0.6882793017456359,0.24438902743142144,0.7556109725685786,0.4114713216957606,0.3011221945137157,0.31039934453143947,0.1658354114713217,0.44296211348482795,0.29389027431421444,0.5402743142144639,0.47304763920013065,0.42144638403990026,0.1970074812967581
401507224,2023-07-02 20:00:00+00:00,7,2,2023,5,Fever,87,19,Sky,89,Gainbridge Fieldhouse,0,2023,2,0.20454545454545456,-8.886363636363637,0.4,-2.0,0.5454545454545454,1.2045454545454546,0.4,-4.9,0,0,0,0.7954545454545454,0.4545454545454546,0.7221590909090909,0.4698863636363637,0.8333333333333334,0.572139303482587,0.7027363184079602,176,164.04726368159203,18.195536844854104,168.59614789280556,0.07945167092039207,2,0.427860696517413,0.9751243781094527,0.02487562189054726,0.7587064676616916,0.15497512437810945,0.26527895349125025,0.20541044776119405,0.7648447199289807,0.32027363184079605,0.47431592039800996,0.35760623272909736,0.22388059701492538,0.6368159203980099
401507226,2023-07-02 22:00:00+00:00,7,2,2023,14,Storm,66,9,Liberty,81,Climate Pledge Arena,0,2023,2,0.45454545454545453,0.45454545454545453,0.3,-3.4,0.5454545454545454,1.0909090909090908,0.7,6.2,0,0,0,0.5454545454545454,0.4545454545454546,0.48863636363636365,0.4727272727272728,0.674937965260546,0.29280397022332505,0.4838709677419355,147,164.07692307692307,18.182642711708063,168.62258375485007,0.506920204564725,15,0.707196029776675,0.2878411910669975,0.7121588089330024,0.15384615384615385,0.29243176178660046,0.32095154825163635,0.17258064516129035,0.35866914760297836,0.29838709677419356,0.5290322580645161,0.5559669660651385,0.5781637717121588,0.10421836228287841
401507227,2023-07-05 23:00:00+00:00,7,5,2023,9,Liberty,99,11,Mercury,95,Barclays Center,0,2023,2,0.5454545454545454,1.0,0.7,7.6,0.36363636363636365,-5.568181818181818,0.2,-10.7,0,0,0,0.4545454545454546,0.6363636363636364,0.475,0.6392045454545454,0.25495049504950495,0.8861386138613861,0.5705445544554455,194,164.03465346534654,18.17993295946476,168.57963670521272,0.6237767094396112,4,0.745049504950495,0.8613861386138614,0.13861386138613863,0.9405940594059405,0.17772277227722771,0.38854634349573575,0.18558168316831683,0.8750653910847412,0.30705445544554455,0.5073638613861386,0.44779722362547103,0.38613861386138615,0.7252475247524752
401507228,2023-07-06 00:00:00+00:00,7,6,2023,8,Lynx,90,5,Fever,83,Target Center,0,2023,2,0.45454545454545453,-1.3636363636363635,0.7,-1.3,0.18181818181818182,-9.045454545454545,0.4,-1.7,0,0,0,0.5454545454545454,0.8181818181818181,0.5340909090909091,0.7261363636363636,0.4617283950617284,0.8493827160493828,0.6555555555555556,173,164.10864197530864,18.218368746538953,168.6632341619434,0.027934776644977788,7,0.5382716049382716,0.674074074074074,0.32592592592592595,0.7012345679012346,0.2151851851851852,0.2897032464563329,0.19833333333333333,0.6582988693006374,0.3155555555555556,0.48611111111111105,0.42706097349960787,0.32592592592592595,0.49876543209876545
401507229,2023-07-06 02:00:00+00:00,7,6,2023,17,Aces,89,3,Wings,82,Michelob ULTRA Arena,0,2023,2,0.8181818181818182,9.681818181818182,0.9,14.2,0.5,-0.13636363636363635,0.5,1.7,0,0,0,0.18181818181818177,0.5,0.25795454545454555,0.5034090909090909,0.014742014742014743,0.4963144963144963,0.25552825552825553,171,164.14250614250614,18.180386134766188,168.68760267619768,0.008056258987983567,7,0.9852579852579852,0.6756756756756757,0.32432432432432434,0.6658476658476659,0.21486486486486486,0.4652938442127631,0.13832923832923832,0.739050633438043,0.27555282555282556,0.5861179361179362,0.24025259388270714,0.06388206388206388,0.6117936117936118
401507230,2023-07-06 02:00:00+00:00,7,6,2023,6,Sparks,79,20,Dream,90,crypto.com Arena,0,2023,2,0.38636363636363635,-5.454545454545454,0.3,-4.8,0.3409090909090909,-4.590909090909091,0.5,-5.0,0,0,0,0.6136363636363636,0.6590909090909092,0.6363636363636364,0.6147727272727272,0.7955665024630542,0.7142857142857143,0.7549261083743842,169,164.1305418719212,18.201212907677007,168.68084509884045,0.00015372305198879666,11,0.2857142857142857,0.43103448275862066,0.5689655172413793,0.625615763546798,0.2637931034482759,0.17879310344827584,0.21323891625615765,0.5011623067776456,0.3254926108374384,0.46126847290640394,0.5334504645874064,0.5344827586206896,0.2881773399014778
401507231,2023-07-06 23:00:00+00:00,7,6,2023,18,Sun,93,14,Storm,73,Mohegan Sun Arena,0,2023,2,0.6818181818181818,6.886363636363637,0.6,5.3,0.45454545454545453,0.36363636363636365,0.3,-4.2,0,0,0,0.31818181818181823,0.5454545454545454,0.3278409090909091,0.49090909090909096,0.19607843137254902,0.678921568627451,0.4375,166,164.1593137254902,18.161211237994678,168.69961653498888,0.010987217070670963,20,0.803921568627451,0.16176470588235295,0.8382352941176471,0.553921568627451,0.3176470588235294,0.3425144175317186,0.16562500000000002,0.49901395390912995,0.29375,0.5406249999999999,0.48457481297438865,0.4534313725490196,0.27941176470588236
401507232,2023-07-07 23:00:00+00:00,7,7,2023,16,Mystics,96,5,Fever,88,CareFirst Arena,0,2023,2,0.5681818181818182,3.1818181818181817,0.6,4.0,0.18181818181818182,-8.931818181818182,0.3,-2.6,0,0,0,0.43181818181818177,0.8181818181818181,0.4204545454545455,0.7232954545454545,0.31295843520782396,0.8801955990220048,0.5965770171149144,184,164.1638141809291,18.139169542481177,168.69860656654942,0.299382234225974,8,0.687041564792176,0.6136919315403423,0.3863080684596577,0.8777506112469438,0.22726161369193154,0.3427255336828451,0.18948655256723718,0.7439101136779512,0.30965770171149143,0.5008557457212715,0.4751512028824422,0.43031784841075793,0.6185819070904646
401507233,2023-07-08 00:00:00+00:00,7,8,2023,19,Sky,68,20,Dream,82,Wintrust Arena,0,2023,2,0.5681818181818182,1.3181818181818181,0.4,-5.1,0.36363636363636365,-4.159090909090909,0.6,-1.6,0,0,0,0.43181818181818177,0.6363636363636364,0.46704545454545454,0.6039772727272728,0.5585365853658537,0.5829268292682926,0.5707317073170732,150,164.21219512195123,18.143447632442246,168.74805703006177,0.4136738545920644,14,0.4414634146341463,0.3073170731707317,0.6926829268292682,0.2,0.28853658536585364,0.22818887566924445,0.18560975609756097,0.29415959141625914,0.3070731707317073,0.5073170731707317,0.5790281852297858,0.6,0.04390243902439024
401507234,2023-07-08 00:00:00+00:00,7,8,2023,3,Wings,80,17,Aces,78,College Park Center,0,2023,2,0.5,-0.11363636363636363,0.4,0.5,0.8409090909090909,10.545454545454545,0.9,14.3,0,0,0,0.5,0.15909090909090906,0.5028409090909091,0.23636363636363633,0.5474452554744526,0.0170316301703163,0.2822384428223844,158,164.17761557177616,18.134862938903893,168.71133130650213,0.16006677226713706,2,0.9829683698296837,0.975669099756691,0.024330900243308973,0.34549878345498786,0.1548661800486618,0.499883288637884,0.14233576642335766,0.7592328733089084,0.27822384428223845,0.5794403892944039,0.19309301649294588,0.029197080291970802,0.6301703163017032
401507235,2023-07-08 00:00:00+00:00,7,8,2023,8,Lynx,75,11,Mercury,64,Target Center,0,2023,2,0.45454545454545453,-1.3636363636363635,0.7,-0.8,0.3409090909090909,-5.704545454545454,0.2,-9.8,0,0,0,0.5454545454545454,0.6590909090909092,0.5340909090909091,0.6426136363636363,0.45145631067961167,0.8883495145631068,0.6699029126213593,139,164.1626213592233,18.115344436710604,168.69145746840096,0.738990221968872,11,0.5485436893203883,0.4320388349514563,0.5679611650485437,0.07281553398058252,0.26359223300970874,0.27561669337355077,0.2004854368932039,0.2972217191485156,0.31699029126213596,0.4825242718446602,0.6514393677647934,0.7038834951456311,0.04854368932038835
401507236,2023-07-08 18:00:00+00:00,7,8,2023,9,Liberty,80,14,Storm,76,Barclays Center,0,2023,2,0.5454545454545454,0.7727272727272727,0.8,8.4,0.4318181818181818,-0.29545454545454547,0.3,-5.6,0,0,0,0.4545454545454546,0.5681818181818181,0.4806818181818182,0.5073863636363637,0.20581113801452786,0.7191283292978208,0.46246973365617433,156,164.10169491525423,18.135662502424413,168.63561054086034,0.21550449857765375,4,0.7941888619854721,0.8619854721549637,0.13801452784503632,0.31234866828087166,0.17760290556900726,0.4088090157062538,0.16937046004842615,0.6226213674904407,0.29624697336561745,0.5343825665859564,0.3245222454606894,0.17433414043583534,0.4576271186440678
401507237,2023-07-09 19:00:00+00:00,7,9,2023,18,Sun,92,16,Mystics,84,Mohegan Sun Arena,0,2023,2,0.6818181818181818,6.7727272727272725,0.7,7.9,0.5681818181818182,3.3181818181818183,0.6,4.1,0,0,0,0.31818181818181823,0.43181818181818177,0.3306818181818182,0.4170454545454545,0.14251207729468598,0.32608695652173914,0.23429951690821255,176,164.08212560386474,18.11806903329053,168.61164286218738,0.07978331705101394,8,0.857487922705314,0.6135265700483091,0.38647342995169087,0.7584541062801933,0.22729468599033817,0.4085632686877173,0.1351449275362319,0.7217518985612097,0.27342995169082124,0.5914251207729468,0.255026341967419,0.07729468599033816,0.5966183574879227
401507238,2023-07-09 20:00:00+00:00,7,9,2023,5,Fever,76,3,Wings,77,Gainbridge Fieldhouse,0,2023,2,0.18181818181818182,-8.818181818181818,0.3,-3.1,0.5,-0.18181818181818182,0.4,-0.6,0,0,0,0.8181818181818181,0.5,0.7204545454545455,0.5045454545454546,0.8771084337349397,0.5518072289156627,0.7144578313253012,153,164.11084337349396,18.105628158838716,168.63725041320365,0.3113080103425928,1,0.4481927710843373,1.0,0.0,0.25060240963855424,0.15000000000000002,0.27548192771084345,0.20716867469879519,0.4866864566700538,0.32144578313253014,0.4713855421686747,0.4012783601017264,0.28674698795180725,0.25783132530120484
401507239,2023-07-09 22:00:00+00:00,7,9,2023,11,Mercury,78,6,Sparks,72,Mortgage Matchup Center,0,2023,2,0.3181818181818182,-6.159090909090909,0.1,-11.2,0.36363636363636365,-5.75,0.3,-5.4,0,0,0,0.6818181818181819,0.6363636363636364,0.6539772727272728,0.64375,0.9158653846153846,0.8076923076923077,0.8617788461538461,150,164.0841346153846,18.092004177340865,168.60713565971983,0.4107343825068297,6,0.1923076923076923,0.75,0.25,0.19951923076923078,0.2,0.15692307692307694,0.22926682692307693,0.28446005917159767,0.3361778846153846,0.4345552884615385,0.5527027948198328,0.5769230769230769,0.038461538461538464
401507240,2023-07-09 23:00:00+00:00,7,9,2023,8,Lynx,89,17,Aces,113,Target Center,0,2023,2,0.4772727272727273,-0.6818181818181818,0.8,0.5,0.8409090909090909,10.704545454545455,0.9,15.8,0,0,0,0.5227272727272727,0.15909090909090906,0.5170454545454546,0.23238636363636367,0.34772182254196643,0.016786570743405275,0.18225419664268586,202,164.0503597122302,18.08340335870871,168.57121055190737,0.8188883445497654,24,0.9832134292565947,0.09592326139088729,0.9040767386091128,0.9712230215827338,0.33081534772182253,0.39589413361397213,0.12733812949640289,0.6286635922530199,0.2682254196642686,0.6044364508393285,0.45693315245278365,0.40047961630695444,0.47002398081534774
401507241,2023-07-10 00:00:00+00:00,7,10,2023,19,Sky,77,20,Dream,88,Wintrust Arena,0,2023,2,0.5454545454545454,0.7954545454545454,0.3,-7.0,0.36363636363636365,-4.045454545454546,0.7,1.0,0,0,0,0.4545454545454546,0.6363636363636364,0.48011363636363635,0.6011363636363637,0.6722488038277512,0.5095693779904307,0.5909090909090909,165,164.14114832535884,18.15683554079963,168.68035721055875,0.020333697197677636,11,0.49043062200956933,0.430622009569378,0.569377990430622,0.5239234449760766,0.2638755980861244,0.25412141434490965,0.18863636363636366,0.49137561355823633,0.3090909090909091,0.5022727272727272,0.4766227560383657,0.4354066985645933,0.2679425837320574
401507242,2023-07-11 23:00:00+00:00,7,11,2023,16,Mystics,93,14,Storm,86,CareFirst Arena,0,2023,2,0.5454545454545454,2.75,0.5,2.7,0.4090909090909091,-0.7045454545454546,0.2,-7.4,0,0,0,0.4545454545454546,0.5909090909090908,0.43125,0.5176136363636363,0.40572792362768495,0.7971360381861575,0.6014319809069213,179,164.14319809069212,18.13515236964486,168.67698618310334,0.14956691339517858,7,0.594272076372315,0.6754176610978521,0.32458233890214794,0.8162291169451074,0.21491646778042958,0.3117849636308747,0.1902147971360382,0.7246239991460584,0.31014319809069213,0.4996420047732697,0.4296175253956893,0.3317422434367542,0.6014319809069213
401507243,2023-07-12 02:00:00+00:00,7,12,2023,17,Aces,98,11,Mercury,72,Michelob ULTRA Arena,0,2023,2,0.8409090909090909,11.113636363636363,0.9,16.9,0.3409090909090909,-5.613636363636363,0.2,-9.2,0,0,0,0.15909090909090906,0.6590909090909092,0.22215909090909092,0.6403409090909091,0.011904761904761904,0.8833333333333333,0.4476190476190476,170,164.17857142857142,18.127999357976858,168.71057126806562,0.0025264792755076426,26,0.9880952380952381,0.0761904761904762,0.9238095238095239,0.6428571428571429,0.3347619047619048,0.39518310657596367,0.16714285714285715,0.5344926114890401,0.2947619047619048,0.5380952380952381,0.5135878158444391,0.49047619047619045,0.34285714285714286
401507244,2023-07-12 16:00:00+00:00,7,12,2023,5,Fever,87,9,Liberty,95,Gainbridge Fieldhouse,0,2023,2,0.18181818181818182,-8.636363636363637,0.2,-5.3,0.5681818181818182,0.9090909090909091,0.8,6.5,0,0,0,0.8181818181818181,0.43181818181818177,0.7159090909090909,0.4772727272727273,0.9097387173396675,0.20902612826603326,0.5593824228028503,182,164.19239904988123,18.108628282630225,168.71955612053878,0.23579607209331932,8,0.7909738717339667,0.6128266033254157,0.3871733966745843,0.8598574821852731,0.22743467933491684,0.38279602349343544,0.18390736342042757,0.7496285222232069,0.30593824228028504,0.5101543942992874,0.44718718344654135,0.38717339667458434,0.6294536817102138
401507245,2023-07-12 16:00:00+00:00,7,12,2023,19,Sky,72,18,Sun,84,Wintrust Arena,0,2023,2,0.5227272727272727,0.20454545454545456,0.3,-6.6,0.7045454545454546,7.136363636363637,0.7,7.0,0,0,0,0.4772727272727273,0.2954545454545454,0.4948863636363636,0.32159090909090904,0.6919431279620853,0.12085308056872038,0.40639810426540285,156,164.2345971563981,18.107869897164285,168.76156463068918,0.2199037482820443,12,0.8791469194312796,0.3909952606635071,0.6090047393364929,0.3104265402843602,0.2718009478672986,0.3929168819208913,0.16095971563981043,0.4966620887996729,0.2906398104265403,0.5484004739336493,0.4352655797661128,0.34360189573459715,0.2796208530805687
401507246,2023-07-12 17:00:00+00:00,7,12,2023,8,Lynx,67,3,Wings,107,Target Center,0,2023,2,0.4772727272727273,-0.8409090909090909,0.7,-2.4,0.5,-0.38636363636363635,0.5,0.4,0,0,0,0.5227272727272727,0.5,0.5210227272727272,0.5096590909090909,0.458628841607565,0.508274231678487,0.483451536643026,174,164.21513002364065,18.09083342337351,168.73783837948403,0.041421651635755175,40,0.541371158392435,0.002364066193853428,0.9976359338061466,0.7281323877068558,0.3495271867612293,0.2411208915268067,0.1725177304964539,0.4878563559033883,0.2983451536643026,0.5291371158392435,0.5605979670533812,0.5957446808510638,0.2624113475177305
401507247,2023-07-12 23:00:00+00:00,7,12,2023,20,Dream,85,14,Storm,75,Gateway Center,0,2023,2,0.38636363636363635,-3.522727272727273,0.7,1.4,0.4090909090909091,-0.6818181818181818,0.2,-4.8,0,0,0,0.6136363636363636,0.5909090909090908,0.5880681818181819,0.5170454545454546,0.49292452830188677,0.7735849056603774,0.6332547169811321,160,164.23820754716982,18.07568413817871,168.7571285817145,0.11073112358335835,10,0.5070754716981132,0.49292452830188677,0.5070754716981132,0.37971698113207547,0.2514150943396226,0.26465301263794944,0.19498820754716983,0.4416975464645311,0.3133254716981132,0.49168632075471697,0.4918336065565802,0.46462264150943394,0.19339622641509435
401507248,2023-07-13 02:00:00+00:00,7,13,2023,6,Sparks,78,17,Aces,97,crypto.com Arena,0,2023,2,0.36363636363636365,-5.7272727272727275,0.2,-7.8,0.8409090909090909,10.931818181818182,0.9,16.2,0,0,0,0.6363636363636364,0.15909090909090906,0.6431818181818182,0.22670454545454555,0.8658823529411764,0.01647058823529412,0.4411764705882353,175,164.22823529411764,18.055526330644078,168.74211687677865,0.0582944796925573,19,0.9835294117647059,0.18352941176470589,0.8164705882352941,0.7458823529411764,0.31329411764705883,0.4063683044982699,0.16617647058823531,0.5918133673112151,0.29411764705882354,0.539705882352941,0.4879311155267648,0.4611764705882353,0.4235294117647059
401558893,2023-07-16 00:30:00+00:00,7,16,2023,112530,Team Wilson,127,126287,TEAM STEWART,143,Michelob ULTRA Arena,0,2023,2,1.0,22.0,1.0,22.0,0.0,-22.0,0.0,-22.0,0,0,0,0.0,1.0,0.0,1.0,0.0,0.9835680751173709,0.49178403755868544,270,164.25352112676057,18.04182198431384,168.76397662283904,0.9999998544440875,16,1.0,0.2699530516431925,0.7300469483568075,1.0,0.2960093896713615,0.4223943661971831,0.17376760563380284,0.6916322819546386,0.29917840375586857,0.5270539906103285,0.651378600530898,0.7112676056338029,0.5633802816901409
401507249,2023-07-18 23:00:00+00:00,7,18,2023,20,Dream,82,8,Lynx,73,Gateway Center,0,2023,2,0.4090909090909091,-3.25,0.7,2.0,0.4772727272727273,-1.6590909090909092,0.6,-6.9,0,0,0,0.5909090909090908,0.5227272727272727,0.58125,0.5414772727272728,0.46604215456674475,0.5573770491803278,0.5117096018735363,155,164.50117096018735,18.733161416424156,169.1844613142934,0.24923625088650037,9,0.5339578454332552,0.5480093676814989,0.4519906323185011,0.28805620608899296,0.24039812646370023,0.27875787724388323,0.17675644028103044,0.4196344909900692,0.3011709601873536,0.522072599531616,0.44733012728214516,0.3864168618266979,0.17096018735362997
401507250,2023-07-19 02:00:00+00:00,7,19,2023,11,Mercury,72,18,Sun,66,Mortgage Matchup Center,0,2023,2,0.3181818181818182,-6.5,0.2,-9.9,0.7045454545454546,6.9772727272727275,0.7,7.0,0,0,0,0.6818181818181819,0.2954545454545454,0.6625,0.3255681818181818,0.897196261682243,0.1261682242990654,0.5116822429906542,138,164.4789719626168,18.716848021967596,169.15818396810872,0.7498351102272642,6,0.8738317757009346,0.7570093457943925,0.2429906542056075,0.06542056074766354,0.1985981308411215,0.43028539610446326,0.17675233644859814,0.5235500713036195,0.3011682242990654,0.5220794392523365,0.47285495002817063,0.4252336448598131,0.3294392523364486
401507251,2023-07-19 15:30:00+00:00,7,19,2023,16,Mystics,76,5,Fever,82,Capital One Arena,0,2023,2,0.5681818181818182,3.1136363636363638,0.6,5.5,0.18181818181818182,-8.386363636363637,0.1,-6.3,0,0,0,0.43181818181818177,0.8181818181818181,0.4221590909090909,0.709659090909091,0.2937062937062937,0.9230769230769231,0.6083916083916084,158,164.41724941724942,18.73862972093976,169.10190684748437,0.16096680123778528,6,0.7062937062937062,0.7575757575757576,0.24242424242424243,0.3473193473193473,0.1984848484848485,0.3632040686586141,0.19125874125874126,0.5675771159687244,0.31083916083916086,0.49790209790209794,0.40906071403561906,0.2937062937062937,0.3916083916083916
401507252,2023-07-19 17:00:00+00:00,7,19,2023,9,Liberty,88,3,Wings,98,Barclays Center,0,2023,2,0.5681818181818182,0.8181818181818182,0.8,6.4,0.5227272727272727,0.6363636363636364,0.6,6.2,0,0,0,0.43181818181818177,0.4772727272727273,0.4795454545454546,0.4840909090909091,0.21627906976744185,0.3581395348837209,0.2872093023255814,186,164.40232558139536,18.71933530851414,169.0821594085239,0.33528285943948055,10,0.7837209302325582,0.4930232558139535,0.5069767441860464,0.8906976744186047,0.25139534883720926,0.3682090319091401,0.1430813953488372,0.717376905807036,0.2787209302325581,0.5781976744186046,0.35534151978699857,0.21627906976744185,0.6
401507253,2023-07-20 15:30:00+00:00,7,20,2023,18,Sun,82,20,Dream,71,Mohegan Sun Arena,0,2023,2,0.6818181818181818,6.613636363636363,0.7,6.8,0.4318181818181818,-2.75,0.7,2.3,0,0,0,0.31818181818181823,0.5681818181818181,0.33465909090909096,0.56875,0.1554524361948956,0.44779582366589327,0.30162412993039445,153,164.4524361948956,18.726475161068855,169.1340549851628,0.3100569199330293,11,0.8445475638051044,0.43155452436194897,0.568445475638051,0.2459396751740139,0.2636890951276102,0.3845558809437934,0.14524361948955916,0.4751653295091111,0.28016241299303946,0.5745939675174013,0.3776022509242795,0.24361948955916474,0.2459396751740139
401507254,2023-07-21 00:00:00+00:00,7,21,2023,8,Lynx,73,6,Sparks,70,Target Center,0,2023,2,0.4772727272727273,-1.8181818181818181,0.6,-4.7,0.36363636363636365,-5.7727272727272725,0.2,-9.2,0,0,0,0.5227272727272727,0.6363636363636364,0.5454545454545454,0.6443181818181818,0.5486111111111112,0.8773148148148148,0.712962962962963,143,164.42592592592592,18.712852118463754,169.10413895554186,0.6220490674837293,3,0.45138888888888884,0.9259259259259259,0.07407407407407407,0.1087962962962963,0.1648148148148148,0.27201517489711935,0.20694444444444446,0.3875322901186938,0.3212962962962963,0.4717592592592592,0.4888762036258767,0.4675925925925926,0.13425925925925927
401507255,2023-07-21 02:00:00+00:00,7,21,2023,11,Mercury,80,19,Sky,62,Mortgage Matchup Center,0,2023,2,0.3409090909090909,-6.25,0.3,-7.5,0.5,-0.3409090909090909,0.3,-6.5,0,0,0,0.6590909090909092,0.5,0.65625,0.5085227272727273,0.8568129330254042,0.6836027713625866,0.7702078521939955,142,164.37644341801385,18.719520889206642,169.0563236403155,0.6481404758844622,18,0.3163972286374134,0.21016166281755197,0.789838337182448,0.10161662817551963,0.3079676674364896,0.1786817893316408,0.2155311778290993,0.18715712972328094,0.32702078521939953,0.4574480369515011,0.7503181034186552,0.7482678983833718,0.004618937644341801
401507256,2023-07-21 02:00:00+00:00,7,21,2023,14,Storm,63,17,Aces,79,Climate Pledge Arena,0,2023,2,0.38636363636363635,-1.1363636363636365,0.1,-6.4,0.8409090909090909,11.181818181818182,0.9,15.0,0,0,0,0.6136363636363636,0.15909090909090906,0.5284090909090909,0.22045454545454546,0.8525345622119815,0.020737327188940093,0.4366359447004608,142,164.32488479262673,18.728717944716543,169.00706427880587,0.6464397889221303,16,0.9792626728110599,0.2695852534562212,0.7304147465437788,0.10138248847926268,0.2960829493087558,0.41505155131771754,0.1654953917050691,0.4311206611355515,0.2936635944700461,0.5408410138248848,0.5576296530095675,0.5990783410138248,0.18663594470046083
401507257,2023-07-21 23:00:00+00:00,7,21,2023,16,Mystics,87,9,Liberty,96,CareFirst Arena,0,2023,2,0.5454545454545454,2.5681818181818183,0.5,3.0,0.5681818181818182,0.7954545454545454,0.8,6.1,0,0,0,0.4545454545454546,0.43181818181818177,0.43579545454545454,0.48011363636363635,0.40229885057471265,0.2160919540229885,0.30919540229885056,183,164.2735632183908,18.737726918846906,168.9579949481025,0.24481934501994151,9,0.7839080459770115,0.5494252873563218,0.4505747126436782,0.8689655172413793,0.24011494252873564,0.3738285110318404,0.1463793103448276,0.729088699064393,0.2809195402298851,0.5727011494252873,0.33948829029173194,0.19310344827586207,0.6183908045977011
401507258,2023-07-22 17:00:00+00:00,7,22,2023,20,Dream,78,18,Sun,86,Gateway Center,0,2023,2,0.4318181818181818,-2.8636363636363638,0.7,2.4,0.6818181818181818,6.704545454545454,0.7,7.0,0,0,0,0.5681818181818181,0.31818181818181823,0.571590909090909,0.33238636363636365,0.4426605504587156,0.13990825688073394,0.29128440366972475,164,164.3165137614679,18.737651633482283,169.00092666983846,0.03498885847446509,8,0.8600917431192661,0.6192660550458715,0.3807339449541285,0.49770642201834864,0.2261467889908257,0.41017769968857837,0.1436926605504587,0.6295197494129474,0.2791284403669725,0.5771788990825688,0.2794245258436443,0.10779816513761468,0.481651376146789
401507261,2023-07-22 19:00:00+00:00,7,22,2023,8,Lynx,81,17,Aces,98,Target Center,0,2023,2,0.5,-1.7272727272727273,0.6,-5.0,0.8636363636363636,11.909090909090908,0.9,14.6,0,0,0,0.5,0.13636363636363635,0.5431818181818182,0.20227272727272738,0.5423340961098398,0.016018306636155607,0.2791762013729977,179,164.31578947368422,18.716157289857776,168.99482879614865,0.13314597528809013,17,0.9839816933638444,0.2402745995423341,0.7597254004576659,0.8123569794050344,0.3019450800915332,0.4132421230670947,0.14187643020594964,0.6277696801832754,0.27791762013729976,0.5802059496567507,0.3920110439623997,0.2745995423340961,0.4782608695652174
401507260,2023-07-23 00:00:00+00:00,7,23,2023,3,Wings,98,6,Sparks,84,College Park Center,0,2023,2,0.5227272727272727,0.2727272727272727,0.7,7.8,0.36363636363636365,-5.613636363636363,0.2,-8.6,0,0,0,0.4772727272727273,0.6363636363636364,0.49318181818181817,0.6403409090909091,0.2808219178082192,0.867579908675799,0.5742009132420092,182,164.34931506849315,18.707892752687098,169.02628825666494,0.2137364761468511,14,0.7191780821917808,0.3082191780821918,0.6917808219178082,0.8561643835616438,0.28835616438356165,0.3270637080127603,0.18613013698630138,0.6374505484336159,0.3074200913242009,0.5064497716894978,0.5432540444498027,0.5684931506849316,0.4885844748858447
401507259,2023-07-23 01:00:00+00:00,7,23,2023,14,Storm,75,19,Sky,90,Climate Pledge Arena,0,2023,2,0.36363636363636365,-1.8636363636363635,0.1,-7.4,0.4772727272727273,-0.9318181818181818,0.3,-8.1,0,0,0,0.6363636363636364,0.5227272727272727,0.5465909090909091,0.5232954545454546,0.8656036446469249,0.7403189066059226,0.8029612756264237,165,164.38952164009112,18.7055037806646,169.06589758525726,0.02334663959301586,15,0.2596810933940774,0.2870159453302961,0.7129840546697039,0.5216400911161732,0.2925968109339408,0.1625899357101717,0.22044419134396356,0.4068441990078568,0.33029612756264237,0.4492596810933941,0.601380629975268,0.6537585421412301,0.16173120728929385
401507263,2023-07-23 17:00:00+00:00,7,23,2023,16,Mystics,84,11,Mercury,69,CareFirst Arena,0,2023,2,0.5454545454545454,2.6363636363636362,0.4,1.3,0.36363636363636365,-5.545454545454546,0.4,-3.7,0,0,0,0.4545454545454546,0.6363636363636364,0.4340909090909091,0.6386363636363637,0.4863636363636364,0.7522727272727273,0.6193181818181819,153,164.3909090909091,18.68420962675924,169.06196149759893,0.3089221327907725,15,0.5136363636363637,0.28863636363636364,0.7113636363636364,0.24772727272727274,0.2922727272727273,0.25252995867768596,0.1928977272727273,0.33577601897069875,0.3119318181818182,0.49517045454545455,0.5881553953980961,0.6363636363636364,0.07954545454545454
401507262,2023-07-23 19:00:00+00:00,7,23,2023,9,Liberty,101,5,Fever,83,Barclays Center,0,2023,2,0.5681818181818182,0.9090909090909091,0.8,5.2,0.20454545454545456,-7.931818181818182,0.2,-5.1,0,0,0,0.43181818181818177,0.7954545454545454,0.4772727272727273,0.6982954545454545,0.21768707482993196,0.9002267573696145,0.5589569160997733,184,164.36507936507937,18.67084639352231,169.03279096345995,0.27480127269540033,18,0.782312925170068,0.20861678004535147,0.7913832199546486,0.8775510204081632,0.3082766439909297,0.3397443966248631,0.183843537414966,0.6209246801543,0.3058956916099773,0.5102607709750566,0.5778149424059256,0.6145124716553289,0.4671201814058957
401507265,2023-07-25 23:00:00+00:00,7,25,2023,9,Liberty,86,14,Storm,82,Barclays Center,0,2023,2,0.5681818181818182,1.0454545454545454,0.8,4.0,0.36363636363636365,-1.8863636363636365,0.1,-7.7,0,0,0,0.43181818181818177,0.6363636363636364,0.4738636363636364,0.5471590909090909,0.23198198198198197,0.8626126126126126,0.5472972972972973,168,164.44594594594594,18.74382984724424,169.131903407757,0.0018216972207171223,4,0.7680180180180181,0.8671171171171171,0.13288288288288286,0.5968468468468469,0.17657657657657658,0.3985443551659768,0.1820945945945946,0.7347863568462546,0.3047297297297297,0.5131756756756756,0.3216847465395004,0.16666666666666666,0.6306306306306306
401507266,2023-07-25 23:00:00+00:00,7,25,2023,19,Sky,95,17,Aces,107,Wintrust Arena,0,2023,2,0.4772727272727273,-0.6818181818181818,0.4,-5.8,0.8636363636363636,12.0,0.9,15.0,0,0,0,0.5227272727272727,0.13636363636363635,0.5170454545454546,0.19999999999999996,0.6561085972850679,0.01583710407239819,0.33597285067873306,202,164.40950226244343,18.67303584795216,169.07776122443147,0.7886506434818662,12,0.9841628959276019,0.39819004524886875,0.6018099547511313,0.9683257918552036,0.2703619909502263,0.4320051288876149,0.15039592760180998,0.7263059761469969,0.2835972850678733,0.5660067873303167,0.479444428217338,0.45248868778280543,0.6176470588235294
401507264,2023-07-25 23:00:00+00:00,7,25,2023,20,Dream,78,11,Mercury,65,Gateway Center,0,2023,2,0.4090909090909091,-3.159090909090909,0.7,4.6,0.36363636363636365,-5.613636363636363,0.4,-2.9,0,0,0,0.5909090909090908,0.6363636363636364,0.5789772727272727,0.6403409090909091,0.4221218961625282,0.7381489841986456,0.5801354401805869,143,164.4943566591422,18.737211982497058,169.17865965476648,0.6231889353499391,13,0.5778781038374718,0.34988713318284426,0.6501128668171557,0.11060948081264109,0.28002257336343117,0.2800273377189183,0.18702031602708805,0.308459527052902,0.3080135440180587,0.5049661399548533,0.6097413136328231,0.6659142212189616,0.056433408577878104
401507267,2023-07-26 00:00:00+00:00,7,26,2023,3,Wings,83,18,Sun,88,College Park Center,0,2023,2,0.5454545454545454,0.8409090909090909,0.7,8.0,0.6818181818181818,6.7727272727272725,0.7,7.2,0,0,0,0.4545454545454546,0.31818181818181823,0.47897727272727275,0.3306818181818182,0.251685393258427,0.1393258426966292,0.19550561797752808,171,164.45393258426967,18.723468052055576,169.13479959728355,0.004949614770916599,5,0.8606741573033708,0.8247191011235955,0.17528089887640452,0.6606741573033708,0.1850561797752809,0.43219492488322186,0.12932584269662922,0.7685847854302813,0.26955056179775283,0.6011235955056179,0.16541021788602187,0.015730337078651686,0.6741573033707865
401507268,2023-07-26 02:00:00+00:00,7,26,2023,6,Sparks,79,5,Fever,78,crypto.com Arena,0,2023,2,0.3409090909090909,-5.9772727272727275,0.2,-9.4,0.18181818181818182,-8.431818181818182,0.1,-8.1,0,0,0,0.6590909090909092,0.8181818181818181,0.6494318181818182,0.7107954545454546,0.8878923766816144,0.9394618834080718,0.9136771300448431,157,164.46860986547085,18.704987049851,169.1448566279336,0.19005191636258345,1,0.11210762331838564,1.0,0.0,0.3295964125560538,0.15,0.1326457399103139,0.23705156950672646,0.38589927406543467,0.3413677130044843,0.4215807174887892,0.43024076509891424,0.33183856502242154,0.1367713004484305
401507269,2023-07-27 00:00:00+00:00,7,27,2023,8,Lynx,97,16,Mystics,92,Target Center,0,2023,2,0.4772727272727273,-2.409090909090909,0.6,-4.6,0.5454545454545454,2.7954545454545454,0.4,0.7,0,0,0,0.5227272727272727,0.4545454545454546,0.5602272727272728,0.4301136363636363,0.5615212527964206,0.48769574944071586,0.5246085011185683,189,164.4519015659955,18.687344695196938,169.12373773979473,0.4320065462703633,5,0.5123042505592841,0.8232662192393736,0.1767337807606264,0.912751677852349,0.18534675615212529,0.29014048416237503,0.17869127516778524,0.8125666919066545,0.30246085011185686,0.5188478747203579,0.40284285607182524,0.28635346756152125,0.70917225950783
401507270,2023-07-27 19:30:00+00:00,7,27,2023,6,Sparks,81,5,Fever,68,crypto.com Arena,0,2023,2,0.36363636363636365,-5.431818181818182,0.2,-9.5,0.18181818181818182,-8.159090909090908,0.1,-6.9,0,0,0,0.6363636363636364,0.8181818181818181,0.6357954545454545,0.7039772727272727,0.875,0.9285714285714286,0.9017857142857143,149,164.50669642857142,18.702425395758826,169.18230277751113,0.4413645419265174,13,0.125,0.3482142857142857,0.6517857142857143,0.18080357142857142,0.28035714285714286,0.1169419642857143,0.23526785714285714,0.1847359793526786,0.34017857142857144,0.4245535714285714,0.7084187688244211,0.7477678571428571,0.004464285714285714
401507271,2023-07-27 23:00:00+00:00,7,27,2023,9,Liberty,95,20,Dream,84,Barclays Center,0,2023,2,0.5909090909090909,1.3863636363636365,0.8,4.3,0.4318181818181818,-2.590909090909091,0.8,8.2,0,0,0,0.40909090909090906,0.5681818181818181,0.4653409090909091,0.5647727272727272,0.21158129175946547,0.3207126948775056,0.2661469933184855,179,164.47216035634744,18.695868408438724,169.14612745845713,0.12968225950684165,11,0.7884187082405345,0.43875278396436523,0.5612472160356348,0.8062360801781737,0.26224944320712695,0.3646032261744733,0.13992204899777283,0.6675778889433293,0.27661469933184857,0.5834632516703786,0.3286816275272904,0.1759465478841871,0.534521158129176
401507273,2023-07-29 00:00:00+00:00,7,29,2023,3,Wings,90,16,Mystics,62,College Park Center,0,2023,2,0.5454545454545454,1.3636363636363635,0.7,7.7,0.5454545454545454,2.727272727272727,0.4,0.3,0,0,0,0.4545454545454546,0.4545454545454546,0.46590909090909094,0.4318181818181819,0.2511111111111111,0.49333333333333335,0.37222222222222223,152,164.50444444444443,18.687590484312818,169.17634206552265,0.34452873646656845,28,0.7488888888888889,0.05555555555555555,0.9444444444444444,0.22666666666666666,0.3388888888888889,0.3136604938271605,0.15583333333333332,0.34997117969821673,0.2872222222222222,0.5569444444444445,0.5322615922969045,0.5444444444444444,0.1
401558197,2023-07-29 00:00:00+00:00,7,29,2023,9,Liberty,83,8,Lynx,88,Barclays Center,0,2023,2,0.6136363636363636,1.8636363636363635,0.8,4.6,0.4772727272727273,-2.5681818181818183,0.6,-5.2,0,0,0,0.38636363636363635,0.5227272727272727,0.4534090909090909,0.5642045454545455,0.1973392461197339,0.5476718403547672,0.3725055432372506,171,164.47671840354766,18.67609913726557,169.14574318786407,0.004916630863561422,5,0.8026607538802661,0.8248337028824834,0.17516629711751663,0.6585365853658537,0.18503325942350332,0.4085675832468867,0.1558758314855876,0.7531479614324706,0.28725055432372504,0.5568736141906874,0.2585215080383994,0.07760532150776053,0.6518847006651884
401507272,2023-07-29 00:00:00+00:00,7,29,2023,19,Sky,74,14,Storm,83,Wintrust Arena,0,2023,2,0.45454545454545453,-1.0909090909090908,0.4,-4.9,0.3409090909090909,-2.477272727272727,0.0,-10.4,0,0,0,0.5454545454545454,0.6590909090909092,0.5272727272727272,0.5619318181818181,0.665929203539823,0.9070796460176991,0.786504424778761,157,164.49115044247787,18.65790551325086,169.1556268207906,0.19121824783708175,9,0.334070796460177,0.5530973451327433,0.44690265486725667,0.32964601769911506,0.23938053097345133,0.20311232281306288,0.21797566371681415,0.37609094173908464,0.3286504424778761,0.4533738938053097,0.5451362533107679,0.5707964601769911,0.13495575221238937
401507274,2023-07-30 17:00:00+00:00,7,30,2023,18,Sun,83,8,Lynx,87,Mohegan Sun Arena,0,2023,2,0.7045454545454546,6.954545454545454,0.7,5.6,0.5,-2.3863636363636362,0.6,-4.9,0,0,0,0.2954545454545454,0.5,0.32613636363636367,0.5596590909090909,0.1479028697571744,0.5298013245033113,0.33885209713024284,170,164.4746136865342,18.640577945564875,169.13475817292544,0.001076694173394288,4,0.8520971302428256,0.8675496688741722,0.13245033112582782,0.6357615894039735,0.17649006622516555,0.43320621902548134,0.15082781456953642,0.7743547008559419,0.2838852097130243,0.5652869757174392,0.22931176265961492,0.06181015452538632,0.6821192052980133
401507275,2023-07-30 19:00:00+00:00,7,30,2023,20,Dream,80,16,Mystics,73,Gateway Center,0,2023,2,0.4318181818181818,-2.590909090909091,0.7,6.6,0.5454545454545454,2.409090909090909,0.3,-4.8,0,0,0,0.5681818181818181,0.4545454545454546,0.5647727272727272,0.4397727272727272,0.3788546255506608,0.5903083700440529,0.4845814977973568,153,164.48678414096915,18.621797661190435,169.14223355626675,0.3131992936163339,7,0.6211453744493391,0.6806167400881057,0.3193832599118943,0.24669603524229075,0.21387665198237887,0.3227607754856488,0.1726872246696035,0.4668345894442229,0.29845814977973567,0.5288546255506608,0.40568122017340885,0.29955947136563876,0.2511013215859031
401507276,2023-07-30 20:00:00+00:00,7,30,2023,5,Fever,62,14,Storm,85,Gainbridge Fieldhouse,0,2023,2,0.1590909090909091,-8.5,0.1,-7.4,0.3409090909090909,-3.1136363636363638,0.1,-8.4,0,0,0,0.8409090909090909,0.6590909090909092,0.7125,0.5778409090909091,0.9340659340659341,0.8857142857142857,0.9098901098901099,147,164.46153846153845,18.609071074674418,169.11380623020705,0.506419723183175,23,0.11428571428571432,0.11208791208791209,0.8879120879120879,0.14945054945054945,0.3275824175824176,0.10566562009419155,0.23648351648351648,0.13398322148808806,0.340989010989011,0.42252747252747247,0.8069817500669092,0.7692307692307693,0.0
401507277,2023-07-30 20:00:00+00:00,7,30,2023,19,Sky,104,11,Mercury,85,Wintrust Arena,0,2023,2,0.45454545454545453,-1.2272727272727273,0.4,-3.4,0.3409090909090909,-6.159090909090909,0.4,-2.7,0,0,0,0.5454545454545454,0.6590909090909092,0.5306818181818181,0.6539772727272728,0.6447368421052632,0.7521929824561403,0.6984649122807017,189,164.4232456140351,18.606587135405928,169.07489239788657,0.4363793672250481,19,0.35526315789473684,0.17763157894736842,0.8223684210526316,0.9122807017543859,0.31447368421052635,0.19032375346260388,0.20476973684210525,0.5972921640363026,0.3198464912280702,0.4753837719298245,0.6844278267210839,0.7412280701754386,0.4407894736842105
401507279,2023-07-30 20:00:00+00:00,7,30,2023,6,Sparks,79,9,Liberty,87,crypto.com Arena,0,2023,2,0.36363636363636365,-5.318181818181818,0.2,-9.2,0.5909090909090909,1.5454545454545454,0.8,5.8,0,0,0,0.6363636363636364,0.40909090909090906,0.6329545454545454,0.4613636363636363,0.8708971553610503,0.20350109409190373,0.537199124726477,166,164.47702407002188,18.62169603055114,169.13244807765966,0.014048523844092053,8,0.7964989059080962,0.6214442013129103,0.37855579868708966,0.5514223194748359,0.22571115973741793,0.38578899108925585,0.18057986870897155,0.6337525111716564,0.30371991247264774,0.5157002188183807,0.3945455208050639,0.27571115973741794,0.49015317286652077
401507278,2023-07-30 22:00:00+00:00,7,30,2023,17,Aces,104,3,Wings,91,Michelob ULTRA Arena,0,2023,2,0.8636363636363636,11.863636363636363,0.9,15.4,0.5681818181818182,2.1818181818181817,0.8,11.5,0,0,0,0.13636363636363635,0.43181818181818177,0.20340909090909087,0.44545454545454555,0.013100436681222707,0.14847161572052403,0.08078602620087337,195,164.48034934497818,18.601447153421756,169.13071113333362,0.6197941291731178,13,0.9868995633187773,0.34934497816593885,0.6506550218340612,0.9454148471615721,0.28013100436681226,0.42720609828187867,0.112117903930131,0.7023913193275471,0.25807860262008736,0.6298034934497816,0.2882894789770034,0.12663755458515283,0.5917030567685589
401507280,2023-08-01 23:00:00+00:00,8,1,2023,18,Sun,79,8,Lynx,69,Mohegan Sun Arena,0,2023,2,0.6818181818181818,6.318181818181818,0.6,2.8,0.5,-2.9318181818181817,0.6,-5.5,0,0,0,0.31818181818181823,0.5,0.34204545454545454,0.5732954545454545,0.2222222222222222,0.5424836601307189,0.38235294117647056,148,164.54684095860566,18.63565529557819,169.2057547825002,0.47660718663410817,10,0.7777777777777778,0.4989106753812636,0.5010893246187365,0.15904139433551198,0.2502178649237473,0.366560154926168,0.15735294117647058,0.43844282746585284,0.28823529411764703,0.5544117647058824,0.43140814032154606,0.3442265795206972,0.2047930283224401
401507281,2023-08-01 23:00:00+00:00,8,1,2023,5,Fever,72,11,Mercury,71,Gainbridge Fieldhouse,0,2023,2,0.1590909090909091,-8.431818181818182,0.1,-7.5,0.3181818181818182,-6.863636363636363,0.3,-6.8,0,0,0,0.8409090909090909,0.6818181818181819,0.7107954545454546,0.6715909090909091,0.9347826086956522,0.8521739130434782,0.8934782608695653,143,164.5108695652174,18.631324248451147,169.1687006273302,0.6270779794864364,1,0.14782608695652177,1.0,0.0,0.10652173913043478,0.15,0.14782608695652175,0.23402173913043478,0.244796786389414,0.3393478260869565,0.4266304347826087,0.5279348982334067,0.5434782608695652,0.030434782608695653
401507283,2023-08-02 02:00:00+00:00,8,2,2023,6,Sparks,69,9,Liberty,76,crypto.com Arena,0,2023,2,0.36363636363636365,-5.363636363636363,0.2,-8.3,0.6136363636363636,1.7954545454545454,0.8,5.1,0,0,0,0.6363636363636364,0.38636363636363635,0.634090909090909,0.45511363636363633,0.8633405639913232,0.19956616052060738,0.5314533622559653,145,164.46420824295012,18.638008117822544,169.12371027240576,0.5672709480190066,7,0.8004338394793926,0.6832971800433839,0.3167028199566161,0.13232104121475055,0.21334056399132323,0.393500359964427,0.1797180043383948,0.49166591136722776,0.30314533622559653,0.5171366594360087,0.472789801939553,0.4316702819956616,0.2841648590021692
401507282,2023-08-02 02:00:00+00:00,8,2,2023,17,Aces,93,20,Dream,72,Michelob ULTRA Arena,0,2023,2,0.8636363636363636,11.931818181818182,0.9,15.0,0.45454545454545453,-2.022727272727273,0.7,4.5,0,0,0,0.13636363636363635,0.5454545454545454,0.20170454545454553,0.5505681818181818,0.017316017316017316,0.39826839826839827,0.2077922077922078,165,164.42207792207793,18.639792226342106,169.08202597866347,0.023694237125247875,21,0.9826839826839827,0.1406926406926407,0.8593073593073592,0.5194805194805194,0.32186147186147185,0.4010117876351643,0.13116883116883118,0.5166694635112581,0.2707792207792208,0.5980519480519481,0.36006105721239756,0.22510822510822512,0.3333333333333333
401507284,2023-08-03 02:30:00+00:00,8,3,2023,14,Storm,65,3,Wings,76,Climate Pledge Arena,0,2023,2,0.3409090909090909,-2.7954545454545454,0.2,-5.9,0.5454545454545454,1.6363636363636365,0.7,8.7,0,0,0,0.6590909090909092,0.4545454545454546,0.5698863636363637,0.4590909090909091,0.8336933045356372,0.24190064794816415,0.5377969762419007,141,164.42332613390928,18.619627734324744,169.07823306749046,0.6792260442816067,11,0.7580993520518359,0.43844492440604754,0.5615550755939525,0.08639308855291576,0.2623110151187905,0.3533896692152317,0.1806695464362851,0.38700052221172054,0.3037796976241901,0.5155507559395248,0.5705661300548327,0.6177105831533477,0.1447084233261339
401507285,2023-08-04 02:00:00+00:00,8,4,2023,11,Mercury,91,20,Dream,71,Mortgage Matchup Center,0,2023,2,0.29545454545454547,-7.363636363636363,0.3,-5.9,0.4318181818181818,-2.75,0.6,1.3,0,0,0,0.7045454545454546,0.5681818181818181,0.6840909090909091,0.56875,0.853448275862069,0.5043103448275862,0.6788793103448276,162,164.37284482758622,18.631269023069656,169.03066208335363,0.06872401317334653,20,0.4956896551724138,0.15732758620689655,0.8426724137931034,0.4375,0.31853448275862073,0.2370442553507729,0.20183189655172415,0.3896221505148325,0.31788793103448276,0.48028017241379306,0.6077983602985162,0.6702586206896551,0.15086206896551724
401507286,2023-08-04 23:00:00+00:00,8,4,2023,5,Fever,72,18,Sun,88,Gainbridge Fieldhouse,0,2023,2,0.18181818181818182,-8.136363636363637,0.2,-7.2,0.6818181818181818,6.25,0.7,4.6,0,0,0,0.8181818181818181,0.31818181818181823,0.7034090909090909,0.34375,0.9141630901287554,0.1609442060085837,0.5375536480686696,160,164.34978540772534,18.595524087341115,168.99866642956061,0.11049238603319167,16,0.8390557939914163,0.26824034334763946,0.7317596566523605,0.388412017167382,0.2963519313304721,0.3655648013409714,0.18063304721030043,0.4780306367045166,0.30375536480686693,0.5156115879828327,0.5194033879467492,0.5171673819742489,0.26824034334763946
401507287,2023-08-04 23:00:00+00:00,8,4,2023,16,Mystics,79,6,Sparks,77,CareFirst Arena,0,2023,2,0.5227272727272727,2.227272727272727,0.3,-5.0,0.3409090909090909,-5.704545454545454,0.2,-8.2,0,0,0,0.4772727272727273,0.6590909090909092,0.44431818181818183,0.6426136363636363,0.6344086021505376,0.8731182795698925,0.7537634408602151,156,164.36774193548388,18.611506691092202,169.02061860825694,0.21707658738957103,2,0.3655913978494624,0.9720430107526882,0.027956989247311825,0.3161290322580645,0.15559139784946235,0.2387951208232166,0.21306451612903227,0.48045400860563164,0.3253763440860215,0.46155913978494617,0.4032542663728251,0.2903225806451613,0.2709677419354839
401507288,2023-08-05 00:00:00+00:00,8,5,2023,3,Wings,89,19,Sky,104,College Park Center,0,2023,2,0.5681818181818182,2.090909090909091,0.7,8.1,0.4772727272727273,-0.5681818181818182,0.4,-3.2,0,0,0,0.43181818181818177,0.5227272727272727,0.44772727272727275,0.5142045454545454,0.21413276231263384,0.5931477516059958,0.4036402569593148,193,164.34047109207708,18.576651613929826,168.98463399555953,0.5663983796038443,15,0.7858672376873661,0.2890792291220557,0.7109207708779444,0.9357601713062098,0.29218415417558885,0.3489062263571294,0.16054603854389723,0.666332824085344,0.2903640256959315,0.5490899357601713,0.5189936358300639,0.5160599571734475,0.5417558886509636
401507289,2023-08-05 00:00:00+00:00,8,5,2023,8,Lynx,66,9,Liberty,76,Target Center,0,2023,2,0.5,-3.022727272727273,0.5,-7.2,0.6363636363636364,2.090909090909091,0.8,5.4,0,0,0,0.5,0.36363636363636365,0.5755681818181818,0.44772727272727275,0.6367521367521367,0.17094017094017094,0.40384615384615385,142,164.4017094017094,18.603980522729657,169.05270453239183,0.6525917628292499,10,0.829059829059829,0.5021367521367521,0.49786324786324787,0.09615384615384616,0.24957264957264957,0.3861173204762948,0.1605769230769231,0.4358241660126385,0.2903846153846154,0.5490384615384616,0.47109007605128794,0.42735042735042733,0.20512820512820512
401507290,2023-08-06 02:00:00+00:00,8,6,2023,11,Mercury,91,14,Storm,97,Mortgage Matchup Center,0,2023,2,0.3181818181818182,-6.545454545454546,0.4,-3.5,0.3181818181818182,-3.409090909090909,0.2,-5.5,0,0,0,0.6818181818181819,0.6818181818181819,0.6636363636363637,0.5852272727272727,0.7761194029850746,0.8486140724946695,0.812366737739872,188,164.35394456289978,18.612860020027163,169.00715956790657,0.40584991573591467,6,0.22388059701492535,0.7590618336886994,0.2409381663113006,0.906183368869936,0.19818763326226013,0.16993635235337173,0.2218550106609808,0.7459581003063841,0.3312366737739872,0.446908315565032,0.5329008445608947,0.5543710021321961,0.6545842217484008
401507291,2023-08-06 19:00:00+00:00,8,6,2023,20,Dream,82,5,Fever,73,Gateway Center,0,2023,2,0.4090909090909091,-3.522727272727273,0.5,-2.1,0.18181818181818182,-8.022727272727273,0.2,-8.1,0,0,0,0.5909090909090908,0.8181818181818181,0.5880681818181819,0.7005681818181818,0.625531914893617,0.9106382978723404,0.7680851063829788,155,164.40425531914894,18.62497071386841,169.06049799761604,0.24795384414344634,9,0.37446808510638296,0.5553191489361702,0.4446808510638298,0.2957446808510638,0.23893617021276597,0.2186034404708013,0.21521276595744682,0.37129842135172364,0.32680851063829786,0.4579787234042554,0.550454955760532,0.5936170212765958,0.125531914893617
401507292,2023-08-06 19:00:00+00:00,8,6,2023,9,Liberty,99,17,Aces,61,Barclays Center,0,2023,2,0.6590909090909091,3.090909090909091,0.8,6.0,0.8636363636363636,11.931818181818182,0.9,15.3,0,0,0,0.34090909090909094,0.13636363636363635,0.42272727272727273,0.20170454545454553,0.16985138004246284,0.014861995753715499,0.09235668789808917,160,164.38428874734606,18.610191884906605,169.03683671857272,0.11121202544486752,38,0.9851380042462845,0.006369426751592357,0.9936305732484076,0.3885350318471338,0.3487261146496815,0.3859247163509,0.11385350318471338,0.4490989156547739,0.2592356687898089,0.6269108280254776,0.3281457725630995,0.17197452229299362,0.22505307855626328
401507293,2023-08-06 19:00:00+00:00,8,6,2023,16,Mystics,83,6,Sparks,91,CareFirst Arena,0,2023,2,0.5227272727272727,1.8636363636363635,0.4,-3.1,0.3181818181818182,-5.9772727272727275,0.2,-5.6,0,0,0,0.4772727272727273,0.6818181818181819,0.4534090909090909,0.6494318181818182,0.5550847457627118,0.8538135593220338,0.7044491525423728,174,164.375,18.59152062274137,169.02288015568536,0.03519964940028508,8,0.44491525423728817,0.625,0.375,0.7245762711864406,0.225,0.2499046610169492,0.20566737288135595,0.6367679680767021,0.3204449152542373,0.47388771186440676,0.4612360596619659,0.4110169491525424,0.5021186440677966
401507294,2023-08-06 20:00:00+00:00,8,6,2023,3,Wings,96,19,Sky,104,College Park Center,0,2023,2,0.5454545454545454,1.6363636363636365,0.7,7.3,0.4772727272727273,-0.4090909090909091,0.4,-2.5,0,0,0,0.4545454545454546,0.5227272727272727,0.4590909090909091,0.5102272727272728,0.2558139534883721,0.5835095137420718,0.41966173361522197,200,164.3953488372093,18.57708800269393,169.03962083788278,0.7506157060357983,8,0.7441860465116279,0.6257928118393234,0.37420718816067655,0.9682875264270613,0.22484143763213532,0.36594694921087567,0.1629492600422833,0.7925653315831539,0.2919661733615222,0.5450845665961945,0.46031924883095815,0.4080338266384778,0.7145877378435518
401507295,2023-08-08 19:00:00+00:00,8,8,2023,14,Storm,69,18,Sun,81,Climate Pledge Arena,0,2023,2,0.3409090909090909,-3.1818181818181817,0.3,-2.9,0.7045454545454546,6.681818181818182,0.8,8.0,0,0,0,0.6590909090909092,0.2954545454545454,0.5795454545454545,0.3329545454545455,0.7658227848101266,0.08227848101265822,0.4240506329113924,150,164.4704641350211,18.62935954329686,169.12780402084533,0.4096937416501948,12,0.9177215189873418,0.39662447257383965,0.6033755274261603,0.20042194092827004,0.27067510548523205,0.40759106446616455,0.16360759493670884,0.4745474786082957,0.29240506329113924,0.5439873417721519,0.47413724359164755,0.4388185654008439,0.26371308016877637
401507296,2023-08-08 23:00:00+00:00,8,8,2023,5,Fever,80,6,Sparks,87,Gainbridge Fieldhouse,0,2023,2,0.18181818181818182,-7.863636363636363,0.2,-8.2,0.3181818181818182,-5.863636363636363,0.3,-3.7,0,0,0,0.8181818181818181,0.6818181818181819,0.696590909090909,0.6465909090909091,0.9221052631578948,0.7978947368421052,0.86,167,164.44,18.62153827597799,169.0953845689945,0.006310915478788259,7,0.2021052631578948,0.6884210526315789,0.31157894736842107,0.5789473684210527,0.2123157894736842,0.15836598337950142,0.229,0.516274746989357,0.336,0.435,0.48023572596043196,0.4631578947368421,0.3410526315789474
401507297,2023-08-09 00:00:00+00:00,8,9,2023,19,Sky,79,8,Lynx,88,Wintrust Arena,0,2023,2,0.4772727272727273,-0.29545454545454547,0.4,-1.9,0.4772727272727273,-3.9545454545454546,0.4,-9.3,0,0,0,0.5227272727272727,0.5227272727272727,0.5073863636363637,0.5988636363636364,0.5911949685534591,0.7358490566037735,0.6635220125786163,167,164.49475890985326,18.614015958957516,169.14826289959265,0.006637726147063483,9,0.4088050314465409,0.5555555555555556,0.4444444444444444,0.5765199161425576,0.23888888888888887,0.23168413696715587,0.19952830188679244,0.5315975838977303,0.3163522012578616,0.484119496855346,0.4631493354453468,0.41509433962264153,0.36058700209643607
401507298,2023-08-09 00:00:00+00:00,8,9,2023,3,Wings,84,17,Aces,104,College Park Center,0,2023,2,0.5454545454545454,1.6363636363636365,0.6,6.3,0.8409090909090909,10.5,0.8,10.8,0,0,0,0.4545454545454546,0.15909090909090906,0.4590909090909091,0.23750000000000004,0.31512605042016806,0.03361344537815126,0.17436974789915966,188,164.4453781512605,18.602296396550667,169.09595225039817,0.4033071289364766,20,0.9663865546218487,0.15756302521008403,0.842436974789916,0.9033613445378151,0.31848739495798317,0.3974535696631594,0.12615546218487395,0.627013875248567,0.26743697478991596,0.6064075630252102,0.38191732713126925,0.25,0.4894957983193277
401507299,2023-08-09 02:00:00+00:00,8,9,2023,11,Mercury,91,16,Mystics,72,Mortgage Matchup Center,0,2023,2,0.3181818181818182,-6.613636363636363,0.4,-3.0,0.5227272727272727,1.7272727272727273,0.3,-4.7,0,0,0,0.6818181818181819,0.4772727272727273,0.665340909090909,0.4568181818181818,0.7698744769874477,0.6192468619246861,0.6945606694560669,163,164.5,18.594847238294644,169.14871180957365,0.053202934401573754,19,0.38075313807531386,0.1799163179916318,0.8200836820083682,0.4707112970711297,0.31401673640167366,0.19919346650093664,0.20418410041841004,0.3845384696466482,0.3194560669456067,0.47635983263598325,0.6037047051786983,0.6736401673640168,0.1401673640167364
401507300,2023-08-10 23:00:00+00:00,8,10,2023,5,Fever,91,8,Lynx,73,Gainbridge Fieldhouse,0,2023,2,0.18181818181818182,-7.5227272727272725,0.2,-8.8,0.4772727272727273,-3.8181818181818183,0.5,-6.0,0,0,0,0.8181818181818181,0.5227272727272727,0.6880681818181819,0.5954545454545455,0.9248434237995825,0.6283924843423799,0.7766179540709812,164,164.49686847599165,18.575512815680508,169.14074667991179,0.037570908361174715,18,0.37160751565762007,0.21085594989561587,0.7891440501043842,0.49478079331941544,0.3078288100208768,0.19782512715687262,0.21649269311064717,0.4006970415771056,0.3276617954070981,0.45584551148225466,0.6207239919255442,0.6910229645093946,0.16701461377870563
401507301,2023-08-11 02:00:00+00:00,8,11,2023,11,Mercury,90,18,Sun,84,Mortgage Matchup Center,0,2023,2,0.3181818181818182,-6.25,0.4,-1.7,0.7045454545454546,6.363636363636363,0.8,7.2,0,0,0,0.6818181818181819,0.2954545454545454,0.65625,0.34090909090909094,0.75,0.09166666666666666,0.42083333333333334,174,164.49583333333334,18.556126655766757,169.13486499727503,0.03378648948380292,6,0.9083333333333333,0.7645833333333333,0.23541666666666672,0.7229166666666667,0.19708333333333333,0.4449496527777778,0.16312500000000002,0.7779987702546296,0.29208333333333336,0.5447916666666667,0.30353919887482317,0.13541666666666666,0.7020833333333333
401507302,2023-08-11 02:00:00+00:00,8,11,2023,14,Storm,68,20,Dream,67,Climate Pledge Arena,0,2023,2,0.3409090909090909,-3.090909090909091,0.3,-3.7,0.4318181818181818,-2.8863636363636362,0.5,-2.3,0,0,0,0.6590909090909092,0.5681818181818181,0.5772727272727273,0.5721590909090909,0.7733887733887734,0.5821205821205822,0.6777546777546778,135,164.51559251559252,18.54185204342537,169.15105552644886,0.8166173663556785,1,0.41787941787941785,1.0,0.0,0.04365904365904366,0.15,0.26259875259875254,0.20166320166320167,0.3509260419863329,0.3177754677754678,0.4805613305613306,0.4903843623690116,0.4781704781704782,0.0997920997920998
401507303,2023-08-12 00:00:00+00:00,8,12,2023,9,Liberty,89,19,Sky,73,Barclays Center,0,2023,2,0.6818181818181818,4.386363636363637,0.8,9.0,0.4772727272727273,-0.36363636363636365,0.4,-1.4,0,0,0,0.31818181818181823,0.5227272727272727,0.3903409090909091,0.509090909090909,0.11203319502074689,0.5684647302904564,0.34024896265560167,162,164.45435684647302,18.571292975082994,169.09718009024377,0.07042019131508637,16,0.8879668049792531,0.2697095435684647,0.7302904564315353,0.43568464730290457,0.29605809128630706,0.3829327146571167,0.15103734439834027,0.5060291425888912,0.28402489626556016,0.5649377593360996,0.41027623639903693,0.3049792531120332,0.3236514522821577
401507304,2023-08-12 02:00:00+00:00,8,12,2023,17,Aces,113,16,Mystics,89,Michelob ULTRA Arena,0,2023,2,0.8636363636363636,11.181818181818182,0.9,13.0,0.5,0.8636363636363636,0.3,-5.8,0,0,0,0.13636363636363635,0.5,0.22045454545454546,0.4784090909090909,0.020703933747412008,0.6542443064182195,0.33747412008281574,202,164.44927536231884,18.552354272675835,169.0873639304878,0.7927046381303304,24,0.979296066252588,0.09316770186335403,0.906832298136646,0.968944099378882,0.33136645962732925,0.3942584519630158,0.15062111801242237,0.6270921472417825,0.2837474120082816,0.565631469979296,0.5675953591930314,0.6252587991718427,0.494824016563147
401507305,2023-08-12 23:30:00+00:00,8,12,2023,6,Sparks,85,20,Dream,74,crypto.com Arena,0,2023,2,0.3409090909090909,-4.863636363636363,0.4,-2.4,0.4318181818181818,-2.5681818181818183,0.4,-3.4,0,0,0,0.6590909090909092,0.5681818181818181,0.6215909090909091,0.5642045454545455,0.7334710743801653,0.6487603305785123,0.6911157024793388,159,164.52685950413223,18.611571170140746,169.17975229666743,0.1389318802542362,11,0.35123966942148765,0.44214876033057854,0.5578512396694215,0.36983471074380164,0.2615702479338843,0.20352588620995835,0.20366735537190084,0.3796885822023628,0.3191115702479339,0.47722107438016526,0.5361276517420842,0.5702479338842975,0.14049586776859505
401507306,2023-08-13 00:00:00+00:00,8,13,2023,3,Wings,91,18,Sun,81,College Park Center,0,2023,2,0.5454545454545454,1.3181818181818181,0.5,4.2,0.6818181818181818,5.681818181818182,0.7,5.8,0,0,0,0.4545454545454546,0.31818181818181823,0.46704545454545454,0.3579545454545455,0.4,0.15670103092783505,0.27835051546391754,172,164.51546391752578,18.59402807914116,169.16397093731106,0.011564345098546647,10,0.843298969072165,0.5030927835051546,0.49690721649484537,0.6865979381443299,0.24938144329896908,0.391559783186311,0.14175257731958762,0.6538230288394639,0.27783505154639176,0.5804123711340207,0.3012556005181408,0.13402061855670103,0.5319587628865979
401507309,2023-08-13 19:00:00+00:00,8,13,2023,5,Fever,89,9,Liberty,100,Gainbridge Fieldhouse,0,2023,2,0.20454545454545456,-6.909090909090909,0.3,-6.2,0.7045454545454546,4.954545454545454,0.9,11.6,0,0,0,0.7954545454545454,0.2954545454545454,0.6727272727272727,0.3761363636363637,0.8767967145790554,0.053388090349075976,0.4650924024640657,189,164.5195071868583,18.560520775125855,169.15963738063977,0.4352276002716181,11,0.946611909650924,0.4414784394250513,0.5585215605749487,0.9075975359342916,0.26170431211498973,0.42326931428643705,0.16976386036960986,0.7205138554151203,0.29650924024640657,0.5337268993839835,0.4877250470430203,0.47433264887063653,0.6283367556468172
401507307,2023-08-13 19:00:00+00:00,8,13,2023,16,Mystics,83,19,Sky,76,CareFirst Arena,0,2023,2,0.4772727272727273,0.022727272727272728,0.2,-8.9,0.45454545454545453,-0.9545454545454546,0.4,-1.9,0,0,0,0.5227272727272727,0.5454545454545454,0.49943181818181814,0.5238636363636363,0.7818930041152263,0.588477366255144,0.6851851851851851,159,164.53086419753086,18.57795151653142,169.17535207666373,0.13928666828881853,7,0.411522633744856,0.691358024691358,0.308641975308642,0.3683127572016461,0.2117283950617284,0.24102296397906828,0.20277777777777778,0.45532284288273667,0.31851851851851853,0.47870370370370374,0.4545531116686712,0.3991769547325103,0.23251028806584362
401507308,2023-08-13 22:00:00+00:00,8,13,2023,14,Storm,81,11,Mercury,71,Climate Pledge Arena,0,2023,2,0.3409090909090909,-3.2954545454545454,0.4,-2.9,0.3409090909090909,-5.863636363636363,0.5,1.5,0,0,0,0.6590909090909092,0.6590909090909092,0.5823863636363636,0.6465909090909091,0.7233606557377049,0.6290983606557377,0.6762295081967213,152,164.56967213114754,18.574542156386688,169.2133076702442,0.3491007348055315,10,0.37090163934426235,0.5040983606557377,0.49590163934426235,0.22540983606557377,0.24918032786885247,0.21432209083579684,0.2014344262295082,0.3213926385908953,0.3176229508196721,0.48094262295081963,0.5530582416055634,0.6065573770491803,0.07172131147540983
401507310,2023-08-14 01:00:00+00:00,8,14,2023,17,Aces,86,20,Dream,65,Michelob ULTRA Arena,0,2023,2,0.8863636363636364,11.772727272727273,0.9,13.0,0.4318181818181818,-2.25,0.3,-5.4,0,0,0,0.11363636363636365,0.5681818181818181,0.2056818181818182,0.55625,0.018404907975460124,0.7443762781186094,0.38139059304703476,151,164.5439672801636,18.564205416689017,169.18501863433585,0.38108226212392526,21,0.9815950920245399,0.1390593047034765,0.8609406952965235,0.2167689161554192,0.3221881390593047,0.4004495841017728,0.15720858895705522,0.4320680568758949,0.28813905930470346,0.5546523517382413,0.5195192361293229,0.5255623721881391,0.2085889570552147
401507376,2023-08-16 01:00:00+00:00,8,16,2023,17,Aces,63,9,Liberty,82,Michelob ULTRA Arena,0,2023,2,0.8863636363636364,12.068181818181818,0.9,12.5,0.7045454545454546,5.136363636363637,0.9,11.8,0,0,0,0.11363636363636365,0.2954545454545454,0.1982954545454545,0.3715909090909091,0.02040816326530612,0.053061224489795916,0.03673469387755102,145,164.51632653061225,18.555304468031235,169.15515264762004,0.5714430343977075,19,0.9795918367346939,0.1816326530612245,0.8183673469387756,0.1306122448979592,0.3136734693877551,0.404792586422324,0.10551020408163266,0.41756730188951885,0.2536734693877551,0.6408163265306122,0.2914313468987802,0.12244897959183673,0.18775510204081633
401507311,2023-08-18 02:00:00+00:00,8,18,2023,17,Aces,88,9,Liberty,75,Michelob ULTRA Arena,0,2023,2,0.8636363636363636,11.477272727272727,0.8,8.7,0.7272727272727273,5.75,0.9,11.9,0,0,0,0.13636363636363635,0.2727272727272727,0.21306818181818188,0.35624999999999996,0.04480651731160896,0.048879837067209775,0.04684317718940936,163,164.47657841140528,18.557273762418045,169.1158968520098,0.05285943855409048,13,0.955193482688391,0.35234215885947046,0.6476578411405296,0.4725050916496945,0.27953156822810593,0.41614021843280885,0.10702647657841141,0.5574271054633918,0.25468431771894096,0.6382892057026476,0.20050514920937187,0.034623217922606926,0.4073319755600815
401507312,2023-08-18 23:00:00+00:00,8,18,2023,18,Sun,75,3,Wings,95,Mohegan Sun Arena,0,2023,2,0.6590909090909091,5.295454545454546,0.6,3.6,0.5454545454545454,1.3181818181818181,0.5,1.2,0,0,0,0.34090909090909094,0.4545454545454546,0.3676136363636363,0.46704545454545454,0.241869918699187,0.43902439024390244,0.3404471544715447,170,164.47357723577235,18.538486224474777,169.10819879189106,0.0011563953874718091,20,0.7581300813008129,0.15853658536585366,0.8414634146341463,0.6402439024390244,0.3182926829268293,0.32658214356533805,0.1510670731707317,0.5204492024080711,0.2840447154471545,0.5648882113821138,0.4315025135951217,0.34146341463414637,0.3556910569105691
401507313,2023-08-18 23:00:00+00:00,8,18,2023,5,Fever,79,16,Mystics,83,Gainbridge Fieldhouse,0,2023,2,0.20454545454545456,-6.9772727272727275,0.2,-7.9,0.5,0.29545454545454547,0.3,-7.6,0,0,0,0.7954545454545454,0.5,0.6744318181818182,0.4926136363636363,0.9127789046653144,0.691683569979716,0.8022312373225152,162,164.4847870182556,18.521309189985757,169.11511431575204,0.07113214325029416,4,0.30831643002028397,0.8722109533468559,0.12778904665314406,0.43610547667342797,0.1755578093306288,0.20953875555957854,0.22033468559837727,0.5050521104614194,0.33022312373225154,0.44944219066937124,0.4184283413091915,0.3144016227180527,0.3265720081135903
401507314,2023-08-18 23:30:00+00:00,8,18,2023,20,Dream,78,19,Sky,67,Gateway Center,0,2023,2,0.4090909090909091,-2.9545454545454546,0.3,-6.4,0.4318181818181818,-1.1818181818181819,0.4,-1.4,0,0,0,0.5909090909090908,0.5681818181818181,0.5738636363636364,0.5295454545454545,0.7692307692307693,0.611336032388664,0.6902834008097166,145,164.47975708502025,18.502853108805276,169.10547036222158,0.5720036596746656,11,0.38866396761133604,0.44534412955465585,0.5546558704453441,0.12955465587044535,0.26093117408906885,0.2175315936992903,0.2035425101214575,0.26585854028439293,0.3190283400809717,0.4774291497975708,0.6229394195211447,0.7004048582995951,0.03441295546558704
401507315,2023-08-19 02:00:00+00:00,8,19,2023,11,Mercury,63,9,Liberty,85,Mortgage Matchup Center,0,2023,2,0.3181818181818182,-6.204545454545454,0.4,-0.1,0.7045454545454546,5.0,0.8,10.2,0,0,0,0.6818181818181819,0.2954545454545454,0.6551136363636363,0.375,0.7292929292929293,0.07878787878787878,0.40404040404040403,148,164.44040404040405,18.504840810978624,169.0666142431487,0.4769198400435912,22,0.9212121212121213,0.12121212121212122,0.8787878787878788,0.16161616161616163,0.3257575757575758,0.37798438934802575,0.1606060606060606,0.39378820343007676,0.2904040404040404,0.5489898989898989,0.5536138679943492,0.6101010101010101,0.1595959595959596
401507316,2023-08-19 02:00:00+00:00,8,19,2023,14,Storm,70,8,Lynx,78,Climate Pledge Arena,0,2023,2,0.36363636363636365,-2.9545454545454546,0.5,-0.9,0.45454545454545453,-4.4772727272727275,0.5,-3.8,0,0,0,0.6363636363636364,0.5454545454545454,0.5738636363636364,0.6119318181818182,0.6189516129032258,0.6209677419354839,0.6199596774193548,148,164.40725806451613,18.500872699643658,169.03247623942704,0.4759662346616206,8,0.38104838709677424,0.6330645161290323,0.36693548387096775,0.16129032258064516,0.22338709677419355,0.225624837408949,0.19299395161290323,0.31682541431871203,0.3119959677419355,0.4950100806451613,0.5132272857669414,0.5080645161290323,0.06653225806451613
401507317,2023-08-19 19:00:00+00:00,8,19,2023,17,Aces,72,6,Sparks,78,Michelob ULTRA Arena,0,2023,2,0.8636363636363636,11.522727272727273,0.8,8.4,0.36363636363636365,-4.318181818181818,0.5,0.6,0,0,0,0.13636363636363635,0.6363636363636364,0.21193181818181817,0.6079545454545454,0.04627766599597585,0.6036217303822937,0.3249496981891348,150,164.37424547283703,18.496860584868813,168.99846061905424,0.4099133057065416,6,0.9537223340040242,0.7686116700201208,0.23138832997987924,0.2012072434607646,0.19627766599597585,0.4636362035391423,0.14874245472837022,0.61197838326063,0.2824949698189135,0.5687625754527164,0.3111567778453618,0.15090543259557343,0.48088531187122735
401507318,2023-08-20 19:00:00+00:00,8,20,2023,16,Mystics,84,3,Wings,97,CareFirst Arena,0,2023,2,0.5,0.09090909090909091,0.4,-6.3,0.5681818181818182,2.0,0.5,2.2,0,0,0,0.5,0.43181818181818177,0.4977272727272728,0.44999999999999996,0.6285140562248996,0.40562248995983935,0.5170682730923695,181,164.3453815261044,18.489465943076382,168.9677480118735,0.19082975693308246,13,0.5943775100401607,0.3534136546184739,0.6465863453815262,0.8433734939759037,0.2793172690763052,0.28624707666005383,0.17756024096385542,0.6335750440351104,0.3017068273092369,0.5207329317269076,0.49821777022100566,0.4919678714859438,0.5140562248995983
401507319,2023-08-20 21:00:00+00:00,8,20,2023,19,Sky,73,18,Sun,79,Wintrust Arena,0,2023,2,0.4318181818181818,-1.1818181818181819,0.4,-0.7,0.6363636363636364,4.2727272727272725,0.6,2.2,0,0,0,0.5681818181818181,0.36363636363636365,0.5295454545454545,0.3931818181818182,0.6092184368737475,0.3066132264529058,0.45791583166332667,152,164.37875751503006,18.485933805300036,169.00024096635508,0.34483013823723374,6,0.6933867735470942,0.7695390781563126,0.23046092184368738,0.23246492985971945,0.1960921843687375,0.3591003048180529,0.16868737474949902,0.5157115913748452,0.2957915831663327,0.5355210420841683,0.3715604550430458,0.23847695390781562,0.3486973947895792
401507320,2023-08-20 22:00:00+00:00,8,20,2023,11,Mercury,73,5,Fever,83,Mortgage Matchup Center,0,2023,2,0.3181818181818182,-6.4772727272727275,0.3,-4.1,0.20454545454545456,-6.840909090909091,0.2,-6.5,0,0,0,0.6818181818181819,0.7954545454545454,0.6619318181818181,0.6710227272727273,0.814,0.908,0.861,156,164.354,18.475697193165605,168.97292429829142,0.21848069404024428,10,0.18600000000000005,0.508,0.492,0.318,0.2484,0.14505880000000004,0.22915,0.312772372,0.3361,0.43475,0.589745801039322,0.666,0.062
401507321,2023-08-20 23:00:00+00:00,8,20,2023,8,Lynx,74,14,Storm,88,Target Center,0,2023,2,0.4772727272727273,-4.181818181818182,0.6,-2.1,0.3409090909090909,-3.25,0.5,-0.1,0,0,0,0.5227272727272727,0.6590909090909092,0.6045454545454545,0.58125,0.530938123752495,0.6167664670658682,0.5738522954091816,162,164.3373253493014,18.460985456685034,168.95257171347268,0.06846092155233596,14,0.46906187624750495,0.31137724550898205,0.688622754491018,0.4411177644710579,0.2877245508982036,0.23827817419054104,0.18607784431137725,0.41824363750536864,0.3073852295409182,0.5065369261477045,0.5150889019377212,0.5189620758483033,0.1936127744510978
401507322,2023-08-22 23:00:00+00:00,8,22,2023,20,Dream,100,17,Aces,112,Gateway Center,0,2023,2,0.4090909090909091,-3.0681818181818183,0.4,-4.5,0.8409090909090909,11.181818181818182,0.7,6.1,0,0,0,0.5909090909090908,0.15909090909090906,0.5767045454545455,0.22045454545454546,0.7091633466135459,0.06374501992031872,0.38645418326693226,212,164.33266932270917,18.44284715611361,168.94338111173758,0.9344650694151773,12,0.9362549800796813,0.40039840637450197,0.599601593625498,0.9900398406374502,0.2699203187250996,0.414778336851796,0.15796812749003986,0.7309517204906189,0.2886454183266932,0.5533864541832669,0.5345464602241274,0.5737051792828686,0.6553784860557769
401507323,2023-08-22 23:00:00+00:00,8,22,2023,16,Mystics,64,18,Sun,68,CareFirst Arena,0,2023,2,0.4772727272727273,-0.4090909090909091,0.3,-9.1,0.6590909090909091,4.636363636363637,0.6,1.7,0,0,0,0.5227272727272727,0.34090909090909094,0.5102272727272728,0.38409090909090904,0.7435387673956262,0.294234592445328,0.5188866799204771,132,164.42743538767397,18.54665170926551,169.06409831499033,0.8642379927829131,4,0.705765407554672,0.8747514910536779,0.1252485089463221,0.02584493041749503,0.17504970178926443,0.3736057215355975,0.17783300198807156,0.4620211552835558,0.3018886679920477,0.5202783300198807,0.46146663752111217,0.4115308151093439,0.2584493041749503
401507324,2023-08-23 00:00:00+00:00,8,23,2023,19,Sky,102,14,Storm,79,Wintrust Arena,0,2023,2,0.4318181818181818,-1.0681818181818181,0.3,-2.8,0.36363636363636365,-2.8636363636363638,0.6,2.8,0,0,0,0.5681818181818181,0.6363636363636364,0.5267045454545454,0.571590909090909,0.6984126984126984,0.5099206349206349,0.6041666666666666,181,164.36309523809524,18.584424182890352,169.00920128381782,0.18791151406683415,23,0.4900793650793651,0.10714285714285714,0.8928571428571429,0.8412698412698413,0.3285714285714286,0.23166950113378681,0.190625,0.5558038526257064,0.3104166666666667,0.4989583333333333,0.6144323635197839,0.6964285714285714,0.4126984126984127
401507325,2023-08-23 00:00:00+00:00,8,23,2023,8,Lynx,91,3,Wings,86,Target Center,0,2023,2,0.45454545454545453,-4.7272727272727275,0.5,-3.8,0.5681818181818182,2.0,0.5,2.1,0,0,0,0.5454545454545454,0.43181818181818177,0.6181818181818182,0.44999999999999996,0.6297029702970297,0.4099009900990099,0.5198019801980198,177,164.3960396039604,18.580732899371696,169.0412228288033,0.08765348625282077,5,0.5900990099009902,0.8316831683168316,0.16831683168316836,0.7742574257425743,0.18366336633663366,0.3224933830016665,0.17797029702970296,0.7589536931440424,0.30198019801980197,0.520049504950495,0.33675082962011954,0.1900990099009901,0.6851485148514852
401507326,2023-08-24 02:00:00+00:00,8,24,2023,6,Sparks,91,11,Mercury,62,crypto.com Arena,0,2023,2,0.38636363636363635,-3.909090909090909,0.6,1.5,0.29545454545454547,-7.068181818181818,0.3,-3.6,0,0,0,0.6136363636363636,0.7045454545454546,0.5977272727272728,0.6767045454545455,0.5237154150197628,0.83399209486166,0.6788537549407114,153,164.42094861660078,18.570781796254227,169.06364406566433,0.31209784780359306,29,0.4762845849802372,0.039525691699604744,0.9604743083003953,0.2549407114624506,0.3420948616600791,0.2224655517192895,0.20182806324110672,0.28273889203266067,0.31788537549407114,0.48028656126482216,0.6943551758725829,0.7727272727272727,0.041501976284584984
401507327,2023-08-24 23:00:00+00:00,8,24,2023,18,Sun,90,9,Liberty,95,Mohegan Sun Arena,0,2023,2,0.6590909090909091,4.386363636363637,0.6,1.3,0.7045454545454546,4.840909090909091,0.8,11.3,0,0,0,0.34090909090909094,0.2954545454545454,0.3903409090909091,0.3789772727272728,0.2859960552268245,0.07692307692307693,0.1814595660749507,185,164.39842209072978,18.559354562431764,169.03826073133772,0.30914973723618666,5,0.9230769230769231,0.8323471400394478,0.16765285996055224,0.8777120315581854,0.18353057199211045,0.458478986496738,0.12721893491124261,0.8652390265609342,0.2681459566074951,0.6046351084812623,0.1940019612300735,0.027613412228796843,0.7731755424063116
401507328,2023-08-24 23:00:00+00:00,8,24,2023,5,Fever,90,14,Storm,86,Gainbridge Fieldhouse,0,2023,2,0.22727272727272727,-6.25,0.3,-5.4,0.3409090909090909,-3.659090909090909,0.6,0.9,0,0,0,0.7727272727272727,0.6590909090909092,0.65625,0.5914772727272728,0.860236220472441,0.5452755905511811,0.7027559055118111,176,164.43897637795277,18.56355936312425,169.07986621873383,0.06712369764016435,4,0.45472440944881887,0.8759842519685039,0.12401574803149606,0.7519685039370079,0.17480314960629922,0.2701382602765206,0.20541338582677166,0.7335106984387197,0.3202755905511811,0.4743110236220472,0.38683219583965833,0.2559055118110236,0.655511811023622
401507329,2023-08-25 00:00:00+00:00,8,25,2023,19,Sky,87,17,Aces,94,Wintrust Arena,0,2023,2,0.4318181818181818,-0.8863636363636364,0.4,0.7,0.8409090909090909,11.090909090909092,0.7,6.1,0,0,0,0.5681818181818181,0.15909090909090906,0.522159090909091,0.22272727272727266,0.5697445972495089,0.06483300589390963,0.31728880157170924,181,164.46168958742632,18.55235743594365,169.09977894641224,0.18594107780836422,7,0.9351669941060904,0.6915520628683693,0.30844793713163066,0.8388998035363457,0.21168958742632613,0.44743198073189466,0.1475933202357564,0.7933504739273043,0.2817288801571709,0.5706777996070727,0.29541202807774347,0.12966601178781925,0.7328094302554028
401507330,2023-08-25 00:00:00+00:00,8,25,2023,3,Wings,81,8,Lynx,90,College Park Center,0,2023,2,0.5454545454545454,1.75,0.5,2.1,0.4772727272727273,-4.318181818181818,0.6,-1.6,0,0,0,0.4545454545454546,0.5227272727272727,0.45625000000000004,0.6079545454545454,0.4137254901960784,0.5196078431372549,0.4666666666666667,171,164.49411764705883,18.548586565066643,169.1312642883255,0.005062237951257154,9,0.5862745098039216,0.5607843137254902,0.4392156862745098,0.6607843137254902,0.23784313725490197,0.2996322568242984,0.16999999999999998,0.613099442522107,0.2966666666666667,0.5333333333333334,0.3800501229353739,0.24705882352941178,0.4823529411764706
401507331,2023-08-26 00:00:00+00:00,8,26,2023,20,Dream,78,6,Sparks,83,Gateway Center,0,2023,2,0.4090909090909091,-3.1818181818181817,0.3,-7.0,0.38636363636363635,-3.409090909090909,0.7,5.8,0,0,0,0.5909090909090908,0.6136363636363636,0.5795454545454545,0.5852272727272727,0.7847358121330724,0.4246575342465753,0.6046966731898239,161,164.5068493150685,18.532627615322934,169.14000621889923,0.09195342256962313,5,0.5753424657534247,0.8317025440313112,0.16829745596868884,0.41682974559686886,0.18365949119373776,0.31647173149612634,0.19070450097847358,0.5772376239997487,0.3104696673189824,0.498825831702544,0.371425507661308,0.23874755381604695,0.4324853228962818
401507332,2023-08-26 23:00:00+00:00,8,26,2023,16,Mystics,78,17,Aces,62,CareFirst Arena,0,2023,2,0.45454545454545453,-0.7272727272727273,0.3,-9.0,0.8409090909090909,10.409090909090908,0.7,5.5,0,0,0,0.5454545454545454,0.15909090909090906,0.5181818181818182,0.23977272727272736,0.75390625,0.072265625,0.4130859375,140,164.5,18.515133705302937,169.12878342632573,0.7099044647126109,16,0.927734375,0.26953125,0.73046875,0.076171875,0.29609375,0.39690963745117186,0.161962890625,0.4050604084134102,0.29130859375,0.5467285156249999,0.5536158649482046,0.6171875,0.177734375
401507333,2023-08-27 00:00:00+00:00,8,27,2023,8,Lynx,76,9,Liberty,111,Target Center,0,2023,2,0.5,-3.8863636363636362,0.6,-1.2,0.7045454545454546,4.886363636363637,0.9,12.3,0,0,0,0.5,0.2954545454545454,0.5971590909090909,0.37784090909090906,0.49317738791423,0.050682261208576995,0.27192982456140347,187,164.45224171539962,18.52864547053318,169.08440308303292,0.3734087287086376,35,0.949317738791423,0.01364522417153996,0.9863547758284601,0.8966861598440545,0.34727095516569206,0.3750965349262261,0.14078947368421052,0.583737983368213,0.2771929824561403,0.5820175438596491,0.4842505690491411,0.47173489278752434,0.43859649122807015
401507334,2023-08-27 17:00:00+00:00,8,27,2023,18,Sun,83,6,Sparks,68,Mohegan Sun Arena,0,2023,2,0.6363636363636364,4.159090909090909,0.5,0.3,0.38636363636363635,-3.4545454545454546,0.7,6.2,0,0,0,0.36363636363636365,0.6136363636363636,0.39602272727272725,0.5863636363636363,0.35992217898832685,0.42023346303501946,0.39007782101167315,151,164.49610894941634,18.537275666038724,169.130427865926,0.3801596267883829,15,0.6400778210116731,0.2918287937743191,0.7081712062256809,0.2198443579766537,0.29163424124513615,0.29754118154703324,0.15851167315175096,0.36381715919492147,0.2890077821011673,0.5524805447470817,0.480437135212448,0.4669260700389105,0.11867704280155641
401507335,2023-08-27 20:00:00+00:00,8,27,2023,5,Fever,83,20,Dream,80,Gainbridge Fieldhouse,0,2023,2,0.25,-6.0,0.4,-3.7,0.4090909090909091,-3.0681818181818183,0.3,-6.4,0,0,0,0.75,0.5909090909090908,0.65,0.5767045454545455,0.8,0.7766990291262136,0.7883495145631068,163,164.46990291262136,18.528781035034452,169.10209817137996,0.05278519619813016,3,0.22330097087378642,0.9300970873786408,0.06990291262135917,0.47572815533980584,0.16398058252427186,0.17694391554340658,0.21825242718446602,0.5147328165223336,0.3288349514563107,0.4529126213592233,0.39156046325619737,0.2737864077669903,0.34951456310679613
401507336,2023-08-27 22:00:00+00:00,8,27,2023,11,Mercury,74,3,Wings,77,Mortgage Matchup Center,0,2023,2,0.2727272727272727,-7.954545454545454,0.3,-5.2,0.5227272727272727,1.5,0.4,-1.6,0,0,0,0.7272727272727273,0.4772727272727273,0.6988636363636364,0.4625,0.8585271317829457,0.5251937984496124,0.6918604651162791,151,164.4670542635659,18.51089628848034,169.094778335686,0.37983706968228603,3,0.47480620155038755,0.9302325581395349,0.06976744186046513,0.2189922480620155,0.16395348837209303,0.2820846854155399,0.20377906976744187,0.46156383723375854,0.3191860465116279,0.4770348837209302,0.42971321519357186,0.3372093023255814,0.2558139534883721
401507337,2023-08-27 22:00:00+00:00,8,27,2023,14,Storm,85,19,Sky,90,Climate Pledge Arena,0,2023,2,0.3409090909090909,-3.5681818181818183,0.5,-0.4,0.4318181818181818,-0.8863636363636364,0.4,0.9,0,0,0,0.6590909090909092,0.5681818181818181,0.5892045454545455,0.522159090909091,0.6266924564796905,0.5725338491295938,0.5996131528046422,175,164.44100580270793,18.50243283170694,169.06661401063468,0.050118727830569365,5,0.4274661508704062,0.8297872340425532,0.17021276595744683,0.7408123791102514,0.18404255319148938,0.25599283921149024,0.18994197292069634,0.7059202649646176,0.3099613152804642,0.5000967117988394,0.3621435889270464,0.22437137330754353,0.620889748549323
401507338,2023-08-28 23:00:00+00:00,8,28,2023,9,Liberty,94,17,Aces,85,Barclays Center,0,2023,2,0.7272727272727273,6.0,0.9,15.0,0.8409090909090909,10.113636363636363,0.6,1.8,0,0,0,0.2727272727272727,0.15909090909090906,0.35,0.24715909090909094,0.04633204633204633,0.14092664092664092,0.09362934362934362,179,164.46138996138995,18.49035128170231,169.08397778181552,0.1339378459773215,9,0.9536679536679536,0.5598455598455598,0.44015444015444016,0.803088803088803,0.23803088803088804,0.4395296730817967,0.11404440154440154,0.7320186688380365,0.25936293436293434,0.6265926640926641,0.18810206852191796,0.023166023166023165,0.6583011583011583
401507339,2023-08-29 23:00:00+00:00,8,29,2023,20,Dream,94,11,Mercury,76,Gateway Center,0,2023,2,0.4090909090909091,-2.977272727272727,0.2,-7.4,0.2727272727272727,-7.568181818181818,0.3,-3.6,0,0,0,0.5909090909090908,0.7272727272727273,0.5744318181818182,0.6892045454545455,0.8188824662813102,0.8574181117533719,0.8381502890173411,170,164.4894026974952,18.48351512823854,169.11028147955483,0.0011578560920815217,18,0.18111753371868977,0.2119460500963391,0.788053949903661,0.6358381502890174,0.3076107899807322,0.13194083404798765,0.22572254335260117,0.4400325049595182,0.3338150289017341,0.4404624277456648,0.6324993174014659,0.720616570327553,0.22157996146435452
401507340,2023-08-29 23:00:00+00:00,8,29,2023,16,Mystics,83,8,Lynx,72,CareFirst Arena,0,2023,2,0.4772727272727273,-0.25,0.4,-4.6,0.5,-4.5227272727272725,0.5,-5.2,0,0,0,0.5227272727272727,0.5,0.50625,0.6130681818181818,0.6134615384615385,0.625,0.6192307692307693,155,164.5,18.46728086177675,169.1168202154442,0.25335953048134285,11,0.3865384615384615,0.4442307692307692,0.5557692307692308,0.29615384615384616,0.2611538461538462,0.21668084319526623,0.19288461538461538,0.35184356864474275,0.3119230769230769,0.49519230769230776,0.5288647177210981,0.5653846153846154,0.10384615384615385
401507341,2023-08-30 02:30:00+00:00,8,30,2023,6,Sparks,75,19,Sky,76,crypto.com Arena,0,2023,2,0.38636363636363635,-3.3863636363636362,0.6,3.4,0.4318181818181818,-1.6363636363636365,0.4,-0.5,0,0,0,0.6136363636363636,0.5681818181818181,0.584659090909091,0.5409090909090909,0.4836852207293666,0.5969289827255279,0.5403071017274472,151,164.48176583493282,18.454209274654758,169.0953181535965,0.38167523464430664,1,0.5163147792706334,1.0,0.0,0.21689059500959693,0.15,0.30443378119001924,0.1810460652591171,0.5002091798954469,0.30403071017274474,0.5149232245681382,0.3473174745177642,0.20153550863723607,0.32629558541266795
401507342,2023-08-31 23:00:00+00:00,8,31,2023,18,Sun,84,11,Mercury,74,Mohegan Sun Arena,0,2023,2,0.6590909090909091,4.681818181818182,0.6,2.2,0.2727272727272727,-7.431818181818182,0.3,-5.3,0,0,0,0.34090909090909094,0.7272727272727273,0.38295454545454555,0.6857954545454545,0.27586206896551724,0.8639846743295019,0.5699233716475096,158,164.455938697318,18.445931082310697,169.06742146789568,0.16472606148519153,10,0.7241379310344828,0.5057471264367817,0.49425287356321834,0.3563218390804598,0.24885057471264366,0.34708283789139915,0.18548850574712644,0.49971603774014695,0.30699233716475094,0.5075191570881226,0.4715336649914289,0.4367816091954023,0.32375478927203066
401507343,2023-09-01 02:00:00+00:00,9,1,2023,17,Aces,84,16,Mystics,75,Michelob ULTRA Arena,0,2023,2,0.8181818181818182,9.795454545454545,0.6,4.7,0.4772727272727273,-0.06818181818181818,0.5,-2.8,0,0,0,0.18181818181818177,0.5227272727272727,0.2551136363636364,0.5017045454545455,0.12213740458015267,0.5305343511450382,0.32633587786259544,159,164.38358778625954,18.463953764912173,168.99957622748758,0.13640431835156108,9,0.8778625954198473,0.5629770992366412,0.4370229007633588,0.37595419847328243,0.23740458015267177,0.4109865392459647,0.14895038167938932,0.5719734454699565,0.2826335877862595,0.5684160305343511,0.3293293699842878,0.17748091603053434,0.4351145038167939
401507344,2023-09-01 02:00:00+00:00,9,1,2023,6,Sparks,61,14,Storm,72,crypto.com Arena,0,2023,2,0.38636363636363635,-3.1818181818181817,0.6,4.1,0.3181818181818182,-3.9318181818181817,0.4,-3.2,0,0,0,0.6136363636363636,0.6818181818181819,0.5795454545454545,0.5982954545454545,0.47992351816443596,0.751434034416826,0.615678776290631,133,164.44359464627152,18.430416204196117,169.05119869732056,0.8523789052231813,11,0.5200764818355641,0.4435946462715105,0.5564053537284894,0.030592734225621414,0.2612810707456979,0.2659670638213864,0.19235181644359464,0.2683304778132278,0.31156787762906313,0.4960803059273422,0.642740781575743,0.7418738049713193,0.036328871892925434
401507345,2023-09-01 23:00:00+00:00,9,1,2023,5,Fever,100,3,Wings,110,Gainbridge Fieldhouse,0,2023,2,0.2727272727272727,-5.636363636363637,0.5,-1.1,0.5227272727272727,1.4772727272727273,0.5,0.0,0,0,0,0.7272727272727273,0.4772727272727273,0.6409090909090909,0.4630681818181819,0.7142857142857143,0.46476190476190476,0.5895238095238096,210,164.37333333333333,18.4478234026447,168.9852891839945,0.9155411695496964,10,0.5352380952380953,0.5066666666666667,0.4933333333333333,0.9847619047619047,0.24866666666666665,0.2762044444444445,0.18842857142857145,0.7409282878306879,0.308952380952381,0.5026190476190476,0.6212365182904107,0.7104761904761905,0.6780952380952381
401507346,2023-09-02 00:00:00+00:00,9,2,2023,9,Liberty,89,18,Sun,58,Barclays Center,0,2023,2,0.75,6.409090909090909,0.9,15.2,0.6818181818181818,5.0,0.6,2.2,0,0,0,0.25,0.31818181818181823,0.3397727272727272,0.375,0.03802281368821293,0.2661596958174905,0.1520912547528517,147,164.46007604562737,18.53730661059364,169.0944026982758,0.508502834501762,31,0.9619771863117871,0.03231939163498099,0.967680608365019,0.1482889733840304,0.34353612167300385,0.3813980251268632,0.12281368821292776,0.3835896968503935,0.2652091254752852,0.611977186311787,0.4121652146020474,0.31368821292775667,0.14638783269961977
401507347,2023-09-02 00:00:00+00:00,9,2,2023,8,Lynx,91,20,Dream,85,Target Center,0,2023,2,0.4772727272727273,-4.931818181818182,0.4,-6.7,0.4318181818181818,-2.272727272727273,0.3,-3.5,0,0,0,0.5227272727272727,0.5681818181818181,0.6232954545454545,0.5568181818181819,0.7210626185958254,0.7172675521821632,0.7191650853889944,176,164.426944971537,18.53528837579206,169.06076706548504,0.06768079098896951,6,0.2827324478178368,0.7647058823529411,0.23529411764705888,0.7514231499051234,0.1970588235294118,0.19380287978569039,0.20787476280834916,0.6616377433524386,0.3219165085388994,0.47020872865275143,0.42797188969840216,0.33586337760910817,0.5616698292220114
401507348,2023-09-03 01:00:00+00:00,9,3,2023,17,Aces,103,14,Storm,77,Michelob ULTRA Arena,0,2023,2,0.8181818181818182,9.727272727272727,0.6,3.6,0.3181818181818182,-4.295454545454546,0.5,-1.0,0,0,0,0.18181818181818177,0.6818181818181819,0.25681818181818183,0.6073863636363637,0.13636363636363635,0.6590909090909091,0.3977272727272727,180,164.44886363636363,18.52454238120291,169.07999923166435,0.1594915063028226,26,0.8636363636363636,0.07386363636363637,0.9261363636363636,0.8238636363636364,0.3352272727272727,0.3535382231404959,0.15965909090909092,0.5720428719008264,0.2897727272727273,0.5505681818181818,0.5128093102263442,0.5151515151515151,0.4356060606060606
401507349,2023-09-03 19:00:00+00:00,9,3,2023,19,Sky,69,9,Liberty,86,Wintrust Arena,0,2023,2,0.4318181818181818,-2.022727272727273,0.4,-1.9,0.75,6.704545454545454,0.9,17.3,0,0,0,0.5681818181818181,0.25,0.5505681818181818,0.33238636363636365,0.6370510396975425,0.026465028355387523,0.33175803402646503,155,164.47826086956522,18.519338786547138,169.108095566202,0.2518652895179888,17,0.9735349716446124,0.24007561436672967,0.7599243856332704,0.29678638941398866,0.3019848771266541,0.40957257871434133,0.14976370510396975,0.4779270484875462,0.2831758034026465,0.5670604914933838,0.4410393512041879,0.3799621928166352,0.28544423440453687
401507350,2023-09-03 20:00:00+00:00,9,3,2023,3,Wings,84,5,Fever,97,College Park Center,0,2023,2,0.5227272727272727,1.5,0.5,-0.1,0.2727272727272727,-5.636363636363637,0.4,-2.2,0,0,0,0.4772727272727273,0.7272727272727273,0.4625,0.6409090909090909,0.46037735849056605,0.7754716981132076,0.6179245283018868,181,164.46037735849058,18.50640659132653,169.0869790063222,0.18713513060497844,13,0.539622641509434,0.35283018867924526,0.6471698113207547,0.839622641509434,0.27943396226415096,0.26647347810608757,0.19268867924528305,0.6260751748087348,0.3117924528301887,0.4955188679245282,0.5440347467529644,0.5981132075471698,0.5075471698113208
401507351,2023-09-03 23:00:00+00:00,9,3,2023,8,Lynx,86,11,Mercury,73,Target Center,0,2023,2,0.4772727272727273,-4.954545454545454,0.5,-5.1,0.2727272727272727,-7.363636363636363,0.2,-8.3,0,0,0,0.5227272727272727,0.7272727272727273,0.6238636363636363,0.6840909090909091,0.6421845574387948,0.9058380414312618,0.7740112994350283,159,164.4915254237288,18.502866267730585,169.11724199066146,0.13885417130722322,13,0.35781544256120523,0.3540489642184557,0.6459510357815443,0.3747645951035782,0.2791902071563089,0.20103941679877713,0.21610169491525424,0.3658678993423855,0.32740112994350284,0.45649717514124294,0.5948256924880908,0.67984934086629,0.12052730696798493
401507352,2023-09-03 23:30:00+00:00,9,3,2023,6,Sparks,72,16,Mystics,64,crypto.com Arena,0,2023,2,0.38636363636363635,-3.272727272727273,0.6,3.7,0.45454545454545453,-0.5,0.4,-3.9,0,0,0,0.6136363636363636,0.5454545454545454,0.5818181818181818,0.5125,0.4830827067669173,0.6296992481203008,0.556390977443609,136,164.4812030075188,18.486968588429946,169.10294515462627,0.7987367521278024,8,0.5169172932330828,0.6334586466165414,0.3665413533834586,0.05075187969924812,0.22330827067669173,0.27841186613149416,0.18345864661654135,0.31708295042966683,0.30563909774436093,0.5109022556390977,0.542825937475558,0.5939849624060151,0.06954887218045112
401507354,2023-09-05 23:00:00+00:00,9,5,2023,5,Fever,69,19,Sky,96,Gainbridge Fieldhouse,0,2023,2,0.29545454545454547,-4.863636363636363,0.5,0.7,0.4318181818181818,-2.2954545454545454,0.3,-4.4,0,0,0,0.7045454545454546,0.5681818181818181,0.6215909090909091,0.5573863636363636,0.6622889305816135,0.7279549718574109,0.6951219512195121,165,164.42776735459663,18.510740077085345,169.05545237386795,0.023713740399512795,27,0.33771106941838647,0.06566604127579738,0.9343339587242027,0.5290806754221389,0.3368667917448406,0.17828703328886367,0.20426829268292684,0.3819937899055853,0.3195121951219512,0.4762195121951219,0.6344056959193646,0.7298311444652908,0.14821763602251406
401507353,2023-09-05 23:00:00+00:00,9,5,2023,18,Sun,90,6,Sparks,76,Mohegan Sun Arena,0,2023,2,0.6590909090909091,3.75,0.5,-2.5,0.4090909090909091,-2.4318181818181817,0.7,4.7,0,0,0,0.34090909090909094,0.5909090909090908,0.40625,0.5607954545454545,0.38202247191011235,0.4044943820224719,0.3932584269662921,166,164.42883895131087,18.49338383189383,169.05218490928434,0.013527104768332854,14,0.6179775280898876,0.31273408239700373,0.6872659176029963,0.5599250936329588,0.28745318352059923,0.2914236417960695,0.15898876404494383,0.5045751460150888,0.2893258426966292,0.5516853932584269,0.4179493783684719,0.31647940074906367,0.3389513108614232
401507355,2023-09-06 00:00:00+00:00,9,6,2023,3,Wings,93,9,Liberty,94,College Park Center,0,2023,2,0.5227272727272727,1.6136363636363635,0.5,0.1,0.75,6.863636363636363,0.9,15.2,0,0,0,0.4772727272727273,0.25,0.45965909090909096,0.3284090909090909,0.4542056074766355,0.028037383177570093,0.2411214953271028,187,164.43177570093457,18.47618468188262,169.05082187140522,0.37617365163199346,1,0.9719626168224299,1.0,0.0,0.897196261682243,0.15,0.49808411214953274,0.13616822429906542,0.9596161236789238,0.2741121495327103,0.5897196261682243,0.1934169762562461,0.028037383177570093,0.8018691588785046
401507356,2023-09-06 02:00:00+00:00,9,6,2023,11,Mercury,77,16,Mystics,100,Mortgage Matchup Center,0,2023,2,0.25,-7.9772727272727275,0.2,-9.0,0.45454545454545453,-0.45454545454545453,0.4,-3.9,0,0,0,0.75,0.5454545454545454,0.6994318181818182,0.5113636363636364,0.9197761194029851,0.628731343283582,0.7742537313432836,177,164.47388059701493,18.484630358550817,169.09503818665263,0.08738619572436768,23,0.37126865671641796,0.11194029850746269,0.8880597014925373,0.7705223880597015,0.3276119402985075,0.19205711182891516,0.21613805970149252,0.5132367244412543,0.32742537313432835,0.4564365671641791,0.6630584771636989,0.7667910447761194,0.35447761194029853
401507357,2023-09-06 23:00:00+00:00,9,6,2023,20,Dream,79,14,Storm,68,Gateway Center,0,2023,2,0.4090909090909091,-2.6363636363636362,0.3,-2.1,0.3181818181818182,-4.681818181818182,0.4,-4.2,0,0,0,0.5909090909090908,0.6818181818181819,0.5659090909090909,0.6170454545454546,0.7206703910614525,0.7728119180633147,0.7467411545623837,147,164.49720670391062,18.4752883467721,169.11602879060365,0.5115295642095326,11,0.2793296089385475,0.44878957169459965,0.5512104283054003,0.14711359404096835,0.2602420856610801,0.17729393589463502,0.21201117318435755,0.23500708695878503,0.32467411545623837,0.46331471135940405,0.6333899037531152,0.7262569832402235,0.01675977653631285
401507358,2023-09-07 23:00:00+00:00,9,7,2023,9,Liberty,96,6,Sparks,89,Barclays Center,0,2023,2,0.75,6.795454545454546,0.9,13.7,0.4090909090909091,-2.6818181818181817,0.6,2.5,0,0,0,0.25,0.5909090909090908,0.33011363636363633,0.5670454545454545,0.04460966542750929,0.483271375464684,0.26394052044609667,185,164.46468401486987,18.473486411051304,169.0830556176327,0.31008444381389444,7,0.9553903345724907,0.6951672862453532,0.3048327137546468,0.8773234200743495,0.21096654275092935,0.45582081507994643,0.1395910780669145,0.81076236973551,0.27639405204460965,0.5840148698884758,0.2816841594607863,0.10594795539033457,0.7527881040892194
401507359,2023-09-08 23:00:00+00:00,9,8,2023,18,Sun,76,5,Fever,59,Mohegan Sun Arena,0,2023,2,0.6590909090909091,3.8636363636363638,0.5,-2.3,0.29545454545454547,-4.909090909090909,0.5,-1.1,0,0,0,0.34090909090909094,0.7045454545454546,0.40340909090909094,0.6227272727272728,0.3784786641929499,0.6808905380333952,0.5296846011131725,135,164.50278293135435,18.477492881077396,169.1221561516237,0.8182507815925839,17,0.6215213358070502,0.24118738404452691,0.7588126159554731,0.04267161410018553,0.30176252319109464,0.28680849232929806,0.17945269016697588,0.2742827753522383,0.3029684601113173,0.5175788497217069,0.6508871403165468,0.7588126159554731,0.04081632653061224
401507360,2023-09-08 23:00:00+00:00,9,8,2023,16,Mystics,75,20,Dream,80,CareFirst Arena,0,2023,2,0.4772727272727273,0.13636363636363635,0.5,0.3,0.4090909090909091,-2.4318181818181817,0.3,-1.9,0,0,0,0.5227272727272727,0.5909090909090908,0.4965909090909091,0.5607954545454545,0.48703703703703705,0.7111111111111111,0.5990740740740741,155,164.44814814814814,18.503950746388316,169.07413583474522,0.25118060298137657,5,0.512962962962963,0.8333333333333334,0.16666666666666663,0.2962962962962963,0.18333333333333332,0.2911265432098766,0.18986111111111112,0.4923642546867855,0.3099074074074074,0.5002314814814814,0.3990163745307251,0.2833333333333333,0.31296296296296294
401507361,2023-09-09 00:00:00+00:00,9,9,2023,19,Sky,92,8,Lynx,87,Wintrust Arena,0,2023,2,0.4318181818181818,-1.8636363636363635,0.4,-0.8,0.5,-4.386363636363637,0.6,-2.8,0,0,0,0.5681818181818181,0.5,0.5465909090909091,0.6096590909090909,0.6118299445471349,0.5138632162661737,0.5628465804066543,179,164.43068391866913,18.491271747169947,169.0535018554616,0.13469173337252882,5,0.4861367837338263,0.833641404805915,0.16635859519408502,0.800369685767098,0.183271719038817,0.2801936579415815,0.18442698706099814,0.7521022062963949,0.3062846580406654,0.5092883548983365,0.36244508500452377,0.2255083179297597,0.6931608133086876
401507362,2023-09-09 00:00:00+00:00,9,9,2023,3,Wings,106,14,Storm,91,College Park Center,0,2023,2,0.5227272727272727,1.8636363636363635,0.5,0.8,0.29545454545454547,-5.0,0.4,-4.1,0,0,0,0.4772727272727273,0.7045454545454546,0.4534090909090909,0.625,0.44095940959409596,0.7859778597785978,0.6134686346863469,197,164.45756457564576,18.484770370426396,169.07875716825237,0.6804382953929717,15,0.559040590405904,0.2915129151291513,0.7084870848708487,0.955719557195572,0.29169741697416973,0.26881520540297654,0.19202029520295205,0.6614604822979372,0.3113468634686347,0.49663284132841323,0.6559118651414699,0.7656826568265682,0.566420664206642
401507363,2023-09-09 02:00:00+00:00,9,9,2023,11,Mercury,73,17,Aces,94,Mortgage Matchup Center,0,2023,2,0.25,-8.295454545454545,0.1,-13.2,0.8181818181818182,10.204545454545455,0.6,3.8,0,0,0,0.75,0.18181818181818177,0.7073863636363636,0.24488636363636362,0.9465930018416207,0.1289134438305709,0.5377532228360957,167,164.51749539594843,18.52043768828289,169.14760481801915,0.006700653250311772,21,0.8710865561694291,0.141804788213628,0.858195211786372,0.578268876611418,0.3216390423572744,0.3632916509806715,0.18066298342541437,0.5138867153819291,0.3037753222836096,0.5155616942909761,0.5391540497255667,0.5874769797421732,0.35911602209944754
401507367,2023-09-10 17:00:00+00:00,9,10,2023,9,Liberty,88,16,Mystics,90,Barclays Center,0,2023,2,0.75,6.795454545454546,0.9,13.3,0.45454545454545453,-0.25,0.5,2.2,0,0,0,0.25,0.5454545454545454,0.33011363636363633,0.50625,0.04753199268738574,0.4826325411334552,0.26508226691042047,178,164.57586837294332,18.496490185945003,169.19999091942958,0.10700727726601034,2,0.9524680073126143,0.9707495429616088,0.029250457038391242,0.7861060329067642,0.15585009140767825,0.4864278815142593,0.13976234003656307,0.9018493132560126,0.276508226691042,0.5837294332723949,0.17777990091140844,0.018281535648994516,0.7989031078610603
401507365,2023-09-10 17:00:00+00:00,9,10,2023,18,Sun,91,19,Sky,102,Mohegan Sun Arena,0,2023,2,0.6818181818181818,4.318181818181818,0.6,0.0,0.4318181818181818,-1.8409090909090908,0.5,1.3,0,0,0,0.31818181818181823,0.5681818181818181,0.3920454545454545,0.5460227272727273,0.2857142857142857,0.5164835164835165,0.4010989010989011,193,164.52380952380952,18.473297886915,169.14213399553827,0.5656733096173261,11,0.7142857142857143,0.4523809523809524,0.5476190476190477,0.9340659340659341,0.25952380952380955,0.33850340136054424,0.16016483516483518,0.7139757294859337,0.29010989010989013,0.5497252747252748,0.46996487771744966,0.43040293040293043,0.6428571428571429
401507366,2023-09-10 17:00:00+00:00,9,10,2023,5,Fever,87,8,Lynx,72,Gainbridge Fieldhouse,0,2023,2,0.29545454545454547,-5.068181818181818,0.5,-2.1,0.4772727272727273,-4.7272727272727275,0.5,-4.2,0,0,0,0.7045454545454546,0.5227272727272727,0.6267045454545455,0.6181818181818182,0.7113970588235294,0.6194852941176471,0.6654411764705883,159,164.52205882352942,18.50368214285143,169.14797935924227,0.13962580982264328,15,0.3805147058823529,0.29411764705882354,0.7058823529411764,0.37316176470588236,0.29117647058823526,0.205741241349481,0.19981617647058825,0.35904013328000967,0.3165441176470588,0.48363970588235294,0.5731761769000068,0.6470588235294118,0.11764705882352941
401507364,2023-09-10 17:00:00+00:00,9,10,2023,20,Dream,77,3,Wings,94,Gateway Center,0,2023,2,0.4318181818181818,-2.090909090909091,0.4,-1.3,0.5227272727272727,1.5681818181818181,0.6,4.3,0,0,0,0.5681818181818181,0.4772727272727273,0.5522727272727272,0.46079545454545456,0.6201834862385321,0.3522935779816514,0.48623853211009177,171,164.51192660550458,18.488180468976033,169.13397172274858,0.005080571029943637,17,0.6477064220183486,0.24220183486238533,0.7577981651376147,0.6587155963302752,0.301559633027523,0.29603619223971045,0.17293577981651376,0.5320925258044414,0.29862385321100915,0.5284403669724771,0.48412328888701905,0.47339449541284406,0.3908256880733945
401507368,2023-09-10 19:00:00+00:00,9,10,2023,17,Aces,100,11,Mercury,85,T-Mobile Arena,0,2023,2,0.8181818181818182,10.613636363636363,0.6,3.8,0.22727272727272727,-9.045454545454545,0.0,-15.9,0,0,0,0.18181818181818177,0.7727272727272727,0.23465909090909087,0.7261363636363636,0.12408759124087591,0.9671532846715328,0.5456204379562044,185,164.60036496350364,18.488470636709625,169.22248262268104,0.30519267005315176,15,0.8759124087591241,0.2956204379562044,0.7043795620437956,0.8740875912408759,0.2908759124087591,0.38147770259470404,0.18184306569343067,0.6539460660399409,0.30456204379562046,0.5135948905109489,0.5502523188662041,0.6131386861313869,0.5565693430656934
401507369,2023-09-10 19:00:00+00:00,9,10,2023,14,Storm,89,6,Sparks,91,Climate Pledge Arena,0,2023,2,0.2727272727272727,-5.636363636363637,0.3,-5.7,0.4090909090909091,-2.7954545454545454,0.5,1.1,0,0,0,0.7272727272727273,0.5909090909090908,0.6409090909090909,0.5698863636363637,0.8561020036429873,0.5428051001821493,0.6994535519125683,180,164.63752276867032,18.492100652788384,169.26054793186742,0.15518739972469753,2,0.45719489981785066,0.970856102003643,0.02914389799635697,0.8178506375227687,0.15582877959927138,0.2773925103101848,0.20491803278688525,0.8040926639442618,0.31994535519125683,0.4751366120218579,0.3734611423833916,0.24225865209471767,0.7504553734061931
401578549,2023-09-14 00:00:00+00:00,9,14,2023,18,Sun,90,8,Lynx,60,Mohegan Sun Arena,1,2023,3,0.6818181818181818,4.386363636363637,0.6,-0.1,0.45454545454545453,-5.2727272727272725,0.5,-3.9,0,0,0,0.31818181818181823,0.5454545454545454,0.3903409090909091,0.6318181818181818,0.28909090909090907,0.6418181818181818,0.46545454545454545,150,164.66545454545454,18.486860574732198,169.28716968913758,0.41971025578384014,30,0.7109090909090909,0.034545454545454546,0.9654545454545455,0.19454545454545455,0.3430909090909091,0.29919223140495865,0.1698181818181818,0.3238343669421488,0.29654545454545456,0.5336363636363636,0.6059590606268292,0.6963636363636364,0.08
401578550,2023-09-14 02:00:00+00:00,9,14,2023,17,Aces,87,19,Sky,59,T-Mobile Arena,1,2023,3,0.8181818181818182,10.636363636363637,0.7,7.2,0.45454545454545453,-1.0454545454545454,0.6,3.1,0,0,0,0.18181818181818177,0.5454545454545454,0.23409090909090913,0.5261363636363636,0.07985480943738657,0.4283121597096189,0.2540834845735027,146,164.63883847549909,18.480610421668942,169.25899108091633,0.5470569841361868,28,0.9201451905626135,0.056261343012704176,0.9437386569872959,0.13793103448275862,0.3387477313974592,0.37034927421187674,0.13811252268602542,0.3726579943607449,0.2754083484573503,0.5864791288566243,0.48448358571781014,0.47731397459165154,0.13793103448275862
401578551,2023-09-15 23:30:00+00:00,9,15,2023,9,Liberty,90,16,Mystics,75,Barclays Center,1,2023,3,0.75,7.613636363636363,0.8,11.2,0.45454545454545453,-0.4772727272727273,0.5,1.7,0,0,0,0.25,0.5454545454545454,0.30965909090909094,0.5119318181818182,0.07065217391304347,0.4891304347826087,0.2798913043478261,165,164.60507246376812,18.480867911454258,169.2252894416317,0.025797357351317163,15,0.9293478260869565,0.29891304347826086,0.7010869565217391,0.5217391304347826,0.2902173913043478,0.40079572306238187,0.14198369565217392,0.5507265201210241,0.2779891304347826,0.5800271739130434,0.3609019198011514,0.21920289855072464,0.4166666666666667
401578552,2023-09-16 01:30:00+00:00,9,16,2023,3,Wings,94,20,Dream,82,College Park Center,1,2023,3,0.5454545454545454,2.522727272727273,0.6,5.0,0.4318181818181818,-2.3181818181818183,0.4,-1.9,0,0,0,0.4545454545454546,0.5681818181818181,0.43693181818181814,0.5579545454545455,0.3128390596745027,0.6401446654611211,0.47649186256781195,176,164.60578661844485,18.46412804400469,169.22181862944603,0.06516123116921346,12,0.6871609403254972,0.40687160940325495,0.593128390596745,0.7414104882459313,0.268625678119349,0.3244233655647806,0.17147377938517178,0.6183054376617272,0.2976491862567812,0.5308770343580471,0.4406762122806335,0.37613019891500904,0.5063291139240507
401578553,2023-09-17 17:00:00+00:00,9,17,2023,18,Sun,75,8,Lynx,82,Mohegan Sun Arena,1,2023,3,0.6818181818181818,4.409090909090909,0.7,4.9,0.45454545454545453,-5.340909090909091,0.4,-7.7,1,0,1,0.31818181818181823,0.5454545454545454,0.38977272727272727,0.6335227272727273,0.18231046931407943,0.7635379061371841,0.4729241877256318,157,164.6263537906137,18.45377663335443,169.23979794895232,0.19745083691510568,7,0.8176895306859205,0.6967509025270758,0.30324909747292417,0.33393501805054154,0.21064981949458483,0.4016567073727013,0.17093862815884475,0.5915652523582342,0.2972924187725632,0.5317689530685921,0.3753920330570798,0.24368231046931407,0.4693140794223827
401578554,2023-09-17 19:00:00+00:00,9,17,2023,17,Aces,92,19,Sky,70,Michelob ULTRA Arena,1,2023,3,0.8409090909090909,11.931818181818182,0.7,8.7,0.45454545454545453,-1.4772727272727273,0.6,1.4,1,0,1,0.15909090909090906,0.5454545454545454,0.20170454545454553,0.5369318181818181,0.06306306306306306,0.45765765765765765,0.26036036036036037,162,164.61261261261262,18.439955818785403,169.22260156730897,0.07383924127860764,22,0.9369369369369369,0.12612612612612611,0.8738738738738738,0.43783783783783786,0.3247747747747748,0.3838442496550604,0.13905405405405405,0.49028388724736427,0.27603603603603605,0.58490990990991,0.4037756809101549,0.2972972972972973,0.3045045045045045
401578555,2023-09-19 23:00:00+00:00,9,19,2023,9,Liberty,90,16,Mystics,85,Barclays Center,1,2023,3,0.7727272727272727,8.363636363636363,0.9,14.0,0.45454545454545453,-0.75,0.4,-0.2,1,0,1,0.2272727272727273,0.5454545454545454,0.2909090909090909,0.51875,0.03237410071942446,0.564748201438849,0.2985611510791367,175,164.60791366906474,18.423668931584764,169.21383090196093,0.04812102658833062,5,0.9676258992805755,0.8345323741007195,0.16546762589928055,0.7302158273381295,0.1830935251798561,0.47692057864499765,0.14478417266187052,0.8334347821675375,0.2798561151079137,0.5753597122302159,0.22505434795054768,0.05575539568345324,0.7751798561151079
401578556,2023-09-20 01:00:00+00:00,9,20,2023,3,Wings,101,20,Dream,74,College Park Center,1,2023,3,0.5454545454545454,2.5681818181818183,0.6,4.2,0.4318181818181818,-2.3636363636363638,0.4,-1.0,1,0,1,0.4545454545454546,0.5681818181818181,0.43579545454545454,0.5590909090909091,0.3231597845601436,0.6229802513464991,0.4730700179533214,175,164.6265709156194,18.412359331977854,169.22966074861387,0.04792186906051776,27,0.6768402154398564,0.06822262118491922,0.9317773788150808,0.7289048473967684,0.33635547576301617,0.290955103803719,0.17096050269299823,0.5291637576357342,0.29730700179533215,0.5317324955116696,0.5367633868588692,0.5870736086175943,0.38420107719928187
401578557,2023-09-21 00:00:00+00:00,9,21,2023,8,Lynx,75,18,Sun,90,Target Center,1,2023,3,0.4772727272727273,-5.0227272727272725,0.5,-5.6,0.6818181818181818,4.409090909090909,0.6,3.6,1,1,1,0.5227272727272727,0.31818181818181823,0.6255681818181819,0.38977272727272727,0.6541218637992832,0.25268817204301075,0.45340501792114696,165,164.6451612903226,18.401064578497994,169.2454274349471,0.02626397083624865,15,0.7473118279569892,0.3010752688172043,0.6989247311827957,0.5197132616487455,0.28978494623655915,0.33639756041160823,0.16801075268817206,0.5221186125480767,0.2953405017921147,0.5366487455197133,0.4541526444109507,0.4068100358422939,0.37455197132616486
401578561,2023-09-24 17:00:00+00:00,9,24,2023,9,Liberty,63,18,Sun,78,Barclays Center,1,2023,3,0.7954545454545454,8.613636363636363,0.9,12.3,0.6818181818181818,4.613636363636363,0.6,4.7,2,2,2,0.20454545454545459,0.31818181818181823,0.2846590909090909,0.3846590909090909,0.03398926654740608,0.22898032200357782,0.13148479427549195,141,164.6457960644007,18.3845749013248,169.2419397897319,0.6926960959307473,15,0.9660107334525939,0.3023255813953488,0.6976744186046512,0.08228980322003578,0.2895348837209302,0.41420497566252035,0.11972271914132379,0.4492977541406611,0.2631484794275492,0.6171288014311269,0.3476664760323744,0.19856887298747763,0.23971377459749552
401578562,2023-09-24 21:00:00+00:00,9,24,2023,17,Aces,97,3,Wings,83,Michelob ULTRA Arena,1,2023,3,0.8409090909090909,12.272727272727273,0.8,11.5,0.5681818181818182,3.522727272727273,0.6,5.6,2,2,2,0.15909090909090906,0.43181818181818177,0.19318181818181812,0.4119318181818181,0.03214285714285714,0.2982142857142857,0.16517857142857142,180,164.60357142857143,18.39528177320101,169.20239187187167,0.1582489936441871,14,0.9678571428571429,0.325,0.675,0.8196428571428571,0.28500000000000003,0.4175089285714286,0.12477678571428572,0.6753661192602041,0.26651785714285714,0.6087053571428571,0.3001904356546462,0.13214285714285715,0.5982142857142857
401578563,2023-09-27 00:00:00+00:00,9,27,2023,9,Liberty,84,18,Sun,77,Barclays Center,1,2023,3,0.7954545454545454,8.431818181818182,0.8,10.3,0.6818181818181818,4.568181818181818,0.7,6.7,2,3,3,0.20454545454545459,0.31818181818181823,0.28920454545454555,0.3857954545454545,0.0677361853832442,0.1622103386809269,0.11497326203208555,161,164.63101604278074,18.390342007270693,169.2286015445984,0.09525480887323268,7,0.9322638146167558,0.6987522281639929,0.30124777183600715,0.41532976827094475,0.21024955436720144,0.4471029260837377,0.11724598930481284,0.6807339322884184,0.26149732620320854,0.6212566844919787,0.16137163873745408,0.012477718360071301,0.6024955436720143
401578564,2023-09-27 02:00:00+00:00,9,27,2023,17,Aces,91,3,Wings,84,Michelob ULTRA Arena,1,2023,3,0.8409090909090909,12.431818181818182,0.8,11.7,0.5454545454545454,3.090909090909091,0.6,4.7,3,2,3,0.15909090909090906,0.4545454545454546,0.18920454545454546,0.42272727272727273,0.028469750889679714,0.3238434163701068,0.17615658362989325,175,164.62455516014234,18.37458239858158,169.21820075978772,0.04830090216833072,7,0.9715302491103203,0.699288256227758,0.30071174377224197,0.7277580071174378,0.2101423487544484,0.4626710654626968,0.126423487544484,0.7958127486333741,0.26761565836298934,0.6059608540925268,0.19332553366114813,0.030249110320284697,0.7491103202846975
401578565,2023-09-29 23:30:00+00:00,9,29,2023,18,Sun,81,9,Liberty,92,Mohegan Sun Arena,1,2023,3,0.6590909090909091,4.204545454545454,0.6,4.5,0.8181818181818182,8.954545454545455,0.8,7.5,3,3,3,0.34090909090909094,0.18181818181818177,0.39488636363636365,0.2761363636363636,0.25044404973357015,0.05328596802841918,0.15186500888099466,173,164.6429840142096,18.363434568677697,169.233842656379,0.020811351746365614,11,0.9467140319715808,0.458259325044405,0.5417406749555951,0.6873889875666075,0.258348134991119,0.42523130022178823,0.1227797513321492,0.6869520248314258,0.2651865008880995,0.6120337477797513,0.23916403711457657,0.06571936056838366,0.6092362344582594
401578566,2023-09-30 01:30:00+00:00,9,30,2023,3,Wings,61,17,Aces,64,College Park Center,1,2023,3,0.5454545454545454,3.090909090909091,0.6,4.9,0.8409090909090909,11.659090909090908,0.8,11.7,2,4,4,0.4545454545454546,0.15909090909090906,0.42272727272727273,0.20852272727272736,0.31560283687943264,0.026595744680851064,0.17109929078014185,125,164.6578014184397,18.35049307848083,169.2454246880599,0.9453482465294206,3,0.973404255319149,0.9290780141843972,0.07092198581560283,0.005319148936170213,0.16418439716312055,0.4903747925154671,0.1256648936170213,0.6572516804106777,0.2671099290780142,0.6072251773049646,0.24163685061316018,0.06914893617021277,0.5620567375886525
401578567,2023-10-01 19:00:00+00:00,10,1,2023,18,Sun,84,9,Liberty,87,Mohegan Sun Arena,1,2023,3,0.6363636363636364,3.8181818181818183,0.5,2.4,0.8181818181818182,8.818181818181818,0.8,7.7,3,4,4,0.36363636363636365,0.18181818181818177,0.40454545454545454,0.27954545454545454,0.3398230088495575,0.05309734513274336,0.19646017699115043,171,164.58761061946902,18.40997423125931,169.19010417728384,0.004820830473100113,3,0.9469026548672567,0.9292035398230089,0.07079646017699115,0.6513274336283186,0.16415929203539822,0.4793139635053646,0.12946902654867257,0.8730387505137235,0.26964601769911506,0.6008849557522125,0.13776409654082736,0.005309734513274336,0.7946902654867256
401578571,2023-10-08 19:00:00+00:00,10,8,2023,17,Aces,99,9,Liberty,82,Michelob ULTRA Arena,1,2023,3,0.8409090909090909,11.522727272727273,0.9,13.6,0.8181818181818182,8.522727272727273,0.8,4.9,5,5,5,0.15909090909090906,0.18181818181818177,0.21193181818181817,0.2869318181818181,0.02120141342756184,0.07243816254416961,0.046819787985865724,181,164.59893992932862,18.395649705237407,169.19785235563796,0.18601048946623355,17,0.9787985865724381,0.2420494699646643,0.7579505300353357,0.8392226148409894,0.30159010600706715,0.4116422979435378,0.10702296819787986,0.6854956213244567,0.25468197879858656,0.6382950530035336,0.24282857457350598,0.07420494699646643,0.6060070671378092
401578572,2023-10-12 01:00:00+00:00,10,12,2023,17,Aces,104,9,Liberty,76,Michelob ULTRA Arena,1,2023,3,0.8409090909090909,11.272727272727273,1.0,16.2,0.7954545454545454,7.954545454545454,0.7,1.5,6,5,6,0.15909090909090906,0.20454545454545459,0.21818181818181814,0.30113636363636365,0.007054673721340388,0.14462081128747795,0.07583774250440917,180,164.6278659611993,18.39229365610858,169.22593937522643,0.15766392192638368,28,0.9929453262786596,0.0564373897707231,0.9435626102292769,0.818342151675485,0.3387125220458554,0.3944399030759995,0.11137566137566138,0.6369567928636823,0.25758377425044093,0.6310405643738977,0.30846303379491113,0.15343915343915343,0.5343915343915344
401578573,2023-10-15 19:00:00+00:00,10,15,2023,9,Liberty,87,17,Aces,73,Barclays Center,1,2023,3,0.7727272727272727,7.295454545454546,0.6,-1.4,0.8409090909090909,11.431818181818182,1.0,18.1,5,7,7,0.2272727272727273,0.15909090909090906,0.3176136363636364,0.21420454545454548,0.22535211267605634,0.01056338028169014,0.11795774647887325,160,164.6549295774648,18.38738382548342,169.25177553383566,0.11890024617746575,14,0.9894366197183099,0.3257042253521127,0.6742957746478873,0.3855633802816901,0.2848591549295775,0.42530735469152947,0.117693661971831,0.602123662115023,0.26179577464788734,0.6205105633802817,0.26371561777039315,0.0880281690140845,0.4859154929577465
401578574,2023-10-19 00:00:00+00:00,10,19,2023,9,Liberty,69,17,Aces,70,Barclays Center,1,2023,3,0.7954545454545454,7.704545454545454,0.6,-0.7,0.8181818181818182,11.0,0.9,14.1,6,7,7,0.20454545454545459,0.18181818181818177,0.3073863636363636,0.22499999999999998,0.210896309314587,0.026362038664323375,0.11862917398945519,139,164.64674868189806,18.372227034469564,169.23980544051545,0.7419441222984119,1,0.9736379613356766,1.0,0.0,0.06502636203866433,0.15,0.49879613356766256,0.11779437609841828,0.737679337536022,0.2618629173989455,0.6203427065026362,0.16098758784882075,0.014059753954305799,0.6818980667838312
401649378,2024-05-04 00:00:00+00:00,5,4,2024,8,Lynx,92,19,Sky,81,Target Center,0,2024,1,0.45454545454545453,-5.431818181818182,0.4,-7.6,0.45454545454545453,-1.8636363636363635,0.6,-0.2,0,0,0,0.5454545454545454,0.5454545454545454,0.6357954545454545,0.5465909090909091,0.7578947368421053,0.48947368421052634,0.6236842105263158,173,164.6017543859649,18.387481330403777,169.19862471856587,0.021143399138301544,11,0.5105263157894737,0.45964912280701753,0.5403508771929825,0.6859649122807018,0.2580701754385965,0.26358033240997225,0.19355263157894737,0.5810370518864104,0.3123684210526316,0.4940789473684211,0.48103014909406555,0.4842105263157895,0.4456140350877193
401653060,2024-05-04 00:00:00+00:00,5,4,2024,3,Wings,79,5,Fever,76,College Park Center,0,2024,1,0.5227272727272727,2.8636363636363638,0.5,4.3,0.3181818181818182,-4.636363636363637,0.5,-2.4,0,0,0,0.4772727272727273,0.6818181818181819,0.42840909090909096,0.615909090909091,0.3957968476357268,0.691768826619965,0.5437828371278459,155,164.61646234676007,18.3747063589828,169.21013893650579,0.2584684926954416,3,0.6042031523642732,0.9281961471103327,0.07180385288966729,0.28896672504378285,0.16436077057793344,0.336011851270239,0.18156742556917688,0.5555678886473998,0.3043782837127846,0.5140542907180385,0.3483188929603766,0.2136602451838879,0.4168126094570928
401653631,2024-05-04 17:00:00+00:00,5,4,2024,20,Dream,87,16,Mystics,84,Gateway Center,0,2024,1,0.4318181818181818,-2.8863636363636362,0.3,-4.8,0.45454545454545453,-0.5681818181818182,0.4,0.6,0,0,0,0.5681818181818181,0.5454545454545454,0.5721590909090909,0.5142045454545454,0.7552447552447552,0.5594405594405595,0.6573426573426573,171,164.59965034965035,18.363012008794982,169.19040335184908,0.004843862134521593,3,0.4405594405594405,0.9283216783216783,0.07167832167832167,0.6486013986013986,0.16433566433566432,0.2676463396743117,0.19860139860139858,0.6892787942166885,0.3157342657342657,0.4856643356643357,0.34284118504086847,0.20804195804195805,0.6153846153846154
401647556,2024-05-05 01:30:00+00:00,5,5,2024,14,Storm,79,6,Sparks,84,Rogers Place,0,2024,1,0.25,-5.75,0.2,-6.9,0.4090909090909091,-2.8181818181818183,0.5,0.2,0,0,0,0.75,0.5909090909090908,0.64375,0.5704545454545455,0.9022687609075044,0.5671902268760908,0.7347294938917976,163,164.6108202443281,18.34890161317399,169.1980456476216,0.05545362475540083,5,0.4328097731239092,0.8307155322862129,0.16928446771378713,0.4694589877835951,0.18385689354275742,0.2582316670169251,0.21020942408376964,0.5560086567331686,0.32347294938917975,0.4663176265270506,0.4090331343113906,0.32111692844677137,0.418848167539267
401649379,2024-05-08 00:00:00+00:00,5,8,2024,19,Sky,101,9,Liberty,53,Wintrust Arena,0,2024,1,0.4318181818181818,-2.6818181818181817,0.5,-3.6,0.7727272727272727,7.159090909090909,0.6,-0.6,0,0,0,0.5681818181818181,0.2272727272727273,0.5670454545454545,0.3210227272727273,0.6132404181184669,0.23170731707317074,0.4224738675958188,154,164.60801393728224,18.333006651185336,169.19126560007857,0.29058402592380017,48,0.7682926829268293,0.0,1.0,0.27526132404181186,0.35,0.3146951219512195,0.16337108013937282,0.3611989037137758,0.2922473867595819,0.5443815331010453,0.5697073846829406,0.6585365853658537,0.11672473867595819
401649380,2024-05-08 02:00:00+00:00,5,8,2024,14,Storm,85,11,Mercury,59,Climate Pledge Arena,0,2024,1,0.25,-5.75,0.2,-6.6,0.22727272727272727,-9.045454545454545,0.0,-16.4,0,0,0,0.75,0.7727272727272727,0.64375,0.7261363636363636,0.9008695652173913,0.9686956521739131,0.9347826086956521,144,164.5895652173913,18.32237153294089,169.17015810062654,0.6107679374920103,26,0.09913043478260875,0.08,0.92,0.11652173913043479,0.334,0.0996104347826087,0.24021739130434783,0.10707509716446126,0.34347826086956523,0.41630434782608694,0.8518711449088794,0.8173913043478261,0.0
401653632,2024-05-08 15:30:00+00:00,5,8,2024,16,Mystics,77,8,Lynx,83,CareFirst Arena,0,2024,1,0.45454545454545453,-0.5681818181818182,0.4,0.7,0.4772727272727273,-5.0,0.4,-7.4,0,0,0,0.5454545454545454,0.5227272727272727,0.5142045454545454,0.625,0.5572916666666666,0.7378472222222222,0.6475694444444444,160,164.55381944444446,18.326523026914806,169.13545020117317,0.11683424613504789,6,0.44270833333333337,0.7638888888888888,0.23611111111111116,0.3871527777777778,0.19722222222222224,0.2579759837962963,0.19713541666666667,0.49529843679671426,0.31475694444444446,0.48810763888888886,0.4134333722198519,0.3298611111111111,0.3107638888888889
401649560,2024-05-09 23:00:00+00:00,5,9,2024,18,Sun,79,9,Liberty,82,Mohegan Sun Arena,0,2024,1,0.6136363636363636,3.590909090909091,0.5,5.2,0.75,5.863636363636363,0.5,-6.9,0,0,0,0.38636363636363635,0.25,0.4102272727272728,0.3534090909090909,0.3240901213171577,0.38128249566724437,0.35268630849220106,161,164.54592720970538,18.311589042991727,169.12382447045331,0.0937226985661791,3,0.6759098786828424,0.92894280762565,0.07105719237435004,0.41594454072790293,0.16421143847487,0.36603772876499197,0.15290294627383016,0.6464105433027177,0.2852686308492201,0.5618284228769497,0.23275005719459,0.06759098786828423,0.5493934142114385
401653633,2024-05-09 23:00:00+00:00,5,9,2024,5,Fever,83,20,Dream,80,Gainbridge Fieldhouse,0,2024,1,0.3181818181818182,-4.431818181818182,0.5,-1.6,0.45454545454545453,-2.5454545454545454,0.4,-3.3,0,0,0,0.6818181818181819,0.5454545454545454,0.6107954545454546,0.5636363636363637,0.6885813148788927,0.6557093425605537,0.6721453287197232,163,164.53979238754326,18.296308724851833,169.11386956875623,0.0543010516859459,3,0.3442906574394463,0.9290657439446367,0.0709342560553633,0.47231833910034604,0.16418685121107265,0.22746264412542952,0.2008217993079585,0.5551908495838997,0.3172145328719723,0.48196366782006916,0.35735583974099294,0.2301038062283737,0.41695501730103807
401653634,2024-05-11 02:00:00+00:00,5,11,2024,11,Mercury,85,6,Sparks,98,Mortgage Matchup Center,0,2024,1,0.22727272727272727,-9.272727272727273,0.0,-16.8,0.4318181818181818,-2.1136363636363638,0.5,0.1,0,0,0,0.7727272727272727,0.5681818181818181,0.7318181818181818,0.5528409090909091,0.9671848013816926,0.540587219343696,0.7538860103626943,183,164.53713298791018,18.280586618851775,169.10727964262313,0.25082161104059875,13,0.459412780656304,0.3644214162348877,0.6355785837651122,0.8652849740932642,0.27711571675302243,0.23833956765431433,0.21308290155440415,0.6334358064650925,0.32538860103626943,0.46152849740932644,0.6081957004536305,0.7132987910189983,0.5302245250431779
401653736,2024-05-11 17:00:00+00:00,5,11,2024,17,Aces,102,104959,Puerto Rico,50,Colonial Life Arena,0,2024,1,0.8181818181818182,10.931818181818182,0.9,12.1,,,,,0,0,0,0.18181818181818177,,0.22670454545454555,,0.027586206896551724,0.0,0.013793103448275862,152,164.56896551724137,18.280875242144273,169.13918432777743,0.35563982022756324,52,1.0,0.0,1.0,0.22758620689655173,0.35,0.39,0.10206896551724139,0.40917241379310343,0.2513793103448276,0.646551724137931,0.29659705370788825,0.1413793103448276,0.18620689655172415
401620178,2024-05-14 23:00:00+00:00,5,14,2024,16,Mystics,80,9,Liberty,85,CareFirst Arena,0,2024,2,0.4318181818181818,-0.9772727272727273,0.3,-1.5,0.7727272727272727,6.090909090909091,0.5,-7.1,0,0,0,0.5681818181818181,0.2272727272727273,0.5244318181818182,0.3477272727272728,0.685025817555938,0.37521514629948366,0.5301204819277109,165,164.5473321858864,18.27255094042692,169.11546992099312,0.025044623989461945,5,0.6247848537005163,0.8296041308089501,0.17039586919104988,0.5215146299483648,0.18407917383821,0.3364795696185282,0.17951807228915662,0.644190350072305,0.3030120481927711,0.5174698795180723,0.3304493458601575,0.19104991394148021,0.5507745266781411
401620219,2024-05-14 23:30:00+00:00,5,14,2024,18,Sun,92,5,Fever,71,Mohegan Sun Arena,0,2024,2,0.6136363636363636,3.8863636363636362,0.4,3.5,0.3409090909090909,-4.090909090909091,0.6,-0.9,0,0,0,0.38636363636363635,0.6590909090909092,0.4028409090909091,0.6022727272727273,0.39347079037800686,0.5790378006872853,0.4862542955326461,163,164.54810996563575,18.25682872364983,169.1123171465482,0.054502705788532335,21,0.6065292096219932,0.14776632302405499,0.852233676975945,0.47079037800687284,0.320446735395189,0.2740397786988817,0.1729381443298969,0.42576600292238864,0.2986254295532646,0.5284364261168384,0.5208787267819592,0.5549828178694158,0.20618556701030927
401620220,2024-05-15 02:00:00+00:00,5,15,2024,17,Aces,89,11,Mercury,80,Michelob ULTRA Arena,0,2024,2,0.8181818181818182,11.977272727272727,0.9,15.8,0.22727272727272727,-8.727272727272727,0.0,-17.1,0,0,0,0.18181818181818177,0.7727272727272727,0.2005681818181818,0.7181818181818181,0.017152658662092625,0.967409948542024,0.4922813036020583,169,164.54545454545453,18.241250101030904,169.10576707071226,1.6809628338609883e-05,9,0.9828473413379074,0.5694682675814752,0.4305317324185248,0.6157804459691252,0.23610634648370496,0.4517847885633251,0.17384219554030875,0.6815241318289933,0.29922813036020585,0.5269296740994853,0.3882277544473346,0.2830188679245283,0.6072041166380789
401620221,2024-05-15 02:00:00+00:00,5,15,2024,14,Storm,70,8,Lynx,83,Climate Pledge Arena,0,2024,2,0.2727272727272727,-4.886363636363637,0.2,-5.4,0.5,-4.613636363636363,0.5,-3.3,0,0,0,0.7272727272727273,0.5,0.6221590909090909,0.6153409090909091,0.875,0.583904109589041,0.7294520547945205,153,164.55308219178082,18.226531208199106,169.1097149938306,0.32335254391282386,13,0.41609589041095896,0.3664383561643836,0.6335616438356164,0.2482876712328767,0.27671232876712326,0.2228072809157441,0.20941780821917808,0.3210471071958295,0.32294520547945205,0.46763698630136985,0.6134402368361629,0.7191780821917808,0.07534246575342465
401620222,2024-05-16 00:00:00+00:00,5,16,2024,3,Wings,87,19,Sky,79,College Park Center,0,2024,2,0.5227272727272727,2.840909090909091,0.5,3.6,0.4318181818181818,-1.7727272727272727,0.6,1.9,0,0,0,0.4772727272727273,0.5681818181818181,0.4289772727272727,0.5443181818181818,0.40341880341880343,0.46495726495726497,0.4341880341880342,166,164.53333333333333,18.217182916813936,169.08762906253682,0.014260756454570811,8,0.5965811965811966,0.6324786324786325,0.36752136752136755,0.5555555555555556,0.2235042735042735,0.3092709474760757,0.16512820512820514,0.5885150345308137,0.29341880341880344,0.5414529914529914,0.34528494297028056,0.21196581196581196,0.4666666666666667
401620223,2024-05-16 02:00:00+00:00,5,16,2024,6,Sparks,81,20,Dream,92,LBS Financial Credit Union Pyramid,0,2024,2,0.45454545454545453,-1.2727272727272727,0.5,-1.5,0.45454545454545453,-2.227272727272727,0.4,-3.1,0,0,0,0.5454545454545454,0.5454545454545454,0.5318181818181819,0.5556818181818182,0.5494880546075085,0.6518771331058021,0.6006825938566553,173,164.5358361774744,18.20170685338425,169.08626289082048,0.022851724446293686,11,0.4505119453924915,0.4590443686006826,0.5409556313993173,0.6911262798634812,0.25819112627986346,0.24127776677654952,0.1901023890784983,0.5730055885886152,0.3100682593856655,0.4998293515358362,0.47231612981090004,0.45733788395904434,0.44197952218430037
401620224,2024-05-16 23:00:00+00:00,5,16,2024,5,Fever,66,9,Liberty,102,Gainbridge Fieldhouse,0,2024,2,0.3409090909090909,-4.0,0.5,-4.0,0.7727272727272727,5.795454545454546,0.6,-5.1,0,0,0,0.6590909090909092,0.2272727272727273,0.6,0.35511363636363635,0.7052810902896082,0.30153321976149916,0.5034071550255537,168,164.5502555366269,18.18952495789748,169.09763677610127,0.0018190694643428484,36,0.6984667802385008,0.015332197614991482,0.9846678023850085,0.596252129471891,0.34693356047700175,0.29337925060002495,0.17551107325383306,0.4612839679284695,0.30034071550255537,0.5241482112436116,0.5599150589685318,0.6507666098807495,0.2555366269165247
401620225,2024-05-17 23:30:00+00:00,5,17,2024,18,Sun,84,16,Mystics,77,Mohegan Sun Arena,0,2024,2,0.6136363636363636,4.295454545454546,0.4,3.9,0.4090909090909091,-1.4545454545454546,0.2,-3.1,0,0,0,0.38636363636363635,0.5909090909090908,0.39261363636363633,0.5363636363636364,0.38095238095238093,0.7840136054421769,0.5824829931972789,161,164.55612244897958,18.174581533003774,169.09976783223053,0.09453664634656844,7,0.6190476190476191,0.6955782312925171,0.30442176870748294,0.41156462585034015,0.21088435374149658,0.3231616456106252,0.18737244897959182,0.5471018468936004,0.3082482993197279,0.5043792517006802,0.40534339166147526,0.3197278911564626,0.40816326530612246
401620226,2024-05-18 01:30:00+00:00,5,18,2024,8,Lynx,102,14,Storm,93,Target Center,0,2024,2,0.5227272727272727,-4.181818181818182,0.6,-0.9,0.2727272727272727,-5.068181818181818,0.2,-4.4,0,0,0,0.4772727272727273,0.7272727272727273,0.6045454545454545,0.6267045454545455,0.49575551782682514,0.8709677419354839,0.6833616298811545,195,164.55008488964347,18.159711542095078,169.09001277516725,0.638631258564645,9,0.5042444821731749,0.5704584040747029,0.42954159592529706,0.9473684210526315,0.23590831918505942,0.2690536750441743,0.2025042444821732,0.7414227722120421,0.31833616298811546,0.47915959252971135,0.5935034441332768,0.6943972835314092,0.6994906621392191
401620227,2024-05-18 17:00:00+00:00,5,18,2024,9,Liberty,91,5,Fever,80,Barclays Center,0,2024,2,0.7727272727272727,5.931818181818182,0.6,-2.2,0.3181818181818182,-4.9772727272727275,0.4,-8.0,0,0,0,0.2272727272727273,0.6818181818181819,0.35170454545454555,0.6244318181818181,0.2593220338983051,0.8135593220338984,0.5364406779661017,171,164.60169491525423,18.187543933637784,169.14858089866368,0.0051678128031412696,11,0.7406779661016949,0.45932203389830506,0.5406779661016949,0.652542372881356,0.25813559322033897,0.348927750646366,0.18046610169491528,0.6078733682606303,0.3036440677966102,0.5158898305084745,0.4418505624597717,0.40508474576271186,0.49830508474576274
401620228,2024-05-18 19:00:00+00:00,5,18,2024,17,Aces,89,6,Sparks,82,Michelob ULTRA Arena,0,2024,2,0.8409090909090909,12.568181818181818,0.9,13.9,0.45454545454545453,-0.8863636363636364,0.4,-3.1,0,0,0,0.15909090909090906,0.5454545454545454,0.18579545454545454,0.522159090909091,0.02030456852791878,0.622673434856176,0.32148900169204736,171,164.61252115059222,18.174030053314787,169.15602866392092,0.005134032563781976,7,0.9796954314720813,0.6971235194585449,0.3028764805414551,0.6514382402707276,0.210575296108291,0.4656403583361249,0.14822335025380712,0.7418340052793297,0.28214890016920474,0.5696277495769881,0.2693463059264005,0.09644670050761421,0.700507614213198
401620229,2024-05-19 00:00:00+00:00,5,19,2024,3,Wings,74,19,Sky,83,College Park Center,0,2024,2,0.5454545454545454,3.159090909090909,0.6,5.7,0.4090909090909091,-2.2045454545454546,0.5,0.6,0,0,0,0.4545454545454546,0.5909090909090908,0.42102272727272727,0.5551136363636363,0.30743243243243246,0.5405405405405406,0.4239864864864865,157,164.6233108108108,18.160545467948346,169.1634471777979,0.20092309726498225,9,0.6925675675675675,0.5709459459459459,0.42905405405405406,0.3260135135135135,0.23581081081081082,0.34104524287801313,0.16359797297297296,0.4959839631136112,0.2923986486486487,0.5440033783783784,0.3889755180740596,0.28378378378378377,0.3125
401620230,2024-05-19 02:00:00+00:00,5,19,2024,11,Mercury,88,20,Dream,85,Mortgage Matchup Center,0,2024,2,0.20454545454545456,-9.068181818181818,0.0,-15.1,0.4772727272727273,-1.8181818181818181,0.5,-1.7,0,0,0,0.7954545454545454,0.5227272727272727,0.7267045454545454,0.5454545454545454,0.9645868465430016,0.5261382799325464,0.7453625632377741,173,164.61045531197303,18.1479009645942,169.14743055312158,0.022280984370315227,3,0.47386172006745364,0.9308600337268128,0.06913996627318719,0.6913996627318718,0.16382799325463743,0.2817321533688423,0.21180438448566613,0.7232245440953244,0.3245362563237774,0.4636593591905565,0.3727519644323987,0.2596964586846543,0.6677908937605397
401620231,2024-05-19 19:00:00+00:00,5,19,2024,16,Mystics,75,14,Storm,84,CareFirst Arena,0,2024,2,0.4090909090909091,-1.4772727272727273,0.2,-2.9,0.2727272727272727,-5.136363636363637,0.2,-4.9,0,0,0,0.5909090909090908,0.7272727272727273,0.5369318181818181,0.6284090909090909,0.7710437710437711,0.877104377104377,0.8240740740740741,159,164.62457912457913,18.135859828286794,169.15854408165083,0.1451899930407734,9,0.2289562289562289,0.5707070707070707,0.4292929292929293,0.36195286195286197,0.23585858585858585,0.1638916096996905,0.2236111111111111,0.36479752747463523,0.33240740740740743,0.4439814814814815,0.5410398735685434,0.6094276094276094,0.12121212121212122
401620232,2024-05-20 23:00:00+00:00,5,20,2024,5,Fever,84,18,Sun,88,Gainbridge Fieldhouse,0,2024,2,0.3181818181818182,-5.0227272727272725,0.3,-9.4,0.6136363636363636,4.340909090909091,0.5,5.7,0,0,0,0.6818181818181819,0.38636363636363635,0.6255681818181819,0.39147727272727273,0.8621848739495799,0.3126050420168067,0.5873949579831933,172,164.61512605042017,18.122054566922284,169.14563969215075,0.012327696840422675,4,0.6873949579831933,0.8705882352941177,0.12941176470588234,0.680672268907563,0.17588235294117646,0.3656589223924864,0.188109243697479,0.751299138894312,0.30873949579831933,0.5031512605042017,0.3378219902379048,0.20168067226890757,0.7109243697478992
401620233,2024-05-20 23:00:00+00:00,5,20,2024,9,Liberty,74,14,Storm,63,Barclays Center,0,2024,2,0.7727272727272727,6.159090909090909,0.6,-2.2,0.29545454545454547,-4.0,0.3,-3.5,0,0,0,0.2272727272727273,0.7045454545454546,0.3460227272727272,0.6,0.2550335570469799,0.8070469798657718,0.5310402684563759,137,164.6275167785235,18.109346151226113,169.15485331633002,0.7932753795710168,11,0.7449664429530201,0.4563758389261745,0.5436241610738255,0.053691275167785234,0.2587248322147651,0.35024007927570827,0.17965604026845639,0.37357760050109595,0.3031040268456376,0.5172399328859061,0.5819666186643331,0.6761744966442953,0.13590604026845637
401620234,2024-05-21 23:30:00+00:00,5,21,2024,20,Dream,83,3,Wings,78,Gateway Center,0,2024,2,0.45454545454545453,-2.022727272727273,0.4,-3.8,0.5227272727272727,2.840909090909091,0.6,4.9,0,0,0,0.5454545454545454,0.4772727272727273,0.5505681818181818,0.4289772727272727,0.6582914572864321,0.3333333333333333,0.49581239530988275,161,164.58123953098828,18.12944275023751,169.11360021854767,0.09529357208447209,5,0.6666666666666667,0.830820770519263,0.16917922948073705,0.4103852596314908,0.1838358458961474,0.3536711334450028,0.1743718592964824,0.6061948725574644,0.29958123953098825,0.5260469011725293,0.3281200147298024,0.17755443886097153,0.49581239530988275
401620235,2024-05-22 02:00:00+00:00,5,22,2024,17,Aces,88,11,Mercury,98,Michelob ULTRA Arena,0,2024,2,0.8409090909090909,12.431818181818182,0.9,12.4,0.22727272727272727,-8.568181818181818,0.1,-14.5,0,0,0,0.15909090909090906,0.7727272727272727,0.18920454545454546,0.7142045454545455,0.028428093645484948,0.9515050167224081,0.4899665551839465,186,164.5752508361204,18.11484458001452,169.10396198112403,0.3527231959571291,10,0.9715719063545151,0.5133779264214047,0.4866220735785953,0.8913043478260869,0.24732441471571906,0.4409067851590027,0.173494983277592,0.744526151271605,0.29899665551839466,0.5275083612040132,0.4651555320554864,0.44481605351170567,0.7040133779264214
401620236,2024-05-22 02:00:00+00:00,5,22,2024,6,Sparks,70,16,Mystics,68,LBS Financial Credit Union Pyramid,0,2024,2,0.4318181818181818,-1.4772727272727273,0.4,-2.3,0.4090909090909091,-1.5227272727272727,0.2,-3.0,0,0,0,0.5681818181818181,0.5909090909090908,0.5369318181818181,0.5380681818181818,0.6393989983305509,0.7779632721202003,0.7086811352253757,138,164.6110183639399,18.12084883976397,169.1412305738809,0.7716038047819321,2,0.3606010016694491,0.9716193656093489,0.028380634390651083,0.05843071786310518,0.1556761268781302,0.23666440450277457,0.20630217028380637,0.32159066482130094,0.3208681135225376,0.47282971619365605,0.5033754801836685,0.5258764607679466,0.07679465776293823
401620237,2024-05-23 02:00:00+00:00,5,23,2024,14,Storm,85,5,Fever,83,Climate Pledge Arena,0,2024,2,0.29545454545454547,-4.159090909090909,0.2,-5.7,0.3181818181818182,-4.7272727272727275,0.3,-8.8,0,0,0,0.7045454545454546,0.6818181818181819,0.6039772727272728,0.6181818181818182,0.865,0.8633333333333333,0.8641666666666666,168,164.56666666666666,18.138280447298847,169.10123677849137,0.0018413614225429864,2,0.13666666666666671,0.9716666666666667,0.02833333333333332,0.5933333333333334,0.15566666666666665,0.14212944444444447,0.229625,0.5760178620370371,0.3364166666666667,0.43395833333333333,0.38496695456109586,0.2783333333333333,0.44666666666666666
401620238,2024-05-23 23:00:00+00:00,5,23,2024,18,Sun,83,8,Lynx,82,Mohegan Sun Arena,0,2024,2,0.6136363636363636,4.295454545454546,0.5,3.1,0.5454545454545454,-3.772727272727273,0.6,-0.6,0,0,0,0.38636363636363635,0.4545454545454546,0.39261363636363633,0.5943181818181819,0.33610648918469216,0.45757071547420963,0.3968386023294509,165,164.57237936772046,18.12370002223167,169.10330437327838,0.025304059794972744,1,0.6638935108153079,1.0,0.0,0.5174708818635607,0.15,0.36715474209650584,0.15952579034941763,0.7165971301297615,0.2896838602329451,0.5507903494176373,0.22261152257728703,0.05823627287853577,0.6589018302828619
401620239,2024-05-23 23:00:00+00:00,5,23,2024,9,Liberty,81,19,Sky,90,Barclays Center,0,2024,2,0.7727272727272727,6.2272727272727275,0.6,-1.4,0.4090909090909091,-2.1363636363636362,0.5,1.4,0,0,0,0.2272727272727273,0.5909090909090908,0.34431818181818186,0.553409090909091,0.23588039867109634,0.5232558139534884,0.3795681063122924,171,164.5730897009967,18.10862417852872,169.10024574562888,0.005487816064795981,9,0.7641196013289037,0.5681063122923588,0.43189368770764125,0.6511627906976745,0.23637873754152824,0.36811111356386794,0.15693521594684384,0.6472893662369278,0.28795681063122924,0.555107973421927,0.335929242713873,0.19933554817275748,0.5614617940199336
401620240,2024-05-24 02:00:00+00:00,5,24,2024,11,Mercury,83,16,Mystics,80,Mortgage Matchup Center,0,2024,2,0.25,-7.818181818181818,0.2,-11.7,0.38636363636363635,-1.6136363636363635,0.1,-5.5,0,0,0,0.75,0.6136363636363636,0.6954545454545454,0.540340909090909,0.9353233830845771,0.8507462686567164,0.8930348258706468,163,164.5837479270315,18.095470364810335,169.1076155182341,0.055368598403993,3,0.14925373134328357,0.9270315091210614,0.07296849087893864,0.4660033167495854,0.16459369817578773,0.14588438404989976,0.233955223880597,0.4811251449656661,0.33930348258706466,0.42674129353233836,0.41880707267137374,0.34991708126036486,0.28689883913764513
401620241,2024-05-25 02:00:00+00:00,5,25,2024,6,Sparks,73,5,Fever,78,crypto.com Arena,0,2024,2,0.4318181818181818,-1.9545454545454546,0.5,-2.0,0.29545454545454547,-4.840909090909091,0.2,-10.3,0,0,0,0.5681818181818181,0.7045454545454546,0.5488636363636363,0.6210227272727272,0.5695364238410596,0.9039735099337748,0.7367549668874172,151,164.58112582781456,18.080574443208743,169.10126943861675,0.39416357396766366,5,0.4304635761589404,0.8261589403973509,0.17384105960264906,0.20860927152317882,0.1847682119205298,0.2569869742555151,0.21051324503311258,0.40830311555406973,0.32367549668874174,0.4658112582781456,0.4824335025100681,0.49834437086092714,0.18543046357615894
401620242,2024-05-25 17:00:00+00:00,5,25,2024,8,Lynx,84,9,Liberty,67,Target Center,0,2024,2,0.5454545454545454,-3.3181818181818183,0.5,-2.0,0.7727272727272727,6.409090909090909,0.6,-0.6,0,0,0,0.4545454545454546,0.2272727272727273,0.5829545454545455,0.3397727272727272,0.5371900826446281,0.22644628099173553,0.38181818181818183,151,164.5586776859504,18.074036798557497,169.07718688558978,0.39357505127865167,17,0.7735537190082644,0.23801652892561984,0.7619834710743801,0.20826446280991737,0.302396694214876,0.3395771463697835,0.1572727272727273,0.389309186869659,0.2881818181818182,0.5545454545454546,0.4932239410098874,0.5206611570247934,0.16033057851239668
401620243,2024-05-26 00:00:00+00:00,5,26,2024,19,Sky,82,18,Sun,86,Wintrust Arena,0,2024,2,0.4318181818181818,-1.8863636363636365,0.6,4.0,0.6363636363636364,4.454545454545454,0.6,3.9,0,0,0,0.5681818181818181,0.36363636363636365,0.5471590909090909,0.38863636363636367,0.4570957095709571,0.26732673267326734,0.36221122112211224,168,164.53630363036302,18.06749061319998,169.05317628366302,0.0016974914821268339,4,0.7326732673267327,0.8663366336633663,0.13366336633663367,0.594059405940594,0.17673267326732672,0.3839197137535536,0.15433168316831683,0.7230895995442109,0.28622112211221123,0.5594471947194719,0.2411573069684474,0.07095709570957096,0.66996699669967
401620244,2024-05-26 01:00:00+00:00,5,26,2024,17,Aces,99,5,Fever,80,Michelob ULTRA Arena,0,2024,2,0.8181818181818182,11.454545454545455,0.8,10.0,0.3181818181818182,-4.659090909090909,0.3,-7.1,0,0,0,0.18181818181818177,0.6818181818181819,0.21363636363636362,0.6164772727272727,0.05930807248764415,0.841845140032949,0.45057660626029655,179,164.54200988467875,18.053124700872388,169.05529105989683,0.14077313794684665,19,0.9406919275123559,0.1812191103789127,0.8187808896210873,0.8039538714991763,0.3137561779242175,0.39139639407353527,0.16758649093904449,0.6031201413639435,0.29505766062602967,0.5373558484349258,0.5072992246058187,0.5354200988467874,0.4925864909390445
401620245,2024-05-26 01:00:00+00:00,5,26,2024,14,Storm,101,16,Mystics,69,Climate Pledge Arena,0,2024,2,0.3181818181818182,-3.9318181818181817,0.3,-2.9,0.36363636363636365,-1.7045454545454546,0.1,-5.3,0,0,0,0.6818181818181819,0.6363636363636364,0.5982954545454545,0.5426136363636364,0.7993421052631579,0.8618421052631579,0.8305921052631579,170,164.56578947368422,18.047775167664238,169.07773326560027,0.0013048249586221639,32,0.20065789473684215,0.02631578947368421,0.9736842105263158,0.6299342105263158,0.3447368421052632,0.13126817867036011,0.22458881578947368,0.4027109582870134,0.3330592105263158,0.44235197368421053,0.6920016006417848,0.8075657894736842,0.17927631578947367
401620246,2024-05-26 02:00:00+00:00,5,26,2024,11,Mercury,92,3,Wings,107,Mortgage Matchup Center,0,2024,2,0.2727272727272727,-7.613636363636363,0.3,-10.4,0.5227272727272727,2.75,0.5,2.9,0,0,0,0.7272727272727273,0.4772727272727273,0.6903409090909091,0.43125,0.90311986863711,0.39408866995073893,0.6486042692939245,199,164.57471264367817,18.034271585044564,169.08328053993932,0.7473989499214748,15,0.6059113300492611,0.2955665024630542,0.7044334975369457,0.9671592775041051,0.29088669950738916,0.2857412215778107,0.19729064039408867,0.6701753144220852,0.3148604269293924,0.48784893267651896,0.6856739497421995,0.8045977011494253,0.5993431855500821
401620247,2024-05-26 22:00:00+00:00,5,26,2024,20,Dream,79,8,Lynx,92,Gateway Center,0,2024,2,0.4772727272727273,-1.8409090909090908,0.5,-2.7,0.5681818181818182,-2.8181818181818183,0.6,0.2,0,0,0,0.5227272727272727,0.43181818181818177,0.5460227272727273,0.5704545454545455,0.5557377049180328,0.4245901639344262,0.4901639344262295,171,164.63114754098362,18.073286685609567,169.149469212386,0.005228180742299693,13,0.5754098360655737,0.36065573770491804,0.639344262295082,0.6508196721311476,0.2778688524590164,0.27997379736629935,0.17352459016393443,0.5486273289394267,0.299016393442623,0.5274590163934426,0.4506230201243192,0.42295081967213116,0.4098360655737705
401620248,2024-05-27 01:00:00+00:00,5,27,2024,6,Sparks,83,3,Wings,84,crypto.com Arena,0,2024,2,0.4318181818181818,-1.8636363636363635,0.5,-1.4,0.5454545454545454,3.227272727272727,0.5,2.7,0,0,0,0.5681818181818181,0.4545454545454546,0.5465909090909091,0.4193181818181818,0.5597381342062193,0.37970540098199673,0.469721767594108,167,164.6415711947627,18.0603044512423,169.15664730757325,0.007104455949597632,1,0.6202945990180033,1.0,0.0,0.5695581014729951,0.15,0.3486252045826514,0.17045826513911622,0.7272314710396682,0.2969721767594108,0.532569558101473,0.2513705274341626,0.08019639934533551,0.6808510638297872
401620249,2024-05-28 23:00:00+00:00,5,28,2024,18,Sun,70,11,Mercury,47,Mohegan Sun Arena,0,2024,2,0.6363636363636364,4.159090909090909,0.6,2.8,0.25,-8.159090909090908,0.3,-10.6,0,0,0,0.36363636363636365,0.75,0.39602272727272725,0.7039772727272727,0.28594771241830064,0.9101307189542484,0.5980392156862745,117,164.6454248366013,18.04577092009993,169.1568675666263,0.9846522293543146,23,0.7140522875816994,0.11437908496732026,0.8856209150326797,0.0,0.32712418300653595,0.3075218398906404,0.18970588235294117,0.2687578378532697,0.30980392156862746,0.5004901960784314,0.7604759168021861,0.8202614379084967,0.03594771241830065
401620250,2024-05-28 23:00:00+00:00,5,28,2024,5,Fever,82,6,Sparks,88,Gainbridge Fieldhouse,0,2024,2,0.3181818181818182,-5.0,0.3,-7.3,0.4318181818181818,-1.25,0.4,-2.3,0,0,0,0.6818181818181819,0.5681818181818181,0.625,0.53125,0.8466557911908646,0.634584013050571,0.7406199021207178,170,164.56769983686786,18.133421661079662,169.10105525213777,0.0012280319947167717,6,0.365415986949429,0.7569331158238173,0.24306688417618272,0.6280587275693311,0.19861337683523655,0.2265584042323875,0.21109298531810766,0.6050919417029128,0.32406199021207177,0.4648450244698206,0.4233014437047531,0.3523654159869494,0.49592169657422513
401620251,2024-05-29 00:00:00+00:00,5,29,2024,19,Sky,68,14,Storm,77,Wintrust Arena,0,2024,2,0.4090909090909091,-2.1136363636363638,0.5,0.9,0.3409090909090909,-3.0454545454545454,0.4,1.4,0,0,0,0.5909090909090908,0.6590909090909092,0.5528409090909091,0.5761363636363637,0.5472312703583062,0.6514657980456026,0.5993485342019544,145,164.57654723127035,18.119951162931745,169.1065350220033,0.5872709155427138,9,0.4527687296416938,0.5684039087947883,0.4315960912052117,0.1237785016286645,0.23631921824104235,0.24925346688028518,0.18990228013029317,0.3123496393208606,0.30993485342019544,0.5001628664495114,0.5450626380489454,0.6221498371335505,0.06026058631921824
401620253,2024-05-29 23:00:00+00:00,5,29,2024,16,Mystics,67,20,Dream,73,CareFirst Arena,0,2024,2,0.36363636363636365,-2.3863636363636362,0.0,-8.7,0.45454545454545453,-2.5454545454545454,0.4,-5.1,0,0,0,0.6363636363636364,0.5454545454545454,0.5596590909090909,0.5636363636363637,0.9123376623376623,0.676948051948052,0.7946428571428572,140,164.53571428571428,18.109029068337968,169.06297155279876,0.7241321866015681,6,0.32305194805194803,0.7564935064935064,0.24350649350649356,0.0762987012987013,0.1987012987012987,0.20956042334289085,0.21919642857142857,0.26787080321959195,0.3294642857142857,0.4513392857142858,0.5976074216074067,0.7077922077922078,0.03409090909090909
401620252,2024-05-29 23:00:00+00:00,5,29,2024,9,Liberty,81,11,Mercury,78,Barclays Center,0,2024,2,0.75,5.681818181818182,0.6,0.5,0.25,-8.545454545454545,0.3,-10.6,0,0,0,0.25,0.75,0.3579545454545455,0.7136363636363636,0.22439024390243903,0.9154471544715447,0.5699186991869919,159,164.54471544715446,18.12239065010254,169.07531310968008,0.1431954225125852,3,0.775609756097561,0.926829268292683,0.07317073170731703,0.359349593495935,0.1646341463414634,0.4074955383700179,0.18548780487804878,0.6591256656171559,0.3069918699186992,0.507520325203252,0.3382691478913893,0.2048780487804878,0.5788617886178862
401620254,2024-05-30 00:00:00+00:00,5,30,2024,8,Lynx,66,17,Aces,80,Target Center,0,2024,2,0.5909090909090909,-2.409090909090909,0.7,3.0,0.8181818181818182,11.181818181818182,0.8,11.2,0,0,0,0.40909090909090906,0.18181818181818177,0.5602272727272728,0.22045454545454546,0.33063209076175043,0.03241491085899514,0.18152350081037277,146,164.49594813614263,18.121265395379357,169.02626448498748,0.553943329623559,14,0.9675850891410048,0.31766612641815234,0.6823338735818476,0.13776337115072934,0.2864667747163695,0.4165553772239282,0.1272285251215559,0.4504191823770457,0.26815235008103727,0.6046191247974069,0.36319940475992807,0.24635332252836303,0.24149108589951376
401620255,2024-05-30 23:00:00+00:00,5,30,2024,5,Fever,88,14,Storm,103,Gainbridge Fieldhouse,0,2024,2,0.3181818181818182,-5.0227272727272725,0.2,-9.4,0.3409090909090909,-2.909090909090909,0.5,3.8,0,0,0,0.6818181818181819,0.6590909090909092,0.6255681818181819,0.5727272727272728,0.8932038834951457,0.5420711974110033,0.7176375404530745,191,164.46601941747574,18.121854174338562,168.99648296106037,0.5215187500227028,15,0.4579288025889967,0.29449838187702265,0.7055016181229774,0.9336569579288025,0.2911003236245955,0.23320275761669856,0.2076456310679612,0.6461187954624159,0.32176375404530744,0.4705906148867314,0.6730094305221404,0.7944983818770227,0.558252427184466
401620256,2024-05-31 00:00:00+00:00,5,31,2024,19,Sky,83,6,Sparks,73,Wintrust Arena,0,2024,2,0.4090909090909091,-1.9090909090909092,0.4,-0.5,0.4318181818181818,-1.25,0.5,-0.3,0,0,0,0.5909090909090908,0.5681818181818181,0.5477272727272727,0.53125,0.6268174474959612,0.518578352180937,0.5726978998384491,156,164.50888529886913,18.138566839964454,169.04352700886025,0.22783399453530817,10,0.48142164781906305,0.5105008077544426,0.4894991922455574,0.308562197092084,0.24789983844911148,0.256248665704495,0.18590468497576737,0.40316052653815315,0.3072697899838449,0.5068255250403877,0.4830216347545606,0.4991922455573506,0.1825525040387722
401620257,2024-05-31 23:30:00+00:00,5,31,2024,20,Dream,78,17,Aces,74,Gateway Center,0,2024,2,0.4772727272727273,-2.2954545454545454,0.4,-5.0,0.8181818181818182,11.045454545454545,0.8,12.3,0,0,0,0.5227272727272727,0.18181818181818177,0.5573863636363636,0.22386363636363638,0.6693548387096774,0.02903225806451613,0.34919354838709676,152,164.49516129032259,18.12713072468915,169.02694397149486,0.3567031424840771,4,0.9709677419354839,0.8661290322580645,0.13387096774193552,0.22580645161290322,0.1767741935483871,0.4819854318418314,0.1523790322580645,0.666157893323487,0.28491935483870967,0.5627016129032258,0.28898828230862017,0.12741935483870967,0.5935483870967742
401620258,2024-05-31 23:30:00+00:00,5,31,2024,18,Sun,74,3,Wings,72,Mohegan Sun Arena,0,2024,2,0.6363636363636364,4.409090909090909,0.6,3.6,0.5454545454545454,3.1363636363636362,0.5,1.6,0,0,0,0.36363636363636365,0.4545454545454546,0.38977272727272727,0.4215909090909091,0.27375201288244766,0.392914653784219,0.33333333333333337,146,164.47504025764894,18.1194452277458,169.0049015645854,0.5533472735301129,2,0.7262479871175523,0.9694041867954911,0.03059581320450888,0.13687600644122383,0.15611916264090178,0.3908214634854697,0.15000000000000002,0.5542581483873718,0.2833333333333333,0.5666666666666667,0.28055979365968337,0.1143317230273752,0.4138486312399356
401620259,2024-05-31 23:30:00+00:00,5,31,2024,9,Liberty,90,16,Mystics,79,Barclays Center,0,2024,2,0.75,5.659090909090909,0.6,-0.6,0.3409090909090909,-2.6818181818181817,0.0,-7.8,0,0,0,0.25,0.6590909090909092,0.35852272727272727,0.5670454545454545,0.24758842443729903,0.909967845659164,0.5787781350482315,169,164.44533762057878,18.11999907039042,168.9753373881764,9.262571979418155e-07,11,0.752411575562701,0.4517684887459807,0.5482315112540193,0.6157556270096463,0.2596463022508039,0.3525607158734918,0.18681672025723473,0.5934224158717398,0.30787781350482313,0.5053054662379421,0.46124824739853737,0.44212218649517687,0.4790996784565916
401620260,2024-06-01 01:30:00+00:00,6,1,2024,8,Lynx,95,11,Mercury,71,Target Center,0,2024,2,0.5681818181818182,-2.772727272727273,0.7,4.6,0.25,-8.5,0.3,-8.8,0,0,0,0.43181818181818177,0.75,0.5693181818181818,0.7125,0.3290529695024077,0.9004815409309791,0.6147672552166934,166,164.45264847512038,18.106346843827023,168.97923518607715,0.013445647920441561,24,0.6709470304975923,0.09630818619582665,0.9036918138041734,0.550561797752809,0.3307383627608347,0.29144571778970396,0.192215088282504,0.4579875426526106,0.31147672552166933,0.4963081861958267,0.5891774448156891,0.6966292134831461,0.24879614767255218
401620261,2024-06-01 16:00:00+00:00,6,1,2024,5,Fever,71,19,Sky,70,Gainbridge Fieldhouse,0,2024,2,0.29545454545454547,-5.409090909090909,0.2,-10.6,0.4318181818181818,-1.6590909090909092,0.4,-0.6,0,0,0,0.7045454545454546,0.5681818181818181,0.6352272727272728,0.5414772727272728,0.9118589743589743,0.594551282051282,0.7532051282051282,141,164.4551282051282,18.091915471862038,168.97810707309372,0.6975206323117561,1,0.40544871794871795,1.0,0.0,0.08333333333333333,0.15000000000000002,0.25731570512820523,0.21298076923076922,0.3675233707264958,0.32532051282051283,0.4616987179487179,0.49631232286879773,0.5256410256410257,0.12980769230769232
401620262,2024-06-02 19:00:00+00:00,6,2,2024,20,Dream,50,18,Sun,69,Gateway Center,0,2024,2,0.5,-1.6818181818181819,0.5,-2.9,0.6590909090909091,4.545454545454546,0.7,4.5,0,0,0,0.5,0.34090909090909094,0.5420454545454546,0.38636363636363635,0.544,0.1984,0.37120000000000003,119,164.4176,18.101742655873974,168.9430356639685,0.977765061999079,19,0.8016,0.1824,0.8176,0.0016,0.31352,0.343789184,0.15568,0.3145730844672,0.28712,0.5571999999999999,0.5938004168520166,0.704,0.064
401620265,2024-06-02 22:00:00+00:00,6,2,2024,11,Mercury,87,6,Sparks,68,Mortgage Matchup Center,0,2024,2,0.25,-8.75,0.3,-9.7,0.4090909090909091,-1.6363636363636365,0.5,-0.6,0,0,0,0.75,0.5909090909090908,0.71875,0.5409090909090909,0.9121405750798722,0.549520766773163,0.7308306709265175,155,164.34504792332268,18.178117378807404,168.88957726802454,0.2531648947818884,19,0.45047923322683703,0.18370607028753994,0.8162939297124601,0.28913738019169327,0.313258785942492,0.22335544917269745,0.20962460063897764,0.3161304756146863,0.3230830670926518,0.4672923322683705,0.6583119051355877,0.7907348242811502,0.0670926517571885
401620264,2024-06-02 23:00:00+00:00,6,2,2024,8,Lynx,87,3,Wings,76,Target Center,0,2024,2,0.5909090909090909,-2.1818181818181817,0.7,6.3,0.5227272727272727,2.7954545454545454,0.4,-1.3,0,0,0,0.40909090909090906,0.4772727272727273,0.5545454545454545,0.4301136363636363,0.2929936305732484,0.49044585987261147,0.39171974522292996,163,164.34235668789808,18.155512575011663,168.881234831651,0.05111480001019064,11,0.7070063694267517,0.4554140127388535,0.5445859872611465,0.4681528662420382,0.2589171974522293,0.33608341109172785,0.15875796178343948,0.5257148285495232,0.289171974522293,0.5520700636942675,0.38185063139558917,0.27388535031847133,0.37898089171974525
401620263,2024-06-02 23:00:00+00:00,6,2,2024,9,Liberty,104,5,Fever,68,Barclays Center,0,2024,2,0.75,5.818181818181818,0.7,0.6,0.3181818181818182,-5.318181818181818,0.2,-10.8,0,0,0,0.25,0.6818181818181819,0.3545454545454545,0.6329545454545454,0.1850079744816587,0.9027113237639554,0.543859649122807,172,164.33014354066987,18.16742601115351,168.87200004345823,0.014713026825257103,36,0.8149920255183413,0.01594896331738437,0.9840510366826156,0.6889952153110048,0.3468102073365231,0.3314912153517039,0.18157894736842106,0.5095832751214773,0.3043859649122807,0.5140350877192983,0.5817658426909305,0.6778309409888357,0.3492822966507177
401620266,2024-06-04 23:00:00+00:00,6,4,2024,18,Sun,76,16,Mystics,59,Mohegan Sun Arena,0,2024,2,0.6590909090909091,4.7727272727272725,0.8,7.5,0.3181818181818182,-3.0681818181818183,0.0,-8.4,0,0,0,0.34090909090909094,0.6818181818181819,0.3806818181818181,0.5767045454545455,0.1383147853736089,0.9205087440381559,0.5294117647058824,135,164.3402225755167,18.14113074731412,168.87550526234523,0.8250864634067874,17,0.8616852146263911,0.24165341812400637,0.7583465818759936,0.04133545310015898,0.3016693163751987,0.3707036808621958,0.17941176470588235,0.36306841182549954,0.30294117647058827,0.5176470588235293,0.6518130670272844,0.7853736089030207,0.12241653418124006
401620267,2024-06-05 00:00:00+00:00,6,5,2024,19,Sky,75,9,Liberty,88,Wintrust Arena,0,2024,2,0.4090909090909091,-1.7727272727272727,0.4,2.1,0.75,6.454545454545454,0.8,9.0,0,0,0,0.5909090909090908,0.25,0.5443181818181818,0.3386363636363636,0.5904761904761905,0.07936507936507936,0.33492063492063495,163,164.29365079365078,18.16435627256799,168.83473986179277,0.050282668972635225,13,0.9206349206349207,0.3634920634920635,0.6365079365079365,0.46825396825396826,0.27730158730158727,0.40494053917863443,0.15023809523809525,0.5512775822145437,0.2834920634920635,0.5662698412698413,0.37765477553414906,0.26666666666666666,0.41904761904761906
401620268,2024-06-05 02:00:00+00:00,6,5,2024,14,Storm,80,11,Mercury,62,Climate Pledge Arena,0,2024,2,0.36363636363636365,-2.409090909090909,0.6,5.5,0.25,-8.386363636363637,0.4,-5.2,0,0,0,0.6363636363636364,0.75,0.5602272727272728,0.709659090909091,0.4786053882725832,0.8431061806656102,0.6608557844690967,142,164.2916006339144,18.150007454778294,168.829102497609,0.6646290995257074,18,0.5213946117274169,0.21077654516640254,0.7892234548335975,0.09667194928684628,0.3078446909667195,0.24965855520756677,0.19912836767036451,0.25590775460225934,0.31608557844690965,0.4847860538827258,0.702182327878071,0.8145800316957211,0.028526148969889066
401620269,2024-06-06 00:00:00+00:00,6,6,2024,3,Wings,81,17,Aces,95,College Park Center,0,2024,2,0.5227272727272727,2.75,0.4,-1.0,0.7954545454545454,10.659090909090908,0.7,10.2,0,0,0,0.4772727272727273,0.20454545454545459,0.43125,0.23352272727272738,0.5079113924050633,0.061708860759493674,0.2848101265822785,176,164.25632911392404,18.157284065443058,168.7956501302848,0.07569674019795114,14,0.9382911392405063,0.3227848101265823,0.6772151898734178,0.7579113924050633,0.28544303797468357,0.4066869291780164,0.14272151898734178,0.6324392417803155,0.27848101265822783,0.5787974683544304,0.36424250583445283,0.24525316455696203,0.5443037974683544
401620270,2024-06-06 02:00:00+00:00,6,6,2024,6,Sparks,62,8,Lynx,86,crypto.com Arena,0,2024,2,0.4090909090909091,-2.0,0.4,-2.7,0.5909090909090909,-2.0454545454545454,0.8,8.9,0,0,0,0.5909090909090908,0.40909090909090906,0.55,0.5511363636363636,0.6729857819905213,0.20695102685624012,0.4399684044233807,148,164.27488151658767,18.14891680940244,168.81211071893827,0.4818589076884815,24,0.7930489731437599,0.09794628751974724,0.9020537124802528,0.1627172195892575,0.33041074249605057,0.33246746229619484,0.16599526066350712,0.34945137488432887,0.2939968404423381,0.5400078988941548,0.5827736500157414,0.6808846761453397,0.10426540284360189
401620271,2024-06-06 23:00:00+00:00,6,6,2024,16,Mystics,71,19,Sky,79,Capital One Arena,0,2024,2,0.3181818181818182,-2.977272727272727,0.0,-9.8,0.38636363636363635,-2.1818181818181817,0.4,3.0,0,0,0,0.6818181818181819,0.6136363636363636,0.5744318181818182,0.5545454545454545,0.9258675078864353,0.5725552050473186,0.749211356466877,150,164.24921135646687,18.146090697224814,168.78573403077309,0.4148405578520965,8,0.4274447949526814,0.6324921135646687,0.3675078864353313,0.19558359621451105,0.22350157728706627,0.2436049468100986,0.21238170347003155,0.35383801597412623,0.3249211356466877,0.46269716088328083,0.5541735917035038,0.6451104100946372,0.11198738170347003
401620272,2024-06-06 23:30:00+00:00,6,6,2024,20,Dream,61,9,Liberty,78,Gateway Center,0,2024,2,0.5,-1.8409090909090908,0.5,-3.6,0.7727272727272727,6.9772727272727275,0.8,10.0,0,0,0,0.5,0.2272727272727273,0.5460227272727273,0.3255681818181818,0.5543307086614173,0.06456692913385827,0.3094488188976378,139,164.2267716535433,18.14058945068001,168.7619190162133,0.7396755397777046,17,0.9354330708661417,0.2440944881889764,0.7559055118110236,0.06614173228346457,0.30118110236220474,0.39673104346208693,0.14641732283464567,0.3985552384490596,0.2809448818897638,0.5726377952755906,0.4978711864402713,0.5228346456692914,0.18425196850393702
401620273,2024-06-07 23:30:00+00:00,6,7,2024,16,Mystics,83,5,Fever,85,Capital One Arena,0,2024,2,0.29545454545454547,-3.590909090909091,0.0,-10.0,0.29545454545454547,-6.613636363636363,0.2,-12.3,0,0,0,0.7045454545454546,0.7045454545454546,0.5897727272727272,0.665340909090909,0.9386792452830188,0.9229559748427673,0.9308176100628931,168,164.18710691823898,18.15388005539631,168.72557693208805,0.0007984074582071399,2,0.07704402515723274,0.9685534591194969,0.03144654088050314,0.5974842767295597,0.15628930817610062,0.11687250306554331,0.23962264150943396,0.5595128140207216,0.3430817610062893,0.4172955974842767,0.3994061418670572,0.3081761006289308,0.4386792452830189
401620276,2024-06-08 02:00:00+00:00,6,8,2024,11,Mercury,81,8,Lynx,80,Mortgage Matchup Center,0,2024,2,0.25,-8.477272727272727,0.4,-5.7,0.5909090909090909,-1.6136363636363635,0.8,10.2,0,0,0,0.75,0.40909090909090906,0.7119318181818182,0.540340909090909,0.8513302034428795,0.18466353677621283,0.5179968701095461,161,164.14241001564946,18.136544132060948,168.6765460486647,0.08568141130794216,1,0.8153364632237872,1.0,0.0,0.4162754303599374,0.15,0.4315179968701095,0.17769953051643192,0.7280222423044614,0.3017996870109546,0.5205007824726134,0.2848433227737901,0.12050078247261346,0.6948356807511737
401620275,2024-06-08 02:00:00+00:00,6,8,2024,6,Sparks,81,3,Wings,72,crypto.com Arena,0,2024,2,0.38636363636363635,-2.8863636363636362,0.3,-5.6,0.5227272727272727,2.840909090909091,0.4,-1.7,0,0,0,0.6136363636363636,0.4772727272727273,0.5721590909090909,0.4289772727272727,0.7821316614420063,0.49216300940438873,0.6371473354231976,153,164.15987460815046,18.145396239647912,168.69622366806243,0.3121154320610403,9,0.5078369905956113,0.5736677115987461,0.4263322884012539,0.2554858934169279,0.23526645768025078,0.27065334460156637,0.19557210031347966,0.40097261542419804,0.31371473354231977,0.49071316614420063,0.5074443771105719,0.5360501567398119,0.1865203761755486
401620274,2024-06-08 02:00:00+00:00,6,8,2024,17,Aces,65,14,Storm,78,Michelob ULTRA Arena,0,2024,2,0.7954545454545454,10.795454545454545,0.7,8.8,0.38636363636363635,-1.8636363636363635,0.7,7.8,0,0,0,0.20454545454545459,0.6136363636363636,0.23011363636363635,0.5465909090909091,0.08948194662480377,0.3626373626373626,0.22605965463108318,143,164.19309262166405,18.140231600714788,168.72815052184274,0.634239489411313,13,0.9105180533751962,0.3673469387755102,0.6326530612244898,0.10832025117739404,0.27653061224489794,0.40171290808317045,0.13390894819466248,0.434206864506854,0.27260596546310834,0.5934850863422292,0.3915583751361046,0.2967032967032967,0.22919937205651492
401620277,2024-06-08 17:00:00+00:00,6,8,2024,18,Sun,75,9,Liberty,82,Mohegan Sun Arena,0,2024,2,0.6590909090909091,5.0227272727272725,0.9,9.5,0.7727272727272727,7.159090909090909,0.8,11.2,0,0,0,0.34090909090909094,0.2272727272727273,0.37443181818181814,0.3210227272727273,0.0984375,0.053125,0.07578125,157,164.1375,18.12277291913576,168.66819322978392,0.18719653250156,7,0.946875,0.6921875,0.30781250000000004,0.334375,0.21156250000000001,0.45211962890625,0.1113671875,0.6257310859680176,0.257578125,0.6310546875,0.14795543097312297,0.009375,0.53125
401620278,2024-06-08 21:00:00+00:00,6,8,2024,19,Sky,80,20,Dream,89,Wintrust Arena,0,2024,2,0.4090909090909091,-1.6590909090909092,0.5,4.9,0.4772727272727273,-2.3863636363636362,0.5,-2.6,0,0,0,0.5909090909090908,0.5227272727272727,0.5414772727272728,0.5596590909090909,0.4914196567862715,0.5538221528861155,0.5226209048361935,169,164.1263650546022,18.110803251727326,168.65406586753403,0.00018240712433192918,9,0.5085803432137286,0.5725429017160687,0.4274570982839313,0.6224648985959438,0.23549141965678627,0.27085787612471734,0.17839313572542903,0.5821242969252163,0.30226209048361935,0.5193447737909516,0.40065705189882656,0.31201248049922,0.46489859594383776
401620279,2024-06-09 19:00:00+00:00,6,9,2024,9,Liberty,93,16,Mystics,88,Barclays Center,0,2024,2,0.7727272727272727,6.909090909090909,0.8,8.3,0.2727272727272727,-3.8181818181818183,0.0,-9.7,0,0,0,0.2272727272727273,0.7272727272727273,0.32727272727272727,0.5954545454545455,0.09501557632398754,0.9299065420560748,0.5124610591900312,181,164.13395638629282,18.097692932271617,168.65837961936072,0.2074693378527035,5,0.9049844236760125,0.82398753894081,0.17601246105919,0.8489096573208723,0.185202492211838,0.45016927727797673,0.17686915887850468,0.8480756717806519,0.30124610591900314,0.5218847352024921,0.35716359994336716,0.23052959501557632,0.8052959501557633
401620280,2024-06-09 20:00:00+00:00,6,9,2024,3,Wings,90,11,Mercury,97,College Park Center,0,2024,2,0.5227272727272727,2.772727272727273,0.4,-2.3,0.2727272727272727,-8.022727272727273,0.5,-4.7,0,0,0,0.4772727272727273,0.7272727272727273,0.43068181818181817,0.7005681818181818,0.5225505443234837,0.7869362363919129,0.6547433903576982,187,164.1601866251944,18.09582062114498,168.68414178048064,0.40084413665971885,7,0.4774494556765163,0.6920684292379471,0.3079315707620529,0.9051321928460342,0.21158631415241058,0.26705521116268266,0.19821150855365474,0.7577405904802481,0.3154743390357698,0.4863141524105754,0.4950074067048458,0.5241057542768274,0.7356143079315708
401620281,2024-06-09 23:00:00+00:00,6,9,2024,8,Lynx,83,14,Storm,64,Target Center,0,2024,2,0.5909090909090909,-0.9318181818181818,0.7,9.5,0.38636363636363635,-1.8863636363636365,0.7,6.5,0,0,0,0.40909090909090906,0.6136363636363636,0.5232954545454546,0.5471590909090909,0.2220496894409938,0.37422360248447206,0.2981366459627329,147,164.19565217391303,18.10412890475055,168.72168440010066,0.513142229661222,19,0.7779503105590062,0.18322981366459629,0.8167701863354038,0.15217391304347827,0.3133540372670808,0.3357528162493731,0.14472049689440994,0.3586905797261196,0.27981366459627327,0.5754658385093168,0.4743731123848671,0.47360248447204967,0.11801242236024845
401620282,2024-06-10 01:00:00+00:00,6,10,2024,6,Sparks,96,17,Aces,92,crypto.com Arena,0,2024,2,0.4090909090909091,-2.5681818181818183,0.3,-6.0,0.7727272727272727,10.113636363636363,0.7,8.9,0,0,0,0.5909090909090908,0.2272727272727273,0.5642045454545455,0.24715909090909094,0.7689922480620155,0.07596899224806201,0.42248062015503873,188,164.168992248062,18.10273390719027,168.69467572485956,0.43370378501368767,4,0.924031007751938,0.8651162790697674,0.1348837209302326,0.9131782945736434,0.17697674418604653,0.46255182981791954,0.1633720930232558,0.8928677992014679,0.2922480620155039,0.5443798449612403,0.3402645356482235,0.2062015503875969,0.827906976744186
401620283,2024-06-10 23:00:00+00:00,6,10,2024,18,Sun,89,5,Fever,72,Mohegan Sun Arena,0,2024,2,0.6363636363636364,4.386363636363637,0.9,9.1,0.29545454545454547,-6.613636363636363,0.3,-8.5,0,0,0,0.36363636363636365,0.7045454545454546,0.3903409090909091,0.665340909090909,0.10371517027863777,0.871517027863777,0.4876160990712074,161,164.2058823529412,18.112979527393644,168.7341272347896,0.08712999285314049,17,0.8962848297213623,0.24303405572755418,0.7569659442724458,0.4148606811145511,0.3013931888544892,0.3829360244994201,0.1731424148606811,0.49416003562586763,0.29876160990712075,0.5280959752321982,0.49874636090301583,0.5309597523219814,0.3204334365325077
401620284,2024-06-11 23:30:00+00:00,6,11,2024,20,Dream,68,16,Mystics,87,Gateway Center,0,2024,2,0.4772727272727273,-2.272727272727273,0.5,-2.0,0.25,-4.409090909090909,0.0,-9.5,0,0,0,0.5227272727272727,0.75,0.5568181818181819,0.6102272727272727,0.5548686244204019,0.9428129829984544,0.7488408037094281,155,164.20092735703247,18.099393599628737,168.72577575693964,0.2499021221675335,19,0.44513137557959814,0.1839258114374034,0.8160741885625966,0.2921174652241113,0.31321483771251935,0.22153332823709,0.2123261205564142,0.31607563517301873,0.3248840803709428,0.462789799072643,0.6647461454703527,0.7975270479134466,0.06646058732612056
401620285,2024-06-12 02:00:00+00:00,6,12,2024,17,Aces,86,8,Lynx,100,Michelob ULTRA Arena,0,2024,2,0.75,9.613636363636363,0.6,8.4,0.5909090909090909,-0.6363636363636364,0.7,10.1,0,0,0,0.25,0.40909090909090906,0.2596590909090909,0.5159090909090909,0.12962962962962962,0.22376543209876543,0.17669753086419754,186,164.18672839506172,18.08901251655567,168.70898152420062,0.36672987603497864,14,0.8703703703703703,0.32407407407407407,0.6759259259259259,0.8919753086419753,0.2851851851851852,0.3825582990397805,0.12650462962962963,0.6685585700011855,0.26766975308641977,0.6058256172839507,0.3343658435475796,0.19444444444444445,0.6126543209876543
401620286,2024-06-12 02:00:00+00:00,6,12,2024,14,Storm,95,6,Sparks,79,Climate Pledge Arena,0,2024,2,0.38636363636363635,-1.5681818181818181,0.7,5.9,0.4090909090909091,-2.8863636363636362,0.4,-4.5,0,0,0,0.6136363636363636,0.5909090909090908,0.5392045454545454,0.5721590909090909,0.39445300462249616,0.6949152542372882,0.5446841294298922,174,164.22033898305085,18.095319100300593,168.744168758126,0.04130408179317646,16,0.6055469953775039,0.2696456086286595,0.7303543913713405,0.7272727272727273,0.2960708782742681,0.28352399448244425,0.18170261941448385,0.5614850142604729,0.3044684129429892,0.513828967642527,0.5097493861973351,0.5423728813559322,0.4422187981510015
401620287,2024-06-13 00:00:00+00:00,6,13,2024,19,Sky,75,18,Sun,83,Wintrust Arena,0,2024,2,0.4090909090909091,-1.5681818181818181,0.4,-0.8,0.6363636363636364,4.2272727272727275,0.9,8.7,0,0,0,0.5909090909090908,0.36363636363636365,0.5392045454545454,0.3943181818181818,0.6292307692307693,0.1,0.3646153846153846,158,164.23538461538462,18.08544120545764,168.75674491674903,0.16211790085321698,8,0.9,0.6323076923076923,0.36769230769230765,0.3523076923076923,0.22353846153846152,0.42705384615384623,0.15469230769230768,0.5943130650887575,0.28646153846153843,0.5588461538461539,0.3341720016686725,0.19384615384615383,0.4907692307692308
401620289,2024-06-13 23:00:00+00:00,6,13,2024,3,Wings,84,14,Storm,92,College Park Center,0,2024,2,0.5,2.340909090909091,0.3,-3.3,0.38636363636363635,-1.3409090909090908,0.8,8.4,0,0,0,0.5,0.6136363636363636,0.4414772727272728,0.5335227272727272,0.6104294478527608,0.3098159509202454,0.4601226993865031,176,164.24233128834356,18.064218591676408,168.75838593626267,0.07720950739563559,8,0.6901840490797546,0.6319018404907976,0.36809815950920244,0.7576687116564417,0.22361963190184048,0.345560709849825,0.16901840490797548,0.6991177269764316,0.2960122699386503,0.5349693251533743,0.3681629295188457,0.25306748466257667,0.6549079754601227
401620288,2024-06-13 23:00:00+00:00,6,13,2024,5,Fever,91,20,Dream,84,Gainbridge Fieldhouse,0,2024,2,0.29545454545454547,-6.863636363636363,0.3,-9.1,0.45454545454545453,-2.840909090909091,0.5,-3.6,0,0,0,0.7045454545454546,0.5454545454545454,0.6715909090909091,0.5710227272727273,0.8786482334869432,0.5837173579109063,0.7311827956989247,175,164.2258064516129,18.073176318324645,168.74410053119405,0.05814826589408406,7,0.4162826420890937,0.6943164362519201,0.3056835637480799,0.7434715821812596,0.21113671274961598,0.24308137545687716,0.20967741935483872,0.6624412844388813,0.3231182795698925,0.4672043010752688,0.45257607256648086,0.42857142857142855,0.5990783410138248
401620290,2024-06-14 02:00:00+00:00,6,14,2024,11,Mercury,99,17,Aces,103,Mortgage Matchup Center,0,2024,2,0.29545454545454547,-7.454545454545454,0.5,-4.3,0.7272727272727273,9.136363636363637,0.5,1.8,0,0,0,0.7045454545454546,0.2727272727272727,0.6863636363636363,0.2715909090909091,0.7641653905053599,0.23889739663093415,0.501531393568147,202,164.260336906585,18.056223657502574,168.77439282096063,0.8160368248095002,4,0.7611026033690659,0.8667687595712098,0.1332312404287902,0.9724349157733537,0.17664624808575805,0.395663717229233,0.17522970903522206,0.8932955915395839,0.3001531393568147,0.5246171516079632,0.4460956415841928,0.41500765696784075,0.8300153139356815
401620291,2024-06-14 23:30:00+00:00,6,14,2024,16,Mystics,83,19,Sky,81,CareFirst Arena,0,2024,2,0.2727272727272727,-3.9545454545454546,0.1,-6.7,0.4090909090909091,-1.7045454545454546,0.4,-0.8,0,0,0,0.7272727272727273,0.5909090909090908,0.5988636363636364,0.5426136363636364,0.908256880733945,0.6284403669724771,0.768348623853211,164,164.31804281345566,18.102644510592313,168.84370394110374,0.0351634278015337,2,0.37155963302752293,0.9678899082568807,0.032110091743119296,0.5,0.15642201834862385,0.24107756081137954,0.21525229357798165,0.5927068563715562,0.3268348623853211,0.4579128440366972,0.36990040946069264,0.25688073394495414,0.4831804281345566
401620292,2024-06-14 23:30:00+00:00,6,14,2024,8,Lynx,81,6,Sparks,76,Target Center,0,2024,2,0.6136363636363636,0.1590909090909091,0.7,10.6,0.4090909090909091,-3.1363636363636362,0.4,-5.4,0,0,0,0.38636363636363635,0.5909090909090908,0.4960227272727272,0.5784090909090909,0.19389312977099238,0.716030534351145,0.4549618320610687,157,164.3175572519084,18.088803542404992,168.83975813750965,0.1928196435667473,5,0.8061068702290076,0.8229007633587786,0.1770992366412214,0.3297709923664122,0.1854198473282443,0.4097773439776237,0.16824427480916032,0.6201665259102056,0.2954961832061069,0.5362595419847327,0.3287505732586478,0.17862595419847327,0.5251908396946565
401620293,2024-06-15 17:00:00+00:00,6,15,2024,3,Wings,67,18,Sun,85,College Park Center,0,2024,2,0.5,2.2045454545454546,0.2,-4.9,0.6590909090909091,4.590909090909091,0.9,8.8,0,0,0,0.5,0.34090909090909094,0.4448863636363637,0.38522727272727275,0.7088414634146342,0.0899390243902439,0.39939024390243905,152,164.3064024390244,18.077247861439048,168.82571440438414,0.35154589530902336,18,0.9100609756097561,0.20884146341463414,0.7911585365853658,0.22865853658536586,0.30823170731707317,0.38395249293575257,0.15990853658536586,0.4310795590892788,0.2899390243902439,0.5501524390243903,0.5053284407025052,0.5396341463414634,0.21951219512195122
401620294,2024-06-15 19:00:00+00:00,6,15,2024,17,Aces,82,9,Liberty,90,Michelob ULTRA Arena,0,2024,2,0.75,9.272727272727273,0.5,1.3,0.7727272727272727,6.931818181818182,0.8,7.7,0,0,0,0.25,0.2272727272727273,0.2681818181818182,0.3267045454545455,0.2191780821917808,0.0806697108066971,0.14992389649923896,172,164.2876712328767,18.069843752993584,168.8051321711251,0.01550876976994009,8,0.9193302891933028,0.6301369863013698,0.36986301369863017,0.6879756468797564,0.22397260273972602,0.4343154854986343,0.12248858447488585,0.714672522324947,0.2649923896499239,0.6125190258751902,0.19174177013831611,0.0289193302891933,0.6742770167427702
401620296,2024-06-16 16:00:00+00:00,6,16,2024,5,Fever,91,19,Sky,83,Gainbridge Fieldhouse,0,2024,2,0.29545454545454547,-6.9772727272727275,0.4,-8.0,0.4090909090909091,-1.5681818181818181,0.3,-1.9,0,0,0,0.7045454545454546,0.5909090909090908,0.6744318181818182,0.5392045454545454,0.837386018237082,0.6975683890577508,0.7674772036474165,174,164.29939209726444,18.058589735979346,168.81403953125928,0.040395924709221265,8,0.30243161094224924,0.6306990881458967,0.3693009118541033,0.7249240121580547,0.22386018237082067,0.1949785894439261,0.21512158054711247,0.611972943397247,0.32674772036474165,0.45813069908814585,0.48096313408926467,0.4969604863221885,0.513677811550152
401620295,2024-06-16 19:00:00+00:00,6,16,2024,11,Mercury,87,14,Storm,78,Mortgage Matchup Center,0,2024,2,0.29545454545454547,-7.090909090909091,0.4,-5.7,0.4090909090909091,-1.0227272727272727,0.8,8.3,0,0,0,0.7045454545454546,0.5909090909090908,0.6772727272727272,0.5255681818181819,0.8118361153262519,0.2943854324734446,0.5531107738998482,165,164.31411229135054,18.0488184137707,168.82631689479322,0.022221010879661773,9,0.7056145675265554,0.56752655538695,0.43247344461305004,0.5204855842185129,0.23649468892261,0.34572076604778934,0.18296661608497722,0.5805306461244915,0.3053110773899848,0.511722306525038,0.41914375746788657,0.3550834597875569,0.4582701062215478
401620297,2024-06-16 19:00:00+00:00,6,16,2024,20,Dream,87,6,Sparks,74,Gateway Center,0,2024,2,0.45454545454545453,-2.727272727272727,0.4,-5.4,0.4090909090909091,-3.0454545454545454,0.3,-6.1,0,0,0,0.5454545454545454,0.5909090909090908,0.5681818181818181,0.5761363636363637,0.693939393939394,0.7742424242424243,0.7340909090909091,161,164.3151515151515,18.035138880062412,168.8239362351671,0.0898066844931319,13,0.30606060606060603,0.36515151515151517,0.6348484848484848,0.4121212121212121,0.276969696969697,0.1829485766758494,0.2101136363636364,0.3741525989926816,0.3234090909090909,0.46647727272727263,0.5666221056050875,0.6727272727272727,0.14545454545454545
401620298,2024-06-18 00:00:00+00:00,6,18,2024,8,Lynx,90,3,Wings,78,Target Center,0,2024,2,0.6136363636363636,0.022727272727272728,0.8,11.2,0.5,2.022727272727273,0.2,-5.8,0,0,0,0.38636363636363635,0.5,0.49943181818181814,0.4494318181818182,0.16944024205748864,0.708018154311649,0.43872919818456885,168,164.31013615733735,18.021932012586266,168.81561916048392,0.0010235752786018626,12,0.8305597579425114,0.4039334341906203,0.5960665658093798,0.594553706505295,0.26921331316187597,0.37655967554775355,0.16580937972768534,0.5863097696433218,0.29387291981845687,0.5403177004538577,0.4123906919676634,0.3434190620272315,0.4720121028744327
401620299,2024-06-18 23:00:00+00:00,6,18,2024,18,Sun,79,6,Sparks,70,Mohegan Sun Arena,0,2024,2,0.6818181818181818,5.409090909090909,0.9,10.2,0.4090909090909091,-3.2045454545454546,0.3,-6.9,0,0,0,0.31818181818181823,0.5909090909090908,0.36477272727272725,0.5801136363636363,0.0891238670694864,0.7885196374622356,0.438821752265861,149,164.31570996978851,18.008865551480678,168.81792635765868,0.4541982119300141,9,0.9108761329305136,0.5694864048338368,0.43051359516616317,0.1797583081570997,0.23610271903323263,0.4242976287182483,0.16582326283987914,0.517737921784581,0.2938821752265861,0.5402945619335348,0.43892990769771323,0.3942598187311178,0.3685800604229607
401620300,2024-06-19 02:00:00+00:00,6,19,2024,11,Mercury,99,9,Liberty,93,Mortgage Matchup Center,0,2024,2,0.3181818181818182,-6.363636363636363,0.4,-5.1,0.7727272727272727,6.863636363636363,0.8,7.4,0,0,0,0.6818181818181819,0.2272727272727273,0.6590909090909091,0.3284090909090909,0.7978883861236803,0.08446455505279035,0.44117647058823534,192,164.29260935143287,18.00508629823756,168.79388092599226,0.5642061769593794,6,0.9155354449472096,0.7586726998491704,0.2413273001508296,0.9381598793363499,0.19826546003016593,0.4471816483873977,0.16617647058823531,0.8534108626567832,0.29411764705882354,0.539705882352941,0.40284194519479133,0.31825037707390647,0.8129713423831071
401620301,2024-06-19 23:00:00+00:00,6,19,2024,5,Fever,88,16,Mystics,81,Gainbridge Fieldhouse,0,2024,2,0.3181818181818182,-6.5,0.5,-7.0,0.2727272727272727,-4.431818181818182,0.2,-6.3,0,0,0,0.6818181818181819,0.7272727272727273,0.6625,0.6107954545454546,0.7740963855421686,0.8765060240963856,0.8253012048192772,169,164.3343373493976,18.02360514843402,168.84023863650611,3.928453902612983e-05,7,0.22590361445783136,0.6942771084337349,0.3057228915662651,0.6174698795180723,0.211144578313253,0.16798818769052112,0.22379518072289156,0.5476954927873054,0.3325301204819277,0.4436746987951808,0.467836125120617,0.4623493975903614,0.411144578313253
401620302,2024-06-20 00:00:00+00:00,6,20,2024,8,Lynx,68,20,Dream,55,Target Center,0,2024,2,0.6136363636363636,0.25,0.8,10.7,0.4772727272727273,-1.75,0.5,-3.8,0,0,0,0.38636363636363635,0.5227272727272727,0.49375,0.54375,0.17443609022556392,0.556390977443609,0.36541353383458647,123,164.34135338345865,18.01093680381831,168.84408758441322,0.9608124501030926,13,0.825563909774436,0.36390977443609024,0.6360902255639098,0.007518796992481203,0.277218045112782,0.3706295437842727,0.15481203007518798,0.3663846893507158,0.28654135338345865,0.5586466165413534,0.5351485143441583,0.6150375939849624,0.13233082706766916
401620303,2024-06-20 02:00:00+00:00,6,20,2024,17,Aces,94,14,Storm,83,Michelob ULTRA Arena,0,2024,2,0.7272727272727273,8.545454545454545,0.4,-0.2,0.4090909090909091,-0.9545454545454546,0.8,8.5,0,0,0,0.2727272727272727,0.5909090909090908,0.2863636363636364,0.5238636363636363,0.3183183183183183,0.2912912912912913,0.30480480480480476,177,164.27927927927928,18.068543431483892,168.79641513715026,0.09793591425287973,11,0.7087087087087087,0.45495495495495497,0.545045045045045,0.7807807807807807,0.25900900900900903,0.3366724832941049,0.14572072072072073,0.6524168749140342,0.28048048048048047,0.5737987987987988,0.342042418992211,0.2087087087087087,0.581081081081081
401620304,2024-06-20 16:00:00+00:00,6,20,2024,19,Sky,83,3,Wings,72,Wintrust Arena,0,2024,2,0.4090909090909091,-1.2727272727272727,0.2,-3.6,0.4772727272727273,1.4090909090909092,0.2,-6.5,0,0,0,0.5909090909090908,0.5227272727272727,0.5318181818181819,0.4647727272727272,0.7706146926536732,0.7421289355322339,0.7563718140929536,155,164.29835082458771,18.061690589360854,168.81377347192793,0.2535806248254677,11,0.2578710644677661,0.45577211394302847,0.5442278860569716,0.28785607196401797,0.25884557721139434,0.16967658224860582,0.21345577211394304,0.3085860054986746,0.3256371814092954,0.46090704647676156,0.5799661817970412,0.6881559220389805,0.05697151424287856
401620305,2024-06-20 23:00:00+00:00,6,20,2024,9,Liberty,93,6,Sparks,80,Barclays Center,0,2024,2,0.7727272727272727,6.840909090909091,0.8,7.7,0.38636363636363635,-3.4545454545454546,0.3,-7.7,0,0,0,0.2272727272727273,0.6136363636363636,0.32897727272727273,0.5863636363636363,0.09580838323353294,0.8008982035928144,0.44835329341317365,173,164.28443113772454,18.051731346977135,168.79736397446882,0.026736487432050926,13,0.9041916167664671,0.36377245508982037,0.6362275449101796,0.7005988023952096,0.2772455089820359,0.3990297249811754,0.16725299401197605,0.6226402711089707,0.2948353293413174,0.5379116766467066,0.43322858710193773,0.3847305389221557,0.5329341317365269
401620306,2024-06-21 23:30:00+00:00,6,21,2024,20,Dream,79,5,Fever,91,State Farm Arena,0,2024,2,0.4772727272727273,-1.5227272727272727,0.4,-5.6,0.3409090909090909,-6.159090909090909,0.5,-6.8,0,0,0,0.5227272727272727,0.6590909090909092,0.5380681818181818,0.6539772727272728,0.6606875934230194,0.7608370702541106,0.710762331838565,170,164.29745889387144,18.041361563530824,168.80779928475414,0.0021810022340194024,12,0.3393124065769806,0.40358744394618834,0.5964125560538116,0.6337817638266069,0.2692825112107623,0.19704250370340579,0.20661434977578474,0.509128250704268,0.3210762331838565,0.4723094170403588,0.5276442658846736,0.5949177877428998,0.3482810164424514
401620307,2024-06-22 02:00:00+00:00,6,22,2024,17,Aces,85,18,Sun,74,Michelob ULTRA Arena,0,2024,2,0.7272727272727273,8.204545454545455,0.5,1.9,0.6818181818181818,5.159090909090909,0.9,11.0,0,0,0,0.2727272727272727,0.31818181818181823,0.29488636363636367,0.3710227272727272,0.24328358208955222,0.06716417910447761,0.15522388059701492,159,164.30597014925374,18.029218774683933,168.81327484292473,0.1376813141005021,11,0.9328358208955224,0.4582089552238806,0.5417910447761194,0.3656716417910448,0.2583582089552239,0.4200791935843173,0.12328358208955224,0.5510761632913623,0.2655223880597015,0.6111940298507462,0.25570340673858316,0.08059701492537313,0.417910447761194
401620308,2024-06-22 19:00:00+00:00,6,22,2024,16,Mystics,97,3,Wings,69,CareFirst Arena,0,2024,2,0.2727272727272727,-4.4772727272727275,0.2,-6.7,0.45454545454545453,0.7727272727272727,0.1,-9.1,0,0,0,0.7272727272727273,0.5454545454545454,0.6119318181818182,0.4806818181818182,0.8807749627421758,0.827123695976155,0.8539493293591653,166,164.29806259314455,18.016923531898705,168.80229347611922,0.012022977514812405,28,0.17287630402384502,0.05663189269746647,0.9433681073025335,0.5514157973174366,0.3386736214605067,0.12329646789164025,0.2280923994038748,0.3622093484485942,0.33539493293591655,0.43651266766020863,0.6919029326771635,0.8211624441132638,0.12369597615499255
401620309,2024-06-22 19:00:00+00:00,6,22,2024,9,Liberty,98,6,Sparks,88,Barclays Center,0,2024,2,0.7727272727272727,6.954545454545454,0.9,10.7,0.36363636363636365,-3.977272727272727,0.2,-9.6,0,0,0,0.2272727272727273,0.6363636363636364,0.32613636363636367,0.5994318181818181,0.05803571428571429,0.8690476190476191,0.4635416666666667,186,164.30059523809524,18.003612808567393,168.80149844023708,0.3663639142420534,10,0.9419642857142857,0.5133928571428571,0.4866071428571429,0.8913690476190477,0.24732142857142858,0.4297660235969388,0.16953125000000002,0.741441009788402,0.2963541666666667,0.5341145833333333,0.4539025508011299,0.43452380952380953,0.7247023809523809
401620310,2024-06-23 00:00:00+00:00,6,23,2024,8,Lynx,73,11,Mercury,60,Target Center,0,2024,2,0.6136363636363636,0.3181818181818182,0.8,10.7,0.3409090909090909,-5.886363636363637,0.5,-3.0,0,0,0,0.38636363636363635,0.6590909090909092,0.49204545454545456,0.647159090909091,0.1738484398216939,0.6939078751857355,0.4338781575037147,133,164.33283803863299,18.009647062628844,168.83524980429019,0.8618774301942006,13,0.826151560178306,0.3640416047548291,0.6359583952451708,0.029717682020802376,0.2771916790490342,0.37085544312684765,0.16508172362555723,0.3744683724722482,0.2933878157503715,0.5415304606240712,0.5638208947072265,0.6731054977711739,0.150074294205052
401620314,2024-06-23 19:00:00+00:00,6,23,2024,14,Storm,72,18,Sun,61,Climate Pledge Arena,0,2024,2,0.38636363636363635,-1.7272727272727273,0.7,7.2,0.6590909090909091,4.7272727272727275,0.8,9.5,0,0,0,0.6136363636363636,0.34090909090909094,0.5431818181818182,0.38181818181818183,0.3757396449704142,0.11834319526627218,0.24704142011834318,133,164.31360946745562,18.01742016279839,168.81796450815523,0.8613771621069133,11,0.8816568047337279,0.46005917159763315,0.5399408284023668,0.029585798816568046,0.25798816568047334,0.40130107489233574,0.13705621301775148,0.4221594618722224,0.2747041420118343,0.5882396449704141,0.4117006310851837,0.33727810650887574,0.21153846153846154
401620312,2024-06-23 19:00:00+00:00,6,23,2024,16,Mystics,92,3,Wings,84,CareFirst Arena,0,2024,2,0.29545454545454547,-3.4545454545454546,0.3,-0.7,0.45454545454545453,0.29545454545454547,0.0,-12.0,0,0,0,0.7045454545454546,0.5454545454545454,0.5863636363636363,0.4926136363636363,0.7674074074074074,0.8918518518518519,0.8296296296296297,176,164.2962962962963,18.025153079301614,168.8025845661217,0.07662479443568959,8,0.23259259259259257,0.6370370370370371,0.36296296296296293,0.7585185185185185,0.22259259259259256,0.16815034293552814,0.22444444444444445,0.6210241503835797,0.33296296296296296,0.4425925925925926,0.5052391616811626,0.5422222222222223,0.5333333333333333
401620311,2024-06-23 19:00:00+00:00,6,23,2024,20,Dream,75,9,Liberty,96,Gateway Center,0,2024,2,0.45454545454545453,-1.9090909090909092,0.4,-5.5,0.7727272727272727,7.0227272727272725,0.9,11.4,0,0,0,0.5454545454545454,0.2272727272727273,0.5477272727272727,0.3244318181818182,0.6839762611275965,0.037091988130563795,0.36053412462908013,171,164.28635014836794,18.036686010208594,168.79552165092008,0.0074412741566248775,21,0.9629080118694362,0.1394658753709199,0.8605341246290801,0.6572700296735905,0.322106824925816,0.3941637022426895,0.15408011869436203,0.551618507198842,0.286053412462908,0.55986646884273,0.44915624254960757,0.42729970326409494,0.42136498516320475
401620313,2024-06-23 20:00:00+00:00,6,23,2024,19,Sky,88,5,Fever,87,Wintrust Arena,0,2024,2,0.4318181818181818,-0.4772727272727273,0.3,-2.1,0.36363636363636365,-5.386363636363637,0.6,-3.7,0,0,0,0.5681818181818181,0.6363636363636364,0.5119318181818182,0.6346590909090909,0.6853766617429837,0.6292466765140325,0.6573116691285081,175,164.26735598227475,18.04426708967595,168.77842275469374,0.05770969810490001,1,0.37075332348596746,1.0,0.0,0.7429837518463811,0.15,0.24257016248153615,0.1985967503692762,0.7494936606673372,0.3157311669128508,0.48567208271787293,0.330698885848829,0.1831610044313146,0.7341211225997046
401677672,2024-06-26 00:00:00+00:00,6,26,2024,9,Liberty,89,8,Lynx,94,UBS Arena,0,2024,2,0.7727272727272727,7.2727272727272725,0.9,12.4,0.6136363636363636,0.45454545454545453,0.9,13.4,0,0,0,0.2272727272727273,0.38636363636363635,0.3181818181818181,0.48863636363636365,0.05014749262536873,0.10324483775811209,0.07669616519174041,183,164.28318584070797,18.03564615499919,168.79209737945777,0.26676506095744035,5,0.9498525073746312,0.827433628318584,0.17256637168141598,0.8687315634218289,0.1845132743362832,0.46884472811757644,0.11150442477876107,0.8643371352525124,0.257669616519174,0.6308259587020648,0.12259252742423779,0.0014749262536873156,0.8215339233038348
401620315,2024-06-27 17:00:00+00:00,6,27,2024,3,Wings,94,8,Lynx,88,College Park Center,0,2024,2,0.4318181818181818,0.06818181818181818,0.0,-12.6,0.6136363636363636,0.3181818181818182,0.9,11.5,0,0,0,0.5681818181818181,0.38636363636363635,0.49829545454545454,0.49204545454545456,0.9042709867452136,0.12076583210603829,0.5125184094256259,182,164.31075110456553,18.03664867575762,168.81991327350494,0.23431920252228566,6,0.8792341678939617,0.7614138438880707,0.23858615611192935,0.8586156111929307,0.19771723122238588,0.43292548818868604,0.17687776141384387,0.8206111325724007,0.3012518409425626,0.5218703976435934,0.38078856087716073,0.27540500736377027,0.801178203240059
401620316,2024-06-27 23:00:00+00:00,6,27,2024,16,Mystics,91,18,Sun,94,CareFirst Arena,0,2024,2,0.29545454545454547,-3.4545454545454546,0.4,0.7,0.6363636363636364,4.204545454545454,0.7,6.1,0,0,0,0.7045454545454546,0.36363636363636365,0.5863636363636363,0.39488636363636365,0.7102941176470589,0.19705882352941176,0.4536764705882353,185,164.33676470588236,18.036123174043475,168.84579549939323,0.3304182055082955,3,0.8029411764705883,0.925,0.07499999999999996,0.8823529411764706,0.16499999999999998,0.41872794117647055,0.1680514705882353,0.8871075151384082,0.2953676470588235,0.5365808823529412,0.32111395976521,0.16470588235294117,0.8338235294117647
401620317,2024-06-27 23:00:00+00:00,6,27,2024,19,Sky,83,17,Aces,95,Wintrust Arena,0,2024,2,0.4318181818181818,-0.8409090909090909,0.4,-1.1,0.7272727272727273,8.022727272727273,0.5,1.1,0,0,0,0.5681818181818181,0.2727272727272727,0.5210227272727272,0.2994318181818182,0.6005873715124816,0.2657856093979442,0.43318649045521296,178,164.36710719530103,18.040241911820967,168.87716767325628,0.12002601728709006,12,0.7342143906020557,0.4023494860499266,0.5976505139500734,0.7958883994126285,0.26953010279001466,0.3412077449375864,0.16497797356828195,0.6449868723047668,0.2933186490455213,0.5417033773861968,0.4297622753783551,0.37591776798825255,0.5726872246696035
401620318,2024-06-28 02:00:00+00:00,6,28,2024,14,Storm,89,5,Fever,77,Climate Pledge Arena,0,2024,2,0.4090909090909091,-1.2272727272727273,0.7,5.1,0.36363636363636365,-5.363636363636363,0.6,-3.2,0,0,0,0.5909090909090908,0.6363636363636364,0.5306818181818181,0.634090909090909,0.3885630498533724,0.6158357771260997,0.5021994134897361,166,164.38709677419354,18.03454860523099,168.89573392550128,0.012807978350727223,12,0.6114369501466276,0.4032258064516129,0.5967741935483871,0.5454545454545454,0.2693548387096774,0.2964362406584051,0.17532991202346043,0.521065472724443,0.3002199413489736,0.524450146627566,0.4447876911440789,0.41935483870967744,0.3724340175953079
401620319,2024-06-28 23:30:00+00:00,6,28,2024,18,Sun,74,20,Dream,78,Mohegan Sun Arena,0,2024,2,0.6590909090909091,4.409090909090909,0.7,6.2,0.4318181818181818,-3.022727272727273,0.3,-8.2,0,0,0,0.34090909090909094,0.5681818181818181,0.38977272727272727,0.5755681818181818,0.18594436310395315,0.7891654465592972,0.48755490483162517,152,164.38945827232797,18.021427621540354,168.89481517771307,0.3556021163853613,4,0.8140556368960469,0.8682284040995608,0.1317715959004392,0.22547584187408493,0.17635431918008784,0.4176112727202571,0.17313323572474376,0.597695146463526,0.2987554904831625,0.5281112737920938,0.3584172746395619,0.23572474377745242,0.49633967789165445
401620320,2024-06-29 02:00:00+00:00,6,29,2024,11,Mercury,92,6,Sparks,78,Mortgage Matchup Center,0,2024,2,0.3181818181818182,-6.681818181818182,0.5,-2.0,0.36363636363636365,-3.8181818181818183,0.2,-9.6,0,0,0,0.6818181818181819,0.6363636363636364,0.6670454545454545,0.5954545454545455,0.7236842105263158,0.8669590643274854,0.7953216374269005,170,164.37134502923976,18.014459718503765,168.8749599588657,0.0019482293611320367,14,0.2763157894736842,0.31432748538011696,0.685672514619883,0.6286549707602339,0.2871345029239766,0.1697745460141582,0.21929824561403508,0.47412142895069825,0.32953216374269007,0.45116959064327483,0.5852033282301652,0.7076023391812866,0.2821637426900585
401620321,2024-06-29 18:00:00+00:00,6,29,2024,16,Mystics,77,17,Aces,88,CareFirst Arena,0,2024,2,0.29545454545454547,-3.340909090909091,0.4,1.5,0.7272727272727273,7.931818181818182,0.5,0.9,0,0,0,0.7045454545454546,0.2727272727272727,0.5835227272727272,0.3017045454545455,0.6948905109489051,0.2686131386861314,0.4817518248175182,165,164.37956204379563,18.002571042365016,168.8802048043869,0.022960224017855024,11,0.7313868613138685,0.45985401459854014,0.5401459854014599,0.5124087591240876,0.258029197080292,0.3455309286589589,0.17226277372262772,0.5507522133289362,0.29817518248175184,0.5295620437956206,0.42013080059110924,0.35766423357664234,0.41605839416058393
401620322,2024-06-30 01:00:00+00:00,6,30,2024,14,Storm,97,3,Wings,76,Climate Pledge Arena,0,2024,2,0.4318181818181818,-0.9090909090909091,0.7,5.4,0.4318181818181818,0.18181818181818182,0.1,-10.9,0,0,0,0.5681818181818181,0.5681818181818181,0.5227272727272727,0.49545454545454537,0.3688046647230321,0.8600583090379009,0.6144314868804666,173,164.3804664723032,17.989441276657807,168.87782679146764,0.02591186814928781,21,0.6311953352769679,0.13848396501457727,0.8615160349854227,0.6967930029154519,0.3223032069970846,0.2816492065380921,0.19216472303207,0.5184033667362127,0.3114431486880467,0.4963921282798833,0.5782915670020209,0.6909620991253644,0.3673469387755102
401620323,2024-06-30 17:00:00+00:00,6,30,2024,9,Liberty,81,20,Dream,75,Barclays Center,0,2024,2,0.75,6.295454545454546,0.8,8.3,0.4318181818181818,-3.1818181818181817,0.3,-8.2,0,0,0,0.25,0.5681818181818181,0.3426136363636363,0.5795454545454545,0.10043668122270742,0.7874818049490538,0.44395924308588064,156,164.3930131004367,17.97933241977469,168.88784620538036,0.22656335153816476,6,0.8995633187772926,0.7612809315866085,0.23871906841339152,0.30858806404657935,0.1977438136826783,0.4410657373683441,0.1665938864628821,0.6251170781320559,0.2943959243085881,0.5390101892285298,0.34732054568391996,0.21542940320232898,0.5385735080058224
401620324,2024-06-30 19:00:00+00:00,6,30,2024,19,Sky,62,8,Lynx,70,Wintrust Arena,0,2024,2,0.4090909090909091,-1.2954545454545454,0.3,-3.3,0.6136363636363636,0.7272727272727273,0.8,9.8,0,0,0,0.5909090909090908,0.38636363636363635,0.5323863636363637,0.4818181818181818,0.7267441860465116,0.16279069767441862,0.44476744186046513,132,164.38081395348837,17.969091477755164,168.87308682292715,0.8782043169451569,8,0.8372093023255813,0.6351744186046512,0.3648255813953488,0.024709302325581394,0.22296511627906976,0.4029739048134126,0.16671511627906976,0.45186997096167625,0.2944767441860465,0.5388081395348837,0.49348690209590346,0.5319767441860465,0.24709302325581395
401620325,2024-06-30 19:00:00+00:00,6,30,2024,11,Mercury,82,5,Fever,88,Mortgage Matchup Center,0,2024,2,0.3409090909090909,-6.136363636363637,0.6,-0.3,0.36363636363636365,-5.4772727272727275,0.6,-2.9,0,0,0,0.6590909090909092,0.6363636363636364,0.6534090909090909,0.6369318181818182,0.602322206095791,0.6110304789550073,0.6066763425253991,170,164.33381712626996,17.99835352858046,168.83340550841507,0.00209839977215176,6,0.397677793904209,0.7619738751814223,0.23802612481857766,0.6284470246734397,0.19760522496371552,0.23978676949197533,0.19100145137880986,0.6148637910363294,0.3106676342525399,0.49833091436865024,0.37667338698625186,0.26850507982583455,0.5224963715529753
401620326,2024-07-02 02:00:00+00:00,7,2,2024,11,Mercury,72,18,Sun,83,Mortgage Matchup Center,0,2024,2,0.3409090909090909,-6.181818181818182,0.6,1.5,0.6363636363636364,4.068181818181818,0.6,3.9,0,0,0,0.6590909090909092,0.36363636363636365,0.6545454545454545,0.39829545454545445,0.5739130434782609,0.2753623188405797,0.4246376811594203,155,164.34202898550726,17.986581079380777,168.83867425535246,0.25619737796112674,11,0.7246376811594203,0.45942028985507244,0.5405797101449276,0.28405797101449276,0.2581159420289855,0.3429869775257299,0.16369565217391305,0.45792560964844187,0.29246376811594205,0.5438405797101449,0.4309735785551132,0.37971014492753624,0.2536231884057971
401620327,2024-07-02 02:00:00+00:00,7,2,2024,14,Storm,95,3,Wings,71,Climate Pledge Arena,0,2024,2,0.45454545454545453,-0.09090909090909091,0.7,6.0,0.4090909090909091,-1.2045454545454546,0.1,-11.6,0,0,0,0.5454545454545454,0.5909090909090908,0.5022727272727272,0.5301136363636363,0.33285094066570187,0.8885672937771346,0.6107091172214183,166,164.32850940665702,17.977055761772228,168.82277334710008,0.012252104606627512,24,0.6671490593342981,0.09261939218523878,0.9073806078147613,0.5455861070911722,0.33147612156295225,0.2898549261646013,0.19160636758321276,0.4545866893223846,0.31107091172214185,0.49732272069464545,0.5883268139404354,0.7149059334298119,0.24746743849493488
401620328,2024-07-02 23:00:00+00:00,7,2,2024,9,Liberty,76,8,Lynx,67,Barclays Center,0,2024,2,0.75,6.068181818181818,0.8,7.6,0.6363636363636364,1.8181818181818181,0.8,8.2,0,0,0,0.25,0.36363636363636365,0.3482954545454545,0.4545454545454546,0.10260115606936417,0.16040462427745664,0.1315028901734104,143,164.33092485549133,17.9641554264422,168.82196371210188,0.6440917551615235,9,0.8973988439306358,0.5722543352601156,0.4277456647398844,0.10549132947976879,0.23554913294797689,0.4194537488723312,0.11972543352601156,0.48780995049314213,0.26315028901734105,0.6171242774566473,0.2708291860011851,0.0953757225433526,0.3020231213872832
401620329,2024-07-02 23:00:00+00:00,7,2,2024,20,Dream,77,19,Sky,85,Gateway Center,0,2024,2,0.4090909090909091,-3.6363636363636362,0.3,-6.9,0.38636363636363635,-1.5227272727272727,0.3,-4.0,0,0,0,0.5909090909090908,0.6136363636363636,0.5909090909090909,0.5380681818181818,0.8008658008658008,0.7388167388167388,0.7698412698412698,162,164.3001443001443,17.96944942662158,168.7925066567997,0.06895079581476604,8,0.2611832611832612,0.6363636363636364,0.36363636363636365,0.43434343434343436,0.22272727272727272,0.179232585596222,0.21547619047619046,0.4319845443812386,0.326984126984127,0.4575396825396825,0.48599350392490703,0.5209235209235209,0.22366522366522368
401620330,2024-07-03 01:30:00+00:00,7,3,2024,17,Aces,88,5,Fever,69,T-Mobile Arena,0,2024,2,0.7272727272727273,7.795454545454546,0.6,2.4,0.38636363636363635,-5.159090909090909,0.6,-2.4,0,0,0,0.2727272727272727,0.6136363636363636,0.3051136363636363,0.6289772727272728,0.1988472622478386,0.5734870317002881,0.3861671469740634,157,164.29682997118155,17.956692049462117,168.7860029835471,0.1937830029846137,19,0.8011527377521614,0.1786743515850144,0.8213256484149856,0.3270893371757925,0.31426512968299714,0.3432626713949954,0.1579250720461095,0.4251256088069475,0.28861671469740635,0.5534582132564841,0.48137888423252595,0.5072046109510087,0.2132564841498559
401620331,2024-07-03 02:00:00+00:00,7,3,2024,6,Sparks,80,16,Mystics,82,crypto.com Arena,0,2024,2,0.36363636363636365,-3.9545454545454546,0.2,-9.1,0.2727272727272727,-3.75,0.4,2.1,0,0,0,0.6363636363636364,0.7272727272727273,0.5988636363636364,0.59375,0.8690647482014389,0.6805755395683454,0.7748201438848921,162,164.2863309352518,17.945884878405927,168.77280215485328,0.0687391980915747,2,0.3194244604316546,0.9683453237410072,0.031654676258992764,0.43453237410071943,0.15633093525179856,0.21911117436985664,0.21622302158273382,0.5335018285914719,0.32748201438848923,0.4562949640287769,0.37877586394137336,0.2733812949640288,0.3985611510791367
401620332,2024-07-04 00:00:00+00:00,7,4,2024,3,Wings,96,11,Mercury,104,College Park Center,0,2024,2,0.38636363636363635,-1.9772727272727273,0.1,-13.1,0.3409090909090909,-6.181818181818182,0.5,-1.5,0,0,0,0.6136363636363636,0.6590909090909092,0.5494318181818182,0.6545454545454545,0.9094827586206896,0.6738505747126436,0.7916666666666666,200,164.28304597701148,17.9331789260055,168.76634070851287,0.780566314543823,8,0.32614942528735635,0.6364942528735632,0.3635057471264368,0.9712643678160919,0.22270114942528735,0.20448767175320393,0.21875,0.7591401672263642,0.32916666666666666,0.45208333333333334,0.6483021619578022,0.7931034482758621,0.7485632183908046
401620333,2024-07-05 00:00:00+00:00,7,5,2024,8,Lynx,73,18,Sun,78,Target Center,0,2024,2,0.6363636363636364,1.8181818181818181,0.8,7.4,0.6363636363636364,4.136363636363637,0.6,3.3,0,0,0,0.36363636363636365,0.36363636363636365,0.4545454545454546,0.3965909090909091,0.17790530846484937,0.28263988522238165,0.2302725968436155,151,164.33428981348638,17.97128578452919,168.82711125961868,0.38860355655959056,5,0.8220946915351506,0.8278335724533716,0.17216642754662836,0.20946915351506457,0.18443328550932567,0.41679320473684095,0.13454088952654233,0.5801877821435588,0.27302725968436153,0.5924318507890962,0.23571001682948195,0.06312769010043041,0.4648493543758967
401620334,2024-07-05 02:00:00+00:00,7,5,2024,17,Aces,98,16,Mystics,77,Michelob ULTRA Arena,0,2024,2,0.7272727272727273,7.954545454545454,0.6,2.9,0.29545454545454547,-3.5681818181818183,0.5,3.1,0,0,0,0.2727272727272727,0.7045454545454546,0.30113636363636365,0.5892045454545455,0.19197707736389685,0.5773638968481375,0.38467048710601714,175,164.31518624641834,17.965480171674653,168.806556289337,0.057692190215148154,21,0.8080229226361031,0.13896848137535817,0.8610315186246418,0.7421203438395415,0.32220630372492837,0.34161579133176245,0.15770057306590257,0.5573083693705941,0.2884670487106017,0.5538323782234957,0.47052028318912986,0.4713467048710602,0.4383954154727794
401620335,2024-07-05 23:30:00+00:00,7,5,2024,3,Wings,85,20,Dream,82,College Park Center,0,2024,2,0.36363636363636365,-2.477272727272727,0.1,-13.2,0.38636363636363635,-4.068181818181818,0.3,-6.0,0,0,0,0.6363636363636364,0.6136363636363636,0.5619318181818181,0.6017045454545454,0.9241773962804005,0.7911301859799714,0.857653791130186,167,164.3304721030043,17.957154552810785,168.819760741207,0.005121639611323059,3,0.20886981402002858,0.9256080114449213,0.07439198855507867,0.5708154506437768,0.16487839771101573,0.17072800710600264,0.22864806866952792,0.5717114608603743,0.3357653791130186,0.43558655221745346,0.39973176512034336,0.3147353361945637,0.45350500715307585
401620336,2024-07-06 02:00:00+00:00,7,6,2024,6,Sparks,98,17,Aces,93,crypto.com Arena,0,2024,2,0.36363636363636365,-3.3636363636363638,0.2,-6.9,0.7272727272727273,8.136363636363637,0.7,6.3,0,0,0,0.6363636363636364,0.2727272727272727,0.5840909090909091,0.2965909090909091,0.8485714285714285,0.12571428571428572,0.4871428571428571,191,164.33428571428573,17.944588734996945,168.82043289803497,0.5341314739679572,5,0.8742857142857143,0.8271428571428572,0.17285714285714282,0.9357142857142857,0.18457142857142855,0.4380016326530612,0.17307142857142857,0.8768218635568513,0.2987142857142857,0.5282142857142857,0.4013936115303114,0.31857142857142856,0.8342857142857143
401620337,2024-07-06 02:00:00+00:00,7,6,2024,14,Storm,84,19,Sky,88,Climate Pledge Arena,0,2024,2,0.4772727272727273,0.9090909090909091,0.7,6.6,0.4090909090909091,-1.0227272727272727,0.4,-1.9,0,0,0,0.5227272727272727,0.5909090909090908,0.4772727272727273,0.5255681818181819,0.3095577746077033,0.6291012838801712,0.4693295292439372,172,164.37232524964335,17.960027963303208,168.86233224046916,0.015144687898055564,4,0.6904422253922967,0.8687589158345221,0.13124108416547786,0.6847360912981455,0.17624821683309558,0.36675168548700554,0.17039942938659058,0.7532324683240458,0.2969329529243937,0.5326676176890157,0.2915470910957962,0.12838801711840228,0.7432239657631954
401620338,2024-07-06 17:00:00+00:00,7,6,2024,5,Fever,83,9,Liberty,78,Gainbridge Fieldhouse,0,2024,2,0.38636363636363635,-5.568181818181818,0.6,-0.7,0.75,6.0227272727272725,0.8,6.8,0,0,0,0.6136363636363636,0.25,0.6392045454545454,0.3494318181818181,0.5669515669515669,0.09971509971509972,0.3333333333333333,161,164.38319088319088,17.949521932146634,168.87057136622752,0.09165765799732428,5,0.9002849002849003,0.8262108262108262,0.1737891737891738,0.405982905982906,0.18475783475783475,0.448499322245761,0.15,0.68578100957759,0.2833333333333333,0.5666666666666667,0.2518778034954201,0.07692307692307693,0.6452991452991453
401620339,2024-07-07 00:00:00+00:00,7,7,2024,8,Lynx,74,16,Mystics,67,Target Center,0,2024,2,0.6136363636363636,1.6363636363636365,0.7,5.0,0.29545454545454547,-3.840909090909091,0.5,1.2,0,0,0,0.38636363636363635,0.7045454545454546,0.4590909090909091,0.5960227272727272,0.2460881934566145,0.6344238975817923,0.4402560455192034,141,164.3783783783784,17.9371866730172,168.8626750466327,0.7007402776390429,7,0.7539118065433855,0.6927453769559033,0.3072546230440967,0.08392603129445235,0.21145092460881934,0.37610313652725874,0.1660384068278805,0.45457400842734097,0.29402560455192034,0.5399359886201991,0.4444006087746567,0.4238975817923186,0.2460881934566145
401620340,2024-07-07 17:00:00+00:00,7,7,2024,18,Sun,80,20,Dream,67,Mohegan Sun Arena,0,2024,2,0.6363636363636364,4.136363636363637,0.7,4.5,0.36363636363636365,-4.363636363636363,0.2,-7.2,0,0,0,0.36363636363636365,0.6363636363636364,0.3965909090909091,0.6090909090909091,0.21164772727272727,0.8607954545454546,0.5362215909090909,147,164.34517045454547,17.9460675976219,168.83168735395094,0.522865185551038,13,0.7883522727272727,0.35795454545454547,0.6420454545454546,0.14772727272727273,0.27840909090909094,0.3565930074896694,0.18043323863636362,0.40104867202907823,0.3036221590909091,0.5159446022727272,0.565942121394412,0.6818181818181818,0.18039772727272727
401620341,2024-07-07 19:30:00+00:00,7,7,2024,17,Aces,104,3,Wings,85,Michelob ULTRA Arena,0,2024,2,0.7045454545454546,7.545454545454546,0.7,6.2,0.38636363636363635,-2.2954545454545454,0.2,-12.1,0,0,0,0.2954545454545454,0.6136363636363636,0.3113636363636363,0.5573863636363636,0.1475177304964539,0.8695035460992908,0.5085106382978724,189,164.32056737588653,17.945211431298077,168.80687023371104,0.469062717371731,19,0.8524822695035461,0.17872340425531916,0.8212765957446808,0.9191489361702128,0.3142553191489362,0.3608670590010563,0.17627659574468085,0.6310033974488634,0.3008510638297872,0.522872340425532,0.5956528641154212,0.7304964539007093,0.5602836879432624
401620342,2024-07-07 22:00:00+00:00,7,7,2024,14,Storm,84,19,Sky,71,Climate Pledge Arena,0,2024,2,0.4772727272727273,0.9090909090909091,0.6,4.9,0.4318181818181818,-0.6818181818181818,0.4,-2.3,0,0,0,0.5227272727272727,0.5681818181818181,0.4772727272727273,0.5170454545454546,0.37960339943342775,0.6005665722379604,0.49008498583569404,155,164.3555240793201,17.956518145491028,168.84465361569286,0.25712549248067296,13,0.6203966005665722,0.3597733711048159,0.6402266288951841,0.28328611898017,0.27804532577903684,0.2961445802470126,0.1735127478753541,0.3996693978310899,0.2990084985835694,0.5274787535410765,0.4945571712661023,0.5410764872521246,0.17705382436260622
401620343,2024-07-07 23:00:00+00:00,7,7,2024,6,Sparks,78,11,Mercury,84,crypto.com Arena,0,2024,2,0.38636363636363635,-3.0,0.2,-7.3,0.3409090909090909,-6.136363636363637,0.6,1.1,0,0,0,0.6136363636363636,0.6590909090909092,0.575,0.6534090909090909,0.8345120226308345,0.5572842998585573,0.695898161244696,162,164.34229137199435,17.947245856555877,168.82910283613333,0.06983552341360921,6,0.4427157001414427,0.7595473833097596,0.24045261669024043,0.43422913719943423,0.19809052333804808,0.2576999053714222,0.2043847241867044,0.5197447261321858,0.3195898161244696,0.47602545968882604,0.4223847638491213,0.3620933521923621,0.37057991513437055
401620344,2024-07-10 02:00:00+00:00,7,10,2024,6,Sparks,67,8,Lynx,82,crypto.com Arena,0,2024,2,0.38636363636363635,-3.0,0.1,-8.3,0.6363636363636364,2.1818181818181817,0.7,4.3,0,0,0,0.6136363636363636,0.36363636363636365,0.575,0.44545454545454555,0.8757062146892656,0.24152542372881355,0.5586158192090396,149,164.33898305084745,17.934764864939666,168.82267426708236,0.45708676129684145,15,0.7584745762711864,0.2867231638418079,0.713276836158192,0.17796610169491525,0.29265536723163843,0.33898592358517665,0.18379237288135594,0.384722135661387,0.30586158192090396,0.5103460451977401,0.5872604160445115,0.713276836158192,0.1553672316384181
401620345,2024-07-10 15:00:00+00:00,7,10,2024,18,Sun,68,9,Liberty,71,Mohegan Sun Arena,0,2024,2,0.6590909090909091,4.5227272727272725,0.7,4.1,0.7272727272727273,5.4772727272727275,0.7,5.6,0,0,0,0.34090909090909094,0.2727272727272727,0.3869318181818182,0.3630681818181818,0.2059238363892807,0.15655853314527504,0.18124118476727785,139,164.31734837799718,17.93135043860864,168.80018598764934,0.7486635320364747,3,0.843441466854725,0.926657263751763,0.07334273624823695,0.06488011283497884,0.16466854724964738,0.43580973818385815,0.1271861777150917,0.5686555544600038,0.2681241184767278,0.6046897038081805,0.22447928787239796,0.05500705218617771,0.4513399153737659
401620346,2024-07-10 16:00:00+00:00,7,10,2024,5,Fever,84,16,Mystics,89,Gainbridge Fieldhouse,0,2024,2,0.4090909090909091,-5.2727272727272725,0.6,-0.4,0.2727272727272727,-4.340909090909091,0.5,1.0,0,0,0,0.5909090909090908,0.7272727272727273,0.6318181818181818,0.6085227272727273,0.547887323943662,0.6507042253521127,0.5992957746478873,173,164.28169014084506,17.94387355020251,168.76765852839569,0.02743296677355911,5,0.452112676056338,0.8267605633802817,0.1732394366197183,0.7,0.18464788732394366,0.265850724062686,0.18989436619718308,0.6879275168966588,0.3099295774647887,0.5001760563380282,0.35865478837358467,0.23661971830985915,0.6535211267605634
401620347,2024-07-10 16:00:00+00:00,7,10,2024,19,Sky,78,20,Dream,69,Wintrust Arena,0,2024,2,0.4318181818181818,-0.7045454545454546,0.4,-2.7,0.3409090909090909,-4.863636363636363,0.2,-6.6,0,0,0,0.5681818181818181,0.6590909090909092,0.5176136363636363,0.6215909090909091,0.6258790436005626,0.8649789029535865,0.7454289732770745,147,164.29395218002813,17.934213270335533,168.77750549761203,0.5215777603264586,9,0.37412095639943743,0.5668073136427567,0.4331926863572433,0.14767932489451477,0.23663853727144865,0.21913090653009468,0.21181434599156118,0.2931080374777376,0.32454289732770747,0.4636427566807314,0.5966800057987147,0.7341772151898734,0.0450070323488045
401620348,2024-07-10 19:00:00+00:00,7,10,2024,14,Storm,79,17,Aces,84,Climate Pledge Arena,0,2024,2,0.5,1.3636363636363635,0.7,8.1,0.7272727272727273,8.840909090909092,0.8,9.5,0,0,0,0.5,0.2727272727272727,0.46590909090909094,0.2789772727272727,0.2808988764044944,0.06460674157303371,0.17275280898876405,163,164.26966292134833,17.933312342901036,168.75299100707358,0.05015459677122802,5,0.9353932584269663,0.827247191011236,0.172752808988764,0.46769662921348315,0.1845505617977528,0.4629278973614443,0.1259129213483146,0.7204562904539066,0.2672752808988764,0.606811797752809,0.15731610993637346,0.012640449438202247,0.6924157303370787
401620349,2024-07-10 19:30:00+00:00,7,10,2024,11,Mercury,100,3,Wings,84,Mortgage Matchup Center,0,2024,2,0.36363636363636365,-5.409090909090909,0.6,1.6,0.36363636363636365,-3.3636363636363638,0.2,-12.2,0,0,0,0.6363636363636364,0.6363636363636364,0.6352272727272728,0.5840909090909091,0.5469845722300141,0.8934081346423562,0.7201963534361852,184,164.26788218793828,17.920777381050105,168.74807653320082,0.30383197047220123,16,0.45301542776998593,0.25806451612903225,0.7419354838709677,0.876577840112202,0.29838709677419356,0.22908202506447092,0.20802945301542777,0.6085019968033126,0.32201963534361855,0.4699509116409537,0.6405807254483775,0.788218793828892,0.5231416549789621
401620350,2024-07-11 23:00:00+00:00,7,11,2024,9,Liberty,91,19,Sky,76,Barclays Center,0,2024,2,0.75,5.840909090909091,0.7,5.4,0.45454545454545453,-0.09090909090909091,0.5,-1.0,0,0,0,0.25,0.5454545454545454,0.35397727272727275,0.5022727272727272,0.14985994397759103,0.49019607843137253,0.32002801120448177,167,164.29551820728292,17.923424683800842,168.77637437823313,0.004899265492604887,15,0.8501400560224089,0.28711484593837533,0.7128851540616247,0.5714285714285714,0.29257703081232495,0.371446598247142,0.14800420168067227,0.5473657838760264,0.2820028011204482,0.5699929971988795,0.38417444749465424,0.2857142857142857,0.41316526610644255
401620351,2024-07-12 23:30:00+00:00,7,12,2024,20,Dream,70,17,Aces,84,Gateway Center,0,2024,2,0.3409090909090909,-4.818181818181818,0.2,-6.8,0.7272727272727273,8.5,0.8,9.6,0,0,0,0.6590909090909092,0.2727272727272727,0.6204545454545455,0.2875,0.8615384615384616,0.06713286713286713,0.46433566433566437,154,164.2993006993007,17.91115443771859,168.77708930873033,0.2884647510961449,14,0.9328671328671329,0.3132867132867133,0.6867132867132867,0.2727272727272727,0.28734265734265735,0.40367304024646683,0.16965034965034964,0.4787863670389956,0.29643356643356644,0.5339160839160839,0.500419294107669,0.5524475524475524,0.2937062937062937
401620352,2024-07-12 23:30:00+00:00,7,12,2024,5,Fever,95,11,Mercury,86,Gainbridge Fieldhouse,0,2024,2,0.38636363636363635,-5.5227272727272725,0.6,0.8,0.36363636363636365,-5.181818181818182,0.6,2.5,0,0,0,0.6136363636363636,0.6363636363636364,0.6380681818181818,0.6295454545454545,0.547486033519553,0.5069832402234636,0.5272346368715084,181,164.2849162011173,17.902762887720627,168.76060692304748,0.208396879786219,9,0.49301675977653636,0.5684357541899442,0.4315642458100558,0.8449720670391061,0.23631284916201117,0.264623997378359,0.17908519553072627,0.6886223610757795,0.30272346368715086,0.5181913407821229,0.441173842646884,0.41620111731843573,0.6550279329608939
401620353,2024-07-13 02:00:00+00:00,7,13,2024,14,Storm,91,8,Lynx,63,Climate Pledge Arena,0,2024,2,0.5,1.4772727272727273,0.6,6.0,0.6363636363636364,2.409090909090909,0.7,5.3,0,0,0,0.5,0.36363636363636365,0.4630681818181819,0.4397727272727272,0.3458856345885635,0.22454672245467225,0.28521617852161785,154,164.30822873082286,17.901143866984924,168.7835146975691,0.2889463703052173,28,0.7754532775453278,0.05439330543933055,0.9456066945606695,0.2719665271966527,0.3391213389121339,0.32232812800896343,0.14278242677824268,0.372579658825498,0.2785216178521618,0.5786959553695955,0.4696818192982491,0.47280334728033474,0.13528591352859135
401620354,2024-07-13 17:00:00+00:00,7,13,2024,19,Sky,67,9,Liberty,81,Wintrust Arena,0,2024,2,0.4318181818181818,-0.7727272727272727,0.5,-2.3,0.75,5.681818181818182,0.7,6.1,0,0,0,0.5681818181818181,0.25,0.5193181818181818,0.3579545454545455,0.5543175487465181,0.14066852367688024,0.34749303621169914,148,164.29387186629526,17.89279219693801,168.76706991552976,0.49010032088700617,14,0.8593314763231198,0.3147632311977716,0.6852367688022284,0.16016713091922005,0.28704735376044566,0.3776265896447111,0.1521239554317549,0.4192400042316249,0.2847493036211699,0.5631267409470753,0.465359313087457,0.46518105849582175,0.20473537604456823
401620355,2024-07-13 19:30:00+00:00,7,13,2024,3,Wings,81,6,Sparks,87,College Park Center,0,2024,2,0.36363636363636365,-3.4318181818181817,0.2,-12.6,0.38636363636363635,-2.909090909090909,0.1,-8.2,0,0,0,0.6363636363636364,0.6136363636363636,0.5857954545454545,0.5727272727272728,0.8929068150208623,0.8776077885952712,0.8852573018080667,168,164.27121001390822,17.890650288736936,168.74387258609244,0.0008640267146065028,6,0.12239221140472878,0.7593880389429764,0.24061196105702365,0.5924895688456189,0.19812239221140476,0.12925954762544953,0.23278859527121,0.5209259765613341,0.33852573018080667,0.42868567454798334,0.46115159894635355,0.45479833101529904,0.3769123783031989
401620356,2024-07-14 17:00:00+00:00,7,14,2024,18,Sun,96,11,Mercury,69,Mohegan Sun Arena,0,2024,2,0.6363636363636364,4.2272727272727275,0.6,3.0,0.3409090909090909,-5.795454545454546,0.6,2.0,0,0,0,0.36363636363636365,0.6590909090909092,0.3943181818181818,0.6448863636363636,0.28888888888888886,0.5430555555555555,0.4159722222222222,165,164.2763888888889,17.878744678558963,168.74607505852865,0.021711562973782184,27,0.7111111111111111,0.06527777777777778,0.9347222222222222,0.5152777777777777,0.3369444444444445,0.30205864197530863,0.16239583333333332,0.4453363425925926,0.29159722222222223,0.5460069444444444,0.5032119929408002,0.5555555555555556,0.24166666666666667
401620357,2024-07-14 19:00:00+00:00,7,14,2024,16,Mystics,77,17,Aces,89,CareFirst Arena,0,2024,2,0.29545454545454547,-4.113636363636363,0.5,-0.4,0.7272727272727273,8.272727272727273,0.9,11.8,0,0,0,0.7045454545454546,0.2727272727272727,0.602840909090909,0.2931818181818182,0.6712898751733704,0.036061026352288486,0.3536754507628294,166,164.27739251040222,17.86634489363232,168.7439787338103,0.01172469485696137,12,0.9639389736477115,0.40360610263522884,0.5963938973647711,0.5478502080443828,0.2692787794729542,0.42525745372142637,0.15305131761442442,0.5985532020178335,0.2853675450762829,0.5615811373092927,0.37060340426371285,0.2565880721220527,0.5090152565880721
401620359,2024-07-14 20:00:00+00:00,7,14,2024,8,Lynx,74,5,Fever,81,Target Center,0,2024,2,0.6136363636363636,1.6590909090909092,0.6,1.3,0.4090909090909091,-4.909090909090909,0.6,1.0,0,0,0,0.38636363636363635,0.5909090909090908,0.45852272727272725,0.6227272727272728,0.3448753462603878,0.5013850415512465,0.4231301939058172,155,164.2797783933518,17.854065717408172,168.74329482270383,0.25640819093878964,7,0.6551246537396123,0.6939058171745153,0.30609418282548473,0.2853185595567867,0.21121883656509693,0.3372531096293,0.1634695290858726,0.5012258957112526,0.29231301939058174,0.5442174515235457,0.3616650768162222,0.2409972299168975,0.33933518005540164
401620358,2024-07-14 22:00:00+00:00,7,14,2024,14,Storm,81,20,Dream,70,Climate Pledge Arena,0,2024,2,0.5227272727272727,2.477272727272727,0.6,8.0,0.3409090909090909,-4.954545454545454,0.1,-9.5,0,0,0,0.4772727272727273,0.6590909090909092,0.43806818181818186,0.6238636363636363,0.301521438450899,0.9156293222683264,0.6085753803596127,151,164.26694329183957,17.84503468983088,168.72820196429728,0.3894983972667404,11,0.6984785615491009,0.45919778699861685,0.5408022130013832,0.21023513139695713,0.25816044260027665,0.3332634692163626,0.1912863070539419,0.41925042973283944,0.3108575380359613,0.4978561549100968,0.5456011533533799,0.648686030428769,0.20470262793914246
401620360,2024-07-16 15:30:00+00:00,7,16,2024,16,Mystics,87,11,Mercury,96,Capital One Arena,0,2024,2,0.29545454545454547,-3.75,0.4,-1.8,0.3409090909090909,-6.068181818181818,0.5,-1.6,0,0,0,0.7045454545454546,0.6590909090909092,0.59375,0.6517045454545455,0.744475138121547,0.675414364640884,0.7099447513812155,183,164.24861878453038,17.839504572739923,168.70849492771535,0.27449918778837634,9,0.324585635359116,0.5704419889502762,0.4295580110497238,0.8687845303867403,0.23591160220994475,0.20041489881261257,0.2064917127071823,0.6806094068864053,0.32099447513812157,0.47251381215469607,0.5300262566157898,0.6146408839779005,0.6422651933701657
401620361,2024-07-16 19:30:00+00:00,7,16,2024,6,Sparks,83,14,Storm,89,crypto.com Arena,0,2024,2,0.4090909090909091,-2.7045454545454546,0.2,-7.1,0.5454545454545454,3.0681818181818183,0.7,10.0,0,0,0,0.5909090909090908,0.4545454545454546,0.5676136363636364,0.4232954545454545,0.8179310344827586,0.2096551724137931,0.5137931034482759,172,164.27448275862068,17.840777440564338,168.73467711876177,0.01660973658171727,6,0.7903448275862068,0.7613793103448275,0.23862068965517247,0.6868965517241379,0.1977241379310345,0.3972648751486325,0.17706896551724138,0.7369401566935914,0.30137931034482757,0.521551724137931,0.34282608670994824,0.20689655172413793,0.7241379310344828
401620362,2024-07-16 23:00:00+00:00,7,16,2024,9,Liberty,82,18,Sun,74,Barclays Center,0,2024,2,0.75,5.886363636363637,0.8,8.1,0.6363636363636364,4.4772727272727275,0.6,3.9,0,0,0,0.25,0.36363636363636365,0.35284090909090904,0.3880681818181818,0.09779614325068871,0.2727272727272727,0.1852617079889807,156,164.28512396694214,17.830774610935734,168.74281761967606,0.22536590558139302,8,0.9022038567493113,0.6336088154269972,0.3663911845730028,0.31267217630853994,0.22327823691460055,0.42805286144692606,0.1277892561983471,0.5816796172404721,0.26852617079889807,0.6036845730027548,0.23902459833566272,0.06473829201101929,0.4738292011019284
401620363,2024-07-17 02:00:00+00:00,7,17,2024,17,Aces,85,19,Sky,93,Michelob ULTRA Arena,0,2024,2,0.7272727272727273,8.068181818181818,0.9,11.9,0.4318181818181818,-0.8181818181818182,0.5,-2.9,0,0,0,0.2727272727272727,0.5681818181818181,0.2982954545454545,0.5204545454545454,0.055020632737276476,0.547455295735901,0.3012379642365888,178,164.27372764786796,17.821139527172058,168.72901252966096,0.12656065609083567,8,0.9449793672627236,0.6341127922971114,0.36588720770288863,0.7991746905089409,0.22317744154057773,0.4447229007301397,0.1451856946354883,0.7583081990587132,0.28012379642365887,0.5746905089408527,0.2939871094320877,0.13204951856946354,0.7551581843191196
401620364,2024-07-17 17:00:00+00:00,7,17,2024,8,Lynx,86,20,Dream,79,Target Center,0,2024,2,0.5909090909090909,1.4090909090909092,0.5,-0.7,0.3181818181818182,-5.5,0.1,-9.3,0,0,0,0.40909090909090906,0.6818181818181819,0.4647727272727272,0.6375,0.43956043956043955,0.9244505494505495,0.6820054945054945,165,164.29258241758242,17.8161433968333,168.74661826679076,0.021868996617838143,7,0.5604395604395604,0.695054945054945,0.30494505494505497,0.5137362637362637,0.210989010989011,0.29999758483274963,0.20230082417582418,0.577985312598282,0.31820054945054943,0.4794986263736264,0.42847849787008185,0.37637362637362637,0.46703296703296704
401620365,2024-07-17 23:30:00+00:00,7,17,2024,3,Wings,101,5,Fever,93,College Park Center,0,2024,2,0.3409090909090909,-3.8181818181818183,0.2,-12.1,0.4318181818181818,-4.7272727272727275,0.6,0.9,0,0,0,0.6590909090909092,0.5681818181818181,0.5954545454545455,0.6181818181818182,0.9026063100137174,0.48559670781893005,0.6941015089163237,194,164.29355281207134,17.803922108417726,168.74453333917577,0.6343648060959075,8,0.51440329218107,0.6337448559670782,0.3662551440329218,0.9478737997256516,0.22325102880658437,0.2774560111094176,0.20411522633744855,0.763944099249743,0.3194101508916324,0.476474622770919,0.577190881422801,0.6968449931412894,0.7640603566529492
401620458,2024-07-21 00:30:00+00:00,7,21,2024,96,Team WNBA,117,97,Team USA,109,Mortgage Matchup Center,0,2024,2,,,,,,,,,0,0,0,,,,,0.0,0.0,0.0,226,164.33424657534246,17.82564712002791,168.79065835534945,0.9942010123939694,8,1.0,0.6342465753424658,0.36575342465753424,0.9972602739726028,0.22315068493150686,0.4661095890410959,0.1,0.8286674798273597,0.25,0.65,0.1908584574037805,0.028767123287671233,0.8136986301369863
401620366,2024-08-16 00:00:00+00:00,8,16,2024,19,Sky,65,11,Mercury,85,Wintrust Arena,0,2024,2,0.45454545454545453,-0.4318181818181818,0.5,-3.2,0.36363636363636365,-5.568181818181818,0.5,-1.3,0,0,0,0.5454545454545454,0.6363636363636364,0.5107954545454546,0.6392045454545454,0.5499316005471956,0.6470588235294118,0.5984952120383037,150,164.41860465116278,17.95885354125057,168.90831803647544,0.42550646817694215,20,0.4500683994528044,0.15047879616963064,0.8495212038303693,0.19015047879616964,0.3199042407660739,0.2210543808399191,0.18977428180574557,0.26452972462543967,0.30984952120383036,0.5003761969904241,0.643446680778024,0.7961696306429549,0.027359781121751026
401620367,2024-08-16 00:00:00+00:00,8,16,2024,8,Lynx,79,16,Mystics,68,Target Center,0,2024,2,0.6136363636363636,1.7954545454545454,0.5,-1.3,0.29545454545454547,-3.7954545454545454,0.4,-2.0,0,0,0,0.38636363636363635,0.7045454545454546,0.45511363636363633,0.5948863636363637,0.4275956284153005,0.7363387978142076,0.5819672131147541,147,164.39890710382514,17.95447652420188,168.88752623487562,0.5243389267811109,11,0.5724043715846995,0.4562841530054645,0.5437158469945356,0.14344262295081966,0.2587431693989071,0.28627500821165164,0.18729508196721312,0.34399225692858615,0.3081967213114754,0.5045081967213114,0.5593847728783281,0.6775956284153005,0.09289617486338798
401620368,2024-08-16 01:00:00+00:00,8,16,2024,6,Sparks,68,9,Liberty,103,crypto.com Arena,0,2024,2,0.4090909090909091,-2.522727272727273,0.2,-6.4,0.75,5.2727272727272725,0.8,7.6,0,0,0,0.5909090909090908,0.25,0.5630681818181819,0.36818181818181817,0.8090040927694406,0.09822646657571624,0.4536152796725784,171,164.37517053206003,17.953713564127536,168.8635989230919,0.007054894494293751,35,0.9017735334242838,0.01637107776261937,0.9836289222373806,0.6562073669849932,0.34672578444747615,0.3598801203821407,0.16804229195088677,0.5110871278872057,0.29536152796725784,0.5365961800818553,0.5351198883641807,0.6275579809004093,0.3533424283765348
401620369,2024-08-16 23:30:00+00:00,8,16,2024,20,Dream,83,14,Storm,81,Gateway Center,0,2024,2,0.3181818181818182,-5.409090909090909,0.1,-8.8,0.5681818181818182,3.2954545454545454,0.8,11.7,0,0,0,0.6818181818181819,0.43181818181818177,0.6352272727272728,0.41761363636363635,0.9264305177111717,0.14168937329700274,0.5340599455040872,164,164.3841961852861,17.9431289191796,168.869978415081,0.036162151279170995,2,0.8583106267029973,0.9700272479564033,0.02997275204359673,0.49318801089918257,0.15599455040871935,0.4466099681488466,0.18010899182561307,0.7631063056697999,0.30340599455040873,0.5164850136239781,0.2914409994820365,0.12942779291553133,0.7629427792915532
401620370,2024-08-16 23:30:00+00:00,8,16,2024,5,Fever,98,11,Mercury,89,Gainbridge Fieldhouse,0,2024,2,0.4318181818181818,-4.613636363636363,0.5,-0.6,0.38636363636363635,-4.681818181818182,0.6,2.0,0,0,0,0.5681818181818181,0.6136363636363636,0.6153409090909091,0.6170454545454546,0.5904761904761905,0.49387755102040815,0.5421768707482993,187,164.38367346938776,17.930907513366567,168.8664003477294,0.40032531091104473,9,0.5061224489795919,0.5673469387755102,0.43265306122448977,0.9047619047619048,0.23653061224489796,0.26955143690129113,0.1813265306122449,0.7195207813071084,0.30421768707482993,0.5144557823129252,0.4831363395281171,0.5197278911564626,0.6938775510204082
401620371,2024-08-17 01:30:00+00:00,8,17,2024,3,Wings,91,18,Sun,109,College Park Center,0,2024,2,0.36363636363636365,-3.2954545454545454,0.3,-8.5,0.6136363636363636,4.0227272727272725,0.5,2.2,0,0,0,0.6363636363636364,0.38636363636363635,0.5823863636363636,0.39943181818181817,0.813858695652174,0.34646739130434784,0.5801630434782609,200,164.41440217391303,17.9380872996161,168.89892399881705,0.7775456076076035,18,0.6535326086956521,0.20244565217391305,0.7975543478260869,0.970108695652174,0.3095108695652174,0.29467749438799623,0.18702445652173913,0.6459119335082697,0.3080163043478261,0.5049592391304347,0.6840384764239894,0.8288043478260869,0.5855978260869565
401620372,2024-08-17 18:00:00+00:00,8,17,2024,16,Mystics,83,8,Lynx,99,CareFirst Arena,0,2024,2,0.2727272727272727,-4.090909090909091,0.3,-5.9,0.6363636363636364,2.272727272727273,0.5,-0.7,0,0,0,0.7272727272727273,0.36363636363636365,0.6022727272727273,0.4431818181818181,0.8371777476255088,0.383989145183175,0.6105834464043419,182,164.46268656716418,17.97375894762509,168.95612630407047,0.23151407974004712,16,0.616010854816825,0.25780189959294436,0.7421981004070557,0.8548168249660787,0.2984396200814111,0.2862404426614921,0.1915875169606513,0.6126578454472389,0.3110583446404342,0.49735413839891446,0.5788983240937906,0.7014925373134329,0.5291723202170964
401620373,2024-08-17 20:00:00+00:00,8,17,2024,17,Aces,67,9,Liberty,79,Michelob ULTRA Arena,0,2024,2,0.7272727272727273,8.318181818181818,0.8,10.0,0.75,5.863636363636363,0.8,10.1,0,0,0,0.2727272727272727,0.25,0.2920454545454545,0.3534090909090909,0.08265582655826559,0.07317073170731707,0.07791327913279134,146,164.48644986449864,17.97315820531637,168.97973941582774,0.5584024315835894,12,0.926829268292683,0.4010840108401084,0.5989159891598916,0.13279132791327913,0.26978319783197835,0.41141483244100735,0.1116869918699187,0.4573890118602422,0.25779132791327913,0.6305216802168021,0.26588764766045103,0.09078590785907859,0.25609756097560976
401620374,2024-08-17 21:00:00+00:00,8,17,2024,6,Sparks,86,19,Sky,90,crypto.com Arena,0,2024,2,0.38636363636363635,-3.340909090909091,0.2,-9.0,0.4318181818181818,-1.3181818181818181,0.4,-5.3,0,0,0,0.6136363636363636,0.5681818181818181,0.5835227272727272,0.5329545454545455,0.8552097428958051,0.6684709066305818,0.7618403247631935,176,164.46143437077131,17.973846208680232,168.95489592294138,0.07394158508776572,4,0.33152909336941816,0.8728010825439784,0.12719891745602163,0.7564276048714479,0.17543978349120432,0.21913887215470565,0.21427604871447903,0.707385454653676,0.32618403247631933,0.45953991880920164,0.40743020749797326,0.33694181326116374,0.6792963464140731
401620375,2024-08-18 19:00:00+00:00,8,18,2024,20,Dream,82,18,Sun,70,Gateway Center,0,2024,2,0.3181818181818182,-5.5227272727272725,0.2,-6.5,0.6363636363636364,4.568181818181818,0.6,5.1,0,0,0,0.6818181818181819,0.36363636363636365,0.6380681818181818,0.3857954545454545,0.8729729729729729,0.2581081081081081,0.5655405405405405,152,164.47702702702702,17.966688822716147,168.96869923270606,0.3598137017023888,12,0.741891891891892,0.40135135135135136,0.5986486486486486,0.22567567567567567,0.26972972972972975,0.34391782322863407,0.1848310810810811,0.42533253213037725,0.30655405405405406,0.5086148648648647,0.5376652512732919,0.6337837837837837,0.21351351351351353
401620377,2024-08-18 19:30:00+00:00,8,18,2024,5,Fever,92,14,Storm,75,Gainbridge Fieldhouse,0,2024,2,0.45454545454545453,-3.8863636363636362,0.5,-0.9,0.5454545454545454,3.0454545454545454,0.7,10.4,0,0,0,0.5454545454545454,0.4545454545454546,0.5971590909090909,0.42386363636363633,0.5600539811066126,0.2078272604588394,0.383940620782726,167,164.46018893387316,17.960394700620967,168.9502876090284,0.005878357133690892,17,0.7921727395411606,0.2321187584345479,0.7678812415654521,0.5695006747638327,0.30357624831309044,0.34548633079636704,0.1575910931174089,0.5205377844434119,0.2883940620782726,0.5540148448043185,0.4350875706122166,0.39541160593792174,0.3765182186234818
401620376,2024-08-18 22:00:00+00:00,8,18,2024,17,Aces,87,6,Sparks,71,Michelob ULTRA Arena,0,2024,2,0.7045454545454546,7.75,0.7,7.6,0.36363636363636365,-3.727272727272727,0.2,-8.1,0,0,0,0.2954545454545454,0.6363636363636364,0.30625,0.5931818181818181,0.1280323450134771,0.8584905660377359,0.4932614555256065,158,164.46361185983827,17.94851376719068,168.95074030163593,0.16982849917655873,16,0.871967654986523,0.2587601078167116,0.7412398921832883,0.3490566037735849,0.2982479784366577,0.376127734468654,0.17398921832884098,0.47105075124531454,0.29932614555256065,0.5266846361185984,0.5112140378935432,0.568733153638814,0.2816711590296496
401620378,2024-08-19 01:00:00+00:00,8,19,2024,11,Mercury,86,19,Sky,68,Mortgage Matchup Center,0,2024,2,0.38636363636363635,-4.863636363636363,0.5,-0.3,0.4318181818181818,-1.5681818181818181,0.5,-3.7,0,0,0,0.6136363636363636,0.5681818181818181,0.6215909090909091,0.5392045454545454,0.6137281292059219,0.5706594885598923,0.5921938088829071,154,164.4549125168237,17.937982393724372,168.9394081152548,0.2930592306778046,18,0.42934051144010765,0.2018842530282638,0.7981157469717362,0.27052489905787347,0.3096231493943472,0.21724106012328614,0.18882907133243607,0.3047863224256331,0.3092193808882907,0.5019515477792732,0.5993835584841622,0.7442799461641992,0.052489905787348586
401620381,2024-08-20 23:00:00+00:00,8,20,2024,16,Mystics,77,14,Storm,83,CareFirst Arena,0,2024,2,0.2727272727272727,-4.2727272727272725,0.2,-8.3,0.5227272727272727,2.1363636363636362,0.6,7.5,0,0,0,0.7272727272727273,0.4772727272727273,0.6068181818181818,0.44659090909090904,0.8954423592493298,0.31501340482573725,0.6052278820375335,160,164.39946380697052,17.950751411074087,168.88715165973903,0.11534247485205473,6,0.6849865951742627,0.7654155495978552,0.23458445040214482,0.3847184986595174,0.19691689008042895,0.3553588935448397,0.19078418230563005,0.5791304412128022,0.31052278820375334,0.49869302949061667,0.3966722633833632,0.306970509383378,0.4718498659517426
401620380,2024-08-20 23:00:00+00:00,8,20,2024,9,Liberty,94,3,Wings,74,Barclays Center,0,2024,2,0.75,5.431818181818182,0.8,9.2,0.36363636363636365,-3.522727272727273,0.3,-9.5,0,0,0,0.25,0.6363636363636364,0.3642045454545455,0.5880681818181819,0.0953020134228188,0.8281879194630872,0.46174496644295304,168,164.39463087248322,17.96232536238128,168.88521221307855,0.0012136012570393984,20,0.9046979865771811,0.15033557046979865,0.8496644295302014,0.5919463087248322,0.3199328859060403,0.3756343858384757,0.16926174496644297,0.5261216771479851,0.2961744966442953,0.5345637583892617,0.4986864756781981,0.5476510067114094,0.38791946308724834
401620379,2024-08-20 23:00:00+00:00,8,20,2024,18,Sun,69,6,Sparks,61,TD Garden,0,2024,2,0.6363636363636364,4.5227272727272725,0.6,5.0,0.36363636363636365,-3.909090909090909,0.2,-8.7,0,0,0,0.36363636363636365,0.6363636363636364,0.3869318181818182,0.5977272727272728,0.2540322580645161,0.864247311827957,0.5591397849462365,130,164.44086021505376,17.930004396844918,168.92336131426498,0.9052294171791745,8,0.7459677419354839,0.6384408602150538,0.36155913978494625,0.016129032258064516,0.22231182795698923,0.36783396201873053,0.18387096774193548,0.4072882352087599,0.30591397849462365,0.5102150537634409,0.5623329393155325,0.6814516129032258,0.19086021505376344
401620382,2024-08-21 23:30:00+00:00,8,21,2024,20,Dream,72,11,Mercury,63,Gateway Center,0,2024,2,0.3409090909090909,-4.7727272727272725,0.2,-5.7,0.38636363636363635,-4.909090909090909,0.6,2.1,0,0,0,0.6590909090909092,0.6136363636363636,0.6193181818181819,0.6227272727272728,0.8527443105756358,0.499330655957162,0.6760374832663989,135,164.39357429718876,17.93943822726027,168.87843385400384,0.8318998879784285,9,0.500669344042838,0.570281124497992,0.42971887550200805,0.041499330655957165,0.2359437751004016,0.2676753869561243,0.20140562248995986,0.29137950830938,0.3176037483266399,0.48099062918340024,0.6291973348016373,0.7777777777777778,0.04417670682730924
401620383,2024-08-22 01:30:00+00:00,8,22,2024,17,Aces,87,8,Lynx,98,Michelob ULTRA Arena,0,2024,2,0.7272727272727273,8.25,0.7,8.1,0.6363636363636364,2.4318181818181817,0.6,1.5,0,0,0,0.2727272727272727,0.36363636363636365,0.29374999999999996,0.43920454545454546,0.12165775401069519,0.32754010695187163,0.2245989304812834,185,164.3542780748663,17.95961244376024,168.84418118580635,0.33276141285762395,11,0.8783422459893048,0.45989304812834225,0.5401069518716577,0.8823529411764706,0.2580213903743315,0.4000534401898825,0.13368983957219252,0.7123115624717569,0.27245989304812834,0.5938502673796792,0.32502243716175444,0.1697860962566845,0.6885026737967914
401620384,2024-08-22 23:00:00+00:00,8,22,2024,9,Liberty,79,3,Wings,71,Barclays Center,0,2024,2,0.75,5.5,0.9,11.7,0.36363636363636365,-3.522727272727273,0.2,-12.1,0,0,0,0.25,0.6363636363636364,0.36250000000000004,0.5880681818181819,0.06141522029372497,0.8945260347129506,0.47797062750333774,150,164.3818424566088,17.963450454068916,168.87270507012605,0.4241441793908066,8,0.9385847797062751,0.6395193591455274,0.3604806408544726,0.1909212283044059,0.22209612817089452,0.44285475426960025,0.17169559412550067,0.5556382232447085,0.2977970627503338,0.5305073431241655,0.4337406905883833,0.3925233644859813,0.4379172229639519
401620385,2024-08-23 23:30:00+00:00,8,23,2024,20,Dream,80,11,Mercury,82,Gateway Center,0,2024,2,0.36363636363636365,-4.113636363636363,0.3,-4.2,0.38636363636363635,-4.9772727272727275,0.6,2.3,0,0,0,0.6363636363636364,0.6136363636363636,0.602840909090909,0.6244318181818181,0.7826666666666666,0.49333333333333335,0.638,162,164.36266666666666,17.959134544115813,168.85245030269562,0.07020693572677483,2,0.5066666666666666,0.9706666666666667,0.029333333333333322,0.43466666666666665,0.15586666666666665,0.29826044444444444,0.19569999999999999,0.6057566648888888,0.3138,0.4905,0.3358832973217299,0.19466666666666665,0.524
401620386,2024-08-23 23:30:00+00:00,8,23,2024,18,Sun,82,19,Sky,80,Mohegan Sun Arena,0,2024,2,0.6590909090909091,5.159090909090909,0.6,5.5,0.4090909090909091,-2.159090909090909,0.5,-4.7,0,0,0,0.34090909090909094,0.5909090909090908,0.3710227272727272,0.5539772727272727,0.2170439414114514,0.6271637816245007,0.4221038615179761,162,164.3595206391478,17.94736487351946,168.84636185752765,0.0701753580559693,2,0.7829560585885487,0.9707057256990679,0.02929427430093212,0.4340878828229028,0.1558588548601864,0.41487682645952756,0.1633155792276964,0.7110923848689193,0.2922103861517976,0.544474034620506,0.24984541296352145,0.07456724367509987,0.6870838881491345
401620387,2024-08-23 23:30:00+00:00,8,23,2024,16,Mystics,80,6,Sparks,74,CareFirst Arena,0,2024,2,0.2727272727272727,-3.977272727272727,0.2,-8.6,0.36363636363636365,-3.9318181818181817,0.2,-8.1,0,0,0,0.7272727272727273,0.6363636363636364,0.5994318181818181,0.5982954545454545,0.8962765957446809,0.8590425531914894,0.8776595744680851,154,164.35638297872342,17.93561830391353,168.8402875547018,0.2898732812944401,6,0.14095744680851063,0.7646276595744681,0.2353723404255319,0.2712765957446808,0.19707446808510637,0.13688171966953372,0.23164893617021276,0.3131247608045965,0.3377659574468085,0.43058510638297876,0.5245567423967321,0.5997340425531915,0.061170212765957445
401620388,2024-08-24 01:30:00+00:00,8,24,2024,8,Lynx,87,17,Aces,74,Target Center,0,2024,2,0.6590909090909091,3.090909090909091,0.6,1.8,0.7045454545454546,7.7272727272727275,0.6,5.1,0,0,0,0.34090909090909094,0.2954545454545454,0.42272727272727273,0.3068181818181819,0.30677290836653387,0.17795484727755645,0.24236387782204516,161,164.34262948207171,17.92766203242827,168.8245449901788,0.09084957330934118,13,0.8220451527224435,0.35856573705179284,0.6414342629482072,0.40903054448871184,0.2782868525896414,0.3688117119834077,0.13635458167330677,0.5053550678618978,0.2742363877822045,0.5894090305444888,0.3311438291005453,0.18725099601593626,0.34395750332005315
401620389,2024-08-24 23:00:00+00:00,8,24,2024,9,Liberty,64,18,Sun,72,Barclays Center,0,2024,2,0.75,5.659090909090909,0.9,11.9,0.6590909090909091,5.068181818181818,0.7,6.1,0,0,0,0.25,0.34090909090909094,0.35852272727272727,0.37329545454545454,0.058355437665782495,0.17639257294429708,0.11737400530503979,136,164.33819628647214,17.916167476178092,168.81723815551666,0.81317488216694,8,0.9416445623342176,0.6379310344827587,0.3620689655172413,0.050397877984084884,0.22241379310344828,0.44386353242476906,0.11760610079575598,0.5094079759014456,0.261737400530504,0.6206564986737401,0.26325025617189257,0.08753315649867374,0.35145888594164454
401620390,2024-08-25 00:00:00+00:00,8,25,2024,8,Lynx,90,5,Fever,80,Target Center,0,2024,2,0.6590909090909091,3.2045454545454546,0.7,4.0,0.45454545454545453,-3.522727272727273,0.6,0.9,0,0,0,0.34090909090909094,0.5454545454545454,0.41988636363636367,0.5880681818181819,0.21589403973509932,0.46622516556291393,0.34105960264900664,170,164.30066225165564,17.933961886620637,168.7841527233108,0.002295496495204774,10,0.7841059602649006,0.5072847682119205,0.4927152317880795,0.6344370860927152,0.2485430463576159,0.3697566334809877,0.151158940397351,0.6246208310254778,0.28410596026490065,0.5647350993377483,0.33293864746427615,0.19205298013245034,0.5536423841059602
401620391,2024-08-25 16:00:00+00:00,8,25,2024,19,Sky,75,17,Aces,77,Wintrust Arena,0,2024,2,0.4090909090909091,-2.0,0.4,-5.7,0.6818181818181818,7.2727272727272725,0.5,1.7,0,0,0,0.5909090909090908,0.31818181818181823,0.55,0.3181818181818181,0.7116402116402116,0.28835978835978837,0.5,152,164.30820105820106,17.92327980989049,168.78902101067368,0.3551376074992223,2,0.7116402116402116,0.9708994708994709,0.02910052910052907,0.2261904761904762,0.1558201058201058,0.3847941686962851,0.175,0.5883929838782901,0.3,0.5249999999999999,0.33337924004252256,0.19444444444444445,0.49206349206349204
401620392,2024-08-25 20:00:00+00:00,8,25,2024,3,Wings,113,6,Sparks,110,College Park Center,0,2024,2,0.3409090909090909,-3.9318181818181817,0.2,-10.8,0.36363636363636365,-4.0227272727272725,0.2,-8.5,0,0,0,0.6590909090909092,0.6363636363636364,0.5982954545454545,0.6005681818181818,0.8877146631439894,0.8639365918097754,0.8758256274768824,223,164.29194187582561,17.91700741076656,168.77119372851726,0.9897487443485408,3,0.13606340819022456,0.9260237780713342,0.07397622192866582,0.9933949801849405,0.16479524438573315,0.14034087835420705,0.23137384412153236,0.8426558805780642,0.3375825627476883,0.43104359313077933,0.6314940796991073,0.7807133421400264,0.8243064729194187
401620393,2024-08-26 23:30:00+00:00,8,26,2024,20,Dream,79,5,Fever,84,State Farm Arena,0,2024,2,0.3409090909090909,-4.363636363636363,0.3,-3.6,0.45454545454545453,-3.3863636363636362,0.6,1.1,0,0,0,0.6590909090909092,0.5454545454545454,0.6090909090909091,0.584659090909091,0.7915567282321899,0.46437994722955145,0.6279683377308707,163,164.3693931398417,18.03169709960037,168.87731741474178,0.051733441066878716,5,0.5356200527704486,0.8298153034300791,0.17018469656992086,0.4683377308707124,0.18403693931398418,0.3001193948802918,0.1941952506596306,0.5892065938023919,0.3127968337730871,0.4930079155672823,0.37287298402612024,0.2704485488126649,0.4947229551451187
401620394,2024-08-27 02:00:00+00:00,8,27,2024,11,Mercury,70,9,Liberty,84,Mortgage Matchup Center,0,2024,2,0.38636363636363635,-5.363636363636363,0.6,1.7,0.7272727272727273,5.318181818181818,0.8,10.2,0,0,0,0.6136363636363636,0.2727272727272727,0.634090909090909,0.36704545454545445,0.5270092226613966,0.08563899868247694,0.30632411067193677,154,164.3675889328063,18.019867468952455,168.87255580004444,0.2886529235946881,14,0.9143610013175231,0.310935441370224,0.689064558629776,0.27140974967061926,0.2878129117259552,0.39681675840723796,0.1459486166007905,0.472143878359003,0.28063241106719367,0.5734189723320158,0.4111544000876647,0.34782608695652173,0.28326745718050067
401620395,2024-08-27 02:00:00+00:00,8,27,2024,14,Storm,72,16,Mystics,74,Climate Pledge Arena,0,2024,2,0.5454545454545454,2.522727272727273,0.6,6.0,0.29545454545454547,-3.2954545454545454,0.3,-6.9,0,0,0,0.4545454545454546,0.7045454545454546,0.43693181818181814,0.5823863636363636,0.3144736842105263,0.8263157894736842,0.5703947368421053,146,164.35394736842105,18.011919203949674,168.85692716940846,0.552986520406634,2,0.6855263157894738,0.9710526315789474,0.02894736842105261,0.13289473684210526,0.1557894736842105,0.3737853185595568,0.1855592105263158,0.532280035355008,0.30703947368421053,0.5074013157894737,0.4009187669159671,0.3223684210526316,0.3973684210526316
401620396,2024-08-28 00:00:00+00:00,8,28,2024,3,Wings,93,17,Aces,90,College Park Center,0,2024,2,0.3409090909090909,-4.318181818181818,0.3,-8.1,0.7045454545454546,7.681818181818182,0.6,2.4,0,0,0,0.6590909090909092,0.2954545454545454,0.6079545454545454,0.3079545454545455,0.8265440210249672,0.21550591327201052,0.5210249671484888,183,164.32982917214193,18.012357340016987,168.83291850714616,0.2660445530348968,3,0.7844940867279895,0.9250985545335085,0.07490144546649147,0.8659658344283837,0.1649802890932983,0.41103598384448153,0.17815374507227333,0.8768302777256467,0.3021024967148489,0.5197437582128778,0.3408242217107208,0.21156373193166886,0.8475689881734559
401620397,2024-08-28 23:00:00+00:00,8,28,2024,5,Fever,84,18,Sun,80,Gainbridge Fieldhouse,0,2024,2,0.4772727272727273,-3.0681818181818183,0.6,1.0,0.6590909090909091,5.159090909090909,0.7,5.8,0,0,0,0.5227272727272727,0.34090909090909094,0.5767045454545455,0.3710227272727272,0.47244094488188976,0.17716535433070865,0.3248031496062992,164,164.35433070866142,18.01322082396444,168.85763591465252,0.03570798870802483,4,0.8228346456692913,0.868766404199475,0.13123359580052496,0.4973753280839895,0.17624671916010498,0.4212816975633952,0.14872047244094488,0.7111967280343134,0.2824803149606299,0.5687992125984251,0.22712919217127314,0.05774278215223097,0.6889763779527559
401620398,2024-08-29 00:00:00+00:00,8,29,2024,19,Sky,70,16,Mystics,74,Wintrust Arena,0,2024,2,0.4090909090909091,-1.6818181818181819,0.3,-6.3,0.29545454545454547,-3.409090909090909,0.3,-6.9,0,0,0,0.5909090909090908,0.7045454545454546,0.5420454545454546,0.5852272727272727,0.7522935779816514,0.8283093053735255,0.7903014416775884,144,164.35386631716906,18.001401815287576,168.85421677099094,0.6144721326787856,4,0.24770642201834858,0.8689384010484927,0.13106159895150726,0.11402359108781127,0.17621231979030144,0.18440751740473987,0.21854521625163825,0.2767921187991362,0.32903014416775883,0.4524246395806029,0.5349650068257759,0.6317169069462647,0.03800786369593709
401620399,2024-08-29 02:00:00+00:00,8,29,2024,6,Sparks,94,9,Liberty,88,crypto.com Arena,0,2024,2,0.3409090909090909,-4.2727272727272725,0.1,-9.3,0.75,5.681818181818182,0.9,12.1,0,0,0,0.6590909090909092,0.25,0.6068181818181818,0.3579545454545455,0.918848167539267,0.03795811518324607,0.47840314136125656,182,164.32722513089004,18.0046664155607,168.8283917347802,0.23478211540195826,6,0.9620418848167539,0.7591623036649214,0.24083769633507857,0.8547120418848168,0.19816753926701572,0.46588145198870645,0.17176047120418847,0.8314664819695285,0.29784031413612566,0.5303992146596859,0.36580211237275434,0.25523560209424084,0.819371727748691
401620400,2024-08-29 02:00:00+00:00,8,29,2024,11,Mercury,76,8,Lynx,89,Mortgage Matchup Center,0,2024,2,0.36363636363636365,-5.818181818181818,0.5,-0.3,0.6818181818181818,3.75,0.8,5.5,0,0,0,0.6363636363636364,0.31818181818181823,0.6454545454545455,0.40625,0.6444444444444445,0.1542483660130719,0.3993464052287582,165,164.35032679738563,18.004221160747434,168.8513820875725,0.022620161404392047,13,0.8457516339869281,0.35555555555555557,0.6444444444444444,0.5176470588235295,0.27888888888888885,0.3770515613652869,0.15990196078431373,0.5480349248389745,0.2899346405228758,0.5501633986928105,0.41016955205519434,0.34901960784313724,0.4196078431372549
401620401,2024-08-29 02:00:00+00:00,8,29,2024,14,Storm,85,20,Dream,81,Climate Pledge Arena,0,2024,2,0.5227272727272727,2.340909090909091,0.5,3.4,0.3409090909090909,-4.454545454545454,0.3,-3.8,0,0,0,0.4772727272727273,0.6590909090909092,0.4414772727272728,0.6113636363636363,0.40992167101827676,0.7885117493472585,0.5992167101827677,166,164.35117493472586,17.99246516015225,168.84929122476393,0.012460698386104752,4,0.5900783289817233,0.8694516971279374,0.13054830287206265,0.5509138381201044,0.17610966057441252,0.32546895131877646,0.18988250652741517,0.6614852662389213,0.3099216710182768,0.5001958224543079,0.3425515119955796,0.21409921671018275,0.6161879895561357
401620403,2024-08-30 23:30:00+00:00,8,30,2024,3,Wings,94,8,Lynx,76,College Park Center,0,2024,2,0.3409090909090909,-4.545454545454546,0.4,-7.0,0.6818181818181818,3.9318181818181817,0.8,6.1,0,0,0,0.6590909090909092,0.31818181818181823,0.6136363636363636,0.4017045454545455,0.7838541666666666,0.14453125,0.4641927083333333,170,164.375,17.979127402748905,168.86978185068722,0.001973914582818259,18,0.85546875,0.19921875,0.80078125,0.6341145833333334,0.31015625,0.36405426025390625,0.16962890625,0.5444432806968689,0.2964192708333333,0.5339518229166667,0.48555836999292745,0.53125,0.4114583333333333
401620402,2024-08-30 23:30:00+00:00,8,30,2024,19,Sky,81,5,Fever,100,Wintrust Arena,0,2024,2,0.4090909090909091,-1.6136363636363635,0.3,-5.4,0.5,-2.8181818181818183,0.7,3.3,0,0,0,0.5909090909090908,0.5,0.540340909090909,0.5704545454545455,0.741851368970013,0.37809647979139505,0.559973924380704,181,164.35332464146023,17.980815459039007,168.84852850622,0.20415766815151692,19,0.621903520208605,0.17209908735332463,0.8279009126466754,0.8409387222946545,0.31558018252933506,0.28126352863983517,0.1839960886571056,0.5836953574222116,0.3059973924380704,0.510006518904824,0.5764900847270918,0.7027379400260756,0.4784876140808344
401620404,2024-08-31 02:00:00+00:00,8,31,2024,17,Aces,83,20,Dream,72,Michelob ULTRA Arena,0,2024,2,0.7045454545454546,7.818181818181818,0.5,0.2,0.3409090909090909,-4.295454545454546,0.3,-2.9,0,0,0,0.2954545454545454,0.6590909090909092,0.30454545454545445,0.6073863636363637,0.28738621586475943,0.7789336801040312,0.5331599479843954,155,164.38231469440834,17.968563385981835,168.8744555409038,0.25777961961077045,11,0.7126137841352406,0.45513654096228867,0.5448634590377113,0.28738621586475943,0.25897269180754223,0.33813586793853506,0.1799739921976593,0.45423094562436583,0.3033159947984395,0.5167100130039012,0.48714851301206274,0.5331599479843954,0.24577373211963588
401620405,2024-08-31 02:00:00+00:00,8,31,2024,14,Storm,85,9,Liberty,98,Climate Pledge Arena,0,2024,2,0.5454545454545454,2.7045454545454546,0.6,4.2,0.7272727272727273,5.204545454545454,0.8,11.2,0,0,0,0.4545454545454546,0.2727272727272727,0.4323863636363636,0.3698863636363636,0.32727272727272727,0.07922077922077922,0.20324675324675323,183,164.37012987012986,17.960059465489476,168.86014473650224,0.2664916377335166,13,0.9207792207792208,0.35714285714285715,0.6428571428571428,0.8662337662337662,0.2785714285714286,0.40428107606679037,0.13048701298701298,0.6756127508854781,0.2703246753246753,0.5991883116883117,0.3303369251509222,0.18181818181818182,0.6454545454545455
401620406,2024-08-31 19:00:00+00:00,8,31,2024,16,Mystics,85,18,Sun,96,CareFirst Arena,0,2024,2,0.29545454545454547,-3.409090909090909,0.4,-4.4,0.6590909090909091,5.181818181818182,0.6,4.9,0,0,0,0.7045454545454546,0.34090909090909094,0.5852272727272727,0.3704545454545455,0.754863813229572,0.23994811932555124,0.4974059662775616,181,164.39429312581063,17.960929273740362,168.88452544424572,0.2034825261385944,11,0.7600518806744487,0.4565499351491569,0.5434500648508431,0.8391699092088197,0.25869001297016864,0.35584802360537043,0.17461089494163423,0.6825483038200201,0.29974059662775615,0.5256485084306095,0.4598850169281153,0.4591439688715953,0.6523994811932555
401620407,2024-09-01 17:00:00+00:00,9,1,2024,18,Sun,93,14,Storm,86,Mohegan Sun Arena,0,2024,2,0.6590909090909091,5.090909090909091,0.6,4.7,0.5227272727272727,2.3863636363636362,0.5,1.6,0,0,0,0.34090909090909094,0.4772727272727273,0.3727272727272728,0.44034090909090906,0.22797927461139897,0.4170984455958549,0.3225388601036269,179,164.4158031088083,17.959224864117562,168.90560932483768,0.14611852329316788,7,0.772020725388601,0.6930051813471503,0.3069948186528497,0.805699481865285,0.21139896373056993,0.38326827565840693,0.14838082901554406,0.7553876774102639,0.2822538860103627,0.5693652849740932,0.29197409816870146,0.13082901554404144,0.7577720207253886
401620408,2024-09-01 19:00:00+00:00,9,1,2024,8,Lynx,79,19,Sky,74,Target Center,0,2024,2,0.6590909090909091,3.3181818181818183,0.7,2.8,0.4090909090909091,-1.7954545454545454,0.2,-8.2,0,0,0,0.34090909090909094,0.5909090909090908,0.4170454545454545,0.5448863636363637,0.222509702457956,0.8188874514877102,0.5206985769728332,153,164.4346701164295,17.955253493956235,168.92348348991854,0.3251365390158104,5,0.777490297542044,0.8266494178525227,0.17335058214747734,0.24708926261319533,0.18467011642949546,0.39848852524312633,0.178104786545925,0.5759865550388277,0.30206985769728334,0.5198253557567917,0.38094468257767955,0.2871927554980595,0.4644243208279431
401620409,2024-09-01 20:00:00+00:00,9,1,2024,3,Wings,93,5,Fever,100,College Park Center,0,2024,2,0.36363636363636365,-4.0227272727272725,0.4,-5.5,0.5,-2.7954545454545454,0.7,4.7,0,0,0,0.6363636363636364,0.5,0.6005681818181818,0.5698863636363637,0.7441860465116279,0.3669250645994832,0.5555555555555556,193,164.41989664082686,17.948342346955982,168.90698222756586,0.5938189489642394,7,0.6330749354005167,0.6925064599483204,0.3074935400516796,0.9418604651162791,0.21149870801033593,0.3284403314437567,0.18333333333333335,0.7946548124249156,0.3055555555555556,0.5111111111111111,0.4867737840542966,0.5348837209302325,0.7997416020671835
401620411,2024-09-01 20:00:00+00:00,9,1,2024,11,Mercury,79,17,Aces,97,Mortgage Matchup Center,0,2024,2,0.36363636363636365,-5.886363636363637,0.4,-3.2,0.7045454545454546,7.863636363636363,0.5,0.8,0,0,0,0.6363636363636364,0.2954545454545454,0.647159090909091,0.30340909090909096,0.7393548387096774,0.28903225806451616,0.5141935483870967,176,164.4567741935484,17.966100073600572,168.94829921194855,0.07413631834078949,18,0.7109677419354838,0.19870967741935483,0.8012903225806451,0.7548387096774194,0.31025806451612903,0.31416632674297607,0.17712903225806453,0.5665103728777148,0.3014193548387097,0.5214516129032258,0.522783161544524,0.6012903225806452,0.4503225806451613
401620410,2024-09-01 23:00:00+00:00,9,1,2024,6,Sparks,62,20,Dream,80,crypto.com Arena,0,2024,2,0.3409090909090909,-4.295454545454546,0.2,-8.1,0.3409090909090909,-4.068181818181818,0.3,-3.1,0,0,0,0.6590909090909092,0.6590909090909092,0.6073863636363637,0.6017045454545454,0.8698453608247423,0.7783505154639175,0.8240979381443299,142,164.47164948453607,17.959286439185785,168.96147109433252,0.675958439766462,18,0.22164948453608246,0.19974226804123713,0.8002577319587629,0.09149484536082474,0.3100515463917526,0.14545820491019237,0.22361469072164947,0.1475949682964216,0.332409793814433,0.4439755154639176,0.7830470520082649,0.8595360824742269,0.002577319587628866
401620412,2024-09-03 23:00:00+00:00,9,3,2024,18,Sun,64,14,Storm,71,Mohegan Sun Arena,0,2024,2,0.6590909090909091,5.0227272727272725,0.7,5.7,0.5,2.0,0.5,1.4,0,0,0,0.34090909090909094,0.5,0.37443181818181814,0.44999999999999996,0.18018018018018017,0.4362934362934363,0.3082368082368082,135,164.44272844272845,17.965807351274822,168.93418028054717,0.8320049763031575,7,0.8198198198198199,0.6936936936936937,0.3063063063063063,0.039897039897039896,0.21126126126126127,0.4021856992127263,0.14623552123552125,0.4676121744200635,0.2808236808236808,0.5729407979407979,0.3842881886426041,0.2947232947232947,0.277992277992278
401620413,2024-09-04 00:00:00+00:00,9,4,2024,3,Wings,86,16,Mystics,90,College Park Center,0,2024,2,0.36363636363636365,-3.977272727272727,0.4,-4.3,0.29545454545454547,-3.3636363636363638,0.4,-4.8,0,0,0,0.6363636363636364,0.7045454545454546,0.5994318181818181,0.5840909090909091,0.7300771208226221,0.7660668380462725,0.7480719794344473,176,164.40488431876608,17.98524568477765,168.90119573996049,0.07493812779444908,4,0.2699228791773779,0.87146529562982,0.12853470437018,0.7544987146529563,0.175706940874036,0.19367708381520082,0.2122107969151671,0.6920091232874959,0.3248071979434447,0.4629820051413882,0.4039955420122056,0.3393316195372751,0.6696658097686375
401620415,2024-09-04 02:00:00+00:00,9,4,2024,11,Mercury,74,20,Dream,66,Mortgage Matchup Center,0,2024,2,0.36363636363636365,-5.795454545454546,0.4,-4.1,0.3409090909090909,-3.909090909090909,0.4,0.1,0,0,0,0.6363636363636364,0.6590909090909092,0.6448863636363636,0.5977272727272728,0.7474358974358974,0.6782051282051282,0.7128205128205128,140,164.41538461538462,17.967357914550067,168.90722409402215,0.7258935072653956,8,0.32179487179487176,0.632051282051282,0.367948717948718,0.07564102564102564,0.2235897435897436,0.2025634451019066,0.20692307692307693,0.24338687941469006,0.3212820512820513,0.47179487179487173,0.6047244993699131,0.7602564102564102,0.021794871794871794
401620414,2024-09-04 02:00:00+00:00,9,4,2024,17,Aces,90,19,Sky,71,T-Mobile Arena,0,2024,2,0.7045454545454546,7.681818181818182,0.5,1.2,0.4090909090909091,-1.7727272727272727,0.2,-7.2,0,0,0,0.2954545454545454,0.5909090909090908,0.3079545454545455,0.5443181818181818,0.28241335044929394,0.8087291399229781,0.5455712451861361,161,164.41976893453145,17.978483839870183,168.91438989449898,0.09234816740264473,19,0.7175866495507061,0.17073170731707318,0.8292682926829268,0.4069319640564827,0.31585365853658537,0.31388177463289396,0.18183568677792042,0.4309144272572544,0.3045571245186136,0.513607188703466,0.5495610725938151,0.6675224646983312,0.21437740693196405
401620416,2024-09-04 23:00:00+00:00,9,4,2024,5,Fever,93,6,Sparks,86,Gainbridge Fieldhouse,0,2024,2,0.5227272727272727,-2.3863636363636362,0.8,5.9,0.3181818181818182,-4.954545454545454,0.2,-8.4,0,0,0,0.4772727272727273,0.6818181818181819,0.5596590909090909,0.6238636363636363,0.28681177976952626,0.8950064020486556,0.5909090909090909,179,164.38412291933417,17.977078109045355,168.8783924465955,0.14657750827969684,7,0.7131882202304738,0.6939820742637645,0.30601792573623554,0.8053777208706786,0.2112035851472471,0.3601597971017819,0.18863636363636366,0.7457867343425648,0.3090909090909091,0.5022727272727272,0.41903472767784533,0.3674775928297055,0.7464788732394366
401620417,2024-09-05 23:00:00+00:00,9,5,2024,9,Liberty,77,14,Storm,70,Barclays Center,0,2024,2,0.7272727272727273,5.386363636363637,0.8,11.0,0.5227272727272727,2.340909090909091,0.5,-0.7,0,0,0,0.2727272727272727,0.4772727272727273,0.3653409090909091,0.4414772727272728,0.08951406649616368,0.43861892583120204,0.2640664961636829,147,164.40281329923275,17.97316657651404,168.89610494336125,0.5238805499705962,7,0.9104859335038363,0.6943734015345269,0.30562659846547313,0.14578005115089515,0.21112531969309462,0.43801711788907716,0.13960997442455245,0.5475221032620008,0.2764066496163683,0.5839833759590792,0.3118266182057567,0.1547314578005115,0.41687979539641945
401620418,2024-09-06 02:00:00+00:00,9,6,2024,11,Mercury,77,16,Mystics,90,Mortgage Matchup Center,0,2024,2,0.38636363636363635,-5.386363636363637,0.5,-0.6,0.3181818181818182,-3.1818181818181817,0.4,-4.9,0,0,0,0.6136363636363636,0.6818181818181819,0.6346590909090909,0.5795454545454545,0.6283524904214559,0.7547892720306514,0.6915708812260537,167,164.38058748403577,17.972435022174604,168.87369623957943,0.005419696811515995,13,0.3716475095785441,0.3563218390804598,0.6436781609195402,0.5721583652618135,0.27873563218390807,0.20615448980490597,0.20373563218390806,0.47177317620702086,0.31915708812260535,0.47710727969348654,0.5364921347403233,0.6398467432950191,0.280970625798212
401620419,2024-09-06 23:30:00+00:00,9,6,2024,20,Dream,107,3,Wings,96,Gateway Center,0,2024,2,0.3409090909090909,-3.8181818181818183,0.4,0.4,0.3409090909090909,-4.136363636363637,0.4,-3.1,0,0,0,0.6590909090909092,0.6590909090909092,0.5954545454545455,0.6034090909090909,0.6798469387755102,0.7257653061224489,0.7028061224489796,203,164.38392857142858,17.9611983340163,168.87422815493267,0.8355167570922091,11,0.32015306122448983,0.45535714285714285,0.5446428571428572,0.9783163265306123,0.25892857142857145,0.1927352860787172,0.20542091836734694,0.7071063646053356,0.32028061224489796,0.47429846938775505,0.6794110354476081,0.8354591836734694,0.6849489795918368
401620420,2024-09-06 23:30:00+00:00,9,6,2024,18,Sun,67,17,Aces,72,Mohegan Sun Arena,0,2024,2,0.6590909090909091,5.568181818181818,0.6,2.3,0.7045454545454546,7.636363636363637,0.5,1.9,0,0,0,0.34090909090909094,0.2954545454545454,0.3607954545454545,0.3090909090909091,0.26369426751592356,0.27388535031847133,0.26878980891719745,139,164.43312101910828,18.002577014135408,168.93376527264215,0.7490162205487291,5,0.7363057324840765,0.8280254777070064,0.1719745222929936,0.06369426751592357,0.1843949044585987,0.38182786319931844,0.14031847133757963,0.4795633471002946,0.27687898089171975,0.5828025477707006,0.3093683269980159,0.1503184713375796,0.2968152866242038
401620421,2024-09-06 23:30:00+00:00,9,6,2024,5,Fever,88,8,Lynx,99,Gainbridge Fieldhouse,0,2024,2,0.5454545454545454,-2.1363636363636362,0.8,5.7,0.6818181818181818,4.2272727272727275,0.8,6.1,0,0,0,0.4545454545454546,0.31818181818181823,0.553409090909091,0.3943181818181818,0.2786259541984733,0.138676844783715,0.20865139949109415,187,164.40076335877862,18.013963428336165,168.90425421586266,0.39622293563068045,11,0.861323155216285,0.455470737913486,0.544529262086514,0.9045801526717557,0.2589058524173028,0.3932701895123957,0.13129770992366413,0.7167593182187482,0.27086513994910943,0.5978371501272265,0.3242567168908018,0.16793893129770993,0.7022900763358778
401620422,2024-09-07 01:30:00+00:00,9,7,2024,19,Sky,92,6,Sparks,78,Wintrust Arena,0,2024,2,0.38636363636363635,-2.727272727272727,0.2,-7.7,0.29545454545454547,-5.25,0.1,-9.7,0,0,0,0.6136363636363636,0.7045454545454546,0.5681818181818181,0.63125,0.8348157560355781,0.9339263024142312,0.8843710292249047,170,164.4294790343075,18.0205154534815,168.93460789767786,0.0017461240327963923,14,0.16518424396442188,0.30749682337992373,0.6925031766200762,0.6302414231257941,0.28850063532401526,0.129914178785183,0.2326556543837357,0.4541430318424065,0.33843710292249046,0.42890724269377384,0.6140881541525145,0.770012706480305,0.24396442185514614
401620423,2024-09-08 01:00:00+00:00,9,8,2024,14,Storm,90,11,Mercury,66,Climate Pledge Arena,0,2024,2,0.5,1.8636363636363635,0.4,-2.5,0.38636363636363635,-5.0227272727272725,0.4,-2.8,0,0,0,0.5,0.6136363636363636,0.4534090909090909,0.6255681818181819,0.5291878172588832,0.7093908629441624,0.6192893401015228,156,164.43654822335026,18.010156227338026,168.93908728018476,0.22746105447136045,24,0.4708121827411168,0.08629441624365482,0.9137055837563451,0.3147208121827411,0.33274111675126905,0.22380269396274063,0.19289340101522842,0.315536386354204,0.3119289340101523,0.49517766497461924,0.6355451945108764,0.7944162436548223,0.06472081218274112
401620424,2024-09-08 19:00:00+00:00,9,8,2024,16,Mystics,71,8,Lynx,78,CareFirst Arena,0,2024,2,0.3181818181818182,-3.25,0.5,-2.4,0.7045454545454546,4.7272727272727275,0.9,7.9,0,0,0,0.6818181818181819,0.2954545454545454,0.58125,0.38181818181818183,0.6653992395437263,0.08491761723700887,0.37515842839036756,149,164.425855513308,18.00123065968994,168.92616317823047,0.4580875157724862,7,0.9150823827629911,0.6958174904942965,0.30418250950570347,0.17870722433460076,0.2108365019011407,0.43999115692482665,0.15627376425855513,0.5614859310898505,0.28751584283903675,0.5562103929024081,0.3677113679026986,0.2585551330798479,0.4512040557667934
401620425,2024-09-08 20:00:00+00:00,9,8,2024,5,Fever,104,20,Dream,100,Gainbridge Fieldhouse,0,2024,2,0.5227272727272727,-2.6136363636363638,0.7,3.9,0.36363636363636365,-3.4545454545454546,0.5,2.2,0,0,0,0.4772727272727273,0.6363636363636364,0.5653409090909091,0.5863636363636363,0.36536030341340076,0.5537294563843237,0.4595448798988622,204,164.38305941845766,17.998696612311534,168.88273357153554,0.8509385484234513,4,0.6346396965865992,0.8735777496839444,0.12642225031605558,0.9785082174462706,0.1752844500632111,0.3441701681847459,0.16893173198482933,0.8821194761358694,0.2959544879898862,0.5351137800252844,0.4270745529345931,0.3843236409608091,0.8533501896333755
401620426,2024-09-08 20:00:00+00:00,9,8,2024,9,Liberty,75,17,Aces,71,Barclays Center,0,2024,2,0.75,5.886363636363637,0.8,10.3,0.7045454545454546,7.409090909090909,0.6,3.2,0,0,0,0.25,0.2954545454545454,0.35284090909090904,0.3147727272727272,0.08607594936708861,0.21139240506329113,0.14873417721518986,146,164.40632911392404,17.99818919051102,168.9058764115518,0.5550765431538958,4,0.9139240506329114,0.8734177215189873,0.12658227848101267,0.1341772151898734,0.17531645569620252,0.45931741708059604,0.12231012658227848,0.6104257066885175,0.264873417721519,0.6128164556962026,0.192566514302153,0.02911392405063291,0.5354430379746835
401620427,2024-09-08 22:00:00+00:00,9,8,2024,19,Sky,92,3,Wings,77,Wintrust Arena,0,2024,2,0.4090909090909091,-2.25,0.2,-7.1,0.3181818181818182,-4.613636363636363,0.4,-3.6,0,0,0,0.5909090909090908,0.6818181818181819,0.55625,0.6153409090909091,0.8106060606060606,0.7563131313131313,0.7834595959595959,169,164.4330808080808,18.042317627986808,168.9436602150775,4.875449550079125e-06,15,0.24368686868686873,0.2803030303030303,0.7196969696969697,0.61489898989899,0.29393939393939394,0.15663490970309155,0.2175189393939394,0.45337571604860977,0.3283459595959596,0.454135101010101,0.592107155384515,0.7386363636363636,0.24368686868686867
401620428,2024-09-09 01:00:00+00:00,9,9,2024,6,Sparks,67,18,Sun,79,crypto.com Arena,0,2024,2,0.2727272727272727,-6.2272727272727275,0.1,-10.5,0.6363636363636364,5.136363636363637,0.6,2.6,0,0,0,0.7272727272727273,0.36363636363636365,0.6556818181818181,0.3715909090909091,0.9495586380832283,0.2837326607818411,0.6166456494325347,146,164.4388398486759,18.03165299586981,168.94675309764335,0.5550227828932548,12,0.7162673392181589,0.39722572509457754,0.6027742749054225,0.13366960907944514,0.2705548549810845,0.33418338106604284,0.1924968474148802,0.37937032742000504,0.31166456494325345,0.4958385876418663,0.600460225987898,0.7528373266078184,0.14754098360655737
401620429,2024-09-10 23:30:00+00:00,9,10,2024,20,Dream,64,8,Lynx,76,Gateway Center,0,2024,2,0.36363636363636365,-3.477272727272727,0.4,1.6,0.7045454545454546,4.75,0.9,7.9,0,0,0,0.6363636363636364,0.2954545454545454,0.5869318181818182,0.38125,0.6360201511335013,0.08438287153652393,0.3602015113350126,140,164.41561712846348,18.03215728994007,168.9236564509485,0.7237405377975037,12,0.9156171284634761,0.3979848866498741,0.6020151133501259,0.07556675062972293,0.2704030226700252,0.40697544239224925,0.1540302267002519,0.433935175533152,0.28602015113350127,0.5599496221662468,0.485361072989918,0.5302267002518891,0.22418136020151133
401620430,2024-09-11 00:00:00+00:00,9,11,2024,3,Wings,91,9,Liberty,105,College Park Center,0,2024,2,0.3181818181818182,-4.659090909090909,0.3,-5.9,0.75,5.818181818181818,0.8,9.9,0,0,0,0.6818181818181819,0.25,0.6164772727272727,0.3545454545454545,0.8176100628930818,0.07421383647798742,0.4459119496855346,196,164.38490566037737,18.041591288089144,168.89530348239967,0.6764884364481403,14,0.9257861635220126,0.3081761006289308,0.6918238993710693,0.9547169811320755,0.28836477987421383,0.40057454214627586,0.1668867924528302,0.6873865350939714,0.29459119496855346,0.5385220125786163,0.5568356150912968,0.6830188679245283,0.6616352201257861
401620431,2024-09-11 02:00:00+00:00,9,11,2024,6,Sparks,66,18,Sun,86,crypto.com Arena,0,2024,2,0.25,-6.613636363636363,0.1,-8.2,0.6363636363636364,5.0227272727272725,0.6,2.0,0,0,0,0.75,0.36363636363636365,0.665340909090909,0.37443181818181814,0.9434673366834171,0.292713567839196,0.6180904522613065,152,164.4246231155779,18.065028496372783,168.9408802396711,0.3557756753221082,20,0.707286432160804,0.14321608040201006,0.8567839195979899,0.228643216080402,0.321356783919598,0.30786189111386075,0.19271356783919597,0.3561587011025431,0.3118090452261307,0.4954773869346733,0.6419656178523766,0.8065326633165829,0.10804020100502512
401620432,2024-09-11 23:00:00+00:00,9,11,2024,5,Fever,75,17,Aces,86,Gainbridge Fieldhouse,0,2024,2,0.5227272727272727,-2.6136363636363638,0.8,5.1,0.6818181818181818,6.681818181818182,0.6,4.0,0,0,0,0.4772727272727273,0.31818181818181823,0.5653409090909091,0.3329545454545455,0.2998745294855709,0.22208281053952322,0.26097867001254704,161,164.4090338770389,18.059041046319987,168.9237941386189,0.09177238431437085,11,0.7779171894604768,0.4592220828105395,0.5407779171894604,0.4090338770388959,0.2581555834378921,0.3627312034306818,0.13914680050188205,0.5224679920551664,0.2760978670012547,0.5847553324968632,0.31468613206694107,0.15683814303638646,0.38268506900878296
401620433,2024-09-12 00:00:00+00:00,9,12,2024,19,Sky,58,16,Mystics,89,Wintrust Arena,0,2024,2,0.4090909090909091,-2.022727272727273,0.3,-3.6,0.29545454545454547,-3.659090909090909,0.5,-2.2,0,0,0,0.5909090909090908,0.7045454545454546,0.5505681818181818,0.5914772727272728,0.7230576441102757,0.6754385964912281,0.6992481203007519,147,164.4047619047619,18.04811156666155,168.91678979642728,0.5216092297087933,31,0.32456140350877194,0.03007518796992481,0.9699248120300752,0.14786967418546365,0.34398496240601506,0.17206008442158027,0.20488721804511278,0.18838124281155336,0.31992481203007517,0.47518796992481205,0.7494483719131717,0.8571428571428571,0.008771929824561403
401620434,2024-09-12 02:00:00+00:00,9,12,2024,6,Sparks,82,14,Storm,90,crypto.com Arena,0,2024,2,0.25,-6.7272727272727275,0.1,-9.8,0.5227272727272727,2.9318181818181817,0.4,-0.7,0,0,0,0.75,0.4772727272727273,0.6681818181818182,0.4267045454545455,0.9499374217772215,0.4793491864831039,0.7146433041301627,172,164.38297872340425,18.04730655313571,168.89480536168819,0.014693071834057103,8,0.5206508135168961,0.6332916145181476,0.36670838548185236,0.685857321652065,0.22334167709637048,0.27984972611258435,0.2071964956195244,0.63424932431358,0.32146433041301625,0.4713391739674593,0.4577674032397511,0.4568210262828536,0.5807259073842302
401620435,2024-09-13 00:00:00+00:00,9,13,2024,3,Wings,67,9,Liberty,99,College Park Center,0,2024,2,0.3181818181818182,-4.954545454545454,0.3,-5.5,0.75,5.886363636363637,0.8,7.8,0,0,0,0.6818181818181819,0.25,0.6238636363636363,0.35284090909090904,0.815,0.0925,0.45375,166,164.3925,18.03801974845235,168.9020049371131,0.01285823551591636,32,0.9075,0.02375,0.97625,0.5475,0.34525,0.3625678124999999,0.1680625,0.481895108203125,0.295375,0.5365625,0.5339860653313937,0.62875,0.305
401620438,2024-09-13 23:30:00+00:00,9,13,2024,3,Wings,81,14,Storm,83,College Park Center,0,2024,2,0.29545454545454547,-6.0227272727272725,0.3,-6.7,0.5454545454545454,3.2045454545454546,0.5,0.3,0,0,0,0.7045454545454546,0.4545454545454546,0.6505681818181819,0.41988636363636367,0.8557213930348259,0.4141791044776119,0.6349502487562189,164,164.33084577114428,18.025441927827845,168.83720625310124,0.03536649374266576,2,0.585820895522388,0.972636815920398,0.027363184079602032,0.4962686567164179,0.15547263681592038,0.33182362441523716,0.19524253731343283,0.6682617885594304,0.31349502487562186,0.49126243781094536,0.32741047314055505,0.17164179104477612,0.6368159203980099
401620439,2024-09-13 23:30:00+00:00,9,13,2024,8,Lynx,83,19,Sky,66,Target Center,0,2024,2,0.7045454545454546,4.7272727272727275,0.9,8.0,0.38636363636363635,-2.75,0.2,-7.1,0,0,0,0.2954545454545454,0.6136363636363636,0.38181818181818183,0.56875,0.0921544209215442,0.8318804483188045,0.46201743462017436,149,164.3499377334994,18.028540254602667,168.85707279715007,0.4547810232741485,17,0.9078455790784558,0.22914072229140722,0.7708592777085927,0.18181818181818182,0.30417185554171855,0.38543506681823614,0.16930261519302614,0.4208950489662701,0.29620174346201744,0.5344956413449564,0.5522717836314921,0.6699875466998755,0.20423412204234123
401620437,2024-09-13 23:30:00+00:00,9,13,2024,5,Fever,74,17,Aces,78,Gainbridge Fieldhouse,0,2024,2,0.5,-2.9318181818181817,0.7,3.1,0.6818181818181818,6.431818181818182,0.6,3.5,0,0,0,0.5,0.31818181818181823,0.5732954545454545,0.3392045454545455,0.3895131086142322,0.22971285892634208,0.3096129837702871,152,164.39450686641698,18.026831939854695,168.90121485138064,0.3556467948938924,4,0.7702871410736579,0.8751560549313359,0.12484394506866414,0.22846441947565543,0.17496878901373283,0.40025858750220156,0.14644194756554307,0.5821103654907622,0.2809612983770287,0.5725967540574282,0.2644413157116088,0.08739076154806492,0.48314606741573035
401620436,2024-09-13 23:30:00+00:00,9,13,2024,20,Dream,69,16,Mystics,72,Gateway Center,0,2024,2,0.3409090909090909,-4.159090909090909,0.3,-0.8,0.3181818181818182,-2.75,0.6,2.0,0,0,0,0.6590909090909092,0.6818181818181819,0.6039772727272728,0.56875,0.7443890274314214,0.513715710723192,0.6290523690773067,141,164.3790523690773,18.020891194678402,168.8842751677469,0.6979358564648972,3,0.486284289276808,0.928927680798005,0.07107231920199497,0.08354114713216958,0.16421446384039898,0.28679324133556383,0.194357855361596,0.3921285404563107,0.31290523690773064,0.49273690773067336,0.46784553625976455,0.4800498753117207,0.16458852867830423
401620440,2024-09-14 02:00:00+00:00,9,14,2024,11,Mercury,69,18,Sun,88,Mortgage Matchup Center,0,2024,2,0.38636363636363635,-5.5,0.3,-7.2,0.6590909090909091,5.7272727272727275,0.7,5.2,0,0,0,0.6136363636363636,0.34090909090909094,0.6375,0.3568181818181818,0.8074534161490683,0.18012422360248448,0.4937888198757764,157,164.3304347826087,18.014232362129636,168.8339928731411,0.19408337334862324,19,0.8198757763975155,0.17142857142857143,0.8285714285714285,0.33664596273291925,0.3157142857142857,0.34894321206743567,0.17406832298136646,0.4315570309787431,0.29937888198757767,0.5265527950310559,0.5418464385106022,0.6484472049689441,0.21987577639751552
401620441,2024-09-15 19:00:00+00:00,9,15,2024,5,Fever,110,3,Wings,109,Gainbridge Fieldhouse,0,2024,2,0.5,-2.7954545454545454,0.6,1.0,0.2727272727272727,-6.454545454545454,0.3,-6.1,0,0,0,0.5,0.7272727272727273,0.5698863636363637,0.6613636363636364,0.456575682382134,0.8647642679900744,0.6606699751861043,219,164.32133995037222,18.004891431757745,168.82256280831166,0.97941813035856,1,0.543424317617866,1.0,0.0,0.9925558312655087,0.15,0.3159553349875931,0.19910049627791565,0.9275381290445727,0.31606699751861045,0.48483250620347385,0.5153169156608434,0.586848635235732,0.8672456575682382
401620442,2024-09-15 19:00:00+00:00,9,15,2024,9,Liberty,79,8,Lynx,88,Barclays Center,0,2024,2,0.75,6.545454545454546,0.8,9.8,0.7272727272727273,5.2272727272727275,0.9,8.1,0,0,0,0.25,0.2727272727272727,0.3363636363636363,0.3693181818181819,0.08302354399008674,0.06567534076827757,0.07434944237918215,167,164.3890954151177,18.096372284949823,168.91318848635515,0.005573005798402142,9,0.9343246592317225,0.563816604708798,0.436183395291202,0.573729863692689,0.2372366790582404,0.4326106220508592,0.11115241635687732,0.6549875943364821,0.25743494423791824,0.6314126394052044,0.15985347875610428,0.013630731102850062,0.61090458488228
401620443,2024-09-15 19:00:00+00:00,9,15,2024,16,Mystics,73,20,Dream,76,CareFirst Arena,0,2024,2,0.3409090909090909,-2.5,0.7,3.9,0.3409090909090909,-4.090909090909091,0.2,-2.0,0,0,0,0.6590909090909092,0.6590909090909092,0.5625,0.6022727272727273,0.44801980198019803,0.806930693069307,0.6274752475247525,149,164.39232673267327,18.085389929560986,168.9136742150635,0.4545813180804419,3,0.551980198019802,0.926980198019802,0.07301980198019797,0.1806930693069307,0.16460396039603958,0.31410063964317225,0.19412128712871288,0.47621766562332274,0.31274752475247525,0.49313118811881185,0.4205082872246918,0.37004950495049505,0.2933168316831683
401620445,2024-09-15 22:00:00+00:00,9,15,2024,17,Aces,84,18,Sun,71,Michelob ULTRA Arena,0,2024,2,0.6818181818181818,6.204545454545454,0.7,5.0,0.6590909090909091,5.4772727272727275,0.7,6.3,0,0,0,0.31818181818181823,0.34090909090909094,0.3448863636363637,0.3630681818181818,0.17139334155363747,0.17262638717632553,0.1720098643649815,155,164.40937114673244,18.07481327804396,168.92807446624343,0.2568787979501035,13,0.8286066584463625,0.3563501849568434,0.6436498150431567,0.2922318125770654,0.27872996300863134,0.370951581293588,0.12580147965474722,0.4655203651492247,0.26720098643649814,0.6069975339087547,0.30870916185078007,0.14919852034525277,0.2786683107274969
401620446,2024-09-15 22:00:00+00:00,9,15,2024,14,Storm,90,6,Sparks,87,Climate Pledge Arena,0,2024,2,0.5681818181818182,3.3636363636363638,0.6,2.2,0.25,-6.886363636363637,0.1,-9.0,0,0,0,0.43181818181818177,0.75,0.4159090909090909,0.6721590909090909,0.33250927070457353,0.9381953028430161,0.6353522867737948,177,164.3733003708282,18.082294800645133,168.89387407098948,0.09559888792860316,3,0.6674907292954264,0.927070457354759,0.07292954264524099,0.7787391841779975,0.1645859085290482,0.362356989736906,0.19530284301606923,0.8141781297908708,0.3135352286773795,0.49116192830655125,0.3535975697580371,0.2323856613102596,0.8195302843016069
401620444,2024-09-15 22:00:00+00:00,9,15,2024,19,Sky,88,11,Mercury,93,Wintrust Arena,0,2024,2,0.38636363636363635,-2.75,0.2,-7.0,0.38636363636363635,-5.5227272727272725,0.3,-8.2,0,0,0,0.6136363636363636,0.6136363636363636,0.56875,0.6380681818181818,0.8222222222222222,0.8271604938271605,0.8246913580246913,181,164.38888888888889,18.076560843145625,168.9080290996753,0.20047246225794513,5,0.1777777777777778,0.8234567901234567,0.17654320987654326,0.8382716049382716,0.18530864197530866,0.15388614540466392,0.22370370370370368,0.7135965960473505,0.3324691358024691,0.44382716049382714,0.4695620244330485,0.48148148148148145,0.7012345679012346
401620448,2024-09-17 23:00:00+00:00,9,17,2024,16,Mystics,71,9,Liberty,87,CareFirst Arena,0,2024,2,0.3181818181818182,-3.090909090909091,0.7,4.2,0.75,6.7272727272727275,0.7,6.9,0,0,0,0.6818181818181819,0.25,0.5772727272727273,0.3318181818181818,0.46248462484624847,0.12669126691266913,0.2945879458794588,158,164.3849938499385,18.05923807797158,168.8998033694314,0.16651645744571109,16,0.8733087330873308,0.25338253382533826,0.7466174661746617,0.35670356703567035,0.29932349323493235,0.37602110689003565,0.14418819188191884,0.47248474068869445,0.27945879458794587,0.5763530135301353,0.4024451743904355,0.3296432964329643,0.2878228782287823
401620447,2024-09-17 23:00:00+00:00,9,17,2024,18,Sun,76,8,Lynx,78,Mohegan Sun Arena,0,2024,2,0.6590909090909091,5.340909090909091,0.6,4.8,0.75,5.7727272727272725,0.9,7.9,0,0,0,0.34090909090909094,0.25,0.3664772727272727,0.3556818181818182,0.21921182266009853,0.05788177339901478,0.13854679802955666,154,164.39778325123152,18.0666841237658,168.91445428217295,0.2887588245521121,2,0.9421182266009852,0.9716748768472906,0.02832512315270941,0.27586206896551724,0.15566502463054188,0.48216518236307604,0.1207820197044335,0.7150715595569719,0.2638546798029557,0.6153633004926109,0.12760720524487085,0.0024630541871921183,0.7044334975369458
401620449,2024-09-17 23:30:00+00:00,9,17,2024,20,Dream,86,19,Sky,70,Gateway Center,0,2024,2,0.3409090909090909,-4.2727272727272725,0.3,-1.5,0.36363636363636365,-3.477272727272727,0.2,-7.3,0,0,0,0.6590909090909092,0.6363636363636364,0.6068181818181818,0.5869318181818182,0.7567567567567568,0.8525798525798526,0.8046683046683047,156,164.3771498771499,18.049515569261473,168.88952876946524,0.22507112795891637,16,0.2432432432432432,0.2542997542997543,0.7457002457002457,0.3194103194103194,0.29914004914004916,0.15532571883923235,0.2207002457002457,0.2865123511730192,0.33046683046683045,0.44883292383292384,0.6572640778154184,0.828009828009828,0.042997542997543
401620451,2024-09-18 02:00:00+00:00,9,18,2024,14,Storm,72,17,Aces,85,Climate Pledge Arena,0,2024,2,0.5681818181818182,3.1818181818181817,0.6,1.9,0.6818181818181818,6.340909090909091,0.8,7.6,0,0,0,0.43181818181818177,0.31818181818181823,0.4204545454545455,0.3414772727272728,0.3411042944785276,0.11411042944785275,0.22760736196319017,157,164.36687116564417,18.040811824971186,168.87707412188698,0.19483569634552667,13,0.8858895705521472,0.35828220858895704,0.641717791411043,0.3374233128834356,0.2783435582822086,0.39181960179156156,0.13414110429447854,0.49825828684982065,0.272760736196319,0.5930981595092024,0.3361644001504376,0.20368098159509201,0.3325153374233129
401620450,2024-09-18 02:30:00+00:00,9,18,2024,6,Sparks,81,11,Mercury,85,crypto.com Arena,0,2024,2,0.25,-6.704545454545454,0.1,-8.5,0.4090909090909091,-5.181818181818182,0.3,-9.5,0,0,0,0.75,0.5909090909090908,0.6676136363636364,0.6295454545454545,0.946078431372549,0.8284313725490197,0.8872549019607843,166,164.3578431372549,18.031584756730826,168.8657393264376,0.012549778714443072,4,0.17156862745098034,0.8700980392156863,0.1299019607843137,0.5502450980392157,0.17598039215686273,0.1530899173394848,0.23308823529411765,0.5325717245700182,0.33872549019607845,0.42818627450980384,0.4268366821291291,0.38357843137254904,0.4019607843137255
401620452,2024-09-19 23:00:00+00:00,9,19,2024,18,Sun,87,19,Sky,54,Mohegan Sun Arena,0,2024,2,0.6363636363636364,4.954545454545454,0.5,3.8,0.3409090909090909,-3.9545454545454546,0.2,-8.7,0,0,0,0.36363636363636365,0.6590909090909092,0.3761363636363637,0.5988636363636364,0.31211750305997554,0.8776009791921665,0.594859241126071,141,164.35985312117504,18.02062418610497,168.8650091677013,0.6974466479089779,33,0.6878824969400245,0.022031823745410038,0.97796817625459,0.08200734394124846,0.345593635250918,0.2905179785734297,0.18922888616891065,0.2739699736831167,0.3094859241126071,0.5012851897184822,0.7328385646706039,0.8567931456548348,0.03671970624235006
401620453,2024-09-19 23:00:00+00:00,9,19,2024,9,Liberty,67,20,Dream,78,Barclays Center,0,2024,2,0.7727272727272727,7.7272727272727275,0.7,7.7,0.3409090909090909,-4.0227272727272725,0.4,0.6,0,0,0,0.2272727272727273,0.6590909090909092,0.3068181818181819,0.6005681818181818,0.10635696821515893,0.6711491442542787,0.38875305623471884,145,164.3312958435208,18.028103276369894,168.83832166261325,0.5828131572008175,11,0.8936430317848411,0.45965770171149145,0.5403422982885085,0.1234718826405868,0.2580684596577017,0.40570412957837415,0.15831295843520782,0.45862073987580065,0.28887530562347186,0.5528117359413203,0.4632656735604159,0.4718826405867971,0.2628361858190709
401620454,2024-09-19 23:00:00+00:00,9,19,2024,16,Mystics,92,5,Fever,91,Capital One Arena,0,2024,2,0.3181818181818182,-3.340909090909091,0.6,2.0,0.5,-3.0681818181818183,0.7,2.1,0,0,0,0.6818181818181819,0.5,0.5835227272727272,0.5767045454545455,0.5274725274725275,0.3894993894993895,0.4584859584859585,183,164.30769230769232,18.029738458264582,168.81512692225846,0.26617650481933364,1,0.6105006105006106,1.0,0.0,0.8656898656898657,0.15000000000000002,0.3444627594627595,0.16877289377289378,0.8736763168997602,0.29584859584859585,0.5353785103785103,0.29038690845638954,0.12332112332112333,0.851037851037851
401620455,2024-09-20 00:00:00+00:00,9,20,2024,8,Lynx,51,6,Sparks,68,Target Center,0,2024,2,0.7727272727272727,6.5,0.9,6.8,0.22727272727272727,-6.9772727272727275,0.1,-8.3,0,0,0,0.2272727272727273,0.7727272727272727,0.3375,0.6744318181818182,0.07195121951219512,0.9414634146341463,0.5067073170731707,119,164.33048780487806,18.03054787466018,168.83812477354311,0.9780745483746865,17,0.9280487804878049,0.2280487804878049,0.7719512195121951,0.0012195121951219512,0.3043902439024391,0.39234086853063654,0.17600609756097563,0.3723316913567709,0.30067073170731706,0.5233231707317073,0.6694219021999179,0.8329268292682926,0.1329268292682927
401620456,2024-09-20 02:00:00+00:00,9,20,2024,17,Aces,98,3,Wings,84,Michelob ULTRA Arena,0,2024,2,0.6818181818181818,6.568181818181818,0.8,8.7,0.25,-6.75,0.2,-6.5,0,0,0,0.31818181818181823,0.75,0.33579545454545445,0.66875,0.10596833130328867,0.9098660170523751,0.5079171741778319,182,164.27527405602925,18.088865597760023,168.79749045546924,0.23383265964811395,14,0.8940316686967114,0.3105968331303289,0.6894031668696712,0.853836784409257,0.2878806333739342,0.38954056949057997,0.1761875761266748,0.6537941131650928,0.3007917174177832,0.523020706455542,0.5142163713380341,0.5858708891595615,0.607795371498173
401620457,2024-09-20 02:00:00+00:00,9,20,2024,11,Mercury,70,14,Storm,89,Mortgage Matchup Center,0,2024,2,0.4318181818181818,-4.795454545454546,0.4,-8.2,0.5681818181818182,3.477272727272727,0.6,0.8,0,0,0,0.5681818181818181,0.43181818181818177,0.6198863636363636,0.41306818181818183,0.7506082725060828,0.35036496350364965,0.5504866180048662,159,164.29683698296836,18.088413656784482,168.81894039716448,0.13699294147152763,19,0.6496350364963503,0.170316301703163,0.829683698296837,0.3746958637469586,0.3159367396593674,0.29060205658266286,0.18257299270072994,0.4021661285366541,0.3050486618004866,0.5123783454987835,0.5601625357390156,0.6909975669099757,0.18126520681265207
401721255,2024-09-22 17:00:00+00:00,9,22,2024,9,Liberty,83,20,Dream,69,Barclays Center,1,2024,3,0.75,7.159090909090909,0.7,7.4,0.36363636363636365,-3.3863636363636362,0.5,2.1,0,0,0,0.25,0.6363636363636364,0.3210227272727273,0.584659090909091,0.12515188335358446,0.5565006075334143,0.3408262454434994,152,164.29040097205348,18.078350502603577,168.80998859770438,0.3509866503139686,14,0.8748481166464155,0.31227217496962334,0.6877278250303767,0.22964763061968407,0.2875455650060753,0.38289015382480296,0.15112393681652492,0.44680829341228745,0.28408262454434996,0.5647934386391251,0.44091043701479526,0.4240583232077764,0.24179829890643986
401721253,2024-09-22 19:00:00+00:00,9,22,2024,18,Sun,93,5,Fever,69,Mohegan Sun Arena,1,2024,3,0.6363636363636364,5.363636363636363,0.6,7.5,0.5,-2.477272727272727,0.6,1.5,0,0,0,0.36363636363636365,0.5,0.36590909090909096,0.5619318181818181,0.20631067961165048,0.4393203883495146,0.32281553398058255,162,164.2754854368932,18.072436428212786,168.7935945439464,0.06821562778136092,24,0.7936893203883495,0.08737864077669903,0.912621359223301,0.441747572815534,0.3325242718446602,0.33163175134319917,0.14842233009708738,0.44125675660526376,0.28228155339805827,0.5692961165048543,0.45151852721273245,0.44781553398058255,0.2342233009708738
401721261,2024-09-22 21:00:00+00:00,9,22,2024,8,Lynx,102,11,Mercury,95,Target Center,1,2024,3,0.75,5.954545454545454,0.8,4.1,0.4318181818181818,-4.704545454545454,0.3,-10.3,0,0,0,0.25,0.5681818181818181,0.3511363636363637,0.6176136363636363,0.12727272727272726,0.816969696969697,0.47212121212121216,197,164.27272727272728,18.061640558504294,168.78813741235336,0.7047360807405268,7,0.8727272727272728,0.6945454545454546,0.3054545454545454,0.9587878787878787,0.21109090909090908,0.42314214876033057,0.1708181818181818,0.8288091600300527,0.2972121212121212,0.531969696969697,0.46232070750728516,0.4690909090909091,0.8278787878787879
401721256,2024-09-23 02:00:00+00:00,9,23,2024,17,Aces,78,14,Storm,67,Michelob ULTRA Arena,1,2024,3,0.6818181818181818,6.5,0.9,10.4,0.5909090909090909,4.159090909090909,0.6,2.3,0,0,0,0.31818181818181823,0.40909090909090906,0.3375,0.39602272727272725,0.07384987893462469,0.324455205811138,0.19915254237288135,145,164.31234866828086,18.086573424356718,168.83399202437005,0.5803198458496905,11,0.9261501210653753,0.46246973365617433,0.5375302663438257,0.1234866828087167,0.25750605326876513,0.4180798240008442,0.1298728813559322,0.47189935113490034,0.2699152542372881,0.6002118644067796,0.339989147747938,0.2106537530266344,0.28934624697336564
401721258,2024-09-24 23:30:00+00:00,9,24,2024,9,Liberty,91,20,Dream,82,Barclays Center,1,2024,3,0.7727272727272727,7.5,0.7,7.4,0.36363636363636365,-3.4318181818181817,0.5,1.8,1,0,1,0.2272727272727273,0.6363636363636364,0.3125,0.5857954545454545,0.11729141475211609,0.5610640870616687,0.3391777509068924,173,164.28899637243046,18.088092543125025,168.81101950821173,0.026460072763049847,9,0.8827085852478839,0.56590084643289,0.43409915356711004,0.7025392986698912,0.236819830713422,0.41315086068875573,0.15087666263603386,0.698754664472153,0.2839177750906892,0.565205562273277,0.3189458247330365,0.16203143893591293,0.6807738814993954
401721262,2024-09-25 01:30:00+00:00,9,25,2024,17,Aces,83,14,Storm,76,Michelob ULTRA Arena,1,2024,3,0.6818181818181818,6.113636363636363,0.9,10.4,0.5909090909090909,4.25,0.6,2.5,1,0,1,0.31818181818181823,0.40909090909090906,0.3471590909090909,0.39375000000000004,0.07608695652173914,0.322463768115942,0.19927536231884058,159,164.29951690821255,18.07968790215625,168.81943888375162,0.1371286144918299,7,0.9239130434782609,0.6956521739130435,0.30434782608695654,0.3743961352657005,0.2108695652173913,0.4434569943289225,0.1298913043478261,0.6427357640886551,0.26992753623188404,0.6001811594202899,0.21956499145335617,0.050724637681159424,0.5917874396135265
401721254,2024-09-25 23:30:00+00:00,9,25,2024,18,Sun,87,5,Fever,81,Mohegan Sun Arena,1,2024,3,0.6590909090909091,6.068181818181818,0.6,8.8,0.5,-2.6363636363636362,0.5,-1.3,1,0,1,0.34090909090909094,0.5,0.3482954545454545,0.5659090909090909,0.18214716525934863,0.51145958986731,0.3468033775633293,168,164.2931242460796,18.069704368138833,168.8105503381143,0.0010055633716352652,6,0.8178528347406514,0.758745476477684,0.24125452352231602,0.5983112183353438,0.19825090470446322,0.40803129469865745,0.1520205066344994,0.717297740471814,0.28468033775633295,0.5632991556091677,0.26418733523861593,0.08805790108564536,0.7117008443908324
401721260,2024-09-26 01:30:00+00:00,9,26,2024,8,Lynx,101,11,Mercury,88,Target Center,1,2024,3,0.7727272727272727,6.454545454545454,0.8,3.5,0.4318181818181818,-4.386363636363637,0.3,-9.6,1,0,1,0.2272727272727273,0.5681818181818181,0.3386363636363636,0.6096590909090909,0.12650602409638553,0.8060240963855422,0.46626506024096387,189,164.29759036144577,18.0592609518977,168.8124055994202,0.4646301047889193,13,0.8734939759036144,0.3602409638554217,0.6397590361445783,0.9180722891566265,0.27795180722891566,0.38755719262592536,0.16993975903614458,0.6994901240322009,0.2966265060240964,0.5334337349397591,0.5174501281939266,0.5963855421686747,0.6831325301204819
401724938,2024-09-29 19:00:00+00:00,9,29,2024,9,Liberty,87,17,Aces,77,Barclays Center,1,2024,3,0.7954545454545454,8.795454545454545,0.8,8.9,0.7045454545454546,6.590909090909091,0.9,9.3,2,2,2,0.20454545454545459,0.2954545454545454,0.2801136363636363,0.3352272727272727,0.06498194945848375,0.05415162454873646,0.05956678700361011,164,164.32731648616127,18.068709887729803,168.84449395809372,0.03530457904721385,10,0.9458483754512635,0.5078219013237064,0.4921780986762936,0.4981949458483754,0.2484356197352587,0.43058941208669477,0.10893501805054152,0.6335532681566904,0.255956678700361,0.6351083032490975,0.16765353744588085,0.02045728038507822,0.5776173285198556
401725075,2024-09-30 00:30:00+00:00,9,30,2024,8,Lynx,70,18,Sun,73,Target Center,1,2024,3,0.7727272727272727,6.5,0.9,6.6,0.6818181818181818,6.454545454545454,0.6,8.7,2,2,2,0.2272727272727273,0.31818181818181823,0.3375,0.3386363636363636,0.07572115384615384,0.171875,0.12379807692307693,143,164.32692307692307,18.057838513972904,168.8413827054163,0.640819165209146,3,0.9242788461538461,0.9266826923076923,0.07331730769230771,0.10336538461538461,0.16466346153846154,0.4695755998058432,0.11856971153846155,0.6451495554059757,0.2623798076923077,0.6190504807692307,0.1718559836975286,0.02283653846153846,0.5961538461538461
401724939,2024-10-01 23:30:00+00:00,10,1,2024,9,Liberty,88,17,Aces,84,Barclays Center,1,2024,3,0.7954545454545454,8.954545454545455,0.8,8.6,0.6818181818181818,6.340909090909091,0.8,6.4,3,2,3,0.20454545454545459,0.31818181818181823,0.2761363636363636,0.3414772727272728,0.06602641056422569,0.1212484993997599,0.0936374549819928,172,164.30132052821128,18.06210468516766,168.8168466995032,0.015409219792812845,4,0.9339735894357744,0.8703481392557023,0.1296518607442977,0.687875150060024,0.17593037214885954,0.4672365969196802,0.11404561824729892,0.8464293985862036,0.2593637454981993,0.6265906362545018,0.094056698705851,0.0,0.8367346938775511
401725076,2024-10-02 01:30:00+00:00,10,2,2024,8,Lynx,77,18,Sun,70,Target Center,1,2024,3,0.75,6.295454545454546,0.8,5.8,0.7045454545454546,6.590909090909091,0.7,9.7,2,3,3,0.25,0.2954545454545454,0.3426136363636363,0.3352272727272727,0.11750599520383694,0.11870503597122302,0.11810551558752998,147,164.310551558753,18.053228193174135,168.82385860704653,0.5184154524357778,7,0.882494004796163,0.6942446043165468,0.3057553956834532,0.1486810551558753,0.21115107913669065,0.42696211376222765,0.1177158273381295,0.5665614174981634,0.261810551558753,0.6204736211031175,0.2143570496031434,0.05275779376498801,0.4592326139088729
401725077,2024-10-04 23:30:00+00:00,10,4,2024,18,Sun,81,8,Lynx,90,Mohegan Sun Arena,1,2024,3,0.7045454545454546,6.5,0.7,9.5,0.75,6.159090909090909,0.8,5.4,3,3,3,0.2954545454545454,0.25,0.3375,0.3460227272727272,0.13532934131736526,0.1125748502994012,0.12395209580838323,171,164.28982035928144,18.052344071241592,168.80290637709183,0.00737891770214405,9,0.8874251497005988,0.5640718562874252,0.4359281437125748,0.6610778443113773,0.23718562874251498,0.4147517659292195,0.11859281437125749,0.7045307674156511,0.26239520958083834,0.6190119760479043,0.1919883750105845,0.033532934131736525,0.688622754491018
401724940,2024-10-05 01:30:00+00:00,10,5,2024,17,Aces,95,9,Liberty,81,Michelob ULTRA Arena,1,2024,3,0.6590909090909091,5.068181818181818,0.7,5.5,0.7954545454545454,8.931818181818182,0.8,8.3,2,4,4,0.34090909090909094,0.20454545454545459,0.37329545454545454,0.2767045454545455,0.1937799043062201,0.050239234449760764,0.12200956937799043,176,164.29784688995215,18.043023636447177,168.80860279906395,0.07635620547613797,14,0.9497607655502392,0.30980861244019137,0.6901913875598087,0.7559808612440191,0.28803827751196176,0.40929282754515695,0.11830143540669857,0.6691817898117156,0.26220095693779905,0.6194976076555023,0.2655865273391882,0.09688995215311005,0.6399521531100478
401724941,2024-10-06 19:00:00+00:00,10,6,2024,17,Aces,62,9,Liberty,76,Michelob ULTRA Arena,1,2024,3,0.6590909090909091,5.181818181818182,0.8,7.3,0.7727272727272727,7.795454545454546,0.7,6.5,3,4,4,0.34090909090909094,0.2272727272727273,0.3704545454545455,0.3051136363636363,0.14814814814814814,0.11589008363201912,0.13201911589008364,138,164.31182795698925,18.036765115099097,168.82101923576403,0.7677589177138786,14,0.8841099163679809,0.3106332138590203,0.6893667861409797,0.056152927120669056,0.28787335722819596,0.3860117775693757,0.11980286738351255,0.4327320730960775,0.26320191158900835,0.6169952210274792,0.35487753928811644,0.24253285543608125,0.22341696535244923
401725078,2024-10-06 21:00:00+00:00,10,6,2024,18,Sun,92,8,Lynx,82,Mohegan Sun Arena,1,2024,3,0.6818181818181818,5.818181818181818,0.6,7.4,0.75,6.159090909090909,0.8,5.6,3,4,4,0.31818181818181823,0.25,0.3545454545454545,0.3460227272727272,0.19809069212410502,0.10978520286396182,0.15393794749403342,174,164.28042959427208,18.048888177692042,168.79265163869508,0.040765805788849585,10,0.8902147971360381,0.5071599045346062,0.49284009546539376,0.7267303102625299,0.24856801909307874,0.4096111323129852,0.12309069212410502,0.7174288428044899,0.26539379474940333,0.6115155131264916,0.22995003734121816,0.06682577565632458,0.7147971360381862
401725079,2024-10-09 00:00:00+00:00,10,9,2024,8,Lynx,88,18,Sun,77,Target Center,1,2024,3,0.75,5.954545454545454,0.7,3.4,0.6818181818181818,5.886363636363637,0.6,6.4,4,4,4,0.25,0.31818181818181823,0.3511363636363637,0.35284090909090904,0.18235995232419547,0.20858164481525626,0.19547079856972588,165,164.29201430274136,18.041236790623753,168.8023235003973,0.021964521613235255,11,0.8176400476758046,0.4600715137067938,0.5399284862932062,0.5184743742550656,0.25798569725864123,0.3775517352089226,0.1293206197854589,0.6136047377672011,0.26954707985697257,0.6011323003575686,0.26588042315719407,0.09892729439809297,0.5411203814064363
401726988,2024-10-11 00:00:00+00:00,10,11,2024,9,Liberty,93,8,Lynx,95,Barclays Center,1,2024,3,0.7727272727272727,7.863636363636363,0.7,6.5,0.75,5.818181818181818,0.7,2.8,5,5,5,0.2272727272727273,0.25,0.30340909090909096,0.3545454545454545,0.12976190476190477,0.175,0.1523809523809524,188,164.29285714285714,18.03049850151623,168.8004817682362,0.43273999545663044,2,0.8702380952380953,0.9714285714285714,0.02857142857142858,0.9130952380952381,0.15571428571428572,0.45179336734693876,0.12285714285714286,0.9827763818027211,0.2652380952380952,0.611904761904762,0.15398606111981913,0.011904761904761904,0.875
401726989,2024-10-13 19:00:00+00:00,10,13,2024,9,Liberty,80,8,Lynx,66,Barclays Center,1,2024,3,0.75,7.568181818181818,0.6,3.1,0.75,5.568181818181818,0.7,2.1,5,6,6,0.25,0.25,0.31079545454545454,0.3607954545454545,0.19738406658739596,0.18549346016646848,0.19143876337693222,146,164.32104637336505,18.03829647877483,168.83062049305875,0.5511051359977421,14,0.8145065398335315,0.3103448275862069,0.6896551724137931,0.13555291319857313,0.28793103448275864,0.3611993111648694,0.12871581450653985,0.4541794523553995,0.2691438763376932,0.6021403091557669,0.37182540906265893,0.28299643281807374,0.24851367419738407
401726990,2024-10-17 00:00:00+00:00,10,17,2024,8,Lynx,77,9,Liberty,80,Target Center,1,2024,3,0.75,5.568181818181818,0.6,0.5,0.7727272727272727,8.090909090909092,0.7,5.4,6,6,6,0.25,0.2272727272727273,0.3607954545454545,0.2977272727272726,0.24584323040380046,0.12351543942992874,0.1846793349168646,157,164.29928741092635,18.038622178482314,168.80894295554694,0.19287911093336085,3,0.8764845605700713,0.9263657957244655,0.07363420427553447,0.33729216152019004,0.1647268408551069,0.4495793298390327,0.1277019002375297,0.7509469517201648,0.26846793349168646,0.6038301662707839,0.15591440514810107,0.014251781472684086,0.7624703087885986
401726991,2024-10-19 00:00:00+00:00,10,19,2024,8,Lynx,82,9,Liberty,80,Target Center,1,2024,3,0.7272727272727273,4.954545454545454,0.6,1.9,0.7954545454545454,8.545454545454545,0.7,4.1,6,7,7,0.2727272727272727,0.20454545454545459,0.3761363636363637,0.2863636363636364,0.2479240806642942,0.12336892052194544,0.18564650059311982,162,164.2906287069988,18.029660043681325,168.79804371791914,0.06861497180003318,2,0.8766310794780545,0.9715302491103203,0.028469750889679735,0.4400948991696323,0.15569395017793594,0.4545030669148904,0.12784697508896797,0.819599937892469,0.26856465005931196,0.6035883748517201,0.1284722548653218,0.004744958481613286,0.8232502965599051
401726992,2024-10-21 00:00:00+00:00,10,21,2024,9,Liberty,67,8,Lynx,62,Barclays Center,1,2024,3,0.7727272727272727,8.431818181818182,0.7,5.0,0.7272727272727273,4.75,0.6,1.4,7,7,7,0.2272727272727273,0.2727272727272727,0.28920454545454555,0.38125,0.1338862559241706,0.27014218009478674,0.20201421800947866,129,164.28791469194312,18.019135628266607,168.79269859900975,0.9127015064522462,5,0.8661137440758294,0.8210900473933649,0.17890995260663511,0.014218009478672985,0.18578199052132702,0.4340245052896386,0.1303021327014218,0.5926871318567275,0.27020142180094786,0.5994964454976304,0.288375482015847,0.1338862559241706,0.5035545023696683
401761558,2025-05-02 23:00:00+00:00,5,2,2025,17,Aces,112,3,Wings,78,Purcell Pavilion,0,2025,1,0.6363636363636364,4.704545454545454,0.7,4.8,0.22727272727272727,-7.681818181818182,0.1,-8.2,0,0,0,0.36363636363636365,0.7727272727272727,0.3823863636363637,0.6920454545454545,0.21775147928994082,0.9467455621301775,0.5822485207100592,190,164.24615384615385,18.049326830996574,168.758485553903,0.49967563713430474,34,0.7822485207100591,0.01775147928994083,0.9822485207100592,0.9313609467455621,0.3464497041420118,0.3209744056580652,0.18733727810650888,0.5864557350415149,0.3082248520710059,0.5044378698224852,0.6900694822839741,0.8520710059171598,0.49230769230769234
401761346,2025-05-03 01:00:00+00:00,5,3,2025,19,Sky,89,17473,Brazil,62,Pete Maravich Assembly Center,0,2025,1,0.3181818181818182,-4.954545454545454,0.2,-11.6,,,,,0,0,0,0.6818181818181819,,0.6238636363636363,,0.9196217494089834,0.0,0.4598108747044917,151,164.27659574468086,18.060361532737627,168.79168612786526,0.38444694035590354,27,1.0,0.06264775413711583,0.9373522458628841,0.21631205673758866,0.33747044917257685,0.3975177304964539,0.16897163120567377,0.4196992941334272,0.29598108747044916,0.5350472813238771,0.5884197221311238,0.7411347517730497,0.19858156028368795
401761353,2025-05-03 17:00:00+00:00,5,3,2025,5,Fever,79,16,Mystics,74,Gainbridge Fieldhouse,0,2025,1,0.4772727272727273,-3.1136363636363638,0.4,-3.8,0.3181818181818182,-3.3636363636363638,0.6,1.9,0,0,0,0.5227272727272727,0.6818181818181819,0.5778409090909091,0.5840909090909091,0.6528925619834711,0.5301062573789846,0.5914994096812278,153,164.26092089728454,18.055448366058627,168.7747829887992,0.3172750129837122,5,0.46989374262101535,0.8217237308146399,0.1782762691853601,0.256198347107438,0.18565525383707204,0.27276222489542234,0.18872491145218417,0.4501259819001385,0.30914994096812276,0.5021251475796931,0.41199852520550073,0.3659976387249115,0.24321133412042503
401761354,2025-05-04 20:00:00+00:00,5,4,2025,5,Fever,108,17473,Brazil,44,Carver-Hawkeye Arena,0,2025,1,0.5,-2.9318181818181817,0.4,-4.0,0.0,-27.0,0.0,-27.0,0,0,0,0.5,1.0,0.5732954545454545,1.0,0.6379716981132075,0.9870283018867925,0.8125,152,164.24764150943398,18.04892979991058,168.7598739594116,0.350225788034896,64,0.36202830188679247,0.0,1.0,0.23113207547169812,0.35,0.18265919811320755,0.221875,0.2347273551530794,0.33125,0.44687499999999997,0.7720422842202426,0.8691037735849056,0.014150943396226415
401761349,2025-05-04 22:00:00+00:00,5,4,2025,14,Storm,79,18,Sun,59,Climate Pledge Arena,0,2025,1,0.5909090909090909,4.136363636363637,0.6,2.5,0.6590909090909091,5.545454545454546,0.5,3.4,0,0,0,0.40909090909090906,0.34090909090909094,0.3965909090909091,0.36136363636363633,0.3309776207302709,0.32273262661955243,0.32685512367491165,138,164.23321554770317,18.043181410892085,168.7440109004262,0.7658187080549471,20,0.6772673733804475,0.143698468786808,0.856301531213192,0.05653710247349823,0.3212603062426384,0.29771809417578493,0.14902826855123674,0.2819026152636967,0.2826855123674912,0.5682862190812721,0.5419399355981993,0.6584216725559482,0.04122497055359246
401761347,2025-05-06 23:00:00+00:00,5,6,2025,19,Sky,74,8,Lynx,69,Wintrust Arena,0,2025,1,0.3409090909090909,-3.7045454545454546,0.3,-7.0,0.7045454545454546,4.090909090909091,0.5,-0.4,0,0,0,0.6590909090909092,0.2954545454545454,0.5926136363636363,0.3977272727272727,0.8129411764705883,0.35411764705882354,0.5835294117647059,143,164.20235294117646,18.0549871831548,168.71609973696516,0.6373602420814013,5,0.6458823529411765,0.8223529411764706,0.17764705882352938,0.10470588235294118,0.1855294117647059,0.3444731487889273,0.1875294117647059,0.4523201766741299,0.3083529411764706,0.5041176470588234,0.4684692584077633,0.4929411764705882,0.24823529411764705
401761355,2025-05-07 02:00:00+00:00,5,7,2025,17,Aces,85,11,Mercury,84,Michelob ULTRA Arena,0,2025,1,0.6590909090909091,5.704545454545454,0.7,7.8,0.4318181818181818,-4.340909090909091,0.3,-9.6,0,0,0,0.34090909090909094,0.5681818181818181,0.35738636363636367,0.6085227272727273,0.17391304347826086,0.8061104582843713,0.4900117508813161,169,164.1774383078731,18.058995047784233,168.69218706981917,0.0001452529701241323,1,0.8260869565217391,1.0,0.0,0.6216216216216216,0.15,0.4360869565217391,0.1735017626321974,0.8172972972972973,0.2990011750881316,0.527497062279671,0.25850496071875634,0.09165687426556991,0.8237367802585194
401761351,2025-05-07 02:00:00+00:00,5,7,2025,129689,Valkyries,82,6,Sparks,83,Chase Center,0,2025,1,,,,,0.25,-6.2727272727272725,0.2,-6.3,0,0,0,,0.75,,0.6568181818181819,0.0,0.9072769953051644,0.4536384976525822,165,164.18309859154928,18.049137676935846,168.69538301078325,0.02074114404889349,1,1.0,1.0,0.0,0.5211267605633803,0.15,0.51,0.16804577464788734,0.8371830985915493,0.2953638497652582,0.5365903755868544,0.24690351345483516,0.08098591549295775,0.8356807511737089
401761344,2025-05-07 15:30:00+00:00,5,7,2025,16,Mystics,70,20,Dream,80,CareFirst Arena,0,2025,1,0.3181818181818182,-3.1363636363636362,0.5,1.0,0.36363636363636365,-3.022727272727273,0.4,-0.9,0,0,0,0.6818181818181819,0.6363636363636364,0.5784090909090909,0.5755681818181818,0.6107854630715123,0.6670574443141852,0.6389214536928487,150,164.18405627198123,18.038564035075904,168.6936972807502,0.41548801703666827,10,0.38921453692848773,0.5064478311840562,0.49355216881594377,0.19929660023446658,0.24871043376318874,0.22133536693471362,0.19583821805392732,0.3145146030557228,0.3138921453692849,0.4902696365767878,0.5495343709036269,0.675263774912075,0.06447831184056271
401765028,2025-05-09 23:00:00+00:00,5,9,2025,9,Liberty,86,18,Sun,94,Barclays Center,0,2025,1,0.7727272727272727,8.295454545454545,0.7,4.1,0.6363636363636364,5.068181818181818,0.5,2.7,0,0,0,0.2272727272727273,0.36363636363636365,0.29261363636363635,0.37329545454545454,0.1405152224824356,0.34192037470725994,0.24121779859484777,180,164.16744730679156,18.034519948464002,168.67607729390755,0.17891682339869563,8,0.8594847775175645,0.6288056206088993,0.37119437939110067,0.8243559718969555,0.2242388758782201,0.4109535509984698,0.13618266978922716,0.7518711045194404,0.27412177985948477,0.589695550351288,0.26836289713008227,0.10655737704918032,0.7634660421545667
401761345,2025-05-10 19:00:00+00:00,5,10,2025,20,Dream,76,5,Fever,81,Gateway Center,0,2025,1,0.36363636363636365,-2.8636363636363638,0.5,0.9,0.5,-1.5454545454545454,0.4,1.7,0,0,0,0.6363636363636364,0.5,0.571590909090909,0.5386363636363637,0.5859649122807018,0.5157894736842106,0.5508771929824562,157,164.1859649122807,18.0320892596139,168.69398722718418,0.1896447141103358,5,0.4842105263157894,0.8210526315789474,0.17894736842105263,0.34035087719298246,0.18578947368421053,0.2785457063711911,0.18263157894736842,0.5009758954172133,0.30508771929824563,0.5122807017543859,0.37143351308453365,0.2830409356725146,0.34385964912280703
401761348,2025-05-11 00:00:00+00:00,5,11,2025,8,Lynx,92,19,Sky,87,Target Center,0,2025,1,0.7045454545454546,4.0,0.5,-0.6,0.36363636363636365,-3.090909090909091,0.4,-6.0,0,0,0,0.2954545454545454,0.6363636363636364,0.4,0.5772727272727273,0.3633177570093458,0.7429906542056075,0.5531542056074766,179,164.17757009345794,18.023214703284626,168.68337376927911,0.15110966196540943,5,0.6366822429906542,0.8212616822429907,0.17873831775700932,0.8060747663551402,0.18574766355140188,0.3406352356100969,0.1829731308411215,0.7797836995887593,0.3053154205607477,0.5117114485981308,0.36527591245600655,0.26985981308411217,0.7967289719626168
401761350,2025-05-11 00:00:00+00:00,5,11,2025,3,Wings,119,130927,Antelopes,52,College Park Center,0,2025,1,0.22727272727272727,-8.136363636363637,0.0,-13.4,,,,,0,0,0,0.7727272727272727,,0.7034090909090909,,0.9684947491248541,0.0,0.48424737456242706,171,164.1948658109685,18.019798866230502,168.69981552752614,0.008113861168795866,67,1.0,0.0,1.0,0.661610268378063,0.35,0.39,0.17263710618436406,0.5220186697782964,0.2984247374562427,0.5289381563593931,0.555962404491332,0.691948658109685,0.38506417736289383
401761352,2025-05-11 22:00:00+00:00,5,11,2025,11,Mercury,79,129689,Valkyries,84,Mortgage Matchup Center,0,2025,1,0.4318181818181818,-3.772727272727273,0.3,-7.9,0.0,-1.0,0.0,-1.0,0,0,0,0.5681818181818181,1.0,0.5943181818181819,0.525,0.7948717948717948,0.9358974358974359,0.8653846153846154,163,164.2027972027972,18.010780943818062,168.70549243875172,0.04893744397349531,5,0.20512820512820518,0.8216783216783217,0.17832167832167833,0.4731934731934732,0.18566433566433566,0.16495517303209611,0.22980769230769232,0.4809076917643351,0.33653846153846156,0.43365384615384606,0.44653567121222526,0.44871794871794873,0.3076923076923077
401765029,2025-05-13 02:00:00+00:00,5,13,2025,9,Liberty,84,130927,Antelopes,61,Matthew Knight Arena,0,2025,1,0.75,7.295454545454546,0.6,2.4,0.0,-67.0,0.0,-67.0,0,0,0,0.25,1.0,0.3176136363636364,1.0,0.20372526193247964,0.9848661233993015,0.5942956926658906,145,164.2013969732247,18.00032887305209,168.70147919148772,0.5797401555027928,23,0.7962747380675204,0.10244470314318975,0.8975552968568102,0.12456344586728754,0.32951105937136205,0.33399559685098273,0.1891443538998836,0.3385121826741644,0.30942956926658904,0.5014260768335274,0.6853800836942633,0.8498253783469151,0.08847497089639116
401736112,2025-05-16 23:30:00+00:00,5,16,2025,16,Mystics,94,20,Dream,90,CareFirst Arena,0,2025,2,0.3181818181818182,-3.25,0.5,1.1,0.36363636363636365,-2.909090909090909,0.4,-0.7,0,0,0,0.6818181818181819,0.6363636363636364,0.58125,0.5727272727272728,0.610917537746806,0.6596980255516841,0.6353077816492451,184,164.20092915214866,18.00272070060646,168.70160932730028,0.30306619902180076,4,0.389082462253194,0.8687572590011614,0.1312427409988386,0.8780487804878049,0.1762485481997677,0.24262876675556205,0.19529616724738674,0.789614786380782,0.31353077816492453,0.49117305458768873,0.412382369521043,0.3693379790940767,0.8002322880371661
401736113,2025-05-16 23:30:00+00:00,5,16,2025,3,Wings,84,8,Lynx,99,College Park Center,0,2025,2,0.25,-6.454545454545454,0.1,-6.0,0.7045454545454546,3.6818181818181817,0.5,-0.8,0,0,0,0.75,0.2954545454545454,0.6613636363636364,0.40795454545454546,0.9313953488372093,0.3569767441860465,0.6441860465116279,183,164.17906976744186,18.001759817472752,168.67950972181004,0.27124240345640704,15,0.6430232558139535,0.27906976744186046,0.7209302325581395,0.8662790697674418,0.2941860465116279,0.29750878853434287,0.1966279069767442,0.625900396348749,0.3144186046511628,0.48895348837209296,0.5949847184492312,0.7534883720930232,0.5616279069767441
401736114,2025-05-17 02:00:00+00:00,5,17,2025,129689,Valkyries,67,6,Sparks,84,Chase Center,0,2025,2,0.5,2.0,0.5,2.0,0.2727272727272727,-6.090909090909091,0.2,-6.8,0,0,0,0.5,0.7272727272727273,0.44999999999999996,0.6522727272727272,0.45011600928074247,0.9025522041763341,0.6763341067285382,151,164.22389791183295,18.004896343439412,168.7251219976928,0.38404534777349675,17,0.5498839907192575,0.2273781902552204,0.7726218097447796,0.21693735498839908,0.30452436194895594,0.26076302345486946,0.20145011600928076,0.3210503005689608,0.31763341067285383,0.4809164733178654,0.6480366938437401,0.820185614849188,0.07888631090487239
401736116,2025-05-17 17:00:00+00:00,5,17,2025,9,Liberty,92,17,Aces,78,Barclays Center,0,2025,2,0.75,7.5227272727272725,0.6,3.7,0.6590909090909091,5.295454545454546,0.7,6.6,0,0,0,0.25,0.34090909090909094,0.31193181818181814,0.3676136363636363,0.19003476245654694,0.17844727694090382,0.18424101969872536,170,164.20857473928157,18.00007916155992,168.70859452967156,0.0025703228699058833,14,0.8215527230590962,0.3128621089223638,0.6871378910776362,0.6361529548088065,0.2874275782155272,0.3639651489253715,0.12763615295480882,0.5717753603294389,0.26842410196987254,0.6039397450753187,0.2960429119342181,0.14947856315179606,0.46581691772885286
401736115,2025-05-17 19:20:00+00:00,5,17,2025,5,Fever,93,19,Sky,58,Gainbridge Fieldhouse,0,2025,2,0.5227272727272727,-0.9545454545454546,0.5,3.3,0.36363636363636365,-2.9545454545454546,0.4,-4.6,0,0,0,0.4772727272727273,0.6363636363636364,0.5238636363636363,0.5738636363636364,0.46064814814814814,0.7141203703703703,0.5873842592592593,151,164.21527777777777,17.990726281502916,168.7129593481535,0.384105586943701,35,0.5393518518518519,0.017361111111111112,0.9826388888888888,0.21643518518518517,0.34652777777777777,0.2415729488168724,0.1881076388888889,0.28024386898553,0.30873842592592593,0.5031539351851851,0.6711762803652982,0.8391203703703703,0.04050925925925926
401736117,2025-05-18 02:00:00+00:00,5,18,2025,11,Mercury,81,14,Storm,59,Mortgage Matchup Center,0,2025,2,0.4318181818181818,-3.590909090909091,0.2,-9.2,0.6136363636363636,4.704545454545454,0.6,3.8,0,0,0,0.5681818181818181,0.38636363636363635,0.5897727272727272,0.3823863636363637,0.8439306358381503,0.29364161849710985,0.5687861271676301,140,164.2,17.985925567468538,168.6964813918671,0.7199548810259154,22,0.7063583815028902,0.11329479768786127,0.8867052023121387,0.07398843930635839,0.32734104046242773,0.30483504293494607,0.1853179190751445,0.2929710295869782,0.30687861271676303,0.5078034682080925,0.6943629707983734,0.8589595375722543,0.04971098265895954
401736118,2025-05-18 17:00:00+00:00,5,18,2025,18,Sun,85,16,Mystics,90,Mohegan Sun Arena,0,2025,2,0.6363636363636364,5.159090909090909,0.6,3.7,0.3409090909090909,-3.090909090909091,0.5,1.1,0,0,0,0.36363636363636365,0.6590909090909092,0.3710227272727272,0.5772727272727273,0.279445727482679,0.5808314087759815,0.43013856812933027,175,164.17205542725173,17.99432677909241,168.67063712202483,0.059986708535321176,5,0.7205542725173211,0.8221709006928406,0.1778290993071594,0.7424942263279446,0.1855658198614319,0.3748654321053502,0.16452078521939956,0.7682909517758684,0.293013856812933,0.5424653579676675,0.2953107229684962,0.14780600461893764,0.7875288683602771
401736119,2025-05-18 22:00:00+00:00,5,18,2025,6,Sparks,75,8,Lynx,89,crypto.com Arena,0,2025,2,0.2727272727272727,-5.75,0.3,-3.3,0.7045454545454546,3.7045454545454546,0.5,-0.2,0,0,0,0.7272727272727273,0.2954545454545454,0.64375,0.4073863636363637,0.8246828143021915,0.35294117647058826,0.5888119953863898,164,164.18454440599768,17.98769379476755,168.68146785468957,0.03330041496654235,14,0.6470588235294117,0.314878892733564,0.685121107266436,0.4994232987312572,0.2870242214532872,0.30196621209037244,0.18832179930795848,0.48607209505370375,0.308881199538639,0.5027970011534025,0.5139451290293261,0.5905420991926182,0.3137254901960784
401736120,2025-05-20 00:00:00+00:00,5,20,2025,3,Wings,71,14,Storm,79,College Park Center,0,2025,2,0.25,-6.7272727272727275,0.1,-7.1,0.5909090909090909,3.6136363636363638,0.6,2.3,0,0,0,0.75,0.40909090909090906,0.6681818181818182,0.4096590909090909,0.9354838709677419,0.3352534562211982,0.63536866359447,150,164.18433179723502,17.977318367252593,168.67866138904816,0.4171198302815019,8,0.6647465437788018,0.6290322580645161,0.3709677419354839,0.19815668202764977,0.22419354838709676,0.33543797383677715,0.1953052995391705,0.44729514897664613,0.313536866359447,0.4911578341013825,0.5098440733906981,0.5806451612903226,0.24308755760368664
401736121,2025-05-20 23:00:00+00:00,5,20,2025,18,Sun,62,17,Aces,87,Mohegan Sun Arena,0,2025,2,0.6136363636363636,4.5227272727272725,0.5,-0.1,0.6363636363636364,4.659090909090909,0.6,3.9,0,0,0,0.38636363636363635,0.36363636363636365,0.3869318181818182,0.3835227272727273,0.3912543153049482,0.27502876869965476,0.3331415420023015,149,164.16800920598388,17.97340170803625,168.66135963299294,0.4502678699452922,25,0.7249712313003452,0.07710011507479862,0.9228998849252014,0.18296892980437285,0.3345799769850403,0.3077471890100257,0.14997123130034523,0.33173121722788446,0.28331415420023015,0.5667146144994246,0.5177940077293306,0.6018411967779056,0.08975834292289989
401736122,2025-05-20 23:00:00+00:00,5,20,2025,5,Fever,90,20,Dream,91,Gainbridge Fieldhouse,0,2025,2,0.5454545454545454,0.6590909090909091,0.5,6.4,0.3409090909090909,-3.25,0.4,-0.7,0,0,0,0.4545454545454546,0.6590909090909092,0.48352272727272727,0.58125,0.3954022988505747,0.6804597701149425,0.5379310344827586,181,164.15057471264367,17.970416640628972,168.64317887280092,0.21054366664160018,1,0.6045977011494252,1.0,0.0,0.8390804597701149,0.15000000000000002,0.34195402298850575,0.1806896551724138,0.8589351301360814,0.30379310344827587,0.5155172413793103,0.31535578547307674,0.1724137931034483,0.8482758620689655
401736123,2025-05-22 00:00:00+00:00,5,22,2025,8,Lynx,85,3,Wings,81,Target Center,0,2025,2,0.7045454545454546,3.909090909090909,0.6,2.2,0.22727272727272727,-6.9772727272727275,0.1,-6.8,0,0,0,0.2954545454545454,0.7727272727272727,0.4022727272727272,0.6744318181818182,0.27898966704936856,0.9322617680826636,0.605625717566016,166,164.1699196326062,17.969157864556415,168.6622090987453,0.010914853287882997,4,0.7210103329506314,0.8691159586681975,0.13088404133180254,0.5533869115958668,0.1761768082663605,0.3793748360555256,0.19084385763490241,0.7026979264318693,0.3105625717566016,0.49859357060849596,0.34469180615845296,0.23421354764638347,0.687715269804822
401736124,2025-05-22 02:00:00+00:00,5,22,2025,129689,Valkyries,76,16,Mystics,74,Chase Center,0,2025,2,0.3333333333333333,-4.333333333333333,0.3333333333333333,-4.333333333333333,0.36363636363636365,-2.840909090909091,0.5,0.3,0,0,0,0.6666666666666667,0.6363636363636364,0.6083333333333333,0.5710227272727273,0.7869415807560137,0.5738831615120275,0.6804123711340206,150,164.184421534937,17.952386955502213,168.67251827381256,0.41778643286003614,2,0.42611683848797255,0.9690721649484536,0.030927835051546393,0.1981672394043528,0.15618556701030928,0.26416321252701314,0.2020618556701031,0.43741439847162816,0.31804123711340204,0.4798969072164949,0.42078282135758327,0.3848797250859107,0.23024054982817868
401736125,2025-05-22 02:00:00+00:00,5,22,2025,11,Mercury,89,6,Sparks,86,Mortgage Matchup Center,0,2025,2,0.45454545454545453,-2.8863636363636362,0.3,-5.7,0.25,-6.181818181818182,0.3,-4.0,0,0,0,0.5454545454545454,0.75,0.5721590909090909,0.6545454545454545,0.7362385321100917,0.8463302752293578,0.7912844036697247,175,164.17201834862385,17.95894659011292,168.66175499615207,0.06037993746732251,3,0.2637614678899083,0.9243119266055045,0.07568807339449546,0.7419724770642202,0.1651376146788991,0.193588502651292,0.21869266055045872,0.6983006727069432,0.3291284403669725,0.45217889908256886,0.3959178572318935,0.32798165137614677,0.6777522935779816
401736126,2025-05-22 23:30:00+00:00,5,22,2025,20,Dream,76,5,Fever,81,State Farm Arena,0,2025,2,0.36363636363636365,-3.159090909090909,0.5,0.6,0.5454545454545454,0.8863636363636364,0.5,7.4,0,0,0,0.6363636363636364,0.4545454545454546,0.5789772727272727,0.47784090909090904,0.5903890160183066,0.3718535469107552,0.4811212814645309,157,164.16819221967964,17.948516029355233,168.65532122701845,0.19009966059898664,5,0.6281464530892449,0.8192219679633868,0.18077803203661325,0.34096109839816935,0.18615560640732265,0.33699117396017153,0.17216819221967966,0.5555919541459836,0.2981121281464531,0.5297196796338672,0.34148064984189164,0.22768878718535468,0.4439359267734554
401736127,2025-05-23 00:00:00+00:00,5,23,2025,19,Sky,74,9,Liberty,99,Wintrust Arena,0,2025,2,0.3409090909090909,-4.840909090909091,0.3,-9.5,0.75,7.454545454545454,0.6,4.7,0,0,0,0.6590909090909092,0.25,0.6210227272727272,0.3136363636363637,0.8571428571428571,0.17714285714285713,0.5171428571428571,173,164.16,17.939881807518532,168.64497045187963,0.029035575013176884,25,0.8228571428571428,0.07771428571428571,0.9222857142857143,0.704,0.3344571428571429,0.3403776326530612,0.17757142857142857,0.5305789716151603,0.3017142857142857,0.5207142857142857,0.5527063375140745,0.6834285714285714,0.40114285714285713
401736128,2025-05-23 23:30:00+00:00,5,23,2025,8,Lynx,76,18,Sun,70,Target Center,0,2025,2,0.7045454545454546,3.727272727272727,0.6,1.5,0.5909090909090909,3.909090909090909,0.4,-5.0,0,0,0,0.2954545454545454,0.40909090909090906,0.40681818181818186,0.4022727272727272,0.2922374429223744,0.4840182648401826,0.3881278538812785,146,164.1700913242009,17.932115049906376,168.65312008667752,0.5497384989859966,6,0.7077625570776256,0.7488584474885844,0.25114155251141557,0.1358447488584475,0.20022831050228312,0.36300139696837014,0.15821917808219177,0.4728837143078295,0.2888127853881278,0.5529680365296804,0.37413436206043216,0.2910958904109589,0.295662100456621
401736129,2025-05-24 02:00:00+00:00,5,24,2025,17,Aces,75,16,Mystics,72,Michelob ULTRA Arena,0,2025,2,0.6590909090909091,5.318181818181818,0.6,5.0,0.36363636363636365,-2.772727272727273,0.5,0.8,0,0,0,0.34090909090909094,0.6363636363636364,0.36704545454545445,0.5693181818181818,0.23261117445838084,0.5678449258836944,0.40022805017103763,147,164.14937286202965,17.9323765304799,168.63246699464963,0.5169441390250986,3,0.7673888255416191,0.9236031927023945,0.07639680729760545,0.15051311288483465,0.16527936145952107,0.4037497090865122,0.16003420752565564,0.5646048315966433,0.29002280501710376,0.5499429874572406,0.3249881715459635,0.1847206385404789,0.4606613454960091
401736130,2025-05-24 02:00:00+00:00,5,24,2025,6,Sparks,73,129689,Valkyries,82,crypto.com Arena,0,2025,2,0.22727272727272727,-6.545454545454546,0.3,-2.9,0.5,-2.75,0.5,-2.75,0,0,0,0.7727272727272727,0.5,0.6636363636363637,0.56875,0.8553530751708428,0.5387243735763098,0.6970387243735763,155,164.12984054669704,17.931492530626496,168.61271367935367,0.2503548034035129,9,0.46127562642369024,0.5603644646924829,0.4396355353075171,0.29954441913439633,0.2379271070615034,0.2519701148292091,0.20455580865603645,0.40374351423533295,0.31970387243735765,0.47574031890660595,0.5233741373837515,0.6127562642369021,0.18223234624145787
401736131,2025-05-24 02:00:00+00:00,5,24,2025,14,Storm,77,11,Mercury,70,Climate Pledge Arena,0,2025,2,0.6136363636363636,4.090909090909091,0.6,0.7,0.45454545454545453,-2.8863636363636362,0.4,-3.0,0,0,0,0.38636363636363635,0.5454545454545454,0.3977272727272727,0.5721590909090909,0.34015927189988626,0.6427758816837316,0.4914675767918089,147,164.11945392491467,17.92392355742321,168.60043481427047,0.5162340930845672,7,0.6598407281001137,0.6871444823663254,0.3128555176336746,0.15017064846416384,0.21257110352673492,0.33853171783532066,0.17372013651877133,0.44029445415045354,0.29914675767918086,0.5271331058020479,0.44233880100372336,0.44368600682593856,0.23321956769055746
401736132,2025-05-24 17:00:00+00:00,5,24,2025,5,Fever,88,9,Liberty,90,Gainbridge Fieldhouse,0,2025,2,0.5681818181818182,1.0909090909090908,0.6,8.3,0.75,7.863636363636363,0.7,8.6,0,0,0,0.43181818181818177,0.25,0.4727272727272728,0.30340909090909096,0.30568181818181817,0.09886363636363636,0.20227272727272727,178,164.1,17.92301829367486,168.58075457341872,0.12898460701473635,2,0.9011363636363636,0.9693181818181819,0.030681818181818143,0.7965909090909091,0.15613636363636363,0.4646044679752066,0.1303409090909091,0.8931641188486101,0.2702272727272727,0.5994318181818181,0.1463517436643071,0.011363636363636364,0.8704545454545455
401736133,2025-05-24 19:00:00+00:00,5,24,2025,20,Dream,83,3,Wings,75,Gateway Center,0,2025,2,0.3409090909090909,-3.3863636363636362,0.5,0.4,0.20454545454545456,-7.25,0.1,-5.7,0,0,0,0.6590909090909092,0.7954545454545454,0.584659090909091,0.68125,0.6083995459704881,0.9330306469920545,0.7707150964812712,158,164.11577752553916,17.918952342688446,168.59551561121128,0.16039113706306007,8,0.39160045402951194,0.6242905788876277,0.37570942111237227,0.3654937570942111,0.22514188422247444,0.22920320655121812,0.2156072644721907,0.4306885294333651,0.32707150964812715,0.45732122587968216,0.5099297145867906,0.583427922814983,0.2133938706015891
401736134,2025-05-25 19:00:00+00:00,5,25,2025,20,Dream,79,18,Sun,55,Gateway Center,0,2025,2,0.36363636363636365,-2.909090909090909,0.5,0.9,0.5681818181818182,3.340909090909091,0.3,-6.2,0,0,0,0.6363636363636364,0.43181818181818177,0.5727272727272728,0.41647727272727275,0.5839002267573696,0.5793650793650794,0.5816326530612246,134,164.10884353741497,17.90996371437361,168.58633446600837,0.8450444714340308,24,0.4206349206349206,0.09070294784580499,0.909297052154195,0.035147392290249435,0.331859410430839,0.20733569089011267,0.1872448979591837,0.1745937056690485,0.3081632653061225,0.5045918367346939,0.731929303262742,0.8650793650793651,0.0045351473922902496
401736136,2025-05-25 22:00:00+00:00,5,25,2025,11,Mercury,68,16,Mystics,62,Mortgage Matchup Center,0,2025,2,0.4318181818181818,-3.272727272727273,0.4,-1.8,0.36363636363636365,-2.6818181818181817,0.4,-2.6,0,0,0,0.5681818181818181,0.6363636363636364,0.5818181818181818,0.5670454545454545,0.6508474576271186,0.6836158192090396,0.6672316384180791,130,164.10282485875706,17.921448856474143,168.5831870728756,0.9014805410522204,6,0.3491525423728814,0.7491525423728813,0.2508474576271187,0.015819209039548022,0.20016949152542374,0.21961447859810398,0.20008474576271185,0.24359299051996555,0.31672316384180793,0.4831920903954802,0.5822227554330331,0.7288135593220338,0.023728813559322035
401736137,2025-05-25 22:00:00+00:00,5,25,2025,14,Storm,102,17,Aces,82,Climate Pledge Arena,0,2025,2,0.6363636363636364,4.454545454545454,0.6,0.6,0.6590909090909091,5.068181818181818,0.6,4.2,0,0,0,0.36363636363636365,0.34090909090909094,0.38863636363636367,0.37329545454545454,0.3261608154020385,0.2559456398640997,0.29105322763306907,184,164.07474518686297,17.928462872550213,168.55686090500052,0.3099449461378079,20,0.7440543601359003,0.14722536806342015,0.8527746319365799,0.8799546998867497,0.320554926387316,0.32071654210845607,0.14365798414496037,0.6013927588780872,0.2791053227633069,0.5772366930917328,0.4505466076816833,0.45866364665911663,0.5300113250283126
401736135,2025-05-25 22:00:00+00:00,5,25,2025,6,Sparks,91,19,Sky,78,crypto.com Arena,0,2025,2,0.22727272727272727,-6.5,0.3,-2.6,0.3409090909090909,-5.2272727272727275,0.2,-13.5,0,0,0,0.7727272727272727,0.6590909090909092,0.6625,0.6306818181818181,0.8506787330316742,0.920814479638009,0.8857466063348416,169,164.09728506787332,17.93083583405968,168.57999402638825,0.00027429652178723174,13,0.14932126696832582,0.3608597285067873,0.6391402714932126,0.6210407239819005,0.27782805429864255,0.1261350095206896,0.23286199095022625,0.457165892723651,0.3385746606334842,0.4285633484162895,0.5960591052114063,0.7567873303167421,0.26357466063348417
401736139,2025-05-27 23:00:00+00:00,5,27,2025,9,Liberty,95,129689,Valkyries,67,Barclays Center,0,2025,2,0.75,7.795454545454546,0.7,7.4,0.6,-0.4,0.6,-0.4,0,0,0,0.25,0.4,0.3051136363636363,0.51,0.12415349887133183,0.39164785553047404,0.25790067720090293,162,164.06433408577877,17.947926338118922,168.5513156703085,0.06444847742272641,28,0.8758465011286681,0.05417607223476298,0.945823927765237,0.44469525959367945,0.3391647855530474,0.35547862664268354,0.13868510158013544,0.4521053535698596,0.2757900677200903,0.5855248306997742,0.4207941390831282,0.38487584650112866,0.2528216704288939
401736138,2025-05-27 23:00:00+00:00,5,27,2025,18,Sun,87,3,Wings,109,Mohegan Sun Arena,0,2025,2,0.5454545454545454,2.409090909090909,0.2,-8.9,0.20454545454545456,-7.2272727272727275,0.1,-5.1,0,0,0,0.4545454545454546,0.7954545454545454,0.4397727272727272,0.6806818181818182,0.7215332581736189,0.9312288613303269,0.826381059751973,196,164.0620067643743,17.937928768928185,168.54648895660634,0.68999703227712,22,0.2784667418263811,0.1161217587373168,0.8838782412626832,0.9560315670800451,0.3267756482525367,0.16105773104939317,0.22395715896279594,0.5993459140568519,0.3326381059751973,0.4434047350620067,0.8149626339874356,0.8804960541149943,0.5264937993235626
401736140,2025-05-28 00:00:00+00:00,5,28,2025,8,Lynx,82,14,Storm,77,Target Center,0,2025,2,0.7045454545454546,3.5681818181818183,0.6,1.9,0.6363636363636364,4.704545454545454,0.6,2.4,0,0,0,0.2954545454545454,0.36363636363636365,0.4107954545454545,0.3823863636363637,0.2849099099099099,0.29504504504504503,0.2899774774774775,159,164.09797297297297,17.959822263282383,168.58792853879356,0.13281263011462274,5,0.7150900900900901,0.8198198198198198,0.18018018018018023,0.38063063063063063,0.18603603603603605,0.3724251785569353,0.14349662162162163,0.6064172548872832,0.27899774774774777,0.5775056306306307,0.23679165418849424,0.07094594594594594,0.5405405405405406
401736141,2025-05-28 02:00:00+00:00,5,28,2025,6,Sparks,82,20,Dream,88,crypto.com Arena,0,2025,2,0.25,-6.045454545454546,0.4,0.7,0.36363636363636365,-2.5,0.5,1.7,0,0,0,0.75,0.6363636363636364,0.6511363636363636,0.5625,0.7480314960629921,0.5489313835770528,0.6484814398200225,170,164.09223847019123,17.950521224001772,168.5798687761917,0.00312459294461942,6,0.45106861642294716,0.749156355455568,0.250843644544432,0.6377952755905512,0.20016872890888635,0.2603725195205492,0.19727221597300337,0.6294138025125524,0.3148481439820022,0.4878796400449944,0.39597494272394645,0.32845894263217096,0.578177727784027
401736142,2025-05-28 02:00:00+00:00,5,28,2025,11,Mercury,94,19,Sky,89,Mortgage Matchup Center,0,2025,2,0.4318181818181818,-3.2045454545454546,0.4,-1.7,0.3181818181818182,-5.7272727272727275,0.2,-11.7,0,0,0,0.5681818181818181,0.6818181818181819,0.5801136363636363,0.6431818181818182,0.647191011235955,0.9112359550561798,0.7792134831460674,183,164.09887640449438,17.941515376054674,168.58425524850804,0.27587724755058396,5,0.352808988764045,0.8202247191011236,0.1797752808988764,0.8662921348314607,0.18595505617977529,0.22500568110087116,0.21688202247191013,0.7604419173041652,0.32792134831460673,0.45519662921348314,0.47348031887453834,0.5101123595505618,0.7797752808988764
401736143,2025-05-28 23:30:00+00:00,5,28,2025,16,Mystics,83,5,Fever,77,CFG Bank Arena,0,2025,2,0.36363636363636365,-2.6136363636363638,0.3,-3.5,0.5681818181818182,1.0909090909090908,0.5,8.0,0,0,0,0.6363636363636364,0.43181818181818177,0.5653409090909091,0.4727272727272728,0.7530864197530864,0.3490460157126824,0.5510662177328844,160,164.12008978675647,17.942609833365342,168.60574224509782,0.10865217488119605,6,0.6509539842873175,0.7485970819304153,0.2514029180695847,0.3984287317620651,0.20028058361391693,0.3402622118428328,0.1826599326599327,0.5681536940607128,0.30510662177328846,0.5122334455667787,0.3788256414280804,0.29741863075196406,0.4657687991021324
401736144,2025-05-29 23:00:00+00:00,5,29,2025,9,Liberty,82,129689,Valkyries,77,Barclays Center,0,2025,2,0.75,8.25,0.8,10.4,0.5,-5.0,0.5,-5.0,0,0,0,0.25,0.5,0.29374999999999996,0.625,0.06726457399103139,0.6132286995515696,0.34024663677130046,159,164.11547085201795,17.933068805774425,168.59873805346155,0.1334609988719544,5,0.9327354260089686,0.820627802690583,0.179372197309417,0.3789237668161435,0.1858744394618834,0.46109443182046694,0.15103699551569508,0.6855304699903972,0.28402466367713003,0.5649383408071749,0.2633220467447785,0.0952914798206278,0.6636771300448431
401736145,2025-05-30 00:00:00+00:00,5,30,2025,19,Sky,97,3,Wings,92,Wintrust Arena,0,2025,2,0.29545454545454547,-6.045454545454546,0.2,-10.5,0.22727272727272727,-6.613636363636363,0.2,0.3,0,0,0,0.7045454545454546,0.7727272727272727,0.6511363636363636,0.665340909090909,0.9260918253079508,0.8544232922732363,0.8902575587905935,189,164.10974244120942,17.92383128263562,168.59070026186834,0.4770570105346903,5,0.14557670772676368,0.8208286674132139,0.17917133258678608,0.9204927211646137,0.1858342665173572,0.1406783568604387,0.23353863381858903,0.7624661968750389,0.33902575587905937,0.42743561030235167,0.5526827219238843,0.683090705487122,0.7827547592385219
401736146,2025-05-30 23:30:00+00:00,5,30,2025,5,Fever,83,18,Sun,85,Gainbridge Fieldhouse,0,2025,2,0.5454545454545454,0.8409090909090909,0.5,7.5,0.5454545454545454,2.0681818181818183,0.2,-10.4,0,0,0,0.4545454545454546,0.4545454545454546,0.47897727272727275,0.4482954545454545,0.38100558659217876,0.740782122905028,0.5608938547486033,168,164.1195530726257,17.931207339943438,168.60235490761156,0.0005640704261998808,2,0.6189944134078212,0.9698324022346368,0.030167597765363152,0.5988826815642458,0.15603351955307262,0.3456019162947474,0.1841340782122905,0.7302217201807949,0.3060893854748603,0.5097765363128492,0.29526837256213323,0.1463687150837989,0.735195530726257
401736147,2025-05-30 23:30:00+00:00,5,30,2025,16,Mystics,63,9,Liberty,85,CareFirst Arena,0,2025,2,0.38636363636363635,-2.4318181818181817,0.4,-2.6,0.7727272727272727,8.5,0.8,9.5,0,0,0,0.6136363636363636,0.2272727272727273,0.5607954545454545,0.2875,0.6789709172259508,0.04809843400447427,0.3635346756152125,148,164.13758389261744,17.933124405156065,168.62086499390645,0.4837205693604695,22,0.9519015659955258,0.116331096196868,0.883668903803132,0.16778523489932887,0.3267337807606264,0.38776820613686075,0.15453020134228188,0.40403024925156994,0.28635346756152125,0.5591163310961969,0.5310492658132155,0.6331096196868009,0.18232662192393737
401736149,2025-05-31 02:00:00+00:00,5,31,2025,11,Mercury,71,8,Lynx,74,Mortgage Matchup Center,0,2025,2,0.45454545454545453,-2.75,0.4,-1.6,0.7045454545454546,3.3863636363636362,0.7,3.8,0,0,0,0.5454545454545454,0.2954545454545454,0.56875,0.41534090909090904,0.6205357142857143,0.2109375,0.41573660714285715,145,164.12388392857142,17.92165597658143,168.60429792271677,0.5799380350912231,3,0.7890625,0.9229910714285714,0.0770089285714286,0.12276785714285714,0.1654017857142857,0.4127348981584821,0.16236049107142858,0.5632542277355583,0.2915736607142857,0.5460658482142857,0.3436323623928603,0.234375,0.45982142857142855
401736150,2025-05-31 02:00:00+00:00,5,31,2025,14,Storm,87,20,Dream,94,Climate Pledge Arena,0,2025,2,0.6363636363636364,4.840909090909091,0.5,1.6,0.36363636363636365,-2.4545454545454546,0.5,1.2,0,0,0,0.36363636363636365,0.6363636363636364,0.3789772727272728,0.5613636363636363,0.3556298773690078,0.5540691192865106,0.4548494983277592,181,164.10256410256412,17.92303000551956,168.583321603944,0.21334899803503937,7,0.6443701226309921,0.6822742474916388,0.3177257525083612,0.8383500557413601,0.21354515050167222,0.33202948885732075,0.16822742474916388,0.7451048108948541,0.29548494983277596,0.5362876254180602,0.37370448793355315,0.2909698996655518,0.7569676700111483
401736148,2025-05-31 02:00:00+00:00,5,31,2025,17,Aces,96,6,Sparks,81,Michelob ULTRA Arena,0,2025,2,0.6590909090909091,4.909090909090909,0.5,1.5,0.22727272727272727,-6.2272727272727275,0.4,0.9,0,0,0,0.34090909090909094,0.7727272727272727,0.3772727272727272,0.6556818181818181,0.3429844097995546,0.7616926503340757,0.5523385300668151,177,164.12138084632517,17.92190943451579,168.6018582049541,0.10397886790377198,15,0.6570155902004454,0.2795100222717149,0.7204899777282852,0.779510022271715,0.294097995545657,0.3024845114855581,0.18285077951002227,0.5922423995912719,0.3052338530066815,0.5119153674832962,0.5216811305978142,0.611358574610245,0.5100222717149221
401736151,2025-06-01 00:00:00+00:00,6,1,2025,3,Wings,83,19,Sky,94,College Park Center,0,2025,2,0.20454545454545456,-7.068181818181818,0.2,0.0,0.3181818181818182,-5.840909090909091,0.3,-9.5,0,0,0,0.7954545454545454,0.6818181818181819,0.6767045454545455,0.6460227272727272,0.8765294771968855,0.8665183537263627,0.8715239154616241,177,164.1357063403782,17.91707711564615,168.61497561928974,0.10372466476060693,11,0.13348164627363734,0.4549499443826474,0.5450500556173525,0.778642936596218,0.2590100111234705,0.12355328068141463,0.23072858731924362,0.5715463724917635,0.3371523915461624,0.432119021134594,0.5842992363788019,0.7352614015572859,0.4682981090100111
401736152,2025-06-01 19:00:00+00:00,6,1,2025,9,Liberty,100,18,Sun,52,Barclays Center,0,2025,2,0.7727272727272727,8.704545454545455,0.8,11.4,0.5454545454545454,1.7272727272727273,0.3,-9.3,0,0,0,0.2272727272727273,0.4545454545454546,0.2823863636363637,0.4568181818181818,0.05333333333333334,0.67,0.3616666666666667,152,164.15,17.912242816412657,168.62806070410318,0.35006112520430754,48,0.9466666666666667,0.0044444444444444444,0.9955555555555555,0.23666666666666666,0.34911111111111115,0.3731762962962963,0.15425,0.3978757267489712,0.2861666666666667,0.5595833333333333,0.5412743822664682,0.66,0.1688888888888889
401736153,2025-06-01 22:00:00+00:00,6,1,2025,6,Sparks,80,11,Mercury,85,crypto.com Arena,0,2025,2,0.22727272727272727,-6.454545454545454,0.4,-0.3,0.45454545454545453,-2.2954545454545454,0.4,0.0,0,0,0,0.7727272727272727,0.5454545454545454,0.6613636363636364,0.5573863636363636,0.781354051054384,0.5760266370699223,0.6786903440621532,165,164.13651498335184,17.90686425359615,168.61323104675088,0.020151590685947074,5,0.4239733629300777,0.8201997780244173,0.17980022197558265,0.5216426193118757,0.18596004439511654,0.25396962432911513,0.201803551609323,0.5793044894980707,0.31786903440621533,0.4803274139844616,0.38721316337600165,0.31520532741398444,0.4839067702552719
401736154,2025-06-01 22:00:00+00:00,6,1,2025,14,Storm,70,17,Aces,75,Climate Pledge Arena,0,2025,2,0.6136363636363636,4.636363636363637,0.5,2.2,0.6818181818181818,5.340909090909091,0.6,4.0,0,0,0,0.38636363636363635,0.31818181818181823,0.38409090909090904,0.3664772727272727,0.36585365853658536,0.23835920177383593,0.30210643015521066,145,164.13747228381374,17.896947371970448,168.61170912680635,0.5811723949531126,5,0.761640798226164,0.8203991130820399,0.17960088691796006,0.12195121951219512,0.185920177383592,0.39142618522032835,0.1453159645232816,0.5142732140123498,0.28021064301552107,0.5744733924611973,0.3083318129519622,0.1607538802660754,0.3713968957871397
401736155,2025-06-02 00:30:00+00:00,6,2,2025,129689,Valkyries,75,8,Lynx,86,Chase Center,0,2025,2,0.42857142857142855,-5.0,0.42857142857142855,-5.0,0.7045454545454546,3.340909090909091,0.8,4.4,0,0,0,0.5714285714285714,0.2954545454545454,0.625,0.41647727272727275,0.707641196013289,0.16057585825027684,0.43410852713178294,161,164.11627906976744,17.898357723523006,168.59086850064818,0.08600899727553257,11,0.8394241417497231,0.45514950166112955,0.5448504983388704,0.41971207087486156,0.25897009966777407,0.38512218408185345,0.16511627906976745,0.5420526884437493,0.2934108527131783,0.5414728682170542,0.4091245242189932,0.36323366555924697,0.4186046511627907
401736156,2025-06-03 23:00:00+00:00,6,3,2025,5,Fever,85,16,Mystics,76,Gainbridge Fieldhouse,0,2025,2,0.5454545454545454,1.2272727272727273,0.5,9.7,0.38636363636363635,-2.8636363636363638,0.4,-3.2,0,0,0,0.4545454545454546,0.6136363636363636,0.46931818181818186,0.571590909090909,0.34292035398230086,0.6814159292035398,0.5121681415929203,161,164.11283185840708,17.888744741539416,168.58501804379193,0.08597057091850868,9,0.6570796460176991,0.5564159292035398,0.44358407079646023,0.4192477876106195,0.23871681415929205,0.3262401617197901,0.17682522123893807,0.5207720078512188,0.301216814159292,0.5219579646017699,0.4161469865595345,0.37831858407079644,0.38495575221238937
401736157,2025-06-04 00:00:00+00:00,6,4,2025,8,Lynx,88,11,Mercury,65,Target Center,0,2025,2,0.7272727272727273,3.727272727272727,0.8,5.3,0.4772727272727273,-2.1136363636363638,0.5,1.2,0,0,0,0.2727272727272727,0.5227272727272727,0.40681818181818186,0.5528409090909091,0.14917127071823205,0.48287292817679556,0.3160220994475138,153,164.10939226519338,17.879147212621856,168.57917906834885,0.3158885155590939,23,0.850828729281768,0.10497237569060773,0.8950276243093923,0.261878453038674,0.3290055248618785,0.35255013583223954,0.14740331491712708,0.4003290889096168,0.2816022099447514,0.5709944751381215,0.47905164411086687,0.523756906077348,0.1723756906077348
401736158,2025-06-04 01:30:00+00:00,6,4,2025,14,Storm,83,3,Wings,77,Climate Pledge Arena,0,2025,2,0.5909090909090909,3.7954545454545454,0.4,-0.2,0.18181818181818182,-7.340909090909091,0.2,-1.0,0,0,0,0.40909090909090906,0.8181818181818181,0.4051136363636363,0.6835227272727272,0.4613686534216336,0.8929359823399559,0.6771523178807948,160,164.0971302428256,17.873077767482176,168.56539968469616,0.10848495479444664,6,0.5386313465783664,0.7461368653421634,0.2538631346578366,0.3984547461368653,0.20077262693156733,0.29516719539591346,0.20157284768211922,0.5292227264569778,0.3177152317880795,0.4807119205298013,0.42803899715852894,0.40286975717439294,0.40066225165562913
401736159,2025-06-05 23:30:00+00:00,6,5,2025,16,Mystics,78,9,Liberty,86,CareFirst Arena,0,2025,2,0.38636363636363635,-2.340909090909091,0.3,-4.2,0.7727272727272727,9.568181818181818,0.9,16.4,0,0,0,0.6136363636363636,0.2272727272727273,0.5585227272727272,0.2607954545454545,0.7442116868798236,0.017640573318632856,0.38092613009922827,164,164.09261300992281,17.863729346551647,168.55854534656072,0.03203518757390367,8,0.9823594266813671,0.6207276736493936,0.37927232635060637,0.5027563395810364,0.22585446527012126,0.45765913530557983,0.15713891951488423,0.665067497100551,0.28809261300992284,0.5547684674751929,0.3256253357189231,0.18632855567805953,0.6350606394707828
401736160,2025-06-06 02:00:00+00:00,6,6,2025,11,Mercury,86,129689,Valkyries,77,Mortgage Matchup Center,0,2025,2,0.4772727272727273,-2.090909090909091,0.5,0.2,0.375,-5.75,0.375,-5.75,0,0,0,0.5227272727272727,0.625,0.5522727272727272,0.64375,0.5176211453744494,0.7731277533039648,0.6453744493392071,163,164.09251101321587,17.853879194383513,168.55598081181174,0.04726660544043948,9,0.48237885462555063,0.5561674008810573,0.4438325991189427,0.47687224669603523,0.23876651982378855,0.2597248151526325,0.19680616740088108,0.498781959570604,0.3145374449339207,0.4886563876651982,0.46427067827354923,0.4878854625550661,0.3392070484581498
401736161,2025-06-06 23:30:00+00:00,6,6,2025,18,Sun,84,20,Dream,76,Mohegan Sun Arena,0,2025,2,0.5227272727272727,0.45454545454545453,0.2,-15.1,0.38636363636363635,-1.8636363636363635,0.6,3.3,0,0,0,0.4772727272727273,0.6136363636363636,0.48863636363636365,0.5465909090909091,0.8206820682068207,0.45544554455445546,0.6380638063806381,160,164.0913091309131,17.8440818476247,168.55232959281926,0.10850472689442936,8,0.5445544554455446,0.6215621562156216,0.3784378437843784,0.39713971397139713,0.22568756875687568,0.28825888529447,0.19570957095709574,0.49510115161000356,0.3138063806380638,0.49048404840484044,0.45295174249595205,0.4675467546754675,0.3311331133113311
401736162,2025-06-07 01:30:00+00:00,6,7,2025,3,Wings,79,6,Sparks,93,College Park Center,0,2025,2,0.18181818181818182,-7.431818181818182,0.2,-0.2,0.22727272727272727,-6.545454545454546,0.4,-0.4,0,0,0,0.8181818181818181,0.7727272727272727,0.6857954545454545,0.6636363636363637,0.8901098901098901,0.7791208791208791,0.8346153846153845,172,164.08681318681317,17.83477961373375,168.5455080902466,0.01858385620759817,14,0.22087912087912087,0.3120879120879121,0.6879120879120879,0.6912087912087912,0.2875824175824176,0.14992084289337038,0.2251923076923077,0.4991121257983654,0.3334615384615385,0.44134615384615383,0.6019314545674933,0.7736263736263737,0.34175824175824177
401736163,2025-06-07 19:00:00+00:00,6,7,2025,129689,Valkyries,95,17,Aces,68,Chase Center,0,2025,2,0.3333333333333333,-6.111111111111111,0.3333333333333333,-6.111111111111111,0.7045454545454546,5.7727272727272725,0.7,4.9,0,0,0,0.6666666666666667,0.2954545454545454,0.6527777777777778,0.3556818181818182,0.8166849615806806,0.16575192096597147,0.49121844127332603,163,164.0954994511526,17.826905568280335,168.5522258432227,0.047343786750559724,27,0.8342480790340285,0.06476399560922064,0.9352360043907794,0.47639956092206365,0.3370472008781559,0.34282882949099974,0.17368276619099893,0.45589086325702954,0.2991218441273326,0.5271953896816683,0.5469404157383548,0.6761800219538968,0.26125137211855104
401736164,2025-06-08 00:00:00+00:00,6,8,2025,19,Sky,52,5,Fever,79,United Center,0,2025,2,0.3409090909090909,-5.386363636363637,0.4,-6.8,0.5681818181818182,1.5681818181818181,0.6,11.2,0,0,0,0.6590909090909092,0.43181818181818177,0.6346590909090909,0.46079545454545456,0.793859649122807,0.2576754385964912,0.5257675438596492,131,164.09429824561403,17.817155559131947,168.548587135397,0.8914616567311187,27,0.7423245614035088,0.06578947368421052,0.9342105263157895,0.01864035087719298,0.33684210526315794,0.31245498614958445,0.1788651315789474,0.2771396424102153,0.30257675438596493,0.5185581140350877,0.7147628214593535,0.8662280701754386,0.04057017543859649
401736165,2025-06-08 02:00:00+00:00,6,8,2025,11,Mercury,77,14,Storm,89,Mortgage Matchup Center,0,2025,2,0.4772727272727273,-2.3181818181818183,0.6,1.2,0.5909090909090909,3.727272727272727,0.5,1.5,0,0,0,0.5227272727272727,0.40909090909090906,0.5579545454545455,0.40681818181818186,0.4709748083242059,0.38116100766703176,0.42606790799561883,166,164.0580503833516,17.841035494348883,168.5183092569388,0.009912577169070347,12,0.6188389923329682,0.39759036144578314,0.6024096385542168,0.5575027382256298,0.27048192771084334,0.29867892160097126,0.16391018619934283,0.5263306302278921,0.29260679079956187,0.5434830230010953,0.4094545980947826,0.3614457831325301,0.39868565169769987
401736166,2025-06-08 19:00:00+00:00,6,8,2025,16,Mystics,104,18,Sun,67,CareFirst Arena,0,2025,2,0.38636363636363635,-2.3863636363636362,0.3,-4.5,0.5227272727272727,0.22727272727272727,0.3,-13.2,0,0,0,0.6136363636363636,0.4772727272727273,0.5596590909090909,0.4943181818181819,0.74945295404814,0.7571115973741794,0.7532822757111597,171,164.0601750547046,17.83137795678975,168.51801954390203,0.009640400223587586,37,0.25054704595185995,0.012035010940919038,0.9879649890590809,0.6652078774617067,0.3475929978118162,0.14697002379709742,0.21299234135667394,0.42507784422588013,0.32532822757111596,0.46167943107221016,0.671241162695253,0.8435448577680525,0.20787746170678337
401736167,2025-06-08 20:00:00+00:00,6,8,2025,3,Wings,65,8,Lynx,81,College Park Center,0,2025,2,0.18181818181818182,-7.5,0.2,1.8,0.7272727272727273,4.068181818181818,0.9,8.1,0,0,0,0.8181818181818181,0.2727272727272727,0.6875,0.39829545454545445,0.8721311475409836,0.07759562841530054,0.4748633879781421,146,164.06775956284153,17.823097364923548,168.52353390407242,0.5499980159357567,16,0.9224043715846995,0.2546448087431694,0.7453551912568306,0.1355191256830601,0.2990710382513661,0.3933628654184956,0.17122950819672134,0.4177133331930051,0.2974863387978142,0.5312841530054644,0.5681962696040637,0.7147540983606557,0.19562841530054645
401736168,2025-06-10 02:00:00+00:00,6,10,2025,6,Sparks,81,129689,Valkyries,89,crypto.com Arena,0,2025,2,0.22727272727272727,-6.363636363636363,0.4,-0.7,0.4,-2.8,0.4,-2.8,0,0,0,0.7727272727272727,0.6,0.6590909090909091,0.5700000000000001,0.7849344978165939,0.6670305676855895,0.7259825327510917,170,164.04803493449782,17.82335566225561,168.50387385006172,0.0035169214922600167,8,0.33296943231441045,0.6244541484716157,0.37554585152838427,0.6397379912663755,0.22510917030567684,0.20649656280391296,0.20889737991266377,0.5675255144812773,0.32259825327510916,0.46850436681222707,0.462011098236149,0.4814410480349345,0.46943231441048033
401736169,2025-06-10 23:30:00+00:00,6,10,2025,20,Dream,77,5,Fever,58,Gateway Center,0,2025,2,0.38636363636363635,-1.6590909090909092,0.6,3.4,0.5909090909090909,2.522727272727273,0.6,13.4,0,0,0,0.6136363636363636,0.40909090909090906,0.5414772727272728,0.43693181818181814,0.4798255179934569,0.2039258451472192,0.34187568157033804,135,164.0545256270447,17.814708415727395,168.50820273097656,0.8294875666230517,19,0.7960741548527808,0.1766630316248637,0.8233369683751364,0.03925845147219193,0.3146673936750273,0.3413210483191004,0.15128135223555073,0.32430275168885014,0.28418756815703383,0.5645310796074154,0.5524675791660503,0.6848418756815703,0.08396946564885496
401736170,2025-06-11 00:00:00+00:00,6,11,2025,9,Liberty,85,19,Sky,66,Barclays Center,0,2025,2,0.7727272727272727,9.272727272727273,0.9,16.7,0.3181818181818182,-6.2272727272727275,0.4,-6.2,0,0,0,0.2272727272727273,0.6818181818181819,0.2681818181818182,0.6556818181818181,0.0196078431372549,0.7941176470588235,0.4068627450980392,151,164.02287581699346,17.830796866979824,168.48057503373843,0.3815577677172487,19,0.9803921568627451,0.1775599128540305,0.8224400871459695,0.22004357298474944,0.3144880174291939,0.40458648383100515,0.1610294117647059,0.4419757770110764,0.29068627450980394,0.5482843137254902,0.5235905288062908,0.6143790849673203,0.2374727668845316
401736172,2025-06-12 02:00:00+00:00,6,12,2025,11,Mercury,93,3,Wings,80,Mortgage Matchup Center,0,2025,2,0.4772727272727273,-2.1818181818181817,0.6,0.5,0.18181818181818182,-7.545454545454546,0.1,-6.5,0,0,0,0.5227272727272727,0.8181818181818181,0.5545454545454545,0.6886363636363637,0.47878128400435255,0.9455930359085963,0.7121871599564744,173,164.00870511425464,17.826259373939845,168.4652699577396,0.03183797260060095,13,0.5212187159956474,0.36235038084874865,0.6376496191512513,0.7083786724700761,0.27752992383025027,0.26052947034021223,0.20682807399347117,0.566285616466822,0.32121871599564744,0.4719532100108814,0.5475289947417089,0.6746463547334058,0.46789989118607184
401736173,2025-06-12 02:00:00+00:00,6,12,2025,14,Storm,94,8,Lynx,84,Climate Pledge Arena,0,2025,2,0.5909090909090909,3.659090909090909,0.6,3.4,0.75,4.636363636363637,1.0,10.2,0,0,0,0.40909090909090906,0.25,0.4085227272727272,0.38409090909090904,0.31630434782608696,0.030434782608695653,0.1733695652173913,178,164.01847826086956,17.819023892471904,168.47323423398754,0.13317663115167455,10,0.9695652173913043,0.5032608695652174,0.49673913043478257,0.7989130434782609,0.24934782608695652,0.4389683364839319,0.1260054347826087,0.7116828491000247,0.2673369565217391,0.6066576086956521,0.2547536724822273,0.08478260869565217,0.7097826086956521
401736171,2025-06-12 02:00:00+00:00,6,12,2025,17,Aces,89,6,Sparks,97,Michelob ULTRA Arena,0,2025,2,0.6818181818181818,5.068181818181818,0.6,0.8,0.22727272727272727,-6.318181818181818,0.3,-1.6,0,0,0,0.31818181818181823,0.7727272727272727,0.37329545454545454,0.6579545454545455,0.2909880564603692,0.8306188925081434,0.5608034744842563,186,164.03365906623236,17.815294984956864,168.48748281247157,0.38316211486194807,8,0.7090119435396308,0.6264929424538545,0.37350705754614555,0.8979370249728555,0.22470141150922912,0.352377838373764,0.18412052117263844,0.7598344134679187,0.3060803474484256,0.509799131378936,0.4707683023965186,0.501628664495114,0.7850162866449512
401736174,2025-06-13 23:30:00+00:00,6,13,2025,20,Dream,88,19,Sky,70,Gateway Center,0,2025,2,0.38636363636363635,-1.4318181818181819,0.6,4.3,0.3181818181818182,-6.636363636363637,0.3,-10.8,0,0,0,0.6136363636363636,0.6818181818181819,0.5357954545454546,0.6659090909090909,0.46746203904555317,0.8904555314533622,0.6789587852494576,158,164.05748373101952,17.82031052695634,168.5125613627586,0.15970556291469307,18,0.5325379609544468,0.20281995661605207,0.797180043383948,0.3611713665943601,0.3094360086767896,0.25293216905623445,0.20184381778741867,0.3741461959747533,0.3178958785249458,0.48026030368763556,0.6117327831699777,0.7841648590021691,0.13774403470715835
401736175,2025-06-14 02:00:00+00:00,6,14,2025,17,Aces,88,3,Wings,84,Michelob ULTRA Arena,0,2025,2,0.6818181818181818,5.068181818181818,0.6,1.4,0.18181818181818182,-7.636363636363637,0.1,-6.3,0,0,0,0.31818181818181823,0.8181818181818181,0.37329545454545454,0.6909090909090909,0.27735644637053086,0.942578548212351,0.609967497291441,172,164.05092091007583,17.811759950520127,168.50386089770586,0.019079081265714004,4,0.7226435536294691,0.8699891657638137,0.1300108342361863,0.6912242686890574,0.17600216684723727,0.38012814448152366,0.19149512459371615,0.7647076995428184,0.3109967497291441,0.4975081256771397,0.34755028422258055,0.2361863488624052,0.7930660888407367
401736176,2025-06-14 17:00:00+00:00,6,14,2025,8,Lynx,101,6,Sparks,78,Target Center,0,2025,2,0.75,4.5227272727272725,0.9,8.7,0.25,-5.704545454545454,0.3,-2.5,0,0,0,0.25,0.75,0.3869318181818182,0.6426136363636363,0.07900432900432901,0.8181818181818182,0.4485930735930736,179,164.0595238095238,17.80402909439365,168.5105310831222,0.15933019046257513,23,0.920995670995671,0.10714285714285714,0.8928571428571429,0.8095238095238095,0.3285714285714286,0.3763342609771181,0.16728896103896104,0.5818202616544453,0.2948593073593074,0.5378517316017315,0.5311979821548689,0.6341991341991342,0.4967532467532468
401736177,2025-06-14 19:00:00+00:00,6,14,2025,5,Fever,102,9,Liberty,88,Gainbridge Fieldhouse,0,2025,2,0.5681818181818182,2.0681818181818183,0.5,5.1,0.7954545454545454,9.818181818181818,1.0,19.4,0,0,0,0.43181818181818177,0.20454545454545459,0.4482954545454545,0.2545454545454545,0.3848648648648649,0.0075675675675675675,0.1962162162162162,190,164.07567567567568,17.801171671598276,168.52596859357524,0.5169389512615755,14,0.9924324324324324,0.31675675675675674,0.6832432432432433,0.9351351351351351,0.28664864864864864,0.4253116435354274,0.12943243243243244,0.6885558035417447,0.2696216216216216,0.600945945945946,0.36904115675010396,0.2735135135135135,0.6756756756756757
401736178,2025-06-15 00:30:00+00:00,6,15,2025,129689,Valkyries,76,14,Storm,70,Chase Center,0,2025,2,0.45454545454545453,-1.8181818181818181,0.5,-1.9,0.5909090909090909,3.477272727272727,0.6,2.4,0,0,0,0.5454545454545454,0.40909090909090906,0.5454545454545454,0.41306818181818183,0.550755939524838,0.3326133909287257,0.44168466522678185,146,164.1036717062635,17.811931850131483,168.55665466879637,0.5515050061712387,6,0.6673866090712743,0.7505399568034558,0.24946004319654425,0.13498920086393087,0.19989200863930884,0.34700147875858917,0.1662526997840173,0.45500821074684134,0.2941684665226782,0.5395788336933045,0.40339617110946263,0.34773218142548595,0.26241900647948163
401736179,2025-06-15 16:00:00+00:00,6,15,2025,18,Sun,66,19,Sky,78,Mohegan Sun Arena,0,2025,2,0.5,-0.8181818181818182,0.3,-14.9,0.3181818181818182,-6.75,0.2,-13.1,0,0,0,0.5,0.6818181818181819,0.5204545454545454,0.66875,0.8036677454153183,0.9288025889967637,0.866235167206041,144,164.084142394822,17.81223876374551,168.5372020857584,0.6128017075829881,12,0.19633225458468173,0.40129449838187703,0.598705501618123,0.11326860841423948,0.2697411003236246,0.1447125780696334,0.22993527508090614,0.1773552568171642,0.3366235167206041,0.43344120819848975,0.7179050980956165,0.8694714131607335,0.005393743257820928
401736180,2025-06-15 18:00:00+00:00,6,15,2025,16,Mystics,56,20,Dream,89,CareFirst Arena,0,2025,2,0.4090909090909091,-1.2954545454545454,0.4,0.2,0.4090909090909091,-0.5909090909090909,0.7,6.6,0,0,0,0.5909090909090908,0.5909090909090908,0.5323863636363637,0.5147727272727273,0.5959051724137931,0.36530172413793105,0.4806034482758621,145,164.0625,17.81483252295479,168.5162081307387,0.5815703993919965,33,0.634698275862069,0.02693965517241379,0.9730603448275862,0.12176724137931035,0.3446120689655172,0.27352558802764565,0.1720905172413793,0.2725916951305532,0.2980603448275862,0.5298491379310344,0.6447607755166525,0.822198275862069,0.036637931034482756
401736181,2025-06-15 22:00:00+00:00,6,15,2025,17,Aces,70,11,Mercury,76,Michelob ULTRA Arena,0,2025,2,0.6818181818181818,4.909090909090909,0.6,-1.6,0.4772727272727273,-1.9090909090909092,0.6,-0.4,0,0,0,0.31818181818181823,0.5227272727272727,0.3772727272727272,0.5477272727272727,0.3207750269106566,0.45748116254036597,0.3891280947255113,146,164.04198062432724,17.81621218897427,168.4960336715708,0.5493978090146806,6,0.6792249730893434,0.751345532831001,0.24865446716899897,0.13670613562970937,0.1997308934337998,0.3518082918424501,0.15836921420882671,0.46129914416864815,0.28891280947255116,0.5527179763186222,0.3739252530448075,0.2874058127018299,0.28094725511302476
401736183,2025-06-17 23:00:00+00:00,6,17,2025,9,Liberty,86,20,Dream,81,Barclays Center,0,2025,2,0.7727272727272727,9.363636363636363,0.9,15.7,0.4318181818181818,0.3181818181818182,0.8,10.3,0,0,0,0.2272727272727273,0.5681818181818181,0.2659090909090909,0.49204545454545456,0.021482277121374866,0.2502685284640172,0.13587540279269603,167,164.0171858216971,17.807625677976798,168.4690922411913,0.0033971706692166315,5,0.9785177228786252,0.8249194414607949,0.17508055853920512,0.5810955961331902,0.18501611170784102,0.4802364781064215,0.1203813104189044,0.771718197488785,0.2635875402792696,0.616031149301826,0.13026149017717978,0.00644468313641246,0.8023630504833512
401736182,2025-06-17 23:00:00+00:00,6,17,2025,5,Fever,88,18,Sun,71,Gainbridge Fieldhouse,0,2025,2,0.5909090909090909,3.2045454545454546,0.5,6.0,0.5,-0.8409090909090909,0.2,-16.9,0,0,0,0.40909090909090906,0.5,0.41988636363636367,0.5210227272727272,0.33978494623655914,0.8580645161290322,0.5989247311827957,159,164.0225806451613,17.8164461766782,168.47669218933083,0.13191228991807025,17,0.6602150537634408,0.23225806451612904,0.7677419354838709,0.37849462365591396,0.30354838709677423,0.2995490808185917,0.18983870967741934,0.4202053789548671,0.30989247311827955,0.500268817204301,0.5625828728755726,0.7075268817204301,0.2032258064516129
401736186,2025-06-18 00:00:00+00:00,6,18,2025,8,Lynx,76,17,Aces,62,Target Center,0,2025,2,0.75,4.886363636363637,0.9,9.5,0.6590909090909091,4.5227272727272725,0.5,-2.3,0,0,0,0.25,0.34090909090909094,0.37784090909090906,0.3869318181818182,0.06866952789699571,0.38412017167381973,0.22639484978540772,138,164.02038626609442,17.798327582307145,168.4699681616712,0.7690139741654576,14,0.9313304721030042,0.31759656652360513,0.6824034334763949,0.055793991416309016,0.286480686695279,0.4036130707878207,0.13395922746781116,0.4122852249094162,0.2726394849785408,0.5934012875536481,0.4234096338999239,0.3916309012875536,0.19527896995708155
401736184,2025-06-18 00:00:00+00:00,6,18,2025,19,Sky,72,16,Mystics,79,Wintrust Arena,0,2025,2,0.3181818181818182,-6.659090909090909,0.3,-11.4,0.4090909090909091,-1.6590909090909092,0.3,-3.5,0,0,0,0.6818181818181819,0.5909090909090908,0.6664772727272728,0.5414772727272728,0.8981779206859593,0.7095391211146839,0.8038585209003215,151,163.99249732047159,17.809162042675627,168.4447878311405,0.38106150568483355,7,0.29046087888531613,0.6870310825294748,0.31296891747052524,0.22186495176848875,0.21259378349410504,0.19309597249362137,0.22057877813504823,0.3262697258369286,0.33038585209003213,0.44903536977491965,0.5484154919736526,0.6784565916398714,0.08681672025723473
401736185,2025-06-18 00:00:00+00:00,6,18,2025,3,Wings,80,129689,Valkyries,71,College Park Center,0,2025,2,0.18181818181818182,-7.568181818181818,0.1,-5.9,0.5,-1.1666666666666667,0.5,-1.8,0,0,0,0.8181818181818181,0.5,0.6892045454545455,0.5291666666666667,0.9539614561027837,0.493576017130621,0.7237687366167024,151,163.97858672376873,17.804691619336563,168.42975962860288,0.38069888832715726,9,0.5064239828693791,0.5599571734475375,0.4400428265524625,0.22162740899357602,0.2380085653104925,0.26914451210285706,0.20856531049250537,0.3804710323309356,0.3223768736616702,0.4690578158458244,0.5607495953242548,0.7066381156316917,0.14989293361884368
401736187,2025-06-18 02:00:00+00:00,6,18,2025,6,Sparks,67,14,Storm,98,crypto.com Arena,0,2025,2,0.25,-5.681818181818182,0.3,-3.4,0.5681818181818182,3.0454545454545454,0.6,4.0,0,0,0,0.75,0.43181818181818177,0.6420454545454546,0.42386363636363633,0.8406417112299466,0.3251336898395722,0.5828877005347594,165,163.96470588235294,17.800218801861128,168.41476058281822,0.018232669404567692,31,0.6748663101604278,0.03636363636363636,0.9636363636363636,0.5262032085561498,0.34272727272727277,0.287512882839086,0.1874331550802139,0.4363189203944273,0.30828877005347594,0.50427807486631,0.5944331635652099,0.758288770053476,0.23315508021390374
401736188,2025-06-18 23:00:00+00:00,6,18,2025,18,Sun,75,11,Mercury,83,Mohegan Sun Arena,0,2025,2,0.5,-0.9772727272727273,0.2,-18.1,0.4772727272727273,-1.9318181818181819,0.6,-0.1,0,0,0,0.5,0.5227272727272727,0.5244318181818182,0.5482954545454546,0.8792735042735043,0.4551282051282051,0.6672008547008547,158,163.96581196581195,17.790729604902825,168.41349436703766,0.15743724920729096,8,0.5448717948717949,0.6271367521367521,0.37286324786324787,0.36324786324786323,0.22457264957264955,0.2887969811527504,0.20008012820512822,0.480245945269316,0.31672008547008546,0.48319978632478633,0.4719846551647268,0.5042735042735043,0.3173076923076923
401736189,2025-06-19 23:00:00+00:00,6,19,2025,9,Liberty,81,11,Mercury,89,Barclays Center,0,2025,2,0.7727272727272727,9.272727272727273,0.9,14.8,0.5,-1.6590909090909092,0.7,1.4,0,0,0,0.2272727272727273,0.5,0.2681818181818182,0.5414772727272728,0.023479188900747065,0.3895410885805763,0.20651013874066168,170,163.95944503735325,17.782291528354264,168.4050179194418,0.004014513905032713,8,0.9765208110992529,0.6275346851654215,0.37246531483457845,0.6403415154749199,0.22449306296691568,0.45620002528563075,0.13097652081109926,0.7099689589446647,0.27065101387406615,0.5983724653148346,0.22490390298768914,0.05976520811099253,0.7065101387406617
401736190,2025-06-20 02:00:00+00:00,6,20,2025,129689,Valkyries,88,5,Fever,77,Chase Center,0,2025,2,0.46153846153846156,-1.7692307692307692,0.5,-1.0,0.5909090909090909,3.5454545454545454,0.5,4.2,0,0,0,0.5384615384615384,0.40909090909090906,0.5442307692307693,0.4113636363636364,0.5309168443496801,0.35074626865671643,0.4408315565031983,165,163.96588486140726,17.773894384033454,168.40935845741564,0.01822893859193475,11,0.6492537313432836,0.4584221748400853,0.5415778251599147,0.5255863539445629,0.25831556503198294,0.3149391369379117,0.16612473347547974,0.5363789338130294,0.29408315565031984,0.5397921108742004,0.4002545898432117,0.3347547974413646,0.4253731343283582
401736191,2025-06-20 23:30:00+00:00,6,20,2025,20,Dream,92,16,Mystics,91,Gateway Center,0,2025,2,0.4090909090909091,-0.09090909090909091,0.7,9.7,0.4318181818181818,-1.3181818181818181,0.3,-3.3,0,0,0,0.5909090909090908,0.5681818181818181,0.5022727272727272,0.5329545454545455,0.32800851970181044,0.6932907348242812,0.5106496272630459,183,163.96698615548456,17.764449554825756,168.408098544191,0.2863462817931435,1,0.6719914802981896,1.0,0.0,0.8690095846645367,0.15,0.3705963791267306,0.17659744408945688,0.8880014426332139,0.30106496272630456,0.5223375931842386,0.31729951875419643,0.1703940362087327,0.8764643237486688
401736192,2025-06-20 23:30:00+00:00,6,20,2025,18,Sun,83,3,Wings,86,Mohegan Sun Arena,0,2025,2,0.4772727272727273,-1.2272727272727273,0.2,-16.4,0.20454545454545456,-7.181818181818182,0.2,-4.6,0,0,0,0.5227272727272727,0.7954545454545454,0.5306818181818181,0.6795454545454546,0.8734042553191489,0.9106382978723404,0.8920212765957447,169,163.98723404255318,17.765837159478714,168.42869333242285,0.0005169219370670941,3,0.1265957446808511,0.925531914893617,0.07446808510638303,0.6234042553191489,0.1648936170212766,0.13637109551833412,0.2338031914893617,0.5826851829556071,0.33920212765957447,0.42699468085106385,0.4062689312218151,0.3553191489361702,0.5031914893617021
401736193,2025-06-21 02:00:00+00:00,6,21,2025,17,Aces,83,14,Storm,90,Michelob ULTRA Arena,0,2025,2,0.6363636363636364,3.9318181818181817,0.5,-2.3,0.5909090909090909,4.181818181818182,0.6,6.3,0,0,0,0.36363636363636365,0.40909090909090906,0.4017045454545455,0.3954545454545455,0.4197662061636557,0.2688629117959617,0.34431455897980867,173,163.99256110520722,17.75713665123923,168.431845268017,0.032549176554478865,7,0.7311370882040382,0.6875664187035069,0.3124335812964931,0.7088204038257173,0.21248671625929863,0.36664141297215863,0.1516471838469713,0.7057698116705655,0.28443145589798086,0.5639213602550479,0.28796826381611695,0.12858660998937302,0.7003188097768331
401736194,2025-06-21 17:00:00+00:00,6,21,2025,19,Sky,86,11,Mercury,107,Wintrust Arena,0,2025,2,0.3181818181818182,-6.613636363636363,0.3,-8.6,0.5,-1.6818181818181819,0.7,1.6,0,0,0,0.6818181818181819,0.5,0.665340909090909,0.5420454545454546,0.8715498938428875,0.3885350318471338,0.6300424628450106,193,164.00212314225053,17.75012522605437,168.43965444876412,0.616061791942278,21,0.6114649681528662,0.13481953290870488,0.8651804670912951,0.9447983014861996,0.323036093418259,0.2746662474474962,0.1945063694267516,0.6146457748027888,0.3130042462845011,0.49248938428874733,0.70092232709752,0.8662420382165605,0.5605095541401274
401736195,2025-06-22 00:00:00+00:00,6,22,2025,8,Lynx,82,6,Sparks,66,Target Center,0,2025,2,0.75,4.863636363636363,0.9,9.5,0.22727272727272727,-6.590909090909091,0.3,-6.2,0,0,0,0.25,0.7727272727272727,0.3784090909090909,0.6647727272727273,0.06998939554612937,0.8791092258748674,0.4745493107104984,148,164.03287380699894,17.765815026571914,168.4743275636419,0.4852520412941628,16,0.9300106044538706,0.256627783669141,0.7433722163308589,0.16967126193001061,0.29867444326617176,0.39625265814187033,0.17118239660657475,0.4312219446335933,0.2974549310710498,0.5313626723223754,0.5563441286436682,0.6988335100742312,0.2205726405090138
401736198,2025-06-22 19:00:00+00:00,6,22,2025,17,Aces,89,5,Fever,81,T-Mobile Arena,0,2025,2,0.6136363636363636,3.522727272727273,0.4,-5.5,0.5909090909090909,3.6818181818181817,0.5,3.2,0,0,0,0.38636363636363635,0.40909090909090906,0.4119318181818181,0.40795454545454546,0.5042372881355932,0.3622881355932203,0.4332627118644068,170,164.01588983050848,17.764058750766427,168.4569045182001,0.003765756136080989,8,0.6377118644067796,0.6271186440677966,0.3728813559322034,0.638771186440678,0.2245762711864407,0.3247908287848319,0.164989406779661,0.634748648953581,0.29332627118644067,0.5416843220338983,0.34468882594034544,0.2309322033898305,0.597457627118644
401736196,2025-06-22 19:00:00+00:00,6,22,2025,20,Dream,93,19,Sky,80,Gateway Center,0,2025,2,0.4318181818181818,0.22727272727272727,0.8,10.3,0.3181818181818182,-6.909090909090909,0.3,-8.2,0,0,0,0.5681818181818181,0.6818181818181819,0.4943181818181819,0.6727272727272727,0.24338624338624337,0.8634920634920635,0.5534391534391534,173,164.0222222222222,17.755714445784097,168.46115083366823,0.03214472607538654,13,0.7566137566137566,0.362962962962963,0.6370370370370371,0.707936507936508,0.27740740740740744,0.3456210072506369,0.18301587301587302,0.6022098332032096,0.30534391534391536,0.5116402116402116,0.48356010380910663,0.5386243386243387,0.5428571428571428
401736197,2025-06-22 19:00:00+00:00,6,22,2025,16,Mystics,91,3,Wings,88,CareFirst Arena,0,2025,2,0.4318181818181818,-1.2954545454545454,0.3,-3.2,0.22727272727272727,-6.704545454545454,0.3,-3.5,0,0,0,0.5681818181818181,0.7727272727272727,0.5323863636363637,0.6676136363636364,0.6997885835095138,0.8509513742071881,0.775369978858351,179,164.03171247357295,17.74871777545625,168.46889191743702,0.16140632100590202,3,0.3002114164904862,0.9260042283298098,0.07399577167019022,0.8097251585623678,0.16479915433403805,0.20888849903231144,0.21630549682875266,0.750047085099945,0.3275369978858351,0.4561575052854122,0.4128402625948108,0.37315010570824525,0.7706131078224101
401736199,2025-06-22 23:00:00+00:00,6,22,2025,14,Storm,89,9,Liberty,79,Climate Pledge Arena,0,2025,2,0.5909090909090909,3.977272727272727,0.6,6.3,0.7727272727272727,9.204545454545455,0.8,11.5,0,0,0,0.40909090909090906,0.2272727272727273,0.4005681818181819,0.26988636363636365,0.27455121436114044,0.03484688489968321,0.1546990496304118,168,164.04751847940867,17.746001594392716,168.48401887800685,0.00037188854904190993,10,0.9651531151003168,0.5026399155227033,0.49736008447729674,0.5987328405491025,0.24947201689545934,0.43724000874210667,0.12320485744456178,0.6481287740941843,0.2654699049630412,0.611325237592397,0.2266513861048976,0.061246040126715945,0.6187961985216474
401736200,2025-06-23 00:30:00+00:00,6,23,2025,129689,Valkyries,87,18,Sun,63,Chase Center,0,2025,2,0.5,-0.8571428571428571,0.5,-0.1,0.4772727272727273,-1.2045454545454546,0.2,-16.1,0,0,0,0.5,0.5227272727272727,0.5214285714285715,0.5301136363636363,0.5,0.8628691983122363,0.6814345991561181,150,164.0516877637131,17.73709407214605,168.4859612817496,0.4190622561225781,24,0.5,0.09282700421940929,0.9071729957805907,0.20042194092827004,0.33143459915611817,0.2339978902953586,0.20221518987341774,0.2745354866563407,0.3181434599156118,0.4796413502109705,0.7001961205299698,0.8660337552742616,0.039029535864978905
401736201,2025-06-25 00:00:00+00:00,6,25,2025,16,Mystics,68,8,Lynx,64,CareFirst Arena,0,2025,2,0.45454545454545453,-1.1136363636363635,0.4,-2.6,0.7727272727272727,5.863636363636363,0.9,10.7,0,0,0,0.5454545454545454,0.2272727272727273,0.5278409090909091,0.3534090909090909,0.6111696522655427,0.03898840885142255,0.3250790305584826,132,164.0368809272919,17.73360386026872,168.47028189235908,0.8793337312265103,4,0.9610115911485775,0.8703898840885143,0.12961011591148575,0.023182297154899896,0.17592202318229716,0.4783820415478109,0.1487618545837724,0.5934560190059899,0.2825079030558483,0.5687302423603794,0.3523094745521063,0.24130663856691253,0.5268703898840885
401736202,2025-06-25 00:00:00+00:00,6,25,2025,19,Sky,97,6,Sparks,86,Wintrust Arena,0,2025,2,0.3181818181818182,-7.159090909090909,0.3,-8.2,0.20454545454545456,-7.045454545454546,0.3,-6.9,0,0,0,0.6818181818181819,0.7954545454545454,0.6789772727272727,0.6761363636363636,0.8757894736842106,0.8989473684210526,0.8873684210526316,183,164.00315789473683,17.754709389544573,168.44183524212298,0.2854968068651751,11,0.12421052631578944,0.45789473684210524,0.5421052631578948,0.868421052631579,0.25842105263157894,0.12021385041551247,0.23310526315789473,0.6267504359236041,0.33873684210526317,0.4281578947368421,0.6301156282396436,0.8010526315789473,0.58
401736203,2025-06-25 00:00:00+00:00,6,25,2025,3,Wings,68,20,Dream,55,College Park Center,0,2025,2,0.22727272727272727,-6.5,0.2,-6.0,0.45454545454545453,0.7954545454545454,0.8,10.8,0,0,0,0.7727272727272727,0.5454545454545454,0.6625,0.48011363636363635,0.9158780231335436,0.22292323869610936,0.5694006309148265,123,164.02313354363827,17.75605133504276,168.46214637739897,0.9622873447198339,13,0.7770767613038907,0.3627760252365931,0.637223974763407,0.006309148264984227,0.2774447949526814,0.35299594980545135,0.18541009463722397,0.34598597443150736,0.30694006309148264,0.5076498422712934,0.6630634951430795,0.8412197686645636,0.10094637223974763
401736204,2025-06-25 02:00:00+00:00,6,25,2025,14,Storm,86,5,Fever,94,Climate Pledge Arena,0,2025,2,0.5909090909090909,4.0227272727272725,0.6,5.3,0.5681818181818182,3.340909090909091,0.4,1.9,0,0,0,0.40909090909090906,0.43181818181818177,0.39943181818181817,0.41647727272727275,0.2930672268907563,0.42962184873949577,0.36134453781512604,180,163.98004201680672,17.79644870581534,168.42915419326056,0.1905216233877417,8,0.7069327731092436,0.6281512605042017,0.37184873949579833,0.8277310924369747,0.22436974789915964,0.3517222477226184,0.15420168067226891,0.7304309368952722,0.2861344537815126,0.5596638655462185,0.3380089713233982,0.21533613445378152,0.7447478991596639
401736206,2025-06-26 02:00:00+00:00,6,26,2025,17,Aces,85,18,Sun,59,Michelob ULTRA Arena,0,2025,2,0.6136363636363636,3.272727272727273,0.4,-5.0,0.45454545454545453,-2.0,0.2,-16.1,0,0,0,0.38636363636363635,0.5454545454545454,0.4181818181818182,0.55,0.5020964360587002,0.8805031446540881,0.6912997903563942,144,163.9916142557652,17.78606493553083,168.4381304896479,0.6109097546550024,26,0.49790356394129975,0.07337526205450734,0.9266247379454926,0.11320754716981132,0.33532494758909853,0.2319395439702192,0.20369496855345914,0.23296703678651032,0.31912997903563944,0.4771750524109014,0.7500239901528597,0.8784067085953878,0.014675052410901468
401736205,2025-06-26 02:00:00+00:00,6,26,2025,129689,Valkyries,78,9,Liberty,81,Chase Center,0,2025,2,0.5333333333333333,0.8,0.5,1.4,0.75,8.909090909090908,0.7,10.3,0,0,0,0.4666666666666667,0.25,0.48,0.27727272727272734,0.453305351521511,0.07974816369359916,0.26652675760755506,159,163.99685204616998,17.794667745254788,168.44551898248366,0.1314043627552346,3,0.9202518363064008,0.9265477439664218,0.07345225603357819,0.3777544596012592,0.16469045120671563,0.467878527959974,0.13997901364113327,0.7238671913923802,0.27665267576075553,0.5833683105981111,0.19419788057368456,0.040923399790136414,0.7355718782791185
401736207,2025-06-26 23:00:00+00:00,6,26,2025,5,Fever,75,6,Sparks,85,Gainbridge Fieldhouse,0,2025,2,0.5681818181818182,3.340909090909091,0.5,2.9,0.20454545454545456,-6.931818181818182,0.2,-9.3,0,0,0,0.43181818181818177,0.7954545454545454,0.41647727272727275,0.6732954545454546,0.38952879581151834,0.9329842931937172,0.6612565445026177,160,163.97068062827225,17.788507674941673,168.41780754700767,0.10592598871831971,10,0.6104712041884817,0.5036649214659686,0.49633507853403136,0.39895287958115183,0.24926701570680626,0.3042237329020586,0.19918848167539266,0.48353330938532013,0.31612565445026175,0.48468586387434565,0.4985051879057756,0.5664921465968586,0.32146596858638743
401736208,2025-06-27 02:00:00+00:00,6,27,2025,17,Aces,83,16,Mystics,94,Michelob ULTRA Arena,0,2025,2,0.6136363636363636,3.3863636363636362,0.5,-0.4,0.45454545454545453,-1.4545454545454546,0.5,-1.6,0,0,0,0.38636363636363635,0.5454545454545454,0.41534090909090904,0.5363636363636364,0.4121338912133891,0.5261506276150628,0.46914225941422594,177,163.96652719665272,17.779655673975338,168.41144111514654,0.11012232115923981,11,0.5878661087866108,0.4581589958158996,0.5418410041841004,0.7813807531380753,0.2583682008368201,0.29215327987955386,0.1703713389121339,0.6369524261113035,0.2969142259414226,0.5327144351464435,0.4295608433678326,0.40585774058577406,0.600418410041841
401736209,2025-06-27 23:30:00+00:00,6,27,2025,20,Dream,92,8,Lynx,96,Gateway Center,0,2025,2,0.45454545454545453,0.9772727272727273,0.7,7.1,0.7727272727272727,5.931818181818182,0.8,9.7,0,0,0,0.5454545454545454,0.2272727272727273,0.47556818181818183,0.35170454545454555,0.3239289446185998,0.06478578892371996,0.19435736677115986,188,163.98014629049112,17.77534794425263,168.42398327655428,0.45470724198974277,4,0.93521421107628,0.8704284221525601,0.1295715778474399,0.9174503657262278,0.17591431556948797,0.46775689005501997,0.129153605015674,0.898580442332503,0.269435736677116,0.6014106583072101,0.2105268849561501,0.05329153605015674,0.8819226750261233
401736210,2025-06-27 23:30:00+00:00,6,27,2025,3,Wings,86,5,Fever,94,American Airlines Center,0,2025,2,0.25,-5.954545454545454,0.3,-4.2,0.5454545454545454,2.9545454545454546,0.5,2.5,0,0,0,0.75,0.4545454545454546,0.6488636363636363,0.42613636363636365,0.8538622129436325,0.3924843423799583,0.6231732776617954,180,164.00521920668058,17.78299981581527,168.4509691606344,0.1901349070696856,8,0.6075156576200418,0.6283924843423799,0.37160751565762007,0.826722338204593,0.224321503131524,0.31318626575023645,0.19347599164926932,0.715435379801498,0.31231732776617954,0.49420668058455114,0.46082240294269644,0.477035490605428,0.7202505219206681
401736211,2025-06-28 02:00:00+00:00,6,28,2025,129689,Valkyries,83,19,Sky,78,Chase Center,0,2025,2,0.5,0.5625,0.5,3.9,0.3409090909090909,-6.7272727272727275,0.4,-6.6,0,0,0,0.5,0.6590909090909092,0.4859375,0.6681818181818182,0.443169968717414,0.7851929092805006,0.6141814389989573,161,164.02189781021897,17.781219131595847,168.46720259311795,0.0844025902211214,5,0.556830031282586,0.8237747653806048,0.1762252346193952,0.42022940563086547,0.18524504692387905,0.30831550831212123,0.1921272158498436,0.5699532876577884,0.31141814389989575,0.49645464025026065,0.37600899548980976,0.291970802919708,0.47340980187695514
401736212,2025-06-28 02:00:00+00:00,6,28,2025,11,Mercury,106,9,Liberty,91,Mortgage Matchup Center,0,2025,2,0.5,-1.3409090909090908,0.7,3.2,0.75,8.636363636363637,0.7,7.8,0,0,0,0.5,0.25,0.5335227272727272,0.28409090909090906,0.384375,0.10104166666666667,0.24270833333333336,197,164.01875,17.7722136258743,168.4618034064686,0.7245250295084537,15,0.8989583333333333,0.28020833333333334,0.7197916666666666,0.9635416666666666,0.2939583333333333,0.38795518663194445,0.13640625,0.6794541467737267,0.27427083333333335,0.5893229166666666,0.4392811854487486,0.4322916666666667,0.6614583333333334
401736213,2025-06-28 02:00:00+00:00,6,28,2025,14,Storm,97,18,Sun,81,Climate Pledge Arena,0,2025,2,0.5909090909090909,4.045454545454546,0.6,5.0,0.4318181818181818,-2.7045454545454546,0.2,-16.5,0,0,0,0.40909090909090906,0.5681818181818181,0.3988636363636363,0.5676136363636364,0.2924037460978148,0.9011446409989594,0.5967741935483871,178,164.05306971904267,17.794787785692822,168.50176666546588,0.1327712451535179,16,0.7075962539021852,0.25494276795005205,0.745057232049948,0.7950052029136316,0.2990114464099896,0.3181072926333023,0.18951612903225806,0.5970711276013289,0.3096774193548387,0.5008064516129033,0.5547580596062944,0.696149843912591,0.5286160249739854
401736214,2025-06-29 00:00:00+00:00,6,29,2025,3,Wings,79,16,Mystics,71,College Park Center,0,2025,2,0.25,-5.5,0.3,-3.9,0.45454545454545453,-1.25,0.5,-1.1,0,0,0,0.75,0.5454545454545454,0.6375,0.53125,0.841995841995842,0.5145530145530145,0.6782744282744282,150,164.06756756756758,17.791210404194377,168.5153701686162,0.41814360665912886,8,0.4854469854469855,0.6288981288981289,0.3711018711018711,0.20062370062370063,0.22422037422037422,0.2658779029309175,0.20174116424116423,0.37835559100199645,0.3178274428274428,0.48043139293139303,0.5281674651138268,0.6299376299376299,0.14656964656964658
401736215,2025-06-29 19:00:00+00:00,6,29,2025,20,Dream,90,9,Liberty,81,Gateway Center,0,2025,2,0.4318181818181818,0.7954545454545454,0.6,6.1,0.7272727272727273,7.9772727272727275,0.6,5.8,0,0,0,0.5681818181818181,0.2727272727272727,0.48011363636363635,0.3005681818181818,0.40498442367601245,0.16510903426791276,0.2850467289719626,171,164.05295950155764,17.78773839705717,168.49989410082193,0.009828839620366958,9,0.8348909657320872,0.5586708203530634,0.44132917964693663,0.6625129802699896,0.23826583592938733,0.3941559023430803,0.14275700934579438,0.6626547648286296,0.27850467289719627,0.5787383177570093,0.28928283897447293,0.13291796469366562,0.6386292834890965
401736216,2025-06-29 20:00:00+00:00,6,29,2025,6,Sparks,85,19,Sky,92,crypto.com Arena,0,2025,2,0.22727272727272727,-6.590909090909091,0.3,-7.7,0.3181818181818182,-7.090909090909091,0.3,-7.6,0,0,0,0.7727272727272727,0.6818181818181819,0.6647727272727273,0.6772727272727272,0.8983402489626556,0.8578838174273858,0.8781120331950207,177,164.06016597510373,17.779908339884887,168.50514306007494,0.10786349066863565,7,0.14211618257261416,0.6898340248962656,0.31016597510373445,0.7780082987551867,0.21203319502074688,0.1347880976567208,0.23171680497925312,0.631293219036785,0.3378112033195021,0.43047199170124484,0.5077739605764952,0.5819502074688797,0.5892116182572614
401736217,2025-06-29 22:00:00+00:00,6,29,2025,11,Mercury,81,17,Aces,84,Mortgage Matchup Center,0,2025,2,0.5227272727272727,-0.7045454545454546,0.8,5.0,0.6136363636363636,3.25,0.4,-3.0,0,0,0,0.4772727272727273,0.38636363636363635,0.5176136363636363,0.41874999999999996,0.2860103626943005,0.45906735751295336,0.3725388601036269,165,164.07357512953368,17.775565312070842,168.5174664575514,0.019388248354723858,3,0.7139896373056995,0.927461139896373,0.07253886010362698,0.5202072538860104,0.1645077720207254,0.381815619211254,0.15588082901554404,0.7075818567024855,0.28725388601036267,0.5568652849740934,0.23131328417375263,0.06839378238341969,0.7067357512953368
401736218,2025-06-29 23:00:00+00:00,6,29,2025,8,Lynx,102,18,Sun,63,Target Center,0,2025,2,0.7727272727272727,5.863636363636363,0.8,9.6,0.4090909090909091,-3.3636363636363638,0.1,-18.3,0,0,0,0.2272727272727273,0.5909090909090908,0.3534090909090909,0.5840909090909091,0.08385093167701864,0.937888198757764,0.5108695652173914,165,164.07453416149067,17.766377791620414,168.51612860939576,0.01939349345055086,39,0.9161490683229814,0.007246376811594203,0.9927536231884058,0.5196687370600414,0.34855072463768116,0.36355725087766677,0.1766304347826087,0.4715673792461562,0.3010869565217391,0.5222826086956522,0.5691489373868037,0.7204968944099379,0.2939958592132505
401736219,2025-06-30 00:30:00+00:00,6,30,2025,129689,Valkyries,84,14,Storm,57,Chase Center,0,2025,2,0.5294117647058824,0.8235294117647058,0.6,4.9,0.6136363636363636,4.659090909090909,0.7,7.3,0,0,0,0.47058823529411764,0.38636363636363635,0.4794117647058823,0.3835227272727273,0.36814891416752843,0.19441571871768357,0.281282316442606,141,164.0754912099276,17.757204502422805,168.51479233553331,0.6989489629997714,27,0.8055842812823164,0.0672182006204757,0.9327817993795243,0.08169596690796277,0.3365563598759049,0.3335742480127559,0.1421923474663909,0.32049577294824694,0.2781282316442606,0.5796794208893485,0.52187171648138,0.6111685625646329,0.07859358841778696
401736430,2025-07-02 00:00:00+00:00,7,2,2025,8,Lynx,59,5,Fever,74,Target Center,0,2025,2,0.7727272727272727,6.5,0.8,13.2,0.5454545454545454,2.8636363636363638,0.6,3.5,0,0,0,0.2272727272727273,0.4545454545454546,0.3375,0.42840909090909096,0.056818181818181816,0.3419421487603306,0.1993801652892562,133,164.05165289256198,17.763510737118576,168.49253057684163,0.8641383978484036,15,0.9431818181818182,0.28202479338842973,0.7179752066115703,0.028925619834710745,0.29359504132231407,0.40377465251690464,0.12990702479338845,0.39954173702158013,0.26993801652892563,0.600154958677686,0.42572544632420817,0.39462809917355374,0.1725206611570248
401736220,2025-07-03 23:00:00+00:00,7,3,2025,5,Fever,81,17,Aces,54,Gainbridge Fieldhouse,0,2025,2,0.5681818181818182,3.227272727272727,0.6,4.1,0.6136363636363636,2.8863636363636362,0.4,-3.2,0,0,0,0.43181818181818177,0.38636363636363635,0.4193181818181818,0.4278409090909091,0.32714138286893707,0.46439628482972134,0.3957688338493292,135,164.01960784313727,17.782333704967257,168.4651912693791,0.8298098865386454,27,0.6728586171310629,0.06811145510835913,0.9318885448916409,0.04024767801857585,0.3363777089783282,0.2896242176192621,0.15936532507739937,0.2611139210314089,0.2895768833849329,0.5510577915376677,0.6201878023529621,0.7936016511867905,0.02889576883384933
401736221,2025-07-03 23:00:00+00:00,7,3,2025,9,Liberty,89,6,Sparks,79,Barclays Center,0,2025,2,0.7045454545454546,7.590909090909091,0.5,2.7,0.22727272727272727,-6.454545454545454,0.3,-6.9,0,0,0,0.2954545454545454,0.7727272727272727,0.3102272727272728,0.6613636363636364,0.26288659793814434,0.8835051546391752,0.5731958762886598,168,163.98969072164948,17.797562967503914,168.43908146352547,0.0003042797511367823,10,0.7371134020618557,0.5041237113402062,0.49587628865979383,0.5979381443298969,0.24917525773195875,0.35180396428951,0.18597938144329895,0.5996128856118237,0.30731958762886596,0.506701030927835,0.4428880277448102,0.44536082474226807,0.5350515463917526
401736222,2025-07-03 23:30:00+00:00,7,3,2025,20,Dream,79,14,Storm,80,Gateway Center,0,2025,2,0.45454545454545453,1.1363636363636365,0.6,6.3,0.5909090909090909,3.7954545454545454,0.7,5.1,0,0,0,0.5454545454545454,0.40909090909090906,0.47159090909090906,0.4051136363636363,0.38928939237899074,0.2399588053553038,0.31462409886714726,159,163.99382080329556,17.788852148107726,168.4410338403225,0.13136812611148396,1,0.7600411946446962,1.0,0.0,0.37590113285272914,0.15,0.4080175077239959,0.1471936148300721,0.6881654064683229,0.2814624098867147,0.5713439752832132,0.19909513272245674,0.04325437693099897,0.6797116374871267
401736223,2025-07-04 00:00:00+00:00,7,4,2025,3,Wings,98,11,Mercury,89,College Park Center,0,2025,2,0.2727272727272727,-5.136363636363637,0.4,-2.5,0.5,-1.0909090909090908,0.7,4.2,0,0,0,0.7272727272727273,0.5,0.6284090909090909,0.5272727272727272,0.7674897119341564,0.35288065843621397,0.5601851851851851,187,163.98868312757202,17.78041122097071,168.4337859328147,0.42025762574599435,9,0.647119341563786,0.5596707818930041,0.4403292181069959,0.9084362139917695,0.23806584362139918,0.32272458043319957,0.1840277777777778,0.7336704145610184,0.3060185185185185,0.5099537037037036,0.49775648189085114,0.5648148148148148,0.7530864197530864
401736224,2025-07-04 00:00:00+00:00,7,4,2025,8,Lynx,92,16,Mystics,75,Target Center,0,2025,2,0.75,5.795454545454546,0.7,10.6,0.45454545454545453,-1.2727272727272727,0.5,0.3,0,0,0,0.25,0.5454545454545454,0.35511363636363635,0.5318181818181819,0.10688591983556012,0.4933196300102775,0.3001027749229188,167,164.01233299075025,17.786567618811407,168.4589748954531,0.003358543872185926,17,0.8931140801644399,0.2302158273381295,0.7697841726618705,0.5775950668036999,0.3039568345323741,0.3804272922874445,0.14501541623843783,0.5413466838728496,0.2800102774922919,0.5749743062692703,0.388585905254593,0.31551901336073995,0.4244604316546763
401736225,2025-07-05 23:00:00+00:00,7,5,2025,5,Fever,87,6,Sparks,89,Gainbridge Fieldhouse,0,2025,2,0.5909090909090909,4.113636363636363,0.6,4.1,0.22727272727272727,-6.4772727272727275,0.3,-7.4,0,0,0,0.40909090909090906,0.7727272727272727,0.39715909090909096,0.6619318181818181,0.3028747433264887,0.8891170431211499,0.5959958932238193,176,164.01540041067761,17.777682956417873,168.45982114978207,0.08601967515594877,2,0.6971252566735113,0.9702258726899384,0.02977412731006157,0.757700205338809,0.1559548254620123,0.3786071219257154,0.1893993839835729,0.8287169810434952,0.30959958932238196,0.5010010266940451,0.3241046854831991,0.1806981519507187,0.8459958932238193
401736226,2025-07-06 00:00:00+00:00,7,6,2025,8,Lynx,82,129689,Valkyries,71,Target Center,0,2025,2,0.75,5.931818181818182,0.7,10.0,0.5555555555555556,2.2777777777777777,0.7,8.7,0,0,0,0.25,0.4444444444444444,0.35170454545454555,0.44305555555555554,0.11384615384615385,0.22974358974358974,0.1717948717948718,153,164.02769230769232,17.77269935054951,168.4708671453297,0.31536677100702815,11,0.8861538461538462,0.4574358974358974,0.5425641025641026,0.2635897435897436,0.25851282051282054,0.40268457593688367,0.12576923076923077,0.5025894019521571,0.2671794871794872,0.6070512820512821,0.2889137320577183,0.13230769230769232,0.3558974358974359
401736228,2025-07-06 17:00:00+00:00,7,6,2025,9,Liberty,70,14,Storm,79,Barclays Center,0,2025,2,0.7045454545454546,7.0227272727272725,0.5,-1.1,0.5909090909090909,3.5454545454545454,0.7,4.6,0,0,0,0.2954545454545454,0.40909090909090906,0.3244318181818182,0.4113636363636364,0.32889344262295084,0.25,0.2894467213114754,149,164.01639344262296,17.76708964825547,168.45816585468683,0.4510291308804496,9,0.75,0.5604508196721312,0.4395491803278688,0.1864754098360656,0.23790983606557375,0.3619928278688524,0.14341700819672132,0.4559198688608573,0.27894467213114754,0.5776383196721311,0.3544906682854818,0.24795081967213115,0.26741803278688525
401736227,2025-07-06 20:00:00+00:00,7,6,2025,18,Sun,68,17,Aces,86,Mohegan Sun Arena,0,2025,2,0.4090909090909091,-4.181818181818182,0.1,-17.4,0.5909090909090909,2.159090909090909,0.4,-3.2,0,0,0,0.5909090909090908,0.40909090909090906,0.6045454545454545,0.4460227272727273,0.9518935516888434,0.481064483111566,0.7164790174002047,154,164.00102354145343,17.76448263287126,168.44214419967125,0.28141199819779006,18,0.518935516888434,0.2016376663254862,0.7983623336745138,0.28556806550665303,0.3096724667349028,0.24815049097513012,0.2074718526100307,0.33700817006714145,0.32164790174002045,0.4708802456499488,0.6525524537839019,0.8372569089048106,0.0931422722620266
401736229,2025-07-06 23:00:00+00:00,7,6,2025,8,Lynx,80,19,Sky,75,Target Center,0,2025,2,0.75,5.886363636363637,0.7,9.5,0.3181818181818182,-6.954545454545454,0.3,-8.0,0,0,0,0.25,0.6818181818181819,0.35284090909090904,0.6738636363636363,0.12269938650306748,0.8599182004089979,0.4913087934560327,155,163.99079754601226,17.758268712178985,168.430364724057,0.24872666739756744,5,0.8773006134969326,0.8241308793456033,0.17586912065439675,0.3006134969325153,0.18517382413087935,0.43890636957858153,0.1736963190184049,0.637175969359969,0.2991308793456033,0.5271728016359918,0.35481542439437586,0.24846625766871167,0.6022494887525562
401736230,2025-07-07 23:30:00+00:00,7,7,2025,20,Dream,90,129689,Valkyries,81,Gateway Center,0,2025,2,0.45454545454545453,1.2954545454545454,0.6,7.0,0.5263157894736842,1.5789473684210527,0.7,8.5,0,0,0,0.5454545454545454,0.4736842105263158,0.4676136363636363,0.4605263157894737,0.3769152196118488,0.26251276813074564,0.31971399387129723,171,163.98161389172625,17.751513344572828,168.41949222786945,0.010510351211567737,9,0.7374872318692544,0.5607763023493361,0.43922369765066394,0.6639427987742594,0.2378447395301328,0.35725541269624317,0.1479570990806946,0.6445781660509182,0.28197139938712973,0.5700715015321756,0.3076634382931893,0.15934627170582227,0.6108273748723186
401736231,2025-07-08 02:00:00+00:00,7,8,2025,11,Mercury,102,3,Wings,72,Mortgage Matchup Center,0,2025,2,0.5,-1.1590909090909092,0.7,5.6,0.2727272727272727,-5.068181818181818,0.5,-0.2,0,0,0,0.5,0.7272727272727273,0.5289772727272728,0.6267045454545455,0.35,0.6755102040816326,0.5127551020408163,174,163.98877551020408,17.74386128812638,168.42474083223567,0.04816469947006485,30,0.65,0.03877551020408163,0.9612244897959183,0.7306122448979592,0.34224489795918367,0.279545918367347,0.17691326530612245,0.5096229800083298,0.3012755102040816,0.5218112244897959,0.5656757404989692,0.7163265306122449,0.3683673469387755
401736232,2025-07-08 15:30:00+00:00,7,8,2025,16,Mystics,81,19,Sky,79,EagleBank Arena,0,2025,2,0.4318181818181818,-2.2954545454545454,0.5,-0.5,0.3181818181818182,-6.795454545454546,0.3,-5.8,0,0,0,0.5681818181818181,0.6818181818181819,0.5573863636363636,0.6698863636363637,0.5575942915392457,0.8318042813455657,0.6946992864424058,160,163.99898063200814,17.73768612767489,168.43340216392687,0.10687333711836244,2,0.44240570846075433,0.9704383282364933,0.02956167176350666,0.39755351681957185,0.15591233435270133,0.2711233674265686,0.20420489296636085,0.5598689859380739,0.31946992864424056,0.47632517838939853,0.3621708850777718,0.2650356778797146,0.45769622833843016
401736233,2025-07-09 00:00:00+00:00,7,9,2025,9,Liberty,87,17,Aces,78,Barclays Center,0,2025,2,0.6818181818181818,6.545454545454546,0.4,-2.8,0.5909090909090909,2.25,0.5,-0.6,0,0,0,0.31818181818181823,0.40909090909090906,0.3363636363636363,0.44375,0.4287169042769857,0.4195519348268839,0.4241344195519348,165,163.9949083503055,17.72910248619787,168.427183971855,0.018510598610960383,9,0.5804480651731161,0.5610997963340122,0.4389002036659878,0.5203665987780041,0.23778004073319756,0.29743654622305365,0.16362016293279022,0.5467683139024244,0.2924134419551935,0.5439663951120163,0.3620838976361092,0.2637474541751528,0.43075356415478616
401736234,2025-07-09 15:00:00+00:00,7,9,2025,18,Sun,93,14,Storm,83,Mohegan Sun Arena,0,2025,2,0.38636363636363635,-5.204545454545454,0.0,-20.0,0.5909090909090909,3.272727272727273,0.7,4.3,0,0,0,0.6136363636363636,0.40909090909090906,0.6301136363636364,0.4181818181818182,0.9694811800610377,0.26042726347914547,0.6149542217700916,176,163.99593082400813,17.72010214656854,168.42595636065028,0.08729883618163337,10,0.7395727365208545,0.5025432349949135,0.4974567650050865,0.7589013224821973,0.2494913530010173,0.3525787316216991,0.19224313326551373,0.6636925980918743,0.31149542217700915,0.49626144455747717,0.47691617726040353,0.5228891149542217,0.6429298067141404
401736235,2025-07-09 16:00:00+00:00,7,9,2025,5,Fever,61,129689,Valkyries,80,Gainbridge Fieldhouse,0,2025,2,0.5681818181818182,3.9318181818181817,0.6,5.8,0.5,1.05,0.6,4.9,0,0,0,0.43181818181818177,0.5,0.4017045454545455,0.47375,0.29471544715447157,0.37296747967479676,0.33384146341463417,141,164.0081300813008,17.715220248218156,168.43693514335536,0.6986117342570433,19,0.7052845528455285,0.17682926829268292,0.8231707317073171,0.08231707317073171,0.31463414634146347,0.3102255601824311,0.15007621951219513,0.3076440130124829,0.2833841463414634,0.5665396341463413,0.5272529636281172,0.6300813008130082,0.059959349593495935
401736236,2025-07-09 19:30:00+00:00,7,9,2025,11,Mercury,79,8,Lynx,71,Mortgage Matchup Center,0,2025,2,0.5227272727272727,-0.22727272727272727,0.7,7.7,0.75,5.7727272727272725,0.8,11.0,0,0,0,0.4772727272727273,0.25,0.5056818181818181,0.3556818181818182,0.29746192893401013,0.06294416243654823,0.18020304568527917,150,163.98477157360406,17.7213862913429,168.4151181464398,0.4172009405104298,8,0.9370558375634518,0.6314720812182741,0.36852791878172586,0.20101522842639594,0.22370558375634517,0.4413450488288799,0.12703045685279188,0.5556516232759343,0.26802030456852793,0.6049492385786801,0.260783886383207,0.09238578680203045,0.4517766497461929
401736237,2025-07-10 00:00:00+00:00,7,10,2025,19,Sky,87,3,Wings,76,Wintrust Arena,0,2025,2,0.3181818181818182,-6.659090909090909,0.3,-4.1,0.2727272727272727,-5.2727272727272725,0.5,-1.6,0,0,0,0.6818181818181819,0.7272727272727273,0.6664772727272728,0.6318181818181818,0.8235294117647058,0.6997971602434077,0.7616632860040567,163,163.97058823529412,17.717986704239213,168.40008491135393,0.045383291366728806,11,0.30020283975659234,0.4563894523326572,0.5436105476673427,0.4746450304259635,0.2587221095334685,0.1853946529300676,0.21424949290060852,0.426128492299698,0.3261663286004057,0.45958417849898586,0.5370791992736077,0.6572008113590264,0.2150101419878296
401736238,2025-07-10 19:00:00+00:00,7,10,2025,6,Sparks,82,8,Lynx,91,crypto.com Arena,0,2025,2,0.25,-6.136363636363637,0.3,-8.6,0.7272727272727273,5.295454545454546,0.7,7.9,0,0,0,0.75,0.2727272727272727,0.6534090909090909,0.3676136363636363,0.894630192502533,0.1347517730496454,0.5146909827760892,173,163.9696048632219,17.709026592843014,168.39686151143263,0.033218011644170375,9,0.8652482269503546,0.5623100303951368,0.43768996960486317,0.7061803444782169,0.23753799392097263,0.40610565004634724,0.17720364741641337,0.6855384627548241,0.3014690982776089,0.5213272543059777,0.40615879015190387,0.3586626139817629,0.6757852077001013
401736239,2025-07-10 23:30:00+00:00,7,10,2025,16,Mystics,70,17,Aces,68,EagleBank Arena,0,2025,2,0.4318181818181818,-2.4318181818181817,0.6,0.5,0.5681818181818182,1.7727272727272727,0.4,-1.9,0,0,0,0.5681818181818181,0.43181818181818177,0.5607954545454545,0.4556818181818182,0.5040485829959515,0.4817813765182186,0.49291497975708504,138,163.97874493927125,17.702384616719357,168.40434109345108,0.7712101084161119,2,0.5182186234817814,0.9706477732793523,0.029352226720647745,0.05668016194331984,0.15587044534412955,0.3031347833926142,0.17393724696356277,0.40567574137697743,0.29929149797570853,0.5267712550607287,0.40258047751738796,0.3451417004048583,0.1862348178137652
401736240,2025-07-11 23:30:00+00:00,7,11,2025,5,Fever,99,20,Dream,82,Gainbridge Fieldhouse,0,2025,2,0.5681818181818182,3.9318181818181817,0.5,2.5,0.4772727272727273,1.5681818181818181,0.6,6.0,0,0,0,0.43181818181818177,0.5227272727272727,0.4017045454545455,0.46079545454545456,0.3943377148634985,0.3609706774519717,0.3776541961577351,181,163.95247724974723,17.71269720105819,168.38065155001178,0.22414527041906906,17,0.6390293225480284,0.23053589484327602,0.7694641051567239,0.8442871587462083,0.3038928210313448,0.292027167395445,0.15664812942366027,0.6026787327822062,0.2877654196157735,0.5555864509605662,0.4663566529636496,0.49646107178968657,0.5439838220424671
401736241,2025-07-12 02:00:00+00:00,7,12,2025,14,Storm,79,18,Sun,65,Climate Pledge Arena,0,2025,2,0.5681818181818182,2.5,0.6,2.3,0.4090909090909091,-4.795454545454546,0.1,-15.3,0,0,0,0.43181818181818177,0.5909090909090908,0.4375,0.6198863636363636,0.36262626262626263,0.9333333333333333,0.647979797979798,144,163.96969696969697,17.712028865746646,168.39770418613364,0.6127579196870022,14,0.6373737373737374,0.31616161616161614,0.6838383838383839,0.11414141414141414,0.2867676767676768,0.298621008060402,0.1971969696969697,0.3245150082603404,0.3147979797979798,0.48800505050505044,0.6523223607001184,0.8383838383838383,0.08585858585858586
401736242,2025-07-12 17:00:00+00:00,7,12,2025,19,Sky,87,8,Lynx,81,Wintrust Arena,0,2025,2,0.3181818181818182,-6.590909090909091,0.4,-1.2,0.75,5.909090909090909,0.7,7.4,0,0,0,0.6818181818181819,0.25,0.6647727272727273,0.3522727272727273,0.7406659939455096,0.1301715438950555,0.43541876892028253,168,163.94954591321897,17.714443040012277,168.37815667322204,0.00022782902945461814,6,0.8698284561049445,0.7527749747729566,0.24722502522704337,0.5983854692230071,0.19944500504540869,0.42822825713968604,0.16531281533804237,0.7186373659935287,0.29354187689202826,0.5411453077699294,0.3082333846942703,0.15943491422805248,0.7346115035317861
401736243,2025-07-12 20:00:00+00:00,7,12,2025,17,Aces,104,129689,Valkyries,102,Michelob ULTRA Arena,0,2025,2,0.5681818181818182,1.9090909090909092,0.4,-1.5,0.5238095238095238,1.9047619047619047,0.6,6.0,0,0,0,0.43181818181818177,0.47619047619047616,0.45227272727272727,0.45238095238095233,0.5070564516129032,0.33568548387096775,0.4213709677419355,206,163.95362903225808,17.7059701612092,168.38012157256037,0.895354358583484,2,0.6643145161290323,0.9707661290322581,0.029233870967741882,0.9828629032258065,0.15584677419354837,0.3648069434508325,0.16320564516129032,0.9288051774530532,0.2921370967741935,0.5446572580645161,0.38416993985089254,0.3094758064516129,0.8911290322580645
401736244,2025-07-13 17:00:00+00:00,7,13,2025,5,Fever,102,3,Wings,83,Gainbridge Fieldhouse,0,2025,2,0.5681818181818182,4.204545454545454,0.5,2.5,0.2727272727272727,-4.9772727272727275,0.5,-1.4,0,0,0,0.43181818181818177,0.7272727272727273,0.39488636363636365,0.6244318181818181,0.391742195367573,0.6918429003021148,0.5417925478348439,185,163.99597180261833,17.747273299403496,168.4327901274692,0.35319988662886503,19,0.608257804632427,0.17623363544813697,0.823766364551863,0.8902316213494461,0.3147532729103726,0.27692800763450903,0.18126888217522658,0.603753399972033,0.3041792547834844,0.514551863041289,0.5933771523890226,0.7613293051359517,0.5448136958710977
401736245,2025-07-13 19:00:00+00:00,7,13,2025,9,Liberty,79,20,Dream,72,Barclays Center,0,2025,2,0.6818181818181818,6.295454545454546,0.4,-3.8,0.4772727272727273,1.4772727272727273,0.5,2.5,0,0,0,0.31818181818181823,0.5227272727272727,0.3426136363636363,0.4630681818181819,0.43762575452716296,0.4426559356136821,0.4401408450704225,151,164.01710261569417,17.750840986999844,168.45481286244413,0.38335526063459724,7,0.5623742454728371,0.6911468812877264,0.3088531187122736,0.22233400402414488,0.21177062374245473,0.30046288799193555,0.16602112676056338,0.4352054090836939,0.29401408450704225,0.5399647887323944,0.3921127976864275,0.3289738430583501,0.23138832997987926
401736246,2025-07-13 22:00:00+00:00,7,13,2025,6,Sparks,92,18,Sun,88,crypto.com Arena,0,2025,2,0.25,-6.113636363636363,0.3,-8.7,0.38636363636363635,-5.5227272727272725,0.1,-15.5,0,0,0,0.75,0.6136363636363636,0.6528409090909091,0.6380681818181818,0.8954773869346734,0.9396984924623115,0.9175879396984925,180,164.00402010050252,17.74670836709723,168.44069719227682,0.1911387102224279,4,0.10452261306532662,0.8693467336683417,0.1306532663316583,0.8271356783919598,0.17613065326633165,0.12544342314588017,0.23763819095477387,0.7051564664056629,0.34175879396984926,0.42060301507537684,0.4760140140824046,0.5226130653266332,0.7055276381909548
401736247,2025-07-13 22:00:00+00:00,7,13,2025,14,Storm,69,16,Mystics,74,Climate Pledge Arena,0,2025,2,0.5909090909090909,2.909090909090909,0.7,4.3,0.45454545454545453,-2.3181818181818183,0.6,-3.0,0,0,0,0.40909090909090906,0.5454545454545454,0.42727272727272725,0.5579545454545455,0.25502008032128515,0.501004016064257,0.3780120481927711,143,164.02008032128515,17.74502827656963,168.45633739042756,0.642629990175827,5,0.7449799196787148,0.8232931726907631,0.17670682730923692,0.10240963855421686,0.18534136546184737,0.3849180255157174,0.15670180722891566,0.4989855584496661,0.2878012048192771,0.5554969879518072,0.3615422728200205,0.26104417670682734,0.3453815261044177
401736248,2025-07-15 00:00:00+00:00,7,15,2025,19,Sky,78,8,Lynx,91,Wintrust Arena,0,2025,2,0.3181818181818182,-6.545454545454546,0.4,-1.8,0.7272727272727273,5.659090909090909,0.6,5.2,0,0,0,0.6818181818181819,0.2727272727272727,0.6636363636363637,0.35852272727272727,0.753259779338014,0.1945837512537613,0.47392176529588764,169,163.99899699097293,17.74860702144814,168.43614874633496,0.0005044997833246745,13,0.8054162487462387,0.36108324974924777,0.6389167502507522,0.6198595787362087,0.2777833500501504,0.3630641774873266,0.17108826479438316,0.5774517171189044,0.29739217652958877,0.531519558676028,0.4419938445078354,0.4483450351053159,0.4884653961885657
401736249,2025-07-15 02:00:00+00:00,7,15,2025,129689,Valkyries,77,11,Mercury,78,Chase Center,0,2025,2,0.5,1.7272727272727273,0.5,5.2,0.5227272727272727,-0.22727272727272727,0.8,9.7,0,0,0,0.5,0.4772727272727273,0.4568181818181818,0.5056818181818181,0.4288577154308617,0.21743486973947895,0.32314629258517036,155,164.00400801603206,17.740410097266455,168.43911054034868,0.24943959560568252,1,0.782565130260521,1.0,0.0,0.30060120240480964,0.15,0.4175901803607214,0.14847194388777557,0.6649578616150136,0.282314629258517,0.5692134268537075,0.22097399021963193,0.05711422845691383,0.6452905811623246
401736250,2025-07-16 00:00:00+00:00,7,16,2025,18,Sun,77,5,Fever,85,TD Garden,0,2025,2,0.38636363636363635,-5.340909090909091,0.1,-14.2,0.5909090909090909,4.75,0.6,5.5,0,0,0,0.6136363636363636,0.40909090909090906,0.6335227272727273,0.38125,0.9429429429429429,0.2772772772772773,0.6101101101101101,162,163.99499499499498,17.73380813239865,168.42844702809464,0.06359006237252618,8,0.7227227227227226,0.6296296296296297,0.37037037037037035,0.44544544544544545,0.22407407407407406,0.35798224150075997,0.19151651651651652,0.5735107617163747,0.31101101101101103,0.4974724724724725,0.4308807955249946,0.41541541541541543,0.4824824824824825
401736251,2025-07-16 02:00:00+00:00,7,16,2025,6,Sparks,99,16,Mystics,80,crypto.com Arena,0,2025,2,0.2727272727272727,-5.704545454545454,0.3,-9.1,0.4772727272727273,-1.9545454545454546,0.7,0.8,0,0,0,0.7272727272727273,0.5227272727272727,0.6426136363636363,0.5488636363636363,0.884,0.415,0.6495,179,163.993,17.72504240130692,168.42426060032673,0.16305651924931064,19,0.585,0.176,0.8240000000000001,0.809,0.3148,0.268941,0.19742500000000002,0.5682451470000001,0.31495,0.48762500000000003,0.6084226708127952,0.788,0.472
401736252,2025-07-16 16:00:00+00:00,7,16,2025,19,Sky,49,20,Dream,86,Wintrust Arena,0,2025,2,0.3181818181818182,-6.545454545454546,0.4,-2.4,0.4772727272727273,1.5227272727272727,0.4,-1.5,0,0,0,0.6818181818181819,0.5227272727272727,0.6636363636363637,0.46193181818181817,0.7602397602397603,0.5344655344655345,0.6473526473526474,135,164.00799200799202,17.722526232564476,168.43862356613315,0.8313587637333091,37,0.46553446553446554,0.012987012987012988,0.987012987012987,0.03896103896103896,0.3474025974025974,0.2171630317734214,0.19710289710289713,0.18151315710769242,0.31473526473526475,0.48816183816183806,0.7905238728989956,0.8901098901098901,0.005994005994005994
401736253,2025-07-16 17:00:00+00:00,7,16,2025,8,Lynx,79,11,Mercury,66,Target Center,0,2025,2,0.7272727272727273,5.704545454545454,0.7,6.9,0.5227272727272727,-0.3409090909090909,0.8,8.5,0,0,0,0.2727272727272727,0.4772727272727273,0.35738636363636367,0.5085227272727273,0.1506986027944112,0.23253493013972057,0.19161676646706588,145,163.97904191616766,17.737360173777414,168.41338195961202,0.5815529628788765,13,0.8493013972055888,0.36227544910179643,0.6377245508982036,0.124750499001996,0.2775449101796407,0.3790365675833961,0.1287425149700599,0.41587655476573593,0.2691616766467066,0.6020958083832335,0.3618932522936142,0.2624750499001996,0.1966067864271457
401736254,2025-07-16 19:00:00+00:00,7,16,2025,14,Storm,67,129689,Valkyries,58,Climate Pledge Arena,0,2025,2,0.5681818181818182,2.5,0.6,0.7,0.4782608695652174,1.608695652173913,0.5,6.0,0,0,0,0.43181818181818177,0.5217391304347826,0.4375,0.45978260869565213,0.38384845463609174,0.4037886340977069,0.39381854436689934,125,163.96011964107677,17.738632602667497,168.39477779174365,0.9498279296204352,9,0.6161515453639083,0.5613160518444666,0.43868394815553335,0.007976071784646061,0.23773678963110667,0.3110611485583131,0.1590727816550349,0.32468432614639964,0.28938185443668996,0.5515453639082751,0.495247737653891,0.5682951146560319,0.08673978065802593
401736255,2025-07-16 23:30:00+00:00,7,16,2025,9,Liberty,98,5,Fever,77,Barclays Center,0,2025,2,0.6818181818181818,6.2727272727272725,0.5,-1.7,0.5909090909090909,4.7272727272727275,0.7,7.1,0,0,0,0.31818181818181823,0.40909090909090906,0.34318181818181814,0.38181818181818183,0.3555776892430279,0.20318725099601595,0.27938247011952194,175,163.92131474103584,17.772372160965407,168.3644077812772,0.06732728916484576,21,0.796812749003984,0.1344621513944223,0.8655378486055777,0.7440239043824701,0.32310756972111554,0.3373675021031412,0.1419073705179283,0.5554340536933234,0.2779382470119522,0.5801543824701194,0.41220527535858204,0.3754980079681275,0.448207171314741
401736256,2025-07-17 00:00:00+00:00,7,17,2025,3,Wings,86,17,Aces,90,College Park Center,0,2025,2,0.2727272727272727,-5.2272727272727275,0.5,-2.9,0.5909090909090909,2.227272727272727,0.5,0.1,0,0,0,0.7272727272727273,0.40909090909090906,0.6306818181818181,0.44431818181818183,0.7203980099502487,0.41592039800995023,0.5681592039800994,176,163.9323383084577,17.766956409154496,168.37407741074634,0.08799941911316533,4,0.5840796019900498,0.8696517412935323,0.1303482587064677,0.7582089552238805,0.17606965174129352,0.3230134897651048,0.18522388059701492,0.7635475838795673,0.30681592039801,0.5079601990049751,0.34489477718596595,0.23184079601990049,0.8019900497512438
401781604,2025-07-20 00:30:00+00:00,7,20,2025,131246,TEAM CLARK,131,131247,TEAM COLLIER,151,Gainbridge Fieldhouse,0,2025,2,,,,,,,,,0,0,0,,,,,0.0,0.0,0.0,282,163.94433399602386,17.76219034002846,168.38488158103098,0.9999999986953649,20,1.0,0.15009940357852883,0.8499005964214712,1.0,0.31998011928429426,0.4080119284294234,0.1,0.6532304186807585,0.25,0.65,0.3124751489749043,0.16699801192842942,0.6252485089463221
401736257,2025-07-22 23:30:00+00:00,7,22,2025,16,Mystics,86,6,Sparks,93,CareFirst Arena,0,2025,2,0.45454545454545453,-2.4318181818181817,0.6,-1.8,0.29545454545454547,-5.2272727272727275,0.4,-4.9,0,0,0,0.5454545454545454,0.7045454545454546,0.5607954545454545,0.6306818181818181,0.5183714001986097,0.7755710029791459,0.6469712015888778,179,164.06156901688183,18.13896497649308,168.5963102610051,0.15166742491381946,7,0.4816285998013903,0.6911618669314796,0.30883813306852037,0.8083416087388282,0.21176762661370407,0.26864086449471375,0.1970456802383317,0.7076751031119315,0.3146971201588878,0.4882571996027805,0.44296422909548183,0.4528301886792453,0.7140019860973188
401736258,2025-07-23 00:00:00+00:00,7,23,2025,9,Liberty,98,5,Fever,84,Barclays Center,0,2025,2,0.7045454545454546,6.931818181818182,0.5,-0.1,0.5681818181818182,4.090909090909091,0.6,4.2,0,0,0,0.2954545454545454,0.43181818181818177,0.3267045454545455,0.3977272727272727,0.310515873015873,0.314484126984127,0.3125,182,164.07638888888889,18.13606079465778,168.61040408755332,0.238551662075146,14,0.689484126984127,0.31646825396825395,0.683531746031746,0.8591269841269841,0.2867063492063492,0.3172316901297556,0.146875,0.6383407537547003,0.28125,0.571875,0.40599151643871567,0.3601190476190476,0.6051587301587301
401736259,2025-07-23 00:00:00+00:00,7,23,2025,8,Lynx,91,19,Sky,68,Target Center,0,2025,2,0.7272727272727273,5.840909090909091,0.7,7.8,0.29545454545454547,-7.590909090909091,0.4,-4.0,0,0,0,0.2727272727272727,0.7045454545454546,0.35397727272727275,0.6897727272727272,0.14073339940535184,0.7888999008919723,0.464816650148662,159,164.09415262636273,18.135842556075126,168.6281132653815,0.13144241190282846,23,0.8592666005946481,0.10802775024777007,0.8919722497522299,0.37561942517343905,0.328394449950446,0.3557046639707449,0.1697224975222993,0.43926286650516994,0.2964816650148662,0.5337958374628344,0.5348793452148745,0.6531219028741329,0.23686818632309217
401736260,2025-07-23 02:00:00+00:00,7,23,2025,17,Aces,87,20,Dream,72,Michelob ULTRA Arena,0,2025,2,0.5909090909090909,1.9545454545454546,0.6,1.2,0.5,2.6818181818181817,0.5,2.7,0,0,0,0.40909090909090906,0.5,0.45113636363636367,0.4329545454545455,0.3702970297029703,0.4207920792079208,0.39554455445544556,159,164.0891089108911,18.127561988999915,168.62099940814107,0.13137328679742344,15,0.6297029702970297,0.28316831683168314,0.7168316831683168,0.37524752475247525,0.29336633663366335,0.29314802470346046,0.15933168316831683,0.42290334873012836,0.2895544554455446,0.5511138613861386,0.44648382133090303,0.45841584158415843,0.2089108910891089
401736261,2025-07-23 02:00:00+00:00,7,23,2025,14,Storm,63,3,Wings,87,Climate Pledge Arena,0,2025,2,0.5909090909090909,2.8181818181818183,0.6,0.9,0.25,-5.386363636363637,0.4,-4.2,0,0,0,0.40909090909090906,0.75,0.42954545454545445,0.6346590909090909,0.3649851632047478,0.7833827893175074,0.5741839762611276,150,164.08407517309595,18.119292644879355,168.6138983343158,0.41002183633047784,24,0.6350148367952522,0.09396636993076163,0.9060336300692384,0.20178041543026706,0.3312067260138477,0.27922615326365463,0.18612759643916915,0.315166068534448,0.3074183976261128,0.5064540059347181,0.645645560555995,0.8298714144411474,0.06824925816023739
401736262,2025-07-24 02:00:00+00:00,7,24,2025,11,Mercury,79,20,Dream,90,Mortgage Matchup Center,0,2025,2,0.5,-1.0,0.7,6.6,0.5,2.590909090909091,0.4,1.1,0,0,0,0.5,0.5,0.525,0.4352272727272728,0.3300395256916996,0.4772727272727273,0.40365612648221344,169,164.0701581027668,18.115740071904945,168.59909312074305,0.0002448452521673916,11,0.6699604743083004,0.45849802371541504,0.541501976284585,0.6185770750988142,0.258300395256917,0.32262466996828576,0.16054841897233202,0.580203976302863,0.29036561264822136,0.5490859683794466,0.37891477771400706,0.30039525691699603,0.49604743083003955
401736264,2025-07-24 23:00:00+00:00,7,24,2025,5,Fever,80,17,Aces,70,Gainbridge Fieldhouse,0,2025,2,0.5681818181818182,3.9545454545454546,0.6,3.8,0.6136363636363636,2.5454545454545454,0.6,1.9,0,0,0,0.43181818181818177,0.38636363636363635,0.4011363636363636,0.4363636363636363,0.31786771964461996,0.33464955577492594,0.3262586377097729,150,164.07502467917078,18.107449882013412,168.60188714967413,0.41002701946346887,10,0.68213228035538,0.5044422507403751,0.4955577492596249,0.20138203356367226,0.249111549851925,0.33119147041081926,0.14893879565646595,0.42151343158342447,0.2826258637709773,0.5684353405725567,0.3865833072396955,0.3139190523198421,0.2063178677196446
401736263,2025-07-24 23:00:00+00:00,7,24,2025,18,Sun,86,6,Sparks,101,Mohegan Sun Arena,0,2025,2,0.36363636363636365,-5.704545454545454,0.1,-14.2,0.29545454545454547,-5.181818181818182,0.5,-1.1,0,0,0,0.6363636363636364,0.7045454545454546,0.6426136363636363,0.6295454545454545,0.9516765285996055,0.6775147928994083,0.8145956607495068,187,164.0611439842209,18.10390677032028,168.58712067680096,0.40381976974750633,15,0.3224852071005917,0.28402366863905326,0.7159763313609467,0.9092702169625246,0.29319526627218934,0.18464750884072686,0.22218934911242602,0.6217774121923338,0.3314595660749507,0.44635108481262326,0.6906373127709607,0.8668639053254438,0.5729783037475346
401736265,2025-07-25 00:30:00+00:00,7,25,2025,19,Sky,57,14,Storm,95,Wintrust Arena,0,2025,2,0.29545454545454547,-7.7727272727272725,0.4,-5.0,0.5681818181818182,1.6363636363636365,0.5,-2.5,0,0,0,0.7045454545454546,0.43181818181818177,0.6943181818181818,0.4590909090909091,0.8049261083743843,0.4541871921182266,0.6295566502463055,152,164.08374384236453,18.10929675519867,168.6110680311642,0.3434062324076127,38,0.5458128078817734,0.009852216748768473,0.9901477832512315,0.24236453201970443,0.3480295566502463,0.24312395350530225,0.19443349753694583,0.2914441876069207,0.31295566502463057,0.4926108374384236,0.6867684615158116,0.865024630541872,0.05123152709359606
401736266,2025-07-25 23:30:00+00:00,7,25,2025,9,Liberty,89,11,Mercury,76,Barclays Center,0,2025,2,0.7045454545454546,6.931818181818182,0.6,2.1,0.5,-1.0454545454545454,0.6,4.7,0,0,0,0.2954545454545454,0.5,0.3267045454545455,0.5261363636363636,0.2125984251968504,0.39173228346456695,0.3021653543307087,165,164.0718503937008,18.104343297337305,168.59793621803513,0.01955376183503288,13,0.7874015748031495,0.3661417322834646,0.6338582677165354,0.5196850393700787,0.2767716535433071,0.35705840411680817,0.1453248031496063,0.5389574593716115,0.28021653543307085,0.5744586614173228,0.35404071930015585,0.2440944881889764,0.4242125984251969
401736267,2025-07-25 23:30:00+00:00,7,25,2025,8,Lynx,109,17,Aces,78,Target Center,0,2025,2,0.7272727272727273,6.090909090909091,0.7,6.2,0.6136363636363636,2.6136363636363638,0.5,-1.7,0,0,0,0.2727272727272727,0.38636363636363635,0.3477272727272728,0.43465909090909094,0.1504424778761062,0.41887905604719766,0.28466076696165193,187,164.07276302851525,18.095454891551498,168.59662675140314,0.40378927846090384,31,0.8495575221238938,0.03736479842674533,0.9626352015732547,0.9085545722713865,0.342527040314651,0.3450278452154088,0.1426991150442478,0.5877617568537549,0.2784660766961652,0.578834808259587,0.49045318103572744,0.56047197640118,0.5142576204523107
401736268,2025-07-26 02:00:00+00:00,7,26,2025,129689,Valkyries,86,3,Wings,76,Chase Center,0,2025,2,0.4583333333333333,1.1666666666666667,0.4,4.0,0.2727272727272727,-4.409090909090909,0.4,-2.1,0,0,0,0.5416666666666667,0.7272727272727273,0.4708333333333333,0.6102272727272727,0.5039292730844793,0.7475442043222004,0.6257367387033399,162,164.09528487229863,18.10082537944867,168.6204912171608,0.06470083803181881,10,0.4960707269155207,0.5068762278978389,0.4931237721021611,0.4449901768172888,0.24862475442043222,0.2615051566884488,0.19386051080550099,0.4738735875257709,0.31257367387033397,0.4935658153241651,0.47552271024556014,0.5245579567779961,0.3045186640471513
401736270,2025-07-26 23:00:00+00:00,7,26,2025,9,Liberty,99,6,Sparks,101,Barclays Center,0,2025,2,0.7272727272727273,7.363636363636363,0.7,4.4,0.3181818181818182,-4.704545454545454,0.6,2.0,0,0,0,0.2727272727272727,0.6818181818181819,0.3159090909090909,0.6176136363636363,0.1560353287536801,0.5515210991167812,0.3537782139352306,200,164.09322865554466,18.092051877475168,168.61624162491344,0.7778809549131883,2,0.8439646712463199,0.9705593719332679,0.02944062806673209,0.971540726202159,0.15588812561334642,0.44061148771958886,0.1530667320902846,0.9512207381575519,0.2853778213935231,0.5615554465161924,0.3261354809160722,0.1844946025515211,0.8940137389597644
401736271,2025-07-26 23:30:00+00:00,7,26,2025,16,Mystics,69,14,Storm,58,CareFirst Arena,0,2025,2,0.45454545454545453,-2.1136363636363638,0.6,-2.4,0.5681818181818182,2.25,0.6,2.1,0,0,0,0.5454545454545454,0.43181818181818177,0.5528409090909091,0.44375,0.5274509803921569,0.3519607843137255,0.43970588235294117,127,164.12843137254902,18.118088692537455,168.65795354568337,0.9288715177661528,11,0.6480392156862744,0.4598039215686274,0.5401960784313726,0.011764705882352941,0.2580392156862745,0.31460592079969235,0.16595588235294118,0.31690427135867794,0.2939705882352941,0.5400735294117647,0.5504269590477344,0.6892156862745098,0.07549019607843137
401736272,2025-07-27 17:00:00+00:00,7,27,2025,18,Sun,95,129689,Valkyries,64,Mohegan Sun Arena,0,2025,2,0.3409090909090909,-6.090909090909091,0.1,-15.4,0.48,1.52,0.4,2.6,0,0,0,0.6590909090909092,0.52,0.6522727272727272,0.46199999999999997,0.9598432908912831,0.4838393731635651,0.7218413320274241,159,164.09206660137122,18.14644527766162,168.62867792078663,0.13131375290703828,31,0.5161606268364349,0.03819784524975514,0.9618021547502449,0.3751224289911851,0.342360430950049,0.23548778300162793,0.2082761998041136,0.34406670392188743,0.3221841332027424,0.469539666993144,0.6761600616402761,0.8560235063663075,0.10381978452497552
401736269,2025-07-27 19:00:00+00:00,7,27,2025,19,Sky,78,5,Fever,93,United Center,0,2025,2,0.29545454545454547,-8.318181818181818,0.3,-9.9,0.5681818181818182,3.977272727272727,0.6,4.0,0,0,0,0.7045454545454546,0.43181818181818177,0.7079545454545455,0.4005681818181819,0.910958904109589,0.3131115459882583,0.6120352250489236,171,164.087084148728,18.138255887793907,168.62164812067647,0.008559842310944754,15,0.6868884540117417,0.2857142857142857,0.7142857142857143,0.6614481409001957,0.29285714285714287,0.3135784176684372,0.19180528375733855,0.5510764905377747,0.31120352250489236,0.4969911937377691,0.528106170450635,0.6360078277886497,0.44227005870841485
401736273,2025-07-27 20:00:00+00:00,7,27,2025,3,Wings,80,17,Aces,106,College Park Center,0,2025,2,0.2727272727272727,-4.2727272727272725,0.4,-2.8,0.5909090909090909,1.8636363636363635,0.5,-3.7,0,0,0,0.7272727272727273,0.40909090909090906,0.6068181818181818,0.4534090909090909,0.7585532746823069,0.4555229716520039,0.6070381231671554,186,164.09384164222874,18.13066811844181,168.6265086718392,0.3681541545334992,26,0.544477028347996,0.0772238514173998,0.9227761485826002,0.8973607038123167,0.3345552297165201,0.24770417255517999,0.1910557184750733,0.5761503042996483,0.31070381231671557,0.49824046920821113,0.6594989830976061,0.8455522971652004,0.49071358748778104
401736274,2025-07-27 22:00:00+00:00,7,27,2025,16,Mystics,72,11,Mercury,88,CareFirst Arena,0,2025,2,0.4772727272727273,-1.7045454545454546,0.6,-1.6,0.5,-0.7272727272727273,0.5,2.6,0,0,0,0.5227272727272727,0.5,0.5426136363636364,0.5181818181818182,0.4990234375,0.4541015625,0.4765625,160,164.115234375,18.134729898416303,168.64891684960406,0.10750021984420965,16,0.5458984375,0.2587890625,0.7412109375,0.3974609375,0.2982421875,0.26172002792358395,0.17148437500000002,0.40543805520981546,0.29765625,0.5308593749999999,0.4920483470260187,0.5615234375,0.1865234375
401736275,2025-07-27 23:00:00+00:00,7,27,2025,8,Lynx,86,20,Dream,90,Target Center,0,2025,2,0.7272727272727273,6.409090909090909,0.8,10.8,0.5227272727272727,3.0,0.4,0.9,0,0,0,0.2727272727272727,0.4772727272727273,0.3397727272727272,0.42500000000000004,0.08292682926829269,0.4653658536585366,0.27414634146341466,176,164.11121951219513,18.126328641378098,168.64280167253966,0.0790699258358385,4,0.9170731707317074,0.871219512195122,0.12878048780487805,0.7551219512195122,0.1757560975609756,0.46037037477691856,0.1411219512195122,0.8370337432132442,0.2774146341463415,0.5814634146341463,0.20629016194308902,0.0448780487804878,0.8565853658536585
401736276,2025-07-28 23:00:00+00:00,7,28,2025,18,Sun,85,14,Storm,101,Mohegan Sun Arena,0,2025,2,0.3409090909090909,-5.568181818181818,0.2,-9.9,0.5454545454545454,1.8636363636363635,0.5,-0.6,0,0,0,0.6590909090909092,0.4545454545454546,0.6392045454545454,0.4534090909090909,0.9064327485380117,0.442495126705653,0.6744639376218323,186,164.12280701754386,18.121285861762047,168.65312848298439,0.3675651559638524,16,0.5575048732943471,0.25925925925925924,0.7407407407407407,0.8966861598440545,0.29814814814814816,0.26582809905421995,0.20116959064327483,0.6261139061042735,0.31744639376218325,0.48138401559454186,0.6337645674869603,0.8099415204678363,0.5838206627680312
401736277,2025-07-29 00:00:00+00:00,7,29,2025,3,Wings,92,9,Liberty,82,College Park Center,0,2025,2,0.2727272727272727,-4.7272727272727275,0.3,-6.7,0.7045454545454546,7.0227272727272725,0.6,3.9,0,0,0,0.7272727272727273,0.2954545454545454,0.6181818181818182,0.3244318181818182,0.8549172346640701,0.20545277507302823,0.5301850048685491,174,164.14410905550147,18.125312980017004,168.67543730050573,0.042230959933171386,10,0.7945472249269718,0.5092502434274586,0.4907497565725414,0.7254138266796495,0.2481499513145083,0.37387518974068223,0.17952775073028238,0.6617510753854905,0.3030185004868549,0.5174537487828628,0.43063410291657456,0.41382667964946446,0.6445959104186952
401736278,2025-07-29 23:30:00+00:00,7,29,2025,20,Dream,75,129689,Valkyries,77,Gateway Center,0,2025,2,0.5227272727272727,3.0454545454545454,0.5,2.6,0.46153846153846156,0.2692307692307692,0.4,-0.2,0,0,0,0.4772727272727273,0.5384615384615384,0.42386363636363633,0.4932692307692308,0.43287937743190663,0.5447470817120622,0.4888132295719844,152,164.15369649805447,18.11909416802141,168.68347004005983,0.3455147578132991,2,0.5671206225680934,0.9708171206225681,0.029182879377431914,0.24027237354085604,0.1558365758754864,0.3237875857318052,0.17332198443579766,0.5277486054267988,0.29888132295719844,0.5277966926070039,0.3266015269427237,0.18482490272373542,0.4036964980544747
401736279,2025-07-29 23:30:00+00:00,7,29,2025,16,Mystics,103,19,Sky,86,CareFirst Arena,0,2025,2,0.45454545454545453,-2.1818181818181817,0.5,-3.6,0.2727272727272727,-8.840909090909092,0.3,-10.9,0,0,0,0.5454545454545454,0.7272727272727273,0.5545454545454545,0.7210227272727273,0.5908649173955296,0.9183673469387755,0.7546161321671525,189,164.1418853255588,18.114242003687593,168.67044582648072,0.4672883260904255,17,0.4091350826044704,0.23323615160349853,0.7667638483965015,0.924198250728863,0.3033527696793003,0.21217613409378744,0.21319241982507287,0.6213467451207851,0.32546161321671524,0.4613459669582119,0.6973136372275286,0.8736637512147716,0.5743440233236151
401736280,2025-07-30 02:00:00+00:00,7,30,2025,6,Sparks,74,17,Aces,89,crypto.com Arena,0,2025,2,0.3409090909090909,-4.318181818181818,0.7,3.3,0.6136363636363636,2.522727272727273,0.5,-1.4,0,0,0,0.6590909090909092,0.38636363636363635,0.6079545454545454,0.43693181818181814,0.49223300970873785,0.4155339805825243,0.4538834951456311,163,164.16601941747572,18.12199804380631,168.6965189284273,0.04820507869206736,15,0.5844660194174758,0.2883495145631068,0.7116504854368932,0.4728155339805825,0.29233009708737867,0.2775714958997078,0.16808252427184467,0.45425182227582916,0.2953883495145631,0.5365291262135923,0.46183740868698386,0.48640776699029126,0.26310679611650484
401736281,2025-07-30 23:00:00+00:00,7,30,2025,5,Fever,107,11,Mercury,101,Gainbridge Fieldhouse,0,2025,2,0.5681818181818182,3.9318181818181817,0.6,4.0,0.5,-0.5681818181818182,0.5,2.1,0,0,0,0.43181818181818177,0.5,0.4017045454545455,0.5142045454545454,0.31328806983511154,0.457807953443259,0.3855480116391853,208,164.16488845780796,18.113235223298364,168.69319726363256,0.9050665978861354,6,0.6867119301648885,0.7546071774975752,0.24539282250242478,0.9835111542192047,0.19907856450048494,0.3550932959911041,0.1578322017458778,0.8431425231900592,0.2885548011639185,0.5536129970902037,0.4271023212209978,0.40446168768186225,0.8603297769156159
401736282,2025-07-31 00:00:00+00:00,7,31,2025,3,Wings,85,20,Dream,88,College Park Center,0,2025,2,0.2727272727272727,-4.681818181818182,0.4,-4.9,0.5,2.727272727272727,0.5,2.8,0,0,0,0.7272727272727273,0.5,0.6170454545454546,0.4318181818181819,0.7916666666666666,0.4166666666666667,0.6041666666666666,173,164.20736434108528,18.155797999537437,168.74631384096963,0.027072236601607735,3,0.5833333333333333,0.9244186046511628,0.07558139534883723,0.6996124031007752,0.16511627906976745,0.3269961240310077,0.190625,0.7539235923321916,0.3104166666666667,0.4989583333333333,0.3300763629639385,0.19476744186046513,0.7897286821705426
401736283,2025-07-31 00:00:00+00:00,7,31,2025,8,Lynx,100,9,Liberty,93,Target Center,0,2025,2,0.7045454545454546,6.113636363636363,0.7,8.7,0.6818181818181818,6.636363636363637,0.6,4.4,0,0,0,0.2954545454545454,0.31818181818181823,0.3471590909090909,0.3340909090909091,0.13746369796708616,0.21297192642787996,0.17521781219748306,193,164.215876089061,18.14906140482488,168.75314144026723,0.5903396339979987,7,0.8625363020329139,0.6940948693126815,0.3059051306873185,0.9438528557599225,0.2111810261374637,0.4190743977306486,0.12628267182962247,0.8220131647530936,0.2675217812197483,0.6061955469506293,0.2626022092144659,0.09196515004840271,0.8480154888673765
401736284,2025-07-31 23:30:00+00:00,7,31,2025,16,Mystics,67,129689,Valkyries,68,CareFirst Arena,0,2025,2,0.4772727272727273,-1.5227272727272727,0.5,-3.0,0.48148148148148145,0.3333333333333333,0.4,-0.5,0,0,0,0.5227272727272727,0.5185185185185186,0.5380681818181818,0.4916666666666667,0.5570599613152805,0.5406189555125726,0.5488394584139265,135,164.24371373307542,18.162346935740338,168.7843004670105,0.8227225309166399,1,0.45938104448742745,1.0,0.0,0.039651837524177946,0.15,0.2802369439071567,0.18232591876208898,0.37173625270774335,0.30488394584139267,0.5127901353965184,0.4314431015266767,0.4206963249516441,0.13346228239845262
401736287,2025-08-01 23:30:00+00:00,8,1,2025,19,Sky,66,129689,Valkyries,73,Wintrust Arena,0,2025,2,0.2727272727272727,-8.772727272727273,0.2,-13.3,0.5,0.35714285714285715,0.4,-3.1,0,0,0,0.7272727272727273,0.5,0.7193181818181819,0.4910714285714286,0.9576107899807321,0.571290944123314,0.7644508670520231,139,164.19653179190752,18.165846585667634,168.73799343832442,0.7381359465216989,7,0.42870905587668595,0.6946050096339114,0.30539499036608864,0.06551059730250482,0.21107899807321773,0.2480008891413382,0.21466763005780348,0.2981901376521165,0.32644508670520234,0.45888728323699424,0.6089453699593464,0.7880539499036608,0.055876685934489405
401736288,2025-08-01 23:30:00+00:00,8,1,2025,3,Wings,78,5,Fever,88,American Airlines Center,0,2025,2,0.2727272727272727,-4.340909090909091,0.3,-6.0,0.5909090909090909,4.295454545454546,0.6,1.9,0,0,0,0.7272727272727273,0.40909090909090906,0.6085227272727273,0.39261363636363633,0.8399228543876567,0.3191899710703954,0.579556412729026,166,164.19479267116682,18.174525318174066,168.73842400071035,0.011287107620647885,10,0.6808100289296046,0.5091610414657667,0.4908389585342333,0.5506268081002893,0.24816779170684666,0.33111067456845045,0.1869334619093539,0.5692043325689305,0.3079556412729026,0.5051108968177436,0.4460068237296373,0.4561234329797493,0.476374156219865
401736286,2025-08-01 23:30:00+00:00,8,1,2025,18,Sun,78,9,Liberty,62,Mohegan Sun Arena,0,2025,2,0.3409090909090909,-5.840909090909091,0.2,-8.9,0.6590909090909091,6.386363636363637,0.6,4.6,0,0,0,0.6590909090909092,0.34090909090909094,0.6460227272727272,0.3403409090909091,0.8956521739130435,0.22318840579710145,0.5594202898550725,140,164.21545893719806,18.176305932372507,168.7595354202912,0.7140001782036979,16,0.7768115942028986,0.2589371980676328,0.7410628019323672,0.07536231884057971,0.2982125603864734,0.34275705384022964,0.18391304347826087,0.34746488799055397,0.30594202898550726,0.5101449275362319,0.64342162627675,0.8241545893719807,0.10531400966183575
401736285,2025-08-01 23:30:00+00:00,8,1,2025,20,Dream,95,11,Mercury,72,Gateway Center,0,2025,2,0.5,2.590909090909091,0.5,2.2,0.4772727272727273,-1.1590909090909092,0.4,0.0,0,0,0,0.5,0.5227272727272727,0.4352272727272728,0.5289772727272728,0.44884169884169883,0.5579150579150579,0.5033783783783784,167,164.19208494208493,18.183093891714453,168.73785841501353,0.004556924325717859,23,0.5511583011583012,0.111003861003861,0.8889961389961389,0.5733590733590733,0.32779922779922777,0.2524645950418151,0.17550675675675675,0.44935335592238257,0.30033783783783785,0.5241554054054054,0.5316474472327135,0.6428571428571429,0.2548262548262548
401736289,2025-08-02 02:00:00+00:00,8,2,2025,14,Storm,106,6,Sparks,108,Climate Pledge Arena,0,2025,2,0.5681818181818182,2.272727272727273,0.6,3.7,0.3181818181818182,-4.795454545454546,0.6,0.8,0,0,0,0.43181818181818177,0.6818181818181819,0.4431818181818181,0.6198863636363636,0.34071222329162654,0.5765158806544755,0.458614051973051,214,164.172281039461,18.173912619406405,168.71575919431262,0.9551452573169453,2,0.6592877767083735,0.9701636188642926,0.029836381135707413,0.9923002887391723,0.1559672762271415,0.3626335013399462,0.16879210779595766,0.9323337361834363,0.2958614051973051,0.5353464870067373,0.4155658364983504,0.3801732435033686,0.8950914340712224
401736290,2025-08-02 19:00:00+00:00,8,2,2025,17,Aces,58,8,Lynx,111,Michelob ULTRA Arena,0,2025,2,0.6136363636363636,2.6136363636363638,0.6,2.8,0.7045454545454546,6.2272727272727275,0.7,8.3,0,0,0,0.38636363636363635,0.2954545454545454,0.43465909090909094,0.34431818181818186,0.325,0.12788461538461537,0.2264423076923077,169,164.22019230769232,18.2307574127801,168.77788166088735,7.421869227597355e-05,53,0.8721153846153846,0.0019230769230769232,0.9980769230769231,0.6153846153846154,0.34961538461538466,0.34864367603550295,0.13396634615384617,0.4912621561362085,0.2726442307692308,0.593389423076923,0.4064983280695945,0.3596153846153846,0.3317307692307692
401736292,2025-08-03 17:00:00+00:00,8,3,2025,18,Sun,78,9,Liberty,87,Mohegan Sun Arena,0,2025,2,0.3409090909090909,-5.7272727272727275,0.3,-5.7,0.6363636363636364,5.704545454545454,0.5,2.0,0,0,0,0.6590909090909092,0.36363636363636365,0.6431818181818182,0.35738636363636367,0.8155619596541787,0.33045148895292986,0.5730067243035543,165,164.22478386167148,18.22259271260776,168.7804320398234,0.021289625095953557,9,0.6695485110470701,0.5667627281460135,0.4332372718539865,0.515850144092219,0.23664745437079732,0.331886034727932,0.18595100864553316,0.5691196470123996,0.3073006724303554,0.5067483189241114,0.42746312649593843,0.4053794428434198,0.47646493756003844
401736291,2025-08-03 19:00:00+00:00,8,3,2025,20,Dream,99,16,Mystics,83,Gateway Center,0,2025,2,0.5227272727272727,3.159090909090909,0.6,4.6,0.4772727272727273,-1.3409090909090908,0.5,-2.3,0,0,0,0.4772727272727273,0.5227272727272727,0.42102272727272727,0.5335227272727272,0.34261036468330136,0.5335892514395394,0.43809980806142035,182,164.22552783109404,18.213853995978795,168.77899133008873,0.23160269071588024,16,0.6573896353166986,0.2600767754318618,0.7399232245681382,0.8541266794625719,0.29798464491362764,0.30095034464211373,0.16571497120921305,0.6167225378687503,0.29380998080614207,0.5404750479846449,0.49255887641640167,0.5652591170825336,0.5700575815738963
401736295,2025-08-03 19:00:00+00:00,8,3,2025,14,Storm,74,5,Fever,78,Climate Pledge Arena,0,2025,2,0.5681818181818182,2.6136363636363638,0.5,3.4,0.5909090909090909,4.409090909090909,0.7,3.1,0,0,0,0.43181818181818177,0.40909090909090906,0.43465909090909094,0.38977272727272727,0.40364333652924256,0.2579098753595398,0.3307766059443912,152,164.2425695110259,18.213429425385634,168.7959268673723,0.3463617518049169,4,0.7420901246404602,0.8696069031639502,0.13039309683604983,0.23969319271332695,0.17607861936720998,0.38810409808714263,0.14961649089165868,0.5726266433285434,0.2830776605944391,0.5673058485139022,0.27638430579798395,0.1112176414189837,0.4851390220517737
401736293,2025-08-03 22:00:00+00:00,8,3,2025,19,Sky,67,11,Mercury,83,Wintrust Arena,0,2025,2,0.25,-9.022727272727273,0.2,-13.5,0.4772727272727273,-1.4772727272727273,0.4,-2.0,0,0,0,0.75,0.5227272727272727,0.7255681818181818,0.5369318181818181,0.9617224880382775,0.5961722488038278,0.7789473684210526,150,164.244019138756,18.204899532071398,168.79524402177384,0.41313094628219815,16,0.4038277511961722,0.261244019138756,0.738755980861244,0.19904306220095694,0.2977511961722488,0.2120186579977565,0.2168421052631579,0.27320571172317265,0.32789473684210524,0.4552631578947368,0.6864444208573848,0.8669856459330143,0.03636363636363636
401736294,2025-08-03 22:00:00+00:00,8,3,2025,17,Aces,101,129689,Valkyries,77,Michelob ULTRA Arena,0,2025,2,0.5909090909090909,1.0,0.5,-4.3,0.5172413793103449,0.5862068965517241,0.5,-1.3,0,0,0,0.40909090909090906,0.48275862068965514,0.475,0.4853448275862069,0.49616858237547895,0.47988505747126436,0.48802681992337166,178,164.2308429118774,18.208638674959808,168.78300258061736,0.12024624082575508,24,0.5201149425287357,0.09674329501915709,0.9032567049808429,0.7921455938697318,0.33065134099616855,0.24100398555511518,0.17320402298850573,0.5346035686245925,0.29880268199233717,0.5279932950191571,0.5483975473451644,0.685823754789272,0.4166666666666667
401736296,2025-08-05 23:00:00+00:00,8,5,2025,9,Liberty,85,3,Wings,76,Barclays Center,0,2025,2,0.6363636363636364,5.181818181818182,0.6,3.8,0.2727272727272727,-4.113636363636363,0.2,-7.9,0,0,0,0.36363636363636365,0.7272727272727273,0.3704545454545455,0.602840909090909,0.2552581261950287,0.8967495219885278,0.5760038240917782,161,164.2304015296367,18.201516137263923,168.7807805639527,0.08731957926962497,9,0.7447418738049714,0.5678776290630975,0.43212237093690253,0.41778202676864246,0.2364244741873805,0.36069088652391523,0.18640057361376672,0.5492214525395209,0.3076003824091778,0.5059990439770554,0.44065481052889044,0.4397705544933078,0.43881453154875716
401736297,2025-08-06 00:00:00+00:00,8,6,2025,19,Sky,78,16,Mystics,64,Wintrust Arena,0,2025,2,0.25,-8.977272727272727,0.2,-14.9,0.4772727272727273,-1.4545454545454546,0.5,-2.2,0,0,0,0.75,0.5227272727272727,0.7244318181818181,0.5363636363636364,0.9637058261700095,0.5339063992359121,0.7488061127029608,142,164.22731614135625,18.19308744923005,168.77558800366376,0.6614274480851762,14,0.4660936007640879,0.3237822349570201,0.6762177650429799,0.09551098376313276,0.285243553008596,0.2380473477229251,0.21232091690544413,0.2555566520278074,0.3248806112702961,0.4627984718242598,0.7066712477544642,0.8787010506208214,0.025787965616045846
401736300,2025-08-06 02:00:00+00:00,8,6,2025,14,Storm,87,8,Lynx,91,Climate Pledge Arena,0,2025,2,0.5454545454545454,2.3863636363636362,0.4,2.1,0.7272727272727273,7.818181818181818,0.7,13.1,0,0,0,0.4545454545454546,0.2727272727272727,0.44034090909090906,0.30454545454545445,0.4770992366412214,0.06393129770992366,0.2705152671755725,178,164.206106870229,18.197354912274378,168.7554455982976,0.12106147582654714,4,0.9360687022900763,0.8702290076335878,0.1297709923664122,0.7919847328244275,0.17595419847328245,0.46808632218402196,0.14057729007633588,0.8539619870119805,0.27705152671755723,0.5823711832061069,0.2105120419834591,0.05057251908396947,0.8673664122137404
401736298,2025-08-06 02:00:00+00:00,8,6,2025,6,Sparks,100,5,Fever,91,crypto.com Arena,0,2025,2,0.3409090909090909,-4.613636363636363,0.7,1.7,0.5909090909090909,4.409090909090909,0.8,5.4,0,0,0,0.6590909090909092,0.40909090909090906,0.6153409090909091,0.38977272727272727,0.5147759771210677,0.17349857006673022,0.34413727359389895,191,164.2192564346997,18.19365638492411,168.76767053093073,0.5260344307996495,9,0.8265014299332698,0.5681601525262154,0.43183984747378457,0.9380362249761678,0.2363679694947569,0.39193468562823913,0.15162059103908485,0.7667057097667842,0.2844137273593899,0.5639656816015253,0.3966604440139547,0.32983794089609153,0.8102955195424214
401736299,2025-08-06 02:00:00+00:00,8,6,2025,11,Mercury,82,18,Sun,66,Mortgage Matchup Center,0,2025,2,0.4772727272727273,-1.5227272727272727,0.5,0.5,0.3181818181818182,-6.090909090909091,0.3,-2.7,0,0,0,0.5227272727272727,0.6818181818181819,0.5380681818181818,0.6522727272727272,0.520952380952381,0.7952380952380952,0.6580952380952381,148,164.2447619047619,18.20375348085344,168.79570027497527,0.47926920558871555,16,0.47904761904761906,0.26095238095238094,0.7390476190476191,0.16952380952380952,0.2978095238095238,0.23841038548752838,0.19871428571428573,0.28350046880466473,0.3158095238095238,0.48547619047619045,0.6481254836584034,0.8323809523809523,0.04666666666666667
401736301,2025-08-07 02:00:00+00:00,8,7,2025,129689,Valkyries,72,17,Aces,78,Chase Center,0,2025,2,0.5,-0.23333333333333334,0.5,-2.8,0.5909090909090909,1.1136363636363635,0.6,-1.0,0,0,0,0.5,0.40909090909090906,0.5058333333333334,0.4721590909090909,0.5347288296860133,0.3872502378686965,0.4609895337773549,150,164.2293054234063,18.201981508902737,168.77980080063196,0.4127171536336577,6,0.6127497621313035,0.7545195052331113,0.2454804947668887,0.19980970504281637,0.19909609895337774,0.32546722753283763,0.16914843006660324,0.4625643202639489,0.2960989533777355,0.5347526165556612,0.38901233556602965,0.31779257849666986,0.29019980970504283
401736302,2025-08-08 00:00:00+00:00,8,8,2025,19,Sky,65,20,Dream,86,Wintrust Arena,0,2025,2,0.2727272727272727,-8.613636363636363,0.2,-14.6,0.5454545454545454,3.6363636363636362,0.6,5.3,0,0,0,0.7272727272727273,0.4545454545454546,0.7153409090909091,0.40909090909090906,0.9600760456273765,0.3108365019011407,0.6354562737642586,151,164.21577946768062,18.198608756353554,168.765431656769,0.3790349796677125,21,0.6891634980988592,0.13783269961977188,0.8621673003802282,0.22338403041825095,0.3224334600760457,0.3012337174167618,0.1953184410646388,0.34779597040851123,0.3135456273764259,0.4911359315589353,0.6564567174190017,0.8431558935361216,0.10836501901140684
401736303,2025-08-08 02:00:00+00:00,8,8,2025,6,Sparks,102,18,Sun,91,crypto.com Arena,0,2025,2,0.36363636363636365,-3.6136363636363638,0.8,3.6,0.3181818181818182,-6.295454545454546,0.3,-2.5,0,0,0,0.6363636363636364,0.6818181818181819,0.5903409090909091,0.6573863636363637,0.4301994301994302,0.7958214624881291,0.6130104463437797,193,164.20322886989553,18.19451587197196,168.7518578378885,0.5885498526397437,11,0.5698005698005698,0.46153846153846156,0.5384615384615384,0.9430199430199431,0.25769230769230766,0.2857144422529038,0.19195156695156695,0.7092779685229827,0.31130104463437797,0.496747388414055,0.5851080441536306,0.7473884140550807,0.7188983855650523
401736304,2025-08-08 02:00:00+00:00,8,8,2025,11,Mercury,95,5,Fever,60,Mortgage Matchup Center,0,2025,2,0.5,-0.9545454545454546,0.5,-0.9,0.5681818181818182,3.772727272727273,0.7,2.8,0,0,0,0.5,0.43181818181818177,0.5238636363636363,0.40568181818181814,0.5199240986717267,0.27893738140417457,0.39943074003795065,155,164.23055028462997,18.207492907797533,168.78242351157937,0.24911106935645688,35,0.7210626185958254,0.020872865275142316,0.9791271347248577,0.30075901328273247,0.34582542694497154,0.30126787263843535,0.1599146110056926,0.3617899826454307,0.28994307400379504,0.5501423149905124,0.5434713830388549,0.6707779886148008,0.12428842504743833
401736305,2025-08-08 23:30:00+00:00,8,8,2025,3,Wings,77,9,Liberty,88,College Park Center,0,2025,2,0.2727272727272727,-4.136363636363637,0.2,-5.8,0.6590909090909091,5.590909090909091,0.6,3.8,0,0,0,0.7272727272727273,0.34090909090909094,0.6034090909090909,0.36022727272727273,0.8748815165876778,0.24454976303317535,0.5597156398104266,165,164.2218009478673,18.201072246137237,168.7720690094016,0.02124615774038585,11,0.7554502369668247,0.46255924170616114,0.5374407582938389,0.5165876777251185,0.25748815165876776,0.3547165607241527,0.183957345971564,0.5589271755987989,0.30597156398104264,0.5100710900473934,0.45384474266701647,0.4729857819905213,0.4606635071090047
401736306,2025-08-08 23:30:00+00:00,8,8,2025,8,Lynx,80,16,Mystics,76,Target Center,0,2025,2,0.7272727272727273,7.75,0.8,14.3,0.4772727272727273,-1.4090909090909092,0.4,-3.8,0,0,0,0.2727272727272727,0.5227272727272727,0.30625,0.5352272727272728,0.048295454545454544,0.6278409090909091,0.3380681818181818,156,164.22253787878788,18.192459861930374,168.77065284427047,0.21837835265452588,4,0.9517045454545454,0.8712121212121212,0.12878787878787878,0.3248106060606061,0.17575757575757575,0.47464187327823687,0.1507102272727273,0.6943370038191835,0.2838068181818182,0.5654829545454545,0.2606345235515363,0.08901515151515152,0.6988636363636364
401736307,2025-08-09 02:00:00+00:00,8,9,2025,17,Aces,90,14,Storm,86,Michelob ULTRA Arena,0,2025,2,0.5909090909090909,1.1363636363636365,0.7,-0.2,0.5454545454545454,2.340909090909091,0.4,2.7,0,0,0,0.40909090909090906,0.4545454545454546,0.47159090909090906,0.4414772727272728,0.3415326395458846,0.4474929044465468,0.3945127719962157,176,164.2147587511826,18.18560270129526,168.7611594265064,0.0761663403684304,4,0.6584673604541154,0.8713339640491958,0.12866603595080417,0.7521286660359509,0.17573320719016083,0.35380306896672087,0.15917691579943236,0.7778444646906157,0.2894512771996216,0.551371807000946,0.2668896915662549,0.10122989593188268,0.8192999053926207
401736309,2025-08-10 00:00:00+00:00,8,10,2025,5,Fever,92,19,Sky,70,Gainbridge Fieldhouse,0,2025,2,0.5454545454545454,2.8181818181818183,0.6,-2.6,0.2727272727272727,-9.045454545454545,0.1,-17.3,0,0,0,0.4545454545454546,0.7272727272727273,0.42954545454545445,0.7261363636363636,0.43289224952741023,0.9678638941398866,0.7003780718336484,162,164.22589792060492,18.18060894276586,168.77105015629638,0.06700272059433687,22,0.5671077504725898,0.12287334593572778,0.8771266540642723,0.44328922495274103,0.32542533081285446,0.25873572850297133,0.20505671077504728,0.4006798736994108,0.32003780718336483,0.4749054820415879,0.6270664343023824,0.8034026465028355,0.1776937618147448
401736308,2025-08-10 00:30:00+00:00,8,10,2025,129689,Valkyries,72,6,Sparks,59,Chase Center,0,2025,2,0.4838709677419355,-0.41935483870967744,0.4,-5.3,0.38636363636363635,-3.272727272727273,0.8,4.5,0,0,0,0.5161290322580645,0.6136363636363636,0.510483870967742,0.5818181818181818,0.6336166194523135,0.380547686496695,0.5070821529745042,131,164.22379603399435,18.17214367140853,168.76683195184648,0.8846318799308797,13,0.619452313503305,0.37016052880075545,0.6298394711992445,0.018885741265344664,0.2759678942398489,0.2966548920579127,0.17606232294617563,0.2888302177356822,0.3007082152974504,0.523229461756374,0.6104685690082009,0.7884796978281398,0.05099150141643059
401736310,2025-08-10 16:30:00+00:00,8,10,2025,9,Liberty,71,8,Lynx,83,Barclays Center,0,2025,2,0.6590909090909091,5.4772727272727275,0.6,4.2,0.7272727272727273,7.545454545454546,0.8,13.8,0,0,0,0.34090909090909094,0.2727272727272727,0.3630681818181818,0.3113636363636363,0.22452830188679246,0.03773584905660377,0.1311320754716981,154,164.19245283018867,18.19220483954923,168.740504040076,0.2798275341609784,12,0.9622641509433962,0.4047169811320755,0.5952830188679246,0.2858490566037736,0.2690566037735849,0.4247746529013884,0.11966981132075472,0.5183350860105994,0.2631132075471698,0.6172169811320755,0.2710506764603233,0.10849056603773585,0.3858490566037736
401736311,2025-08-10 20:00:00+00:00,8,10,2025,3,Wings,78,16,Mystics,91,College Park Center,0,2025,2,0.25,-4.454545454545454,0.2,-5.8,0.4772727272727273,-1.3636363636363635,0.3,-4.4,0,0,0,0.75,0.5227272727272727,0.6113636363636363,0.5340909090909091,0.8850141376060321,0.6880301602262017,0.7865221489161169,169,164.18284637134778,18.18631373759468,168.72942480574645,0.00011067067818582021,13,0.31196983977379833,0.3704052780395853,0.6295947219604148,0.6163996229971724,0.275918944392083,0.18535383101141403,0.21797832233741754,0.4868056843236363,0.32865221489161167,0.4533694627709708,0.563526947776691,0.7163053722902922,0.32704995287464655
401736313,2025-08-10 22:00:00+00:00,8,10,2025,11,Mercury,66,20,Dream,74,Mortgage Matchup Center,0,2025,2,0.5,-0.20454545454545456,0.5,1.8,0.5681818181818182,4.204545454545454,0.7,9.1,0,0,0,0.5,0.43181818181818177,0.5051136363636364,0.39488636363636365,0.4849340866290019,0.1854990583804143,0.3352165725047081,140,164.18738229755178,18.178342359404198,168.73196788740282,0.71323309561659,8,0.8145009416195856,0.6365348399246704,0.3634651600753296,0.07532956685499058,0.2226930320150659,0.39428932547409035,0.15028248587570622,0.4612151300512096,0.2835216572504708,0.566195856873823,0.40003492166306076,0.3370998116760829,0.2853107344632768
401736312,2025-08-11 00:00:00+00:00,8,11,2025,6,Sparks,94,14,Storm,91,crypto.com Arena,0,2025,2,0.38636363636363635,-3.2045454545454546,0.8,4.1,0.5227272727272727,2.159090909090909,0.3,0.9,0,0,0,0.6136363636363636,0.4772727272727273,0.5801136363636363,0.4460227272727273,0.40545625587958606,0.5258701787394168,0.46566321730950144,185,164.16462841015993,18.184920338296514,168.71085849473405,0.3304731348829293,3,0.594543744120414,0.9247412982126059,0.07525870178739413,0.8852304797742239,0.16505174035747883,0.33170145818159613,0.16984948259642524,0.8503579242456878,0.29656632173095016,0.5335841956726246,0.3269204206016351,0.18532455315145813,0.8654750705550329
401736314,2025-08-11 01:00:00+00:00,8,11,2025,17,Aces,94,18,Sun,86,Michelob ULTRA Arena,0,2025,2,0.6136363636363636,1.3181818181818181,0.7,0.0,0.3181818181818182,-6.431818181818182,0.2,-4.6,0,0,0,0.38636363636363635,0.6818181818181819,0.46704545454545454,0.6607954545454545,0.3223684210526316,0.8656015037593985,0.5939849624060151,180,164.18421052631578,18.187584663077594,168.73110669208518,0.17464980996086865,8,0.6776315789473684,0.6362781954887218,0.3637218045112782,0.8233082706766918,0.22274436090225563,0.3410720468935496,0.18909774436090226,0.7270688785040732,0.3093984962406015,0.5015037593984961,0.44344655615515893,0.45300751879699247,0.7528195488721805
401736315,2025-08-12 02:00:00+00:00,8,12,2025,129689,Valkyries,74,18,Sun,57,Chase Center,0,2025,2,0.5,0.0,0.5,-3.8,0.29545454545454547,-6.886363636363637,0.2,-4.0,0,0,0,0.5,0.7045454545454546,0.5,0.6721590909090909,0.5427230046948357,0.8751173708920188,0.7089201877934272,131,164.19906103286385,18.185494691171446,168.74543470565672,0.8839825338111893,17,0.4572769953051643,0.231924882629108,0.768075117370892,0.018779342723004695,0.3036150234741784,0.2288589124732747,0.2063380281690141,0.200694074266549,0.3208920187793427,0.47276995305164315,0.7640245518502364,0.8929577464788733,0.011267605633802818
401736316,2025-08-12 23:30:00+00:00,8,12,2025,5,Fever,80,3,Wings,81,Gainbridge Fieldhouse,0,2025,2,0.5454545454545454,3.159090909090909,0.6,-1.2,0.22727272727272727,-4.818181818181818,0.2,-5.2,0,0,0,0.4545454545454546,0.7727272727272727,0.42102272727272727,0.6204545454545455,0.41369606003752346,0.8939962476547842,0.6538461538461539,161,164.16791744840526,18.20537357541473,168.71926084225893,0.08597033259995912,1,0.5863039399624765,1.0,0.0,0.41932457786116323,0.15,0.3341791744840525,0.1980769230769231,0.6384211153898954,0.3153846153846154,0.4865384615384616,0.3351500407324476,0.20825515947467166,0.6135084427767354
401736317,2025-08-13 02:00:00+00:00,8,13,2025,6,Sparks,97,9,Liberty,105,crypto.com Arena,0,2025,2,0.4090909090909091,-2.9545454545454546,0.8,4.0,0.6590909090909091,5.454545454545454,0.5,0.9,0,0,0,0.5909090909090908,0.34090909090909094,0.5738636363636364,0.36363636363636365,0.3880037488284911,0.3364573570759138,0.3622305529522024,202,164.16494845360825,18.197090902902172,168.71422117933378,0.8123078497567467,8,0.6635426429240863,0.6363636363636364,0.36363636363636365,0.9737582005623243,0.22272727272727272,0.3356040725909517,0.15433458294283037,0.7914337456368605,0.28622305529522024,0.5594423617619493,0.4320954202757555,0.4217432052483599,0.8284910965323337
401736318,2025-08-13 23:00:00+00:00,8,13,2025,18,Sun,71,19,Sky,62,Mohegan Sun Arena,0,2025,2,0.2727272727272727,-7.7272727272727275,0.2,-5.3,0.2727272727272727,-9.454545454545455,0.1,-18.2,0,0,0,0.7272727272727273,0.7272727272727273,0.6931818181818181,0.7363636363636363,0.9082397003745318,0.9700374531835206,0.9391385767790262,133,164.2003745318352,18.22537032740171,168.75671711368562,0.854060757082921,9,0.09176029962546817,0.5683520599250936,0.43164794007490637,0.0299625468164794,0.23632958801498127,0.1114043541079269,0.24087078651685392,0.10454612024442579,0.3439138576779026,0.4152153558052435,0.7441127528293574,0.8867041198501873,0.0
401736319,2025-08-13 23:30:00+00:00,8,13,2025,16,Mystics,83,129689,Valkyries,88,CareFirst Arena,0,2025,2,0.4772727272727273,-1.2045454545454546,0.3,-3.6,0.5151515151515151,0.5151515151515151,0.6,-2.0,0,0,0,0.5227272727272727,0.48484848484848486,0.5301136363636363,0.48712121212121207,0.6819457436856876,0.4424695977549111,0.5622076707202994,171,164.1711880261927,18.241812913778052,168.73164125463722,0.007701578067256132,5,0.5575304022450889,0.8222637979420019,0.17773620205799812,0.6585594013096352,0.18554724041159962,0.30848636329031176,0.18433115060804492,0.6903143233034161,0.30622076707202994,0.5094480823199251,0.342261776591313,0.2235734331150608,0.6941066417212348
401736320,2025-08-14 01:30:00+00:00,8,14,2025,17,Aces,83,9,Liberty,77,Michelob ULTRA Arena,0,2025,2,0.6136363636363636,1.25,0.7,0.4,0.6590909090909091,5.318181818181818,0.5,0.3,0,0,0,0.38636363636363635,0.34090909090909094,0.46875,0.36704545454545445,0.3149532710280374,0.34205607476635513,0.32850467289719626,160,164.17757009345794,18.23447381335676,168.73618854679714,0.10842861772104517,6,0.6850467289719626,0.7542056074766356,0.24579439252336444,0.39626168224299063,0.1991588785046729,0.35439090750283864,0.14927570093457945,0.5806278607771318,0.28285046728971963,0.5678738317757009,0.2722580240484571,0.10841121495327102,0.5037383177570094
401736321,2025-08-14 02:00:00+00:00,8,14,2025,14,Storm,75,20,Dream,85,Climate Pledge Arena,0,2025,2,0.5227272727272727,2.3863636363636362,0.3,1.1,0.5909090909090909,4.636363636363637,0.8,10.6,0,0,0,0.4772727272727273,0.40909090909090906,0.44034090909090906,0.38409090909090904,0.5396825396825397,0.12511671335200747,0.33239962651727356,160,164.1736694677871,18.226398065140685,168.73026898407227,0.10838056769328597,10,0.8748832866479925,0.5079365079365079,0.4920634920634921,0.39589169000933705,0.24841269841269842,0.40393431446652733,0.14985994397759103,0.560138031766291,0.28323996265172735,0.5669000933706816,0.34405133022613943,0.22969187675070027,0.4631185807656396
401736322,2025-08-15 23:30:00+00:00,8,15,2025,5,Fever,84,16,Mystics,88,Gainbridge Fieldhouse,0,2025,2,0.5454545454545454,3.3863636363636362,0.6,0.8,0.45454545454545453,-1.3636363636363635,0.3,-2.2,0,0,0,0.4545454545454546,0.5454545454545454,0.41534090909090904,0.5340909090909091,0.37966417910447764,0.667910447761194,0.5237873134328358,172,164.169776119403,18.218332994340834,168.7243593679882,0.016033931388408695,4,0.6203358208955223,0.871268656716418,0.12873134328358204,0.6856343283582089,0.17574626865671641,0.3380824306638449,0.17856809701492538,0.7369180642687826,0.3023787313432836,0.519053171641791,0.3136622351849486,0.16511194029850745,0.7658582089552238
401736323,2025-08-15 23:30:00+00:00,8,15,2025,19,Sky,59,129689,Valkyries,90,Wintrust Arena,0,2025,2,0.2727272727272727,-9.227272727272727,0.1,-15.4,0.5294117647058824,0.6470588235294118,0.7,-0.6,0,0,0,0.7272727272727273,0.47058823529411764,0.7306818181818182,0.48382352941176465,0.9701770736253494,0.3746505125815471,0.6724137931034483,149,164.1770736253495,18.211402550222576,168.72992426290514,0.443929048468112,31,0.6253494874184529,0.0391425908667288,0.9608574091332712,0.18546132339235788,0.34217148182665424,0.27146921514180566,0.20086206896551723,0.2962574768358968,0.31724137931034485,0.481896551724138,0.7180261251715013,0.8835041938490215,0.05871388630009319
401736324,2025-08-15 23:30:00+00:00,8,15,2025,3,Wings,96,6,Sparks,97,College Park Center,0,2025,2,0.22727272727272727,-5.204545454545454,0.3,-4.7,0.4090909090909091,-3.0,0.7,1.3,0,0,0,0.7727272727272727,0.5909090909090908,0.6301136363636364,0.575,0.8538175046554934,0.44972067039106145,0.6517690875232774,193,164.1629422718808,18.20880457183158,168.7151434148387,0.5890818720759157,1,0.5502793296089385,1.0,0.0,0.9422718808193669,0.15,0.3188687150837989,0.19776536312849163,0.9018806893251355,0.31517690875232773,0.4870577281191806,0.433949161370904,0.4273743016759777,0.8929236499068901
401736325,2025-08-16 02:00:00+00:00,8,16,2025,20,Dream,78,14,Storm,80,Rogers Arena,0,2025,2,0.5909090909090909,4.454545454545454,0.8,7.9,0.5227272727272727,2.3181818181818183,0.2,-0.8,0,0,0,0.40909090909090906,0.4772727272727273,0.38863636363636367,0.4420454545454545,0.1572093023255814,0.6148837209302326,0.386046511627907,158,164.18976744186045,18.221564348363344,168.7451585289513,0.1595937511928628,2,0.8427906976744186,0.9693023255813954,0.030697674418604604,0.3581395348837209,0.15613953488372093,0.439984921579232,0.15790697674418605,0.7027151545599758,0.2886046511627907,0.5534883720930233,0.2477327136483397,0.07627906976744186,0.7097674418604651
401736326,2025-08-16 02:00:00+00:00,8,16,2025,11,Mercury,83,17,Aces,86,Mortgage Matchup Center,0,2025,2,0.5,-0.06818181818181818,0.4,0.9,0.6136363636363636,1.2954545454545454,0.7,-0.5,0,0,0,0.5,0.38636363636363635,0.5017045454545455,0.4676136363636363,0.5362453531598513,0.3271375464684015,0.43169144981412644,169,164.18401486988847,18.214064717691212,168.7375310493113,0.00010382204475678503,3,0.6728624535315986,0.9228624535315985,0.07713754646840154,0.6152416356877324,0.1654275092936803,0.3642334959439477,0.16475371747211898,0.7368195099755156,0.29316914498141267,0.5420771375464684,0.25664151903046106,0.08643122676579926,0.7648698884758365
401736327,2025-08-16 18:00:00+00:00,8,16,2025,8,Lynx,86,9,Liberty,80,Target Center,0,2025,2,0.75,7.886363636363637,0.9,15.6,0.6363636363636364,4.9772727272727275,0.4,-1.6,0,0,0,0.25,0.36363636363636365,0.3028409090909091,0.37556818181818186,0.025069637883008356,0.4271123491179202,0.22609099350046427,166,164.18848653667595,18.20619040809201,168.74003413869895,0.01126125746700779,6,0.9749303621169917,0.7520891364902507,0.24791086350974934,0.5515320334261838,0.19958217270194986,0.4702176038360969,0.13391364902506964,0.7303402722197643,0.2726090993500464,0.593477251624884,0.20327065474029793,0.04178272980501393,0.755803156917363
401736329,2025-08-17 17:00:00+00:00,8,17,2025,18,Sun,93,5,Fever,99,Mohegan Sun Arena,0,2025,2,0.2727272727272727,-7.954545454545454,0.3,-3.6,0.5227272727272727,3.2045454545454546,0.6,1.8,0,0,0,0.7272727272727273,0.4772727272727273,0.6988636363636364,0.41988636363636367,0.852504638218924,0.37105751391465674,0.6117810760667903,192,164.19016697588125,18.19781981518518,168.73962192967755,0.558197503292946,6,0.6289424860853432,0.7523191094619666,0.24768089053803344,0.9397031539888683,0.19953617810760668,0.3317692352704279,0.19176716141001854,0.8155268968546616,0.311178107606679,0.4970547309833025,0.4882054997056638,0.5602968460111317,0.8460111317254174
401736328,2025-08-17 19:00:00+00:00,8,17,2025,16,Mystics,95,6,Sparks,86,CareFirst Arena,0,2025,2,0.45454545454545453,-1.3636363636363635,0.4,-1.1,0.4318181818181818,-2.909090909090909,0.7,0.7,0,0,0,0.5454545454545454,0.5681818181818181,0.5340909090909091,0.5727272727272728,0.6014828544949027,0.44763670064874883,0.5245597775718258,181,164.21594068582021,18.209069429290135,168.76820804314275,0.20197749621152106,9,0.5523632993512512,0.5653382761816497,0.43466172381835033,0.8378127896200185,0.23693234476367006,0.2870520493609141,0.17868396663577388,0.6919662050979434,0.3024559777571826,0.5188600556070435,0.4397292922254741,0.4411492122335496,0.6932344763670065
401736330,2025-08-17 19:30:00+00:00,8,17,2025,17,Aces,106,3,Wings,87,Michelob ULTRA Arena,0,2025,2,0.6136363636363636,1.0681818181818181,0.8,0.8,0.22727272727272727,-5.068181818181818,0.2,-7.2,0,0,0,0.38636363636363635,0.7727272727272727,0.47329545454545463,0.6267045454545455,0.25277777777777777,0.9092592592592592,0.5810185185185185,193,164.2314814814815,18.207793746969646,168.7834299182239,0.587064936851249,19,0.7472222222222222,0.1787037037037037,0.8212962962962963,0.9416666666666667,0.31425925925925924,0.3247744341563786,0.18715277777777778,0.632769835009907,0.30810185185185185,0.5047453703703704,0.6561801507972767,0.8435185185185186,0.5972222222222222
401736331,2025-08-17 22:00:00+00:00,8,17,2025,14,Storm,82,11,Mercury,85,Climate Pledge Arena,0,2025,2,0.5227272727272727,2.2045454545454546,0.3,1.8,0.5,0.1590909090909091,0.4,1.9,0,0,0,0.4772727272727273,0.5,0.4448863636363637,0.4960227272727272,0.5356151711378353,0.5004625346901017,0.5180388529139686,167,164.25809435707677,18.22038418086995,168.81319040229425,0.00493931807755954,3,0.4995374653098983,0.9232192414431082,0.07678075855689181,0.572617946345976,0.16535615171137835,0.2919323210341608,0.17770582793709527,0.6628854890719222,0.30180388529139685,0.5204902867715078,0.2936846679684824,0.14061054579093432,0.6466234967622572
401736332,2025-08-18 00:30:00+00:00,8,18,2025,129689,Valkyries,63,20,Dream,79,Chase Center,0,2025,2,0.5428571428571428,1.5142857142857142,0.7,1.5,0.5909090909090909,4.590909090909091,0.8,9.2,0,0,0,0.4571428571428572,0.40909090909090906,0.4621428571428572,0.38522727272727275,0.3345656192236599,0.1367837338262477,0.2356746765249538,142,164.26062846580407,18.21214543190306,168.81366482377985,0.6617017677633867,16,0.8632162661737524,0.25970425138632164,0.7402957486136783,0.09611829944547134,0.2980591497227357,0.373157464953311,0.13535120147874308,0.385802186290764,0.2735674676524954,0.5910813308687616,0.4313858640019695,0.42051756007393715,0.1589648798521257
401736333,2025-08-19 23:00:00+00:00,8,19,2025,9,Liberty,85,8,Lynx,75,Barclays Center,0,2025,2,0.6136363636363636,4.613636363636363,0.4,-2.0,0.75,7.863636363636363,0.9,14.9,0,0,0,0.38636363636363635,0.25,0.3846590909090909,0.30340909090909096,0.46537396121883656,0.018467220683287166,0.24192059095106186,160,164.24007386888275,18.216290894928648,168.7941465926149,0.10999654468418585,10,0.9815327793167128,0.5060018467220684,0.4939981532779316,0.394275161588181,0.24879963065558633,0.4437839301076231,0.1362880886426593,0.5899671474053327,0.2741920590951062,0.5895198522622345,0.29305858070542296,0.14035087719298245,0.5216989843028624
401736334,2025-08-19 23:30:00+00:00,8,19,2025,16,Mystics,69,18,Sun,80,CareFirst Arena,0,2025,2,0.4772727272727273,-0.9090909090909091,0.4,-1.3,0.2727272727272727,-7.795454545454546,0.3,-2.7,0,0,0,0.5227272727272727,0.7272727272727273,0.5227272727272727,0.6948863636363637,0.5876383763837638,0.834870848708487,0.7112546125461254,149,164.23616236162363,18.20833427724302,168.78824593093438,0.44596808954068845,11,0.4123616236162362,0.4584870848708487,0.5415129151291513,0.18450184501845018,0.25830258302583026,0.22709351724513552,0.20668819188191884,0.30557888618928536,0.32112546125461255,0.47218634686346866,0.6019146398983239,0.7767527675276753,0.06365313653136531
401736335,2025-08-20 00:00:00+00:00,8,20,2025,19,Sky,88,14,Storm,94,Wintrust Arena,0,2025,2,0.2727272727272727,-9.818181818181818,0.1,-16.2,0.5227272727272727,2.2954545454545454,0.2,-2.3,0,0,0,0.7272727272727273,0.4772727272727273,0.7454545454545455,0.4426136363636364,0.9732718894009217,0.6451612903225806,0.8092165898617512,182,164.2221198156682,18.205810604932672,168.77357246690138,0.23194764615624808,6,0.3548387096774194,0.7529953917050691,0.24700460829493087,0.8525345622119815,0.19940092165898618,0.2221016797978297,0.22138248847926267,0.7311857335354672,0.3309216589861751,0.44769585253456223,0.4953712329404344,0.5751152073732719,0.759447004608295
401736336,2025-08-20 02:00:00+00:00,8,20,2025,17,Aces,74,20,Dream,72,Michelob ULTRA Arena,0,2025,2,0.6136363636363636,1.2045454545454546,0.9,5.8,0.5909090909090909,4.704545454545454,0.8,9.7,0,0,0,0.38636363636363635,0.40909090909090906,0.4698863636363637,0.3823863636363637,0.16482504604051565,0.13167587476979742,0.14825046040515655,146,164.23848987108656,18.20541346348374,168.7898432369575,0.5432059774645726,2,0.8683241252302025,0.9696132596685083,0.03038674033149169,0.13904235727440148,0.15607734806629833,0.45079146444451224,0.12223756906077349,0.6272809950252839,0.26482504604051565,0.6129373848987107,0.16531559760262565,0.019337016574585635,0.5893186003683242
401736337,2025-08-20 02:00:00+00:00,8,20,2025,129689,Valkyries,91,11,Mercury,98,Chase Center,0,2025,2,0.5277777777777778,1.0277777777777777,0.7,3.0,0.5227272727272727,0.6363636363636364,0.5,3.3,0,0,0,0.4722222222222222,0.4772727272727273,0.47430555555555554,0.4840909090909091,0.33026678932842685,0.42686292548298066,0.3785648574057038,189,164.22171113155474,18.20543620918132,168.77307018385008,0.4605486205942545,7,0.6697332106715732,0.6908923643054278,0.3091076356945722,0.9190432382704692,0.21182152713891444,0.34275249689184467,0.15678472861085557,0.7880347257738516,0.2878564857405704,0.555358785648574,0.37142494771664736,0.28334866605335784,0.8261269549218031
401736338,2025-08-21 02:00:00+00:00,8,21,2025,6,Sparks,81,3,Wings,80,crypto.com Arena,0,2025,2,0.4090909090909091,-3.25,0.6,-1.7,0.22727272727272727,-5.409090909090909,0.2,-8.1,0,0,0,0.5909090909090908,0.7727272727272727,0.58125,0.6352272727272728,0.5505514705882353,0.9163602941176471,0.7334558823529411,161,164.24448529411765,18.212558899472555,168.7976250189858,0.0875794646152328,1,0.4494485294117647,1.0,0.0,0.41911764705882354,0.15,0.276015625,0.21001838235294118,0.5839998851102941,0.32334558823529413,0.46663602941176474,0.36065023817570674,0.2610294117647059,0.5091911764705882
401736339,2025-08-21 23:00:00+00:00,8,21,2025,18,Sun,67,16,Mystics,56,Mohegan Sun Arena,0,2025,2,0.29545454545454547,-7.5,0.3,-4.7,0.45454545454545453,-1.25,0.4,-0.8,0,0,0,0.7045454545454546,0.5454545454545454,0.6875,0.53125,0.8503213957759412,0.5867768595041323,0.7185491276400368,123,164.24150596877868,18.204452730048267,168.79261915129075,0.9577341534527672,11,0.4132231404958677,0.4573002754820937,0.5426997245179064,0.005509641873278237,0.2585399449035813,0.2273402317692325,0.2077823691460055,0.21363005469940538,0.3218549127640037,0.47036271808999086,0.7116495646661791,0.8815426997245179,0.013774104683195593
401736340,2025-08-21 23:00:00+00:00,8,21,2025,9,Liberty,85,19,Sky,91,Barclays Center,0,2025,2,0.6136363636363636,4.75,0.5,0.0,0.2727272727272727,-9.522727272727273,0.1,-13.0,0,0,0,0.38636363636363635,0.7272727272727273,0.38125,0.7380681818181818,0.3889908256880734,0.9651376146788991,0.6770642201834862,176,164.20366972477063,18.23892006314742,168.7633997405575,0.0756939110082937,6,0.6110091743119266,0.7522935779816514,0.24770642201834858,0.7504587155963303,0.19954128440366972,0.32458968100328256,0.20155963302752294,0.7232283524152742,0.31770642201834864,0.48073394495412847,0.41944251153176426,0.3908256880733945,0.7458715596330275
401736341,2025-08-21 23:30:00+00:00,8,21,2025,20,Dream,75,8,Lynx,73,Gateway Center,0,2025,2,0.5909090909090909,4.75,0.7,9.1,0.7272727272727273,7.431818181818182,0.8,12.6,0,0,0,0.40909090909090906,0.2727272727272727,0.38125,0.31420454545454546,0.17140238313473877,0.043996333638863426,0.1076993583868011,148,164.21448212648946,18.234049487642604,168.7729944984001,0.4773985417595292,2,0.9560036663611365,0.9688359303391384,0.031164069660861604,0.1695692025664528,0.1562328139321723,0.4876989803248141,0.11615490375802018,0.6822376399606249,0.26076993583868013,0.6230751604032997,0.1306836291204209,0.006416131989000917,0.6736938588450962
401736342,2025-08-22 02:00:00+00:00,8,22,2025,17,Aces,83,11,Mercury,61,Michelob ULTRA Arena,0,2025,2,0.6136363636363636,0.9318181818181818,0.9,3.4,0.5227272727272727,0.6136363636363636,0.6,5.3,0,0,0,0.38636363636363635,0.4772727272727273,0.47670454545454544,0.4846590909090909,0.1794871794871795,0.3525641025641026,0.266025641025641,144,164.1996336996337,18.232294749099424,168.75770738690855,0.6022580068051397,22,0.8205128205128205,0.12087912087912088,0.8791208791208791,0.1163003663003663,0.32582417582417583,0.34400253592561286,0.13990384615384616,0.34732491198573195,0.2766025641025641,0.5834935897435897,0.4826495570958146,0.5467032967032966,0.10897435897435898
401736344,2025-08-22 23:30:00+00:00,8,22,2025,3,Wings,60,14,Storm,95,College Park Center,0,2025,2,0.22727272727272727,-5.181818181818182,0.2,-5.6,0.5227272727272727,1.8863636363636365,0.3,-0.6,0,0,0,0.7727272727272727,0.4772727272727273,0.6295454545454545,0.4528409090909091,0.903107861060329,0.556672760511883,0.729890310786106,155,164.2001828153565,18.23670629549581,168.75935938923044,0.2477039743723326,35,0.44332723948811703,0.02102376599634369,0.9789762340036563,0.3007312614259598,0.34579524680073126,0.21043386896784524,0.2094835466179159,0.29118034241019514,0.3229890310786106,0.4675274223034735,0.709332227898807,0.8811700182815356,0.05301645338208409
401736343,2025-08-22 23:30:00+00:00,8,22,2025,5,Fever,90,8,Lynx,95,Gainbridge Fieldhouse,0,2025,2,0.5454545454545454,3.590909090909091,0.6,1.4,0.7272727272727273,7.613636363636363,0.7,10.1,0,0,0,0.4545454545454546,0.2727272727272727,0.4102272727272728,0.30965909090909094,0.36596523330283626,0.09240622140896615,0.2291857273559012,185,164.1811527904849,18.234184068206265,168.73969880753646,0.32807425579125393,5,0.9075937785910339,0.818847209515096,0.18115279048490396,0.8828911253430924,0.1862305580969808,0.45066298552964096,0.13437785910338518,0.8586292919318789,0.2729185727355901,0.5927035681610247,0.22936507552179686,0.06587374199451052,0.8719121683440073
401736345,2025-08-23 02:00:00+00:00,8,23,2025,11,Mercury,81,129689,Valkyries,72,Mortgage Matchup Center,0,2025,2,0.5227272727272727,0.4090909090909091,0.5,1.5,0.5135135135135135,0.8108108108108109,0.6,2.1,0,0,0,0.4772727272727273,0.4864864864864865,0.48977272727272725,0.4797297297297297,0.4703196347031963,0.3926940639269406,0.43150684931506844,153,164.1917808219178,18.23048970961739,168.74940324932214,0.31144876428645696,9,0.6073059360730594,0.5643835616438356,0.43561643835616437,0.26666666666666666,0.23712328767123286,0.30793744917745675,0.16472602739726028,0.4391183513545396,0.29315068493150687,0.5421232876712329,0.41293488675356704,0.38082191780821917,0.2410958904109589
401736346,2025-08-23 18:00:00+00:00,8,23,2025,20,Dream,78,9,Liberty,62,Gateway Center,0,2025,2,0.6136363636363636,5.068181818181818,0.8,9.5,0.6136363636363636,4.931818181818182,0.5,0.1,0,0,0,0.38636363636363635,0.38636363636363635,0.37329545454545454,0.37670454545454546,0.12864963503649635,0.3731751824817518,0.2509124087591241,140,164.1815693430657,18.225298982852525,168.73789408877883,0.711531710366176,16,0.8713503649635037,0.2591240875912409,0.7408759124087592,0.07572992700729927,0.29817518248175184,0.3759501371943098,0.13763686131386862,0.38191125611327,0.2750912408759124,0.5872718978102189,0.4490952718957926,0.4726277372262774,0.15693430656934307
401736347,2025-08-23 19:00:00+00:00,8,23,2025,16,Mystics,81,17,Aces,91,CareFirst Arena,0,2025,2,0.4318181818181818,-1.7954545454545454,0.3,-3.6,0.6136363636363636,1.1818181818181819,0.9,4.1,0,0,0,0.5681818181818181,0.38636363636363635,0.5448863636363637,0.47045454545454546,0.7110300820419325,0.16955332725615316,0.4402917046490428,172,164.1595259799453,18.231607143781183,168.7174277658906,0.01607806407720469,10,0.8304466727438469,0.5050136736554239,0.49498632634457607,0.6845943482224248,0.24899726526891522,0.3869341346125881,0.1660437556973564,0.651425285254646,0.2940291704649043,0.5399270738377393,0.38593549279647577,0.31449407474931634,0.6271649954421149
401736348,2025-08-23 20:00:00+00:00,8,23,2025,19,Sky,84,18,Sun,94,Wintrust Arena,0,2025,2,0.2727272727272727,-9.704545454545455,0.2,-10.9,0.29545454545454547,-8.0,0.4,-2.0,0,0,0,0.7272727272727273,0.7045454545454546,0.7426136363636364,0.7,0.9499089253187614,0.7795992714025501,0.8647540983606558,178,164.16666666666666,18.224831548164694,168.72287455370784,0.12151782797202026,10,0.22040072859744986,0.505464480874317,0.49453551912568305,0.7896174863387978,0.24890710382513662,0.15788000039814068,0.22971311475409836,0.6030733151047993,0.3364754098360656,0.433811475409836,0.5694535315144497,0.7276867030965392,0.5473588342440802
401736349,2025-08-24 19:00:00+00:00,8,24,2025,16,Mystics,82,14,Storm,84,CareFirst Arena,0,2025,2,0.4318181818181818,-1.8636363636363635,0.3,-4.5,0.5227272727272727,2.5,0.3,1.3,0,0,0,0.5681818181818181,0.4772727272727273,0.5465909090909091,0.4375,0.7179253867151957,0.5186533212010919,0.6182893539581438,166,164.17925386715194,18.221309183702953,168.73458116307768,0.011198230372181928,2,0.48134667879890813,0.9690627843494085,0.030937215650591487,0.5505004549590536,0.1561874431301183,0.2874644415760544,0.19274340309372157,0.6600212897607789,0.31182893539581436,0.495427661510464,0.31812315281929526,0.17470427661510465,0.640582347588717
401736350,2025-08-24 20:00:00+00:00,8,24,2025,3,Wings,81,129689,Valkyries,90,College Park Center,0,2025,2,0.22727272727272727,-5.636363636363637,0.1,-10.1,0.5,0.5526315789473685,0.5,1.1,0,0,0,0.7727272727272727,0.5,0.6409090909090909,0.4861842105263158,0.9536363636363636,0.4618181818181818,0.7077272727272728,171,164.1809090909091,18.21310008322058,168.73418411171423,0.007708541271380764,9,0.5381818181818182,0.5654545454545454,0.43454545454545457,0.6572727272727272,0.2369090909090909,0.2816499173553719,0.2061590909090909,0.6031984249436513,0.32077272727272726,0.47306818181818183,0.47578277057148693,0.5309090909090909,0.5481818181818182
401736351,2025-08-24 23:00:00+00:00,8,24,2025,8,Lynx,97,5,Fever,84,Target Center,0,2025,2,0.7272727272727273,7.4772727272727275,0.7,7.5,0.5454545454545454,3.5681818181818183,0.5,-0.6,0,0,0,0.2727272727272727,0.4545454545454546,0.31306818181818186,0.4107954545454545,0.12079927338782924,0.4296094459582198,0.27520435967302453,181,164.18710263396912,18.20597945874333,168.73859749865494,0.20291114114858555,13,0.8792007266121707,0.3642143505903724,0.6357856494096277,0.8365122615803815,0.27715712988192553,0.3900462753289265,0.14128065395095368,0.6641256330003713,0.27752043596730247,0.5811989100817438,0.3650594032130269,0.27157129881925524,0.6512261580381471
401736352,2025-08-25 23:00:00+00:00,8,25,2025,9,Liberty,81,18,Sun,79,Barclays Center,0,2025,2,0.5909090909090909,4.25,0.5,0.1,0.29545454545454547,-8.318181818181818,0.4,-2.6,0,0,0,0.40909090909090906,0.7045454545454546,0.39375000000000004,0.7079545454545455,0.411070780399274,0.7876588021778584,0.5993647912885662,160,164.20235934664248,18.204756139776173,168.7535483815865,0.10917105535202631,2,0.588929219600726,0.969147005444646,0.030852994555353952,0.39473684210526316,0.15617059891107082,0.33286083543861855,0.18990471869328496,0.6162626288562747,0.30993647912885663,0.5001588021778585,0.33007214313761524,0.1987295825771325,0.5671506352087115
401736353,2025-08-26 00:00:00+00:00,8,26,2025,19,Sky,74,17,Aces,79,Wintrust Arena,0,2025,2,0.25,-10.272727272727273,0.2,-10.2,0.6136363636363636,1.25,1.0,10.4,0,0,0,0.75,0.38636363636363635,0.7568181818181818,0.46875,0.9519492293744334,0.08250226654578423,0.5172257479601088,153,164.1985494106981,18.196934328246417,168.7477829927597,0.31234361085791207,5,0.9174977334542158,0.8186763372620127,0.18132366273798728,0.2656391659111514,0.18626473254759746,0.45467365850491,0.17758386219401634,0.6385088616407232,0.3017225747960109,0.5206935630099727,0.37949274472636907,0.30371713508612874,0.6101541251133273
401736354,2025-08-26 23:00:00+00:00,8,26,2025,5,Fever,95,14,Storm,75,Gainbridge Fieldhouse,0,2025,2,0.5227272727272727,3.25,0.4,-2.5,0.5227272727272727,2.5,0.4,1.7,0,0,0,0.4772727272727273,0.4772727272727273,0.41874999999999996,0.4375,0.5280797101449275,0.4692028985507246,0.49864130434782605,170,164.18840579710144,18.19180600203778,168.73635729761088,0.002409590251864824,20,0.5307971014492754,0.151268115942029,0.848731884057971,0.6331521739130435,0.31974637681159424,0.24856368803822723,0.1747961956521739,0.4806456316883632,0.2998641304347826,0.5253396739130434,0.5168814958200862,0.6141304347826086,0.3179347826086957
401736355,2025-08-27 02:00:00+00:00,8,27,2025,6,Sparks,84,11,Mercury,92,crypto.com Arena,0,2025,2,0.4318181818181818,-2.8181818181818183,0.6,-1.8,0.5454545454545454,1.1590909090909092,0.6,3.0,0,0,0,0.5681818181818181,0.4545454545454546,0.5704545454545455,0.4710227272727272,0.5384615384615384,0.36742081447963804,0.45294117647058824,176,164.19366515837103,18.18440553773942,168.73976654280588,0.0766091577882958,8,0.632579185520362,0.6316742081447964,0.36832579185520364,0.7502262443438914,0.22366515837104073,0.323180115067259,0.16794117647058823,0.6855990355999582,0.2952941176470588,0.5367647058823529,0.3647531091701661,0.27149321266968324,0.6823529411764706
401736356,2025-08-27 23:30:00+00:00,8,27,2025,20,Dream,75,17,Aces,81,Gateway Center,0,2025,2,0.6363636363636364,5.5,0.8,10.8,0.6363636363636364,1.5909090909090908,1.0,8.5,0,0,0,0.36363636363636365,0.36363636363636365,0.36250000000000004,0.4602272727272727,0.10759493670886076,0.08499095840867993,0.09629294755877035,156,164.20433996383363,18.17964201689903,168.7492504680584,0.2180040633300424,6,0.9150090415913201,0.7513562386980108,0.24864376130198917,0.32459312839059673,0.19972875226039782,0.44615483847761184,0.11444394213381556,0.6329185885962682,0.25962929475587704,0.6259267631103074,0.14977678177677584,0.012658227848101266,0.596745027124774
401736357,2025-08-28 00:00:00+00:00,8,28,2025,3,Wings,95,18,Sun,101,College Park Center,0,2025,2,0.22727272727272727,-5.5227272727272725,0.1,-10.7,0.2727272727272727,-8.5,0.4,-1.9,0,0,0,0.7727272727272727,0.7272727272727273,0.6380681818181818,0.7125,0.95483288166215,0.7895212285456188,0.8721770551038843,196,164.19692863595301,18.173094532304464,168.74020226902914,0.6753517111012723,6,0.2104787714543812,0.7515808491418248,0.24841915085817523,0.957542908762421,0.19968383017163505,0.16425639908311157,0.23082655826558265,0.774535694179863,0.33721770551038843,0.43195573622402894,0.6164023291046155,0.7958446251129178,0.8202348690153568
401736358,2025-08-28 23:00:00+00:00,8,28,2025,9,Liberty,89,16,Mystics,63,Barclays Center,0,2025,2,0.6136363636363636,4.340909090909091,0.5,-0.6,0.4090909090909091,-2.6136363636363638,0.3,-3.1,0,0,0,0.38636363636363635,0.5909090909090908,0.39147727272727273,0.5653409090909091,0.40613718411552346,0.7256317689530686,0.5658844765342961,152,164.22563176895306,18.18999377636637,168.77313021304465,0.3463224863213036,26,0.5938628158844765,0.07581227436823104,0.924187725631769,0.24097472924187727,0.3348375451263538,0.26402386972331193,0.18488267148014442,0.3155280794088793,0.30658844765342963,0.508528880866426,0.635142906158195,0.8158844765342961,0.0740072202166065
401736359,2025-08-29 00:00:00+00:00,8,29,2025,8,Lynx,79,14,Storm,93,Target Center,0,2025,2,0.7272727272727273,7.7272727272727275,0.8,9.2,0.5,1.9772727272727273,0.4,0.1,0,0,0,0.2727272727272727,0.5,0.3068181818181819,0.4505681818181818,0.0811541929666366,0.5022542831379622,0.2917042380522994,172,164.214607754734,18.185489399190296,168.76098010453157,0.015736476496828855,14,0.9188458070333634,0.31830477908025245,0.6816952209197475,0.6834986474301172,0.2863390441839495,0.3992382840291052,0.14375563570784491,0.6050883548243672,0.27917042380522994,0.5770739404869252,0.36090626502234546,0.2623985572587917,0.5482416591523895
401736360,2025-08-29 02:00:00+00:00,8,29,2025,11,Mercury,83,19,Sky,79,Mortgage Matchup Center,0,2025,2,0.5681818181818182,1.7727272727272727,0.7,6.1,0.25,-9.681818181818182,0.2,-10.0,0,0,0,0.43181818181818177,0.75,0.4556818181818182,0.7420454545454546,0.24864864864864866,0.9423423423423424,0.5954954954954955,162,164.2216216216216,18.178790470672922,168.76631923928983,0.06692525690269224,4,0.7513513513513513,0.8675675675675676,0.1324324324324324,0.44504504504504505,0.1764864864864865,0.39172534696859024,0.18932432432432433,0.6646167505708778,0.30954954954954955,0.5011261261261262,0.35208332963176037,0.24324324324324326,0.6522522522522523
401736361,2025-08-29 23:30:00+00:00,8,29,2025,20,Dream,100,3,Wings,78,Gateway Center,0,2025,2,0.6136363636363636,5.295454545454546,0.7,7.9,0.22727272727272727,-4.931818181818182,0.1,-10.3,0,0,0,0.38636363636363635,0.7727272727272727,0.3676136363636363,0.6232954545454545,0.1719171917191719,0.945994599459946,0.5589558955895589,178,164.21962196219621,18.170722224591543,168.7623025183441,0.12122549569800944,22,0.828082808280828,0.12151215121512152,0.8784878487848785,0.7893789378937894,0.3256975697569757,0.3466193680574178,0.18384338433843384,0.5704891308739388,0.3058955895589559,0.5102610261026103,0.5762254726512874,0.7326732673267327,0.4734473447344735
401736362,2025-08-30 02:00:00+00:00,8,30,2025,6,Sparks,75,5,Fever,76,crypto.com Arena,0,2025,2,0.4318181818181818,-2.840909090909091,0.6,-1.1,0.5454545454545454,3.727272727272727,0.4,-1.5,0,0,0,0.5681818181818181,0.4545454545454546,0.5710227272727273,0.40681818181818186,0.5314748201438849,0.48201438848920863,0.5067446043165468,151,164.2320143884892,18.16724335533892,168.77382522732393,0.3803367668909218,1,0.5179856115107914,1.0,0.0,0.2221223021582734,0.15,0.3051438848920863,0.176011690647482,0.5038664212514881,0.3006744604316547,0.5233138489208633,0.3321301866606404,0.20593525179856115,0.35611510791366907
401736363,2025-08-30 23:00:00+00:00,8,30,2025,18,Sun,70,8,Lynx,94,Mohegan Sun Arena,0,2025,2,0.2727272727272727,-8.431818181818182,0.5,0.3,0.7272727272727273,7.7272727272727275,0.7,7.1,0,0,0,0.7272727272727273,0.2727272727272727,0.7107954545454546,0.3068181818181819,0.7214734950584007,0.11590296495956873,0.41868823000898475,164,164.22012578616352,18.16340372496989,168.76097671740598,0.033769862472831425,24,0.8840970350404312,0.09523809523809523,0.9047619047619048,0.4977538185085355,0.330952380952381,0.36265627005519185,0.1628032345013477,0.47964017504474205,0.29186882300089845,0.5453279424977538,0.49789202609697675,0.5822102425876011,0.31446540880503143
401736364,2025-08-31 00:30:00+00:00,8,31,2025,129689,Valkyries,99,16,Mystics,62,Chase Center,0,2025,2,0.5128205128205128,0.7692307692307693,0.5,1.3,0.38636363636363635,-3.272727272727273,0.3,-4.3,0,0,0,0.4871794871794872,0.6136363636363636,0.4807692307692307,0.5818181818181818,0.4730700179533214,0.7576301615798923,0.6153500897666069,161,164.21992818671455,18.15524342899558,168.75873904396346,0.08727099938574545,37,0.5269299820466786,0.01436265709156194,0.9856373429084381,0.41921005385996407,0.34712746858168764,0.2372963087713417,0.19230251346499105,0.3605338069783909,0.3115350089766607,0.49616247755834825,0.6291565961095444,0.8070017953321365,0.12477558348294435
401736365,2025-08-31 01:00:00+00:00,8,31,2025,14,Storm,79,19,Sky,69,Climate Pledge Arena,0,2025,2,0.5227272727272727,2.590909090909091,0.5,1.9,0.25,-9.386363636363637,0.2,-8.8,0,0,0,0.4772727272727273,0.75,0.4352272727272728,0.7346590909090909,0.44035874439461886,0.9363228699551569,0.6883408071748879,148,164.21704035874438,18.14734912545451,168.75387764010802,0.48001033821632466,10,0.5596412556053811,0.5049327354260089,0.4950672645739911,0.16771300448430493,0.2490134529147982,0.28524018178527616,0.20325112107623317,0.3614970289462158,0.3188340807174888,0.4779147982062781,0.5843752135225533,0.747085201793722,0.12645739910313902
401736366,2025-08-31 02:00:00+00:00,8,31,2025,11,Mercury,80,9,Liberty,63,Mortgage Matchup Center,0,2025,2,0.5681818181818182,1.75,0.7,4.9,0.6136363636363636,4.613636363636363,0.5,1.1,0,0,0,0.43181818181818177,0.38636363636363635,0.45625000000000004,0.3846590909090909,0.27060931899641577,0.3611111111111111,0.31586021505376344,143,164.20250896057348,18.14570408276054,168.7389349812636,0.6343259033671684,17,0.7293906810035842,0.2302867383512545,0.7697132616487455,0.1039426523297491,0.30394265232974915,0.32345460618440147,0.14737903225806454,0.3349095616471017,0.28158602150537637,0.571034946236559,0.4905940537435667,0.5672043010752689,0.09767025089605735
401736367,2025-09-01 00:00:00+00:00,9,1,2025,6,Sparks,81,16,Mystics,78,crypto.com Arena,0,2025,2,0.4318181818181818,-2.5454545454545454,0.5,-1.4,0.38636363636363635,-4.045454545454546,0.3,-7.6,0,0,0,0.5681818181818181,0.6136363636363636,0.5636363636363637,0.6011363636363637,0.5801253357206804,0.7985675917636527,0.6893464637421665,159,164.183527305282,18.148663687449798,168.72069322714447,0.13362862035677536,3,0.41987466427931963,0.9203222918531782,0.07967770814682185,0.37332139659803043,0.16593554162936436,0.2585077130599051,0.20340196956132497,0.5224501887594708,0.31893464637421665,0.4776633840644584,0.381867870905996,0.3106535362578335,0.39391226499552373
401736368,2025-09-01 00:30:00+00:00,9,1,2025,129689,Valkyries,75,5,Fever,63,Chase Center,0,2025,2,0.525,1.675,0.6,7.4,0.5681818181818182,4.295454545454546,0.4,-1.8,0,0,0,0.475,0.43181818181818177,0.458125,0.39261363636363633,0.315742397137746,0.46511627906976744,0.3904293381037567,138,164.1788908765653,18.141200426975068,168.71419098330907,0.7614629812294443,12,0.684257602862254,0.39892665474060823,0.6010733452593917,0.057245080500894455,0.27021466905187835,0.3226591136741114,0.1585644007155635,0.33691973562511385,0.28904293381037566,0.5523926654740607,0.5101472271891321,0.5992844364937389,0.09928443649373882
401736369,2025-09-01 17:00:00+00:00,9,1,2025,18,Sun,76,20,Dream,93,Mohegan Sun Arena,0,2025,2,0.2727272727272727,-8.818181818181818,0.5,-1.0,0.6136363636363636,5.431818181818182,0.7,8.5,0,0,0,0.7272727272727273,0.38636363636363635,0.7204545454545455,0.3642045454545455,0.7381590705987489,0.16175156389633602,0.44995531724754245,169,164.15549597855227,18.149965224657866,168.69298728471674,0.0001430540209668152,17,0.838248436103664,0.23056300268096513,0.7694369973190349,0.6148346738159071,0.303887399463807,0.3613689094293785,0.16749329758713138,0.54386346631932,0.29499553172475423,0.5375111706881144,0.46886044607360033,0.5111706881143878,0.4262734584450402
401736370,2025-09-02 00:00:00+00:00,9,2,2025,8,Lynx,96,3,Wings,71,Target Center,0,2025,2,0.75,8.340909090909092,0.7,4.2,0.22727272727272727,-5.386363636363637,0.1,-11.6,0,0,0,0.25,0.7727272727272727,0.29147727272727264,0.6346590909090909,0.1357142857142857,0.9580357142857143,0.546875,167,164.15982142857143,18.142431021337053,168.6954291839057,0.004357029628504927,25,0.8642857142857143,0.08214285714285714,0.9178571428571428,0.5741071428571428,0.3335714285714286,0.3546352040816326,0.18203125,0.4964345686042274,0.3046875,0.51328125,0.5611533973575995,0.7160714285714286,0.34375
401736371,2025-09-02 02:00:00+00:00,9,2,2025,14,Storm,85,6,Sparks,91,Climate Pledge Arena,0,2025,2,0.5227272727272727,2.3863636363636362,0.6,3.3,0.45454545454545453,-2.2045454545454546,0.5,-2.0,0,0,0,0.4772727272727273,0.5454545454545454,0.44034090909090906,0.5551136363636363,0.3684210526315789,0.5628902765388046,0.4656556645851918,176,164.16235504014273,18.134528317714164,168.69598711957127,0.07790880094119945,6,0.631578947368421,0.752007136485281,0.24799286351471905,0.7511150758251561,0.19959857270294382,0.33279848819193386,0.1698483496877788,0.7275527116378211,0.29656556645851917,0.5335860838537021,0.3352462078022348,0.21141837644959857,0.7573595004460303
401736372,2025-09-03 02:00:00+00:00,9,3,2025,129689,Valkyries,66,9,Liberty,58,Chase Center,0,2025,2,0.5365853658536586,1.9268292682926829,0.7,9.2,0.5909090909090909,4.159090909090909,0.4,-1.7,0,0,0,0.46341463414634143,0.40909090909090906,0.451829268292683,0.39602272727272725,0.21390374331550802,0.4554367201426025,0.33467023172905525,124,164.17290552584672,18.129882684245402,168.70537619690808,0.9521737958913029,8,0.786096256684492,0.6319073083778967,0.36809269162210334,0.008021390374331552,0.22361853832442066,0.3827934265587616,0.1502005347593583,0.4208327830199219,0.2834670231729055,0.5663324420677363,0.43689376249503276,0.4358288770053476,0.2103386809269162
401736373,2025-09-03 02:00:00+00:00,9,3,2025,11,Mercury,85,5,Fever,79,Mortgage Matchup Center,0,2025,2,0.5681818181818182,2.0454545454545454,0.7,5.0,0.5681818181818182,4.159090909090909,0.4,-2.1,0,0,0,0.43181818181818177,0.43181818181818177,0.44886363636363635,0.39602272727272725,0.26179875333926983,0.4728406055209261,0.36731967943009797,164,164.13713268032058,18.161409439816865,168.6774850402748,0.03262223228674477,6,0.7382012466607302,0.7524487978628673,0.24755120213713266,0.4986642920747996,0.19951024042742654,0.3755102451850683,0.1550979519145147,0.6417530494681408,0.2867319679430098,0.5581700801424755,0.2810673396753977,0.12110418521816563,0.6153161175422974
401736374,2025-09-03 23:30:00+00:00,9,3,2025,20,Dream,86,6,Sparks,75,Gateway Center,0,2025,2,0.6136363636363636,5.568181818181818,0.7,8.1,0.4772727272727273,-1.6136363636363635,0.5,-2.5,0,0,0,0.38636363636363635,0.5227272727272727,0.3607954545454545,0.540340909090909,0.1708185053380783,0.547153024911032,0.35898576512455516,161,164.1370106761566,18.15332198687834,168.6753411728762,0.08550441281739973,11,0.8291814946619217,0.45640569395017794,0.5435943060498221,0.4199288256227758,0.2587188612099644,0.3814564151923101,0.15384786476868328,0.5397245455333348,0.28589857651245554,0.5602535587188612,0.36969056208062245,0.28291814946619215,0.4234875444839858
401736375,2025-09-04 00:00:00+00:00,9,4,2025,19,Sky,88,18,Sun,64,Wintrust Arena,0,2025,2,0.25,-9.5,0.1,-11.2,0.2727272727272727,-9.0,0.5,-1.9,0,0,0,0.75,0.7272727272727273,0.7375,0.725,0.9644444444444444,0.7555555555555555,0.86,152,164.13422222222223,18.14548590582249,168.67059369867786,0.34428028591960225,24,0.24444444444444446,0.09688888888888889,0.9031111111111111,0.24177777777777779,0.3306222222222223,0.14875061728395064,0.229,0.22110712537722915,0.336,0.435,0.7563855188089222,0.8968888888888888,0.014222222222222223
401736376,2025-09-04 23:30:00+00:00,9,4,2025,16,Mystics,69,11,Mercury,75,CareFirst Arena,0,2025,2,0.38636363636363635,-3.75,0.2,-9.2,0.5909090909090909,2.6136363636363638,0.7,2.1,0,0,0,0.6136363636363636,0.40909090909090906,0.59375,0.43465909090909094,0.8587921847246892,0.2841918294849023,0.5714920071047958,144,164.1234458259325,18.141023884621173,168.6587017970878,0.6029999511015103,6,0.7158081705150977,0.7531083481349912,0.24689165186500883,0.11634103019538189,0.19937833037300176,0.3666079332679221,0.18572380106571937,0.46930573814820287,0.3071492007104796,0.507126998223801,0.47764304256539314,0.5355239786856127,0.2975133214920071
401736377,2025-09-05 02:00:00+00:00,9,5,2025,129689,Valkyries,84,3,Wings,80,Chase Center,0,2025,2,0.5476190476190477,2.0714285714285716,0.7,8.7,0.22727272727272727,-5.931818181818182,0.1,-13.0,0,0,0,0.45238095238095233,0.7727272727272727,0.4482142857142857,0.6482954545454546,0.2129547471162378,0.9645075421472937,0.5887311446317658,164,164.1055900621118,18.142871780182897,168.6413080071575,0.032192345744435746,4,0.7870452528837621,0.867790594498669,0.13220940550133098,0.49955634427684115,0.1764418811002662,0.4064445658669316,0.18830967169476487,0.6999482380756548,0.30887311446317656,0.5028172138420586,0.34292221474253065,0.22981366459627328,0.7107364685004437
401736378,2025-09-05 02:00:00+00:00,9,5,2025,17,Aces,97,8,Lynx,87,T-Mobile Arena,0,2025,2,0.6590909090909091,1.8181818181818181,1.0,8.5,0.75,8.863636363636363,0.7,6.3,0,0,0,0.34090909090909094,0.25,0.4545454545454546,0.27840909090909094,0.08599290780141844,0.10460992907801418,0.09530141843971632,184,164.1054964539007,18.134821077473198,168.63920172326903,0.30143898267609226,10,0.9140070921985816,0.5053191489361702,0.49468085106382975,0.8785460992907801,0.24893617021276596,0.41834521653840356,0.11429521276595746,0.731235913693123,0.2595301418439716,0.626174645390071,0.2225129560016702,0.05673758865248227,0.7659574468085106
401736380,2025-09-05 23:30:00+00:00,9,5,2025,5,Fever,97,19,Sky,77,Gainbridge Fieldhouse,0,2025,2,0.5454545454545454,3.909090909090909,0.4,0.8,0.2727272727272727,-8.590909090909092,0.2,-6.7,0,0,0,0.4545454545454546,0.7272727272727273,0.4022727272727272,0.7147727272727273,0.47699115044247786,0.9132743362831859,0.6951327433628318,174,164.14513274336284,18.143513073114256,168.6810110116414,0.04206177436652847,20,0.5230088495575221,0.15398230088495576,0.8460176991150442,0.7238938053097345,0.31920353982300886,0.24611093272769993,0.20426991150442478,0.5195091644102109,0.3195132743362832,0.47621681415929207,0.6099397405803226,0.7920353982300885,0.38495575221238937
401736379,2025-09-05 23:30:00+00:00,9,5,2025,20,Dream,104,6,Sparks,85,Gateway Center,0,2025,2,0.6363636363636364,6.136363636363637,0.7,8.4,0.4772727272727273,-1.6818181818181819,0.5,-2.3,0,0,0,0.36363636363636365,0.5227272727272727,0.34659090909090906,0.5420454545454546,0.15589016829052257,0.545615589016829,0.3507528786536758,189,164.1231178033658,18.136448123995297,168.6572298343646,0.4669024183549355,19,0.8441098317094774,0.17980513728963685,0.8201948627103631,0.9202834366696191,0.31403897254207264,0.35810932646917837,0.15261293179805138,0.6311897709771024,0.28507528786536757,0.5623117803365811,0.5023051091755286,0.5899025686448184,0.5961027457927369
401736381,2025-09-06 02:00:00+00:00,9,6,2025,14,Storm,76,9,Liberty,84,Climate Pledge Arena,0,2025,2,0.5227272727272727,2.5,0.6,3.0,0.5909090909090909,4.0227272727272725,0.4,-1.3,0,0,0,0.4772727272727273,0.40909090909090906,0.4375,0.39943181818181817,0.3740053050397878,0.4509283819628647,0.41246684350132623,160,164.15384615384616,18.137850483168116,168.6883087746382,0.10839123971514553,8,0.6259946949602122,0.632183908045977,0.367816091954023,0.394341290893015,0.2235632183908046,0.3206663312905881,0.16187002652519894,0.5223985909244553,0.2912466843501326,0.5468832891246684,0.35024173410889764,0.242263483642794,0.394341290893015
401736382,2025-09-06 17:00:00+00:00,9,6,2025,18,Sun,87,11,Mercury,84,Mohegan Sun Arena,0,2025,2,0.25,-9.772727272727273,0.5,-2.6,0.6136363636363636,2.909090909090909,0.8,3.5,0,0,0,0.75,0.38636363636363635,0.7443181818181819,0.42727272727272725,0.7879858657243817,0.20318021201413428,0.495583038869258,171,164.15017667844523,18.130250572509595,168.68273932157263,0.008134666242882838,3,0.7968197879858657,0.9213780918727915,0.07862190812720848,0.6581272084805654,0.1657243816254417,0.4158112225149522,0.1743374558303887,0.7905746221065815,0.2995583038869258,0.5261042402826854,0.28569836062504933,0.12632508833922262,0.833922261484099
401736383,2025-09-07 00:30:00+00:00,9,7,2025,129689,Valkyries,72,8,Lynx,78,Chase Center,0,2025,2,0.5581395348837209,2.116279069767442,0.7,7.4,0.75,8.75,0.6,4.9,0,0,0,0.4418604651162791,0.25,0.4470930232558139,0.28125,0.22771403353927624,0.15180935569285084,0.18976169461606354,150,164.15622241835834,18.12338328678378,168.6870682400543,0.4123280063719744,6,0.8481906443071492,0.7528684907325685,0.24713150926743155,0.2003530450132392,0.1994263018534863,0.41957693023777565,0.12846425419240953,0.5613716362659369,0.26897616946160635,0.6025595763459841,0.23378462285178928,0.06884377758164166,0.4624889673433363
401736384,2025-09-07 19:00:00+00:00,9,7,2025,16,Mystics,65,5,Fever,94,CFG Bank Arena,0,2025,2,0.36363636363636365,-3.909090909090909,0.2,-9.3,0.5454545454545454,2.909090909090909,0.4,0.6,0,0,0,0.6363636363636364,0.4545454545454546,0.5977272727272728,0.42727272727272725,0.8703703703703703,0.4638447971781305,0.6671075837742504,159,164.1437389770723,18.12026047955923,168.6738040969621,0.13281837673037478,29,0.5361552028218695,0.04585537918871252,0.9541446208112875,0.37213403880070545,0.3408289241622575,0.2426261085138216,0.20006613756613756,0.34887347420111625,0.316710758377425,0.4832231040564374,0.6511221234601168,0.8412698412698413,0.1128747795414462
401736385,2025-09-07 22:00:00+00:00,9,7,2025,6,Sparks,91,3,Wings,77,crypto.com Arena,0,2025,2,0.4772727272727273,-2.0454545454545454,0.4,-4.5,0.22727272727272727,-5.704545454545454,0.1,-12.1,0,0,0,0.5227272727272727,0.7727272727272727,0.5511363636363636,0.6426136363636363,0.6511013215859031,0.9612334801762115,0.8061674008810573,168,164.13920704845816,18.112912688814394,168.66743522066176,0.0006786787378970649,14,0.34889867841409694,0.320704845814978,0.6792951541850221,0.5947136563876652,0.2858590308370044,0.19599551708746535,0.2209251101321586,0.47074072650420623,0.3306167400881057,0.44845814977973575,0.5862686276210709,0.7533039647577092,0.29691629955947135
401736386,2025-09-08 01:00:00+00:00,9,8,2025,17,Aces,80,19,Sky,66,T-Mobile Arena,0,2025,2,0.6590909090909091,1.7272727272727273,1.0,9.1,0.2727272727272727,-8.295454545454545,0.2,-6.5,0,0,0,0.34090909090909094,0.7272727272727273,0.4568181818181818,0.7073863636363636,0.08274647887323944,0.9110915492957746,0.496919014084507,146,164.14260563380282,18.105294036480657,168.668929142923,0.5433454754640611,14,0.9172535211267605,0.32130281690140844,0.6786971830985915,0.13908450704225353,0.2857394366197183,0.3990050647193017,0.17453785211267606,0.434144111240076,0.2996919014084507,0.5257702464788733,0.5594996340412642,0.7121478873239436,0.23415492957746478
401736387,2025-09-08 23:30:00+00:00,9,8,2025,20,Dream,87,18,Sun,62,Gateway Center,0,2025,2,0.6590909090909091,6.7727272727272725,0.7,9.3,0.2727272727272727,-9.454545454545455,0.5,-3.2,0,0,0,0.34090909090909094,0.7272727272727273,0.3306818181818182,0.7363636363636363,0.13808267370272648,0.7730870712401056,0.455584872471416,149,164.12664907651714,18.105319877415592,168.65297904587104,0.4451926818166546,25,0.8619173262972735,0.08267370272647317,0.9173262972735268,0.18557607739665788,0.3334652594547054,0.35390239478205304,0.1683377308707124,0.3746949906166827,0.2955584872471416,0.536103781882146,0.5903070716916693,0.7616534740545294,0.1503957783641161
401736388,2025-09-09 23:00:00+00:00,9,9,2025,9,Liberty,75,16,Mystics,66,Barclays Center,0,2025,2,0.5909090909090909,4.090909090909091,0.4,-1.3,0.36363636363636365,-4.454545454545454,0.1,-12.6,0,0,0,0.40909090909090906,0.6363636363636364,0.3977272727272727,0.6113636363636363,0.4797891036906854,0.9253075571177505,0.7025483304042179,141,164.1133567662566,18.102910570735876,168.63908440894056,0.6882401368871033,9,0.5202108963093146,0.5659050966608085,0.43409490333919154,0.0843585237258348,0.2368189806678383,0.2748256429897363,0.2053822495606327,0.3199179848590714,0.3202548330404218,0.47436291739894554,0.6136361739686851,0.7952548330404218,0.08260105448154657
401736389,2025-09-09 23:30:00+00:00,9,9,2025,5,Fever,83,8,Lynx,72,Gainbridge Fieldhouse,0,2025,2,0.5454545454545454,3.4545454545454546,0.5,3.6,0.7727272727272727,9.0,0.6,4.3,0,0,0,0.4545454545454546,0.2272727272727273,0.4136363636363637,0.275,0.40122914837576823,0.14749780509218613,0.2743634767339772,155,164.09306409130818,18.107910650460553,168.62004175392332,0.24638387097793213,11,0.8525021949078139,0.45741878841088673,0.5425812115891133,0.30201931518876207,0.25851624231782266,0.39020664122449267,0.14115452151009658,0.504965987208086,0.2774363476733977,0.5814091308165057,0.3448273776108822,0.23529411764705882,0.36259877085162423
401736391,2025-09-10 02:00:00+00:00,9,10,2025,11,Mercury,83,6,Sparks,88,Mortgage Matchup Center,0,2025,2,0.6136363636363636,3.1363636363636362,0.8,3.5,0.5,-1.6363636363636365,0.5,-2.3,0,0,0,0.38636363636363635,0.5,0.4215909090909091,0.5409090909090909,0.19527145359019266,0.5262697022767076,0.36077057793345013,171,164.06042031523643,18.096121552648956,168.58445070339866,0.008869469979102318,5,0.8047285464098073,0.819614711033275,0.180385288966725,0.660245183887916,0.186077057793345,0.40888580730644297,0.15411558669001751,0.752294160652955,0.286077057793345,0.5598073555166375,0.2549330394873956,0.08493870402802102,0.7959719789842382
401736392,2025-09-10 02:00:00+00:00,9,10,2025,14,Storm,74,129689,Valkyries,73,Climate Pledge Arena,0,2025,2,0.5227272727272727,2.477272727272727,0.6,3.2,0.5454545454545454,1.9318181818181819,0.6,6.3,0,0,0,0.4772727272727273,0.4545454545454546,0.43806818181818186,0.4517045454545454,0.37160385626643294,0.31200701139351444,0.3418054338299737,147,164.07537248028046,18.09699786013507,168.59962194531423,0.5094742546866664,1,0.6879929886064855,1.0,0.0,0.1551270815074496,0.15,0.37739702015775634,0.15127081507449605,0.5539094894233805,0.28418054338299736,0.5645486415425066,0.2700343791064822,0.10780017528483786,0.4469763365468887
401736390,2025-09-10 02:00:00+00:00,9,10,2025,17,Aces,92,19,Sky,61,T-Mobile Arena,0,2025,2,0.6818181818181818,2.3636363636363638,1.0,9.7,0.25,-9.227272727272727,0.2,-7.0,0,0,0,0.31818181818181823,0.75,0.4409090909090909,0.7306818181818182,0.07017543859649122,0.9245614035087719,0.49736842105263157,153,164.08508771929826,18.101963341418855,168.61057855465296,0.3105357671688772,31,0.9298245614035088,0.039473684210526314,0.9605263157894737,0.2675438596491228,0.34210526315789475,0.3716528162511542,0.17460526315789474,0.40935065040255303,0.2997368421052632,0.5256578947368421,0.6035719411193137,0.781578947368421,0.19824561403508772
401736393,2025-09-10 23:00:00+00:00,9,10,2025,18,Sun,72,20,Dream,88,Mohegan Sun Arena,0,2025,2,0.2727272727272727,-9.568181818181818,0.5,-5.1,0.6590909090909091,7.113636363636363,0.8,12.0,0,0,0,0.7272727272727273,0.34090909090909094,0.7392045454545455,0.3221590909090909,0.7987751531058618,0.06911636045494313,0.4339457567804025,160,164.06649168853895,18.08936143291134,168.58883204676678,0.10659708298728077,16,0.9308836395450568,0.2615923009623797,0.7384076990376203,0.39720034995625547,0.29768153980752404,0.3971202281910736,0.16509186351706037,0.5022153140096004,0.2933945756780403,0.5415135608048993,0.4692306365627261,0.5118110236220472,0.35870516185476814
401736394,2025-09-12 00:00:00+00:00,9,12,2025,19,Sky,86,9,Liberty,91,Wintrust Arena,0,2025,2,0.22727272727272727,-10.045454545454545,0.2,-7.0,0.6136363636363636,4.4772727272727275,0.5,0.2,0,0,0,0.7727272727272727,0.38636363636363635,0.7511363636363636,0.3880681818181818,0.9353146853146853,0.3723776223776224,0.6538461538461539,177,164.06293706293707,18.081846305599093,168.58339863933685,0.10267063782488695,5,0.6276223776223776,0.8199300699300699,0.1800699300699301,0.777972027972028,0.18601398601398603,0.33683652012323345,0.1980769230769231,0.764137891059012,0.3153846153846154,0.4865384615384616,0.39524927144328625,0.3374125874125874,0.8129370629370629
401736395,2025-09-12 00:00:00+00:00,9,12,2025,3,Wings,97,11,Mercury,76,College Park Center,0,2025,2,0.22727272727272727,-5.25,0.0,-13.6,0.6136363636363636,3.0454545454545454,0.7,2.7,0,0,0,0.7727272727272727,0.38636363636363635,0.63125,0.42386363636363633,0.9720524017467249,0.25851528384279476,0.6152838427947598,173,164.07423580786025,18.077984958828207,168.5937320475673,0.029266961869214736,21,0.7414847161572052,0.13973799126637554,0.8602620087336245,0.7030567685589519,0.3220524017467249,0.3191386510554719,0.192292576419214,0.5356557866777961,0.311528384279476,0.49617903930130997,0.5789147991551189,0.7379912663755459,0.4218340611353712
401736396,2025-09-12 00:00:00+00:00,9,12,2025,8,Lynx,72,129689,Valkyries,53,Target Center,0,2025,2,0.75,8.636363636363637,0.5,2.6,0.5454545454545454,1.9318181818181819,0.5,3.1,0,0,0,0.25,0.4545454545454546,0.28409090909090906,0.4517045454545454,0.20855148342059338,0.3970331588132635,0.30279232111692844,125,164.08202443280976,18.07201242055406,168.60002753794828,0.9455379606376374,19,0.7914485165794066,0.1823734729493892,0.8176265270506108,0.008726003490401396,0.31352530541012213,0.34030215881021786,0.14541884816753928,0.313221927186835,0.28027923211169287,0.5743019197207679,0.540556987584664,0.6675392670157068,0.06980802792321117
401736397,2025-09-12 02:00:00+00:00,9,12,2025,6,Sparks,75,17,Aces,103,crypto.com Arena,0,2025,2,0.5,-1.9090909090909092,0.5,-1.9,0.6818181818181818,2.2954545454545454,1.0,12.2,0,0,0,0.5,0.31818181818181823,0.5477272727272727,0.4426136363636364,0.5510026155187445,0.037489102005231034,0.2942458587619878,178,164.04795117698345,18.100947365728715,168.57318801841564,0.1268183559991971,28,0.962510897994769,0.05754141238012206,0.9424585876198779,0.7933740191804708,0.33849171752397555,0.3845052937460902,0.14413687881429818,0.5676939191612478,0.2794245858761988,0.5764385353095031,0.4512399544068835,0.47602441150828245,0.4768962510897995
401820272,2025-09-14 17:00:00+00:00,9,14,2025,8,Lynx,101,129689,Valkyries,72,Target Center,1,2025,3,0.75,8.727272727272727,0.6,5.5,0.5227272727272727,1.3863636363636365,0.5,2.8,0,0,0,0.25,0.4772727272727273,0.28181818181818186,0.4653409090909091,0.15505226480836237,0.42247386759581884,0.2887630662020906,173,164.06010452961672,18.097740368363034,168.58453962170748,0.029324215900557893,29,0.8449477351916377,0.047038327526132406,0.9529616724738676,0.7020905923344948,0.34059233449477355,0.3445232733188457,0.14331445993031358,0.5250658896527621,0.27887630662020907,0.5778092334494773,0.43681098166554855,0.4355400696864111,0.40069686411149824
401820313,2025-09-14 19:00:00+00:00,9,14,2025,20,Dream,80,5,Fever,68,Gateway Center,1,2025,3,0.6818181818181818,7.590909090909091,0.8,12.0,0.5454545454545454,2.909090909090909,0.6,5.1,0,0,0,0.31818181818181823,0.4545454545454546,0.3102272727272728,0.42727272727272725,0.0731070496083551,0.31418624891209745,0.1936466492602263,148,164.06788511749346,18.091778817111333,168.5908298217713,0.476737517364923,12,0.9268929503916449,0.402088772845953,0.597911227154047,0.16971279373368145,0.2695822454308094,0.41155130923245775,0.12904699738903394,0.4694697589990169,0.2693646649260226,0.6015883376849435,0.3390732683432214,0.2193211488250653,0.29765013054830286
401820314,2025-09-14 21:00:00+00:00,9,14,2025,11,Mercury,69,9,Liberty,76,Mortgage Matchup Center,1,2025,3,0.6136363636363636,2.6818181818181817,0.6,-0.1,0.6136363636363636,4.068181818181818,0.6,1.3,0,0,0,0.38636363636363635,0.38636363636363635,0.4329545454545455,0.39829545454545445,0.3660869565217391,0.3130434782608696,0.33956521739130435,145,164.05391304347827,18.090110425468964,168.57644064984552,0.572271490388024,7,0.6869565217391305,0.6895652173913044,0.3104347826086956,0.12608695652173912,0.21208695652173912,0.34942230623818527,0.15093478260869567,0.441931949042492,0.28395652173913044,0.5651086956521739,0.36641691118012587,0.2791304347826087,0.24695652173913044
401820315,2025-09-15 02:00:00+00:00,9,15,2025,17,Aces,102,14,Storm,77,Michelob ULTRA Arena,1,2025,3,0.6818181818181818,2.909090909090909,1.0,14.7,0.5227272727272727,2.0454545454545454,0.6,3.1,0,0,0,0.31818181818181823,0.4772727272727273,0.42727272727272725,0.44886363636363635,0.03909643788010426,0.3649000868809731,0.20199826238053867,179,164.03735881841877,18.090963239450172,168.5600996282813,0.1533853277792251,25,0.9609035621198957,0.08514335360556038,0.9148566463944396,0.8079930495221547,0.33297132927888795,0.387177979938119,0.1302997393570808,0.5790363810986701,0.2701998262380539,0.5995004344048653,0.3882782211655006,0.32580364900086883,0.5013032145960035
401820316,2025-09-16 23:30:00+00:00,9,16,2025,5,Fever,77,20,Dream,60,Gainbridge Fieldhouse,1,2025,3,0.5454545454545454,2.659090909090909,0.5,3.3,0.7045454545454546,7.954545454545454,0.9,13.4,0,1,1,0.4545454545454546,0.2954545454545454,0.4335227272727272,0.30113636363636365,0.4210069444444444,0.024305555555555556,0.22265625,137,164.05034722222223,18.088475478721776,168.57246609190267,0.7820068699746127,17,0.9756944444444444,0.23524305555555555,0.7647569444444444,0.0546875,0.3029513888888889,0.4097580897955247,0.1333984375,0.41769193254217035,0.272265625,0.5943359374999999,0.4448681331051203,0.4644097222222222,0.20399305555555555
401820317,2025-09-17 01:30:00+00:00,9,17,2025,14,Storm,86,17,Aces,83,Climate Pledge Arena,1,2025,3,0.5227272727272727,1.9772727272727273,0.6,0.9,0.7045454545454546,3.7954545454545454,1.0,15.3,0,1,1,0.4772727272727273,0.2954545454545454,0.4505681818181818,0.4051136363636363,0.419774501300954,0.020815264527320035,0.220294882914137,169,164.0268863833478,18.098164197736352,168.55142743278188,0.00030711404602989933,3,0.9791847354726799,0.9219427580225499,0.07805724197745012,0.6157849089332177,0.16561144839549002,0.4919491217525983,0.13304423243712055,0.8365821655302493,0.2720294882914137,0.5949262792714657,0.15233394637974024,0.013009540329575022,0.8664353859496965
401820318,2025-09-18 00:00:00+00:00,9,18,2025,9,Liberty,60,11,Mercury,86,Barclays Center,1,2025,3,0.6136363636363636,3.909090909090909,0.6,1.0,0.5909090909090909,2.022727272727273,0.6,1.4,1,0,1,0.38636363636363635,0.40909090909090906,0.4022727272727272,0.4494318181818182,0.32842287694974004,0.3492201039861352,0.33882149046793764,146,164.0311958405546,18.09090653752038,168.5539224749347,0.5402763391325998,26,0.67157712305026,0.0779896013864818,0.9220103986135182,0.14038128249566725,0.33440207972270364,0.29005996023176117,0.15082322357019065,0.30991694777584966,0.28388214904679376,0.5652946273830156,0.5347624806920075,0.6568457538994801,0.0658578856152513
401820319,2025-09-18 02:00:00+00:00,9,18,2025,129689,Valkyries,74,8,Lynx,75,SAP Center at San Jose,1,2025,3,0.5227272727272727,1.1136363636363635,0.5,0.6,0.75,9.068181818181818,0.7,8.6,0,1,1,0.4772727272727273,0.25,0.4721590909090909,0.27329545454545445,0.47878787878787876,0.08484848484848485,0.2818181818181818,149,164.0155844155844,18.09084813872104,168.53829645026468,0.44189645723406656,1,0.9151515151515152,1.0,0.0,0.18874458874458874,0.15,0.47393939393939394,0.14227272727272727,0.6921915256460711,0.2781818181818182,0.5795454545454545,0.22619626042383845,0.06060606060606061,0.7038961038961039
401820320,2025-09-18 23:30:00+00:00,9,18,2025,20,Dream,85,5,Fever,87,Gateway Center,1,2025,3,0.6818181818181818,7.545454545454546,0.8,11.5,0.5454545454545454,2.9318181818181817,0.6,5.5,1,1,1,0.31818181818181823,0.4545454545454546,0.3113636363636363,0.4267045454545455,0.07785467128027682,0.31141868512110726,0.19463667820069203,172,164.00259515570934,18.088407045669115,168.52469691712662,0.018287446442029176,2,0.9221453287197232,0.9679930795847751,0.032006920415224904,0.6868512110726643,0.15640138408304496,0.4733201230828175,0.1291955017301038,0.8667216405471488,0.2694636678200692,0.6013408304498269,0.1280303396943518,0.0034602076124567475,0.884083044982699
401820321,2025-09-19 01:30:00+00:00,9,19,2025,17,Aces,74,14,Storm,73,Michelob ULTRA Arena,1,2025,3,0.6818181818181818,3.159090909090909,0.9,14.8,0.5227272727272727,1.8636363636363635,0.6,0.6,1,1,1,0.31818181818181823,0.4772727272727273,0.42102272727272727,0.4534090909090909,0.056179775280898875,0.3949870354364736,0.22558340535868626,147,164.009507346586,18.082110283380512,168.53003491743112,0.5077956310863894,1,0.9438202247191011,1.0,0.0,0.15643906655142611,0.15,0.48612359550561796,0.13383751080380293,0.6946211142726735,0.27255834053586864,0.5936041486603285,0.2018693485514893,0.043215211754537596,0.7052722558340536
401820324,2025-09-20 01:00:00+00:00,9,20,2025,11,Mercury,79,9,Liberty,73,Mortgage Matchup Center,1,2025,3,0.5909090909090909,2.5454545454545454,0.6,3.1,0.5909090909090909,2.75,0.6,-1.0,1,1,1,0.40909090909090906,0.40909090909090906,0.4363636363636363,0.43125,0.33419689119170987,0.3756476683937824,0.35492227979274615,152,163.99481865284974,18.081204729978477,168.51511983534436,0.3410693738290781,6,0.6658031088082901,0.7521588946459413,0.24784110535405868,0.24611398963730569,0.19956822107081174,0.34650816129292056,0.15323834196891192,0.515219290119228,0.2854922279792746,0.5612694300518135,0.3222286403862842,0.18221070811744386,0.38082901554404147
401820327,2025-09-21 19:00:00+00:00,9,21,2025,17,Aces,73,5,Fever,89,Michelob ULTRA Arena,1,2025,3,0.6818181818181818,3.1136363636363638,0.9,12.7,0.5681818181818182,3.022727272727273,0.7,7.0,2,2,2,0.31818181818181823,0.43181818181818177,0.4221590909090909,0.4244318181818182,0.07333908541846419,0.2286453839516825,0.15099223468507333,162,163.98446937014668,18.076829902298535,168.50367684572132,0.06267079995755498,16,0.9266609145815358,0.26488352027610007,0.7351164797238999,0.45038826574633306,0.29702329594478,0.3960081881601839,0.122648835202761,0.5383909395229327,0.26509922346850734,0.6122519413287316,0.29501059736122753,0.14754098360655737,0.4270923209663503
401820328,2025-09-21 21:00:00+00:00,9,21,2025,8,Lynx,82,11,Mercury,69,Target Center,1,2025,3,0.75,9.0,0.7,8.2,0.6136363636363636,2.840909090909091,0.6,2.9,2,2,2,0.25,0.38636363636363635,0.275,0.4289772727272727,0.09568965517241379,0.3112068965517241,0.20344827586206896,151,163.98275862068965,18.069123702675324,168.5000395463585,0.37437311921559435,13,0.9043103448275862,0.3689655172413793,0.6310344827586207,0.22758620689655173,0.27620689655172415,0.39964610582639715,0.13051724137931034,0.4910037716798557,0.2703448275862069,0.5991379310344828,0.34135263428145035,0.22844827586206898,0.33275862068965517
401820330,2025-09-23 23:30:00+00:00,9,23,2025,8,Lynx,83,11,Mercury,89,Target Center,1,2025,3,0.75,9.159090909090908,0.7,8.2,0.5909090909090909,2.409090909090909,0.5,1.2,3,2,3,0.25,0.40909090909090906,0.27102272727272736,0.4397727272727272,0.09474590869939707,0.3979328165374677,0.2463393626184324,172,163.9715762273902,18.065352197324177,168.48791427672123,0.01872018980933987,6,0.905254091300603,0.7527993109388458,0.24720068906115422,0.6873385012919897,0.19944013781223086,0.4424110315070394,0.13695090439276486,0.7897602009138928,0.27463393626184324,0.5884151593453919,0.21540326051646524,0.05512489233419466,0.834625322997416
401820331,2025-09-24 01:30:00+00:00,9,24,2025,17,Aces,90,5,Fever,68,Michelob ULTRA Arena,1,2025,3,0.6818181818181818,3.2045454545454546,0.8,10.1,0.5909090909090909,3.522727272727273,0.7,6.6,2,3,3,0.31818181818181823,0.40909090909090906,0.41988636363636367,0.4119318181818181,0.12134251290877797,0.21600688468158347,0.1686746987951807,158,163.97848537005163,18.059106280980366,168.49326194029672,0.155330741228366,22,0.878657487091222,0.12650602409638553,0.8734939759036144,0.3614457831325301,0.32469879518072287,0.36420935031001805,0.12530120481927712,0.47381654326073974,0.2668674698795181,0.6078313253012049,0.3550960220392402,0.25903614457831325,0.306368330464716
401820334,2025-09-26 23:30:00+00:00,9,26,2025,5,Fever,72,17,Aces,84,Gainbridge Fieldhouse,1,2025,3,0.5909090909090909,3.0681818181818183,0.6,4.3,0.6818181818181818,3.3636363636363638,0.8,11.8,3,3,3,0.40909090909090906,0.31818181818181823,0.4232954545454545,0.4159090909090909,0.30782459157351677,0.09458297506448839,0.20120378331900257,156,163.97334479793636,18.05218515074118,168.48639108562165,0.21275261749990737,12,0.9054170249355116,0.4032674118658641,0.5967325881341359,0.32932072226999143,0.26934651762682715,0.40383839937186194,0.1301805674978504,0.544352767975885,0.2701203783319003,0.5996990541702493,0.30954760750443944,0.16595012897678418,0.43336199484092863
401820333,2025-09-27 01:40:00+00:00,9,27,2025,11,Mercury,84,8,Lynx,76,Mortgage Matchup Center,1,2025,3,0.5909090909090909,2.4318181818181817,0.5,0.1,0.7272727272727273,8.909090909090908,0.7,9.0,3,3,3,0.40909090909090906,0.2727272727272727,0.43920454545454546,0.27727272727272734,0.44415807560137455,0.08934707903780069,0.2667525773195876,160,163.9664948453608,18.04593578048638,168.4779787904824,0.10448469992759357,8,0.9106529209621993,0.6323024054982818,0.36769759450171824,0.39948453608247425,0.22353951890034363,0.431189050672524,0.14001288659793815,0.6441393870085553,0.2766752577319588,0.583311855670103,0.2719619720494372,0.1134020618556701,0.6237113402061856
401820337,2025-09-28 19:00:00+00:00,9,28,2025,5,Fever,90,17,Aces,83,Gainbridge Fieldhouse,1,2025,3,0.5681818181818182,2.590909090909091,0.6,4.3,0.6818181818181818,3.522727272727273,0.8,12.4,3,4,4,0.43181818181818177,0.31818181818181823,0.4352272727272728,0.4119318181818181,0.3296137339055794,0.08755364806866953,0.20858369098712448,173,163.96309012875537,18.03855675939184,168.47272931860334,0.03100403975055932,7,0.9124463519313305,0.688412017167382,0.311587982832618,0.7047210300429184,0.2123175965665236,0.4381272080900367,0.13128755364806868,0.7816793488544104,0.27085836909871247,0.5978540772532188,0.2131692674980368,0.05321888412017167,0.8317596566523605
401820338,2025-09-29 00:00:00+00:00,9,29,2025,11,Mercury,86,8,Lynx,81,Mortgage Matchup Center,1,2025,3,0.6136363636363636,2.6818181818181817,0.5,0.3,0.7045454545454546,8.659090909090908,0.6,5.8,4,3,4,0.38636363636363635,0.2954545454545454,0.4329545454545455,0.2835227272727273,0.42967409948542024,0.1620926243567753,0.29588336192109777,167,163.97084048027443,18.032755332238768,168.47902931333414,0.0033579111723832655,5,0.8379073756432247,0.8198970840480274,0.1801029159519726,0.5763293310463122,0.18602058319039452,0.42241762016423007,0.14438250428816468,0.7678755420237665,0.27958833619210977,0.5760291595197256,0.221276942521886,0.05917667238421955,0.8181818181818182
401820340,2025-10-01 01:30:00+00:00,10,1,2025,17,Aces,107,5,Fever,98,Michelob ULTRA Arena,1,2025,3,0.6818181818181818,3.977272727272727,0.7,10.7,0.5681818181818182,2.1363636363636362,0.7,5.6,4,4,4,0.31818181818181823,0.43181818181818177,0.4005681818181819,0.44659090909090904,0.1456726649528706,0.26135389888603255,0.20351328191945156,205,163.97343616109683,18.025239035843846,168.47974592005778,0.8715818913291912,9,0.8543273350471294,0.5655526992287918,0.4344473007712082,0.9820051413881749,0.23688946015424164,0.40228415091097736,0.13052699228791775,0.8242273976814765,0.2703513281919452,0.5991216795201371,0.3531475868689527,0.25535561268209084,0.8594687232219366
401820322,2025-10-04 00:00:00+00:00,10,4,2025,17,Aces,89,11,Mercury,86,Michelob ULTRA Arena,1,2025,3,0.7045454545454546,4.363636363636363,0.7,10.2,0.6136363636363636,2.6818181818181817,0.5,0.2,5,5,5,0.2954545454545454,0.38636363636363635,0.3909090909090909,0.4329545454545455,0.13784246575342465,0.398972602739726,0.2684075342465753,175,164.0085616438356,18.057461229915187,168.5229269513144,0.062304582848127565,3,0.8621575342465754,0.9203767123287672,0.07962328767123283,0.7422945205479452,0.16592465753424657,0.44295970456464634,0.1402611301369863,0.8910659851063708,0.2768407534246575,0.5828981164383562,0.18723612830223654,0.02910958904109589,0.896404109589041
401820325,2025-10-05 19:00:00+00:00,10,5,2025,17,Aces,91,11,Mercury,78,Michelob ULTRA Arena,1,2025,3,0.7045454545454546,4.340909090909091,0.7,7.4,0.6136363636363636,3.1363636363636362,0.5,0.2,6,5,6,0.2954545454545454,0.38636363636363635,0.39147727272727273,0.4215909090909091,0.165098374679213,0.39349871685201027,0.27929854576561164,169,164.01796407185628,18.052592088822603,168.53111209406194,0.0003372528935876584,13,0.834901625320787,0.3678357570573139,0.6321642429426861,0.6159110350727117,0.2764328485885372,0.3744104105122274,0.14189478186484175,0.6435652610693923,0.27792985457656116,0.5801753635585971,0.33778730586628275,0.223267750213858,0.6193327630453379
401820326,2025-10-09 00:00:00+00:00,10,9,2025,11,Mercury,88,17,Aces,90,Mortgage Matchup Center,1,2025,3,0.5909090909090909,2.6363636363636362,0.5,-0.6,0.7272727272727273,4.7727272727272725,0.7,5.9,5,7,7,0.40909090909090906,0.2727272727272727,0.4340909090909091,0.3806818181818181,0.4512820512820513,0.15384615384615385,0.3025641025641026,178,164.0222222222222,18.045456864521107,168.5335864383525,0.12854914191459332,2,0.8461538461538461,0.9675213675213675,0.032478632478632474,0.7948717948717948,0.1564957264957265,0.4412176199868508,0.1453846153846154,0.9490732502795618,0.28025641025641024,0.5743589743589743,0.20157182013033575,0.04358974358974359,0.9068376068376068
401820329,2025-10-11 00:00:00+00:00,10,11,2025,11,Mercury,86,17,Aces,97,Mortgage Matchup Center,1,2025,3,0.5909090909090909,2.8636363636363638,0.5,1.3,0.75,5.136363636363637,0.7,3.6,5,8,8,0.40909090909090906,0.25,0.42840909090909096,0.3715909090909091,0.42442356959863364,0.16225448334756618,0.2933390264730999,183,164.0341588385995,18.042367840853466,168.54475079881286,0.27453872107386845,11,0.8377455166524338,0.45858240819812124,0.5414175918018788,0.8684884713919727,0.2582835183603758,0.3848564767243687,0.144000853970965,0.7827930696083086,0.27933390264731,0.576665243381725,0.35992852025712907,0.2707087959009394,0.8300597779675492
401866150,2026-04-25 19:00:00+00:00,4,25,2026,9,Liberty,91,5,Fever,109,Barclays Center,0,2026,1,0.5681818181818182,2.5681818181818183,0.6,0.0,0.5681818181818182,2.3636363636363638,0.6,2.7,0,0,0,0.43181818181818177,0.43181818181818177,0.43579545454545454,0.4409090909090909,0.3993174061433447,0.3464163822525597,0.3728668941979522,200,164.05034129692834,18.043169361305473,168.5611336372547,0.7808551055576246,18,0.6535836177474403,0.20477815699658702,0.795221843003413,0.9709897610921502,0.30904436860068263,0.2948942037763981,0.15593003412969283,0.6469458190182087,0.28728668941979524,0.5567832764505118,0.5578214649221662,0.7158703071672355,0.628839590443686
401867790,2026-04-25 19:00:00+00:00,4,25,2026,6,Sparks,89,17476,NIGERIA,63,Viejas Arena,0,2026,1,0.4772727272727273,-2.5681818181818183,0.5,-3.8,,,,,0,0,0,0.5227272727272727,,0.5642045454545455,,0.6052855924978687,0.0,0.30264279624893436,152,164.08098891730606,18.06598887329486,168.59748613562977,0.34427787942918264,26,1.0,0.07757885763000852,0.9224211423699915,0.24381926683716965,0.3344842284739983,0.39930946291560104,0.14539641943734016,0.43036842744066006,0.2802642796248934,0.5743393009377664,0.48239811996904425,0.5549872122762148,0.2208013640238704
401866152,2026-04-25 20:00:00+00:00,4,25,2026,11,Mercury,108,19,Sky,104,Sanford Pentagon,0,2026,1,0.5681818181818182,2.3181818181818183,0.5,0.9,0.22727272727272727,-10.045454545454545,0.2,-6.9,0,0,0,0.43181818181818177,0.7727272727272727,0.4420454545454545,0.7511363636363636,0.4497444633730835,0.9335604770017035,0.6916524701873935,212,164.07069846678024,18.061728295175534,168.58613054057412,0.9443536919261024,4,0.5502555366269165,0.8662691652470187,0.1337308347529813,0.9906303236797275,0.17674616695059625,0.30882537314732317,0.20374787052810903,0.8743898868884434,0.3191652470187394,0.47708688245315156,0.5650706094059837,0.727427597955707,0.8884156729131175
401866513,2026-04-25 23:30:00+00:00,4,25,2026,16,Mystics,66,8,Lynx,77,CareFirst Arena,0,2026,1,0.36363636363636365,-4.431818181818182,0.0,-14.4,0.6818181818181818,8.295454545454545,0.5,2.8,0,0,0,0.6363636363636364,0.31818181818181823,0.6107954545454546,0.29261363636363635,0.96,0.2629787234042553,0.6114893617021276,143,164.11148936170213,18.108098532085435,168.6385139947235,0.6329761077951328,11,0.7370212765957447,0.4595744680851064,0.5404255319148936,0.10297872340425532,0.2580851063829787,0.34759502037120865,0.19172340425531914,0.390566568332643,0.3111489361702128,0.49712765957446814,0.5934974387709693,0.7710638297872341,0.16680851063829788
401866514,2026-04-26 00:30:00+00:00,4,26,2026,129689,Valkyries,78,14,Storm,76,Chase Center,0,2026,1,0.5,1.0454545454545454,0.5,1.4,0.5,1.6818181818181819,0.5,-3.0,0,0,0,0.5,0.5,0.4738636363636364,0.4579545454545454,0.4906462585034014,0.5059523809523809,0.49829931972789115,154,164.093537414966,18.11085746726118,168.6212517817813,0.27811002327537016,2,0.5093537414965986,0.967687074829932,0.03231292517006801,0.28996598639455784,0.15646258503401358,0.29918321069924575,0.1747448979591837,0.5270547328793149,0.2998299319727891,0.5254251700680272,0.3201056946070736,0.1828231292517007,0.40476190476190477
401869973,2026-04-27 00:00:00+00:00,4,27,2026,17,Aces,94,17475,JAPAN,78,Michelob ULTRA Arena,0,2026,1,0.7727272727272727,5.545454545454546,0.8,5.0,,,,,0,0,0,0.2272727272727273,,0.36136363636363633,,0.11384876805437553,0.0,0.05692438402718777,172,164.08496176720476,18.105546182615313,168.61134831285858,0.017362126077636764,16,1.0,0.26423109600679695,0.735768903993203,0.6847918436703483,0.29715378079864063,0.4217077315208156,0.10853865760407817,0.6011034201983789,0.25569243840271877,0.6357689039932031,0.22620576026399078,0.06627017841971113,0.5446049277824979
401867791,2026-04-28 00:00:00+00:00,4,28,2026,8,Lynx,88,17476,NIGERIA,79,T-Mobile Center,0,2026,1,0.6818181818181818,8.022727272727273,0.6,4.9,0.0,-26.0,0.0,-26.0,0,0,0,0.31818181818181823,1.0,0.2994318181818182,1.0,0.1926994906621392,0.9855687606112055,0.5891341256366723,167,164.0916808149406,18.099322369624247,168.61651140734665,0.0039804954361333245,9,0.8073005093378608,0.566213921901528,0.433786078098472,0.5730050933786078,0.2367572156196944,0.38440742272736445,0.18837011884550087,0.6258656469687748,0.3089134125636672,0.5027164685908319,0.43091957127279223,0.4295415959252971,0.5831918505942275
401866515,2026-04-29 23:00:00+00:00,4,29,2026,131935,Tempo,78,18,Sun,83,Coca-Cola Coliseum,0,2026,1,,,,,0.25,-10.113636363636363,0.4,-7.8,0,0,0,,0.75,,0.7528409090909091,0.0,0.8770144189991518,0.4385072094995759,161,164.0941475826972,18.09183678485542,168.61710677891105,0.08481662179064997,5,1.0,0.818490245971162,0.18150975402883796,0.42324003392705684,0.18630195080576759,0.4882188295165394,0.16577608142493638,0.7236601366434515,0.29385072094995757,0.540373197625106,0.3043548822599264,0.16030534351145037,0.7506361323155216
401866517,2026-04-29 23:00:00+00:00,4,29,2026,19,Sky,78,20,Dream,87,Wintrust Arena,0,2026,1,0.22727272727272727,-9.340909090909092,0.1,-7.9,0.6818181818181818,7.613636363636363,0.7,9.7,0,0,0,0.7727272727272727,0.31818181818181823,0.7335227272727273,0.30965909090909094,0.9584745762711865,0.11101694915254237,0.5347457627118645,165,164.09152542372883,18.084386943057357,168.61262215949316,0.01975522488818493,9,0.8889830508474577,0.5661016949152542,0.4338983050847458,0.5194915254237288,0.23677966101694917,0.41556700660729673,0.18021186440677966,0.6263492521752467,0.30347457627118646,0.5163135593220339,0.41133371826739273,0.3864406779661017,0.5855932203389831
401866516,2026-04-30 02:00:00+00:00,4,30,2026,14,Storm,91,132052,Fire,81,Climate Pledge Arena,0,2026,1,0.4772727272727273,1.1818181818181819,0.4,-3.4,,,,,0,0,0,0.5227272727272727,,0.47045454545454546,,0.6020321761219306,0.0,0.3010160880609653,172,164.09229466553768,18.076741772783013,168.61148010873345,0.01741567359456153,10,1.0,0.506350550381033,0.49364944961896695,0.6850127011007621,0.24872988992379338,0.45076206604572394,0.1451524132091448,0.6828253371007649,0.2801016088060965,0.5747459779847586,0.3138077179961758,0.17612193056731584,0.6816257408975445
401867792,2026-04-30 02:00:00+00:00,4,30,2026,11,Mercury,86,17475,JAPAN,60,Mortgage Matchup Center,0,2026,1,0.5681818181818182,2.272727272727273,0.5,-1.3,0.0,-16.0,0.0,-16.0,0,0,0,0.43181818181818177,1.0,0.4431818181818181,0.9,0.4712351945854484,0.9830795262267343,0.7271573604060914,146,164.0989847715736,18.07055086188374,168.61662248704454,0.5430668166460746,26,0.5287648054145516,0.077834179357022,0.922165820642978,0.13790186125211507,0.3344331641285956,0.24252084281710146,0.2090736040609137,0.2540517275697098,0.32271573604060916,0.46821065989847716,0.751601185728144,0.9001692047377327,0.02622673434856176
401866518,2026-04-30 23:00:00+00:00,4,30,2026,5,Fever,80,3,Wings,95,Gainbridge Fieldhouse,0,2026,1,0.5681818181818182,2.4545454545454546,0.6,1.6,0.22727272727272727,-6.295454545454546,0.1,-11.4,0,0,0,0.43181818181818177,0.7727272727272727,0.4386363636363637,0.6573863636363637,0.37362637362637363,0.9568892645815723,0.665257819103973,175,164.083685545224,18.07056845462491,168.60132765888022,0.06076647282799641,15,0.6263736263736264,0.28994082840236685,0.7100591715976332,0.7413355874894336,0.29201183431952665,0.2925313739514923,0.19978867286559593,0.5757182052767942,0.3165257819103973,0.4836855452240067,0.5586680784014574,0.7159763313609467,0.4911242603550296
401867793,2026-05-02 00:00:00+00:00,5,2,2026,8,Lynx,73,131935,Tempo,66,Target Center,0,2026,1,0.6818181818181818,7.863636363636363,0.6,5.2,0.0,-5.0,0.0,-5.0,0,0,0,0.31818181818181823,1.0,0.30340909090909096,0.625,0.19172297297297297,0.964527027027027,0.578125,139,164.09290540540542,18.06571502914541,168.60933416269177,0.7389717606829235,7,0.808277027027027,0.6883445945945946,0.3116554054054054,0.06418918918918919,0.21233108108108106,0.39709423792458,0.18671875,0.47003067927254816,0.3078125,0.5054687499999999,0.5261354340101159,0.6402027027027027,0.2947635135135135
401867794,2026-05-02 23:00:00+00:00,5,2,2026,5,Fever,105,17476,NIGERIA,57,Gainbridge Fieldhouse,0,2026,1,0.5454545454545454,1.7272727272727273,0.5,-1.0,0.0,-17.5,0.0,-17.5,0,0,0,0.4545454545454546,1.0,0.4568181818181818,0.9375,0.48860759493670886,0.9831223628691983,0.7358649789029535,162,164.0717299578059,18.07279067077684,168.5899276255001,0.06431691645153681,48,0.5113924050632912,0.005063291139240506,0.9949367088607595,0.4489451476793249,0.3489873417721519,0.23156273033167765,0.21037974683544303,0.36795195538960074,0.32358649789029537,0.4660337552742616,0.6784169813360189,0.8683544303797468,0.13670886075949368
401867795,2026-05-03 19:00:00+00:00,5,3,2026,20,Dream,72,16,Mystics,83,Gateway Center,0,2026,1,0.6818181818181818,7.636363636363637,0.8,11.2,0.3409090909090909,-4.7727272727272725,0.0,-14.4,0,0,0,0.31818181818181823,0.6590909090909092,0.3090909090909091,0.6193181818181819,0.08094435075885328,0.9586846543001686,0.5198145025295109,155,164.06998313659358,18.06526357451208,168.5862990302216,0.24633161941207338,11,0.9190556492411467,0.45952782462057334,0.5404721753794266,0.30354131534569984,0.2580944350758853,0.4151168068158874,0.17797217537942664,0.5271547612700973,0.3019814502529511,0.5200463743676222,0.4773803928981316,0.5421585160202361,0.40472175379426645
401866519,2026-05-03 21:00:00+00:00,5,3,2026,18,Sun,67,9,Liberty,79,Mohegan Sun Arena,0,2026,1,0.2727272727272727,-9.886363636363637,0.4,-8.4,0.5454545454545454,1.5227272727272727,0.5,-2.0,0,0,0,0.7272727272727273,0.4545454545454546,0.7471590909090909,0.46193181818181817,0.8795282224094355,0.4717775905644482,0.6756529064869419,146,164.06234203875317,18.059564802366374,168.57723323934476,0.5422546433577038,12,0.5282224094355519,0.4018534119629318,0.5981465880370682,0.13816343723673125,0.26962931760741365,0.2659361490565087,0.2013479359730413,0.31345946816084225,0.3175652906486942,0.48108677337826455,0.6241801249978367,0.8129738837405224,0.06992417860151642
401866521,2026-05-03 23:00:00+00:00,5,3,2026,132052,Fire,75,6,Sparks,85,Moda Center,0,2026,1,0.0,-10.0,0.0,-10.0,0.4772727272727273,-2.3636363636363638,0.5,-1.3,0,0,0,1.0,0.5227272727272727,0.75,0.5590909090909091,0.9848484848484849,0.5471380471380471,0.765993265993266,160,164.04713804713805,18.059560736894202,168.5620282313616,0.10630002202398947,10,0.45286195286195285,0.5084175084175084,0.49158249158249157,0.39730639730639733,0.24831649831649832,0.24537277942160096,0.2148989898989899,0.4383654004819363,0.3265993265993266,0.45850168350168347,0.5346034800869219,0.6599326599326599,0.23905723905723905
401866520,2026-05-03 23:00:00+00:00,5,3,2026,3,Wings,101,17,Aces,84,Moody Center,0,2026,1,0.25,-5.613636363636363,0.2,-8.0,0.7727272727272727,5.7272727272727275,0.8,6.5,0,0,0,0.75,0.2272727272727273,0.6403409090909091,0.3568181818181818,0.9142136248948697,0.08746846089150546,0.5008410428931875,185,164.04373423044575,18.05233986484782,168.5568191966577,0.33955029687084226,17,0.9125315391084945,0.23380992430613962,0.7661900756938604,0.8873002523128679,0.30323801513877213,0.3875848417049757,0.17512615643397814,0.6416683923039503,0.30008410428931875,0.5247897392767031,0.5522218413059523,0.6980656013456686,0.6173254835996635
401856890,2026-05-08 23:30:00+00:00,5,8,2026,9,Liberty,106,18,Sun,75,Barclays Center,0,2026,2,0.5454545454545454,1.6818181818181819,0.5,-3.4,0.2727272727272727,-9.590909090909092,0.3,-10.6,0,0,0,0.4545454545454546,0.7272727272727273,0.4579545454545454,0.7397727272727272,0.5126050420168067,0.9176470588235294,0.715126050420168,181,164.06134453781513,18.054969840836723,168.57508699802432,0.21084293121881148,31,0.4873949579831933,0.03949579831932773,0.9605042016806723,0.8411764705882353,0.34210084033613447,0.2261182826071605,0.20726890756302518,0.5388728610178624,0.3215126050420168,0.47121848739495803,0.6894960078329868,0.8773109243697479,0.4260504201680672
401856891,2026-05-08 23:30:00+00:00,5,8,2026,131935,Tempo,65,16,Mystics,68,Coca-Cola Coliseum,0,2026,2,0.0,-6.0,0.0,-6.0,0.3409090909090909,-4.636363636363637,0.1,-12.2,0,0,0,1.0,0.6590909090909092,0.65,0.615909090909091,0.9739714525608733,0.9252728799328296,0.9496221662468514,133,164.07556675062972,18.054055132195064,168.5890805336785,0.8567144720326145,3,0.07472712006717042,0.9202350965575147,0.07976490344248532,0.02938706968933669,0.16595298068849706,0.11456766780802843,0.2424433249370277,0.13897376700377584,0.3449622166246851,0.4125944584382872,0.6270294264252437,0.8136020151133502,0.0025188916876574307
401856892,2026-05-09 02:00:00+00:00,5,9,2026,14,Storm,80,129689,Valkyries,91,Climate Pledge Arena,0,2026,2,0.5,1.5227272727272727,0.5,-0.4,0.5,0.8863636363636364,0.5,0.7,0,0,0,0.5,0.5,0.46193181818181817,0.47784090909090904,0.5058724832214765,0.4672818791946309,0.4865771812080537,171,164.0494966442953,18.06890625859852,168.56672320894492,0.009026550156379098,11,0.5327181208053691,0.46057046979865773,0.5394295302013423,0.6577181208053692,0.25788590604026845,0.2718802221746768,0.17298657718120808,0.5718818353934152,0.2986577181208054,0.5283557046979865,0.4197520940593586,0.40184563758389263,0.4874161073825503
401856893,2026-05-09 17:00:00+00:00,5,9,2026,5,Fever,104,3,Wings,107,Gainbridge Fieldhouse,0,2026,2,0.5681818181818182,3.0681818181818183,0.6,5.0,0.2727272727272727,-5.045454545454546,0.3,-6.2,0,0,0,0.43181818181818177,0.7272727272727273,0.4232954545454545,0.6261363636363637,0.3076278290025147,0.8390611902766136,0.5733445096395642,211,164.0553227158424,18.062446412004633,168.57093431884357,0.9366417274849309,3,0.6923721709974853,0.9203688181056161,0.0796311818943839,0.9882648784576697,0.16592623637887677,0.37215210760731254,0.18600167644593463,0.9139008531785954,0.3073344509639564,0.5066638725901089,0.4891832866907935,0.5699916177703269,0.90360435875943
401856894,2026-05-09 19:30:00+00:00,5,9,2026,17,Aces,66,11,Mercury,99,T-Mobile Arena,0,2026,2,0.75,4.75,0.8,6.4,0.5681818181818182,2.6818181818181817,0.5,0.7,0,0,0,0.25,0.43181818181818177,0.38125,0.4329545454545455,0.11809045226130653,0.41457286432160806,0.2663316582914573,165,164.09463986599664,18.105916972568785,168.62111910913885,0.019800630656668927,33,0.8819095477386935,0.02847571189279732,0.9715242881072027,0.5192629815745393,0.3443048576214406,0.35470141747262274,0.1399497487437186,0.47004101567096046,0.2766331658291457,0.5834170854271357,0.4269093726217484,0.41457286432160806,0.2964824120603015
401856899,2026-05-10 00:00:00+00:00,5,10,2026,8,Lynx,90,20,Dream,91,Target Center,0,2026,2,0.7045454545454546,8.25,0.7,7.0,0.6590909090909091,6.840909090909091,0.7,7.9,0,0,0,0.2954545454545454,0.34090909090909094,0.29374999999999996,0.32897727272727273,0.12887029288702928,0.14393305439330545,0.13640167364016736,181,164.09539748953975,18.098352291951283,168.61998556252757,0.20860338207493234,1,0.8711297071129707,1.0,0.0,0.8401673640167364,0.15,0.4552301255230125,0.1204602510460251,0.9175723464225066,0.26364016736401674,0.6158995815899582,0.10913814949694534,0.0008368200836820083,0.9037656903765691
401856895,2026-05-10 01:00:00+00:00,5,10,2026,132052,Fire,83,19,Sky,98,Moda Center,0,2026,2,0.0,-10.0,0.0,-10.0,0.22727272727272727,-8.977272727272727,0.1,-7.8,0,0,0,1.0,0.7727272727272727,0.75,0.7244318181818181,0.9841137123745819,0.9498327759197325,0.9669732441471572,181,164.10953177257525,18.097380733244538,168.6338769558864,0.2082078405866088,15,0.050167224080267525,0.2909698996655518,0.7090301003344481,0.8394648829431438,0.2918060200668896,0.08858346103511146,0.24504598662207358,0.5605554904831297,0.34669732441471574,0.4082566889632107,0.6916126294059803,0.8804347826086957,0.46404682274247494
401856896,2026-05-10 17:00:00+00:00,5,10,2026,18,Sun,82,14,Storm,89,Mohegan Sun Arena,0,2026,2,0.2727272727272727,-10.159090909090908,0.3,-13.5,0.5,1.4318181818181819,0.4,-2.9,0,0,0,0.7272727272727273,0.5,0.7539772727272727,0.46420454545454537,0.9373433583959899,0.5588972431077694,0.7481203007518797,171,164.1236424394319,18.096399725984508,168.64774237092803,0.008412445035113292,7,0.44110275689223055,0.6892230576441103,0.3107769423558897,0.6558061821219716,0.21215538847117793,0.25254467622690807,0.21221804511278197,0.6186949475455168,0.324812030075188,0.46296992481203003,0.4490865615765977,0.47953216374269003,0.5747702589807853
401856897,2026-05-10 19:00:00+00:00,5,10,2026,16,Mystics,93,9,Liberty,98,CareFirst Arena,0,2026,2,0.36363636363636365,-4.5227272727272725,0.2,-10.9,0.5454545454545454,1.8863636363636365,0.6,1.4,0,0,0,0.6363636363636364,0.4545454545454546,0.6130681818181818,0.4528409090909091,0.8881469115191987,0.3797996661101836,0.6339732888146912,191,164.12938230383972,18.089930036004088,168.65186481284073,0.5337789281442049,5,0.6202003338898163,0.8188647746243739,0.1811352253756261,0.9365609348914858,0.18622704507512522,0.33372842466994235,0.19509599332220368,0.83836748083311,0.3133973288814691,0.4915066777963273,0.47250753099673937,0.5267111853088481,0.8681135225375626
401856898,2026-05-10 22:00:00+00:00,5,10,2026,6,Sparks,78,17,Aces,105,crypto.com Arena,0,2026,2,0.5,-1.8181818181818181,0.6,0.5,0.75,4.25,0.7,0.9,0,0,0,0.5,0.25,0.5454545454545454,0.39375000000000004,0.4837364470391993,0.20350291909924936,0.34361968306922436,183,164.1517931609675,18.099022138627937,168.67654869562446,0.26886119940077546,27,0.7964970809007507,0.07005838198498748,0.9299416180150125,0.8665554628857381,0.3359883236030025,0.33084284860681096,0.15154295246038366,0.5795013014160495,0.28436196830692245,0.564095079232694,0.4990182212153539,0.591326105087573,0.5020850708924104
401856900,2026-05-11 00:30:00+00:00,5,11,2026,129689,Valkyries,95,11,Mercury,79,Chase Center,0,2026,2,0.5227272727272727,1.7727272727272727,0.5,-1.9,0.5681818181818182,3.25,0.6,5.3,0,0,0,0.4772727272727273,0.43181818181818177,0.4556818181818182,0.41874999999999996,0.5083333333333333,0.3025,0.40541666666666665,174,164.1675,18.0996530800459,168.69241327001146,0.04208436554353445,16,0.6975,0.265,0.735,0.725,0.297,0.31547125000000004,0.1608125,0.571715725,0.2905416666666667,0.5486458333333333,0.4427459819645252,0.4633333333333333,0.485
401856901,2026-05-13 00:00:00+00:00,5,13,2026,3,Wings,72,20,Dream,77,College Park Center,0,2026,2,0.29545454545454547,-4.886363636363637,0.4,-2.4,0.6590909090909091,6.7272727272727275,0.7,6.3,0,0,0,0.7045454545454546,0.34090909090909094,0.6221590909090909,0.3318181818181818,0.7510407993338885,0.1565362198168193,0.4537885095753539,149,164.17568692756038,18.09433451982242,168.69927055751597,0.44712976071640653,5,0.8434637801831807,0.8193172356369692,0.18068276436303077,0.186511240632806,0.18613655287260616,0.4246185145462323,0.16806827643630307,0.5774952633402355,0.2953788509575354,0.5365528726061615,0.3719997239206909,0.3005828476269775,0.49791840133222315
401856902,2026-05-13 02:00:00+00:00,5,13,2026,11,Mercury,84,8,Lynx,88,Mortgage Matchup Center,0,2026,2,0.5454545454545454,2.409090909090909,0.5,3.1,0.6818181818181818,7.704545454545454,0.6,5.0,0,0,0,0.4545454545454546,0.31818181818181823,0.4397727272727272,0.3073863636363636,0.4317803660565724,0.1896838602329451,0.31073211314475874,172,164.1630615640599,18.09209578801936,168.68608551106473,0.016635550893465245,4,0.8103161397670549,0.8660565723793677,0.13394342762063227,0.6821963394342762,0.17678868552412647,0.4158518387269137,0.14660981697171382,0.7813050864636966,0.2810732113144759,0.5723169717138104,0.21792410641675516,0.05740432612312812,0.829450915141431
401856903,2026-05-13 02:00:00+00:00,5,13,2026,132052,Fire,98,9,Liberty,96,Moda Center,0,2026,2,0.0,-11.666666666666666,0.0,-11.666666666666666,0.5454545454545454,0.9090909090909091,0.7,2.7,0,0,0,1.0,0.4545454545454546,0.7916666666666666,0.4772727272727273,0.9850374064837906,0.32751454696591853,0.6562759767248545,194,164.16957605985039,18.08597986352373,168.6910710257313,0.6243563907808092,2,0.6724854530340815,0.9675810473815462,0.032418952618453845,0.9501246882793017,0.15648379052369077,0.36797781108326444,0.19844139650872816,0.9131022011619583,0.31562759767248544,0.4859310058187864,0.4530353157043287,0.48877805486284287,0.9027431421446384
401856904,2026-05-13 23:00:00+00:00,5,13,2026,131935,Tempo,86,14,Storm,73,Coca-Cola Coliseum,0,2026,2,0.0,-5.0,0.0,-5.0,0.5227272727272727,1.7045454545454546,0.4,-3.2,0,0,0,1.0,0.4772727272727273,0.625,0.45738636363636365,0.9700996677740864,0.5490033222591362,0.7595514950166113,159,164.19435215946845,18.098890667306176,168.71907482629499,0.13427123671958863,13,0.4509966777408638,0.36794019933554817,0.6320598006644518,0.37209302325581395,0.2764119601328904,0.23552670500325604,0.2139327242524917,0.39292483611927603,0.32595514950166116,0.4601121262458471,0.5842270116450493,0.7524916943521595,0.16777408637873753
401856905,2026-05-14 00:00:00+00:00,5,14,2026,18,Sun,69,17,Aces,98,Mohegan Sun Arena,0,2026,2,0.2727272727272727,-9.772727272727273,0.2,-14.8,0.75,4.795454545454546,0.7,2.4,0,0,0,0.7272727272727273,0.25,0.7443181818181819,0.3801136363636364,0.9593360995850623,0.17842323651452283,0.5688796680497925,167,164.19004149377594,18.091991778864926,168.71303943849216,0.00447258846204035,29,0.8215767634854771,0.048132780082987554,0.9518672199170124,0.5701244813278008,0.3403734439834025,0.3369295811022537,0.1853319502074689,0.4798377153640277,0.30688796680497926,0.5077800829875518,0.5818112743830399,0.7477178423236515,0.3153526970954357
401856906,2026-05-14 02:00:00+00:00,5,14,2026,129689,Valkyries,63,19,Sky,69,Chase Center,0,2026,2,0.5454545454545454,2.25,0.5,-1.5,0.25,-8.340909090909092,0.2,-5.8,0,0,0,0.4545454545454546,0.75,0.44375,0.7085227272727272,0.48507462686567165,0.9046434494195689,0.6948590381426203,132,164.19237147595356,18.084664185070935,168.7135375222213,0.8726272401460846,6,0.5149253731343284,0.7512437810945274,0.24875621890547261,0.024875621890547265,0.19975124378109452,0.2860590703200416,0.20422885572139304,0.330547869548079,0.319485903814262,0.47628524046434495,0.5886408722233668,0.7645107794361525,0.0945273631840796
401856907,2026-05-14 02:30:00+00:00,5,14,2026,6,Sparks,78,5,Fever,87,crypto.com Arena,0,2026,2,0.5,-2.3636363636363638,0.6,-2.1,0.5681818181818182,3.1818181818181817,0.5,3.0,0,0,0,0.5,0.43181818181818177,0.5590909090909091,0.4204545454545455,0.5178127589063795,0.3835956917978459,0.4507042253521127,165,164.16570008285004,18.10089788193385,168.6909245533335,0.020574703371606717,9,0.6164043082021541,0.5675227837613919,0.43247721623860813,0.5161557580778791,0.23649544324772162,0.3116642047322681,0.1676056338028169,0.5558733465835749,0.29507042253521126,0.5373239436619719,0.37323384292259243,0.3024026512013256,0.45567522783761394
401856908,2026-05-15 00:00:00+00:00,5,15,2026,3,Wings,86,8,Lynx,90,College Park Center,0,2026,2,0.29545454545454547,-4.818181818181818,0.4,-2.0,0.6818181818181818,7.4772727272727275,0.6,2.5,0,0,0,0.7045454545454546,0.31818181818181823,0.6204545454545455,0.31306818181818186,0.7408940397350994,0.22433774834437087,0.48261589403973515,176,164.1663907284768,18.093413950589508,168.68974421612418,0.07837746212530772,4,0.7756622516556291,0.8658940397350994,0.13410596026490063,0.7533112582781457,0.17682119205298014,0.401572244638393,0.17239238410596028,0.8024735078280231,0.2982615894039735,0.5293460264900662,0.3089811402439964,0.16639072847682118,0.8443708609271523
401856909,2026-05-15 02:00:00+00:00,5,15,2026,132052,Fire,82,9,Liberty,100,Moda Center,0,2026,2,0.25,-8.25,0.25,-8.25,0.5227272727272727,0.6818181818181818,0.6,1.7,0,0,0,0.75,0.4772727272727273,0.70625,0.4829545454545454,0.9181141439205955,0.4011579818031431,0.6596360628618694,182,164.17617866004963,18.089125239810908,168.69845997000235,0.23689350889845728,18,0.5988420181968569,0.20512820512820512,0.7948717948717949,0.8552522746071133,0.308974358974359,0.27601015885134994,0.1989454094292804,0.5965872323083438,0.3159636062861869,0.4850909842845327,0.618262941965047,0.8064516129032258,0.5376344086021505
401856911,2026-05-15 23:30:00+00:00,5,15,2026,5,Fever,102,16,Mystics,104,Gainbridge Fieldhouse,0,2026,2,0.5681818181818182,3.2045454545454546,0.5,3.7,0.36363636363636365,-4.568181818181818,0.2,-11.2,0,0,0,0.43181818181818177,0.6363636363636364,0.41988636363636367,0.6142045454545455,0.3897605284888522,0.8876961189099918,0.638728323699422,206,164.21635012386457,18.103086725236782,168.74212180517378,0.8797134165105652,2,0.6102394715111479,0.967795210569777,0.03220478943022298,0.9810074318744839,0.1564409578860446,0.34174241623543067,0.1958092485549133,0.9184889605692808,0.31387283236994223,0.49031791907514444,0.4955441740356068,0.5846407927332783,0.9058629232039637
401856910,2026-05-15 23:30:00+00:00,5,15,2026,18,Sun,94,17,Aces,101,Mohegan Sun Arena,0,2026,2,0.2727272727272727,-9.931818181818182,0.2,-15.3,0.7727272727272727,6.068181818181818,0.8,6.0,0,0,0,0.7272727272727273,0.2272727272727273,0.7482954545454545,0.3482954545454545,0.9603305785123967,0.0884297520661157,0.5243801652892561,195,164.1909090909091,18.088901404219655,168.713134441964,0.6521211764096468,7,0.9115702479338843,0.687603305785124,0.31239669421487604,0.9537190082644628,0.2124793388429752,0.43769226828768526,0.1786570247933884,0.8282864820912178,0.3024380165289256,0.5189049586776859,0.48309013375147186,0.5570247933884298,0.859504132231405
401856913,2026-05-16 02:00:00+00:00,5,16,2026,11,Mercury,91,19,Sky,83,Mortgage Matchup Center,0,2026,2,0.5227272727272727,1.9772727272727273,0.4,1.9,0.2727272727272727,-8.090909090909092,0.3,-4.8,0,0,0,0.4772727272727273,0.7272727272727273,0.4505681818181818,0.7022727272727273,0.5057755775577558,0.8523102310231023,0.6790429042904291,174,164.25082508250824,18.135369249502105,168.78466739488377,0.04050727277941413,8,0.4942244224422442,0.6303630363036303,0.36963696369636967,0.7227722772277227,0.22392739273927392,0.26938427877441207,0.20185643564356437,0.6467005552710288,0.3179042904290429,0.48023927392739274,0.45178890168311814,0.4834983498349835,0.6295379537953796
401856912,2026-05-16 02:00:00+00:00,5,16,2026,6,Sparks,99,131935,Tempo,95,crypto.com Arena,0,2026,2,0.5,-2.3636363636363638,0.5,-3.3,0.25,-0.5,0.25,-0.5,0,0,0,0.5,0.75,0.5590909090909091,0.5125,0.5803792250618302,0.7609233305853257,0.6706512778235779,194,164.25886232481452,18.130047202804363,168.7913741255156,0.6196459414376203,4,0.41962077493816985,0.8656224237427865,0.13437757625721347,0.9480626545754328,0.17687551525144268,0.25501251555524146,0.2005976916735367,0.8335709341865631,0.3170651277823578,0.4823371805441055,0.49038603536806524,0.5721352019785655,0.86479802143446
401856915,2026-05-17 17:30:00+00:00,5,17,2026,20,Dream,84,17,Aces,85,State Farm Arena,0,2026,2,0.6590909090909091,6.681818181818182,0.7,5.7,0.7727272727272727,5.818181818181818,0.8,5.8,0,0,0,0.34090909090909094,0.2272727272727273,0.3329545454545455,0.3545454545454545,0.17215815485996705,0.09308072487644152,0.1326194398682043,169,164.2833607907743,18.142663639353746,168.81902670061274,4.974920119527049e-05,1,0.9069192751235585,1.0,0.0,0.6087314662273476,0.15,0.47044069192751237,0.11989291598023065,0.8375282773192492,0.26326194398682046,0.6168451400329489,0.08181162153339272,0.0,0.8673805601317958
401856916,2026-05-17 22:00:00+00:00,5,17,2026,5,Fever,89,14,Storm,78,Gainbridge Fieldhouse,0,2026,2,0.5681818181818182,3.3863636363636362,0.4,1.9,0.5,1.2727272727272727,0.4,-3.9,0,0,0,0.43181818181818177,0.5,0.41534090909090904,0.46818181818181814,0.46255144032921813,0.5818930041152264,0.5222222222222223,167,164.2872427983539,18.135694646629737,168.82116646001134,0.005029288044718694,11,0.5374485596707819,0.45843621399176954,0.5415637860082305,0.5670781893004115,0.2583127572016461,0.27347809446391974,0.17833333333333334,0.5297132775897146,0.3022222222222222,0.5194444444444444,0.435834932682561,0.43950617283950616,0.4049382716049383
401856914,2026-05-17 23:00:00+00:00,5,17,2026,8,Lynx,79,19,Sky,86,Target Center,0,2026,2,0.6818181818181818,7.204545454545454,0.6,2.8,0.25,-8.386363636363637,0.3,-4.6,0,0,0,0.31818181818181823,0.75,0.3198863636363637,0.709659090909091,0.21217105263157895,0.8610197368421053,0.5365953947368421,165,164.28947368421052,18.128396778643058,168.82157287887128,0.02197452609269268,7,0.787828947368421,0.6866776315789473,0.31332236842105265,0.5123355263157895,0.21266447368421054,0.38887641209314405,0.1804893092105263,0.6387207220789121,0.30365953947368424,0.5158511513157895,0.3759128453019902,0.3067434210526316,0.6143092105263158
401856917,2026-05-17 23:00:00+00:00,5,17,2026,6,Sparks,96,131935,Tempo,106,crypto.com Arena,0,2026,2,0.5,-2.5681818181818183,0.5,-3.5,0.2,-1.2,0.2,-1.2,0,0,0,0.5,0.8,0.5642045454545455,0.53,0.5858668857847165,0.8175842235004108,0.7017255546425636,202,164.29005751848808,18.12095258112406,168.8202956637691,0.8129360546159354,10,0.41413311421528354,0.5061626951520132,0.4938373048479868,0.9728841413311422,0.24876746096959737,0.23067838934729784,0.20525883319638455,0.7262225155229324,0.3201725554642564,0.4745686113393591,0.6579923799185632,0.8578471651602301,0.751848808545604
401856918,2026-05-19 00:00:00+00:00,5,19,2026,3,Wings,92,16,Mystics,69,College Park Center,0,2026,2,0.2727272727272727,-5.409090909090909,0.4,-1.8,0.38636363636363635,-4.386363636363637,0.3,-8.4,0,0,0,0.7272727272727273,0.6136363636363636,0.6352272727272728,0.6096590909090909,0.7619047619047619,0.8037766830870279,0.7828407224958949,161,164.32101806239737,18.145705399216936,168.8574444122016,0.08949232176804278,23,0.23809523809523814,0.11494252873563218,0.8850574712643678,0.41707717569786534,0.32701149425287357,0.14741652983032294,0.21742610837438422,0.31400838364147354,0.3282840722495895,0.45428981937602625,0.6656448085158624,0.8620689655172413,0.06978653530377668
401856919,2026-05-19 02:00:00+00:00,5,19,2026,132052,Fire,83,18,Sun,82,Moda Center,0,2026,2,0.2,-10.2,0.2,-10.2,0.25,-10.136363636363637,0.2,-14.3,0,0,0,0.8,0.75,0.755,0.7534090909090909,0.955701394585726,0.9622641509433962,0.9589827727645611,165,164.318293683347,18.13850430165618,168.85291975876106,0.02230782700296896,1,0.044298605414273995,1.0,0.0,0.5118949958982772,0.15,0.10382690730106645,0.24384741591468417,0.4924339703397329,0.3458982772764561,0.4102543068088597,0.398866518651509,0.34864643150123054,0.33305988515176377
401856920,2026-05-20 02:00:00+00:00,5,20,2026,11,Mercury,90,131935,Tempo,98,Mortgage Matchup Center,0,2026,2,0.5454545454545454,2.227272727272727,0.4,2.2,0.3333333333333333,0.6666666666666666,0.3333333333333333,0.6666666666666666,0,0,0,0.4545454545454546,0.6666666666666667,0.44431818181818183,0.4833333333333333,0.49098360655737705,0.6532786885245901,0.5721311475409836,188,164.3188524590164,18.131073368326756,168.85162080109808,0.42746562090844176,8,0.509016393442623,0.6295081967213115,0.37049180327868847,0.9122950819672131,0.22409836065573768,0.27506349099704386,0.18581967213114753,0.7441366411175385,0.30721311475409835,0.506967213114754,0.4833031958056513,0.5581967213114755,0.780327868852459
401856921,2026-05-20 23:00:00+00:00,5,20,2026,5,Fever,90,132052,Fire,73,Gainbridge Fieldhouse,0,2026,2,0.5681818181818182,3.4545454545454546,0.5,5.2,0.3333333333333333,-8.333333333333334,0.3333333333333333,-8.333333333333334,0,0,0,0.43181818181818177,0.6666666666666667,0.4136363636363637,0.7083333333333334,0.3595413595413595,0.8517608517608518,0.6056511056511057,163,164.33824733824733,18.136307752485678,168.87232427636874,0.05106922855233609,17,0.6404586404586405,0.2334152334152334,0.7665847665847666,0.4701064701064701,0.3033169533169533,0.2927666431229085,0.19084766584766585,0.4524818725859179,0.3105651105651106,0.4985872235872235,0.5497908290868989,0.6945126945126945,0.2571662571662572
401856922,2026-05-21 01:00:00+00:00,5,21,2026,19,Sky,89,3,Wings,99,Wintrust Arena,0,2026,2,0.25,-8.477272727272727,0.3,-6.3,0.29545454545454547,-4.7727272727272725,0.5,2.7,0,0,0,0.75,0.7045454545454546,0.7119318181818182,0.6193181818181819,0.88379705400982,0.6374795417348609,0.7606382978723405,188,164.33715220949264,18.12891982612283,168.86938216602334,0.4269490554629599,10,0.3625204582651391,0.5065466448445172,0.49345335515548283,0.911620294599018,0.24869067103109657,0.21131343401523084,0.21409574468085107,0.689466783879374,0.326063829787234,0.45984042553191484,0.6020775053429738,0.7880523731587561,0.6963993453355155
401856923,2026-05-21 02:00:00+00:00,5,21,2026,14,Storm,78,18,Sun,80,Climate Pledge Arena,0,2026,2,0.4772727272727273,0.75,0.4,-4.2,0.25,-9.068181818181818,0.2,-12.0,0,0,0,0.5227272727272727,0.75,0.48124999999999996,0.7267045454545454,0.6173344235486509,0.9452166802943581,0.7812755519215044,158,164.35650040883075,18.1341285116051,168.89003253673204,0.1649939405008778,2,0.38266557645134913,0.9664758789860998,0.03352412101390023,0.35241210139002455,0.15670482420278004,0.2456795348622645,0.21719133278822567,0.5080158701366014,0.3281275551921504,0.4546811120196239,0.40206667844903876,0.3565004088307441,0.36222403924775143
401856925,2026-05-22 00:00:00+00:00,5,22,2026,8,Lynx,100,131935,Tempo,72,Target Center,0,2026,2,0.6818181818181818,7.136363636363637,0.5,0.8,0.42857142857142855,1.7142857142857142,0.42857142857142855,1.7142857142857142,0,0,0,0.31818181818181823,0.5714285714285714,0.32159090909090904,0.4571428571428571,0.3006535947712418,0.5122549019607843,0.40645424836601307,172,164.3513071895425,18.127623737319034,168.88321312387225,0.014672251778501844,28,0.6993464052287581,0.058823529411764705,0.9411764705882353,0.678921568627451,0.3382352941176471,0.29757785467128023,0.16096813725490197,0.5013025250469277,0.29064542483660133,0.5483864379084966,0.4988043976126643,0.5923202614379085,0.35294117647058826
401856924,2026-05-22 00:00:00+00:00,5,22,2026,9,Liberty,70,129689,Valkyries,87,Barclays Center,0,2026,2,0.5227272727272727,0.6590909090909091,0.6,2.6,0.5454545454545454,2.3636363636363638,0.4,-2.9,0,0,0,0.4772727272727273,0.4545454545454546,0.48352272727272727,0.4409090909090909,0.41306122448979593,0.5151020408163265,0.46408163265306124,157,164.35755102040815,18.121534887457454,168.8879347422725,0.19360011515116782,17,0.586938775510204,0.2342857142857143,0.7657142857142857,0.3355102040816327,0.30314285714285716,0.27419195335276964,0.16961224489795917,0.3839740390075564,0.2964081632653061,0.5339795918367347,0.5076110359408773,0.603265306122449,0.156734693877551
401856926,2026-05-22 02:00:00+00:00,5,22,2026,11,Mercury,88,6,Sparks,97,Mortgage Matchup Center,0,2026,2,0.5454545454545454,2.25,0.4,1.7,0.5,-2.659090909090909,0.5,-3.4,0,0,0,0.4545454545454546,0.5,0.44375,0.5664772727272728,0.49592169657422513,0.5709624796084829,0.533442088091354,185,164.3515497553018,18.115355580290977,168.88038865037453,0.32692594455468704,9,0.5040783034257749,0.566068515497553,0.433931484502447,0.8825448613376835,0.2367862969004894,0.2686811046148032,0.1800163132137031,0.7078979524042652,0.3033442088091354,0.5166394779771615,0.46607984799897473,0.5097879282218597,0.7234910277324633
401856927,2026-05-22 23:30:00+00:00,5,22,2026,20,Dream,86,3,Wings,69,Gateway Center,0,2026,2,0.6590909090909091,6.840909090909091,0.6,3.7,0.3181818181818182,-4.295454545454546,0.6,6.2,0,0,0,0.34090909090909094,0.6818181818181819,0.32897727272727273,0.6073863636363637,0.2143439282803586,0.5004074979625102,0.35737571312143435,155,164.3683781581092,18.117558225271775,168.89776771442715,0.25488168625991947,17,0.7856560717196415,0.23471882640586797,0.7652811735941321,0.29665851670741644,0.3030562347188264,0.3434734269482687,0.15360635696821515,0.4235776368241463,0.28573757131214345,0.5606560717196414,0.45818589464466486,0.49225753871230643,0.21271393643031786
401856928,2026-05-22 23:30:00+00:00,5,22,2026,5,Fever,90,129689,Valkyries,82,Gainbridge Fieldhouse,0,2026,2,0.5681818181818182,3.5,0.6,8.1,0.5681818181818182,2.9545454545454546,0.4,-1.6,0,0,0,0.43181818181818177,0.43181818181818177,0.4125,0.42613636363636365,0.25732899022801303,0.48697068403908794,0.3721498371335505,172,164.36074918566774,18.112146975467052,168.8887859295345,0.014645028465364307,8,0.742671009771987,0.6311074918566775,0.36889250814332253,0.6783387622149837,0.2237785016286645,0.3658607518382158,0.1558224755700326,0.6754548680961302,0.2872149837133551,0.5569625407166123,0.3155069991258055,0.1750814332247557,0.6734527687296417
401856929,2026-05-23 02:00:00+00:00,5,23,2026,14,Storm,77,18,Sun,59,Climate Pledge Arena,0,2026,2,0.45454545454545453,0.4772727272727273,0.3,-4.5,0.25,-9.204545454545455,0.2,-12.1,0,0,0,0.5454545454545454,0.75,0.4880681818181818,0.7301136363636364,0.6916192026037429,0.9471114727420668,0.8193653376729049,136,164.36696501220504,18.10608214751298,168.8934855490833,0.8079915912038256,18,0.3083807973962571,0.20423108218063465,0.7957689178193653,0.04963384865744508,0.3091537835638731,0.1756064751949927,0.22290480065093574,0.15677472209956084,0.3319365337672905,0.44515866558177375,0.8089975611680589,0.9129373474369405,0.0040683482506102524
401856930,2026-05-23 17:00:00+00:00,5,23,2026,19,Sky,75,8,Lynx,85,Wintrust Arena,0,2026,2,0.25,-8.090909090909092,0.3,-5.3,0.6818181818181818,7.681818181818182,0.6,4.2,0,0,0,0.75,0.31818181818181823,0.7022727272727273,0.3079545454545455,0.8731707317073171,0.20243902439024392,0.5378048780487805,160,164.3439024390244,18.116778975472684,168.87309718289256,0.11302499044030534,10,0.7975609756097561,0.5073170731707317,0.4926829268292683,0.3902439024390244,0.24853658536585366,0.37481528851873885,0.18067073170731707,0.5353579112317001,0.30378048780487804,0.515548780487805,0.4473524165878341,0.4739837398373984,0.41788617886178864
401856931,2026-05-23 22:00:00+00:00,5,23,2026,131935,Tempo,80,132052,Fire,99,Coca-Cola Coliseum,0,2026,2,0.375,-2.0,0.375,-2.0,0.2857142857142857,-9.571428571428571,0.2857142857142857,-9.571428571428571,0,0,0,0.625,0.7142857142857143,0.55,0.7392857142857143,0.6929325751421609,0.9041429731925265,0.7985377741673436,179,164.340373679935,18.10983615024457,168.86783271749613,0.14487813484962653,19,0.3070674248578391,0.18196588139723802,0.818034118602762,0.8034118602761983,0.3136068237205524,0.17402381016800614,0.21978066612510155,0.5396084613551728,0.3298537774167344,0.450365556458164,0.6613069660768426,0.859463850528026,0.4256701868399675
401856932,2026-05-24 00:00:00+00:00,5,24,2026,17,Aces,95,6,Sparks,101,Michelob ULTRA Arena,0,2026,2,0.7954545454545454,6.045454545454546,0.8,5.6,0.5227272727272727,-2.1136363636363638,0.6,-0.6,0,0,0,0.20454545454545459,0.4772727272727273,0.3488636363636364,0.5528409090909091,0.09009740259740259,0.4577922077922078,0.2739448051948052,196,164.35227272727272,18.10729627584117,168.879096796233,0.6742696704076314,6,0.9099025974025974,0.7516233766233766,0.24837662337662336,0.9561688311688312,0.19967532467532467,0.44414121795412376,0.14109172077922078,0.856083538611256,0.2773944805194805,0.5815137987012986,0.32333485678511026,0.1858766233766234,0.8790584415584416
401856933,2026-05-24 19:00:00+00:00,5,24,2026,20,Dream,82,11,Mercury,80,Gateway Center,0,2026,2,0.6590909090909091,6.795454545454546,0.6,2.9,0.5227272727272727,1.3636363636363635,0.4,2.1,0,0,0,0.34090909090909094,0.4772727272727273,0.33011363636363633,0.46590909090909094,0.2278994322789943,0.48256285482562855,0.35523114355231145,162,164.3779399837794,18.122371729895757,168.90853291625336,0.07008557304645957,2,0.7721005677210057,0.9667477696674777,0.03325223033252234,0.4420113544201135,0.15665044606650447,0.40991029008300395,0.15328467153284672,0.7088148331166025,0.28552311435523114,0.5611922141119221,0.21959027637904885,0.058394160583941604,0.7242497972424979
401856934,2026-05-24 19:30:00+00:00,5,24,2026,9,Liberty,76,3,Wings,91,Barclays Center,0,2026,2,0.5227272727272727,0.5909090909090909,0.5,0.4,0.3181818181818182,-4.545454545454546,0.6,4.9,0,0,0,0.4772727272727273,0.6818181818181819,0.48522727272727273,0.6136363636363636,0.49351701782820095,0.5194489465153971,0.506482982171799,167,164.37601296596435,18.115147823971547,168.90479992195725,0.005512963093963985,15,0.5064829821717991,0.2917341977309562,0.7082658022690438,0.56645056726094,0.29165316045380874,0.25021749380728103,0.17597244732576983,0.4802219900532819,0.3006482982171799,0.5233792544570504,0.47899172334953477,0.5437601296596435,0.31361426256077796
401856935,2026-05-24 22:00:00+00:00,5,24,2026,14,Storm,97,16,Mystics,85,Climate Pledge Arena,0,2026,2,0.4772727272727273,1.0227272727272727,0.4,-0.2,0.36363636363636365,-5.045454545454546,0.3,-7.0,0,0,0,0.5227272727272727,0.6363636363636364,0.4744318181818181,0.6261363636363637,0.5619433198380567,0.8040485829959514,0.6829959514170041,182,164.37813765182187,18.107960267627334,168.9051277187287,0.23008640699667082,12,0.4380566801619433,0.4008097165991903,0.5991902834008097,0.8510121457489879,0.2698380566801619,0.23294235276762448,0.20244939271255064,0.6347098323516747,0.3182995951417004,0.479251012145749,0.5646293789952552,0.7271255060728745,0.605668016194332
401856936,2026-05-26 00:00:00+00:00,5,26,2026,9,Liberty,74,132052,Fire,81,Barclays Center,0,2026,2,0.5,0.13636363636363635,0.4,-1.8,0.375,-6.0,0.375,-6.0,0,0,0,0.5,0.625,0.4965909090909091,0.65,0.580906148867314,0.7702265372168284,0.6755663430420712,155,164.39239482200648,18.107566327609206,168.91928640390879,0.25580326632906425,7,0.41909385113268605,0.6885113268608414,0.3114886731391586,0.2953074433656958,0.21229773462783172,0.24383081450759833,0.2013349514563107,0.417462240492517,0.3175566343042071,0.48110841423948214,0.47543808488921924,0.5339805825242718,0.1982200647249191
401856937,2026-05-26 02:00:00+00:00,5,26,2026,129689,Valkyries,97,18,Sun,70,Chase Center,0,2026,2,0.5454545454545454,2.159090909090909,0.4,-1.8,0.25,-8.772727272727273,0.2,-11.4,0,0,0,0.4545454545454546,0.75,0.4460227272727273,0.7193181818181819,0.534357316087308,0.9385610347615198,0.7364591754244139,167,164.38480194017785,18.102209681950892,168.91035436066556,0.005552979583882234,27,0.46564268391269203,0.07033144704931285,0.9296685529506872,0.5658852061438965,0.33593371059013744,0.22101543358936174,0.21046887631366207,0.4226853347587261,0.3236459175424414,0.46588520614389656,0.6451575959624584,0.8399353274050121,0.21018593371059013
401856938,2026-05-27 23:00:00+00:00,5,27,2026,9,Liberty,84,11,Mercury,74,Barclays Center,0,2026,2,0.5,0.1590909090909091,0.4,0.1,0.5,1.1363636363636365,0.4,2.1,0,0,0,0.5,0.5,0.4960227272727272,0.47159090909090906,0.5573505654281099,0.4975767366720517,0.5274636510500808,158,164.38691437802908,18.095043873483295,168.9106753463999,0.16621800100500106,10,0.5024232633279483,0.5080775444264943,0.49192245557350567,0.35137318255250405,0.24838449111470112,0.2639761092595541,0.17911954765751212,0.4302578877502445,0.3027463651050081,0.5181340872374798,0.4519975258787424,0.48222940226171246,0.2197092084006462
401856939,2026-05-28 00:00:00+00:00,5,28,2026,19,Sky,104,131935,Tempo,111,Wintrust Arena,0,2026,2,0.25,-7.886363636363637,0.3,-4.9,0.3333333333333333,-3.888888888888889,0.3333333333333333,-3.888888888888889,0,0,0,0.75,0.6666666666666667,0.6971590909090909,0.5972222222222222,0.8668280871670703,0.7586763518966909,0.8127522195318806,215,164.3817594834544,18.08864431408353,168.9039205619753,0.9611103579856108,7,0.24132364810330909,0.6892655367231638,0.3107344632768362,0.993543179983858,0.21214689265536724,0.17384910375143064,0.2219128329297821,0.7810637481282554,0.33127522195318804,0.4468119451170298,0.6793687506965054,0.8716707021791767,0.8280871670702179
401856940,2026-05-28 01:00:00+00:00,5,28,2026,8,Lynx,96,20,Dream,81,Target Center,0,2026,2,0.6818181818181818,7.0227272727272725,0.7,6.0,0.6590909090909091,6.431818181818182,0.6,1.5,0,0,0,0.31818181818181823,0.34090909090909094,0.3244318181818182,0.3392045454545455,0.15483870967741936,0.25887096774193546,0.2068548387096774,177,164.4225806451613,18.138392027091008,168.95717865193404,0.09363038713507321,15,0.8451612903225807,0.29193548387096774,0.7080645161290322,0.7725806451612903,0.29161290322580646,0.37018938605619145,0.13102822580645163,0.6158163606458327,0.27068548387096775,0.5982862903225805,0.3276894237550182,0.19435483870967743,0.5701612903225807
401856941,2026-05-28 02:00:00+00:00,5,28,2026,132052,Fire,71,18,Sun,61,Moda Center,0,2026,2,0.4444444444444444,-4.555555555555555,0.4444444444444444,-4.555555555555555,0.25,-9.113636363636363,0.2,-12.5,0,0,0,0.5555555555555556,0.75,0.6138888888888889,0.727840909090909,0.6865431103948428,0.9492344883158743,0.8178887993553585,132,164.4327155519742,18.134591605560786,168.9663634533644,0.8747731697990734,10,0.31345688960515716,0.508460918614021,0.491539081385979,0.024174053182917002,0.2483078162771958,0.19298076529740973,0.22268331990330378,0.18946329249577482,0.33178887993553585,0.44552780016116034,0.7222767924240359,0.8968573730862208,0.011281224818694601
401856942,2026-05-28 02:00:00+00:00,5,28,2026,14,Storm,64,16,Mystics,78,Climate Pledge Arena,0,2026,2,0.4772727272727273,0.5909090909090909,0.4,0.7,0.36363636363636365,-4.818181818181818,0.3,-7.9,0,0,0,0.5227272727272727,0.6363636363636364,0.48522727272727273,0.6204545454545455,0.5563607085346216,0.8083735909822867,0.6823671497584541,142,164.40660225442835,18.150629166256298,168.94425954599242,0.6677413490751335,14,0.4436392914653784,0.32367149758454106,0.6763285024154589,0.09339774557165861,0.2852657004830918,0.23001553906353314,0.2023550724637681,0.24627618670073703,0.31823671497584544,0.4794082125603864,0.6774858255080077,0.8695652173913043,0.026570048309178744
401856943,2026-05-29 00:00:00+00:00,5,29,2026,3,Wings,95,17,Aces,87,College Park Center,0,2026,2,0.3409090909090909,-3.8863636363636362,0.7,7.8,0.7954545454545454,5.954545454545454,0.7,3.7,0,0,0,0.6590909090909092,0.20454545454545459,0.5971590909090909,0.3511363636363637,0.4456958970233307,0.13515687851971037,0.2904263877715205,182,164.38857602574416,18.154448264020218,168.9271880917492,0.22838057450166516,8,0.8648431214802896,0.6323411102172164,0.3676588897827836,0.8503620273531778,0.2235317779565567,0.41340842264549543,0.1435639581657281,0.7634673286132653,0.2790426387771521,0.5773934030571198,0.30307000639147297,0.15446500402252614,0.8077232502011263
401856944,2026-05-29 02:00:00+00:00,5,29,2026,129689,Valkyries,90,5,Fever,88,Chase Center,0,2026,2,0.5454545454545454,2.590909090909091,0.5,1.0,0.5681818181818182,3.0681818181818183,0.6,8.2,0,0,0,0.4545454545454546,0.43181818181818177,0.4352272727272728,0.4232954545454545,0.44694533762057875,0.2652733118971061,0.35610932475884244,178,164.40273311897107,18.15401240214352,168.94123621950695,0.11706003450204483,2,0.7347266881028939,0.9670418006430869,0.03295819935691313,0.7869774919614148,0.1565916398713826,0.3941781515906577,0.15341639871382637,0.8497728692642023,0.28561093247588426,0.5609726688102894,0.22713974927587194,0.06913183279742766,0.8754019292604501
401856946,2026-05-29 23:30:00+00:00,5,29,2026,16,Mystics,87,6,Sparks,92,CareFirst Arena,0,2026,2,0.38636363636363635,-4.295454545454546,0.4,-5.9,0.5454545454545454,-1.8636363636363635,0.6,-1.4,0,0,0,0.6136363636363636,0.4545454545454546,0.6073863636363637,0.5465909090909091,0.7385725741780272,0.45148356054530875,0.595028067361668,179,164.37449879711306,18.162944237877323,168.9152348565824,0.1428521650288075,5,0.5485164394546913,0.8179631114675221,0.1820368885324779,0.8019246190858059,0.18640737770649557,0.3044937264028697,0.1892542101042502,0.759571085142586,0.3095028067361668,0.5012429831595829,0.3816299451325733,0.31595829991980756,0.8019246190858059
401856947,2026-05-29 23:30:00+00:00,5,29,2026,19,Sky,58,8,Lynx,79,Wintrust Arena,0,2026,2,0.25,-7.636363636363637,0.3,-2.5,0.7045454545454546,7.704545454545454,0.8,8.0,0,0,0,0.75,0.2954545454545454,0.6909090909090909,0.3073863636363636,0.8426966292134831,0.07704654895666131,0.4598715890850722,137,164.3964686998395,18.15365351972656,168.9348820797711,0.787176687056657,21,0.9229534510433387,0.14125200642054575,0.8587479935794542,0.05377207062600321,0.3217495987158908,0.3808218143967599,0.16898073836276084,0.3667450988591947,0.29598715890850724,0.5350321027287319,0.6332421399321391,0.8202247191011236,0.1348314606741573
401856945,2026-05-29 23:30:00+00:00,5,29,2026,9,Liberty,75,11,Mercury,68,Barclays Center,0,2026,2,0.5227272727272727,0.6136363636363636,0.5,1.7,0.4772727272727273,0.8863636363636364,0.4,2.2,0,0,0,0.4772727272727273,0.5227272727272727,0.4846590909090909,0.47784090909090904,0.4714859437751004,0.5060240963855421,0.48875502008032123,143,164.41365461847388,18.150805565097276,168.9513560097482,0.6401656795266888,7,0.5285140562248996,0.6899598393574298,0.31004016064257023,0.10200803212851406,0.21200803212851405,0.28703161239334846,0.1733132530120482,0.3611914902266442,0.29887550200803215,0.5278112449799196,0.4615830006789178,0.4995983935742972,0.12449799196787148
401856948,2026-05-30 02:00:00+00:00,5,30,2026,132052,Fire,66,20,Dream,86,Moda Center,0,2026,2,0.5,-3.1,0.5,-3.1,0.6363636363636364,5.340909090909091,0.5,-1.2,0,0,0,0.5,0.36363636363636365,0.5775,0.3664772727272727,0.5881410256410257,0.3701923076923077,0.4791666666666667,152,164.38621794871796,18.160379756545264,168.92631288785427,0.3523177492381717,20,0.6298076923076923,0.15625,0.84375,0.2387820512820513,0.31875,0.28265324519230767,0.171875,0.3400935222317246,0.29791666666666666,0.5302083333333334,0.5659799603725331,0.7283653846153846,0.10256410256410256
401856949,2026-05-30 17:00:00+00:00,5,30,2026,131935,Tempo,93,14,Storm,72,Coca-Cola Coliseum,0,2026,2,0.4,-2.8,0.4,-2.8,0.45454545454545453,0.11363636363636363,0.4,-0.6,0,0,0,0.6,0.5454545454545454,0.5700000000000001,0.49715909090909094,0.688550840672538,0.577261809447558,0.632906325060048,165,164.37630104083266,18.156485440479045,168.91542240095242,0.022983931154864745,21,0.422738190552442,0.14171337069655723,0.8582866293034428,0.510808646917534,0.32165732586068857,0.21121494473400984,0.19493594875900722,0.4045217010672104,0.3132906325060048,0.491773418734988,0.5846200626055851,0.755004003202562,0.18734987990392313
401856950,2026-05-30 22:00:00+00:00,5,30,2026,18,Sun,84,6,Sparks,81,PeoplesBank Arena,0,2026,2,0.25,-8.954545454545455,0.1,-14.0,0.5454545454545454,-2.0681818181818183,0.6,-1.4,0,0,0,0.75,0.4545454545454546,0.7238636363636364,0.5517045454545455,0.9672,0.4552,0.7111999999999999,165,164.3768,18.14922414952727,168.91410603738183,0.02298682794219642,3,0.5448,0.9176,0.08240000000000003,0.5104,0.16648,0.31040284799999995,0.20667999999999997,0.6425229517055999,0.32112,0.4722,0.3670398455990931,0.2832,0.62
401856951,2026-05-31 00:00:00+00:00,5,31,2026,132052,Fire,100,5,Fever,84,Moda Center,0,2026,2,0.45454545454545453,-4.636363636363637,0.5,-4.1,0.5681818181818182,3.0681818181818183,0.6,8.9,0,0,0,0.5454545454545454,0.43181818181818177,0.615909090909091,0.4232954545454545,0.6490807354116707,0.25499600319744203,0.4520383693045563,184,164.37729816147083,18.14197156359332,168.91279105236916,0.29234253762793894,16,0.7450039968025579,0.2653876898481215,0.7346123101518784,0.8760991207034372,0.2969224620303757,0.3322055417216986,0.16780575539568343,0.6342923120316872,0.29520383693045565,0.536990407673861,0.5086574011912087,0.60431654676259,0.6059152677857714
401856952,2026-05-31 19:30:00+00:00,5,31,2026,129689,Valkyries,81,17,Aces,91,Chase Center,0,2026,2,0.5454545454545454,2.5,0.6,3.1,0.7727272727272727,5.7272727272727275,0.6,2.7,0,0,0,0.4545454545454546,0.2272727272727273,0.4375,0.3568181818181818,0.35543130990415334,0.1988817891373802,0.27715654952076674,172,164.3929712460064,18.14319668770454,168.92877041793253,0.014225237097724719,10,0.8011182108626198,0.5087859424920128,0.4912140575079872,0.6765175718849841,0.24824281150159744,0.37629890577631697,0.14157348242811502,0.644331556215034,0.2777156549520767,0.5807108626198083,0.2993795690097223,0.152555910543131,0.6253993610223643
401856953,2026-06-02 00:00:00+00:00,6,2,2026,3,Wings,79,14,Storm,56,College Park Center,0,2026,2,0.36363636363636365,-3.340909090909091,0.7,6.5,0.4318181818181818,-0.5909090909090909,0.4,-2.5,0,0,0,0.6363636363636364,0.5681818181818181,0.5835227272727272,0.5147727272727273,0.4405426975259378,0.6280925778132482,0.5343176376695931,135,164.39904229848364,18.13722274556749,168.9333479848755,0.8262567280498141,23,0.5594573024740622,0.11412609736632083,0.8858739026336792,0.03990422984836393,0.3271747805267359,0.25549101310884204,0.18014764565043895,0.2288519124836611,0.3034317637669593,0.5164205905826018,0.6935831150162977,0.8858739026336792,0.01596169193934557
401856954,2026-06-02 02:00:00+00:00,6,2,2026,11,Mercury,77,8,Lynx,111,Mortgage Matchup Center,0,2026,2,0.4772727272727273,1.0227272727272727,0.3,1.1,0.7045454545454546,7.795454545454546,0.8,9.0,0,0,0,0.5227272727272727,0.2954545454545454,0.4744318181818181,0.3051136363636363,0.5940988835725678,0.07177033492822966,0.33293460925039875,188,164.3755980861244,18.148982046461278,168.9128435977397,0.42479514193149115,34,0.9282296650717703,0.023125996810207338,0.9768740031897927,0.9114832535885168,0.34537480063795856,0.36928378471188844,0.14994019138755982,0.5892111121565816,0.2832934609250399,0.5667663476874003,0.5291320146366285,0.6483253588516746,0.5247208931419458
401856955,2026-06-02 23:30:00+00:00,6,2,2026,20,Dream,91,18,Sun,75,Gateway Center,0,2026,2,0.6590909090909091,5.909090909090909,0.6,2.5,0.2727272727272727,-8.704545454545455,0.2,-12.5,0,0,0,0.34090909090909094,0.7272727272727273,0.3522727272727273,0.7176136363636364,0.24701195219123506,0.9394422310756972,0.5932270916334661,166,164.39442231075697,18.153996597692736,168.93292146018015,0.012965688349804827,16,0.7529880478087649,0.26693227091633465,0.7330677290836654,0.5442231075697211,0.29661354581673305,0.3351594419136204,0.18898406374501991,0.5132089746757323,0.3093227091633466,0.5016932270916334,0.5268228184337569,0.6406374501992032,0.37290836653386455
401856956,2026-06-02 23:30:00+00:00,6,2,2026,16,Mystics,90,19,Sky,72,CareFirst Arena,0,2026,2,0.38636363636363635,-4.2272727272727275,0.4,-3.5,0.22727272727272727,-8.386363636363637,0.3,-4.1,0,0,0,0.6136363636363636,0.7727272727272727,0.6056818181818182,0.709659090909091,0.7173566878980892,0.8654458598726115,0.7914012738853503,162,164.39570063694268,18.146819039757485,168.93240539688205,0.07037011702789775,18,0.28264331210191085,0.20621019108280256,0.7937898089171974,0.44028662420382164,0.3087579617834395,0.1668116733944582,0.21871019108280254,0.3525663149593219,0.32914012738853504,0.4521496815286624,0.6344905745170568,0.8240445859872612,0.11624203821656051
401856957,2026-06-03 02:00:00+00:00,6,3,2026,129689,Valkyries,95,132052,Fire,77,Chase Center,0,2026,2,0.5454545454545454,2.477272727272727,0.6,5.0,0.5,-2.9166666666666665,0.6,-1.5,0,0,0,0.4545454545454546,0.5,0.43806818181818186,0.5729166666666667,0.3275039745627981,0.492845786963434,0.41017488076311603,172,164.38076311605724,18.138392552301625,168.91536125413265,0.01435637428990677,18,0.6724960254372019,0.2066772655007949,0.7933227344992051,0.6764705882352942,0.308664546899841,0.3015937175368579,0.1615262321144674,0.5335570669326055,0.2910174880763116,0.5474562798092211,0.4577425347674293,0.4888712241653418,0.4165341812400636
401856958,2026-06-03 02:00:00+00:00,6,3,2026,6,Sparks,69,17,Aces,79,crypto.com Arena,0,2026,2,0.5454545454545454,-1.9545454545454546,0.6,1.1,0.7727272727272727,5.863636363636363,0.6,2.6,0,0,0,0.4545454545454546,0.2272727272727273,0.5488636363636363,0.3534090909090909,0.4494828957836118,0.19809069212410502,0.3237867939538584,148,164.39379474940336,18.139719404195155,168.92872460045214,0.486020046685392,10,0.801909307875895,0.5107398568019093,0.48926014319809075,0.16785998408910102,0.24785202863961814,0.3767920267029693,0.14856801909307876,0.4542047974023511,0.28237867939538586,0.5690533015115354,0.394615612777927,0.33969769291964996,0.26412092283214
401856959,2026-06-03 23:30:00+00:00,6,3,2026,9,Liberty,97,131935,Tempo,82,Barclays Center,0,2026,2,0.5227272727272727,0.7045454545454546,0.6,4.2,0.45454545454545453,-0.6363636363636364,0.5,-0.2,0,0,0,0.4772727272727273,0.5454545454545454,0.48238636363636367,0.5159090909090909,0.3836378077839555,0.5154884829229547,0.4495631453534551,179,164.3868149324861,18.132453428900774,168.9199282897113,0.1431734637477129,15,0.6163621922160445,0.29547259729944403,0.7045274027005559,0.8014297061159651,0.29090548054011117,0.28943897819732867,0.16743447180301826,0.6011488434650164,0.29495631453534554,0.5376092136616362,0.4734662685332449,0.5274027005559968,0.5472597299444003
401856960,2026-06-04 02:00:00+00:00,6,4,2026,14,Storm,68,11,Mercury,72,Climate Pledge Arena,0,2026,2,0.4318181818181818,-0.9318181818181818,0.3,-5.8,0.4772727272727273,0.5,0.2,-4.9,0,0,0,0.5681818181818181,0.5227272727272727,0.5232954545454546,0.48750000000000004,0.7285714285714285,0.7182539682539683,0.7234126984126984,140,164.3984126984127,18.12992551628084,168.93089407748292,0.7200697434720795,4,0.28174603174603174,0.8658730158730159,0.1341269841269841,0.0746031746031746,0.17682539682539683,0.19828054925673974,0.20851190476190476,0.2681247112542842,0.3223412698412699,0.4691468253968254,0.5327645470683199,0.653968253968254,0.03571428571428571
401856961,2026-06-04 23:00:00+00:00,6,4,2026,5,Fever,83,20,Dream,71,Gainbridge Fieldhouse,0,2026,2,0.5681818181818182,3.1363636363636362,0.5,5.5,0.6590909090909091,6.25,0.7,4.3,0,0,0,0.43181818181818177,0.34090909090909094,0.4215909090909091,0.34375,0.3568596352101507,0.17842981760507534,0.267644726407613,154,164.37906423473433,18.135749298435726,168.91300155934326,0.28686711926627895,12,0.8215701823949246,0.4036478984932593,0.5963521015067407,0.2823156225218081,0.2692704203013481,0.37324577500705924,0.14014670896114195,0.47280768388659544,0.2767644726407613,0.5830888183980968,0.36131320482755225,0.26804123711340205,0.3045202220459952
401856962,2026-06-05 01:00:00+00:00,6,5,2026,8,Lynx,87,129689,Valkyries,84,Target Center,0,2026,2,0.7045454545454546,8.318181818181818,0.8,11.5,0.5454545454545454,2.6363636363636362,0.7,6.9,0,0,0,0.2954545454545454,0.4545454545454546,0.2920454545454545,0.4340909090909091,0.061014263074484945,0.24881141045958796,0.15491283676703646,171,164.37083993660855,18.130911011518062,168.90356768948806,0.006662567928969243,3,0.938985736925515,0.9183835182250396,0.08161648177496039,0.6489698890649762,0.16632329635499207,0.47477293732937176,0.12323692551505547,0.8251165809492182,0.26549128367670366,0.6112717908082408,0.11718338605298298,0.002377179080824089,0.8597464342313788
401856963,2026-06-05 23:30:00+00:00,6,5,2026,19,Sky,85,18,Sun,80,Wintrust Arena,0,2026,2,0.22727272727272727,-8.636363636363637,0.3,-5.5,0.2727272727272727,-9.0,0.2,-11.0,0,0,0,0.7727272727272727,0.7272727272727273,0.7159090909090909,0.725,0.8891528107680127,0.9311163895486936,0.9101346001583531,165,164.3760886777514,18.124686081287596,168.9072601980733,0.022968766805991803,5,0.11084718923198733,0.8178939034045922,0.18210609659540777,0.5091053048297703,0.18642121931908157,0.1264493385967255,0.23652019002375296,0.47390765537230795,0.3410134600158353,0.42246634996041166,0.4520344496811205,0.4806017418844022,0.3072050673000792
401856964,2026-06-06 02:00:00+00:00,6,6,2026,6,Sparks,96,3,Wings,104,crypto.com Arena,0,2026,2,0.5227272727272727,-2.3636363636363638,0.5,-2.5,0.38636363636363635,-2.522727272727273,0.7,7.3,0,0,0,0.4772727272727273,0.6136363636363636,0.5590909090909091,0.5630681818181819,0.5609177215189873,0.3852848101265823,0.4731012658227848,200,164.376582278481,18.117517907675733,168.90596175539994,0.7707042549054401,8,0.6147151898734178,0.6329113924050633,0.36708860759493667,0.9683544303797469,0.2234177215189873,0.3163466892324948,0.17096518987341772,0.7832288625367365,0.2973101265822785,0.5317246835443038,0.49246238052115227,0.5759493670886076,0.8322784810126582
401856965,2026-06-06 02:00:00+00:00,6,6,2026,132052,Fire,72,11,Mercury,78,Moda Center,0,2026,2,0.46153846153846156,-4.076923076923077,0.6,-1.8,0.5,0.8863636363636364,0.2,-7.8,0,0,0,0.5384615384615384,0.5,0.6019230769230769,0.47784090909090904,0.5509881422924902,0.7399209486166007,0.6454545454545455,150,164.40474308300395,18.13802503496204,168.93924934174447,0.4202448351722786,6,0.44901185770750984,0.7525691699604743,0.2474308300395257,0.2,0.19948616600790514,0.25977148525988536,0.19681818181818184,0.3932161347740316,0.3145454545454546,0.48863636363636365,0.47593262926390223,0.5351778656126482,0.16996047430830039
401856966,2026-06-06 17:00:00+00:00,6,6,2026,8,Lynx,88,14,Storm,68,Target Center,0,2026,2,0.7045454545454546,8.272727272727273,0.8,11.1,0.4090909090909091,-1.3863636363636365,0.3,-5.1,0,0,0,0.2954545454545454,0.5909090909090908,0.2931818181818182,0.5346590909090909,0.0631911532385466,0.7306477093206951,0.39691943127962087,156,164.39336492890996,18.13537377690315,168.92720837313576,0.22435028551403968,20,0.9368088467614534,0.15718799368088468,0.8428120063191153,0.320695102685624,0.31856240126382307,0.38733214537958366,0.15953791469194312,0.4536342171344456,0.2896919431279621,0.5507701421800948,0.49855959611353184,0.590047393364929,0.26224328593996843
401856967,2026-06-06 19:00:00+00:00,6,6,2026,17,Aces,84,129689,Valkyries,79,Michelob ULTRA Arena,0,2026,2,0.7727272727272727,5.75,0.6,2.0,0.5227272727272727,2.022727272727273,0.6,6.4,0,0,0,0.2272727272727273,0.4772727272727273,0.35624999999999996,0.4494318181818182,0.20126282557221783,0.32517758484609316,0.2632202052091555,163,164.38674033149172,18.12974342218229,168.9191761870373,0.05190236606421894,5,0.7987371744277821,0.8184688239936859,0.18153117600631408,0.46882399368587213,0.18630623520126283,0.4063331057522976,0.13948303078137333,0.6723611461423802,0.27632202052091553,0.5841949486977112,0.21117247494332783,0.05288082083662194,0.6732438831886346
401856968,2026-06-06 22:00:00+00:00,6,6,2026,20,Dream,109,16,Mystics,77,Gateway Center,0,2026,2,0.6363636363636364,5.681818181818182,0.6,2.2,0.38636363636363635,-4.659090909090909,0.5,-0.8,0,0,0,0.36363636363636365,0.6136363636363636,0.3579545454545455,0.6164772727272727,0.27287066246056785,0.6301261829652997,0.4514984227129337,186,164.38564668769715,18.12262925778833,168.91630400214422,0.3587367968321855,32,0.7271293375394321,0.02996845425867508,0.9700315457413249,0.8927444794952681,0.344006309148265,0.30409549801470803,0.16772476340694006,0.573405520702503,0.29514984227129337,0.5371253943217665,0.5889849704331129,0.7665615141955836,0.4921135646687697
401856969,2026-06-07 00:00:00+00:00,6,7,2026,9,Liberty,83,5,Fever,75,Barclays Center,0,2026,2,0.5454545454545454,1.3863636363636365,0.6,4.5,0.5681818181818182,3.022727272727273,0.6,8.2,0,0,0,0.4545454545454546,0.43181818181818177,0.4653409090909091,0.4244318181818182,0.34988179669030733,0.26635145784081954,0.30811662726556344,158,164.4026792750197,18.125640005897587,168.9340892764941,0.16635574739377412,8,0.7336485421591805,0.6327817178881009,0.3672182821118991,0.35145784081954295,0.22344365642237982,0.3625153490428544,0.14621749408983453,0.5388401520671027,0.28081166272655633,0.5729708431836091,0.3039851406180309,0.15602836879432624,0.42710795902285265
401856970,2026-06-07 19:00:00+00:00,6,7,2026,131935,Tempo,85,19,Sky,68,Coca-Cola Coliseum,0,2026,2,0.4166666666666667,-1.8333333333333333,0.5,-1.0,0.25,-8.045454545454545,0.4,-4.1,0,0,0,0.5833333333333333,0.75,0.5458333333333333,0.7011363636363637,0.5889763779527559,0.8086614173228347,0.6988188976377954,153,164.39763779527559,18.119387648527013,168.92748470740733,0.3204652053884257,17,0.4110236220472441,0.23700787401574802,0.762992125984252,0.2622047244094488,0.30259842519685043,0.21306441812883622,0.2048228346456693,0.3018685362063637,0.3198818897637795,0.4752952755905512,0.6418512754483314,0.8346456692913385,0.06141732283464567
401856971,2026-06-07 23:00:00+00:00,6,7,2026,6,Sparks,89,132052,Fire,72,crypto.com Arena,0,2026,2,0.5227272727272727,-2.022727272727273,0.4,-4.3,0.42857142857142855,-4.214285714285714,0.5,-2.6,0,0,0,0.4772727272727273,0.5714285714285714,0.5505681818181818,0.6053571428571429,0.6341463414634146,0.6215578284815106,0.6278520849724627,161,164.38867033831627,18.11507391742461,168.91743881767243,0.09109280040899803,17,0.37844217151848936,0.23760818253343824,0.7623918174665618,0.4154209284028324,0.30247836349331236,0.2017379650510294,0.19417781274586943,0.3683640730246118,0.3127852084972463,0.4930369787568843,0.565707379404222,0.7277734067663257,0.13926042486231313
401856972,2026-06-08 23:00:00+00:00,6,8,2026,18,Sun,80,9,Liberty,89,Mohegan Sun Arena,0,2026,2,0.2727272727272727,-8.568181818181818,0.2,-10.8,0.5681818181818182,1.7727272727272727,0.6,2.2,0,0,0,0.7272727272727273,0.43181818181818177,0.7142045454545455,0.4556818181818182,0.9339622641509434,0.35377358490566035,0.6438679245283019,169,164.38600628930817,18.10819547718026,168.91305515860324,1.1526694752683753e-05,9,0.6462264150943396,0.5683962264150944,0.43160377358490565,0.6084905660377359,0.23632075471698114,0.3231227750089,0.1965801886792453,0.6044529360856614,0.3143867924528302,0.4890330188679245,0.4505654667920258,0.4740566037735849,0.5573899371069182
401856973,2026-06-08 23:00:00+00:00,6,8,2026,16,Mystics,76,5,Fever,78,CareFirst Arena,0,2026,2,0.38636363636363635,-4.636363636363637,0.5,-2.9,0.5454545454545454,2.409090909090909,0.5,2.6,0,0,0,0.6136363636363636,0.4545454545454546,0.615909090909091,0.4397727272727272,0.6700706991358995,0.40377062058130403,0.5369206598586017,154,164.3896307934014,18.101538016382694,168.9150152974971,0.2878440208237084,2,0.5962293794186959,0.9677926158680282,0.03220738413197177,0.2812254516889238,0.15644147682639434,0.33583303970493583,0.18053809897879025,0.5610770690569505,0.3036920659858602,0.5157698350353496,0.33867541951130437,0.22309505106048705,0.4673998428908091
401856974,2026-06-09 02:00:00+00:00,6,9,2026,17,Aces,101,14,Storm,91,Michelob ULTRA Arena,0,2026,2,0.7954545454545454,6.090909090909091,0.7,4.2,0.4090909090909091,-1.2272727272727273,0.2,-7.8,0,0,0,0.20454545454545459,0.5909090909090908,0.3477272727272728,0.5306818181818181,0.1389324960753532,0.7959183673469388,0.467425431711146,192,164.38147566718996,18.09676796725754,168.90566765900434,0.5570460292224045,10,0.8610675039246468,0.5102040816326531,0.4897959183673469,0.9372056514913658,0.2479591836734694,0.39898303591452283,0.1701138147566719,0.7479601158918157,0.2967425431711146,0.5331436420722135,0.489309408536895,0.5698587127158555,0.7872841444270016
401856975,2026-06-09 23:00:00+00:00,6,9,2026,19,Sky,75,20,Dream,82,Wintrust Arena,0,2026,2,0.25,-8.136363636363637,0.3,-7.3,0.6590909090909091,6.704545454545454,0.7,6.5,0,0,0,0.75,0.34090909090909094,0.7034090909090909,0.33238636363636365,0.8941176470588236,0.14980392156862746,0.5219607843137255,157,164.40313725490196,18.106192671841402,168.92968542286232,0.19511587690224608,7,0.8501960784313726,0.6909803921568628,0.3090196078431372,0.3349019607843137,0.21180392156862743,0.4138802153018071,0.17829411764705883,0.5914170935040067,0.30219607843137253,0.5195098039215686,0.3993362714733865,0.3474509803921569,0.5294117647058824
401856976,2026-06-10 00:00:00+00:00,6,10,2026,8,Lynx,100,3,Wings,76,Target Center,0,2026,2,0.7272727272727273,8.909090909090908,0.9,13.2,0.4090909090909091,-2.25,0.7,6.4,0,0,0,0.2727272727272727,0.5909090909090908,0.27727272727272734,0.55625,0.02821316614420063,0.384012539184953,0.2061128526645768,176,164.3973354231975,18.100277344650976,168.92240475936023,0.07359970693102957,24,0.9717868338557993,0.10031347962382445,0.8996865203761756,0.7484326018808778,0.32993730407523514,0.3925853224712807,0.1309169278996865,0.5676834404213894,0.27061128526645767,0.5984717868338558,0.3764535003652241,0.30407523510971785,0.4772727272727273
401856977,2026-06-10 02:00:00+00:00,6,10,2026,129689,Valkyries,87,11,Mercury,81,Chase Center,0,2026,2,0.5227272727272727,1.9772727272727273,0.5,4.8,0.5,0.6590909090909091,0.3,-5.6,0,0,0,0.4772727272727273,0.5,0.4505681818181818,0.48352272727272727,0.418167580266249,0.6656225528582616,0.5418950665622553,168,164.4064212999217,18.096096397181842,168.93044539921718,0.0013209761708141698,6,0.581832419733751,0.7533281127642913,0.24667188723570865,0.5888801879404855,0.19933437744714172,0.31299317053906567,0.18128425998433828,0.6389464028317773,0.3041895066562255,0.5145262333594363,0.35409369934611146,0.25371965544244324,0.6194205168363351
401856978,2026-06-10 23:00:00+00:00,6,10,2026,131935,Tempo,106,18,Sun,102,Coca-Cola Coliseum,0,2026,2,0.46153846153846156,-0.38461538461538464,0.6,1.0,0.2727272727272727,-8.181818181818182,0.2,-8.8,0,0,0,0.5384615384615384,0.7272727272727273,0.5096153846153846,0.7045454545454546,0.47339593114241,0.917057902973396,0.695226917057903,208,164.4092331768388,18.089288918299275,168.93155540641362,0.9029250881278923,4,0.5266040688575899,0.8661971830985915,0.1338028169014085,0.9827856025039123,0.17676056338028173,0.2990845621459587,0.20428403755868546,0.8672809012437779,0.3195226917057903,0.4761932707355243,0.5582685983671307,0.7151799687010955,0.8896713615023474
401856979,2026-06-11 02:00:00+00:00,6,11,2026,14,Storm,83,6,Sparks,88,Climate Pledge Arena,0,2026,2,0.38636363636363635,-1.4772727272727273,0.2,-7.5,0.5454545454545454,-0.9318181818181818,0.5,0.1,0,0,0,0.6136363636363636,0.4545454545454546,0.5369318181818181,0.5232954545454546,0.8107896794370602,0.473807662236122,0.6422986708365911,171,164.443315089914,18.12324440462092,168.97412619106922,0.006228262616657987,5,0.526192337763878,0.818608287724785,0.181391712275215,0.6489444878811571,0.186278342455043,0.29545921639083506,0.19634480062548865,0.6762071541762076,0.31422986708365913,0.4894253322908522,0.37257882102420037,0.29632525410476934,0.6802189210320563
401856980,2026-06-11 23:00:00+00:00,6,11,2026,5,Fever,114,19,Sky,106,Gainbridge Fieldhouse,0,2026,2,0.5454545454545454,2.272727272727273,0.6,3.1,0.22727272727272727,-8.545454545454545,0.2,-8.6,0,0,0,0.4545454545454546,0.7727272727272727,0.4431818181818181,0.7136363636363636,0.36015625,0.92734375,0.64375,220,164.4484375,18.11708503140568,168.97770875785142,0.9810440968639733,8,0.63984375,0.63203125,0.36796874999999996,0.99453125,0.22359374999999998,0.32602996826171876,0.19656250000000003,0.7970394783020018,0.314375,0.4890625,0.6233506404460748,0.81171875,0.84453125
401856981,2026-06-11 23:30:00+00:00,6,11,2026,20,Dream,90,9,Liberty,104,Gateway Center,0,2026,2,0.6818181818181818,6.954545454545454,0.7,7.1,0.5681818181818182,1.75,0.6,2.6,0,0,0,0.31818181818181823,0.43181818181818177,0.32613636363636367,0.45625000000000004,0.1451990632318501,0.3450429352068696,0.24512099921935987,194,164.49180327868854,18.17639617948977,169.03590232356098,0.6106052908297875,14,0.8548009367681499,0.3263075722092115,0.6736924277907885,0.9453551912568307,0.28473848555815773,0.3772292577337304,0.13676814988290398,0.6860480361377093,0.274512099921936,0.58871975019516,0.4127556524178687,0.38485558157689304,0.6916471506635441
401856982,2026-06-12 01:00:00+00:00,6,12,2026,3,Wings,85,11,Mercury,70,College Park Center,0,2026,2,0.38636363636363635,-3.0,0.6,3.7,0.5,0.6590909090909091,0.3,-5.8,0,0,0,0.6136363636363636,0.5,0.575,0.48352272727272727,0.5109204368174727,0.6669266770670826,0.5889235569422777,155,164.51482059282372,18.187981431346987,169.06181595066047,0.25834494467268765,15,0.4890795631825273,0.2948517940717629,0.7051482059282371,0.29407176287051484,0.29102964118564745,0.24426849258057684,0.18833853354134167,0.3510153500694169,0.3088923556942278,0.5027691107644305,0.5625637715022991,0.7223088923556942,0.11466458658346333
401856983,2026-06-12 02:00:00+00:00,6,12,2026,132052,Fire,89,17,Aces,105,Moda Center,0,2026,2,0.4,-5.066666666666666,0.5,-2.5,0.8181818181818182,7.0227272727272725,0.8,8.5,0,0,0,0.6,0.18181818181818177,0.6266666666666667,0.3244318181818182,0.6625097427903351,0.044427123928293066,0.3534684333593141,194,164.50740452065472,18.182826918284505,169.05311125022584,0.6098389940316414,16,0.9555728760717069,0.2673421667965705,0.7326578332034295,0.9446609508963367,0.2965315666406859,0.4064545203813403,0.15302026500389712,0.6725973996271122,0.2853468433359314,0.5616328916601715,0.5008988227645559,0.5962587685113017,0.6734216679657054
401856984,2026-06-12 23:30:00+00:00,6,12,2026,16,Mystics,86,131935,Tempo,85,CareFirst Arena,0,2026,2,0.36363636363636365,-4.840909090909091,0.4,-4.2,0.5,-0.07142857142857142,0.6,0.1,0,0,0,0.6363636363636364,0.5,0.6210227272727272,0.5017857142857143,0.7398753894080997,0.4353582554517134,0.5876168224299065,171,164.5303738317757,18.194365341492524,169.07896516714882,0.00555849022124888,1,0.5646417445482865,1.0,0.0,0.647196261682243,0.15000000000000002,0.3249727414330218,0.188142523364486,0.7494646821410895,0.30876168224299066,0.5030957943925234,0.29667334045510674,0.14953271028037382,0.7881619937694704
401856985,2026-06-13 02:00:00+00:00,6,13,2026,14,Storm,72,129689,Valkyries,76,Climate Pledge Arena,0,2026,2,0.36363636363636365,-1.7954545454545454,0.2,-6.9,0.5227272727272727,2.0,0.5,3.8,0,0,0,0.6363636363636364,0.4772727272727273,0.5448863636363637,0.44999999999999996,0.8202334630350194,0.4054474708171206,0.6128404669260701,148,164.53540856031128,18.188174389558853,169.082452157701,0.4892069541489691,4,0.5945525291828794,0.866147859922179,0.13385214007782098,0.1649805447470817,0.1767704280155642,0.3270495692591864,0.19192607003891052,0.4702326367059287,0.311284046692607,0.4967898832684825,0.4400105479938116,0.445136186770428,0.29571984435797666
401856986,2026-06-13 22:00:00+00:00,6,13,2026,18,Sun,75,5,Fever,85,Mohegan Sun Arena,0,2026,2,0.2727272727272727,-7.909090909090909,0.2,-8.5,0.5681818181818182,2.9318181818181817,0.6,3.0,0,0,0,0.7272727272727273,0.43181818181818177,0.6977272727272728,0.4267045454545455,0.9253499222395023,0.33048211508553654,0.6279160186625194,160,164.52255054432348,18.186942038919444,169.06928605405335,0.11691691164675433,10,0.6695178849144634,0.5093312597200622,0.4906687402799378,0.3880248833592535,0.24813374805598756,0.32688057656446134,0.1941874027993779,0.4975254951324444,0.31279160186625193,0.4930209953343701,0.4857566331812555,0.5637636080870918,0.34447900466562986
401856987,2026-06-14 00:00:00+00:00,6,14,2026,17,Aces,100,8,Lynx,97,Michelob ULTRA Arena,0,2026,2,0.8181818181818182,6.795454545454546,0.8,7.4,0.7272727272727273,9.25,0.9,15.2,0,0,0,0.18181818181818177,0.2727272727272727,0.33011363636363633,0.26875000000000004,0.06915306915306915,0.014763014763014764,0.04195804195804196,197,164.51903651903652,18.180306616836255,169.06411317324557,0.6928970112646062,3,0.9852369852369852,0.9184149184149184,0.0815850815850816,0.9595959595959596,0.16631701631701631,0.49405595311189715,0.1062937062937063,0.9435147599250434,0.2541958041958042,0.6395104895104895,0.12122178478253615,0.003885003885003885,0.9145299145299145
401856988,2026-06-14 00:30:00+00:00,6,14,2026,132052,Fire,84,3,Wings,83,Moda Center,0,2026,2,0.375,-5.75,0.4,-4.2,0.38636363636363635,-2.727272727272727,0.7,5.7,0,0,0,0.625,0.6136363636363636,0.64375,0.5681818181818181,0.7437888198757764,0.4114906832298137,0.577639751552795,167,164.54425465838509,18.1957643722729,169.09319575145332,0.006594973485228306,1,0.5885093167701863,1.0,0.0,0.5636645962732919,0.15000000000000002,0.33511645962732917,0.18664596273291925,0.7136144800547819,0.30776397515527953,0.5055900621118012,0.29327984304117155,0.14130434782608695,0.7368012422360248
401856989,2026-06-14 02:00:00+00:00,6,14,2026,11,Mercury,102,6,Sparks,111,Mortgage Matchup Center,0,2026,2,0.5,0.8409090909090909,0.2,-8.1,0.5681818181818182,-0.45454545454545453,0.6,1.5,0,0,0,0.5,0.43181818181818177,0.47897727272727275,0.5113636363636364,0.7486423584173778,0.3886733902249806,0.5686578743211792,213,164.54615981380914,18.18882803930434,169.09336682363522,0.945716721357104,9,0.6113266097750194,0.5663304887509697,0.4336695112490303,0.991466252909232,0.23673390224980606,0.30962904772193667,0.18529868114817688,0.7698399299813605,0.3068657874321179,0.5078355314197052,0.5971030710638806,0.78277734678045,0.8200155159038014
401856990,2026-06-14 19:00:00+00:00,6,14,2026,9,Liberty,86,16,Mystics,64,Barclays Center,0,2026,2,0.5909090909090909,2.272727272727273,0.7,4.2,0.38636363636363635,-4.795454545454546,0.4,-4.4,0,0,0,0.40909090909090906,0.6136363636363636,0.4431818181818181,0.6198863636363636,0.25639039504260264,0.7257939581719597,0.49109217660728116,150,164.5948876839659,18.22910030349749,169.15216275984028,0.4241561759037049,22,0.7436096049573974,0.1262587141750581,0.8737412858249419,0.1967467079783114,0.3247482571649884,0.3185870151516697,0.1736638264910922,0.3518829211306583,0.2991092176607281,0.5272269558481797,0.5939216902917568,0.7761425251742835,0.11541440743609604
401856991,2026-06-14 19:00:00+00:00,6,14,2026,131935,Tempo,77,20,Dream,102,Coca-Cola Coliseum,0,2026,2,0.4666666666666667,-0.13333333333333333,0.6,0.4,0.6590909090909091,6.431818181818182,0.6,5.2,0,0,0,0.5333333333333333,0.34090909090909094,0.5033333333333333,0.3392045454545455,0.4744186046511628,0.2124031007751938,0.3434108527131783,179,164.58372093023254,18.231752158379436,169.1416589698274,0.1360074008840233,25,0.7875968992248061,0.08604651162790698,0.913953488372093,0.7984496124031008,0.3327906976744186,0.3294669190553452,0.15151162790697675,0.560124675674958,0.28434108527131785,0.5641472868217053,0.47421553030983066,0.5294573643410853,0.46124031007751937
401856992,2026-06-16 00:00:00+00:00,6,16,2026,3,Wings,96,17,Aces,66,College Park Center,0,2026,2,0.38636363636363635,-2.6818181818181817,0.7,6.0,0.8181818181818182,6.5227272727272725,0.8,4.8,0,0,0,0.6136363636363636,0.18181818181818177,0.5670454545454545,0.33693181818181817,0.4295665634674923,0.07662538699690402,0.2530959752321982,162,164.58359133126936,18.226562194545114,169.14023187990563,0.07386338092789335,30,0.923374613003096,0.04179566563467492,0.958204334365325,0.4388544891640867,0.34164086687306505,0.36979196819676213,0.13796439628482973,0.4575572004470586,0.2753095975232198,0.5867260061919505,0.42249135712764,0.40092879256965946,0.27321981424148606
401856993,2026-06-16 00:00:00+00:00,6,16,2026,8,Lynx,107,132052,Fire,74,Target Center,0,2026,2,0.7272727272727273,9.318181818181818,0.8,14.5,0.4117647058823529,-5.352941176470588,0.5,-2.4,0,0,0,0.2727272727272727,0.5882352941176471,0.2670454545454545,0.6338235294117647,0.03557617942768755,0.6511987625676721,0.3433874709976798,181,164.5815931941222,18.219648876959894,169.1365054133622,0.1910271717005848,33,0.9644238205723125,0.027842227378190254,0.9721577726218098,0.8306264501160093,0.34443155452436197,0.3816797569636971,0.15150812064965197,0.5703039993846846,0.284338747099768,0.56415313225058,0.4990874081669067,0.5947409126063419,0.48182521268368134
401856994,2026-06-16 02:00:00+00:00,6,16,2026,129689,Valkyries,78,6,Sparks,58,Chase Center,0,2026,2,0.5227272727272727,1.4772727272727273,0.6,4.8,0.5909090909090909,0.0,0.6,2.0,0,0,0,0.4772727272727273,0.40909090909090906,0.4630681818181819,0.5,0.3601236476043277,0.3693972179289026,0.3647604327666152,136,164.59428129829985,18.218320196504735,169.14886134742602,0.8089753535447591,20,0.6398763523956723,0.15919629057187018,0.8408037094281298,0.04868624420401855,0.31816074188562593,0.2863303345126359,0.1547140649149923,0.26842210616523243,0.28647604327666154,0.5588098918083462,0.5698617231825409,0.7372488408037094,0.03632148377125193
401856995,2026-06-16 23:00:00+00:00,6,16,2026,5,Fever,113,131935,Tempo,91,Gainbridge Fieldhouse,0,2026,2,0.5909090909090909,3.477272727272727,0.7,4.2,0.4375,-1.6875,0.5,-3.1,0,0,0,0.40909090909090906,0.5625,0.41306818181818183,0.5421875,0.23397683397683397,0.5915057915057915,0.41274131274131276,204,164.57220077220077,18.228605829865806,169.12935222966723,0.8395404902160701,22,0.766023166023166,0.12818532818532818,0.8718146718146718,0.976061776061776,0.3243629343629344,0.32634052861465984,0.16191119691119693,0.6312365879802203,0.29127413127413126,0.5468146718146718,0.6155610722621551,0.8061776061776061,0.6
401856996,2026-06-17 23:00:00+00:00,6,17,2026,18,Sun,81,16,Mystics,88,Mohegan Sun Arena,0,2026,2,0.2727272727272727,-7.25,0.2,-9.4,0.36363636363636365,-5.363636363636363,0.4,-6.1,0,0,0,0.7272727272727273,0.6363636363636364,0.68125,0.634090909090909,0.9266975308641975,0.7584876543209876,0.8425925925925926,169,164.60262345679013,18.25445100596422,169.1662362082812,4.1464334232022004e-05,7,0.24151234567901236,0.6905864197530864,0.30941358024691357,0.6049382716049383,0.21188271604938266,0.17398175535360463,0.2263888888888889,0.5428358144945916,0.33425925925925926,0.4393518518518519,0.4736283571148525,0.5270061728395061,0.4305555555555556
401856997,2026-06-18 00:00:00+00:00,6,18,2026,19,Sky,95,9,Liberty,96,Wintrust Arena,0,2026,2,0.22727272727272727,-8.613636363636363,0.2,-8.6,0.5909090909090909,2.5681818181818183,0.7,4.6,0,0,0,0.7727272727272727,0.40909090909090906,0.7153409090909091,0.43579545454545454,0.9336931380107941,0.2536622976098689,0.5936777178103315,191,164.60601387818042,18.2478155527542,169.16796776636897,0.5111546738930799,1,0.7463377023901311,1.0,0.0,0.9282960678488821,0.15,0.40219352351580573,0.18905165767154974,0.9298411701518658,0.30936777178103314,0.5015805705474171,0.39441184684664177,0.3369313801079414,0.9136468774094063
401857000,2026-06-18 02:00:00+00:00,6,18,2026,11,Mercury,76,17,Aces,86,Mortgage Matchup Center,0,2026,2,0.4772727272727273,0.2727272727272727,0.2,-8.2,0.8181818181818182,7.045454545454546,0.7,1.1,0,0,0,0.5227272727272727,0.18181818181818177,0.49318181818181817,0.32386363636363635,0.7717140661029976,0.14066102997694083,0.45618754803996925,162,164.6587240584166,18.248719101138555,169.22090383370124,0.07530078401174323,10,0.8593389700230591,0.5103766333589547,0.48962336664104533,0.43658724058416604,0.24792467332820906,0.3983513509681254,0.1684281322059954,0.5707919293031938,0.2956187548039969,0.5359531129900077,0.40191975685341186,0.3543428132205995,0.48347425057647964
401857001,2026-06-18 02:00:00+00:00,6,18,2026,132052,Fire,94,14,Storm,89,Moda Center,0,2026,2,0.3888888888888889,-6.888888888888889,0.4,-7.6,0.36363636363636365,-1.6590909090909092,0.2,-7.1,0,0,0,0.6111111111111112,0.6363636363636364,0.6722222222222223,0.5414772727272728,0.7935285053929122,0.8143297380585516,0.8039291217257318,183,164.62634822804316,18.255485311005142,169.19021955579444,0.24883177140326496,5,0.2064714946070878,0.8174114021571649,0.1825885978428351,0.8582434514637904,0.18651771956856703,0.16532867918167335,0.22058936825885977,0.7299257236119905,0.33039291217257316,0.44901771956856706,0.4761940427594294,0.5362095531587057,0.7619414483821263
401856998,2026-06-18 02:00:00+00:00,6,18,2026,129689,Valkyries,91,3,Wings,80,Chase Center,0,2026,2,0.5454545454545454,2.1818181818181817,0.6,5.1,0.38636363636363635,-2.2954545454545454,0.7,6.7,0,0,0,0.4545454545454546,0.6136363636363636,0.44545454545454555,0.5573863636363636,0.3287143956889915,0.3887605850654349,0.35873749037721325,171,164.64049268668205,18.255571158950556,169.2043854764197,0.00482564516162709,11,0.6712856043110085,0.45804464973056197,0.5419553502694381,0.6451116243264049,0.2583910700538876,0.3230765923452694,0.15381062355658198,0.5914377863294317,0.28587374903772134,0.5603156274056967,0.3566792652786017,0.25789068514241725,0.5280985373364127
401856999,2026-06-18 02:00:00+00:00,6,18,2026,6,Sparks,83,8,Lynx,99,crypto.com Arena,0,2026,2,0.5681818181818182,-0.6818181818181818,0.6,1.0,0.7272727272727273,9.772727272727273,0.9,18.5,0,0,0,0.43181818181818177,0.2727272727272727,0.5170454545454546,0.2556818181818181,0.4276923076923077,0.013076923076923076,0.2203846153846154,182,164.64538461538461,18.249395411283114,169.2077334682054,0.21782674010276204,16,0.9869230769230769,0.2692307692307692,0.7307692307692308,0.8453846153846154,0.29615384615384616,0.41770562130177513,0.13305769230769232,0.6466390748748293,0.27203846153846156,0.5949038461538462,0.3588885159645313,0.2623076923076923,0.6323076923076923
401857002,2026-06-18 23:30:00+00:00,6,18,2026,5,Fever,101,20,Dream,108,Gainbridge Fieldhouse,0,2026,2,0.5909090909090909,3.75,0.7,5.3,0.6818181818181818,7.0227272727272725,0.7,7.8,0,0,0,0.40909090909090906,0.31818181818181823,0.40625,0.3244318181818182,0.21274961597542244,0.1282642089093702,0.17050691244239632,209,164.65668202764977,18.24185322184193,169.21714533311024,0.9072702936197579,7,0.8717357910906298,0.6904761904761905,0.30952380952380953,0.9846390168970814,0.2119047619047619,0.4223149367273791,0.12557603686635946,0.8364849302868003,0.26705069124423964,0.6073732718894009,0.300151296419129,0.15130568356374807,0.869431643625192
401857003,2026-06-19 23:30:00+00:00,6,19,2026,18,Sun,97,131935,Tempo,101,Mohegan Sun Arena,0,2026,2,0.2727272727272727,-7.0,0.1,-10.3,0.4117647058823529,-2.8823529411764706,0.4,-6.1,0,0,0,0.7272727272727273,0.5882352941176471,0.675,0.5720588235294117,0.9470452801227935,0.7129700690713737,0.8300076745970837,198,164.69071373752877,18.276178699660473,169.2597584124439,0.7095895219873929,4,0.2870299309286263,0.8656945510360706,0.13430544896392937,0.9631619339984651,0.17686108979278586,0.20044664329144213,0.22450115118956254,0.8240434813465407,0.33300076745970836,0.44249808135072916,0.5713042856528201,0.7398311588641596,0.8595548733691482
401857004,2026-06-19 23:30:00+00:00,6,19,2026,9,Liberty,83,16,Mystics,86,Barclays Center,0,2026,2,0.5909090909090909,2.4318181818181817,0.8,6.4,0.36363636363636365,-5.295454545454546,0.4,-5.6,0,0,0,0.40909090909090906,0.6363636363636364,0.43920454545454546,0.6323863636363637,0.18328220858895705,0.7569018404907976,0.4700920245398773,169,164.71625766871165,18.292435925207947,169.28936665001365,0.00012511134801440615,3,0.816717791411043,0.9179447852760736,0.0820552147239264,0.6019938650306749,0.1664110429447853,0.42376236168090636,0.1705138036809816,0.7716144057032771,0.29700920245398776,0.5324769938650307,0.27470567516109784,0.1142638036809816,0.8205521472392638
401857005,2026-06-20 02:00:00+00:00,6,20,2026,129689,Valkyries,75,8,Lynx,81,Chase Center,0,2026,2,0.5681818181818182,2.6363636363636362,0.7,7.0,0.7272727272727273,9.840909090909092,0.9,17.3,0,0,0,0.43181818181818177,0.2727272727272727,0.4340909090909091,0.25397727272727266,0.21992337164750958,0.014559386973180077,0.11724137931034483,156,164.71954022988507,18.28580510943135,169.2909915072429,0.23214443912721994,6,0.98544061302682,0.7509578544061303,0.24904214559386972,0.3157088122605364,0.19980842911877394,0.47428979316216735,0.11758620689655172,0.6559610494758004,0.2617241379310345,0.6206896551724137,0.16524783620922406,0.022222222222222223,0.6444444444444445
401857006,2026-06-20 17:00:00+00:00,6,20,2026,20,Dream,113,5,Fever,96,State Farm Arena,0,2026,2,0.6818181818181818,6.9772727272727275,0.7,6.8,0.5681818181818182,3.25,0.6,2.9,0,0,0,0.31818181818181823,0.43181818181818177,0.3255681818181818,0.41874999999999996,0.14624808575803983,0.327718223583461,0.2369831546707504,209,164.71286370597244,18.280390093881334,169.28296122944278,0.9056007119634553,17,0.8537519142419602,0.23736600306278713,0.7626339969372129,0.9839203675344563,0.3025267993874426,0.3674818601389746,0.13554747320061256,0.6701957354277448,0.273698315467075,0.5907542113323124,0.47148232515152233,0.5206738131699847,0.6699846860643185
401857007,2026-06-20 19:07:00+00:00,6,20,2026,11,Mercury,93,14,Storm,73,Mortgage Matchup Center,0,2026,2,0.45454545454545453,-0.3181818181818182,0.2,-8.3,0.3409090909090909,-2.090909090909091,0.1,-9.4,0,0,0,0.5454545454545454,0.6590909090909092,0.5079545454545454,0.5522727272727272,0.7903596021423106,0.891354246365723,0.8408569242540168,166,164.74674827850038,18.314405197376136,169.3253495778444,0.016348747017601806,20,0.2096403978576894,0.15914307574598316,0.8408569242540168,0.5386381025248661,0.3181713848508034,0.13965227259023713,0.22612853863810253,0.3809631042918109,0.3340856924254017,0.43978576893649574,0.6544120950403807,0.8576893649579189,0.15531752104055088
401857008,2026-06-21 00:00:00+00:00,6,21,2026,3,Wings,93,19,Sky,92,College Park Center,0,2026,2,0.38636363636363635,-2.3636363636363638,0.6,4.6,0.20454545454545456,-8.795454545454545,0.1,-9.4,0,0,0,0.6136363636363636,0.7954545454545454,0.5590909090909091,0.7198863636363636,0.49770642201834864,0.963302752293578,0.7305045871559633,185,164.74770642201835,18.307430376141,169.3245640160536,0.3068909553168143,1,0.5022935779816513,1.0,0.0,0.8761467889908257,0.15000000000000002,0.29847477064220185,0.2095756880733945,0.8570358660887132,0.32305045871559634,0.4673738532110091,0.4057356268114227,0.367737003058104,0.8837920489296636
401857009,2026-06-21 20:00:00+00:00,6,21,2026,17,Aces,92,129689,Valkyries,73,Michelob ULTRA Arena,0,2026,2,0.8181818181818182,6.7272727272727275,0.7,2.0,0.5454545454545454,2.0681818181818183,0.6,3.7,0,0,0,0.18181818181818177,0.4545454545454546,0.3318181818181818,0.4482954545454545,0.14285714285714285,0.3414820473644003,0.24216959511077157,165,164.76317799847212,18.30898964495883,169.34042540971183,0.02770883703062188,19,0.8571428571428572,0.1841100076394194,0.8158899923605806,0.5034377387318564,0.31317799847211614,0.36303448652188147,0.13632543926661575,0.4982834208758161,0.27421695951107716,0.5894576012223071,0.3702570010033737,0.2887700534759358,0.3430099312452254
401857010,2026-06-21 22:00:00+00:00,6,21,2026,8,Lynx,79,16,Mystics,84,Target Center,0,2026,2,0.7272727272727273,9.454545454545455,0.9,16.9,0.36363636363636365,-5.4772727272727275,0.5,-3.0,0,0,0,0.2727272727272727,0.6363636363636364,0.26363636363636367,0.6369318181818182,0.016793893129770993,0.6793893129770993,0.3480916030534351,163,164.76335877862596,18.301995975871606,169.33885777259385,0.058215154252265866,5,0.983206106870229,0.816793893129771,0.18320610687022898,0.4633587786259542,0.1866412213740458,0.48118553697336985,0.15221374045801528,0.7304515842552637,0.28480916030534353,0.5629770992366412,0.25700752479625394,0.09236641221374046,0.7633587786259542
401857011,2026-06-22 00:00:00+00:00,6,22,2026,6,Sparks,98,9,Liberty,97,crypto.com Arena,0,2026,2,0.5681818181818182,-0.8863636363636364,0.5,-1.5,0.5681818181818182,1.8863636363636365,0.8,7.6,0,0,0,0.43181818181818177,0.43181818181818177,0.522159090909091,0.4528409090909091,0.5110602593440122,0.18382913806254766,0.34744469870327993,195,164.76201372997713,18.29507396853905,169.3357822221119,0.6261554962517114,1,0.8161708619374524,1.0,0.0,0.9466056445461479,0.15,0.4318726163234172,0.152116704805492,0.9500999871416012,0.284744469870328,0.56313882532418,0.2909083102785367,0.13577421815408086,0.9168573607932876
401857012,2026-06-22 23:00:00+00:00,6,22,2026,18,Sun,92,19,Sky,63,Mohegan Sun Arena,0,2026,2,0.25,-7.318181818181818,0.1,-8.9,0.20454545454545456,-8.704545454545455,0.1,-8.5,0,0,0,0.75,0.7954545454545454,0.6829545454545455,0.7176136363636364,0.9466463414634146,0.9588414634146342,0.9527439024390244,155,164.78506097560975,18.307138637472164,169.36184563497778,0.26487567290488623,29,0.05335365853658536,0.04801829268292683,0.9519817073170732,0.2896341463414634,0.3403963414634147,0.08355650003718025,0.24291158536585367,0.1890165576482891,0.34527439024390244,0.4118140243902439,0.7853895738241055,0.9146341463414634,0.010670731707317074
401857013,2026-06-22 23:30:00+00:00,6,22,2026,20,Dream,94,131935,Tempo,87,State Farm Arena,0,2026,2,0.7045454545454546,7.75,0.7,8.3,0.4444444444444444,-2.5,0.5,-2.9,0,0,0,0.2954545454545454,0.5555555555555556,0.30625,0.5625,0.11805026656511805,0.594059405940594,0.35605483625285606,181,164.77760853008377,18.302152797428366,169.35314672944085,0.18329746031710503,7,0.8819497334348819,0.6884996191926885,0.31150038080731146,0.8255902513328256,0.2123000761614623,0.42612586131189134,0.15340822543792842,0.7791375099770051,0.2856054836252856,0.560986290936786,0.3168274369840534,0.17593297791317594,0.8271134805788272
401857014,2026-06-23 00:00:00+00:00,6,23,2026,5,Fever,86,11,Mercury,77,Gainbridge Fieldhouse,0,2026,2,0.5454545454545454,2.727272727272727,0.5,0.4,0.45454545454545453,-0.6590909090909091,0.3,-6.1,0,0,0,0.4545454545454546,0.5454545454545454,0.4318181818181819,0.5164772727272727,0.4520547945205479,0.7123287671232876,0.5821917808219178,163,164.78995433789953,18.300654589761397,169.36511798533988,0.05869237203666644,9,0.547945205479452,0.5662100456621004,0.4337899543378996,0.4627092846270928,0.23675799086757993,0.28543160067554885,0.18732876712328766,0.5124319578912052,0.3082191780821918,0.5044520547945205,0.4383849929996065,0.441400304414003,0.3691019786910198
401857015,2026-06-23 02:00:00+00:00,6,23,2026,14,Storm,110,3,Wings,112,Climate Pledge Arena,0,2026,2,0.3409090909090909,-2.4318181818181817,0.0,-12.6,0.38636363636363635,-2.522727272727273,0.7,6.4,0,0,0,0.6590909090909092,0.6136363636363636,0.5607954545454545,0.5630681818181819,0.9422053231939164,0.39695817490494295,0.6695817490494297,222,164.78859315589352,18.29375613755964,169.36203219028343,0.9840713980702592,2,0.6030418250950571,0.9650190114068441,0.034980988593155904,0.9946768060836502,0.1569961977186312,0.3384836559730515,0.20043726235741444,0.9231529244045292,0.316958174904943,0.4826045627376426,0.5314752945113994,0.6555133079847909,0.911787072243346
401857016,2026-06-24 02:00:00+00:00,6,24,2026,17,Aces,76,9,Liberty,87,Michelob ULTRA Arena,0,2026,2,0.8181818181818182,7.0227272727272725,0.8,4.5,0.5454545454545454,1.5454545454545454,0.8,8.2,0,0,0,0.18181818181818177,0.4545454545454546,0.3244318181818182,0.4613636363636363,0.08738601823708207,0.19072948328267478,0.13905775075987842,163,164.83206686930092,18.354678163281815,169.42073641012138,0.0593509521021075,11,0.912613981762918,0.4566869300911854,0.5433130699088147,0.46200607902735563,0.25866261398176293,0.41241117044373204,0.12085866261398176,0.5763678205912457,0.26390577507598784,0.6152355623100303,0.23610980700144915,0.07522796352583587,0.4946808510638298
401857018,2026-06-24 23:30:00+00:00,6,24,2026,16,Mystics,76,8,Lynx,78,CareFirst Arena,0,2026,2,0.38636363636363635,-5.181818181818182,0.6,-1.3,0.7045454545454546,8.636363636363637,0.8,14.9,0,0,0,0.6136363636363636,0.2954545454545454,0.6295454545454545,0.28409090909090906,0.6013667425968109,0.029612756264236904,0.3154897494305239,154,164.830675778284,18.34777262801232,169.41761893528707,0.2974589078474539,2,0.9703872437357631,0.9650721336370539,0.03492786636294609,0.2741078208048595,0.15698557327258922,0.4933266656634894,0.14732346241457858,0.7242847657135457,0.28154897494305237,0.5711275626423691,0.23384147283248818,0.07441154138192863,0.7509491268033409
401857017,2026-06-24 23:30:00+00:00,6,24,2026,5,Fever,109,11,Mercury,111,Gainbridge Fieldhouse,0,2026,2,0.5454545454545454,2.7045454545454546,0.6,1.5,0.45454545454545453,-0.6818181818181818,0.3,-6.0,0,0,0,0.4545454545454546,0.5454545454545454,0.4323863636363636,0.5170454545454546,0.37936267071320184,0.7109256449165402,0.545144157814871,220,164.8224582701062,18.343231715294216,169.40826619892977,0.9777062186426971,2,0.6206373292867982,0.9650986342943855,0.03490136570561453,0.9931714719271624,0.1569802731411229,0.34590672859277743,0.18177162367223065,0.9249803770332139,0.3045144157814871,0.5137139605462823,0.4683953802046862,0.5144157814871017,0.9119878603945372
401857019,2026-06-25 00:00:00+00:00,6,25,2026,19,Sky,101,132052,Fire,78,Wintrust Arena,0,2026,2,0.20454545454545456,-9.318181818181818,0.1,-10.4,0.42105263157894735,-6.2631578947368425,0.4,-7.8,0,0,0,0.7954545454545454,0.5789473684210527,0.7329545454545454,0.656578947368421,0.9651250947687642,0.7649734647460197,0.8650492797573919,179,164.86429112964368,18.39910575679224,169.46406756884173,0.1256795437660736,23,0.23502653525398032,0.11448066717210008,0.8855193328279,0.7922668688400303,0.32710386656558,0.14636383675688788,0.22975739196360878,0.5107880121407437,0.33650492797573917,0.43373768006065205,0.7020618912533555,0.8946171341925702,0.3661865049279757
401857020,2026-06-25 02:00:00+00:00,6,25,2026,129689,Valkyries,77,20,Dream,66,Chase Center,0,2026,2,0.5454545454545454,1.6818181818181819,0.5,1.6,0.7272727272727273,8.068181818181818,0.8,10.5,0,0,0,0.4545454545454546,0.2727272727272727,0.4579545454545454,0.2982954545454545,0.4492424242424242,0.05075757575757576,0.25,143,164.875,18.396244610504677,169.47406115262618,0.6449534610429251,11,0.9492424242424242,0.45681818181818185,0.5431818181818182,0.09924242424242424,0.25863636363636366,0.4260032713498622,0.1375,0.47141177581601135,0.275,0.5875,0.3849311008934022,0.3234848484848485,0.29393939393939394
401857021,2026-06-25 23:00:00+00:00,6,25,2026,131935,Tempo,125,6,Sparks,97,Coca-Cola Coliseum,0,2026,2,0.42105263157894735,-2.736842105263158,0.5,-1.7,0.5909090909090909,-0.6363636363636364,0.5,-2.0,0,0,0,0.5789473684210527,0.40909090909090906,0.5684210526315789,0.5159090909090909,0.6124148372445117,0.4769114307342922,0.5446631339894019,222,164.85844057532174,18.39912152851048,169.45822095744936,0.9830488451465448,28,0.5230885692657078,0.059046177138531414,0.9409538228614686,0.9939439818319455,0.3381907645722937,0.2392733465861261,0.1816994700984103,0.6110089034081511,0.3044663133989402,0.5138342165026495,0.7449747504805742,0.9053747161241483,0.5609386828160484
401857022,2026-06-26 02:00:00+00:00,6,26,2026,17,Aces,99,3,Wings,84,Michelob ULTRA Arena,0,2026,2,0.7954545454545454,6.681818181818182,0.8,4.2,0.38636363636363635,-2.6818181818181817,0.7,5.1,0,0,0,0.20454545454545459,0.6136363636363636,0.3329545454545455,0.5670454545454545,0.09379727685325265,0.4205748865355522,0.25718608169440244,183,164.9016641452345,18.459178448466755,169.5164587573512,0.23415843153953542,15,0.9062027231467473,0.2972768532526475,0.7027231467473525,0.8540090771558245,0.2905446293494705,0.3924007314823504,0.13857791225416038,0.6507115287852523,0.27571860816944027,0.5857034795763993,0.37683781747611855,0.3071104387291982,0.6346444780635401
401857023,2026-06-26 02:00:00+00:00,6,26,2026,14,Storm,99,9,Liberty,88,Climate Pledge Arena,0,2026,2,0.3181818181818182,-2.6818181818181817,0.0,-11.4,0.5454545454545454,1.5,0.8,8.3,0,0,0,0.6818181818181819,0.4545454545454546,0.5670454545454545,0.4625,0.9402872260015117,0.1912320483749055,0.5657596371882087,187,164.91534391534393,18.458903089475697,169.53006968771285,0.3610047390498796,11,0.8087679516250945,0.4580498866213152,0.5419501133786848,0.8941798941798942,0.25839002267573696,0.3740561888650648,0.1848639455782313,0.7089731719293267,0.3065759637188209,0.5085600907029478,0.5206084111342973,0.6311413454270597,0.7241118669690099
401857024,2026-06-26 23:30:00+00:00,6,26,2026,18,Sun,68,16,Mystics,57,Mohegan Sun Arena,0,2026,2,0.2727272727272727,-6.340909090909091,0.2,-3.3,0.38636363636363635,-4.840909090909091,0.5,-2.9,0,0,0,0.7272727272727273,0.6136363636363636,0.6585227272727272,0.6210227272727272,0.8648036253776435,0.6563444108761329,0.7605740181268883,125,164.9320241691843,18.461905011140722,169.5475004219695,0.9455865448539938,11,0.34365558912386707,0.45845921450151056,0.5415407854984895,0.0075528700906344415,0.2583081570996979,0.2016124579001652,0.21408610271903325,0.18527928041976147,0.32605740181268883,0.4598564954682779,0.7287652221866453,0.9018126888217523,0.00906344410876133
401857025,2026-06-26 23:30:00+00:00,6,26,2026,19,Sky,124,132052,Fire,94,Wintrust Arena,0,2026,2,0.20454545454545456,-9.045454545454545,0.2,-7.4,0.4,-7.1,0.3,-11.1,0,0,0,0.7954545454545454,0.6,0.7261363636363636,0.6775,0.9320754716981132,0.8543396226415094,0.8932075471698113,218,164.90188679245284,18.487507933995076,169.5237637759516,0.96786226192031,30,0.14566037735849058,0.04226415094339623,0.9577358490566038,0.9909433962264151,0.34154716981132077,0.11380052687789248,0.2339811320754717,0.5942791754911773,0.33932075471698114,0.4266981132075472,0.9325711339387361,0.9207547169811321,0.5320754716981132
401857026,2026-06-27 02:00:00+00:00,6,27,2026,129689,Valkyries,78,20,Dream,75,Chase Center,0,2026,2,0.5681818181818182,1.9545454545454546,0.6,3.7,0.7045454545454546,6.9772727272727275,0.7,7.4,0,0,0,0.43181818181818177,0.2954545454545454,0.45113636363636367,0.3255681818181818,0.3393665158371041,0.1244343891402715,0.2319004524886878,153,164.94193061840122,18.537967743080266,169.57642255417127,0.3295363644172917,3,0.8755656108597285,0.9155354449472096,0.08446455505279038,0.2549019607843137,0.16689291101055806,0.44803066754024967,0.1347850678733032,0.6544703850127813,0.2731900452488688,0.5920248868778281,0.20478229601303616,0.04524886877828054,0.6410256410256411
401857027,2026-06-27 18:00:00+00:00,6,27,2026,131935,Tempo,80,11,Mercury,89,Scotiabank Arena,0,2026,2,0.45,-1.2,0.5,0.4,0.4772727272727273,-0.5681818181818182,0.4,-5.1,0,0,0,0.55,0.5227272727272727,0.53,0.5142045454545454,0.5455915599095704,0.6428033157498116,0.594197437829691,169,164.93293142426526,18.53387569256904,169.56640034740752,0.0004668562082922323,9,0.4544084400904296,0.5674453654860587,0.43255463451394127,0.5998492840994725,0.23651092690278824,0.2498168466758171,0.18912961567445366,0.557355890505427,0.3094197437829691,0.5014506405425773,0.4318899263271459,0.4287867370007536,0.45365486058779203
401857028,2026-06-28 00:00:00+00:00,6,28,2026,5,Fever,111,6,Sparks,87,Gainbridge Fieldhouse,0,2026,2,0.5227272727272727,2.5681818181818183,0.6,2.9,0.5681818181818182,-1.3181818181818181,0.4,-5.3,0,0,0,0.4772727272727273,0.43181818181818177,0.43579545454545454,0.5329545454545455,0.37349397590361444,0.5971385542168675,0.48531626506024095,198,164.9359939759036,18.5272271484039,169.56780076300458,0.6919597405169535,24,0.6265060240963856,0.1016566265060241,0.8983433734939759,0.9593373493975904,0.3296686746987952,0.27701643925097985,0.17279743975903616,0.6120216276176706,0.2985316265060241,0.5286709337349398,0.644325383033873,0.8418674698795181,0.5625
401857029,2026-06-28 01:00:00+00:00,6,28,2026,14,Storm,105,20,Dream,90,Climate Pledge Arena,0,2026,2,0.3409090909090909,-1.8863636363636365,0.1,-8.2,0.7045454545454546,7.25,0.6,5.5,0,0,0,0.6590909090909092,0.2954545454545454,0.5471590909090909,0.31875,0.8811136192626035,0.17757712565838976,0.5293453724604966,195,164.96087283671935,18.542444906025853,169.5964840632258,0.6087768135991545,15,0.8224228743416102,0.2979683972911964,0.7020316027088036,0.9428141459744168,0.29040632054176074,0.36275240468316605,0.1794018058690745,0.673932413769635,0.3029345372460497,0.5176636568848758,0.5959081396925906,0.7795334838224228,0.671933784800602
401857030,2026-06-28 18:00:00+00:00,6,28,2026,3,Wings,77,8,Lynx,85,College Park Center,0,2026,2,0.38636363636363635,-2.340909090909091,0.6,2.8,0.7272727272727273,8.772727272727273,0.8,13.0,0,0,0,0.6136363636363636,0.2727272727272727,0.5585227272727272,0.28068181818181814,0.5135338345864662,0.03458646616541353,0.27406015037593984,162,164.98345864661655,18.553760093628135,169.6218986700236,0.0809168027211985,8,0.9654135338345865,0.631578947368421,0.368421052631579,0.43157894736842106,0.2236842105263158,0.4523644637910566,0.141109022556391,0.6414622081519589,0.277406015037594,0.581484962406015,0.27298216324519886,0.11503759398496241,0.6142857142857143
401857031,2026-06-28 19:00:00+00:00,6,28,2026,16,Mystics,124,132052,Fire,123,CareFirst Arena,0,2026,2,0.36363636363636365,-5.136363636363637,0.5,-3.5,0.38095238095238093,-8.19047619047619,0.3,-12.1,0,0,0,0.6363636363636364,0.6190476190476191,0.6284090909090909,0.7047619047619047,0.6964688204357626,0.8842975206611571,0.7903831705484599,247,164.98121712997747,18.54696396994514,169.61795812246376,0.9998340320950657,1,0.30353117956423736,1.0,0.0,0.9984973703981969,0.15,0.2140007513148009,0.21855747558226898,0.8945740056368366,0.329038317054846,0.452404207362885,0.5760938738408788,0.740045078888054,0.903831705484598
401857032,2026-06-28 20:00:00+00:00,6,28,2026,19,Sky,99,17,Aces,107,United Center,0,2026,2,0.20454545454545456,-8.5,0.3,-2.3,0.7954545454545454,6.840909090909091,0.8,4.7,0,0,0,0.7954545454545454,0.20454545454545459,0.7125,0.32897727272727273,0.8611111111111112,0.08333333333333333,0.47222222222222227,206,165.0427927927928,18.675700488560004,169.7117179149328,0.8485908864893562,8,0.9166666666666666,0.6313813813813813,0.36861861861861867,0.9737237237237237,0.22372372372372373,0.43342092092092094,0.17083333333333334,0.8125803731659587,0.2972222222222222,0.5319444444444443,0.5057252424078976,0.6028528528528528,0.8498498498498499
401857033,2026-06-28 23:00:00+00:00,6,28,2026,129689,Valkyries,76,9,Liberty,67,Chase Center,0,2026,2,0.5909090909090909,2.227272727272727,0.6,2.2,0.5454545454545454,1.2954545454545454,0.7,6.5,0,0,0,0.40909090909090906,0.4545454545454546,0.44431818181818183,0.4676136363636363,0.3420855213803451,0.2745686421605401,0.3083270817704426,143,165.0735183795949,18.70236281259332,169.74910908274325,0.6404175249384734,9,0.7254313578394599,0.5671417854463616,0.4328582145536384,0.09902475618904726,0.2365716429107277,0.3532502705571367,0.1462490622655664,0.4125772623091605,0.28083270817704425,0.5729182295573894,0.39186741294298344,0.33758439609902474,0.19654913728432108
401857321,2026-06-30 23:00:00+00:00,6,30,2026,9,Liberty,93,17,Aces,85,Barclays Center,0,2026,2,0.5454545454545454,1.3181818181818181,0.6,4.1,0.7954545454545454,6.886363636363637,0.8,4.5,0,0,0,0.4545454545454546,0.20454545454545459,0.46704545454545454,0.3278409090909091,0.3583208395802099,0.08395802098950525,0.22113943028485755,178,165.0569715142429,18.70511221376179,169.73324956768334,0.0930432527150612,8,0.9160419790104948,0.6319340329835083,0.36806596701649175,0.7736131934032984,0.22361319340329833,0.4332401340559106,0.13317091454272864,0.7440810505322785,0.27211394302848574,0.5947151424287855,0.24406150441402458,0.08245877061469266,0.780359820089955
401857034,2026-07-02 23:30:00+00:00,7,2,2026,16,Mystics,81,20,Dream,76,CareFirst Arena,0,2026,2,0.36363636363636365,-5.159090909090909,0.5,-5.2,0.6818181818181818,6.659090909090909,0.6,5.2,0,0,0,0.6363636363636364,0.31818181818181823,0.6289772727272728,0.33352272727272725,0.7108614232209738,0.20599250936329588,0.45842696629213486,157,165.06666666666666,18.7014552317756,169.74203047461057,0.20714220944513395,5,0.7940074906367041,0.8157303370786517,0.18426966292134828,0.32808988764044944,0.18685393258426966,0.40413664099650715,0.16876404494382025,0.6122217972705183,0.2958426966292135,0.5353932584269663,0.3349116983641038,0.2149812734082397,0.5610486891385768
401857035,2026-07-03 00:00:00+00:00,7,3,2026,18,Sun,83,3,Wings,86,PeoplesBank Arena,0,2026,2,0.29545454545454547,-6.0,0.3,-1.2,0.38636363636363635,-2.272727272727273,0.5,-0.3,0,0,0,0.7045454545454546,0.6136363636363636,0.65,0.5568181818181819,0.7941616766467066,0.5890718562874252,0.6916167664670658,169,165.06062874251498,18.695752267903362,169.73456680949081,0.0007715767242545413,3,0.4109281437125748,0.9154191616766467,0.08458083832335328,0.5980538922155688,0.16691616766467066,0.2544771796227904,0.20374251497005988,0.647581798086748,0.3191616766467066,0.4770958083832335,0.35711962544276027,0.26047904191616766,0.6324850299401198
401857036,2026-07-03 02:00:00+00:00,7,3,2026,11,Mercury,90,14,Storm,67,Mortgage Matchup Center,0,2026,2,0.4772727272727273,-0.4318181818181818,0.5,-0.8,0.3409090909090909,-2.409090909090909,0.2,-4.4,0,0,0,0.5227272727272727,0.6590909090909092,0.5107954545454546,0.5602272727272728,0.5362752430815259,0.8040388930441287,0.6701570680628273,157,165.0635751682872,18.689064578340854,169.73584131287242,0.2072073373197243,23,0.46372475691847415,0.11593118922961855,0.8840688107703815,0.3275991024682124,0.3268137621540763,0.2234051860375739,0.20052356020942408,0.3247991301895351,0.3170157068062827,0.4824607329842932,0.6451381221648249,0.843679880329095,0.08975317875841436
401857037,2026-07-03 23:30:00+00:00,7,3,2026,9,Liberty,99,8,Lynx,86,Barclays Center,0,2026,2,0.5681818181818182,1.6590909090909092,0.6,4.1,0.7272727272727273,8.795454545454545,0.8,10.4,0,0,0,0.43181818181818177,0.2727272727272727,0.45852272727272725,0.2801136363636363,0.33557548579970103,0.04633781763826607,0.19095665171898354,185,165.0575485799701,18.683374647715084,169.72839224189886,0.2839916054232797,13,0.953662182361734,0.3684603886397608,0.6315396113602392,0.8707025411061285,0.2763079222720478,0.4174480908747634,0.12864349775784753,0.6839649195099823,0.26909566517189837,0.602260837070254,0.32148395816531095,0.18460388639760836,0.6853512705530643
401857038,2026-07-04 02:00:00+00:00,7,4,2026,17,Aces,98,19,Sky,90,T-Mobile Arena,0,2026,2,0.7727272727272727,6.636363636363637,0.7,3.2,0.20454545454545456,-8.386363636363637,0.3,-1.3,0,0,0,0.2272727272727273,0.7954545454545454,0.3340909090909091,0.709659090909091,0.15011202389843167,0.8469006721433906,0.49850634802091115,188,165.0724421209858,18.684341403640403,169.7435274718959,0.37958231232143314,8,0.8498879761015683,0.6318147871545929,0.36818521284540706,0.8999253174010455,0.2236370425690814,0.40754706704868754,0.1747759522031367,0.7794674541280006,0.2998506348020911,0.5253734129947722,0.43864441133119103,0.44286781179985063,0.8274831964152353
401857039,2026-07-04 17:00:00+00:00,7,4,2026,20,Dream,83,129689,Valkyries,88,Gateway Center,0,2026,2,0.6590909090909091,6.454545454545454,0.5,1.5,0.5909090909090909,2.2045454545454546,0.7,3.4,0,0,0,0.34090909090909094,0.40909090909090906,0.3386363636363636,0.4448863636363637,0.30597014925373134,0.2791044776119403,0.29253731343283584,171,165.08955223880596,18.68786201002826,169.76151774131304,0.002193580518932703,5,0.7208955223880598,0.8156716417910448,0.1843283582089552,0.6395522388059701,0.18686567164179105,0.37440588104254846,0.1438805970149254,0.7206926463694004,0.2792537313432836,0.576865671641791,0.22054472929061447,0.05895522388059701,0.7455223880597015
401857040,2026-07-05 01:00:00+00:00,7,5,2026,14,Storm,72,132052,Fire,77,Climate Pledge Arena,0,2026,2,0.3409090909090909,-2.6818181818181817,0.2,-6.3,0.36363636363636365,-7.863636363636363,0.2,-13.8,0,0,0,0.6590909090909092,0.6363636363636364,0.5670454545454545,0.696590909090909,0.8314690529455631,0.9231916480238628,0.877330350484713,149,165.09395973154363,18.68158485626048,169.76435594560874,0.4608183226904701,5,0.16853094705443694,0.8158090976882924,0.18419090231170765,0.17747949291573453,0.18683818046234152,0.1498376477313612,0.23159955257270695,0.2714533693456354,0.3377330350484713,0.4306674123788218,0.5467702616631238,0.6890380313199105,0.03803131991051454
401857041,2026-07-05 19:00:00+00:00,7,5,2026,131935,Tempo,76,3,Wings,89,Coca-Cola Coliseum,0,2026,2,0.42857142857142855,-1.5714285714285714,0.4,-2.6,0.4090909090909091,-1.7727272727272727,0.5,-0.8,0,0,0,0.5714285714285714,0.5909090909090908,0.5392857142857144,0.5443181818181818,0.6557377049180327,0.5745156482861401,0.6151266766020864,165,165.08196721311475,18.67978493199429,169.75191344611332,0.031838756376983746,13,0.4254843517138599,0.368107302533532,0.631892697466468,0.5007451564828614,0.2763785394932936,0.2263069500556369,0.19226900149031295,0.44992781699051715,0.31151266766020863,0.49621833084947836,0.5082013184845549,0.6087928464977646,0.2503725782414307
401857042,2026-07-05 23:00:00+00:00,7,5,2026,17,Aces,68,5,Fever,84,T-Mobile Arena,0,2026,2,0.7727272727272727,6.386363636363637,0.7,3.0,0.5454545454545454,3.3181818181818183,0.6,4.1,0,0,0,0.2272727272727273,0.4545454545454546,0.3403409090909091,0.4170454545454545,0.1533879374534624,0.3261355174981385,0.23976172747580046,152,165.08190618019358,18.67282408753448,169.75011220207722,0.36352250061356195,16,0.8466120625465376,0.2680565897244974,0.7319434102755026,0.23008190618019358,0.2963886820551005,0.36820404635269943,0.13596425912137006,0.42679689881281524,0.27397617274758007,0.5900595681310499,0.39143482305369004,0.33730454206999255,0.21742367833209233
401857043,2026-07-06 23:30:00+00:00,7,6,2026,16,Mystics,49,129689,Valkyries,62,CareFirst Arena,0,2026,2,0.36363636363636365,-5.159090909090909,0.6,-1.5,0.6136363636363636,3.022727272727273,0.8,4.4,0,0,0,0.6363636363636364,0.38636363636363635,0.6289772727272728,0.4244318181818182,0.6168154761904762,0.18824404761904762,0.40252976190476186,111,165.07217261904762,18.669281438730707,169.7394929787303,0.9929141676299909,13,0.8117559523809523,0.36904761904761907,0.6309523809523809,0.0,0.2761904761904762,0.36615929705215416,0.16037946428571428,0.35932947980779617,0.2902529761904762,0.5493675595238096,0.5635156416254087,0.7254464285714286,0.12276785714285714
401857044,2026-07-07 00:00:00+00:00,7,7,2026,8,Lynx,89,18,Sun,90,Target Center,0,2026,2,0.7045454545454546,7.295454545454546,0.7,8.8,0.29545454545454547,-5.886363636363637,0.2,-1.8,0,0,0,0.2954545454545454,0.7045454545454546,0.3176136363636364,0.647159090909091,0.11672862453531599,0.8312267657992565,0.4739776951672862,179,165.03197026022306,18.720485208126586,169.7120915622547,0.11580310800888893,1,0.883271375464684,1.0,0.0,0.7881040892193308,0.15,0.46039033457249073,0.17109665427509294,0.8999340114149887,0.29739776951672864,0.5315055762081784,0.27173531231469095,0.11301115241635688,0.9055762081784386
401857045,2026-07-07 02:00:00+00:00,7,7,2026,6,Sparks,64,14,Storm,82,crypto.com Arena,0,2026,2,0.5681818181818182,-1.6590909090909092,0.4,-7.4,0.3181818181818182,-3.159090909090909,0.2,-4.8,0,0,0,0.43181818181818177,0.6818181818181819,0.5414772727272728,0.5789772727272727,0.6448736998514116,0.8268945022288261,0.7358841010401189,146,165.04234769687963,18.71739715528332,169.72169698570045,0.5520626068862489,18,0.35512630014858837,0.2065378900445765,0.7934621099554235,0.13224368499257058,0.3086924219910847,0.1918815090223854,0.21038261515601786,0.21530154346178598,0.3235884101040119,0.46602897473997024,0.7158428307399991,0.8989598811292719,0.015601783060921248
401857046,2026-07-08 00:00:00+00:00,7,8,2026,9,Liberty,77,3,Wings,88,Barclays Center,0,2026,2,0.5909090909090909,2.3181818181818183,0.6,4.5,0.4318181818181818,-1.3863636363636365,0.6,2.9,0,0,0,0.40909090909090906,0.5681818181818181,0.4420454545454545,0.5346590909090909,0.30438010393466963,0.45434298440979953,0.37936154417223455,165,165.02821083890126,18.717635326214218,169.70761967045482,0.03113299931401392,11,0.6956198960653304,0.4580549368968077,0.5419450631031923,0.5011135857461024,0.25838901262063846,0.33210077771880536,0.1569042316258352,0.5370720684475996,0.2879361544172235,0.5551596139569412,0.37153668512367255,0.2947290274684484,0.41573867854491464
401857047,2026-07-08 02:00:00+00:00,7,8,2026,11,Mercury,66,19,Sky,77,Mortgage Matchup Center,0,2026,2,0.4772727272727273,-0.06818181818181818,0.5,1.1,0.20454545454545456,-7.7272727272727275,0.2,-2.6,0,0,0,0.5227272727272727,0.7954545454545454,0.5017045454545455,0.6931818181818181,0.5111275964391692,0.8961424332344213,0.7036350148367952,143,165.02818991097922,18.710686154699022,169.70586144965398,0.6388999472802412,11,0.48887240356083084,0.45845697329376855,0.5415430267062314,0.09866468842729971,0.2583086053412463,0.2554653668694803,0.20554525222551928,0.2913731671670575,0.32036350148367954,0.47409124629080124,0.6384006721680889,0.8330860534124629,0.05341246290801187
401857048,2026-07-08 23:00:00+00:00,7,8,2026,131935,Tempo,75,129689,Valkyries,83,Coca-Cola Coliseum,0,2026,2,0.4090909090909091,-2.090909090909091,0.4,-2.4,0.6136363636363636,3.272727272727273,0.8,5.1,0,0,0,0.5909090909090908,0.38636363636363635,0.5522727272727272,0.4181818181818182,0.6708673091178651,0.17865085248332097,0.424759080800593,158,165.01186063750927,18.713358068506793,169.69020015463596,0.17726727574147683,8,0.821349147516679,0.6323202372127502,0.3676797627872498,0.346182357301705,0.22353595255744996,0.39652044646639933,0.16371386212008895,0.5658587382693518,0.2924759080800593,0.5438102297998517,0.3675469161827498,0.2839140103780578,0.46627131208302447
401857049,2026-07-08 23:30:00+00:00,7,8,2026,18,Sun,80,8,Lynx,86,Mohegan Sun Arena,0,2026,2,0.3181818181818182,-5.5227272727272725,0.3,-0.1,0.6818181818181818,7.181818181818182,0.6,6.7,0,0,0,0.6818181818181819,0.31818181818181823,0.6380681818181818,0.32045454545454555,0.7718518518518519,0.1748148148148148,0.4733333333333334,166,165.00666666666666,18.707394192661212,169.68351521483197,0.019198430299879,6,0.8251851851851852,0.7496296296296296,0.25037037037037035,0.5370370370370371,0.20007407407407407,0.41003610425240056,0.171,0.6818586494335214,0.29733333333333334,0.5316666666666666,0.3293819439269583,0.20222222222222222,0.6807407407407408
401857050,2026-07-09 02:00:00+00:00,7,9,2026,6,Sparks,106,5,Fever,92,crypto.com Arena,0,2026,2,0.5454545454545454,-2.159090909090909,0.4,-8.2,0.5681818181818182,4.4772727272727275,0.7,6.5,0,0,0,0.4545454545454546,0.43181818181818177,0.5539772727272727,0.3880681818181818,0.6757957068837898,0.22057735011102886,0.4481865284974093,198,165.00740192450036,18.700483772327328,169.68252286758218,0.6822525392518831,14,0.7794226498889711,0.32642487046632124,0.6735751295336787,0.9578090303478904,0.28471502590673575,0.3502831523760945,0.16722797927461142,0.6858565135304724,0.29481865284974096,0.5379533678756476,0.5537776782179501,0.7061435973353072,0.689859363434493
401857051,2026-07-10 00:00:00+00:00,7,10,2026,20,Dream,89,14,Storm,78,Gateway Center,0,2026,2,0.6590909090909091,6.386363636363637,0.4,0.3,0.3409090909090909,-2.7045454545454546,0.3,-2.0,0,0,0,0.34090909090909094,0.6590909090909092,0.3403409090909091,0.5676136363636364,0.3927514792899408,0.7433431952662722,0.5680473372781065,167,165.03180473372782,18.715083598676234,169.71057563339687,0.01043359520891285,11,0.6072485207100592,0.45857988165680474,0.5414201183431953,0.5576923076923077,0.25828402366863906,0.2993745623402542,0.18520710059171597,0.5408201466214533,0.30680473372781064,0.5079881656804734,0.45660395604413667,0.49038461538461536,0.4223372781065089
401857052,2026-07-10 02:00:00+00:00,7,10,2026,11,Mercury,89,5,Fever,92,Mortgage Matchup Center,0,2026,2,0.4772727272727273,0.18181818181818182,0.4,-0.6,0.5454545454545454,3.659090909090909,0.6,4.9,0,0,0,0.5227272727272727,0.4545454545454546,0.49545454545454537,0.4085227272727272,0.5750184774575019,0.31116038433111604,0.44308943089430897,181,165.03325942350332,18.708237579942974,169.71031881848907,0.16646721888572635,3,0.688839615668884,0.9157427937915743,0.0842572062084257,0.8203991130820399,0.16685144124168513,0.3702677223809126,0.16646341463414635,0.8337509088293553,0.2943089430894309,0.5392276422764227,0.29143442012597803,0.13895048041389504,0.8691796008869179
401857053,2026-07-10 02:00:00+00:00,7,10,2026,132052,Fire,80,17,Aces,88,Moda Center,0,2026,2,0.391304347826087,-7.304347826086956,0.3,-11.5,0.75,5.9772727272727275,0.6,-0.2,0,0,0,0.6086956521739131,0.25,0.682608695652174,0.35056818181818183,0.8714918759231906,0.24372230428360414,0.5576070901033974,168,165.04505169867062,18.706355992170813,169.72164069671334,0.004226270705131818,8,0.7562776957163959,0.6322008862629247,0.3677991137370753,0.5797636632200887,0.22355982274741504,0.37124621178236594,0.18364106351550963,0.6386922294484344,0.30576070901033975,0.5105982274741505,0.3979478264704312,0.34933530280649927,0.6100443131462334
401857054,2026-07-10 23:30:00+00:00,7,10,2026,18,Sun,64,129689,Valkyries,79,Mohegan Sun Arena,0,2026,2,0.29545454545454547,-6.363636363636363,0.3,-0.2,0.6136363636363636,3.4318181818181817,0.8,5.5,0,0,0,0.7045454545454546,0.38636363636363635,0.6590909090909091,0.41420454545454555,0.7918819188191882,0.17121771217712178,0.481549815498155,143,165.04723247232474,18.699619209579843,169.7221372747197,0.6397833590598182,15,0.8287822878228782,0.2952029520295203,0.7047970479704797,0.0981549815498155,0.29095940959409594,0.36472420037853515,0.17223247232472327,0.3826060346857741,0.2981549815498155,0.5296125461254613,0.5753650443893155,0.7416974169741697,0.15719557195571957
401857055,2026-07-10 23:30:00+00:00,7,10,2026,131935,Tempo,95,3,Wings,108,Bell Centre,0,2026,2,0.391304347826087,-2.347826086956522,0.3,-4.9,0.4318181818181818,-1.6818181818181819,0.6,2.5,0,0,0,0.6086956521739131,0.5681818181818181,0.558695652173913,0.5420454545454546,0.7536873156342183,0.46607669616519176,0.609882005899705,203,165.03097345132744,18.702303647105072,169.7065493631037,0.7949535761295362,13,0.5339233038348082,0.3687315634218289,0.6312684365781711,0.9697640117994101,0.2762536873156342,0.26558714247178494,0.19148230088495577,0.68973491864451,0.3109882005899705,0.4975294985250737,0.651970863589443,0.855457227138643,0.6998525073746312
401857056,2026-07-11 02:00:00+00:00,7,11,2026,6,Sparks,102,19,Sky,87,crypto.com Arena,0,2026,2,0.5454545454545454,-2.272727272727273,0.5,-6.0,0.22727272727272727,-6.954545454545454,0.3,0.2,0,0,0,0.4545454545454546,0.7727272727272727,0.5568181818181819,0.6738636363636363,0.5880619012527635,0.8084008843036109,0.6982313927781871,189,165.05895357406044,18.723797497022204,169.739902948316,0.41083728161590116,15,0.4119380987472365,0.2955047899778924,0.7044952100221076,0.9064112011790715,0.2908990420044215,0.21696294602782915,0.20473470891672807,0.6300253946632003,0.3198231392778187,0.47544215180545324,0.641395156779808,0.8371407516580692,0.5910095799557848
401857057,2026-07-11 17:00:00+00:00,7,11,2026,8,Lynx,90,9,Liberty,85,Target Center,0,2026,2,0.6818181818181818,7.2272727272727275,0.6,4.9,0.5681818181818182,1.8636363636363635,0.5,2.0,0,0,0,0.31818181818181823,0.43181818181818177,0.31931818181818183,0.4534090909090909,0.18924889543446244,0.41310751104565535,0.3011782032400589,175,165.07658321060384,18.728169022084014,169.75862546612484,0.038405505811060725,5,0.8107511045655376,0.8166421207658321,0.1833578792341679,0.7231222385861561,0.18667157584683358,0.4110363015436805,0.14517673048600885,0.777920123580133,0.2801178203240059,0.5747054491899852,0.23002614981592934,0.07142857142857142,0.8254786450662739
401857059,2026-07-11 20:00:00+00:00,7,11,2026,20,Dream,92,132052,Fire,102,Gateway Center,0,2026,2,0.6590909090909091,6.568181818181818,0.5,2.8,0.375,-7.333333333333333,0.3,-11.7,0,0,0,0.34090909090909094,0.625,0.33579545454545445,0.6833333333333333,0.2862398822663723,0.8756438557763061,0.5809418690213393,194,165.08388520971303,18.723207408057373,169.7646870617274,0.567310636903527,10,0.7137601177336277,0.5091979396615158,0.49080206033848417,0.9345106696100074,0.24816041206769685,0.34350051519291175,0.18714128035320088,0.733633979836783,0.3080941869021339,0.5047645327446653,0.5506193517263621,0.6975717439293598,0.7682119205298014
401857058,2026-07-11 22:00:00+00:00,7,11,2026,17,Aces,106,11,Mercury,58,Michelob ULTRA Arena,0,2026,2,0.75,5.659090909090909,0.6,0.3,0.45454545454545453,-0.09090909090909091,0.4,-0.3,0,0,0,0.25,0.5454545454545454,0.35852272727272727,0.5022727272727272,0.225,0.575,0.39999999999999997,164,165.10514705882352,18.732734782818167,169.78833075452806,0.04661751700409045,48,0.775,0.005147058823529412,0.9948529411764706,0.48161764705882354,0.34897058823529414,0.3173768382352941,0.16,0.4327787305363322,0.29,0.55,0.5159661556618309,0.6235294117647059,0.22941176470588234
401857060,2026-07-12 19:00:00+00:00,7,12,2026,131935,Tempo,93,9,Liberty,91,Bell Centre,0,2026,2,0.375,-2.7916666666666665,0.2,-6.6,0.5454545454545454,1.5454545454545454,0.4,-0.7,0,0,0,0.625,0.4545454545454546,0.5697916666666667,0.4613636363636363,0.8215859030837004,0.5051395007342144,0.6633627019089574,184,165.10279001468427,18.719076569778608,169.78255915712893,0.25056252408890445,2,0.49486049926578557,0.9647577092511013,0.03524229074889873,0.8619676945668135,0.15704845814977975,0.2928668646134539,0.1995044052863436,0.8344178648832552,0.3163362701908957,0.48415932452276067,0.382309979833726,0.3201174743024963,0.8700440528634361
401857061,2026-07-12 19:00:00+00:00,7,12,2026,16,Mystics,84,14,Storm,79,CareFirst Arena,0,2026,2,0.36363636363636365,-5.0227272727272725,0.6,-2.6,0.3409090909090909,-2.8636363636363638,0.3,-2.6,0,0,0,0.6363636363636364,0.6590909090909092,0.6255681818181819,0.571590909090909,0.6267450404114622,0.748714180749449,0.6877296105804556,163,165.104335047759,18.725870442801895,169.7858026584595,0.0635490342234224,5,0.3732549595885378,0.8170462894930198,0.18295371050698017,0.4577516531961793,0.18659074210139603,0.2331454456328034,0.20315944158706833,0.5257532605237182,0.31877296105804553,0.47806759735488613,0.40001252490110434,0.3541513592946363,0.39162380602498165
401857062,2026-07-12 23:00:00+00:00,7,12,2026,3,Wings,96,19,Sky,91,American Airlines Center,0,2026,2,0.45454545454545453,-1.1590909090909092,0.7,3.9,0.22727272727272727,-6.431818181818182,0.3,-0.6,0,0,0,0.5454545454545454,0.7727272727272727,0.5289772727272728,0.6607954545454545,0.3947175348495965,0.80997798972854,0.6023477622890683,187,165.11665443873807,18.71920284160466,169.79645514913923,0.34446909598933473,5,0.6052824651504035,0.8165810711665444,0.18341892883345556,0.8892149669845928,0.18668378576669112,0.3274746429722964,0.19035216434336025,0.812423613539276,0.31023477622890683,0.49941305942773295,0.42329370711799585,0.40645634629493765,0.8495964783565664
401857063,2026-07-13 01:00:00+00:00,7,13,2026,17,Aces,75,5,Fever,109,Michelob ULTRA Arena,0,2026,2,0.75,6.5227272727272725,0.7,8.1,0.5681818181818182,3.75,0.6,4.4,0,0,0,0.25,0.43181818181818177,0.33693181818181817,0.40625,0.11217008797653959,0.30425219941348974,0.20821114369501467,184,165.13269794721407,18.721713447702058,169.8131263091396,0.24957275872779572,34,0.8878299120234604,0.022727272727272728,0.9772727272727273,0.8607038123167156,0.34545454545454546,0.35601706211676887,0.1312316715542522,0.5717407010134541,0.27082111436950146,0.5979472140762463,0.4219172126572396,0.4039589442815249,0.4802052785923754
401857064,2026-07-13 23:00:00+00:00,7,13,2026,20,Dream,101,6,Sparks,92,Gateway Center,0,2026,2,0.6363636363636364,5.818181818181818,0.4,-0.7,0.5454545454545454,-2.090909090909091,0.5,-6.2,0,0,0,0.36363636363636365,0.4545454545454546,0.3545454545454545,0.5522727272727272,0.4315018315018315,0.5802197802197803,0.5058608058608058,193,165.14652014652015,18.72181549276365,169.82697401971106,0.5351400338334953,9,0.5684981684981685,0.5663003663003663,0.4336996336996337,0.9274725274725275,0.23673992673992675,0.2932819841940721,0.1758791208791209,0.7365636759631929,0.3005860805860806,0.5235347985347986,0.4893197668262378,0.5736263736263736,0.7706959706959707
401857065,2026-07-14 01:00:00+00:00,7,14,2026,8,Lynx,104,11,Mercury,100,Target Center,0,2026,2,0.6818181818181818,7.068181818181818,0.7,5.7,0.4318181818181818,-1.3636363636363635,0.4,-3.6,0,0,0,0.31818181818181823,0.5681818181818181,0.3232954545454545,0.5340909090909091,0.15592972181551976,0.6537335285505125,0.40483162518301613,204,165.16691068814055,18.730123909305874,169.84944166546703,0.8102796227193935,4,0.8440702781844802,0.863103953147877,0.13689604685212298,0.9707174231332357,0.1773792093704246,0.42943695885647887,0.16072474377745244,0.9020396514106984,0.29048316251830164,0.548792093704246,0.3921663765574036,0.3411420204978038,0.9084919472913616
401857066,2026-07-14 15:00:00+00:00,7,14,2026,18,Sun,90,132052,Fire,87,Mohegan Sun Arena,0,2026,2,0.29545454545454547,-6.340909090909091,0.3,-0.8,0.4,-6.64,0.4,-9.0,0,0,0,0.7045454545454546,0.6,0.6585227272727272,0.666,0.7959034381858083,0.7841989758595465,0.7900512070226774,177,165.1953182150695,18.75270307575862,169.88349398400916,0.06947579903186951,3,0.21580102414045355,0.9158741770299926,0.08412582297000737,0.7549378200438918,0.16682516459400146,0.17321747492493403,0.21850768105340163,0.6928732247093683,0.32900512070226773,0.4524871982443306,0.40034687941145375,0.3562545720555962,0.7022677395757132
401857067,2026-07-14 23:00:00+00:00,7,14,2026,131935,Tempo,62,16,Mystics,79,Coca-Cola Coliseum,0,2026,2,0.4,-2.6,0.3,-6.3,0.38636363636363635,-4.75,0.6,-2.2,0,0,0,0.6,0.6136363636363636,0.5650000000000001,0.61875,0.7719298245614035,0.5942982456140351,0.6831140350877193,141,165.20394736842104,18.74855953860585,169.8910872530725,0.6949574759943731,17,0.4057017543859649,0.23538011695906433,0.7646198830409356,0.07967836257309942,0.30292397660818715,0.21111008515440646,0.2024671052631579,0.21130887551545324,0.31831140350877196,0.4792214912280701,0.7114561831406055,0.8983918128654971,0.014619883040935672
401857068,2026-07-15 16:00:00+00:00,7,15,2026,19,Sky,95,14,Storm,90,Wintrust Arena,0,2026,2,0.22727272727272727,-6.204545454545454,0.3,-0.3,0.3409090909090909,-2.8863636363636362,0.3,-2.7,0,0,0,0.7727272727272727,0.6590909090909092,0.6551136363636363,0.5721590909090909,0.8093498904309715,0.75018261504748,0.7797662527392257,185,165.1862673484295,18.753118684614375,169.8745470195831,0.2776654139913288,5,0.24981738495252004,0.8159240321402483,0.18407596785975167,0.8670562454346238,0.18681519357195034,0.18289233155529327,0.21696493791088386,0.7423949585265386,0.3279766252739226,0.45505843681519353,0.4754554860920541,0.5368882395909423,0.7794010226442659
401857069,2026-07-15 17:00:00+00:00,7,15,2026,8,Lynx,96,6,Sparks,87,Target Center,0,2026,2,0.6818181818181818,7.0227272727272725,0.7,2.8,0.5227272727272727,-2.6363636363636362,0.4,-7.6,0,0,0,0.31818181818181823,0.4772727272727273,0.3244318181818182,0.5659090909090909,0.17664233576642335,0.67007299270073,0.4233576642335767,183,165.2007299270073,18.753909731551747,169.88920735989524,0.2168006029449664,9,0.8233576642335767,0.5656934306569343,0.43430656934306566,0.8452554744525548,0.23686131386861314,0.39048191166284835,0.1635036496350365,0.7309048090635554,0.2923357664233577,0.5441605839416058,0.39278558742168007,0.34087591240875914,0.762043795620438
401857070,2026-07-16 00:00:00+00:00,7,16,2026,5,Fever,75,129689,Valkyries,88,Gainbridge Fieldhouse,0,2026,2,0.5909090909090909,4.613636363636363,0.6,6.8,0.6136363636363636,3.6136363636363638,0.8,5.0,0,0,0,0.40909090909090906,0.38636363636363635,0.3846590909090909,0.4096590909090909,0.2414296134208607,0.17286652078774617,0.20714806710430345,163,165.2137126185266,18.75322614002608,169.90201915353313,0.06548567791138371,13,0.8271334792122538,0.36834427425237054,0.6316557257476294,0.4551422319474836,0.2763311451495259,0.3716522543400575,0.1310722100656455,0.5256763426402563,0.27071480671043036,0.5982129832239241,0.3035005734263332,0.1560904449307075,0.3887673231218089
401857071,2026-07-16 23:00:00+00:00,7,16,2026,16,Mystics,56,132052,Fire,75,CareFirst Arena,0,2026,2,0.38636363636363635,-4.613636363636363,0.7,1.7,0.38461538461538464,-6.5,0.4,-7.7,0,0,0,0.6136363636363636,0.6153846153846154,0.6153409090909091,0.6625,0.5058309037900874,0.7806122448979592,0.6432215743440233,131,165.21209912536443,18.746480907873416,169.8987193523328,0.8838400553619847,19,0.49416909620991256,0.18221574344023322,0.8177842565597668,0.018221574344023325,0.3135568513119534,0.23825381006213397,0.1964832361516035,0.2065304163051645,0.31432215743440234,0.4891946064139941,0.7453679910539039,0.9081632653061225,0.013848396501457727
401857075,2026-07-17 23:30:00+00:00,7,17,2026,19,Sky,96,6,Sparks,82,Wintrust Arena,0,2026,2,0.25,-5.704545454545454,0.4,0.3,0.5,-2.8863636363636362,0.3,-9.4,0,0,0,0.75,0.5,0.6426136363636363,0.5721590909090909,0.7483636363636363,0.7556363636363637,0.752,178,165.25236363636364,18.828294655511836,169.9594373002416,0.08715070551303672,14,0.25163636363636366,0.3265454545454545,0.6734545454545455,0.7672727272727272,0.2846909090909091,0.16152979834710746,0.2128,0.5492851546590533,0.3252,0.462,0.5849770883149924,0.7607272727272727,0.4334545454545455
401857074,2026-07-17 23:30:00+00:00,7,17,2026,131935,Tempo,92,20,Dream,111,Coca-Cola Coliseum,0,2026,2,0.38461538461538464,-3.1538461538461537,0.3,-5.5,0.6363636363636364,5.659090909090909,0.4,-0.5,0,0,0,0.6153846153846154,0.36363636363636365,0.5788461538461538,0.35852272727272727,0.7765647743813683,0.40975254730713245,0.5931586608442504,203,165.22489082969432,18.80756051841303,169.9267809592976,0.7869381344247168,19,0.5902474526928676,0.1826783114992722,0.8173216885007278,0.9679767103347889,0.3134643377001456,0.2712665291576353,0.18897379912663756,0.6365468877529373,0.3093158660844251,0.5017103347889373,0.6991150852031812,0.8922852983988355,0.6011644832605532
401857073,2026-07-17 23:30:00+00:00,7,17,2026,5,Fever,110,14,Storm,107,Gainbridge Fieldhouse,0,2026,2,0.5681818181818182,4.181818181818182,0.5,3.3,0.3409090909090909,-2.909090909090909,0.3,-2.7,0,0,0,0.43181818181818177,0.6590909090909092,0.3954545454545455,0.5727272727272728,0.3743627093954843,0.7501820830298617,0.562272396212673,217,165.18718135469774,18.762379671996662,169.8777762726969,0.957313988662407,3,0.6256372906045157,0.9162418062636563,0.08375819373634374,0.9898033503277495,0.16675163874726875,0.3439804596926789,0.18434085943190096,0.9037743293498945,0.3062272396212673,0.5094319009468318,0.48856061953230523,0.5717407137654771,0.9089584850691915
401857076,2026-07-18 02:00:00+00:00,7,18,2026,11,Mercury,83,18,Sun,96,Mortgage Matchup Center,0,2026,2,0.4090909090909091,-1.5454545454545454,0.4,-3.1,0.29545454545454547,-6.636363636363637,0.4,-0.1,0,0,0,0.5909090909090908,0.7045454545454546,0.5386363636363637,0.6659090909090909,0.6715116279069767,0.7398255813953488,0.7056686046511628,179,165.26162790697674,18.824583809543757,169.9677738593627,0.10873090621928894,13,0.3284883720930233,0.3699127906976744,0.6300872093023255,0.7819767441860465,0.2760174418604651,0.19130818178745274,0.2058502906976744,0.5779748380854537,0.3205668604651163,0.47358284883720925,0.5585599152840113,0.715843023255814,0.49273255813953487
401857077,2026-07-19 00:00:00+00:00,7,19,2026,5,Fever,108,9,Liberty,88,Gainbridge Fieldhouse,0,2026,2,0.5909090909090909,4.363636363636363,0.6,4.3,0.5227272727272727,1.25,0.3,-1.0,0,0,0,0.40909090909090906,0.4772727272727273,0.3909090909090909,0.46875,0.280319535221496,0.5838779956427015,0.43209876543209874,196,165.2716049382716,18.82138387844068,169.97695090788176,0.6155093204533626,20,0.719680464778504,0.15758896151053015,0.8424110384894699,0.944081336238199,0.318482207697894,0.3133892999896104,0.1648148148148148,0.6261353565233136,0.29320987654320985,0.5419753086419754,0.5826351530203264,0.7538126361655774,0.579520697167756
401857078,2026-07-19 00:00:00+00:00,7,19,2026,8,Lynx,101,132052,Fire,93,Target Center,0,2026,2,0.7045454545454546,7.454545454545454,0.7,2.1,0.4074074074074074,-5.555555555555555,0.4,-5.9,0,0,0,0.2954545454545454,0.5925925925925926,0.3136363636363637,0.6388888888888888,0.17126269956458637,0.7416545718432511,0.45645863570391876,194,165.29390420899855,18.832749500182963,170.0020915840443,0.5559753936077995,8,0.8287373004354136,0.6328011611030478,0.36719883889695215,0.9317851959361393,0.22343976777939042,0.39943823846006393,0.1684687953555878,0.7893345418938897,0.2956458635703919,0.5358853410740203,0.4468348143165659,0.4702467343976778,0.8345428156748912
401857079,2026-07-19 00:30:00+00:00,7,19,2026,129689,Valkyries,74,16,Mystics,69,Chase Center,0,2026,2,0.6363636363636364,4.454545454545454,0.8,5.2,0.38636363636363635,-4.681818181818182,0.6,-0.9,0,0,0,0.36363636363636365,0.6136363636363636,0.38863636363636367,0.6170454545454546,0.1660623640319072,0.5685279187817259,0.36729514140681657,143,165.31472081218274,18.84177897916732,170.02516555697457,0.6425067665100919,5,0.8339376359680928,0.8165337200870196,0.18346627991298037,0.09789702683103699,0.18669325598259606,0.4204542261131307,0.15509427121102248,0.5374646794056908,0.28672951414068165,0.5581762146482958,0.3572697276898479,0.25888324873096447,0.41189267585206674
401857080,2026-07-19 17:00:00+00:00,7,19,2026,3,Wings,90,6,Sparks,82,College Park Center,0,2026,2,0.4772727272727273,-0.45454545454545453,0.7,1.4,0.5,-2.8636363636363638,0.3,-8.8,0,0,0,0.5227272727272727,0.5,0.5113636363636364,0.571590909090909,0.4108695652173913,0.7456521739130435,0.5782608695652174,172,165.2985507246377,18.84452238726022,170.00968132145275,0.0055620435045559136,8,0.5891304347826087,0.6326086956521739,0.3673913043478261,0.6623188405797101,0.2234782608695652,0.3063884688090737,0.18673913043478263,0.6368599771239144,0.30782608695652175,0.5054347826086956,0.40640443566653595,0.3739130434782609,0.6028985507246377
401857081,2026-07-19 20:00:00+00:00,7,19,2026,20,Dream,93,19,Sky,91,Gateway Center,0,2026,2,0.6363636363636364,5.613636363636363,0.4,-0.3,0.2727272727272727,-5.2272727272727275,0.5,1.8,0,0,0,0.36363636363636365,0.7272727272727273,0.3596590909090909,0.6306818181818181,0.43157132512671975,0.6589427950760318,0.5452570601013758,184,165.30340333091962,18.838556554222155,170.01304246947515,0.24090374415565685,2,0.5684286748732803,0.9652425778421434,0.0347574221578566,0.8566256335988415,0.1569514844315713,0.3239113268360668,0.18178855901520635,0.8465749516449274,0.30452570601013756,0.513685734974656,0.33446884670143384,0.21288921071687184,0.8776249094858798
401857082,2026-07-19 23:00:00+00:00,7,19,2026,11,Mercury,72,18,Sun,63,Mortgage Matchup Center,0,2026,2,0.38636363636363635,-2.227272727272727,0.4,-3.4,0.3181818181818182,-6.136363636363637,0.5,2.2,0,0,0,0.6136363636363636,0.6818181818181819,0.5556818181818182,0.6534090909090909,0.6989869753979739,0.6468885672937771,0.6729377713458755,135,165.31693198263386,18.838449285009403,170.02654430388623,0.8224529294545693,9,0.3531114327062229,0.5658465991316932,0.4341534008683068,0.03835021707670044,0.23683068017366135,0.21105883794328992,0.20094066570188135,0.2242281032823452,0.31729377713458756,0.48176555716353114,0.627216651919226,0.8198263386396527,0.01808972503617945
401857083,2026-07-21 00:00:00+00:00,7,21,2026,131935,Tempo,83,17,Aces,109,Coca-Cola Coliseum,0,2026,2,0.37037037037037035,-3.740740740740741,0.3,-5.2,0.7272727272727273,5.636363636363637,0.6,3.7,0,0,0,0.6296296296296297,0.2727272727272727,0.5935185185185186,0.3590909090909091,0.7866955892986262,0.210412147505423,0.4985538684020246,192,165.29501084598698,18.84926949827369,170.0073282205554,0.49372259117105655,26,0.789587852494577,0.07881417208966016,0.9211858279103399,0.9211858279103399,0.33423716558206795,0.329415406791172,0.1747830802603037,0.5997106919395143,0.29985538684020246,0.5253615328994938,0.6244379125954032,0.8170643528561099,0.5350686912509038
401892393,2026-07-21 00:00:00+00:00,7,21,2026,3,Wings,98,9,Liberty,99,College Park Center,0,2026,2,0.4772727272727273,-0.5,0.8,3.3,0.5227272727272727,1.0681818181818181,0.3,-2.7,0,0,0,0.5227272727272727,0.4772727272727273,0.5125,0.47329545454545463,0.3143063583815029,0.6076589595375722,0.46098265895953755,197,165.31430635838151,18.85612222683104,170.02833691508928,0.6404895031267481,1,0.6856936416184971,1.0,0.0,0.9494219653179191,0.15,0.37641979768786127,0.16914739884393065,0.9289012903454844,0.2960982658959538,0.5347543352601155,0.35484960879907906,0.25289017341040465,0.9176300578034682
401857085,2026-07-21 02:00:00+00:00,7,21,2026,14,Storm,102,8,Lynx,105,Climate Pledge Arena,0,2026,2,0.3409090909090909,-2.909090909090909,0.3,-1.0,0.7272727272727273,7.681818181818182,0.7,2.3,0,0,0,0.6590909090909092,0.2727272727272727,0.5727272727272728,0.3079545454545455,0.733044733044733,0.15079365079365079,0.44191919191919193,207,165.34199134199133,18.862563846849117,170.0576323037036,0.8530796836244839,3,0.8492063492063492,0.9155844155844156,0.08441558441558439,0.9761904761904762,0.16688311688311688,0.43705576169861887,0.1662878787878788,0.9285107413029491,0.2941919191919192,0.539520202020202,0.40511552551672525,0.37012987012987014,0.9163059163059163
401857084,2026-07-21 02:00:00+00:00,7,21,2026,129689,Valkyries,82,16,Mystics,90,Chase Center,0,2026,2,0.6590909090909091,4.704545454545454,0.9,6.3,0.36363636363636365,-5.181818181818182,0.5,-1.7,0,0,0,0.34090909090909094,0.6363636363636364,0.3823863636363637,0.6295454545454545,0.10613718411552346,0.6555956678700361,0.38086642599277976,172,165.33718411552346,18.86852777327795,170.05431605884294,0.0053025476105798,8,0.8938628158844766,0.6324909747292419,0.3675090252707581,0.6606498194945848,0.22350180505415163,0.4246912510263395,0.15712996389891698,0.700814530138963,0.28808664259927796,0.5547833935018051,0.31800599861298706,0.17689530685920576,0.711913357400722
401857086,2026-07-22 19:00:00+00:00,7,22,2026,6,Sparks,82,11,Mercury,86,crypto.com Arena,0,2026,2,0.4772727272727273,-3.090909090909091,0.3,-8.0,0.38636363636363635,-2.159090909090909,0.4,-4.5,0,0,0,0.5227272727272727,0.6136363636363636,0.5772727272727273,0.5539772727272727,0.7591925018024513,0.6950252343186734,0.7271088680605624,168,165.3720259552992,18.88890652631294,170.09425258687742,0.006127460492940995,4,0.30497476568132664,0.8615717375630858,0.1384282624369142,0.5717375630857967,0.17768565248738283,0.2076239974757884,0.20906633020908438,0.5845141712796937,0.32271088680605625,0.46822278298485936,0.3864022907450858,0.32444124008651765,0.5061283345349675
401857087,2026-07-22 19:00:00+00:00,7,22,2026,14,Storm,76,8,Lynx,86,Climate Pledge Arena,0,2026,2,0.3409090909090909,-2.75,0.3,-1.1,0.7272727272727273,7.636363636363637,0.8,3.1,0,0,0,0.6590909090909092,0.2727272727272727,0.56875,0.3090909090909091,0.7319884726224783,0.1138328530259366,0.4229106628242075,162,165.37391930835736,18.882227787751205,170.09447625529515,0.08778926266018106,10,0.8861671469740634,0.5064841498559077,0.49351585014409227,0.42363112391930835,0.24870317002881845,0.4080169671702282,0.16343659942363112,0.5724707394690761,0.29229106628242074,0.5442723342939482,0.3887768262741123,0.33069164265129686,0.47982708933717577
401857088,2026-07-22 23:00:00+00:00,7,22,2026,9,Liberty,95,19,Sky,94,Barclays Center,0,2026,2,0.5227272727272727,0.9090909090909091,0.4,-2.5,0.2727272727272727,-4.909090909090909,0.5,4.5,0,0,0,0.4772727272727273,0.7272727272727273,0.4772727272727273,0.6227272727272728,0.5665946724262059,0.6184305255579554,0.5925125989920806,189,165.37149028077755,18.875641695966884,170.09040070476928,0.39456049804537885,1,0.43340532757379413,1.0,0.0,0.9006479481641468,0.15,0.2691972642188625,0.1888768898488121,0.8573068556243362,0.3092512598992081,0.5018718502519798,0.3718887540817743,0.29517638588912887,0.8840892728581713
401857089,2026-07-22 23:30:00+00:00,7,22,2026,16,Mystics,100,17,Aces,99,CareFirst Arena,0,2026,2,0.38636363636363635,-4.9772727272727275,0.5,-1.4,0.7272727272727273,6.090909090909091,0.6,4.4,0,0,0,0.6136363636363636,0.2727272727272727,0.6244318181818181,0.3477272727272728,0.6510791366906474,0.1920863309352518,0.42158273381294964,199,165.3884892086331,18.879486237597565,170.1083607680325,0.6899241525871744,1,0.8079136690647482,1.0,0.0,0.9568345323741008,0.15,0.42836330935251793,0.16323741007194245,0.952986905439677,0.29215827338129496,0.5446043165467626,0.34221720843052716,0.22949640287769785,0.9223021582733812
401857090,2026-07-23 00:00:00+00:00,7,23,2026,5,Fever,123,18,Sun,88,Gainbridge Fieldhouse,0,2026,2,0.6136363636363636,5.113636363636363,0.7,8.0,0.3181818181818182,-5.9772727272727275,0.5,2.0,0,0,0,0.38636363636363635,0.6818181818181819,0.37215909090909094,0.6494318181818182,0.17181883537023723,0.6477354421279655,0.4097771387491014,211,165.41265276779296,18.89419874636426,170.13620245438403,0.9035553531716638,35,0.8281811646297628,0.019410496046010063,0.9805895039539899,0.98274622573688,0.34611790079079796,0.3361546291477357,0.1614665708123652,0.6054187262918854,0.2909777138749101,0.5475557153127246,0.6555994908526139,0.8598130841121495,0.5470884255930984
401857091,2026-07-23 02:00:00+00:00,7,23,2026,132052,Fire,97,3,Wings,101,Moda Center,0,2026,2,0.39285714285714285,-5.642857142857143,0.4,-3.4,0.4772727272727273,-0.45454545454545453,0.7,3.1,0,0,0,0.6071428571428572,0.5227272727272727,0.6410714285714285,0.5113636363636364,0.7255747126436781,0.36853448275862066,0.5470545977011494,198,165.44540229885058,18.92688741635931,170.17712415294042,0.6605665206130754,4,0.6314655172413793,0.860632183908046,0.13936781609195403,0.9533045977011494,0.17787356321839082,0.34178489149821645,0.1820581896551724,0.864383902783686,0.30470545977011493,0.5132363505747126,0.44349598465834383,0.46479885057471265,0.8879310344827587
401857320,2026-07-26 00:30:00+00:00,7,26,2026,133384,TEAM COOP,122,133383,TEAM SPOON,129,United Center,0,2026,2,,,,,,,,,0,0,0,,,,,0.0,0.0,0.0,251,165.46877243359654,18.94018282845579,170.2038181407105,0.99988819830307,7,1.0,0.6862885857860732,0.3137114142139268,0.9985642498205313,0.21274228284278535,0.4723546302943287,0.1,0.851364838756391,0.25,0.65,0.1784166733837887,0.02656137832017229,0.8779612347451543
401857092,2026-07-28 23:30:00+00:00,7,28,2026,16,Mystics,92,18,Sun,84,CareFirst Arena,0,2026,2,0.4090909090909091,-4.590909090909091,0.6,-1.1,0.3181818181818182,-6.5227272727272725,0.5,-1.1,0,0,0,0.5909090909090908,0.6818181818181819,0.6147727272727272,0.6630681818181818,0.5724533715925395,0.6915351506456241,0.6319942611190819,176,165.53012912482066,19.071468611171614,170.29799627761358,0.04371067605752088,8,0.4275466284074605,0.6305595408895266,0.3694404591104734,0.7252510760401721,0.22388809182209468,0.2435232056219625,0.1947991391678623,0.6355390091475837,0.3131994261119082,0.4920014347202295,0.4351654250499101,0.43902439024390244,0.5982783357245337
401857093,2026-07-29 00:00:00+00:00,7,29,2026,8,Lynx,100,131935,Tempo,93,Target Center,0,2026,2,0.7272727272727273,7.568181818181818,0.8,3.9,0.35714285714285715,-4.535714285714286,0.2,-8.2,0,0,0,0.2727272727272727,0.6428571428571428,0.31079545454545454,0.6133928571428571,0.11182795698924732,0.860931899641577,0.48637992831541216,193,165.53763440860214,19.06668758493871,170.3043063048368,0.5075909314434585,7,0.8881720430107527,0.6867383512544802,0.31326164874551976,0.9204301075268817,0.21265232974910395,0.428384861448337,0.17295698924731184,0.8134603443219587,0.29863799283154124,0.5284050179211469,0.4383488240221521,0.44516129032258067,0.8480286738351255
401857094,2026-07-29 01:30:00+00:00,7,29,2026,14,Storm,95,5,Fever,105,Climate Pledge Arena,0,2026,2,0.3181818181818182,-3.022727272727273,0.2,-3.2,0.6136363636363636,5.454545454545454,0.7,10.6,0,0,0,0.6818181818181819,0.38636363636363635,0.5755681818181818,0.36363636363636365,0.8137535816618912,0.14040114613180515,0.4770773638968482,200,165.55730659025787,19.07401947615926,170.32581145929768,0.7018508191360426,10,0.8595988538681949,0.5050143266475645,0.4949856733524355,0.9570200573065902,0.2489971346704871,0.39788088767744106,0.17156160458452724,0.7529180154443758,0.29770773638968484,0.530730659025788,0.5209713008162817,0.6339541547277937,0.7901146131805158
401857096,2026-07-29 02:00:00+00:00,7,29,2026,6,Sparks,109,9,Liberty,113,crypto.com Arena,0,2026,2,0.45454545454545453,-3.3863636363636362,0.2,-8.5,0.5454545454545454,1.0681818181818181,0.4,-3.5,0,0,0,0.5454545454545454,0.4545454545454546,0.584659090909091,0.47329545454545463,0.8161659513590844,0.542203147353362,0.6791845493562232,222,165.59298998569386,19.08706291883256,170.364755715402,0.9742464848351065,4,0.45779685264663805,0.8612303290414879,0.13876967095851211,0.9921316165951359,0.17775393419170243,0.27043543709488926,0.20187768240343348,0.8617511632120411,0.3179184549356223,0.48020386266094417,0.566943105891749,0.734620886981402,0.8869814020028612
401857095,2026-07-29 02:00:00+00:00,7,29,2026,17,Aces,98,132052,Fire,83,Michelob ULTRA Arena,0,2026,2,0.7045454545454546,5.840909090909091,0.6,5.4,0.3793103448275862,-5.586206896551724,0.3,-4.3,0,0,0,0.2954545454545454,0.6206896551724138,0.35397727272727275,0.6396551724137931,0.1889763779527559,0.7816750178954903,0.4853256979241231,181,165.58196134574086,19.08944159453217,170.35432174437392,0.1440128723572356,15,0.8110236220472441,0.2934860415175376,0.7065139584824625,0.807444523979957,0.2913027916964925,0.3582548092368912,0.17279885468861847,0.6243590271484571,0.29853256979241233,0.5286685755189693,0.4923791324080235,0.5812455261274159,0.5705082319255548
401857097,2026-07-30 00:00:00+00:00,7,30,2026,3,Wings,81,20,Dream,82,College Park Center,0,2026,2,0.5,-0.13636363636363635,0.7,3.3,0.6363636363636364,5.4772727272727275,0.4,-0.8,0,0,0,0.5,0.36363636363636365,0.5034090909090909,0.3630681818181818,0.3588277340957827,0.4131522516082916,0.38598999285203717,163,165.63330950679057,19.139740764217457,170.41824469784493,0.07235895283614335,1,0.6411722659042173,1.0,0.0,0.44889206576125806,0.15,0.35749821300929235,0.15789849892780558,0.6747541974482948,0.2885989992852037,0.5535025017869907,0.22507179674516015,0.06290207290922087,0.6654753395282345
401857098,2026-07-30 02:00:00+00:00,7,30,2026,11,Mercury,91,129689,Valkyries,89,Mortgage Matchup Center,0,2026,2,0.38636363636363635,-2.2045454545454546,0.5,-3.2,0.6363636363636364,4.2272727272727275,0.9,7.4,0,0,0,0.6136363636363636,0.36363636363636365,0.5551136363636363,0.3943181818181818,0.6357142857142857,0.10214285714285715,0.3689285714285714,180,165.63142857142856,19.13302847212814,170.41468568946058,0.11793698656396645,2,0.8978571428571429,0.9628571428571429,0.037142857142857144,0.7942857142857143,0.15742857142857142,0.46251153061224487,0.1553392857142857,0.8885570457725948,0.2868928571428571,0.5577678571428573,0.23475276638479492,0.07428571428571429,0.9007142857142857
401857099,2026-07-31 00:00:00+00:00,7,31,2026,131935,Tempo,72,8,Lynx,104,Scotiabank Arena,0,2026,2,0.3448275862068966,-4.620689655172414,0.2,-8.2,0.75,8.045454545454545,0.8,3.8,0,0,0,0.6551724137931034,0.25,0.6155172413793103,0.29886363636363633,0.8729478943611706,0.09635974304068523,0.48465381870092794,176,165.64168451106352,19.13004603131931,170.42419601889335,0.041587409974206846,32,0.9036402569593147,0.030692362598144184,0.9693076374018558,0.7223411848679515,0.34386152748037113,0.3620704162062277,0.1726980728051392,0.5342573837802853,0.2984653818700928,0.5288365453247679,0.5527894908625002,0.7044967880085653,0.3997144896502498
401857100,2026-07-31 00:00:00+00:00,7,31,2026,19,Sky,94,18,Sun,88,Wintrust Arena,0,2026,2,0.25,-5.25,0.4,2.1,0.3181818181818182,-6.5227272727272725,0.4,-4.8,0,0,0,0.75,0.6818181818181819,0.63125,0.6630681818181818,0.7218259629101283,0.7788873038516405,0.7503566333808844,182,165.6490727532097,19.12521838934393,170.43037735054568,0.16721236905821701,6,0.27817403708987165,0.7446504992867332,0.2553495007132668,0.8245363766048502,0.20106990014265336,0.19101381560070088,0.21255349500713266,0.6994200493177242,0.3250356633380884,0.46241084165477897,0.4655123101820341,0.5106990014265336,0.7047075606276747
401857101,2026-07-31 02:00:00+00:00,7,31,2026,17,Aces,104,9,Liberty,99,Michelob ULTRA Arena,0,2026,2,0.7045454545454546,5.863636363636363,0.6,5.4,0.5681818181818182,1.2954545454545454,0.5,-2.0,0,0,0,0.2954545454545454,0.43181818181818177,0.3534090909090909,0.4676136363636363,0.18816821097647898,0.46044191019244474,0.32430506058446185,203,165.6607270135424,19.12337946027776,170.44157187861185,0.7652727291392576,5,0.811831789023521,0.812544547398432,0.18745545260156804,0.9650748396293657,0.1874910905203136,0.4110611717381907,0.14864575908766928,0.8736438523066001,0.28243050605844616,0.5689237348538845,0.3512025303734005,0.2451888809693514,0.8923734853884533
401857102,2026-07-31 23:30:00+00:00,7,31,2026,20,Dream,98,14,Storm,89,Gateway Center,0,2026,2,0.6363636363636364,5.2727272727272725,0.5,0.4,0.3181818181818182,-3.1818181818181817,0.1,-5.7,0,0,0,0.36363636363636365,0.6818181818181819,0.36818181818181817,0.5795454545454545,0.3603988603988604,0.8796296296296297,0.620014245014245,187,165.68732193732194,19.142518610863966,170.47295159003792,0.3111299420285327,9,0.6396011396011396,0.561965811965812,0.43803418803418803,0.8789173789173789,0.2376068376068376,0.3200530839847079,0.19300213675213673,0.7206128776288515,0.3120014245014245,0.4949964387464388,0.5036208775201799,0.603988603988604,0.7393162393162394
401857103,2026-07-31 23:30:00+00:00,7,31,2026,16,Mystics,81,3,Wings,75,CareFirst Arena,0,2026,2,0.4318181818181818,-4.090909090909091,0.7,0.8,0.5,0.045454545454545456,0.7,4.7,0,0,0,0.5681818181818181,0.5,0.6022727272727273,0.4988636363636363,0.4875444839857651,0.3302491103202847,0.4088967971530249,156,165.70249110320285,19.144145841504947,170.48852756357908,0.24902470826669054,6,0.6697508896797153,0.7444839857651245,0.25551601423487547,0.30462633451957294,0.20110320284697508,0.34742060004305925,0.16133451957295375,0.5308696611296149,0.2908896797153025,0.5477758007117437,0.33848702368188077,0.22135231316725978,0.3921708185053381
401857104,2026-08-01 02:00:00+00:00,8,1,2026,132052,Fire,98,5,Fever,112,Moda Center,0,2026,2,0.36666666666666664,-5.9,0.3,-3.5,0.6136363636363636,5.659090909090909,0.8,11.8,0,0,0,0.6333333333333333,0.38636363636363635,0.6475,0.35852272727272727,0.7930298719772404,0.09601706970128022,0.4445234708392603,210,165.69559032716927,19.139081007772667,170.48036057911244,0.8813806901397288,14,0.9039829302987198,0.3236130867709815,0.6763869132290186,0.9800853485064012,0.2852773826458037,0.39452078472872815,0.16667852062588906,0.6993830979745967,0.29445234708392604,0.5388691322901848,0.5856109206916249,0.7652916073968705,0.7034139402560455
401857105,2026-08-01 17:00:00+00:00,8,1,2026,19,Sky,84,17,Aces,83,Wintrust Arena,0,2026,2,0.2727272727272727,-4.636363636363637,0.4,-0.3,0.7045454545454546,5.2727272727272725,0.6,5.1,0,0,0,0.7272727272727273,0.2954545454545454,0.615909090909091,0.36818181818181817,0.7313432835820896,0.2103766879886283,0.4708599857853589,167,165.727078891258,19.168697780619446,170.51925333641287,0.016712111732652413,1,0.7896233120113717,1.0,0.0,0.5437100213219617,0.15,0.420589907604833,0.17062899786780383,0.7725079748985805,0.2970859985785359,0.5322850035536603,0.25348328008423343,0.08813077469793888,0.8159203980099502
401857106,2026-08-01 19:00:00+00:00,8,1,2026,11,Mercury,92,9,Liberty,94,Mortgage Matchup Center,0,2026,2,0.4090909090909091,-2.090909090909091,0.5,-3.2,0.5454545454545454,0.9545454545454546,0.5,-1.6,0,0,0,0.5909090909090908,0.4545454545454546,0.5522727272727272,0.4761363636363637,0.6207386363636364,0.4715909090909091,0.5461647727272727,186,165.72798295454547,19.16191469422669,170.51846162810213,0.2784673592274982,2,0.5284090909090908,0.9623579545454546,0.037642045454545414,0.8686079545454546,0.15752840909090907,0.3068319828254132,0.18192471590909093,0.8437824671721657,0.3046164772727273,0.5134588068181818,0.3425595950317898,0.23224431818181818,0.8721590909090909
401857107,2026-08-02 17:00:00+00:00,8,2,2026,8,Lynx,108,5,Fever,100,Target Center,0,2026,2,0.75,8.227272727272727,0.9,8.3,0.6363636363636364,6.25,0.8,10.8,0,0,0,0.25,0.36363636363636365,0.2943181818181818,0.34375,0.044712562100780694,0.09013484740951029,0.06742370475514549,208,165.74237047551455,19.162720534864288,170.53305060923063,0.8521272742648364,8,0.9552874378992193,0.6281050390347764,0.37189496096522356,0.9737402413058907,0.2243789921930447,0.44803260344505386,0.11011355571327183,0.8147439803585802,0.25674237047551457,0.6331440738112135,0.23200087703578728,0.0716820440028389,0.8495386799148332
401857108,2026-08-02 19:30:00+00:00,8,2,2026,132052,Fire,101,6,Sparks,106,Moda Center,0,2026,2,0.3548387096774194,-6.161290322580645,0.3,-1.9,0.4318181818181818,-3.727272727272727,0.2,-6.1,0,0,0,0.6451612903225806,0.5681818181818181,0.6540322580645161,0.5931818181818181,0.7822695035460993,0.799290780141844,0.7907801418439716,207,165.77234042553192,19.188947339116584,170.56957726031106,0.8350596734092265,5,0.21773049645390075,0.8120567375886525,0.1879432624113475,0.9723404255319149,0.1875886524822695,0.169684497761682,0.21861702127659574,0.8035865086983867,0.3290780141843972,0.45230496453900704,0.6020800379774838,0.7950354609929078,0.8404255319148937
401857109,2026-08-02 23:00:00+00:00,8,2,2026,3,Wings,83,18,Sun,63,College Park Center,0,2026,2,0.5,0.1590909090909091,0.7,4.9,0.3181818181818182,-6.2727272727272725,0.3,-6.5,0,0,0,0.5,0.6818181818181819,0.4960227272727272,0.6568181818181819,0.3253012048192771,0.8384124734231042,0.5818568391211907,146,165.801559177888,19.213515422020112,170.60493803339304,0.5595575653071605,20,0.6746987951807228,0.1566265060240964,0.8433734939759037,0.13040396881644223,0.31867469879518073,0.2979772100449992,0.1872785258681786,0.31167067714129254,0.3081856839121191,0.5045357902197023,0.6582763531241775,0.8660524450744153,0.0673281360737066
401857110,2026-08-03 00:30:00+00:00,8,3,2026,129689,Valkyries,96,131935,Tempo,79,Chase Center,0,2026,2,0.6136363636363636,3.7954545454545454,0.8,6.1,0.3333333333333333,-5.533333333333333,0.1,-14.2,0,0,0,0.38636363636363635,0.6666666666666667,0.4051136363636363,0.6383333333333333,0.1671388101983003,0.9440509915014165,0.5555949008498584,175,165.78753541076486,19.21393343024699,170.59101876832662,0.025984207952305605,17,0.8328611898016998,0.23371104815864022,0.7662889518413598,0.7060906515580736,0.30325779036827194,0.359818993812646,0.18333923512747877,0.5745636512768313,0.30555949008498584,0.5111012747875354,0.5228760482835902,0.6373937677053825,0.47875354107648727
401857111,2026-08-03 23:00:00+00:00,8,3,2026,20,Dream,87,17,Aces,109,State Farm Arena,0,2026,2,0.6590909090909091,5.5227272727272725,0.6,1.6,0.6818181818181818,4.613636363636363,0.6,5.8,0,0,0,0.34090909090909094,0.31818181818181823,0.3619318181818182,0.3846590909090909,0.2639773531493277,0.22009907997169142,0.24203821656050956,196,165.7940552016985,19.208691929805486,170.59622818414988,0.5829387470058747,22,0.7799009200283086,0.1259731068648266,0.8740268931351733,0.9363057324840764,0.3248053786270347,0.33081191534076715,0.13630573248407643,0.6174369202110737,0.27420382165605095,0.5894904458598726,0.461798623427198,0.5031847133757962,0.5590941259731068
401857112,2026-08-03 23:00:00+00:00,8,3,2026,9,Liberty,95,14,Storm,83,Barclays Center,0,2026,2,0.5681818181818182,1.1363636363636365,0.5,-2.2,0.29545454545454547,-3.522727272727273,0.1,-4.3,0,0,0,0.43181818181818177,0.7045454545454546,0.47159090909090906,0.5880681818181819,0.49434229137199437,0.8776520509193777,0.685997171145686,178,165.81541725601133,19.21868826690596,170.6200893227378,0.07107445522267042,12,0.5056577086280056,0.39745403111739747,0.6025459688826025,0.7553041018387553,0.2705091937765205,0.2573854053924285,0.2028995756718529,0.5956670717597733,0.3185997171145686,0.4785007072135785,0.5346420835800337,0.6661951909476662,0.5212164073550212
401857113,2026-08-04 01:00:00+00:00,8,4,2026,19,Sky,101,11,Mercury,106,Wintrust Arena,0,2026,2,0.29545454545454547,-4.113636363636363,0.5,0.6,0.4090909090909091,-2.022727272727273,0.4,-4.3,0,0,0,0.7045454545454546,0.5909090909090908,0.602840909090909,0.5505681818181818,0.662190812720848,0.67773851590106,0.669964664310954,207,165.82402826855125,19.214621654288344,170.62768368212332,0.8333117003206472,5,0.337809187279152,0.8127208480565371,0.1872791519434629,0.9717314487632509,0.18745583038869257,0.2184968597435353,0.20049469964664313,0.8181557079145211,0.3169964664310954,0.48250883392226146,0.5497052774159094,0.696113074204947,0.8522968197879859
401857114,2026-08-05 02:00:00+00:00,8,5,2026,129689,Valkyries,92,131935,Tempo,81,Chase Center,0,2026,2,0.6136363636363636,4.068181818181818,0.8,7.5,0.3225806451612903,-5.903225806451613,0.1,-15.0,0,0,0,0.38636363636363635,0.6774193548387097,0.39829545454545445,0.6475806451612903,0.15254237288135594,0.9569209039548022,0.554731638418079,173,165.85310734463278,19.238974105008925,170.662850870885,0.007351530402881612,11,0.847457627118644,0.4533898305084746,0.5466101694915254,0.6709039548022598,0.2593220338983051,0.38791439241597236,0.18320974576271187,0.6323113528322435,0.3054731638418079,0.5113170903954802,0.45196537718501173,0.4830508474576271,0.5861581920903954
401857115,2026-08-05 23:00:00+00:00,8,5,2026,20,Dream,96,11,Mercury,82,Gateway Center,0,2026,2,0.6363636363636364,4.659090909090909,0.6,0.9,0.4318181818181818,-1.4318181818181819,0.4,-6.1,0,0,0,0.36363636363636365,0.5681818181818181,0.3835227272727273,0.5357954545454546,0.2949894142554693,0.681016231474947,0.4880028228652082,178,165.85815102328863,19.23311660294521,170.66643017402492,0.07011513109186773,14,0.7050105857445307,0.323923782639379,0.676076217360621,0.7544107268877911,0.2852152434721242,0.3234438855932773,0.17320042342978123,0.6010826836591758,0.29880028228652084,0.527999294283698,0.47182088106978526,0.5257586450247,0.5299929428369795
401857116,2026-08-05 23:00:00+00:00,8,5,2026,9,Liberty,92,14,Storm,86,Barclays Center,0,2026,2,0.5909090909090909,1.7727272727272727,0.5,-2.3,0.2727272727272727,-4.590909090909091,0.1,-5.0,0,0,0,0.40909090909090906,0.7272727272727273,0.4556818181818182,0.6147727272727272,0.4703808180535966,0.9005641748942173,0.685472496473907,178,165.86671368124118,19.229032406417474,170.67397178284554,0.07000482487960813,6,0.5296191819464033,0.7440056417489421,0.2559943582510579,0.7538787023977433,0.20119887165021158,0.29141031290221825,0.20282087447108604,0.7058808282331464,0.3185472496473907,0.47863187588152334,0.42383372539789765,0.4097320169252468,0.7115655853314528
401857117,2026-08-05 23:30:00+00:00,8,5,2026,16,Mystics,96,3,Wings,92,CareFirst Arena,0,2026,2,0.45454545454545453,-3.8636363636363638,0.7,1.3,0.5227272727272727,0.9090909090909091,0.7,6.6,0,0,0,0.5454545454545454,0.4772727272727273,0.5965909090909091,0.4772727272727273,0.46229739252995067,0.284707540521494,0.37350246652572233,188,165.87526427061312,19.224949296198293,170.68150159466268,0.3335241916367635,4,0.715292459478506,0.8604651162790697,0.13953488372093026,0.8858350951374208,0.17790697674418604,0.37622777258796725,0.15602536997885835,0.8459494797848768,0.28735024665257225,0.5566243833685695,0.3000341987673929,0.15151515151515152,0.8731501057082452
401857118,2026-08-06 01:00:00+00:00,8,6,2026,19,Sky,95,6,Sparks,88,Wintrust Arena,0,2026,2,0.29545454545454547,-4.0227272727272725,0.5,0.9,0.45454545454545453,-3.3181818181818183,0.3,-3.2,0,0,0,0.7045454545454546,0.5454545454545454,0.6005681818181818,0.5829545454545455,0.6549295774647887,0.706338028169014,0.6806338028169014,183,165.89084507042253,19.227140513784086,170.69763019886855,0.1851083742154076,7,0.34507042253521125,0.6838028169014084,0.31619718309859157,0.8323943661971831,0.2132394366197183,0.21441995635786548,0.20209507042253522,0.6966166894842573,0.3180633802816901,0.4798415492957746,0.464576613261487,0.5084507042253521,0.6978873239436619
401857119,2026-08-06 23:00:00+00:00,8,6,2026,5,Fever,84,17,Aces,86,Gainbridge Fieldhouse,0,2026,2,0.6363636363636364,6.204545454545454,0.7,8.4,0.6818181818181818,4.545454545454546,0.6,7.2,0,0,0,0.36363636363636365,0.31818181818181823,0.3448863636363637,0.38636363636363635,0.15270935960591134,0.2047853624208304,0.17874736101337085,170,165.90288529204784,19.225727301217407,170.70931711735219,0.0006803580841179269,2,0.8472906403940886,0.9627023223082336,0.037297677691766395,0.601688951442646,0.15745953553835326,0.44119237129198546,0.12681210415200564,0.7996376244726768,0.2678747361013371,0.6053131597466572,0.11827551310047844,0.0028149190710767065,0.8388458831808585
401857120,2026-08-07 01:00:00+00:00,8,7,2026,8,Lynx,82,6,Sparks,89,Target Center,0,2026,2,0.75,7.840909090909091,1.0,9.2,0.4318181818181818,-3.5454545454545454,0.3,-2.1,0,0,0,0.25,0.5681818181818181,0.3039772727272727,0.5886363636363636,0.026722925457102673,0.7074542897327707,0.36708860759493667,171,165.9057665260197,19.219268361851718,170.71058361648264,0.00011337515842302359,7,0.9732770745428974,0.6835443037974683,0.31645569620253167,0.6209563994374121,0.21329113924050633,0.4615137353344371,0.1550632911392405,0.7249884551366094,0.28670886075949364,0.5582278481012659,0.29566731594449025,0.14767932489451477,0.7447257383966245
401857121,2026-08-07 02:00:00+00:00,8,7,2026,132052,Fire,97,131935,Tempo,83,Moda Center,0,2026,2,0.34375,-6.125,0.3,-2.3,0.3125,-6.0625,0.1,-14.8,0,0,0,0.65625,0.6875,0.653125,0.6515625,0.7947997189037245,0.9585382993675334,0.876669009135629,180,165.90934645115954,19.212983949529185,170.71259243854183,0.11026715387080843,14,0.20520028109627553,0.32326071679550245,0.6767392832044976,0.7891777933942375,0.2853478566408995,0.14478862468758166,0.23150035137034433,0.55508156919434,0.3376669009135629,0.4308327477160928,0.6317370593952761,0.8264230498945889,0.4307800421644413
401857122,2026-08-07 23:30:00+00:00,8,7,2026,18,Sun,75,11,Mercury,72,Mohegan Sun Arena,0,2026,2,0.29545454545454547,-6.931818181818182,0.3,-8.2,0.4318181818181818,-1.5909090909090908,0.4,-6.4,0,0,0,0.7045454545454546,0.5681818181818181,0.6732954545454546,0.5397727272727273,0.8778089887640449,0.6853932584269663,0.7816011235955056,147,165.9192415730337,19.2098613258411,170.72170690449397,0.5334796301597449,3,0.3146067415730337,0.9129213483146067,0.0870786516853933,0.14536516853932585,0.16741573033707866,0.2142267390481,0.21724016853932585,0.3381299275216357,0.32816011235955056,0.4545997191011236,0.4997845961250365,0.5997191011235955,0.0976123595505618
401857123,2026-08-07 23:30:00+00:00,8,7,2026,16,Mystics,79,20,Dream,74,CareFirst Arena,0,2026,2,0.45454545454545453,-4.068181818181818,0.7,1.2,0.6590909090909091,5.0227272727272725,0.7,2.8,0,0,0,0.5454545454545454,0.34090909090909094,0.6017045454545454,0.37443181818181814,0.4666666666666667,0.21403508771929824,0.34035087719298246,153,165.9059649122807,19.209654190378767,170.70837845987538,0.3461659667015927,5,0.7859649122807018,0.8119298245614035,0.1880701754385965,0.2463157894736842,0.1876140350877193,0.400492028316405,0.15105263157894738,0.5740854510915638,0.28403508771929825,0.5649122807017544,0.29797619928536184,0.15087719298245614,0.4750877192982456
401857124,2026-08-08 01:30:00+00:00,8,8,2026,3,Wings,76,129689,Valkyries,94,American Airlines Center,0,2026,2,0.5,0.7954545454545454,0.6,4.9,0.6136363636363636,3.6136363636363638,0.8,7.7,0,0,0,0.5,0.38636363636363635,0.48011363636363635,0.4096590909090909,0.38429172510518933,0.1458625525946704,0.2650771388499299,170,165.8969144460028,19.205953872611634,170.6984029141557,0.0006609471962867319,18,0.8541374474053296,0.2026647966339411,0.7973352033660589,0.6009817671809257,0.3094670406732118,0.36395832554699437,0.1397615708274895,0.5343543287323539,0.276507713884993,0.5837307152875175,0.37529537716840017,0.30364656381486677,0.3955119214586255
401857125,2026-08-08 17:00:00+00:00,8,8,2026,8,Lynx,98,17,Aces,87,Target Center,0,2026,2,0.75,7.909090909090909,0.9,7.9,0.7045454545454546,4.659090909090909,0.7,9.0,0,0,0,0.25,0.2954545454545454,0.30227272727272725,0.3835227272727273,0.046951646811492644,0.12754029432375613,0.08724597056762438,185,165.89978976874562,19.19952572785499,170.69967120070936,0.24223636683195293,11,0.9530483531885073,0.452697967764541,0.5473020322354589,0.8549404344779257,0.2594604064470918,0.4269389794085337,0.11308689558514366,0.7086625667288678,0.25872459705676243,0.628188507358094,0.2238011725052001,0.060266292922214436,0.716187806587246
401857126,2026-08-08 19:30:00+00:00,8,8,2026,19,Sky,86,5,Fever,90,United Center,0,2026,2,0.3181818181818182,-3.159090909090909,0.5,0.5,0.6136363636363636,5.704545454545454,0.7,9.6,0,0,0,0.6818181818181819,0.38636363636363635,0.5789772727272727,0.35738636363636367,0.6358543417366946,0.14705882352941177,0.3914565826330532,176,165.91316526610643,19.19945164797785,170.7130281781009,0.037204828745517116,4,0.8529411764705882,0.8599439775910365,0.14005602240896353,0.7156862745098039,0.1780112044817927,0.4327529246992915,0.15871848739495797,0.8025471278476789,0.2891456582633053,0.5521358543417367,0.26253889962525445,0.09803921568627451,0.8403361344537815
401857127,2026-08-09 00:30:00+00:00,8,9,2026,132052,Fire,100,14,Storm,93,Moda Center,0,2026,2,0.36363636363636365,-5.515151515151516,0.3,-1.4,0.25,-4.7727272727272725,0.0,-7.4,0,0,0,0.6363636363636364,0.75,0.6378787878787879,0.6193181818181819,0.7662701189643107,0.940517844646606,0.8533939818054583,193,165.92022393282016,19.194582742860238,170.71886961853522,0.49019749427557424,7,0.23372988103568926,0.6829951014695591,0.3170048985304409,0.9160251924422673,0.21340097970608818,0.17058574974743404,0.22800909727081875,0.7306710917569409,0.3353393981805458,0.43665150454863544,0.5907094861757782,0.7760671798460462,0.7550734779566131
401857128,2026-08-09 16:30:00+00:00,8,9,2026,9,Liberty,111,17,Aces,71,Barclays Center,0,2026,2,0.5909090909090909,1.8636363636363635,0.6,-0.6,0.6818181818181818,4.386363636363637,0.6,7.1,0,0,0,0.40909090909090906,0.31818181818181823,0.4534090909090909,0.3903409090909091,0.3951048951048951,0.21048951048951048,0.3027972027972028,182,165.93916083916085,19.201223627635436,170.7394667460697,0.15798803765013358,40,0.7895104895104895,0.006993006993006993,0.993006993006993,0.8188811188811189,0.3486013986013986,0.32228287446818915,0.14541958041958042,0.5469848419588628,0.28027972027972026,0.5743006993006994,0.4751909216949307,0.5391608391608391,0.4160839160839161
401857129,2026-08-09 19:00:00+00:00,8,9,2026,16,Mystics,95,11,Mercury,75,CareFirst Arena,0,2026,2,0.4772727272727273,-3.840909090909091,0.8,3.0,0.4090909090909091,-2.25,0.4,-6.4,0,0,0,0.5227272727272727,0.5909090909090908,0.5960227272727272,0.55625,0.3724668064290706,0.705800139762404,0.5391334730957373,170,165.95038434661078,19.199203751128564,170.75018528439293,0.0007630884769213031,20,0.6275331935709294,0.15653389238294899,0.843466107617051,0.5988819007686932,0.3186932215234102,0.28190198709712705,0.1808700209643606,0.48331409102025047,0.30391334730957376,0.5152166317260657,0.5342491599960548,0.6659678546471,0.3060796645702306
401857130,2026-08-09 19:30:00+00:00,8,9,2026,8,Lynx,103,3,Wings,90,Target Center,0,2026,2,0.75,8.022727272727273,0.9,8.5,0.5,0.4090909090909091,0.5,2.0,0,0,0,0.25,0.5,0.2994318181818182,0.48977272727272725,0.04539106145251397,0.45321229050279327,0.24930167597765363,193,165.9532122905028,19.19279260729692,170.75141044232703,0.4892579972187373,13,0.9546089385474861,0.3659217877094972,0.6340782122905029,0.9155027932960894,0.2768156424581006,0.41749756171779906,0.13739525139664804,0.6968792562190962,0.27493016759776534,0.5876745810055866,0.3880572126749664,0.3303072625698324,0.696927374301676
401857131,2026-08-09 23:00:00+00:00,8,9,2026,6,Sparks,78,129689,Valkyries,84,crypto.com Arena,0,2026,2,0.45454545454545453,-3.2045454545454546,0.3,-2.8,0.6363636363636364,4.386363636363637,0.8,9.0,0,0,0,0.5454545454545454,0.36363636363636365,0.5801136363636363,0.3903409090909091,0.7117934403349616,0.12002791346824843,0.415910676901605,162,165.97208653175156,19.199389019704174,170.7719337866776,0.09911030124737064,6,0.8799720865317515,0.7431960921144453,0.25680390788555474,0.41311933007676205,0.20136078157711096,0.4312540315531273,0.16238660153524076,0.6494721003487205,0.2915910676901605,0.5460223307745987,0.3180724278799044,0.1793440334961619,0.6231681786461968
401857132,2026-08-11 00:00:00+00:00,8,11,2026,20,Dream,107,131935,Tempo,95,Gateway Center,0,2026,2,0.6363636363636364,4.863636363636363,0.7,2.8,0.30303030303030304,-6.303030303030303,0.1,-15.4,0,0,0,0.36363636363636365,0.696969696969697,0.3784090909090909,0.6575757575757576,0.20850767085076707,0.9644351464435147,0.5864714086471409,202,165.96931659693166,19.192975459774004,170.76756046187518,0.7339385829382301,12,0.791492329149233,0.396792189679219,0.603207810320781,0.9581589958158996,0.2706415620641562,0.361576648206828,0.18797071129707113,0.7100749406277337,0.3086471408647141,0.5033821478382148,0.6193565608165386,0.8145048814504882,0.7196652719665272
401857133,2026-08-11 02:00:00+00:00,8,11,2026,14,Storm,97,19,Sky,88,Climate Pledge Arena,0,2026,2,0.25,-4.4772727272727275,0.0,-7.0,0.3181818181818182,-3.1136363636363638,0.5,1.6,0,0,0,0.75,0.6818181818181819,0.6119318181818182,0.5778409090909091,0.9456445993031359,0.6041811846689895,0.7749128919860627,185,165.99442508710803,19.2098438307157,170.79688604478696,0.23915937428671752,9,0.3958188153310105,0.5602787456445993,0.43972125435540066,0.8529616724738676,0.23794425087108012,0.2270235768310894,0.21623693379790943,0.6777412328637729,0.32749128919860626,0.4562717770034843,0.5492908525110547,0.6961672473867596,0.6648083623693379
401857134,2026-08-11 23:30:00+00:00,8,11,2026,5,Fever,106,9,Liberty,92,Gainbridge Fieldhouse,0,2026,2,0.6136363636363636,5.136363636363637,0.7,9.7,0.5909090909090909,2.1818181818181817,0.7,3.9,0,0,0,0.38636363636363635,0.40909090909090906,0.3715909090909091,0.44545454545454555,0.16434540389972144,0.2736768802228412,0.2190111420612813,198,166.00766016713092,19.20969767682344,170.81008458633679,0.6327513382718012,14,0.8356545961002786,0.3231197771587744,0.6768802228412256,0.9477715877437326,0.2853760445682451,0.37005179196312876,0.1328516713091922,0.684622562279656,0.2719011142061281,0.5952472144846797,0.3984723318402445,0.3516713091922006,0.6733983286908078
401857135,2026-08-12 02:00:00+00:00,8,12,2026,17,Aces,86,16,Mystics,76,Michelob ULTRA Arena,0,2026,2,0.6818181818181818,3.840909090909091,0.5,-1.7,0.4772727272727273,-3.477272727272727,0.8,4.5,0,0,0,0.31818181818181823,0.5227272727272727,0.4039772727272728,0.5869318181818182,0.38761308281141266,0.336812804453723,0.36221294363256784,162,166.02992345163534,19.22154434264172,170.83530953729576,0.10025338178202114,10,0.6631871955462769,0.5031315240083507,0.4968684759916493,0.41196938065414057,0.24937369519832986,0.32396550747250924,0.15433194154488517,0.504149885487471,0.2862212943632568,0.5594467640918581,0.3603254966109153,0.26791927627000695,0.33820459290187893
401857136,2026-08-12 02:00:00+00:00,8,12,2026,6,Sparks,87,11,Mercury,94,Galen Center,0,2026,2,0.4318181818181818,-3.3636363636363638,0.2,-4.9,0.38636363636363635,-2.840909090909091,0.4,-3.6,0,0,0,0.5681818181818181,0.6136363636363636,0.5840909090909091,0.5710227272727273,0.7990264255910987,0.6905424200278164,0.7447844228094576,181,166.0271210013908,19.21514897395085,170.83090824487851,0.13067505885027053,7,0.3094575799721836,0.6842837273991655,0.31571627260083446,0.7990264255910987,0.21314325452016689,0.2004350666684721,0.21171766342141862,0.6716796681623814,0.32447844228094574,0.46380389429763563,0.475543258174744,0.5417246175243393,0.6557719054242003
401857137,2026-08-13 00:00:00+00:00,8,13,2026,3,Wings,94,131935,Tempo,88,College Park Center,0,2026,2,0.5,0.5454545454545454,0.4,-0.6,0.29411764705882354,-6.470588235294118,0.1,-15.3,0,0,0,0.5,0.7058823529411764,0.48636363636363633,0.6617647058823529,0.5594162612925643,0.9652536483669215,0.7623349548297429,182,166.03752605976374,19.2125215166298,170.84065643892117,0.15522572404606516,6,0.4405837387074357,0.744266851980542,0.255733148019458,0.8165392633773454,0.2011466296038916,0.2558662393436876,0.21435024322446145,0.7224250065966303,0.3262334954829743,0.4594162612925642,0.46693046529373616,0.5149409312022237,0.7407922168172342
401857138,2026-08-13 02:00:00+00:00,8,13,2026,129689,Valkyries,91,19,Sky,71,Chase Center,0,2026,2,0.6590909090909091,4.681818181818182,0.8,8.3,0.29545454545454547,-3.4545454545454546,0.5,1.2,0,0,0,0.34090909090909094,0.7045454545454546,0.38295454545454555,0.5863636363636363,0.12013888888888889,0.6333333333333333,0.3767361111111111,162,166.04861111111111,19.210450690204897,170.85122378366233,0.10070619807019277,20,0.8798611111111111,0.15625,0.84375,0.4111111111111111,0.31875,0.36782769097222223,0.15651041666666665,0.46678019959249617,0.2876736111111111,0.5558159722222222,0.4678821262643231,0.5180555555555556,0.2743055555555556
401857139,2026-08-13 02:00:00+00:00,8,13,2026,132052,Fire,81,8,Lynx,85,Moda Center,0,2026,2,0.38235294117647056,-5.147058823529412,0.4,0.1,0.7727272727272727,8.568181818181818,0.9,9.4,0,0,0,0.6176470588235294,0.2272727272727273,0.6286764705882353,0.2857954545454545,0.6897987508674531,0.024288688410825817,0.35704371963913945,166,166.04580152671755,19.204075397541793,170.846820376103,0.031347251088939654,4,0.9757113115891742,0.861207494795281,0.13879250520471897,0.5149201943095073,0.1777585010409438,0.48335931559210027,0.15355655794587092,0.7642109251711622,0.28570437196391396,0.5607390700902152,0.24467556484309755,0.08258154059680778,0.8043025676613463
401857140,2026-08-13 23:00:00+00:00,8,13,2026,18,Sun,69,20,Dream,104,Mohegan Sun Arena,0,2026,2,0.3181818181818182,-6.7272727272727275,0.3,-8.0,0.6363636363636364,4.7727272727272725,0.7,2.9,0,0,0,0.6818181818181819,0.36363636363636365,0.6681818181818182,0.3806818181818181,0.8613037447988904,0.22954230235783635,0.5454230235783634,173,166.04576976421637,19.19741082464695,170.8451224703781,0.006280042686692244,35,0.7704576976421637,0.02011095700416089,0.9798890429958391,0.665742024965326,0.3459778085991678,0.31735043503686705,0.1818134535367545,0.4970800236332532,0.30454230235783636,0.5136442441054092,0.5797128581219908,0.753120665742025,0.32385575589459087
401857141,2026-08-14 00:00:00+00:00,8,14,2026,9,Liberty,85,6,Sparks,81,Barclays Center,0,2026,2,0.5909090909090909,2.25,0.7,2.7,0.4318181818181818,-3.3181818181818183,0.2,-4.7,0,0,0,0.40909090909090906,0.5681818181818181,0.44375,0.5829545454545455,0.2772002772002772,0.781011781011781,0.5291060291060291,166,166.05058905058905,19.19162631993333,170.8484956305724,0.03140864397002652,4,0.7227997227997228,0.8613998613998614,0.13860013860013864,0.5142065142065142,0.17772002772002773,0.37939986524186115,0.17936590436590438,0.6830028141579354,0.3029106029106029,0.5177234927234927,0.321547712787283,0.18572418572418573,0.6715176715176715
401857142,2026-08-14 02:00:00+00:00,8,14,2026,17,Aces,83,16,Mystics,76,Michelob ULTRA Arena,0,2026,2,0.6818181818181818,3.5681818181818183,0.6,2.7,0.45454545454545453,-3.909090909090909,0.7,1.8,0,0,0,0.31818181818181823,0.5454545454545454,0.4107954545454545,0.5977272727272728,0.26385041551246535,0.435595567867036,0.3497229916897507,159,166.0505540166205,19.18497530845768,170.84679784373492,0.17358280809316373,7,0.7361495844875346,0.6835180055401662,0.3164819944598338,0.3448753462603878,0.21329639889196678,0.3682361246460663,0.1524584487534626,0.5530331927464596,0.28497229916897504,0.5625692520775624,0.313396169128186,0.17105263157894737,0.42590027700831024
401857143,2026-08-14 23:30:00+00:00,8,14,2026,5,Fever,98,3,Wings,87,Gainbridge Fieldhouse,0,2026,2,0.6136363636363636,5.204545454545454,0.7,7.7,0.5227272727272727,0.7045454545454546,0.4,-0.5,0,0,0,0.38636363636363635,0.4772727272727273,0.3698863636363636,0.48238636363636367,0.17370242214532872,0.5155709342560554,0.34463667820069205,185,166.04567474048443,19.179228027207397,170.84048174728628,0.23854482670377986,11,0.8262975778546713,0.45259515570934256,0.5474048442906574,0.8525951557093425,0.2594809688581315,0.3799964440080938,0.15169550173010382,0.6937728571257529,0.2844636678200692,0.563840830449827,0.38622319780149283,0.32664359861591696,0.6927335640138408
401857144,2026-08-15 02:00:00+00:00,8,15,2026,14,Storm,82,132052,Fire,84,Climate Pledge Arena,0,2026,2,0.25,-4.590909090909091,0.1,-5.6,0.37142857142857144,-5.114285714285714,0.3,-1.3,0,0,0,0.75,0.6285714285714286,0.6147727272727272,0.6278571428571429,0.9190871369294605,0.7448132780082988,0.8319502074688796,166,166.0587828492393,19.179068814560402,170.8535500528794,0.03151369238808144,2,0.2551867219917012,0.9633471645919779,0.03665283540802211,0.5138312586445366,0.15733056708160442,0.19178596844636514,0.22479253112033193,0.5593494103745625,0.33319502074688795,0.4420124481327801,0.3870289328589664,0.32987551867219916,0.43983402489626555
401857145,2026-08-15 17:00:00+00:00,8,15,2026,18,Sun,75,9,Liberty,82,Mohegan Sun Arena,0,2026,2,0.29545454545454547,-7.7727272727272725,0.3,-10.9,0.6136363636363636,2.522727272727273,0.8,5.1,0,0,0,0.7045454545454546,0.38636363636363635,0.6943181818181818,0.43693181818181814,0.9094678645473393,0.18382861091914304,0.5466482377332411,157,166.0587422252937,19.17243596333608,170.85185121612773,0.22971470187394039,7,0.816171389080857,0.6834830684174154,0.31651693158258465,0.31237042156185213,0.2133033863165169,0.39970929535597566,0.18199723565998616,0.5681700485355216,0.3046648237733241,0.5133379405666898,0.4188542964857887,0.4008293020041465,0.4568071872840359
401857146,2026-08-15 23:30:00+00:00,8,15,2026,16,Mystics,80,6,Sparks,70,CareFirst Arena,0,2026,2,0.45454545454545453,-3.8181818181818183,0.7,3.0,0.4090909090909091,-3.4318181818181817,0.2,-4.2,0,0,0,0.5454545454545454,0.5909090909090908,0.5954545454545455,0.5857954545454545,0.4468232044198895,0.7852209944751382,0.6160220994475138,150,166.05248618784532,19.167288331509575,170.8443082707227,0.4464047428184099,10,0.5531767955801106,0.5020718232044199,0.4979281767955801,0.18577348066298344,0.24958563535911601,0.2825973432587528,0.1924033149171271,0.3668571417289769,0.3116022099447514,0.49599447513812145,0.5465888304852066,0.6912983425414365,0.13052486187845305
401857147,2026-08-16 00:00:00+00:00,8,16,2026,17,Aces,87,8,Lynx,92,Michelob ULTRA Arena,0,2026,2,0.6818181818181818,3.4545454545454546,0.6,0.8,0.7727272727272727,8.227272727272727,0.9,8.9,0,0,0,0.31818181818181823,0.2272727272727273,0.4136363636363637,0.2943181818181818,0.2898550724637681,0.025534851621808144,0.15769496204278813,179,166.04140786749483,19.16530870309812,170.83273504326937,0.08680077613463388,5,0.9744651483781919,0.8122843340234644,0.18771566597653555,0.7660455486542443,0.1875431331953071,0.4771011373113272,0.12365424430641822,0.8271937904933345,0.2657694962042788,0.6105762594893029,0.15690718241876644,0.01725327812284334,0.8599033816425121
401857148,2026-08-16 21:00:00+00:00,8,16,2026,14,Storm,80,19,Sky,82,Climate Pledge Arena,0,2026,2,0.22727272727272727,-4.863636363636363,0.1,-5.3,0.29545454545454547,-3.6818181818181817,0.4,-1.3,0,0,0,0.7727272727272727,0.7045454545454546,0.6215909090909091,0.5920454545454545,0.9248275862068965,0.7172413793103448,0.8210344827586207,162,166.0503448275862,19.161716433884678,170.84077393605736,0.10096592013625594,2,0.2827586206896552,0.9634482758620689,0.03655172413793106,0.4103448275862069,0.1573103448275862,0.20340784780023782,0.2231551724137931,0.5027797794087498,0.3321034482758621,0.4447413793103448,0.3998180292659829,0.35793103448275865,0.33655172413793105
401857150,2026-08-16 21:00:00+00:00,8,16,2026,20,Dream,91,5,Fever,95,State Farm Arena,0,2026,2,0.6590909090909091,5.704545454545454,0.8,7.4,0.6363636363636364,5.7272727272727275,0.8,10.1,0,0,0,0.34090909090909094,0.36363636363636365,0.35738636363636367,0.3568181818181818,0.11853893866299105,0.09993108201240523,0.10923501033769814,186,166.0475534114404,19.155402925844594,170.83640414290153,0.26898600408362106,4,0.9000689179875948,0.8607856650585803,0.13921433494141966,0.8656099241902137,0.17784286698828394,0.45221475386399085,0.11638525155065473,0.8695566092848838,0.2609235010337698,0.6226912474155755,0.1356499802645153,0.010337698139214336,0.8931771192281185
401857149,2026-08-16 23:00:00+00:00,8,16,2026,11,Mercury,85,132052,Fire,88,Mortgage Matchup Center,0,2026,2,0.4090909090909091,-2.3863636363636362,0.5,-2.5,0.3888888888888889,-4.916666666666667,0.4,-0.8,0,0,0,0.5909090909090908,0.6111111111111112,0.5596590909090909,0.6229166666666667,0.6177685950413223,0.6769972451790633,0.6473829201101928,173,166.06129476584022,19.15595872021513,170.850284445894,0.0062770789069721555,3,0.3822314049586777,0.9132231404958677,0.08677685950413228,0.6652892561983471,0.16735537190082644,0.2423959258247387,0.1971074380165289,0.6780161676623045,0.31473829201101927,0.48815426997245176,0.3445719962470169,0.23898071625344353,0.6639118457300276
401857151,2026-08-18 02:00:00+00:00,8,18,2026,129689,Valkyries,78,3,Wings,70,Chase Center,0,2026,2,0.6818181818181818,5.340909090909091,0.8,9.5,0.5227272727272727,1.25,0.3,-2.4,0,0,0,0.31818181818181823,0.4772727272727273,0.3664772727272727,0.46875,0.09428768066070199,0.596696490020647,0.3454920853406745,148,166.06607019958707,19.150226341023338,170.8536267848429,0.5093803000166869,8,0.905712319339298,0.6235375086028906,0.3764624913971094,0.15554026152787337,0.22529249827942188,0.4283018142685068,0.1518238128011012,0.5249924685665206,0.28454920853406745,0.5636269786648314,0.3791868234972893,0.31383344803854096,0.37302133516861663
401857153,2026-08-18 23:00:00+00:00,8,18,2026,131935,Tempo,95,5,Fever,101,Scotiabank Arena,0,2026,2,0.2857142857142857,-6.457142857142857,0.0,-16.1,0.6363636363636364,5.431818181818182,0.8,10.2,0,0,0,0.7142857142857143,0.36363636363636365,0.6614285714285715,0.3642045454545455,0.9759450171821306,0.10240549828178694,0.5391752577319587,196,166.0508591065292,19.143205998968014,170.8366606062712,0.5784965525830845,6,0.8975945017182131,0.7422680412371134,0.25773195876288657,0.9353951890034364,0.20154639175257733,0.4381891451447197,0.18087628865979383,0.8431503770913692,0.30391752577319586,0.5152061855670103,0.46075199654180155,0.5010309278350515,0.8742268041237113
401857152,2026-08-18 23:00:00+00:00,8,18,2026,18,Sun,85,6,Sparks,77,TD Garden,0,2026,2,0.2727272727272727,-8.181818181818182,0.3,-10.1,0.4090909090909091,-3.477272727272727,0.2,-3.8,0,0,0,0.7272727272727273,0.5909090909090908,0.7045454545454546,0.5869318181818182,0.9112792297111417,0.7833562585969739,0.8473177441540578,162,166.05364511691886,19.14949726439122,170.84101943301667,0.10109338709099058,8,0.2166437414030261,0.6237964236588721,0.3762035763411279,0.40990371389270974,0.2252407152682256,0.16139930353868945,0.22709766162310868,0.4008958338446774,0.3347317744154058,0.43817056396148557,0.5201550562745683,0.6361760660247593,0.171939477303989
401857154,2026-08-19 01:00:00+00:00,8,19,2026,19,Sky,93,9,Liberty,86,Wintrust Arena,0,2026,2,0.3181818181818182,-3.522727272727273,0.4,-2.5,0.6136363636363636,2.5,0.8,5.7,0,0,0,0.6818181818181819,0.38636363636363635,0.5880681818181819,0.4375,0.7245879120879121,0.18063186813186813,0.4526098901098901,179,166.07142857142858,19.15271546211924,170.85960743695838,0.08636427745584141,7,0.8193681318681318,0.6820054945054945,0.3179945054945055,0.7651098901098901,0.2135989010989011,0.40081610954292957,0.16789148351648353,0.7433898103929386,0.295260989010989,0.5368475274725275,0.3513736992723654,0.24862637362637363,0.7747252747252747
401857155,2026-08-19 01:00:00+00:00,8,19,2026,17,Aces,82,20,Dream,97,Michelob ULTRA Arena,0,2026,2,0.6818181818181818,3.5,0.6,0.4,0.6363636363636364,5.113636363636363,0.7,6.1,0,0,0,0.31818181818181823,0.36363636363636365,0.4125,0.37215909090909094,0.29512697323266984,0.1818805765271105,0.23850377487989016,179,166.0803019903912,19.149132850333675,170.86758520297462,0.08623342002500212,15,0.8181194234728895,0.2882635552505148,0.7117364447494852,0.7645847632120796,0.29234728894989703,0.360237485096679,0.13577556623198353,0.6086467219498948,0.273850377487989,0.5903740562800275,0.34742412651256016,0.24365133836650651,0.5428963623884695
401857156,2026-08-19 23:30:00+00:00,8,19,2026,16,Mystics,93,131935,Tempo,82,CareFirst Arena,0,2026,2,0.4772727272727273,-3.340909090909091,0.8,4.5,0.2777777777777778,-6.444444444444445,0.0,-15.0,0,0,0,0.5227272727272727,0.7222222222222222,0.5835227272727272,0.6611111111111111,0.3395061728395062,0.9698216735253772,0.6546639231824417,175,166.0891632373114,19.145550380388176,170.87555083240844,0.022937032178171002,11,0.6604938271604939,0.4499314128943759,0.5500685871056241,0.6982167352537723,0.26001371742112483,0.3183768141712815,0.19819958847736624,0.6093599717502294,0.3154663923182442,0.4863340192043896,0.49645960002984135,0.5953360768175583,0.5432098765432098
401857157,2026-08-20 02:00:00+00:00,8,20,2026,129689,Valkyries,66,8,Lynx,77,Chase Center,0,2026,2,0.6818181818181818,5.318181818181818,0.8,8.8,0.7727272727272727,7.681818181818182,0.9,8.6,0,0,0,0.31818181818181823,0.2272727272727273,0.36704545454545445,0.3079545454545455,0.10349554489376285,0.03221384509938314,0.067854694996573,143,166.09527073337904,19.1404052933293,170.88037205671137,0.6538477639506464,11,0.9677861549006168,0.45030843043180263,0.5496915695681974,0.0932145305003427,0.2599383139136395,0.4321168953920291,0.11017820424948596,0.4748555113454771,0.2567854694996573,0.6330363262508567,0.25614706709570007,0.09252912954078135,0.2892392049348869
401857158,2026-08-21 00:00:00+00:00,8,21,2026,3,Wings,91,5,Fever,85,American Airlines Center,0,2026,2,0.5227272727272727,1.2727272727272727,0.3,-3.1,0.6363636363636364,5.5227272727272725,0.8,8.8,0,0,0,0.4772727272727273,0.36363636363636365,0.46818181818181814,0.3619318181818182,0.6212328767123287,0.11575342465753424,0.3684931506849315,176,166.07945205479453,19.143389232584774,170.86529936294073,0.03533253777276313,6,0.8842465753424658,0.7431506849315068,0.2568493150684932,0.7116438356164384,0.20136986301369864,0.4329559954963408,0.15527397260273973,0.7600419049810162,0.28684931506849315,0.5578767123287671,0.28473702102510073,0.12808219178082192,0.797945205479452
401857159,2026-08-21 02:00:00+00:00,8,21,2026,17,Aces,101,18,Sun,78,Michelob ULTRA Arena,0,2026,2,0.6590909090909091,2.9545454545454546,0.5,-2.6,0.2727272727272727,-8.227272727272727,0.3,-9.6,0,0,0,0.34090909090909094,0.7272727272727273,0.42613636363636365,0.7056818181818182,0.431895961670089,0.9000684462696783,0.6659822039698836,179,166.08624229979466,19.138592107475386,170.8708903266635,0.08625717362267427,23,0.568104038329911,0.11156741957563313,0.8884325804243669,0.7645448323066393,0.3276865160848734,0.25820335100943015,0.19989733059548254,0.5315728768108452,0.3165982203969884,0.4835044490075291,0.620524111236221,0.8186173853524983,0.38535249828884327
401857160,2026-08-21 02:00:00+00:00,8,21,2026,6,Sparks,88,20,Dream,124,crypto.com Arena,0,2026,2,0.4090909090909091,-3.6363636363636362,0.2,-3.8,0.6363636363636364,5.068181818181818,0.7,5.7,0,0,0,0.5909090909090908,0.36363636363636365,0.5909090909090909,0.37329545454545454,0.7982216142270862,0.1853625170998632,0.49179206566347466,212,166.09507523939808,19.135021959609713,170.87883072930052,0.9006495017678501,36,0.8146374829001368,0.01573187414500684,0.9842681258549931,0.9842681258549931,0.3468536251709986,0.33135339686092363,0.1737688098495212,0.6045033454189634,0.29917920656634744,0.5270519835841314,0.7101773326744779,0.9035567715458276,0.5355677154582763
401857161,2026-08-21 23:30:00+00:00,8,21,2026,16,Mystics,84,8,Lynx,94,CareFirst Arena,0,2026,2,0.5,-2.8636363636363638,0.8,4.8,0.7727272727272727,7.909090909090909,0.9,9.4,0,0,0,0.5,0.2272727272727273,0.571590909090909,0.30227272727272725,0.3137388926862611,0.025290498974709502,0.16951469583048528,178,166.12645249487355,19.166089637413336,170.91797490422687,0.06598998000637835,10,0.9747095010252905,0.5010252904989747,0.4989747095010253,0.747095010252905,0.24979494190020507,0.44063650473352967,0.1254272043745728,0.6955246575179068,0.26695146958304855,0.6076213260423786,0.24447971495919738,0.08270676691729323,0.696514012303486
401857162,2026-08-21 23:30:00+00:00,8,21,2026,19,Sky,73,129689,Valkyries,70,Wintrust Arena,0,2026,2,0.3409090909090909,-3.272727272727273,0.5,-1.6,0.6590909090909091,4.2272727272727275,0.7,6.4,0,0,0,0.6590909090909092,0.34090909090909094,0.5818181818181818,0.3943181818181818,0.6543715846994536,0.17691256830601093,0.4156420765027322,143,166.13456284153006,19.162051154736687,170.92507563021422,0.6541943133470675,3,0.8230874316939891,0.9139344262295082,0.08606557377049184,0.09289617486338798,0.16721311475409836,0.42600689778733314,0.16234631147540984,0.5647616877134601,0.29156420765027324,0.546089480874317,0.35827744036934467,0.26639344262295084,0.4494535519125683
401857163,2026-08-22 02:00:00+00:00,8,22,2026,131935,Tempo,82,132052,Fire,79,Rogers Arena,0,2026,2,0.2702702702702703,-6.5675675675675675,0.0,-14.2,0.40540540540540543,-4.702702702702703,0.4,-2.4,0,0,0,0.7297297297297297,0.5945945945945945,0.6641891891891892,0.6175675675675676,0.9733788395904437,0.6887372013651877,0.8310580204778157,161,166.118771331058,19.165039140719173,170.9100311162378,0.12513922724894466,3,0.3112627986348123,0.9139931740614334,0.08600682593856657,0.3856655290102389,0.1672013651877133,0.2128894803666904,0.22465870307167235,0.4857006887360803,0.33310580204778156,0.4422354948805461,0.4242863441934432,0.41638225255972694,0.3030716723549488
401857164,2026-08-22 23:00:00+00:00,8,22,2026,9,Liberty,109,5,Fever,102,Barclays Center,0,2026,2,0.5909090909090909,2.1363636363636362,0.7,4.9,0.6136363636363636,5.0227272727272725,0.7,4.7,0,0,0,0.40909090909090906,0.38636363636363635,0.44659090909090904,0.37443181818181814,0.24556616643929058,0.2189631650750341,0.23226466575716234,211,166.11527967257845,19.158963500492337,170.90502054770153,0.8880617255647458,7,0.7810368349249659,0.6821282401091405,0.3178717598908595,0.9809004092769441,0.21357435197817187,0.38575626431957477,0.13483969986357436,0.8229614400398513,0.27322646657571625,0.5919338335607094,0.3440822683169962,0.23874488403819918,0.8574351978171897
401857165,2026-08-23 01:00:00+00:00,8,23,2026,6,Sparks,77,18,Sun,68,crypto.com Arena,0,2026,2,0.38636363636363635,-4.5227272727272725,0.2,-7.0,0.2727272727272727,-8.704545454545455,0.2,-13.2,0,0,0,0.6136363636363636,0.7272727272727273,0.6130681818181818,0.7176136363636364,0.8445807770961146,0.9468302658486708,0.8957055214723927,145,166.14587593728697,19.188246433515737,170.9429375456659,0.5990755137264735,9,0.15541922290388543,0.5569188820722563,0.44308111792774374,0.11588275391956374,0.23861622358554874,0.135305215072425,0.2343558282208589,0.18499128501691942,0.3395705521472393,0.4260736196319018,0.6724906317049667,0.8786639400136332,0.0081799591002045
401857166,2026-08-23 02:00:00+00:00,8,23,2026,11,Mercury,89,20,Dream,99,Mortgage Matchup Center,0,2026,2,0.38636363636363635,-2.590909090909091,0.5,-1.5,0.6363636363636364,5.636363636363637,0.7,9.1,0,0,0,0.6136363636363636,0.36363636363636365,0.5647727272727272,0.3590909090909091,0.6171662125340599,0.14577656675749318,0.38147138964577654,188,166.13147138964578,19.189643487901836,170.92888226162125,0.3267877262729634,10,0.8542234332425068,0.5,0.5,0.8841961852861036,0.25,0.39533378746594006,0.15722070844686648,0.7248172642160831,0.28814713896457766,0.5546321525885559,0.4070276653088496,0.38283378746594005,0.7459128065395095
401857167,2026-08-23 20:00:00+00:00,8,23,2026,3,Wings,92,14,Storm,70,College Park Center,0,2026,2,0.5454545454545454,1.5454545454545454,0.3,-2.9,0.22727272727272727,-4.7727272727272725,0.1,-5.2,0,0,0,0.4545454545454546,0.7727272727272727,0.4613636363636363,0.6193181818181819,0.6051735874744725,0.9142273655547992,0.7597004765146358,162,166.14635806671205,19.19158983989791,170.94425552668653,0.10291231447985982,22,0.3948264125255275,0.12457454050374404,0.8754254594962559,0.4084411164057182,0.32508509189925117,0.2007286067727823,0.21395507147719536,0.3470350368534818,0.3259700476514636,0.460074880871341,0.6569001965780931,0.8672566371681416,0.10347174948944861
401857168,2026-08-23 23:00:00+00:00,8,23,2026,19,Sky,90,5,Fever,113,Wintrust Arena,0,2026,2,0.36363636363636365,-2.977272727272727,0.6,-1.2,0.6136363636363636,5.363636363636363,0.6,3.0,0,0,0,0.6363636363636364,0.38636363636363635,0.5744318181818182,0.36590909090909096,0.5761904761904761,0.2870748299319728,0.43163265306122445,203,166.14353741496598,19.185361335884615,170.93987774893714,0.7524743333263726,23,0.7129251700680272,0.11224489795918367,0.8877551020408163,0.9619047619047619,0.3275510204081633,0.3069477995279744,0.16474489795918368,0.6195500169524981,0.29316326530612247,0.5420918367346939,0.6182080294598417,0.8142857142857143,0.5585034013605442
401857169,2026-08-23 23:00:00+00:00,8,23,2026,132052,Fire,100,16,Mystics,105,Moda Center,0,2026,2,0.39473684210526316,-4.657894736842105,0.4,-1.9,0.5,-3.0454545454545454,0.7,3.7,0,0,0,0.6052631578947368,0.5,0.6164473684210526,0.5761363636363637,0.7022433718558804,0.3840924541128484,0.5431679129843644,205,166.16859279401768,19.202894286299795,170.96931636559265,0.7920137164740884,5,0.6159075458871516,0.8116927260367097,0.18830727396329028,0.9673691366417403,0.18766145479265806,0.33139657442483067,0.18147518694765466,0.8498227140237319,0.3043167912984365,0.5142080217539089,0.48033720066879537,0.5581237253569,0.8803535010197144
401857170,2026-08-23 23:00:00+00:00,8,23,2026,131935,Tempo,78,17,Aces,88,Rogers Arena,0,2026,2,0.2894736842105263,-6.315789473684211,0.1,-11.3,0.6590909090909091,3.409090909090909,0.5,-0.8,0,0,0,0.7105263157894737,0.34090909090909094,0.6578947368421053,0.4147727272727273,0.9483695652173914,0.37907608695652173,0.6637228260869565,166,166.19497282608697,19.223028953509374,171.0007300644643,0.0332710321008185,10,0.6209239130434783,0.5006793478260869,0.4993206521739131,0.5115489130434783,0.24986413043478262,0.30790223667887523,0.1995584239130435,0.5355310388676209,0.31637228260869565,0.4840692934782609,0.48589856869923076,0.5733695652173914,0.3960597826086957
401857171,2026-08-25 00:00:00+00:00,8,25,2026,8,Lynx,66,129689,Valkyries,80,Target Center,0,2026,2,0.7727272727272727,7.840909090909091,0.9,9.4,0.6363636363636364,3.8863636363636362,0.6,5.6,0,0,0,0.2272727272727273,0.36363636363636365,0.3039772727272727,0.4028409090909091,0.035302104548540394,0.2606924643584521,0.14799728445349625,146,166.1948404616429,19.216498954199004,170.99896520019266,0.5709515435015355,14,0.9646978954514596,0.32043448744059744,0.6795655125594026,0.12695179904955872,0.2859131025118805,0.41584775333693746,0.12219959266802444,0.4469337258660473,0.2647997284453496,0.613000678886626,0.3404412450789924,0.22742701968771215,0.2348947725729803
401857172,2026-08-25 02:00:00+00:00,8,25,2026,6,Sparks,71,20,Dream,78,crypto.com Arena,0,2026,2,0.38636363636363635,-4.454545454545454,0.3,-5.7,0.6363636363636364,5.431818181818182,0.7,10.0,0,0,0,0.6136363636363636,0.36363636363636365,0.6113636363636363,0.3642045454545455,0.7930800542740841,0.13975576662143827,0.4664179104477612,149,166.18113975576662,19.217175145172206,170.98543354205967,0.48026002935082435,7,0.8602442333785617,0.6831750339213026,0.31682496607869737,0.17164179104477612,0.21336499321573948,0.417012614858359,0.16996268656716418,0.5318812616805824,0.2966417910447761,0.5333955223880598,0.4243950352190073,0.41655359565807326,0.3860244233378562
401857173,2026-08-25 23:00:00+00:00,8,25,2026,18,Sun,87,19,Sky,81,Mohegan Sun Arena,0,2026,2,0.25,-9.045454545454545,0.2,-13.2,0.3409090909090909,-4.045454545454546,0.5,-4.1,0,0,0,0.75,0.6590909090909092,0.7261363636363636,0.6011363636363637,0.9579661016949153,0.6833898305084746,0.820677966101695,168,166.16949152542372,19.21586344181672,170.9734573858779,0.011900809405048896,6,0.31661016949152543,0.7437288135593221,0.2562711864406779,0.5559322033898305,0.20125423728813557,0.20632009192760703,0.22310169491525425,0.5465138438652443,0.3320677966101695,0.4448305084745763,0.4528170959200577,0.4908474576271186,0.4135593220338983
401857174,2026-08-26 00:00:00+00:00,8,26,2026,3,Wings,96,132052,Fire,78,College Park Center,0,2026,2,0.5681818181818182,2.5454545454545454,0.4,-0.6,0.38461538461538464,-4.666666666666667,0.4,-2.0,0,0,0,0.43181818181818177,0.6153846153846154,0.4363636363636363,0.6166666666666667,0.502710027100271,0.6964769647696477,0.5995934959349594,174,166.17073170731706,19.20940757536382,170.973083601158,0.012338144264773643,18,0.497289972899729,0.2018970189701897,0.7981029810298104,0.6836043360433605,0.30962059620596205,0.2406973178810379,0.1899390243902439,0.5099719126219122,0.3099593495934959,0.5001016260162602,0.5495806582589146,0.7018970189701897,0.34688346883468835
401857175,2026-08-26 02:00:00+00:00,8,26,2026,11,Mercury,84,16,Mystics,94,Mortgage Matchup Center,0,2026,2,0.36363636363636365,-3.0,0.4,-3.4,0.5227272727272727,-2.340909090909091,0.7,3.4,0,0,0,0.6363636363636364,0.4772727272727273,0.575,0.5585227272727272,0.7109004739336493,0.36831415030467163,0.5396073121191605,178,166.1760324983074,19.20397979075747,170.97702744599675,0.06468294794507479,10,0.6316858496953284,0.5010155721056195,0.49898442789438047,0.7461069735951252,0.24979688557887608,0.311966657330707,0.18094109681787407,0.6410645879373419,0.303960731211916,0.5150981719702099,0.4413262151670688,0.4617467840216655,0.6025727826675694
401857176,2026-08-26 23:00:00+00:00,8,26,2026,18,Sun,64,129689,Valkyries,89,Mohegan Sun Arena,0,2026,2,0.2727272727272727,-8.363636363636363,0.3,-9.1,0.6363636363636364,4.0227272727272725,0.7,7.8,0,0,0,0.7272727272727273,0.36363636363636365,0.7090909090909091,0.39943181818181817,0.9059539918809202,0.17320703653585928,0.5395805142083897,153,166.18403247631935,19.199941166661887,170.98401776798482,0.3551101664275135,25,0.8267929634641407,0.08457374830852503,0.915426251691475,0.2422192151556157,0.333085250338295,0.34239168609154375,0.18093707713125845,0.38295561125369226,0.303958051420839,0.5151048714479026,0.6204443266637181,0.8179972936400541,0.15020297699594046
401857177,2026-08-27 02:00:00+00:00,8,27,2026,14,Storm,90,131935,Tempo,78,Climate Pledge Arena,0,2026,2,0.22727272727272727,-5.090909090909091,0.1,-7.1,0.28205128205128205,-6.410256410256411,0.1,-11.6,0,0,0,0.7727272727272727,0.717948717948718,0.6272727272727272,0.6602564102564102,0.9296822177146721,0.9452332657200812,0.9374577417173766,168,166.17511832319136,19.196506158245423,170.9742448627527,0.011930957882362314,12,0.07031778228532792,0.3928329952670723,0.6071670047329276,0.555104800540906,0.2714334009465855,0.09847225365164135,0.2406186612576065,0.4075381410716053,0.3437457741717377,0.41563556457065587,0.6012226809464641,0.7944557133198107,0.18255578093306288
401857178,2026-08-28 00:00:00+00:00,8,28,2026,9,Liberty,60,129689,Valkyries,79,Barclays Center,0,2026,2,0.5909090909090909,2.1818181818181817,0.7,5.2,0.6363636363636364,4.5,0.8,10.5,0,0,0,0.40909090909090906,0.36363636363636365,0.44545454545454555,0.38749999999999996,0.2391891891891892,0.10810810810810811,0.17364864864864865,139,166.17635135135134,19.190073997387763,170.9738698506983,0.750440120532493,19,0.8918918918918919,0.1804054054054054,0.8195945945945946,0.05878378378378379,0.31391891891891893,0.37456318480642803,0.1260472972972973,0.36586716235958383,0.2673648648648649,0.6065878378378379,0.4190549053315824,0.4027027027027027,0.12567567567567567
401857179,2026-08-28 02:00:00+00:00,8,28,2026,11,Mercury,73,16,Mystics,80,Mortgage Matchup Center,0,2026,2,0.3409090909090909,-3.340909090909091,0.3,-4.8,0.5454545454545454,-1.2727272727272727,0.7,3.8,0,0,0,0.6590909090909092,0.4545454545454546,0.5835227272727272,0.5318181818181819,0.7893315327481432,0.33963538149898714,0.5644834571235652,153,166.1580013504389,19.196583094113063,170.95714712396716,0.3543636771083759,7,0.6603646185010128,0.6839972991222147,0.31600270087778526,0.24240378122889938,0.21320054017555706,0.3384672085443299,0.18467251856853478,0.48097818282016314,0.3064483457123565,0.5088791357191087,0.4495335914542191,0.48210668467251855,0.30047265361242403
401857180,2026-08-28 23:30:00+00:00,8,28,2026,20,Dream,83,132052,Fire,101,Gateway Center,0,2026,2,0.6363636363636364,5.0227272727272725,0.7,9.8,0.375,-5.0,0.4,-2.3,0,0,0,0.36363636363636365,0.625,0.37443181818181814,0.625,0.14912280701754385,0.7078272604588394,0.4284750337381916,184,166.14912280701753,19.193144663288887,170.94740897283975,0.20645448660135013,18,0.8508771929824561,0.20310391363022942,0.7968960863697706,0.8427800269905533,0.3093792172739541,0.3628788147832469,0.16427125506072876,0.6131602120059172,0.29284750337381915,0.542881241565452,0.4998946252642653,0.6052631578947368,0.5512820512820513
401857181,2026-08-28 23:30:00+00:00,8,28,2026,5,Fever,111,18,Sun,91,Gainbridge Fieldhouse,0,2026,2,0.6363636363636364,6.159090909090909,0.6,3.9,0.2727272727272727,-8.545454545454545,0.3,-10.8,0,0,0,0.36363636363636365,0.7272727272727273,0.3460227272727272,0.7136363636363636,0.2299393122049899,0.9082939986513824,0.5691166554281861,202,166.16115981119353,19.192266823031275,170.95922651695133,0.7296192306810031,20,0.7700606877950101,0.1564396493594066,0.8435603506405934,0.9561699258260283,0.3187120701281187,0.3304453189189779,0.18536749831422794,0.6325875390470205,0.3069116655428186,0.5077208361429535,0.6830985878711575,0.8853674983142279,0.585974376264329
401857182,2026-08-29 02:00:00+00:00,8,29,2026,17,Aces,93,131935,Tempo,73,Michelob ULTRA Arena,0,2026,2,0.6590909090909091,3.340909090909091,0.6,0.3,0.275,-6.55,0.1,-9.6,0,0,0,0.34090909090909094,0.725,0.41647727272727275,0.6637500000000001,0.3113207547169811,0.933288409703504,0.6223045822102425,166,166.18530997304583,19.20833784031302,170.98739443312408,0.03314658150721328,20,0.6886792452830188,0.15700808625336926,0.8429919137466307,0.5107816711590296,0.31859838274932617,0.3027737374764786,0.1933456873315364,0.46034620004762183,0.31223045822102424,0.4944238544474393,0.577298730266623,0.75,0.261455525606469
401857183,2026-08-29 02:00:00+00:00,8,29,2026,6,Sparks,88,16,Mystics,82,crypto.com Arena,0,2026,2,0.38636363636363635,-4.363636363636363,0.2,-6.9,0.5681818181818182,-1.0454545454545454,0.7,4.1,0,0,0,0.6136363636363636,0.43181818181818177,0.6090909090909091,0.5261363636363636,0.8424242424242424,0.3191919191919192,0.5808080808080808,170,166.1851851851852,19.20186553988024,170.98565157015526,0.0013165699718197255,6,0.6808080808080808,0.7454545454545455,0.2545454545454545,0.5946127946127946,0.2009090909090909,0.35192286501377407,0.18712121212121213,0.6650148723228613,0.30808080808080807,0.5047979797979798,0.3718576733408905,0.296969696969697,0.6464646464646465
401857184,2026-08-29 17:00:00+00:00,8,29,2026,9,Liberty,85,19,Sky,66,Barclays Center,0,2026,2,0.5681818181818182,1.5909090909090908,0.7,3.8,0.3409090909090909,-3.727272727272727,0.4,-4.8,0,0,0,0.43181818181818177,0.6590909090909092,0.4602272727272727,0.5931818181818181,0.28061911170928666,0.7388963660834454,0.5097577388963661,151,166.1877523553163,19.195654269221443,170.98666592262165,0.41844916715242275,19,0.7193808882907133,0.1816958277254374,0.8183041722745625,0.20524899057873486,0.31366083445491255,0.3155035558437747,0.17646366083445492,0.3590809240033789,0.3009757738896366,0.5225605652759084,0.5865100956277542,0.7698519515477793,0.11709286675639301
401857185,2026-08-30 02:00:00+00:00,8,30,2026,11,Mercury,101,131935,Tempo,69,Mortgage Matchup Center,0,2026,2,0.3409090909090909,-3.4318181818181817,0.2,-5.7,0.2682926829268293,-6.878048780487805,0.1,-9.9,0,0,0,0.6590909090909092,0.7317073170731707,0.5857954545454545,0.6719512195121952,0.8372562205783457,0.9381304640215198,0.8876933422999327,170,166.17753866846,19.193235857616294,170.97584763286406,0.001291686119768598,32,0.1627437794216543,0.03160726294552791,0.968392737054472,0.5944855413584398,0.34367854741089443,0.11903826211384112,0.2331540013449899,0.3791011077154813,0.3387693342299933,0.42807666442501685,0.7083637295964602,0.9031607262945528,0.14593140551445863
401857186,2026-08-30 19:00:00+00:00,8,30,2026,20,Dream,89,8,Lynx,81,Gateway Center,0,2026,2,0.6136363636363636,4.25,0.7,10.2,0.7727272727272727,7.659090909090909,0.8,7.3,0,0,0,0.38636363636363635,0.2272727272727273,0.39375000000000004,0.3085227272727272,0.1646505376344086,0.05913978494623656,0.11189516129032258,170,166.18010752688173,19.187036982101194,170.97686677240702,0.0012952197226069329,8,0.9408602150537635,0.625,0.375,0.5940860215053764,0.225,0.44208333333333333,0.11678427419354839,0.6857767697132616,0.26118951612903224,0.6220262096774194,0.16769905290227577,0.02486559139784946,0.6794354838709677
401857187,2026-08-30 21:00:00+00:00,8,30,2026,14,Storm,74,6,Sparks,90,Climate Pledge Arena,0,2026,2,0.22727272727272727,-4.840909090909091,0.2,-4.9,0.4090909090909091,-3.7954545454545454,0.3,-5.6,0,0,0,0.7727272727272727,0.5909090909090908,0.6210227272727272,0.5948863636363637,0.8865010073875084,0.7615849563465413,0.8240429818670248,164,166.18267293485562,19.180844095508654,170.97788395873278,0.06403124851435837,16,0.23841504365345867,0.2625923438549362,0.7374076561450638,0.4613834788448623,0.2974815312290128,0.15399733257679665,0.22360644728005374,0.36444118280002413,0.3324042981867025,0.4439892545332438,0.6253015036360947,0.8247145735392881,0.12491605104096709
401857188,2026-08-30 23:00:00+00:00,8,30,2026,132052,Fire,69,129689,Valkyries,86,Moda Center,0,2026,2,0.3902439024390244,-4.439024390243903,0.5,0.9,0.6590909090909091,5.068181818181818,0.8,10.7,0,0,0,0.6097560975609756,0.34090909090909094,0.6109756097560975,0.37329545454545454,0.6060402684563758,0.09261744966442953,0.3493288590604027,155,166.18120805369128,19.174485541627977,170.97482943909827,0.2932316910993388,17,0.9073825503355705,0.2342281879194631,0.7657718120805369,0.274496644295302,0.3031543624161074,0.38583734966893385,0.1523993288590604,0.4508216931397673,0.28493288590604027,0.5626677852348994,0.459437980731503,0.4986577181208054,0.24228187919463087
401857189,2026-08-31 00:30:00+00:00,8,31,2026,3,Wings,97,18,Sun,71,College Park Center,0,2026,2,0.5909090909090909,3.522727272727273,0.5,1.8,0.2727272727272727,-8.454545454545455,0.3,-12.2,0,0,0,0.40909090909090906,0.7272727272727273,0.4119318181818181,0.7113636363636364,0.3936955063715627,0.9168343393695506,0.6552649228705567,168,166.1737089201878,19.170237162825455,170.96626821089416,0.011899780728967468,26,0.6063044936284373,0.07780013413816231,0.9221998658618377,0.5546613011401744,0.3344399731723675,0.2683220202052917,0.1982897384305835,0.44398049736305156,0.31552649228705565,0.48618376928236084,0.6119172633508299,0.8081824279007378,0.23340040241448692
